"date","EKE_mean","EKE_median","EKE_MAD"
2010-01-01,203.777062260272,83.6537052674941,115.656953388889
2010-01-02,177.047363422211,66.3626423309472,93.3449605188906
2010-01-03,175.20699981819,68.1695224282533,88.9137767129952
2010-01-04,207.507447897405,91.2071966522807,106.242234458452
2010-01-05,166.530051095189,90.1621870911208,101.841421803427
2010-01-06,156.65084793084,80.0893185847467,108.528940913547
2010-01-07,172.046464934455,87.9566781828199,116.029785927362
2010-01-08,156.647071873506,72.6755358067811,91.5954125337618
2010-01-09,144.620688983553,76.0704117536213,93.8890231696431
2010-01-10,144.179999124187,70.3359109566187,86.5138365992013
2010-01-11,158.900533319767,75.5553634825809,92.9914688797317
2010-01-12,148.389679987761,90.7284583765742,88.7342571574591
2010-01-13,136.678158131064,95.6480135396994,80.0306878444354
2010-01-14,148.259139161428,79.0461759662282,87.9444177427766
2010-01-15,176.157055668407,35.7398236580013,46.2050610746006
2010-01-16,180.586249428897,38.7332791454079,53.0817642651271
2010-01-17,193.825939795116,48.9439869057272,66.1295328171105
2010-01-18,207.634032531121,54.3413321958197,72.9509989710753
2010-01-19,212.992537745073,71.2076857080625,99.1722142396144
2010-01-20,203.226855319269,83.0417842142829,111.720105030265
2010-01-21,214.313969476484,129.988894362134,137.116942618792
2010-01-22,216.097987870215,88.0237375009809,105.123733792145
2010-01-23,215.807054534747,70.7531650480782,95.0033846682823
2010-01-24,259.638183239236,97.0618531138935,117.84287364091
2010-01-25,246.412560368177,77.2914537644151,103.879573216017
2010-01-26,281.476353870109,72.289009300562,95.762851448791
2010-01-27,256.89182663118,67.0006412575317,91.3551427205829
2010-01-28,212.285668066893,70.2949281589163,83.7672967223561
2010-01-29,194.963853465712,138.877056854021,143.355693416356
2010-01-30,199.165355455684,87.026232314822,93.2262173810816
2010-01-31,215.908098764266,73.7373085944477,93.8531195821658
2010-02-01,203.267536054006,69.4818360294858,89.1733789807704
2010-02-02,184.476261837394,108.186239161365,101.087463692953
2010-02-03,208.230366359122,91.3841564339586,97.0097801732036
2010-02-04,215.868833544118,173.394908497462,111.98800355101
2010-02-05,268.848334702434,236.201536430626,149.881639488836
2010-02-06,214.604251369953,110.661845679544,100.144347443034
2010-02-07,188.860439959141,62.3213894084601,71.1310250618
2010-02-08,191.457622865673,115.440759571729,97.4640954182902
2010-02-09,169.261108808877,95.5679131929502,92.8823790914471
2010-02-10,177.268604626054,123.698363383173,107.523669068346
2010-02-11,136.965757623846,37.9918963188621,50.9386575628838
2010-02-12,122.363444542413,25.2804290433241,33.4016957219494
2010-02-13,104.732558258664,35.322564461847,44.3740365689098
2010-02-14,94.2691833438962,49.695613462014,52.185581955375
2010-02-15,96.4881913664725,44.3038561983161,50.5533990598347
2010-02-16,127.345939462557,16.6055636595984,21.660219001709
2010-02-17,167.303510764136,31.4768988412019,39.7633345896476
2010-02-18,138.920806081644,22.9035500509874,27.5164576837674
2010-02-19,120.024723906782,22.8355605926319,29.4179080461819
2010-02-20,117.55934688748,30.0751727930168,38.4791318483251
2010-02-21,94.0146849659936,34.1453023656983,46.6579863881807
2010-02-22,105.954429398379,49.8166925136145,54.1477880535425
2010-02-23,103.544727177798,37.0772832870578,50.0687161024459
2010-02-24,179.777027209517,84.6903330505496,116.274198700746
2010-02-25,130.090938395411,52.9377414901687,68.0779301491675
2010-02-26,191.79503417492,88.0032399116926,122.003389075347
2010-02-27,196.611611569737,94.9532050616503,121.09065623041
2010-02-28,139.045249189257,83.9266017906217,104.234448297228
2010-03-01,137.815974921192,123.815714177161,122.279564785238
2010-03-02,151.62817688201,71.8922437259044,99.7963556920776
2010-03-03,196.017328447363,76.3740459917955,103.937570883209
2010-03-04,216.762810116189,108.081922699606,132.07126995145
2010-03-05,140.846326514565,51.6598890183878,67.996459359552
2010-03-06,208.304470420917,80.5959889431531,117.541834472552
2010-03-07,136.236508096661,38.6764632386551,56.2342721702062
2010-03-08,185.698051780945,96.5477219427692,121.527002033814
2010-03-09,248.058698977497,196.187635539251,251.252208052651
2010-03-10,180.08411016037,92.4896968577173,128.225561711193
2010-03-11,160.971508500527,80.6397614679282,118.874363967877
2010-03-12,100.381062546465,80.1330910640457,87.1379867323629
2010-03-13,103.859295572203,90.1705719957087,97.1602899220669
2010-03-14,119.077419440342,82.3758551036265,115.335201998431
2010-03-15,150.255850171488,96.666012017653,139.929759644353
2010-03-16,224.868051814099,150.625469226797,167.72929807844
2010-03-17,106.623706803767,89.645261690788,99.2619601114094
2010-03-18,150.548898448076,86.6126948390872,117.308460968536
2010-03-19,195.198735978008,129.587469468778,178.407507072994
2010-03-20,205.856517696399,173.172299937132,231.451981999357
2010-03-21,134.060716127205,94.1130986315781,127.24378367039
2010-03-22,182.015327736993,172.328487248522,214.482592896204
2010-03-23,111.86253304353,66.1959274727583,91.5760779047768
2010-03-24,206.102836627717,137.745430723627,193.718530650967
2010-03-25,191.506510008951,113.824804638047,159.60705628042
2010-03-26,233.185158031818,130.845771806499,174.7316623924
2010-03-27,227.491427543709,131.962492967088,174.197264266517
2010-03-28,206.674460565881,85.8163706770493,114.031681618694
2010-03-29,242.594281583187,114.636044354458,144.972681086559
2010-03-30,285.015729737555,161.149128612093,184.214041256232
2010-03-31,230.456326774397,120.164712812439,153.688689477912
2010-04-01,211.763258028378,99.4964743900282,124.331535043662
2010-04-02,192.709249771268,91.0460564732445,101.200686075172
2010-04-03,196.591351342772,111.039988418078,133.744883005283
2010-04-04,287.554024669854,214.042174588412,209.01297347144
2010-04-05,232.012948748701,157.957292616848,164.318571465628
2010-04-06,203.615289597866,135.244665432941,160.743500262036
2010-04-07,221.229888596842,150.098325290495,180.502280919462
2010-04-08,236.715864051933,156.455917042853,186.170738330395
2010-04-09,227.655615524593,123.431055250249,148.625056706959
2010-04-10,201.104796124002,96.0922823865618,132.283933171773
2010-04-11,280.025244043439,162.260265486698,171.367875754105
2010-04-12,315.19320580613,138.471899246394,149.206391469925
2010-04-13,270.027739255921,113.835981554883,146.124309724972
2010-04-14,287.957188591348,121.545008595847,149.684173786229
2010-04-15,342.243561301616,176.681745625458,201.142050667134
2010-04-16,178.491029552751,69.0217365861288,90.4520611856276
2010-04-17,229.884340661057,113.854616362595,135.131254430956
2010-04-18,221.046665408764,117.967587785513,150.656312602605
2010-04-19,138.127643840493,58.4543037096897,77.9303914051032
2010-04-20,97.5284581836706,39.2995574682911,40.2411175127583
2010-04-21,117.528072852386,49.9871352656063,58.1992383259098
2010-04-22,182.771599724878,106.682984945996,144.504552844575
2010-04-23,243.377881221476,147.353533294088,184.785715944239
2010-04-24,161.008707348096,79.6068616923662,110.234303385594
2010-04-25,124.943491139532,48.0014308883226,60.9250596260461
2010-04-26,110.35332154924,85.387931846861,83.7742032460884
2010-04-27,98.4124690886425,46.256958839753,59.0457072875862
2010-04-28,184.542321685814,96.7908195997224,126.569916649451
2010-04-29,196.116005085723,86.2820603410241,121.489722218535
2010-04-30,117.613570596418,61.7253082288724,67.3377903620005
2010-05-01,130.715291683054,39.4774466284387,51.7851268616747
2010-05-02,122.684853803942,37.6323854207232,48.7209936910174
2010-05-03,146.159152004046,40.5196602891419,56.2536000737569
2010-05-04,97.8804425328006,49.7915437344849,55.5065550944598
2010-05-05,137.500019438535,62.0950638003819,77.9414352592288
2010-05-06,177.753151942582,81.4435465904811,104.097754596148
2010-05-07,131.65599878645,41.8077593556596,59.6601913788625
2010-05-08,183.134060989365,63.6672351131147,81.1063777758705
2010-05-09,348.106714526813,185.327740873444,216.084380688888
2010-05-10,346.555785383714,182.660258359811,226.230934776227
2010-05-11,203.138614204788,53.7489734642695,75.5332109105968
2010-05-12,121.450909018684,50.1026261316457,60.2677736322981
2010-05-13,126.827425653057,41.0989823691809,51.2410729758991
2010-05-14,181.369846361699,55.1693304433277,70.4060711113318
2010-05-15,218.941243248978,92.4990156315417,117.946423980605
2010-05-16,285.714753920323,148.63138481087,173.476447359895
2010-05-17,255.838226052684,120.249476582106,151.355020748176
2010-05-18,167.345080413766,71.0856670003887,96.7170277343316
2010-05-19,198.246714146395,77.1415050545742,106.17457273835
2010-05-20,165.725312686805,60.3878473833296,82.7468419902085
2010-05-21,262.10391570688,122.095454014322,150.498883300535
2010-05-22,313.621353788735,163.335998074117,209.824896245597
2010-05-23,328.436834773185,162.508953625756,209.990635521198
2010-05-24,246.035609130561,93.8690771328735,126.75633425029
2010-05-25,261.181015967542,82.8052189579456,115.629336126359
2010-05-26,265.102872332052,116.24453110829,148.752095305519
2010-05-27,318.692392010102,188.390111593693,222.50813405761
2010-05-28,358.60539094448,242.208938332475,225.086195670975
2010-05-29,203.843674943155,99.6287250604961,137.923370797443
2010-05-30,174.052739073686,121.219027800181,138.356954588047
2010-05-31,121.22252504426,63.9270891751561,86.5000279679367
2010-06-01,111.922912262963,70.4923795838798,91.2253369682268
2010-06-02,146.345624792771,71.2449390771426,84.1815614586645
2010-06-03,115.795390951295,53.0420563488947,68.2312064955882
2010-06-04,109.419020772371,63.823706059658,88.8985872186041
2010-06-05,64.4321071771021,24.4747870851985,34.1225068133467
2010-06-06,48.2645855880857,32.0906793676012,36.93532911475
2010-06-07,120.92922572289,50.2283625351019,70.7637145262401
2010-06-08,191.810202645605,98.6582253753494,136.090961973203
2010-06-09,270.072096301673,149.343898718162,180.313107053625
2010-06-10,241.317580717199,119.598431454024,162.047050021301
2010-06-11,254.766960017774,126.857602440302,176.316889266774
2010-06-12,252.821655824477,133.98079823891,176.754631777685
2010-06-13,290.704041121011,179.381813480796,225.370671139826
2010-06-14,328.655225644902,251.251708295819,292.905929699081
2010-06-15,238.211358014019,160.381678837813,209.025402436335
2010-06-16,252.883832728168,149.574880950478,213.246697322531
2010-06-17,207.735867131253,91.9150454654071,135.419872994858
2010-06-18,106.866586361594,71.0297867705485,71.6460860303388
2010-06-19,98.0775304447178,67.4029971664972,65.1739759718464
2010-06-20,210.574278457433,119.296667864795,163.097891816123
2010-06-21,219.365477301625,130.630618135621,182.347115084617
2010-06-22,231.464543676016,168.403644088297,203.729783918484
2010-06-23,146.701509169966,99.020529365794,129.080316020186
2010-06-24,124.540008345278,91.1960148694996,85.0197432188952
2010-06-25,127.320561603827,89.4142893267905,126.230211796537
2010-06-26,120.650153984729,92.4831821586822,125.915385049715
2010-06-27,134.277104295522,109.769581660942,142.238564342527
2010-06-28,126.778863488992,96.518841620378,135.372905393808
2010-06-29,61.4472247853787,46.4087767546723,43.8603600369111
2010-06-30,56.1538812251335,33.6619164472883,37.9695955964713
2010-07-01,84.6632711060184,42.245509399267,54.1850716276486
2010-07-02,71.0225622085117,41.3215794126832,34.3282552169211
2010-07-03,79.7323470100098,33.0406835098852,47.131618192915
2010-07-04,111.119748063784,67.0099532440449,83.3599425382982
2010-07-05,72.0878001686495,36.2623251017706,39.3849763231455
2010-07-06,100.587057878108,56.9231159450153,81.7015286034755
2010-07-07,150.647126876419,112.86362671678,149.312730033073
2010-07-08,192.80155531688,150.665518826035,176.627585206367
2010-07-09,141.792307560821,84.79371484724,111.637262058221
2010-07-10,147.705472344768,89.9852183051706,110.408288009876
2010-07-11,140.61248733014,67.9031479144474,91.6451239771403
2010-07-12,116.38279795054,45.4084706770525,49.9913855255526
2010-07-13,86.9992975059729,26.5825013477881,36.4851675332542
2010-07-14,175.81290692624,100.740795702017,107.86198589445
2010-07-15,190.199766099243,115.973497548643,122.587495728568
2010-07-16,165.726726555022,99.5784253193833,132.908065336732
2010-07-17,248.347764996898,177.250806137747,197.010483414839
2010-07-18,252.975773775646,171.85253844977,208.42195361962
2010-07-19,271.941076147598,189.158492610964,237.244695297219
2010-07-20,256.32275930008,166.647997078366,226.26961746821
2010-07-21,252.047488548896,176.885723141225,228.063360287635
2010-07-22,144.265707482762,80.4125048897162,114.14076517036
2010-07-23,217.78202010759,174.66531593674,235.437173428325
2010-07-24,277.819666891634,255.247319875,291.469818175297
2010-07-25,285.481586736993,260.262806367916,296.365021732929
2010-07-26,203.784745105159,152.683831999334,215.736403248442
2010-07-27,234.122377081372,172.777401930412,237.884052623282
2010-07-28,190.476588527034,99.2803870318182,135.31629806266
2010-07-29,297.860159467929,218.954262640377,207.884805330512
2010-07-30,135.874133139188,71.7143503023703,81.5344409120185
2010-07-31,162.738342538937,79.9002412183158,91.4863173179339
2010-08-01,122.05001133145,49.805512777259,63.3056675886465
2010-08-02,189.99519122135,81.4910405855569,103.776004065332
2010-08-03,274.785675035066,179.213232180204,192.938333764433
2010-08-04,235.938198019037,157.631312514693,187.192564014502
2010-08-05,145.780060366203,73.6022585787069,104.009376844552
2010-08-06,137.237728072832,60.0655868528469,77.6625039585693
2010-08-07,122.163226582174,45.3153342472434,63.2366268764034
2010-08-08,143.33361410634,63.994148493317,82.5659489206417
2010-08-09,138.908818090121,78.818917102841,98.9181336207826
2010-08-10,97.7315406547571,47.7788360617812,62.127797409834
2010-08-11,57.9115331564521,37.4237564308893,38.5039874183128
2010-08-12,66.8440015891872,41.6410439744953,47.9090461726568
2010-08-13,85.986236070511,49.6099229628613,59.6767676695953
2010-08-14,75.4189039111183,45.0834190324752,46.4066645121384
2010-08-15,142.107778082983,95.7206545517049,94.3557564908259
2010-08-16,123.91276970526,81.5059449414345,75.3896032524101
2010-08-17,57.3334831529433,35.554476606977,41.3596103917198
2010-08-18,69.3267087642352,25.9165650177973,36.0281017709718
2010-08-19,92.2029763243179,45.4094034093861,62.2810693569105
2010-08-20,138.871045246264,79.846228419985,81.6794380803185
2010-08-21,136.734236944619,81.6195699676288,88.4511818346836
2010-08-22,116.937172720889,58.0063102091979,67.4220230127148
2010-08-23,132.309267352664,52.4496987656165,71.186253181683
2010-08-24,166.526865484875,71.0344498637647,91.2515868184982
2010-08-25,179.103360871241,91.8833738129095,107.638280707842
2010-08-26,138.772242775985,59.9482342398135,71.8973973546973
2010-08-27,77.3599336548033,15.5745266428742,22.4694047938167
2010-08-28,92.4622225334815,28.6958010673716,36.9601841790661
2010-08-29,145.276792917087,29.5899227173782,43.1754452681737
2010-08-30,193.682191224814,102.759093913671,121.068559369501
2010-08-31,94.1956177327736,42.9794350966611,51.2769719786193
2010-09-01,111.37178127937,39.0480837177491,54.694609919045
2010-09-02,187.981204903936,100.973637032343,131.108811403192
2010-09-03,180.724765368918,117.86048782691,148.075492280163
2010-09-04,89.0377431802193,41.0039772231618,56.2328865874767
2010-09-05,63.1300734242946,37.8829267345265,40.1002655633308
2010-09-06,24.9080339044206,13.9697599041066,13.4399408098708
2010-09-07,72.0676463363657,56.8756170385182,33.0205798757027
2010-09-08,46.7285449437169,28.2375612222618,25.079236102833
2010-09-09,95.1946795808937,52.4599473044575,58.6079759520201
2010-09-10,124.081244589546,69.2238397239087,83.424839548684
2010-09-11,93.1754632436313,41.8468785532159,56.9357503013352
2010-09-12,137.175137065661,69.8171326202904,76.3548265778082
2010-09-13,131.200876412181,68.4917776948749,81.5689726878938
2010-09-14,153.369128215948,84.1790032597546,85.2600128803723
2010-09-15,83.3644171370675,19.6055367678808,26.9378778710531
2010-09-16,163.047709505665,74.9937352240048,90.7558481236977
2010-09-17,82.8096163004535,31.7702848020229,45.074136314704
2010-09-18,178.887083192807,155.697769295814,136.797969506908
2010-09-19,173.87184992509,165.568531731199,163.115844806618
2010-09-20,149.887708063113,119.938390330844,144.041985474806
2010-09-21,67.8113825950427,33.0099507176288,41.4065617101394
2010-09-22,89.1077792161752,36.7168394519429,50.7025322774927
2010-09-23,136.728501518955,66.3896584392648,87.0427115422697
2010-09-24,79.3054726350821,34.0419162942522,44.2097116824721
2010-09-25,44.7289084471508,28.1295198340165,34.7328481803978
2010-09-26,67.5399449546558,38.2349879047526,45.2135993776799
2010-09-27,53.4113112764174,29.0031537289463,32.7968775377126
2010-09-28,78.1528102257638,64.8109661404231,53.5733435991016
2010-09-29,91.0661693468854,71.3119988045887,61.5519752779986
2010-09-30,146.849710607242,129.926500501947,116.130591716789
2010-10-01,171.354177361337,130.07645224732,106.517026355464
2010-10-02,84.7199668935336,57.0684111343639,75.317798369834
2010-10-03,79.3560831857058,34.1527505815299,48.5856671325042
2010-10-04,88.9091219877964,26.5564200409676,35.2009605780003
2010-10-05,98.8927457995741,24.7551348824269,28.7274740388699
2010-10-06,133.180177341311,38.7463152057297,41.9865242232541
2010-10-07,190.365557059818,83.5177220191825,93.2082582888142
2010-10-08,239.949662826179,111.640722640659,134.950377997989
2010-10-09,351.441100148017,241.128548393201,262.790685234652
2010-10-10,323.310900559098,174.596388152488,224.596008173203
2010-10-11,294.422928162619,149.369976000346,182.290507534344
2010-10-12,371.992709993303,211.139066576836,271.111725407888
2010-10-13,275.891095104727,136.755376663772,163.473485524611
2010-10-14,218.142696421218,93.6306464687144,126.7259589192
2010-10-15,275.066012904438,157.617338082998,194.161781899337
2010-10-16,232.270698737859,129.412373287246,116.289388195137
2010-10-17,148.027906329518,81.8440327259168,80.5429909972496
2010-10-18,206.818661119479,101.537112599244,113.802438584791
2010-10-19,200.437711515754,105.569063744607,113.480717838041
2010-10-20,163.400541157069,60.1065706396549,82.7592695223666
2010-10-21,208.656489017201,88.7222702574814,122.222954369492
2010-10-22,271.756088543311,158.939897562719,217.933340098881
2010-10-23,363.703495484591,245.533033013355,330.813375802043
2010-10-24,381.064541404623,193.703636976733,269.853799081458
2010-10-25,413.324186024859,184.797770351672,257.180212663705
2010-10-26,354.701846153445,144.354491246892,205.57460984119
2010-10-27,395.76165982743,162.046984920476,217.72345879797
2010-10-28,371.640610338181,120.656481100143,171.847039523486
2010-10-29,358.961680654205,121.769474185024,177.005936275475
2010-10-30,487.811449871233,267.376669465638,371.370723022605
2010-10-31,518.209881825131,304.704488563888,426.770918197713
2010-11-01,461.466939866245,232.858820255169,333.787750728803
2010-11-02,443.526309756505,204.928613684062,291.360730342277
2010-11-03,418.566243117737,204.006535814904,285.918730607268
2010-11-04,433.743142712055,195.870959215168,282.583979699751
2010-11-05,379.47116606685,184.906755466103,264.363482992429
2010-11-06,446.945851782024,247.961143308128,321.348942175073
2010-11-07,456.835255714385,213.101477475744,289.667806072061
2010-11-08,404.382479044121,145.284941071312,196.26483328892
2010-11-09,370.046725946886,104.537097178878,125.017827843764
2010-11-10,388.161681869603,121.956686632501,168.255414329285
2010-11-11,412.985813598827,126.953535566399,178.6754050375
2010-11-12,369.017169956398,70.0872325835578,102.656126446427
2010-11-13,374.939231597003,77.7226792975141,106.949227293965
2010-11-14,361.840637545939,94.0926070565068,132.649856388464
2010-11-15,348.265741723535,105.433083588672,151.40888304024
2010-11-16,284.214009118915,67.3694675074167,97.6477359878779
2010-11-17,385.692332159427,153.602169718875,211.40601294415
2010-11-18,378.864248826832,159.656132997157,221.45178782354
2010-11-19,394.208237365969,129.52600289516,178.987476210408
2010-11-20,410.459021516934,180.417498219807,251.906704204797
2010-11-21,303.003718611769,107.377798312728,136.891860833556
2010-11-22,323.345460018955,97.1568445602303,136.071634052796
2010-11-23,309.88439316559,104.782973830539,147.585262777925
2010-11-24,284.114323935122,106.53303863502,141.936155992061
2010-11-25,270.022916341829,79.6087211541852,104.904162750199
2010-11-26,293.377442963442,69.0152125872268,86.2528499791648
2010-11-27,241.721563875574,60.3729453126272,83.260523073253
2010-11-28,244.631630185675,45.2911183823519,65.6365669901972
2010-11-29,200.674846795588,53.1882811782006,70.1105586317794
2010-11-30,182.843413932544,53.551524256267,74.456142458981
2010-12-01,146.452703976565,50.1687523991401,67.9315523537214
2010-12-02,131.28865764501,71.5876827468758,75.7444818901793
2010-12-03,207.420927539149,87.7145172942065,103.56335030107
2010-12-04,227.536630303148,78.0402850796492,97.4378500853531
2010-12-05,218.521885565767,78.883175950195,91.0679173581978
2010-12-06,230.191313051591,88.4912852170147,95.6662004185773
2010-12-07,237.172918189415,105.206761811957,111.831971950935
2010-12-08,252.183702315888,117.356603432427,138.758792988954
2010-12-09,241.477370923124,138.621857597173,165.468816240596
2010-12-10,214.843188169341,116.18212626562,110.93025068141
2010-12-11,285.938904204606,76.1542404489347,99.8032666825769
2010-12-12,254.3469462069,93.1770620882011,107.962786896851
2010-12-13,243.910992170214,105.87828349662,106.483880954537
2010-12-14,247.21120096689,96.6082615367837,87.142122056925
2010-12-15,253.72792361213,42.0340829514194,53.592676424524
2010-12-16,335.075510559104,51.4764072273881,71.7303131860868
2010-12-17,281.515460216899,38.4203338984571,44.4209881233096
2010-12-18,249.954875010989,35.3011427579504,41.5694992102852
2010-12-19,212.553057948277,36.3331125752223,46.2547742878304
2010-12-20,230.95657647386,26.2667623036517,37.6892780725649
2010-12-21,227.451769849406,19.3680350160609,28.1088498022943
2010-12-22,229.933322122967,49.6881606189868,51.8141297743563
2010-12-23,223.634947701901,36.9021824896994,45.2094587604203
2010-12-24,221.628141118821,40.6146651623042,51.0947016193398
2010-12-25,231.165050449866,46.3035280153407,59.9985031482493
2010-12-26,207.758219651673,46.8409369414711,60.0924062907602
2010-12-27,211.569719642011,97.8656250597396,74.7336928290911
2010-12-28,174.098931849474,64.7839582405456,72.6610204620011
2010-12-29,248.84790072935,44.7620950770584,64.5995390856262
2010-12-30,255.85356220734,72.3327907386572,104.945601032951
2010-12-31,292.478844065661,73.0145612804944,103.138052397166
2011-01-01,305.964895027875,84.6446950497381,117.221473890098
2011-01-02,370.934397529558,59.349361093454,76.18912561527
2011-01-03,290.665258150144,67.8286372653405,96.5692863865883
2011-01-04,289.821766431924,46.6649047874317,67.2383708295325
2011-01-05,268.665278189048,53.4183370903163,71.5715195226442
2011-01-06,207.033769105659,49.1703154697534,68.9534029000233
2011-01-07,211.145198231343,67.7988334195304,76.458391312293
2011-01-08,178.856304218864,57.0721366520395,71.3768071184276
2011-01-09,204.396620331175,73.4942197371245,89.5862553531548
2011-01-10,234.465793038007,93.2711329898055,112.581776397817
2011-01-11,285.196486574355,112.508777308824,123.356642760338
2011-01-12,267.464222492358,107.307944572084,116.1471536633
2011-01-13,258.036814414267,140.768686748456,136.233197010712
2011-01-14,229.781094027396,156.507137919888,123.04734440475
2011-01-15,233.485623952187,114.035313099194,115.085289859372
2011-01-16,208.744774359605,99.6920663531728,107.792948519641
2011-01-17,185.976405842802,102.670606536325,105.101633728648
2011-01-18,169.81828313816,123.734684349621,93.6418490408319
2011-01-19,156.445300040223,104.797875719337,86.502788817692
2011-01-20,152.892311421705,99.130444927384,88.2910215343463
2011-01-21,184.725963960812,77.1061057583922,97.4599474350788
2011-01-22,201.770039137547,116.126249275953,134.660393842247
2011-01-23,206.785937003453,116.304141721751,133.546035917022
2011-01-24,245.473519527617,115.78815528398,165.713237222718
2011-01-25,213.952132079138,78.7779340095437,107.037605247831
2011-01-26,274.711306212822,129.449625405733,173.810613859842
2011-01-27,279.554548739319,98.754162230489,128.195193695488
2011-01-28,276.454364693129,111.611856461342,157.799520269574
2011-01-29,321.708361853816,108.832617626355,153.85162866363
2011-01-30,314.236819494713,76.6096827223405,109.113042526906
2011-01-31,353.353183625129,49.3239897541152,70.8465613245333
2011-02-01,331.704726760474,39.072297888655,51.1305996781393
2011-02-02,335.540856508943,46.1498504112219,66.7233065741273
2011-02-03,352.36547490929,60.1102962937589,87.3147371788389
2011-02-04,325.207931954182,38.5060162914909,49.5591731251581
2011-02-05,305.425342959487,36.3368393548603,46.6400369710993
2011-02-06,304.807297763022,43.2802702169431,61.2992759099749
2011-02-07,284.839330107337,39.4513725864289,51.1292236694617
2011-02-08,288.271833077607,36.7736550403628,45.4939187051489
2011-02-09,254.449356088705,28.0810894798863,37.3882500121301
2011-02-10,341.644360103329,60.9783399225949,85.2558673075297
2011-02-11,288.087917486196,41.0682440970516,57.1069754580312
2011-02-12,215.783565876143,26.0888689028555,34.4055856589686
2011-02-13,210.922956165181,67.3806440604436,61.0410555503812
2011-02-14,240.176987793727,53.5943639804944,73.5171500043079
2011-02-15,240.021589057948,79.0908753000718,95.8774662065966
2011-02-16,264.021612253198,63.6486046711099,85.7792174159227
2011-02-17,279.668351110467,59.8970136811112,82.9443102380302
2011-02-18,282.267600724751,75.4780544431998,102.68374042209
2011-02-19,267.789648446201,109.876695955893,116.695366724488
2011-02-20,305.956690557284,113.095540078396,132.340539306165
2011-02-21,271.241019430444,57.1662097251288,74.3028695342725
2011-02-22,278.668890156328,47.7341291675321,62.526867038795
2011-02-23,295.582405158307,67.3778478643923,90.0433196995563
2011-02-24,387.165104839273,117.758956806099,162.098141518731
2011-02-25,422.027646308724,151.571758333651,197.619469185496
2011-02-26,278.880166267679,65.1164628191023,81.9680270287123
2011-02-27,305.329904365154,57.191353217659,80.5043202728315
2011-02-28,284.185850242644,54.0190767245557,74.1413056661473
2011-03-01,266.511425629228,58.6415128715171,78.3322253898103
2011-03-02,330.71365681481,91.3040507892412,125.539782829087
2011-03-03,352.900184067641,89.2373297724931,123.990469099387
2011-03-04,446.255639164205,189.267470835763,248.344059505164
2011-03-05,364.632044507217,120.425495764081,161.362141000366
2011-03-06,372.25747174847,120.052947009314,168.933417989534
2011-03-07,315.199783981113,126.998245462072,160.841559798765
2011-03-08,334.676623621832,126.639659565326,174.857316807256
2011-03-09,229.186521757361,82.638499324764,104.184738505711
2011-03-10,356.210989126331,158.450930143738,228.398913347944
2011-03-11,336.75982273125,147.103924291964,186.859772849004
2011-03-12,234.206308622946,96.4257185037039,120.913909576473
2011-03-13,239.490962788606,83.6741976270285,114.320280360264
2011-03-14,285.005400134704,70.3759602716314,100.666302782327
2011-03-15,313.631747310884,85.994259507495,124.071929455309
2011-03-16,283.950442933283,68.4833972924232,96.8150755226202
2011-03-17,238.389040617941,68.938843999751,95.1414726327898
2011-03-18,237.762235532918,90.4499778289507,124.671222838582
2011-03-19,212.338450083492,103.631797554716,139.445076484696
2011-03-20,202.361464762953,116.930953544848,137.45800957441
2011-03-21,176.89753710084,108.897813037406,122.405230982245
2011-03-22,153.938432099393,92.7933292200013,105.453751853776
2011-03-23,167.843842703453,112.461276219473,144.615041700169
2011-03-24,149.660444977584,99.2394121583302,122.007542401823
2011-03-25,189.293104487768,122.929044187803,111.412164664584
2011-03-26,187.686229785515,124.698656272717,158.721918448456
2011-03-27,161.000634468779,90.9166020443038,126.372450845709
2011-03-28,138.399620606513,74.6472682762951,93.9856837907642
2011-03-29,172.534472302562,92.7057818397997,128.842824788985
2011-03-30,105.326883854283,67.4393209638344,64.3827313206595
2011-03-31,143.08410217377,76.7475309919272,97.167201721641
2011-04-01,128.410134726446,83.0753187165704,83.4455570971938
2011-04-02,159.816341171221,82.2249739002015,108.353574718198
2011-04-03,129.842980882026,88.1196647379207,84.2285050234506
2011-04-04,126.301030466458,79.7968586144241,84.9286101630768
2011-04-05,137.0775717854,89.7188430864847,81.6670018506065
2011-04-06,139.759259612021,84.5720448515558,86.9957588922479
2011-04-07,150.088789377159,116.021930460805,89.4674999106668
2011-04-08,179.699139513527,109.628017264499,125.375469859647
2011-04-09,163.606186580122,96.4266386391513,117.639866433315
2011-04-10,170.175100106474,108.444230600997,118.328934815076
2011-04-11,128.585913698326,74.2747177252207,81.5938260329259
2011-04-12,175.665798568269,105.576512824485,125.135195596557
2011-04-13,111.964852233936,61.6703539099474,65.8064088059753
2011-04-14,122.227274691337,65.7255828330552,77.7577835142953
2011-04-15,103.051509944528,53.9333881695073,62.989455528787
2011-04-16,133.914839023209,76.1663461189433,97.1105802316835
2011-04-17,137.723473185944,81.2814841499886,106.967190869856
2011-04-18,117.078097924011,65.2701361939417,77.5824107789253
2011-04-19,83.4586969677768,47.1333901699585,47.7599107131873
2011-04-20,96.4666289595371,56.233895175028,66.7053550500801
2011-04-21,125.159775283996,56.6148293573588,80.3676148233116
2011-04-22,111.964782256184,72.4063674048371,81.0552846602905
2011-04-23,174.551812706758,133.532798599142,153.578223950641
2011-04-24,135.433597114603,80.9517735732603,110.790791225559
2011-04-25,103.793657699463,58.517637510175,76.7677046526208
2011-04-26,70.0418825701677,54.6077105978342,50.0604366883452
2011-04-27,62.2739466584782,44.966064259326,45.8363666081724
2011-04-28,187.690500499759,133.394019666385,144.377519842116
2011-04-29,290.778699574228,236.680263155397,178.943269931074
2011-04-30,177.146803493932,124.806705596546,124.270767020085
2011-05-01,84.9385396765797,51.8312627859896,62.9811671980076
2011-05-02,132.255612098382,77.9816043562641,92.7857165487735
2011-05-03,178.484782854552,126.587502272392,130.94588074647
2011-05-04,151.993502160953,104.372247933154,121.850135113329
2011-05-05,90.3285307860598,59.8951476707306,66.6998315975743
2011-05-06,127.589982038547,80.2904941176259,112.11641972583
2011-05-07,94.6581217264265,53.0942149037918,59.2845962376386
2011-05-08,110.48710981106,55.3360454152068,66.2689985095795
2011-05-09,153.947570571802,104.249305849859,147.7192249245
2011-05-10,73.3401344882887,40.6295642770587,53.6396279789238
2011-05-11,79.1055408815147,35.8627629672528,46.2892914160806
2011-05-12,141.737424939021,76.5063011643997,102.009884913611
2011-05-13,125.557536952347,71.621216771664,102.30400973718
2011-05-14,146.376928118164,92.2130846624947,122.735246953766
2011-05-15,189.75343063353,129.877140246372,155.225592497467
2011-05-16,225.685902832198,155.414623449383,169.012108005927
2011-05-17,195.280593729993,127.05319517654,161.369039939022
2011-05-18,179.076516446571,109.40913708684,135.374292645254
2011-05-19,148.790326723407,88.3860453455271,118.146650954361
2011-05-20,88.9290872711595,39.7875975097521,47.1550949056076
2011-05-21,116.835616977009,61.5744225005733,72.8695313334803
2011-05-22,145.823211551865,81.7564898705895,104.400154215349
2011-05-23,139.174268745207,91.3832183581807,106.916082314432
2011-05-24,102.423108500906,58.7197486972287,68.4093428956195
2011-05-25,124.747734632321,71.3445926730663,99.297864170847
2011-05-26,220.901142521879,156.318063020536,175.982722311722
2011-05-27,204.199055817694,158.4630283784,181.971518932049
2011-05-28,290.005115722982,225.455286493544,200.106406440595
2011-05-29,187.894774606568,138.447693818272,174.604629491075
2011-05-30,217.847368255841,175.334045074811,207.063197484357
2011-05-31,168.244846632717,115.357862721965,150.567934446471
2011-06-01,82.1336023432862,46.9927497289575,48.1037495759165
2011-06-02,79.5173931593352,42.3609959791818,45.8197961832319
2011-06-03,166.076946895006,106.156760713118,137.496680096559
2011-06-04,230.005239531471,162.17830614426,182.605335798181
2011-06-05,153.715188708629,105.921126813461,88.5630406983169
2011-06-06,104.597410441905,85.4456779392844,68.6040419163905
2011-06-07,72.6598430256768,32.369161540996,36.1289046443579
2011-06-08,140.956215581013,75.1334463433813,100.249282118135
2011-06-09,169.303489206398,107.022015774522,144.65922244308
2011-06-10,105.534749567186,57.8125832900664,80.4062789908526
2011-06-11,76.5632749137743,60.1913230289225,58.2779425011123
2011-06-12,66.791360513094,34.3148147728531,36.5017400988718
2011-06-13,71.785809898728,31.6957757104732,34.7328542316031
2011-06-14,70.0429330297118,23.649586204752,27.4653675853622
2011-06-15,103.084849872052,46.5335788227617,66.6501209632705
2011-06-16,84.0025663948066,42.6143322384429,53.8729915043503
2011-06-17,109.978885357017,56.9035569772183,81.9873672706535
2011-06-18,79.7441175545015,24.1059608353134,31.8427061740437
2011-06-19,61.8636917230623,28.415454691272,29.467621731372
2011-06-20,98.0067518876208,45.1551386584398,60.1628280346869
2011-06-21,181.36031542069,82.6729582145164,91.7238264667703
2011-06-22,137.646988324485,54.5471688550729,78.9977946744758
2011-06-23,190.719818117742,98.5818596415003,122.463234717498
2011-06-24,167.354013809419,79.8527458589562,92.475022716145
2011-06-25,266.394318080738,176.120115638789,199.774976821563
2011-06-26,219.737319872939,134.791095297823,158.491331566598
2011-06-27,213.468416871926,120.633196478242,145.902002038092
2011-06-28,277.59285141211,173.979816136816,189.795503379988
2011-06-29,152.230842995812,61.0109364627948,82.9111591398685
2011-06-30,124.748979702146,35.8469310746887,48.7140893753851
2011-07-01,93.4112072391433,24.4002780163868,27.8147259563575
2011-07-02,130.376360740908,37.5364533405764,50.6044909955138
2011-07-03,166.31876140383,63.3664008000338,77.152968482079
2011-07-04,158.583634084681,62.4936992281525,77.5271837883759
2011-07-05,168.984165966339,70.8910117146314,93.3173471837451
2011-07-06,96.4978969363487,21.7523674994594,28.8324220805613
2011-07-07,88.1104749239947,44.6149402212483,40.4206303260046
2011-07-08,104.285601053357,53.5766696701635,57.1124955225364
2011-07-09,78.6687940554959,21.4720199296116,27.7125403151482
2011-07-10,75.3452756048774,18.4990580182256,20.0887967637934
2011-07-11,137.280123182733,74.1396667658504,106.562591686617
2011-07-12,97.1473137082931,35.9307536648327,51.4578620984341
2011-07-13,156.513002732003,107.687024476874,145.848151224777
2011-07-14,160.924619200303,122.607720937266,174.0039476596
2011-07-15,87.9318529495503,40.9946667942059,49.0082156991134
2011-07-16,181.629281088668,151.016657461948,209.362331083928
2011-07-17,161.820865016972,125.310589490791,167.576037930371
2011-07-18,92.4426349669305,57.7324866496213,65.2375004964012
2011-07-19,197.156004996033,151.347289617991,201.712338187974
2011-07-20,147.487348981985,94.3580539767811,137.670680329243
2011-07-21,114.967087170831,55.1236909076972,74.2490103099511
2011-07-22,75.0872343325185,37.2905677983336,38.8920079173064
2011-07-23,100.144673957001,66.9075049868891,53.201888468331
2011-07-24,62.8363739650589,37.9695463506609,41.2091006260009
2011-07-25,78.818865506803,19.4192620551107,28.0784725496518
2011-07-26,122.084941834797,35.2555051436861,47.5224044972469
2011-07-27,88.3875635590932,32.7873510819874,39.1336630772344
2011-07-28,81.8646374670375,31.9779795019661,41.2049535192872
2011-07-29,84.0282174519004,38.1064590797634,43.6394197285769
2011-07-30,74.272683699543,44.6810666251711,49.9996729461227
2011-07-31,92.5461090838689,25.4555308297883,36.1620434546961
2011-08-01,82.6910582896141,24.2261087803517,31.7211858364264
2011-08-02,89.1033815732856,23.9914024514889,31.2047449318258
2011-08-03,94.4342612365569,19.1705825792537,26.7859829271421
2011-08-04,86.7162905081029,26.6644627366515,34.0520867044252
2011-08-05,110.707391811107,31.0587095503293,44.2828997036976
2011-08-06,181.875528947815,95.3229623498833,106.702061913276
2011-08-07,155.20961792047,80.3156396452126,103.723531097969
2011-08-08,163.449671943676,94.3366248034312,125.509407733977
2011-08-09,133.902282380594,78.1287609515359,110.775599354511
2011-08-10,92.7024974566292,45.6198966246628,51.5697162593203
2011-08-11,74.7151024407004,37.3455189566682,42.9986945182948
2011-08-12,63.4143823596248,33.3815712421989,39.6432017057453
2011-08-13,82.112601399694,50.1482622110908,62.0145632454633
2011-08-14,64.2932679282611,40.3771605682265,51.6194253934646
2011-08-15,74.9418200097041,39.7773522224538,54.3093467638158
2011-08-16,104.800780046624,62.1323229335606,88.641749491988
2011-08-17,207.436131449111,170.933272579615,192.156773005344
2011-08-18,153.33698600286,109.055214738071,140.020899779576
2011-08-19,109.154417997756,75.9120811178784,97.3812317474162
2011-08-20,153.546287786116,112.464056589833,157.470856995263
2011-08-21,170.25492509688,125.384157118592,176.337608096318
2011-08-22,166.465016190361,117.810179865988,164.107293204372
2011-08-23,223.274917277952,176.963031327929,204.279381163377
2011-08-24,244.143874962839,193.327364057204,223.647332686074
2011-08-25,190.18000196673,131.656997550371,166.882827886295
2011-08-26,182.705276896673,109.503214821232,159.691304775516
2011-08-27,231.508164845484,136.962143827029,193.801387175014
2011-08-28,163.980159851145,74.8857017258667,109.579777685363
2011-08-29,174.880190684691,89.0035436927682,125.336796050631
2011-08-30,235.832383751592,133.428481159646,188.087361988848
2011-08-31,240.937995318249,136.701350165759,185.235882194771
2011-09-01,233.733437245486,135.878946504577,148.422075575171
2011-09-02,236.183156160808,151.265325898476,132.772740126677
2011-09-03,140.375818621949,67.9608934384193,63.1026851252562
2011-09-04,81.0878317749843,26.759464744818,27.0925332096147
2011-09-05,78.9751837518771,18.8883746153265,23.8585530990392
2011-09-06,83.5519393883666,22.2730062298671,23.274446226694
2011-09-07,128.573160367634,31.0316981942664,31.3773509179369
2011-09-08,111.607306081722,19.2478870710226,20.8137499051868
2011-09-09,142.146315466503,30.1236031244089,37.6713248460896
2011-09-10,178.31402529457,60.1801503868422,57.2519669965191
2011-09-11,180.817434420225,57.0106684071737,57.5391897631228
2011-09-12,238.703737376397,127.444368620583,98.6088106895469
2011-09-13,167.659765553285,63.6756196652626,67.8998060032483
2011-09-14,192.454130691602,86.2401483126496,98.0150491360752
2011-09-15,226.059595772927,80.1601004077901,96.2047386560477
2011-09-16,238.423545005529,99.4061255840212,118.272307948142
2011-09-17,229.695083679626,57.3440994423588,67.3350286357475
2011-09-18,248.81978317831,66.0198987294282,82.6059939513092
2011-09-19,214.090562600639,45.7083776467205,59.6767636410772
2011-09-20,176.039918416316,37.0223319013426,51.9218344181602
2011-09-21,265.074342773792,46.2262233189292,57.7725514849867
2011-09-22,337.987450364255,98.9059758479147,112.196511691862
2011-09-23,351.168396075866,76.2436525548164,89.4481736252656
2011-09-24,425.303832178431,171.629946203998,164.296483032581
2011-09-25,357.76390250854,94.4362801388166,107.344151923178
2011-09-26,422.413758014063,127.890514096501,129.420033380048
2011-09-27,390.980056103912,163.694591599483,161.059737639194
2011-09-28,336.635664270058,134.310497878631,145.102474331967
2011-09-29,275.046139004019,104.208314877823,123.90208425153
2011-09-30,208.243944292366,73.794124660367,94.7051195140015
2011-10-01,227.402705093531,77.002724837117,103.270610638838
2011-10-02,218.127219125175,77.4339527122364,107.902024385096
2011-10-03,225.65099992867,71.6165589650471,93.7371335521412
2011-10-04,202.927518929497,60.3627001162813,76.5232918455254
2011-10-05,175.002362496238,54.7530011372493,72.2329490159807
2011-10-06,252.026122762508,90.7731676242125,121.692702827795
2011-10-07,264.492243139322,86.4646107526049,109.41131251878
2011-10-08,285.667261256236,125.372984510619,122.47565383865
2011-10-09,243.214280225871,123.822231343276,121.442760769824
2011-10-10,222.082274958477,110.474632890996,121.814213405948
2011-10-11,199.838133665326,100.53774931555,120.977411531211
2011-10-12,192.757737876997,103.371943811007,127.391527731905
2011-10-13,187.650285083721,110.972934284195,133.726941240701
2011-10-14,97.5234428023599,26.2760774734934,37.085842925843
2011-10-15,113.334504510683,40.5429445017578,57.0765940925918
2011-10-16,158.250326973896,93.8625539184347,95.4659704950701
2011-10-17,230.844560887574,162.315221192645,148.481451206305
2011-10-18,188.728757486158,116.629193480019,130.36452380137
2011-10-19,208.289793208101,134.457658362111,129.14798790429
2011-10-20,240.371961878944,161.585015362518,156.196335432266
2011-10-21,169.746055644984,90.7480223012683,105.547658906815
2011-10-22,143.918176459298,66.1884767102638,83.9675332870192
2011-10-23,211.225814824749,139.471273774059,136.806258309648
2011-10-24,185.979858449844,102.800071322453,108.423993933766
2011-10-25,136.456910481536,47.8980495350243,63.7047397122548
2011-10-26,196.120052332436,99.9882400969621,106.336130639548
2011-10-27,182.097484139439,82.9235038030752,90.3913096300946
2011-10-28,146.280393844737,55.2950627994089,69.3579902673994
2011-10-29,132.289506689415,40.3929940183479,51.0256542490852
2011-10-30,198.243046951505,105.27847008026,110.850166351021
2011-10-31,178.388794671402,73.6348566992021,87.1448908120152
2011-11-01,181.342303776221,84.5562084454865,106.691003445237
2011-11-02,118.783740715611,29.8162493373002,34.12388958117
2011-11-03,187.18421878,76.4299264944925,89.6663471169179
2011-11-04,211.308540813966,99.1276353727217,103.961039707422
2011-11-05,188.37845621526,88.5797734129308,89.0670540033367
2011-11-06,154.403715822894,87.0904919352703,90.1137514726394
2011-11-07,174.616561347471,137.544254485868,152.817369632139
2011-11-08,150.868003111382,99.5961320333268,111.369380629181
2011-11-09,152.87190568461,83.1302745134695,88.9551979377534
2011-11-10,192.251201471203,130.350279263082,136.822811491182
2011-11-11,205.206457689144,179.416281067857,206.142159301214
2011-11-12,310.073008738876,283.255777813284,289.417889601081
2011-11-13,234.96084378213,177.316015464492,214.858159888366
2011-11-14,246.340135925693,182.410664944628,222.994219386031
2011-11-15,144.998709408114,72.244311728918,100.849964017034
2011-11-16,116.387903750735,46.4385778037008,67.6940530149168
2011-11-17,122.267217604831,49.8511520172947,72.8046274796701
2011-11-18,139.300971177854,90.3493916598598,74.5389911956826
2011-11-19,126.580926446866,70.5110080931493,99.2868172658354
2011-11-20,108.90313482213,56.5803683188594,78.8969955936278
2011-11-21,84.74755806653,40.9471647498564,52.3761383530554
2011-11-22,162.933015028175,82.2501138342252,116.63045745999
2011-11-23,254.585688055962,158.637201059251,209.815250026044
2011-11-24,190.426523256409,102.007465447387,148.119660195867
2011-11-25,138.971732414746,59.4154872699962,75.6547289726911
2011-11-26,152.875974144695,66.589902933796,91.7045010915783
2011-11-27,198.333234694847,111.476805411019,158.663939052869
2011-11-28,212.104980733167,119.156016884703,172.600973041457
2011-11-29,224.323734992716,125.426073762793,183.689319707063
2011-11-30,370.730521957667,281.482436538497,325.265094493092
2011-12-01,281.423175758744,212.982256305667,268.653824186968
2011-12-02,281.166387674425,187.690657496628,254.990197355449
2011-12-03,229.918895586679,158.546855720799,217.220810747675
2011-12-04,250.29561255939,195.446234567732,259.683722433856
2011-12-05,263.01771681739,208.046877856334,284.232723597881
2011-12-06,268.445377500564,235.671591511911,314.731853506433
2011-12-07,370.45943439273,362.10725995274,403.377717489307
2011-12-08,293.278836527052,267.658894414897,332.879164687177
2011-12-09,283.238154419718,263.266500389417,330.147786121951
2011-12-10,209.953431577052,183.354143075691,252.454941723642
2011-12-11,266.676477285414,207.601693160149,273.510306014758
2011-12-12,281.720348425663,204.130430640026,252.588868995721
2011-12-13,338.269548212196,261.644968195812,277.216553164159
2011-12-14,297.449468697729,197.207480643387,235.047752783256
2011-12-15,272.859820900492,163.005362473258,216.60356120503
2011-12-16,320.224828342587,199.428834927923,229.663788826233
2011-12-17,290.020157404698,170.071744081837,185.860030979475
2011-12-18,211.751597590812,90.5570872806945,115.970405492346
2011-12-19,219.037910493092,89.9544894352296,116.557279198229
2011-12-20,172.246922112436,49.7384586774833,70.3259834603656
2011-12-21,167.442740354799,50.9576307669499,72.5740233375507
2011-12-22,165.469869205011,42.2240844438276,55.1972395123206
2011-12-23,112.437740213472,20.125246483628,26.7252249495777
2011-12-24,139.845884606092,38.7388629766303,55.9360017569389
2011-12-25,138.922440379937,40.4907873452515,46.7988299771686
2011-12-26,133.943662190277,39.450439399334,55.4444182596003
2011-12-27,131.393153650349,47.800254468659,53.2723185558416
2011-12-28,128.863157551382,50.1389482577353,59.823136919189
2011-12-29,82.4233814580411,20.0088240562652,29.2480618816268
2011-12-30,132.953024886623,66.8497599176784,68.0337485297588
2011-12-31,154.890064148908,102.088492853323,95.1248888581152
2012-01-01,104.594854596224,44.5385637436652,63.0833582836164
2012-01-02,92.2725998768375,29.2620786512679,42.1977963827375
2012-01-03,63.3408669811968,24.4375345005814,34.2605969690983
2012-01-04,81.1293026078199,23.9485589982194,31.2875967194136
2012-01-05,66.0485689501231,26.5573527505631,31.160557311779
2012-01-06,100.230892688931,39.5286739176071,49.9030125272703
2012-01-07,145.662461298869,79.3022985191147,83.3419908794052
2012-01-08,122.20830331018,46.9880933548384,50.8806636208065
2012-01-09,91.3343218509248,26.8824042359741,29.2922496028081
2012-01-10,114.878761289114,51.0358664789713,44.2055710315012
2012-01-11,107.931139211034,37.4926798608027,39.3877427690014
2012-01-12,129.844346844182,49.4441377446297,41.6413084416382
2012-01-13,117.547674040403,20.2016195959779,25.3526470018728
2012-01-14,127.892602843289,31.6128802363615,32.053975754601
2012-01-15,110.5829439812,33.1254392189097,33.4168848792261
2012-01-16,98.6702595700996,28.3269736464763,27.9983807521772
2012-01-17,133.890548057193,54.5378531849939,58.9587163323312
2012-01-18,142.026615317923,61.76629073098,52.9008690548832
2012-01-19,98.6944527580061,26.4092634229577,27.8230111351163
2012-01-20,84.8286719256533,20.6226042643317,21.3978567438206
2012-01-21,131.374707775326,62.8019811886134,54.1712622210205
2012-01-22,99.28429526982,30.1943879602454,29.478667759886
2012-01-23,95.3770196778011,23.9131653410769,26.0168403284279
2012-01-24,99.5558400766138,29.4604637976705,32.7236964441901
2012-01-25,108.203192897737,20.8666256720839,24.5779845240664
2012-01-26,106.633006723636,25.0736653362527,28.4057373803153
2012-01-27,71.1733326163727,21.318343519241,26.5167146174817
2012-01-28,73.5619218690013,16.7778688520952,21.7844987563449
2012-01-29,75.4725313257215,26.4549010144839,33.8449552296243
2012-01-30,65.720457096752,24.6489563212335,31.4422533895776
2012-01-31,81.4287247101683,17.8238079395219,21.7444516524233
2012-02-01,84.3660492569717,20.7045644821848,25.7379078141562
2012-02-02,106.440644136017,38.1465052569237,46.4246159350512
2012-02-03,162.115509752343,76.4057151089992,85.3152540465866
2012-02-04,156.66402796566,71.3781223776229,86.5317878198454
2012-02-05,142.108211805094,74.5979053489977,99.3779607047803
2012-02-06,121.713909336156,65.2282262233617,91.4034729300092
2012-02-07,99.845421543676,50.7611097095616,71.5811827496233
2012-02-08,110.045973135452,51.0945452582521,73.0835643764303
2012-02-09,244.681407597102,145.353858487008,180.191583142594
2012-02-10,195.671989117732,94.4772633003278,104.010748150482
2012-02-11,222.156834562929,100.102799765487,128.768252095239
2012-02-12,185.507194233947,65.1807253045463,89.3487477550451
2012-02-13,143.789996473185,38.6690092018798,51.2700647806579
2012-02-14,227.129161529075,94.4614305323484,105.024302207834
2012-02-15,225.35849857811,84.7378327187716,92.3300320878663
2012-02-16,173.696420904285,38.4808722305092,47.5251664594801
2012-02-17,194.360215483612,42.2464405967814,57.9147803870124
2012-02-18,182.156098967537,46.585739344501,67.4965949142415
2012-02-19,118.470593503086,48.6729571205982,50.6100144480197
2012-02-20,181.05962595483,38.7546962448471,49.5136070860649
2012-02-21,161.265046514184,34.8782964790309,47.9504720664507
2012-02-22,156.265088368192,42.4457526090978,60.8021627403679
2012-02-23,139.295719514319,39.0201403683398,52.9864793155691
2012-02-24,158.144010749812,42.7447270283367,60.0344052861342
2012-02-25,214.981129713191,59.179849334334,83.2909036296177
2012-02-26,271.388563279392,92.5632784807946,115.629332198976
2012-02-27,273.636632576289,90.9734209638497,125.224960667023
2012-02-28,308.14074665149,117.068810159303,164.012025970181
2012-02-29,353.959585725346,159.580700370819,201.92639671678
2012-03-01,264.653616561332,84.225564113212,120.833796709342
2012-03-02,239.863805756109,82.4876146310466,116.797540482411
2012-03-03,220.144763394941,73.4616202864528,107.101129654395
2012-03-04,178.200543518462,87.8057951489811,109.628104473077
2012-03-05,265.012856011254,98.6731222162977,141.885055898211
2012-03-06,210.251577816684,66.4623027823964,97.0277267079561
2012-03-07,188.006114964451,57.1671339193203,78.1582287305409
2012-03-08,238.105068692053,77.1163563322898,109.742720865888
2012-03-09,317.972065061151,150.146746412972,195.41560954555
2012-03-10,190.925672647957,78.2191080749263,88.5975616022495
2012-03-11,147.277354223354,42.2864898663181,56.8584223033678
2012-03-12,176.049604328069,60.9811343337083,84.8816538047954
2012-03-13,212.904293973145,96.4536526214602,132.608428623685
2012-03-14,210.444317508469,94.3850588638654,132.439963221122
2012-03-15,231.162075938775,115.108253810793,153.27995379021
2012-03-16,301.421850936323,185.318418597958,226.483665833014
2012-03-17,232.51161731227,139.325053253616,192.428808991329
2012-03-18,256.600253417557,171.737051119499,224.827991762568
2012-03-19,250.425342724168,185.704016839873,227.047036531273
2012-03-20,166.868941399034,92.237300527386,128.19657469346
2012-03-21,153.332027431313,67.5762299411567,95.0033774708879
2012-03-22,135.623178293946,69.0208018414768,85.1108776231716
2012-03-23,145.34941981162,58.8138159152671,73.0518016084813
2012-03-24,159.300760799496,56.2609032113339,81.5606776485358
2012-03-25,181.172385396794,72.3365104240201,105.612549276046
2012-03-26,264.107218987256,139.329704193338,188.141220151259
2012-03-27,295.962009849776,170.824303836588,235.253515109659
2012-03-28,249.373305015167,121.508693268438,174.458251695629
2012-03-29,133.954937866976,49.5586989024976,64.1797564254896
2012-03-30,143.057120674406,39.7158827156255,55.2828575434956
2012-03-31,130.834067559014,57.3366500782552,74.5652304437029
2012-04-01,99.5113367939687,33.9077976124543,46.3334791035503
2012-04-02,109.379132553575,49.8148282199575,62.7450396033823
2012-04-03,125.374811648103,91.4884689392952,89.337706328144
2012-04-04,108.773176849031,49.0240867522391,69.7929644951812
2012-04-05,80.0602827537186,75.7658484439414,59.740274731619
2012-04-06,99.9441057303456,90.9184670428406,61.474639998358
2012-04-07,89.8776515037346,71.2793983761803,52.4548396964961
2012-04-08,87.5934467723282,58.1544014354315,46.1291136026451
2012-04-09,76.9049514033246,49.3575209252767,42.6672897446007
2012-04-10,77.3325028103143,35.4352613715341,42.8633723085585
2012-04-11,138.76418041191,74.401382233815,103.165665209784
2012-04-12,243.146645212734,184.686955744186,224.732719791919
2012-04-13,161.178347084804,104.006208329334,137.152844234149
2012-04-14,85.3102303683285,43.0576722070732,51.6995179325911
2012-04-15,130.720439046203,60.1913263259413,86.185191175103
2012-04-16,91.0419737545571,30.6665999632437,39.1391862600487
2012-04-17,65.1227773559655,55.3518808094324,51.7022742987234
2012-04-18,75.3784201609086,63.9280235787372,53.8591861936635
2012-04-19,73.6329871295029,66.1474977098177,56.8211367571419
2012-04-20,77.9069044914814,62.8746271347783,40.9853912928849
2012-04-21,76.8095795298583,46.4031836235828,39.11847292547
2012-04-22,130.448693530669,62.2003105615022,64.3219835576643
2012-04-23,146.875594037279,56.1333079599864,76.3175458860311
2012-04-24,166.713484859514,77.4004240991068,101.744757254922
2012-04-25,155.752303709805,89.5670329025063,100.032486169032
2012-04-26,141.423172470105,63.2630156494791,82.0025605912942
2012-04-27,145.078598091549,69.8851248981655,91.3523833372758
2012-04-28,139.489874064796,67.0313803482311,89.4219396362315
2012-04-29,124.038386562461,57.1280212248496,78.5241652295429
2012-04-30,117.474290883845,54.4801064445357,76.2844006536617
2012-05-01,100.000093707525,46.4506857588845,59.7458048927033
2012-05-02,102.730574912197,38.6764632386551,54.7539868986371
2012-05-03,99.4882406090932,43.8707644729321,58.972519502341
2012-05-04,99.1522230238944,47.6773140793495,61.303420909723
2012-05-05,119.685097465677,52.3295545041441,73.9341762646006
2012-05-06,139.681072517779,80.68912457713,114.925095426191
2012-05-07,138.455523912281,73.2278408462418,103.671056192198
2012-05-08,105.985088184186,57.2118431328517,63.3581452419009
2012-05-09,89.9088071348619,38.2713148626804,47.1343819587106
2012-05-10,98.4176247707162,33.9413272715347,44.2304245619462
2012-05-11,131.623785858675,48.3078529322034,68.0185508603411
2012-05-12,158.691344779835,73.4020142206041,102.835642040868
2012-05-13,159.298933693554,83.8381184151748,114.791151736636
2012-05-14,157.844168692052,82.5369836976203,112.210322008699
2012-05-15,114.662210725862,44.1147878930027,60.8698300228592
2012-05-16,149.451719329191,73.4411256872195,101.915977607736
2012-05-17,131.088593654186,56.0718368046487,76.6710481948638
2012-05-18,143.709399208457,69.2732070396518,95.3900247761098
2012-05-19,130.774277108943,74.264469345546,76.3092580946349
2012-05-20,214.173834778266,141.239963199601,169.01074236352
2012-05-21,169.275968930421,90.7945960244683,120.684682572364
2012-05-22,84.0070621994461,41.8878579856851,46.8982543640853
2012-05-23,110.850537091744,49.0538912347148,63.9726269228085
2012-05-24,133.15567456709,62.1956527776233,85.0404525923785
2012-05-25,153.501650439818,75.2992366208317,94.5670373815749
2012-05-26,240.571170549464,155.5077624827,151.464114615546
2012-05-27,117.028482354284,64.9618478213474,71.0012257988979
2012-05-28,98.0565632818069,42.5472732386148,55.3657050160179
2012-05-29,154.011093646518,70.0117939430031,91.0775937157867
2012-05-30,134.362650569544,61.4151587686879,77.6735506950238
2012-05-31,184.347621607529,91.3971933696959,100.41360425709
2012-06-01,188.767268099458,85.3087689847003,99.4124827549024
2012-06-02,229.888473849008,99.7078923338408,121.441388553685
2012-06-03,247.957676031531,124.239494825555,144.994770868064
2012-06-04,128.120931560462,39.2157289207751,49.7828751934566
2012-06-05,95.2947089992328,40.2709866569669,39.6998148858303
2012-06-06,213.053792225534,108.026976941561,130.747030556755
2012-06-07,95.8556090179229,44.3616032571072,45.521536102524
2012-06-08,178.806829442017,76.9086507976603,90.3084414755978
2012-06-09,85.6283134279721,49.8595362852168,41.5902175173025
2012-06-10,75.1107637685876,44.4891989632159,56.8929390945035
2012-06-11,145.389216684401,77.7459674665526,82.1737880235131
2012-06-12,104.930612935339,49.5335516127112,55.1088664803269
2012-06-13,65.4728081671546,38.1325361686734,42.540250336966
2012-06-14,71.0932062770275,32.9596548760934,40.7285579150457
2012-06-15,134.750257499585,41.75653348762,55.8075832560289
2012-06-16,208.401943557279,104.755035779098,123.018330097598
2012-06-17,147.638296022399,64.1841498947729,85.711555122726
2012-06-18,73.0464076070363,37.764639695174,35.7270692943372
2012-06-19,178.742019183423,72.872057114288,94.3391879368709
2012-06-20,214.972602356742,120.100450281519,108.748503123093
2012-06-21,182.301813693011,96.9882567565522,98.9498849774057
2012-06-22,155.707332126228,91.8237582880274,92.2347438345865
2012-06-23,183.37972230295,89.2140450596399,119.029027548889
2012-06-24,134.108746987059,38.737001161422,55.5341719861633
2012-06-25,178.371288007649,101.440261554659,127.177483361908
2012-06-26,123.55866235193,57.545279386422,82.5507623760026
2012-06-27,61.7437470709533,46.2355371131182,40.1817361169661
2012-06-28,61.6730463497881,44.1147878020505,40.8914966456594
2012-06-29,79.1903884374764,64.1627248256432,62.8803587622324
2012-06-30,107.298697751188,92.7598056433523,106.97132381776
2012-07-01,96.0984537493745,60.5685305907817,86.7016299895936
2012-07-02,99.2215230285025,48.853642829237,71.1848723185566
2012-07-03,79.101262874978,52.0631749765957,53.1328533521886
2012-07-04,70.0935707118863,54.7120203518654,55.1502948182009
2012-07-05,62.491546492826,40.8363306217451,50.7757180231953
2012-07-06,96.459590703901,50.0681649112418,71.6847496922081
2012-07-07,107.153472301355,66.2676436425376,93.6542768426817
2012-07-08,122.247280870557,97.8563141873914,116.664982965535
2012-07-09,73.8597393943521,54.0935852021778,61.7038650809136
2012-07-10,71.286316931096,57.4009107901304,65.5840900448834
2012-07-11,83.1477493437649,58.7923946433936,83.8763883310589
2012-07-12,96.1153308074039,58.045426359854,84.3472597074311
2012-07-13,184.60813367479,149.778846631084,173.638012138229
2012-07-14,183.055641991728,144.764311754462,172.112159293696
2012-07-15,58.7364205195068,37.1005661694971,41.7918201457656
2012-07-16,71.6206265935686,37.8493984510988,52.5736042242197
2012-07-17,169.711916900469,146.967018532077,130.840925709653
2012-07-18,161.089920683674,136.676201238832,125.223568224013
2012-07-19,170.438623126374,141.121682151728,139.584552425446
2012-07-20,143.564169242938,106.961481614905,118.875738156137
2012-07-21,128.9870721022,93.6762789214388,97.0235856861593
2012-07-22,108.852678481893,72.7388655144154,74.9767187387106
2012-07-23,100.157839970643,64.0025328976675,67.1914188705953
2012-07-24,102.734644452169,62.0540870623729,70.5690129602545
2012-07-25,36.6755294528099,14.2268206237235,15.5940872871541
2012-07-26,110.607195143983,83.7356666563574,47.9076680907249
2012-07-27,36.6163203549189,18.4450380119293,18.0644514203976
2012-07-28,27.539950915747,11.6590075658115,11.4943046646835
2012-07-29,53.8945013500237,29.2816389037653,31.8081827248966
2012-07-30,126.57234739958,90.6977278126477,83.7244977864921
2012-07-31,201.167030555074,164.561699301287,128.75719130111
2012-08-01,155.127384060263,118.117534585357,90.3001608141733
2012-08-02,60.5143613152667,28.1174132772235,38.0289705028092
2012-08-03,138.26890536476,102.040062715205,112.407776519105
2012-08-04,67.8355142219131,36.7205661406287,37.0430369105745
2012-08-05,80.8136142817415,47.8486879833797,52.9864824338782
2012-08-06,59.098412382146,31.3940060047055,40.0685052394618
2012-08-07,105.523067985744,73.051815559097,87.3050667713209
2012-08-08,59.9958483174126,29.9727196585468,43.1478280056445
2012-08-09,63.0102894272321,29.4455603513154,40.4813834154087
2012-08-10,84.3361965525811,41.4957456018181,48.4572463897828
2012-08-11,114.18832052964,60.4875049811521,62.1595536377617
2012-08-12,123.484937881897,66.7063233488403,68.507380216503
2012-08-13,58.9665133047229,25.3968551656218,32.0981651107875
2012-08-14,65.3484934512873,14.0954961256583,20.3760162940978
2012-08-15,93.0110287612614,31.0177274575068,29.7962625707131
2012-08-16,202.762468801462,111.900571995922,107.015501594064
2012-08-17,234.38814901971,140.807812710586,142.122586892067
2012-08-18,229.676182769278,137.17169518064,142.795046754949
2012-08-19,200.77877811284,111.085620643422,122.896814327882
2012-08-20,195.793775709803,112.437983605143,129.147983825204
2012-08-21,206.321395297265,130.458324152989,133.963068616201
2012-08-22,195.667626634595,114.762714718103,137.313035616443
2012-08-23,215.978826433538,134.73055404393,149.983808577724
2012-08-24,199.176104055785,129.549280002131,113.772066827115
2012-08-25,185.157773512856,116.971940651413,124.105063984293
2012-08-26,199.18532722337,121.53570345349,146.027667476592
2012-08-27,138.745853648213,68.1658009806908,92.0566272231761
2012-08-28,120.558675773569,59.1053379235019,81.327318859568
2012-08-29,111.554632046167,53.3997114005665,74.0515507765393
2012-08-30,120.261216194158,56.3512471513957,74.8676342768352
2012-08-31,111.057163141993,72.3812222410594,69.6286453734014
2012-09-01,162.731943391781,104.927345701111,116.716081508659
2012-09-02,181.452367555907,118.979066266463,130.218158142046
2012-09-03,157.801416334081,86.2075453034714,103.657248858824
2012-09-04,109.038787864851,46.7189230315282,61.4428856751271
2012-09-05,133.141458645942,58.3509186728254,75.4834990963922
2012-09-06,103.424313525946,34.3734874128574,48.8866951592275
2012-09-07,65.1647316642265,22.550558490448,29.3668161105027
2012-09-08,75.7531220730244,26.8824040995457,38.9030567607265
2012-09-09,46.6560302517722,38.0095927552019,34.7494186053383
2012-09-10,45.4065534932114,21.5791297565335,24.4426582015333
2012-09-11,91.5769919083747,51.6747946362279,52.3747600014318
2012-09-12,90.0347324318999,59.820641205427,58.8510113514128
2012-09-13,95.4872519435306,48.5854058294501,63.1496324994362
2012-09-14,88.0559854314807,43.9443422760151,56.3613071953524
2012-09-15,77.9898681167774,37.6286599030476,52.2297668953615
2012-09-16,129.238775103648,75.9428114885313,85.9076323939863
2012-09-17,174.30895268208,115.502217959645,135.632509178599
2012-09-18,210.763109822059,158.575733632956,176.753247138877
2012-09-19,167.814999013446,112.989365632792,143.658099525011
2012-09-20,52.7468455333707,45.7745025158241,46.3003437149243
2012-09-21,56.2586500533164,44.7714102469001,35.8140666547676
2012-09-22,58.2038255822665,37.7413583020778,33.5618808339138
2012-09-23,45.0412354729669,23.7268894118204,25.9381310627966
2012-09-24,154.024784868306,94.2202047749339,106.246370676367
2012-09-25,224.703785512005,183.905535494634,131.514800029121
2012-09-26,153.827311836329,98.0574850021229,102.118977634792
2012-09-27,137.424795228627,86.9871084332252,85.4809493961685
2012-09-28,118.540047768773,69.7593848793576,77.987003506422
2012-09-29,144.900186813881,106.473435127203,139.279382416149
2012-09-30,151.824032801137,87.1715228997133,101.324970886526
2012-10-01,89.1349079914591,47.1305930302776,58.5251218889094
2012-10-02,175.756184375343,109.892515797285,133.974086748491
2012-10-03,122.031797389227,67.1431401598769,89.3749818115021
2012-10-04,90.480435567084,40.6323552774629,53.7279985668374
2012-10-05,134.71449612965,75.8347727606392,96.4629520373714
2012-10-06,128.051805145182,69.8571819353032,86.8963356852318
2012-10-07,108.107282413064,55.8333984095486,75.6892451907323
2012-10-08,71.7107109992174,36.402964587773,48.2501193648933
2012-10-09,96.4295842998746,71.9201895651315,72.8391504737126
2012-10-10,177.570889788544,160.632216479419,132.17622761776
2012-10-11,165.553881335062,135.737365088695,144.272584644486
2012-10-12,185.175812170996,157.263412187092,164.041028309768
2012-10-13,217.140753561941,199.221124243122,170.897001427981
2012-10-14,178.858503774551,179.278439949391,132.330872421494
2012-10-15,171.922689671787,171.37008565024,102.613320886263
2012-10-16,154.664712504706,144.041552673562,136.285661381655
2012-10-17,149.191891911456,145.662157410063,99.4359557930468
2012-10-18,81.8152816190134,69.8702195986584,72.8805725075456
2012-10-19,49.8860893307336,38.5563138042737,34.5781940554484
2012-10-20,44.2176369236643,31.6696943809145,29.9882045174113
2012-10-21,56.7775057011478,45.5565600046579,29.0036468664314
2012-10-22,41.1868233561393,26.3738710050395,36.8759497922121
2012-10-23,168.554744639518,152.047690135703,99.8502198551261
2012-10-24,82.8914167308113,78.5758223449907,73.7615612269653
2012-10-25,80.7048603855705,72.8608805612612,63.6426005344493
2012-10-26,40.5519658943071,26.2062240625519,27.4336097392849
2012-10-27,55.4432238140528,50.4593427778375,57.4356208821296
2012-10-28,62.3115242818883,56.8858626668874,70.3991620592408
2012-10-29,45.9163682243203,30.8016487624982,21.6975023061235
2012-10-30,46.6118914986331,32.1605299135469,32.1257785302115
2012-10-31,37.9625348560989,18.1218493535704,17.6860949237466
2012-11-01,109.768415256903,81.7834940641629,72.065867544286
2012-11-02,91.2398467108676,63.8609570298727,61.3475998490714
2012-11-03,57.6806775544517,24.9265073880662,31.7943734868258
2012-11-04,64.446644999447,28.9034975067765,40.0643627512167
2012-11-05,55.5349826965774,19.9380392204287,26.7293675389571
2012-11-06,65.4745662399148,27.4635822193252,39.6183399497065
2012-11-07,84.2748654772078,43.7031167232433,42.4187347526633
2012-11-08,82.1171396589442,39.3880342951764,49.9209637479143
2012-11-09,47.2024840487826,29.8572312936943,35.646983480645
2012-11-10,41.3833510594954,19.1156311935385,20.0169918812172
2012-11-11,77.3130768868042,39.4662698935074,49.7096893129082
2012-11-12,141.420413040174,93.3297984445825,80.2833821725973
2012-11-13,202.357731787664,138.195286982957,103.342416735026
2012-11-14,138.726785948628,81.2395721670903,91.0748292589062
2012-11-15,101.53556021815,54.8377608140656,63.8621628956976
2012-11-16,102.69823668206,56.8411561364472,61.5851169200987
2012-11-17,143.152666626325,81.0607471367566,91.3744748043534
2012-11-18,155.746002212451,95.8640897903664,115.053516202624
2012-11-19,145.869382623447,81.5385435394289,96.596899148639
2012-11-20,134.935546608301,72.1474439945967,94.7382574815534
2012-11-21,146.275797879877,91.8172483639853,116.809977285218
2012-11-22,131.998825102669,72.1278835374567,98.0564693663455
2012-11-23,194.296559356831,124.773179257222,120.807580553664
2012-11-24,146.22835497714,82.1290359877419,89.7036250780676
2012-11-25,123.127952991033,68.2831506946213,74.5845559200292
2012-11-26,98.337294135488,56.9333611186232,80.4173258958643
2012-11-27,83.5711068170034,52.9768613471288,60.7786905112981
2012-11-28,105.503601129279,70.5967009911675,100.515794331355
2012-11-29,195.700538213072,170.980776170153,222.799511448581
2012-11-30,215.509272465429,181.293006742843,224.415117918543
2012-12-01,197.078800427274,161.734032806631,208.917681847016
2012-12-02,178.30518166515,141.563152017126,192.242383603145
2012-12-03,175.35296028334,105.430287574525,134.888233814034
2012-12-04,198.592990244494,108.068876736858,133.56813948651
2012-12-05,179.735150170018,74.4283921232727,86.355037339658
2012-12-06,179.575875561176,67.2176507862457,82.2400624416018
2012-12-07,159.053681527278,54.3376066781441,67.1969423231012
2012-12-08,195.671135246338,59.207792911124,77.3904787433934
2012-12-09,221.690179992905,49.6481130661739,60.7441715457739
2012-12-10,218.732390206663,42.3628584196867,54.4322390310255
2012-12-11,197.934150013032,54.7110914963713,78.3184164214311
2012-12-12,188.409028299471,56.8290466237062,82.2842528428431
2012-12-13,194.847214869438,57.017188063106,83.8225385122321
2012-12-14,201.937687044351,62.8448228569451,91.9447661851541
2012-12-15,172.469808908295,54.1960370064711,79.231164470232
2012-12-16,202.818568942506,83.8995826922491,116.162338792058
2012-12-17,170.528191232624,53.7629455766818,66.0453021048046
2012-12-18,182.81361508291,71.545772821772,100.37632152577
2012-12-19,172.317531254221,71.2039547900973,96.056979019843
2012-12-20,99.9245396440395,36.48678866726,41.7918224212885
2012-12-21,94.8464137317128,35.2061420344843,37.849458296369
2012-12-22,129.464834478005,43.6965971582632,56.2798389509513
2012-12-23,134.336768988128,46.3463712639675,55.8365813816846
2012-12-24,96.6782693737823,36.4337016434159,41.5128904464
2012-12-25,94.7480734072327,24.6051827505076,34.7701353953405
2012-12-26,142.185298842225,53.3838757789602,71.6819881682239
2012-12-27,135.421237215373,59.1798482770141,84.1953674098689
2012-12-28,152.123910077718,79.7502895980029,111.15809410862
2012-12-29,102.70006437714,42.056436057473,59.0622752684466
2012-12-30,114.869593887052,62.5495785371012,87.7787065151017
2012-12-31,156.84958330767,78.5898000509663,103.822962833982
2013-01-01,169.290491950972,97.1046904961004,120.119904968883
2013-01-02,160.45964404905,82.2584917468592,87.7345072646048
2013-01-03,110.064530089238,61.8873662354429,85.5858935947545
2013-01-04,123.17208459224,105.522494785031,100.310046905413
2013-01-05,92.0855881651552,64.4188575083362,78.953607661235
2013-01-06,103.710848946266,76.9421874828017,94.9812927123887
2013-01-07,52.7507321647861,40.3194166245499,32.2169176035237
2013-01-08,74.6244160570135,49.0920795985657,52.2836232373539
2013-01-09,101.50420125178,85.9067073068245,101.501729676585
2013-01-10,106.444594769989,85.7958731559752,117.635722664035
2013-01-11,143.680366583666,130.263656907011,169.706697379258
2013-01-12,91.0112038722057,67.6907952600899,77.6362703066497
2013-01-13,125.360098310192,113.471812042926,125.90157291246
2013-01-14,134.436566080025,126.798928504228,115.97869845845
2013-01-15,134.584360543356,126.990786752625,137.00650473491
2013-01-16,133.183412698528,110.70935116871,126.012038524009
2013-01-17,135.907480525865,101.020205844121,137.358597677586
2013-01-18,121.276138765849,78.1706746284198,108.65459596892
2013-01-19,193.676470849353,142.049325866302,179.121411168699
2013-01-20,202.94105611904,142.992825564417,151.301180065152
2013-01-21,156.628088211402,102.792618342997,136.097865884298
2013-01-22,154.061403191838,112.506908308388,148.198373355171
2013-01-23,74.7181141243769,44.720179365118,61.2978899564196
2013-01-24,128.829928427799,102.927663219936,126.412484296494
2013-01-25,74.7314125434183,54.8228568902111,49.854684593367
2013-01-26,94.9795871301947,71.1555248452522,95.5543474881589
2013-01-27,98.4857895214461,73.6488276178663,87.0219943308744
2013-01-28,143.60549816454,121.359666785946,143.26592787393
2013-01-29,145.812405856919,122.536933247802,160.663424764047
2013-01-30,240.773022401533,218.03592756982,176.193994218369
2013-01-31,99.0520045993945,66.2443631589639,84.2119407171383
2013-02-01,65.4515262778025,38.6010188226328,37.3040142431068
2013-02-02,100.507646466412,74.7376100903481,101.134415382199
2013-02-03,96.4741503545711,72.0906276330827,102.464183387251
2013-02-04,64.31612560113,34.638930410816,47.052908725015
2013-02-05,164.442353941689,130.941706717534,143.399882250015
2013-02-06,111.811595462097,69.1856551800522,87.6475219728732
2013-02-07,132.169861205271,81.7127082733278,98.2566932386476
2013-02-08,140.77463144686,85.2966606884455,105.77273462399
2013-02-09,164.055676556294,97.158699099259,125.954037738508
2013-02-10,177.072370829067,92.231707203023,116.228626492458
2013-02-11,131.189994675986,50.5226765783228,71.7869313554664
2013-02-12,76.176303835115,33.1468606272116,44.0509123555059
2013-02-13,87.5215977924811,29.5293857382409,38.0275915106683
2013-02-14,128.66783309358,88.4484478689147,107.61618890365
2013-02-15,207.055434323808,177.950293284584,170.663647662019
2013-02-16,169.050631032573,135.177605614543,171.345796018612
2013-02-17,200.687832275434,163.761649519253,192.943858565397
2013-02-18,225.013080684843,197.568851912868,236.503193356779
2013-02-19,127.851706346617,90.5580231622497,100.815439354275
2013-02-20,109.788428304513,81.1483001446285,67.9205146013681
2013-02-21,111.265497968159,89.3258081910426,114.687590322729
2013-02-22,181.063611184293,164.718177319368,203.952107213767
2013-02-23,235.180223481148,228.393803158014,209.742079669618
2013-02-24,200.237870789785,191.28857589625,216.513827132243
2013-02-25,229.245038304976,228.742121120353,238.71532040955
2013-02-26,279.173151339167,302.708548915422,263.917447987374
2013-02-27,250.977537296655,254.347607310865,246.158197944777
2013-02-28,298.881463095956,309.67062910347,294.283993089632
2013-03-01,259.546550206496,253.073481379972,206.499775157012
2013-03-02,300.443505030411,312.880151769057,299.099103012515
2013-03-03,261.403069691306,268.522280089318,285.043268172116
2013-03-04,360.851064531528,374.341856133963,287.789852177248
2013-03-05,245.811876038545,242.950333414836,246.745026982989
2013-03-06,134.104658954248,116.815477788251,140.828717333496
2013-03-07,152.836168765785,146.299210654988,175.249473507309
2013-03-08,146.856537741516,147.675795075164,181.812726313661
2013-03-09,165.50853339511,176.1341000866,199.33863673225
2013-03-10,97.219134718615,90.7359168586404,83.9785765343385
2013-03-11,107.954248491921,101.123591426699,108.27624506837
2013-03-12,159.918875599218,171.505147160071,164.065866349802
2013-03-13,162.253984309264,177.51253347498,154.415015931067
2013-03-14,229.546426397859,256.594091990807,230.120786592523
2013-03-15,265.919566214351,284.971368129702,279.608205806815
2013-03-16,175.088279515677,165.874025260656,200.430915393943
2013-03-17,230.15975155812,229.43319617925,279.93269667397
2013-03-18,226.346803208104,200.605152445208,240.84323431368
2013-03-19,193.581687580269,147.040591230466,187.882994043863
2013-03-20,186.976644309608,142.926679207845,186.430312499676
2013-03-21,197.450237980202,143.055218742461,175.126578678029
2013-03-22,318.078166321697,285.852438393933,301.86908523323
2013-03-23,158.38901870046,109.818945941154,108.642166211806
2013-03-24,80.6644256050672,42.4550683473911,51.1872156731304
2013-03-25,176.292399816701,159.186711983194,169.368396245834
2013-03-26,179.809483502892,163.843613693528,181.242435219408
2013-03-27,145.580211902582,108.24957531524,111.703543033187
2013-03-28,114.559975902725,92.1786258864324,123.995992417047
2013-03-29,131.168873886868,101.432804073068,140.622953877759
2013-03-30,80.011612560397,46.5084329995801,65.3893950357748
2013-03-31,135.204589333047,88.2360920084905,124.477901461494
2013-04-01,246.414319639216,182.988114408879,216.588381352114
2013-04-02,371.868696128018,286.765213371803,245.152922205904
2013-04-03,344.637389667139,240.6041781309,258.090222011173
2013-04-04,191.533325620822,95.8827169239832,121.43586489891
2013-04-05,220.817699713821,129.142270402138,162.267982036619
2013-04-06,275.340867517094,179.218832462414,222.863039057734
2013-04-07,321.614493207482,216.270968459685,249.811966412724
2013-04-08,261.833021290663,150.073162527457,208.344623716956
2013-04-09,335.561825287709,212.446717744256,261.967677040152
2013-04-10,304.434235937276,192.957604893081,246.61387686015
2013-04-11,309.474667616524,185.011072416731,238.834079054626
2013-04-12,237.371737409514,120.701192132719,172.962784076496
2013-04-13,248.360921813892,138.033222814372,201.121331719599
2013-04-14,302.952163128132,194.184232724678,255.665436339692
2013-04-15,371.013134246212,263.534738969499,300.967404653425
2013-04-16,306.93668447237,187.916968063478,248.924043947576
2013-04-17,228.913601495527,117.218756288374,167.222523906809
2013-04-18,307.133161413046,199.261175888786,265.709824018204
2013-04-19,233.434585414616,120.838100041352,175.364097839166
2013-04-20,379.720272871533,223.922243303056,265.563471068096
2013-04-21,328.949184025306,177.175372147126,240.02024284006
2013-04-22,332.777006149618,235.713509293015,257.9341939508
2013-04-23,334.9251738407,168.800409913074,231.144056888107
2013-04-24,352.484841084387,180.926040398169,228.860111990708
2013-04-25,325.162721667461,138.259551890004,183.551235046278
2013-04-26,249.78462229726,88.9821301859427,122.407997546091
2013-04-27,459.473233534872,254.085885226125,278.604310475964
2013-04-28,355.362418571324,165.044165118357,222.864416903685
2013-04-29,380.181913566087,211.953079148678,280.486436019426
2013-04-30,386.264648339364,222.849290801772,297.882555366994
2013-05-01,436.342367364221,242.623414952677,290.169060482589
2013-05-02,361.444590682552,182.880081263181,240.967530030688
2013-05-03,428.000796451867,265.702052294615,297.230771671817
2013-05-04,332.213912351093,191.429213335827,257.495081364426
2013-05-05,370.118584379398,244.059590295153,339.16897603506
2013-05-06,273.499630276449,155.284236879298,209.127582751135
2013-05-07,283.681623389278,154.53913658435,204.084675417172
2013-05-08,259.027156849971,127.869079443278,179.94717687552
2013-05-09,291.212784895966,173.053094649591,242.387053818702
2013-05-10,240.312353200612,140.50510621374,197.183118325374
2013-05-11,274.37675692546,178.985038731331,260.13527062628
2013-05-12,276.907034271167,183.326201647648,264.570608095766
2013-05-13,190.942515050831,94.6486408424478,125.531507376081
2013-05-14,193.601596306722,109.230311601745,116.380519396826
2013-05-15,218.451209898441,116.197033429648,158.775784701614
2013-05-16,220.972035716545,129.3043306143,182.845601886245
2013-05-17,196.739643572828,105.618431515112,145.594073488274
2013-05-18,270.94389027007,176.893170959141,255.164178793999
2013-05-19,326.470238663223,244.419108594531,342.766133143341
2013-05-20,351.932944196163,261.930894185224,360.414929575665
2013-05-21,308.551926844614,211.583325327999,295.39420845919
2013-05-22,268.40765901965,164.822481991442,239.469271154072
2013-05-23,135.51004728509,93.6352959873079,100.780912601406
2013-05-24,152.562848160502,82.7474741843298,84.162226441998
2013-05-25,193.977081154148,89.4543377322808,122.160820349538
2013-05-26,195.753278558584,108.054915118061,89.5420648844907
2013-05-27,220.377998061845,99.278526398989,108.452994183243
2013-05-28,280.168988218158,145.152696039884,206.1173077766
2013-05-29,337.241014685184,196.232328199473,254.381223805194
2013-05-30,284.765089216735,139.506669295723,200.778883951422
2013-05-31,230.713003165854,98.9758264620747,134.317934763878
2013-06-01,202.515295220613,74.3604064394356,105.810025361779
2013-06-02,281.44547224352,147.089957693532,212.338084985973
2013-06-03,325.288064427376,197.617298376914,243.229382938482
2013-06-04,253.426568971252,135.758798559538,194.664422094863
2013-06-05,218.322123227597,106.282500083891,156.362036799342
2013-06-06,270.690161995773,153.225891580961,206.668270293074
2013-06-07,206.402430944766,96.3819315175216,128.693674412199
2013-06-08,238.015810241443,107.688882483457,159.116857961273
2013-06-09,416.103538182027,255.911400301679,333.269938990233
2013-06-10,192.778031664357,54.1038318423906,75.3191813062147
2013-06-11,216.80307823525,67.6349088568659,80.1135333616935
2013-06-12,301.892443155518,131.59924896813,175.659589383908
2013-06-13,303.144738285254,119.502495337871,159.303269005236
2013-06-14,289.426364959603,109.180947605759,155.681263524362
2013-06-15,309.060970629612,133.654800173686,182.109596344873
2013-06-16,252.505160509767,98.9879429667696,142.741212544523
2013-06-17,238.573923734895,88.5639401901901,130.677985866561
2013-06-18,189.677225537161,68.2645210257106,96.8399279405875
2013-06-19,208.053810225049,100.793880781756,147.861442819737
2013-06-20,120.003076750304,47.5282917465538,59.9805445110863
2013-06-21,103.793993532424,44.2451792949253,47.3953650896123
2013-06-22,182.98242110915,103.514442440496,135.339779511811
2013-06-23,265.038076061812,187.0936430731,240.627839656842
2013-06-24,172.124070868765,104.796953253238,126.763240639176
2013-06-25,110.138844509559,46.1265639816451,65.0027482362246
2013-06-26,96.5064405583754,46.8008844203916,68.6606572371527
2013-06-27,208.783101162262,165.97273705176,200.72087315362
2013-06-28,128.140041330504,87.2050525246866,122.280949643171
2013-06-29,132.574899177529,74.5112828337605,96.647988033432
2013-06-30,118.918818402376,71.4377307513848,103.886472542355
2013-07-01,96.5080441036975,54.8927101647242,80.6009826975153
2013-07-02,60.0356949807778,39.1868589328326,38.6337917042209
2013-07-03,61.2693800534798,41.4147185483216,46.5392318896132
2013-07-04,78.191704129735,52.0743544400944,72.3807021290199
2013-07-05,121.873560466695,105.493618976145,128.863524436715
2013-07-06,178.095565655006,169.997240549743,190.074437765245
2013-07-07,100.194527516357,82.1076154321173,112.526536175524
2013-07-08,152.148349633674,114.092118728343,150.134347385857
2013-07-09,189.583934226875,151.749647880346,156.341317312424
2013-07-10,160.884120047451,120.307208179015,137.253657625508
2013-07-11,218.938820563325,155.96413923927,164.979998278904
2013-07-12,131.569157033817,68.0372643565464,91.5180845695057
2013-07-13,79.4378755549507,39.4616145994462,41.1138187273291
2013-07-14,114.04428667313,50.2693395459676,66.1861478007581
2013-07-15,129.585619878483,68.2151621912644,89.4039863423333
2013-07-16,96.9599802286793,52.8958313376843,68.7614602453845
2013-07-17,122.087756256216,69.8441425552244,87.8049435213106
2013-07-18,167.413587497508,117.914498305958,119.462615553423
2013-07-19,91.8710982475252,52.3444547216945,58.4408892381951
2013-07-20,87.2549432316672,49.216879426956,64.3371747881949
2013-07-21,275.77095659842,244.730183704143,193.453400565053
2013-07-22,289.433095744334,262.215914455119,222.299632119666
2013-07-23,248.384458037657,239.238770013633,188.577566308633
2013-07-24,223.525801111887,209.318218130267,201.614298220741
2013-07-25,244.276793441324,227.451244468887,193.5914868777
2013-07-26,205.421620465334,171.30116183378,183.251568346896
2013-07-27,201.481848560823,190.178373345643,149.826425477195
2013-07-28,145.525169659548,117.889347389451,116.595934280535
2013-07-29,102.664335719625,71.2142039201279,76.6572388219472
2013-07-30,74.3674534409336,46.5764219804363,57.5129492172115
2013-07-31,155.563828964275,121.426729435233,136.992669724436
2013-08-01,86.6625511362431,64.7243499577359,48.1134139153734
2013-08-02,169.951513424963,145.351074933319,144.106864736114
2013-08-03,187.271780849245,181.267856985977,183.244672138867
2013-08-04,143.926258756917,136.456405518814,145.699008601625
2013-08-05,208.680908688509,208.784529946819,204.997421493853
2013-08-06,232.613648594239,250.32404822121,208.404005635275
2013-08-07,239.00210553455,259.362170655541,211.109097975576
2013-08-08,183.130475461471,179.02043477597,215.946271334466
2013-08-09,253.362273005808,247.728289972105,281.186548676705
2013-08-10,161.646360385128,153.592845715296,217.124152014395
2013-08-11,211.135086628417,203.27729110558,263.185575174783
2013-08-12,228.847311013368,216.491696912037,268.880292094317
2013-08-13,145.843617036447,139.168572700241,182.323637478571
2013-08-14,108.981504206384,82.820113581933,97.8962808158135
2013-08-15,155.425381850742,128.893600589957,146.669759863151
2013-08-16,125.197415010309,117.73938952754,164.417979249656
2013-08-17,119.218035293591,90.0997847155305,106.00472332064
2013-08-18,200.460966161539,191.539112503275,242.813737457037
2013-08-19,94.5927141296844,67.4486326092766,66.7426304660156
2013-08-20,104.172819536113,66.0580852856031,84.3224068175035
2013-08-21,85.5445599464901,54.2304949298561,65.9665886589535
2013-08-22,104.601135456864,75.6084473117274,102.252910755808
2013-08-23,217.520450185059,177.743510932303,215.422924024123
2013-08-24,248.390564422698,206.510104964368,250.176501147501
2013-08-25,286.607737230529,252.512785865099,311.348724991192
2013-08-26,370.126084167504,326.349765006695,342.460969438085
2013-08-27,269.103292973871,223.296352922845,272.418060828535
2013-08-28,166.007946613736,106.912109831132,127.562751371586
2013-08-29,207.52099007868,131.887974371028,169.394610092276
2013-08-30,222.999165749043,147.287408663734,195.65863710703
2013-08-31,202.304427936359,121.13707564297,161.993204348983
2013-09-01,222.808324075007,136.417275225084,172.791537445607
2013-09-02,203.950147970536,117.728221330751,149.724227109914
2013-09-03,354.762735707253,251.961409067205,290.577777224457
2013-09-04,387.357913893087,283.302329298659,302.958602320371
2013-09-05,398.412788641617,313.191247126912,344.969991367406
2013-09-06,339.164271972907,257.782545055914,326.53271298778
2013-09-07,412.52426592534,326.272460514926,406.185040812718
2013-09-08,367.431954303227,296.175869940328,384.490270111666
2013-09-09,297.867804738298,192.612062116825,213.899846997229
2013-09-10,290.302805972034,191.802684408896,197.362611535413
2013-09-11,308.955010230929,229.328894315326,228.469320107131
2013-09-12,266.998579874928,196.396263437658,184.842345322676
2013-09-13,247.633332384922,174.928891810153,176.236812639452
2013-09-14,164.964522487331,100.366370181765,95.1552689425197
2013-09-15,171.152104126886,85.0880272419514,117.89119906331
2013-09-16,247.496873265827,158.416468923334,209.866349057984
2013-09-17,298.044652536904,227.67756966768,269.786145131846
2013-09-18,277.450779100373,216.255124538686,285.456168125659
2013-09-19,249.812955717686,196.428847267281,253.301398886311
2013-09-20,150.269714369445,82.8713449980595,99.5919889607044
2013-09-21,264.426356594593,211.365384863258,264.074891262841
2013-09-22,286.912782449272,211.879516807477,219.312848943697
2013-09-23,242.112123188384,169.407673114192,176.18708823402
2013-09-24,209.720818204639,126.315536537494,158.960814983584
2013-09-25,161.003457292638,79.9766206291087,104.879318119576
2013-09-26,109.441976556385,56.1863961321026,76.2830270722086
2013-09-27,129.895096521225,74.9760378667736,95.978264528937
2013-09-28,151.642729717459,94.4698096159925,122.550214429985
2013-09-29,175.759271691239,125.481017724531,153.13771386454
2013-09-30,226.195902108363,182.168511389039,202.076906870181
2013-10-01,263.986231868245,221.80333865133,244.516372790779
2013-10-02,253.329522092635,206.923619656565,247.323618223885
2013-10-03,208.563345028653,152.632590021378,202.607132757463
2013-10-04,210.038370712223,147.32652704272,182.395456536811
2013-10-05,241.873112409431,174.068297136136,223.223430512046
2013-10-06,330.211778396341,266.432267833894,324.385474264697
2013-10-07,325.106095570908,289.208204875107,338.096041306713
2013-10-08,277.253502051509,256.608056656504,313.60366697591
2013-10-09,296.006756139939,303.662294639822,323.783377066426
2013-10-10,377.660896273076,423.585766062429,371.318204595352
2013-10-11,370.998116286236,453.599501170535,296.202074287906
2013-10-12,386.821585019404,492.606551919049,318.429880439039
2013-10-13,344.144709645829,441.848253526349,306.354195854903
2013-10-14,437.896633775374,541.903526167405,312.029521914753
2013-10-15,372.678856094372,456.425234702589,336.411351058131
2013-10-16,368.549089282729,413.280952736331,373.726460784448
2013-10-17,284.126900317751,285.391423305896,322.832006416301
2013-10-18,236.506954855668,231.796117486474,327.81413854615
2013-10-19,216.203465119413,189.258164215432,265.578648628634
2013-10-20,132.71201549413,86.3072065848597,101.340165993873
2013-10-21,196.151852846101,161.571045944566,213.830796474954
2013-10-22,163.48933550504,137.202426551768,184.158800443989
2013-10-23,289.490440551047,254.215347260947,342.552084441422
2013-10-24,285.299113606228,248.167902797289,327.731316475205
2013-10-25,242.343426932871,210.814014613926,302.518125726595
2013-10-26,296.14904685285,256.779455208593,350.823484824966
2013-10-27,281.007303479537,217.750920135561,283.387653298977
2013-10-28,247.861435515223,171.886076692468,201.622594136597
2013-10-29,312.914323561934,233.744572871755,306.2105511984
2013-10-30,290.028176171447,207.230995203999,281.697467376123
2013-10-31,305.250836749826,233.268618922831,314.588217547485
2013-11-01,294.858607710451,232.783387947164,319.649107150338
2013-11-02,346.00421115961,285.021656774641,356.643811525396
2013-11-03,490.985155343876,411.574705341558,446.874958023392
2013-11-04,397.434331472302,311.335001544277,412.93746534423
2013-11-05,356.072234552834,254.152012585046,321.985507636847
2013-11-06,413.561480113169,281.323156924075,384.825845505811
2013-11-07,339.429134935442,181.453199671293,257.15124292309
2013-11-08,281.301778923887,115.198589326403,157.49985921686
2013-11-09,365.113756981025,164.788032105962,218.582352038649
2013-11-10,292.363201691986,106.353289694721,155.597045706686
2013-11-11,320.400352817774,144.522141600089,208.658080253469
2013-11-12,247.033746981396,88.2295748423759,127.685655269246
2013-11-13,331.340917037821,168.655123239129,238.546876734017
2013-11-14,368.938365941707,193.195105155558,259.501470211336
2013-11-15,310.631486637288,148.460016864212,209.050249949286
2013-11-16,244.566657456153,98.780240763266,144.360958182152
2013-11-17,255.076369574729,121.056042688947,178.058161596628
2013-11-18,311.981455053418,190.212818910891,252.764225161914
2013-11-19,324.361826663215,207.620302182899,276.182285755373
2013-11-20,185.672861222422,93.9612831723694,128.771012776437
2013-11-21,208.189266786729,119.859223080237,175.507711767683
2013-11-22,250.598368607856,157.898609778823,217.560500329302
2013-11-23,245.421570610295,150.641313602556,207.547863872568
2013-11-24,257.429867279596,145.521520663997,202.618198203773
2013-11-25,289.679356869858,154.56520605601,187.282321365046
2013-11-26,269.673074784611,147.610594332038,172.248857882936
2013-11-27,244.580753539297,134.634620792773,191.017558414509
2013-11-28,176.646007769415,94.2015724343011,105.739585059699
2013-11-29,179.673545172681,100.772461112916,123.399454236861
2013-11-30,226.787177185834,125.992347924611,165.069754601248
2013-12-01,260.768304301057,158.940825224465,176.818134693201
2013-12-02,243.946820018418,142.044670390337,173.263788859175
2013-12-03,155.416945619254,82.1308999175898,99.3876235272221
2013-12-04,86.1531491116772,55.251291468382,68.7890798508596
2013-12-05,138.278583336186,69.2815916259068,90.4092546983988
2013-12-06,126.680507179398,57.0097354474594,75.9019052758907
2013-12-07,166.145182871772,86.0622500686465,108.323185295722
2013-12-08,145.705514330731,70.8425835319861,89.5186033250948
2013-12-09,177.182742032131,90.2059594794676,119.602078835524
2013-12-10,175.748677814928,88.9681551971655,122.329281976419
2013-12-11,181.675499342539,91.8768516898976,130.064875087047
2013-12-12,246.856169484035,164.216155535925,212.211033593918
2013-12-13,245.748976638466,158.758278780675,204.19513472468
2013-12-14,205.177186413611,117.59036877504,165.5502936208
2013-12-15,140.899442987105,56.919388687878,74.0639720720791
2013-12-16,192.198294027781,97.0450829409087,128.902198498566
2013-12-17,200.716522602175,89.3742428085593,124.196218092912
2013-12-18,194.947965120355,86.7859324455847,115.922075923438
2013-12-19,192.267817972633,83.7924840979294,118.389685898649
2013-12-20,198.523712605376,99.4545547330341,135.607658463059
2013-12-21,136.355745245056,51.8359234576023,70.209988479951
2013-12-22,167.00724036884,79.8061768880112,109.646055693721
2013-12-23,224.866719799654,142.547620085643,187.488080320304
2013-12-24,217.569076118317,147.472754430058,211.174017066961
2013-12-25,240.81960556744,172.231620389616,241.153950631846
2013-12-26,167.708590982515,104.758760387251,145.606500548472
2013-12-27,183.011763466257,115.872917894007,137.191508418546
2013-12-28,127.759353156431,94.5191778526272,88.3711071457699
2013-12-29,151.127109551648,74.7217728884467,98.3519706199852
2013-12-30,179.854604335899,105.303614721062,147.321517617368
2013-12-31,244.351642065471,167.033584963093,223.386370523695
2014-01-01,194.852311634373,93.0680932996978,133.424513657852
2014-01-02,155.008370803643,66.8870147533636,85.0611712365105
2014-01-03,230.197118402009,100.11025324518,141.019273377206
2014-01-04,209.487470406647,82.8685548162255,116.698127237129
2014-01-05,186.179341898339,76.1290953306332,92.4170329711434
2014-01-06,186.839235743268,62.7423766348457,81.4584997778156
2014-01-07,168.927150653156,69.3924214110483,80.4007522851919
2014-01-08,177.131580234435,52.766371451609,68.2988738455024
2014-01-09,199.10136273849,53.4565217706013,74.1813480504659
2014-01-10,246.000174937439,77.3929752579786,108.288669583353
2014-01-11,307.041534681613,124.254402671725,178.647794685818
2014-01-12,380.533828286486,184.116946287326,268.577878097182
2014-01-13,356.796902078038,151.629499491915,221.076184642135
2014-01-14,373.544134152761,164.281365487967,237.875777254556
2014-01-15,309.095872622934,108.261675391685,154.583495677852
2014-01-16,331.291224914298,122.803313866778,164.377955625759
2014-01-17,295.374321472405,99.3502476620942,145.76253825032
2014-01-18,270.81311382502,90.3913089634645,129.425539117186
2014-01-19,269.055810035135,94.236040714873,134.913092873157
2014-01-20,288.953597151534,129.605174647902,159.136194579234
2014-01-21,219.842335008736,68.0372644474986,96.9241605913018
2014-01-22,175.882495226344,39.036905584427,51.6042358990735
2014-01-23,278.790074899353,101.199028953089,136.864246099386
2014-01-24,282.203248653482,105.325044167269,150.877251613049
2014-01-25,212.863816589037,54.5387863493506,76.6337634745684
2014-01-26,202.950348556078,51.3273896582163,69.3828486522931
2014-01-27,212.767744652887,68.651976808078,91.2999079595443
2014-01-28,209.947354772434,77.6612090630678,98.0661359981812
2014-01-29,210.117235966796,67.3359378483363,95.0517133101261
2014-01-30,149.420373403442,71.3790559057886,90.1717341550924
2014-01-31,167.440331590226,67.2819180921587,92.1436159366198
2014-02-01,196.198428339664,80.1703483668105,113.196257943879
2014-02-02,201.033814090875,99.4890207284308,138.80298443525
2014-02-03,195.92171094509,94.781830327681,124.001503548018
2014-02-04,215.447918466969,130.357726432963,169.188863846235
2014-02-05,196.378947766056,106.737007646752,144.381660021127
2014-02-06,175.606604047613,108.102411705276,118.573328895461
2014-02-07,169.391879435419,95.5306540597714,121.383389959427
2014-02-08,184.176856526933,115.478011394621,149.645521973935
2014-02-09,226.305463835499,121.26653043572,155.871827810521
2014-02-10,177.872790628943,86.3807820118154,115.94278829724
2014-02-11,165.649492655275,73.289315093956,100.597259626004
2014-02-12,167.234161399513,74.0977501898636,99.0009785312345
2014-02-13,197.275593782394,85.3627874675464,118.614763132839
2014-02-14,318.20689812701,181.979428986128,252.84155963248
2014-02-15,338.359408591863,184.655283091214,243.328793352003
2014-02-16,363.295717229859,195.365224329032,270.932262774134
2014-02-17,330.82104592975,157.918177966904,223.143343619587
2014-02-18,233.49445818365,102.038203617195,142.52440673482
2014-02-19,265.883927953068,134.530293325793,194.016773892806
2014-02-20,366.183716790513,235.721893708734,335.508325635884
2014-02-21,216.838537673605,100.368237806548,128.884237046497
2014-02-22,195.364906377334,103.570320703494,120.902851900652
2014-02-23,233.739315783312,142.013012733116,191.324116231491
2014-02-24,304.897831989244,205.370084822792,281.214144077359
2014-02-25,458.240886399495,328.125907741394,400.303946189845
2014-02-26,369.185444786603,229.288842533234,318.668679750346
2014-02-27,408.357165608764,248.75280824242,320.110296522453
2014-02-28,352.07417972151,205.293727388336,286.707240838476
2014-03-01,352.27418063272,224.427045422752,306.026872383173
2014-03-02,256.8894430579,177.572130616139,198.77936931582
2014-03-03,203.976441506942,141.761538777931,184.820248664035
2014-03-04,295.395862184367,261.659865298248,298.02340925483
2014-03-05,201.7354297111,178.892835886533,227.073268362774
2014-03-06,271.376316011696,249.035962683839,284.282446941401
2014-03-07,322.209070594905,237.081695961598,293.759290166039
2014-03-08,252.589602937244,185.603432785422,247.468630815173
2014-03-09,293.239100479568,199.341274268693,246.281080958193
2014-03-10,224.298441143344,113.839707663748,158.774397231043
2014-03-11,196.840379896426,131.964354156999,164.576778037239
2014-03-12,215.378282081379,148.564330267702,169.840637714524
2014-03-13,180.180146346518,139.153683624341,150.03217040849
2014-03-14,105.95050161868,61.5967797676922,70.6629115854311
2014-03-15,114.018235507319,60.3170625474931,79.6965153438503
2014-03-16,104.713034158872,45.1365093306001,61.2150431581263
2014-03-17,68.0960199230728,36.4160038768996,42.8840883400532
2014-03-18,101.084968490368,33.6982373341536,45.8184172922252
2014-03-19,147.078703365863,78.1278337331823,87.5356796784173
2014-03-20,73.1645167460614,43.6053215204496,45.2039325267199
2014-03-21,109.628701730753,70.284686509708,83.9150543021625
2014-03-22,57.317047040163,32.8013203748801,40.3087784743527
2014-03-23,53.9792987612513,28.4191802089476,37.4572931684533
2014-03-24,77.7910431603191,65.3129831943487,62.5282443622191
2014-03-25,108.35705942356,69.8255150350605,81.0414760290259
2014-03-26,220.636242533275,172.733621072138,177.228247518914
2014-03-27,117.793305394455,90.2413518973858,98.6668099917448
2014-03-28,62.5164485012883,43.1480111333925,49.7732066400684
2014-03-29,102.107973106311,72.9735774709483,74.0902091794222
2014-03-30,110.200308825143,77.4367510797726,89.5047728825219
2014-03-31,97.79218454172,58.3555809247334,74.331867187968
2014-04-01,157.961885990339,139.268235891627,108.349428841952
2014-04-02,157.878446263374,138.624645562046,130.716641235414
2014-04-03,149.876910528695,119.232401013643,101.427163286881
2014-04-04,120.675771276101,86.5791653164351,98.0467946269064
2014-04-05,171.019090895865,111.279345072736,126.056235701252
2014-04-06,140.946662252545,66.018038051123,87.0233781774642
2014-04-07,164.734940326957,95.0575097337248,103.16705581552
2014-04-08,158.645007965053,86.459020077226,102.157639594233
2014-04-09,162.649421011261,87.4965723159606,103.10490048993
2014-04-10,136.241389751287,78.2982689475068,85.0473539245475
2014-04-11,110.089929556436,93.9910914521014,69.6990594311175
2014-04-12,158.645707895583,147.048038525406,96.3400546797329
2014-04-13,210.548268624888,172.39834399059,175.637490163197
2014-04-14,210.697639523873,143.196789119014,169.547891967375
2014-04-15,136.691561426978,76.3908137090696,101.351218528697
2014-04-16,121.840233334031,90.3242499067913,74.6163236604172
2014-04-17,137.656925974103,84.5413074321039,98.1448372067761
2014-04-18,101.009688051543,51.6487142957749,68.7117491728318
2014-04-19,109.557166439005,42.8099269074168,58.4519410313671
2014-04-20,120.758055261553,57.7967535462491,69.3414282534657
2014-04-21,156.830078955842,69.8925722954269,82.3809102108094
2014-04-22,180.604790383637,80.0604448563933,89.1443829115134
2014-04-23,228.959105265056,124.753610398369,118.113500766408
2014-04-24,254.942791362419,137.804110821716,136.611559929395
2014-04-25,247.490935800818,102.990068358201,101.515538594397
2014-04-26,258.440504728806,120.000787203823,126.29650327262
2014-04-27,233.216552395494,100.217359388536,118.018232588296
2014-04-28,211.267769091295,94.9383033547569,112.889710661726
2014-04-29,173.236977995781,72.976371609205,87.5052963240023
2014-04-30,239.747965725509,101.902224438996,122.055874161976
2014-05-01,223.23890964776,133.791724544676,113.067832043306
2014-05-02,372.339252814334,243.601362080562,216.762392844422
2014-05-03,271.268878604661,134.191291897579,147.166882505676
2014-05-04,227.960176950946,140.060829522247,111.504688865521
2014-05-05,224.625087507328,102.681784328576,95.7062368359695
2014-05-06,198.670072679175,93.3838361524597,122.757366047377
2014-05-07,238.794423445341,134.82648468021,160.061366637346
2014-05-08,197.202274872442,94.0506937206938,108.513759172789
2014-05-09,311.168604308469,189.689378879738,182.592920166164
2014-05-10,275.293611920121,150.521159336337,180.460859677848
2014-05-11,233.852446559146,125.020922158013,149.579234711784
2014-05-12,226.184112763127,125.936466319118,124.255595257917
2014-05-13,249.238357492819,130.802003022135,158.059122756473
2014-05-14,173.767849612781,77.4581709532553,108.426755895999
2014-05-15,214.378813580211,111.115427865834,138.598612866284
2014-05-16,242.351988692391,120.077165977951,159.917767238465
2014-05-17,308.845158515379,157.623861979579,186.25496391856
2014-05-18,313.88094207857,168.33564293121,196.521682578564
2014-05-19,289.862895444636,153.31437586593,184.255485859881
2014-05-20,321.056935985016,178.572444606604,197.02430578352
2014-05-21,295.551605087247,173.653817616831,178.667100002698
2014-05-22,186.276618241736,99.5365232957558,139.614935240477
2014-05-23,127.926216053804,71.5867535162036,96.6397013713694
2014-05-24,181.582312637124,98.3816081322771,121.633328663109
2014-05-25,213.282042855032,111.412530499225,92.1394600986407
2014-05-26,174.755286569635,87.7704047433812,78.1899872677029
2014-05-27,208.333860812051,93.698627866427,95.7711343520269
2014-05-28,147.780711889446,52.4487692166115,63.9243001350945
2014-05-29,206.610038971792,94.4474577377942,97.0360102348538
2014-05-30,165.331982461086,74.1061348443328,95.1124625901367
2014-05-31,147.640164362789,57.257481133663,76.9734532247526
2014-06-01,176.307337856495,67.73550179053,87.3754984095582
2014-06-02,123.415959345694,46.9880934912667,64.6009223254098
2014-06-03,186.105111860759,64.4868501045441,91.4020948817888
2014-06-04,186.642839483815,62.1313876886713,81.8119947375522
2014-06-05,245.848915731437,94.4167327788001,118.969639056836
2014-06-06,201.076364365478,87.2786325447307,110.604372596521
2014-06-07,187.499499730713,61.234471161421,85.6756525128808
2014-06-08,161.780520944793,52.5465639873821,71.7123646455031
2014-06-09,192.612513315316,72.2396482946309,91.7624940897349
2014-06-10,200.507263069912,64.7290071049492,86.7071578077323
2014-06-11,134.287145969592,48.1839809815706,60.6571717749747
2014-06-12,125.30264018664,37.4172367749569,50.6638681099517
2014-06-13,131.015503818791,45.9766136346636,63.7737826325978
2014-06-14,125.187442775116,50.7732194042071,69.214385963502
2014-06-15,163.073557224936,75.1148210174404,101.869029896442
2014-06-16,237.56376802806,168.197805791904,171.055800653813
2014-06-17,253.296286659026,193.713872975533,215.652193942907
2014-06-18,235.905598286106,160.468289245032,192.884489339439
2014-06-19,231.507723059354,167.771230891564,224.394400639724
2014-06-20,316.642572986617,265.735587592734,278.221858805088
2014-06-21,379.253337442256,340.606389680871,280.153649388117
2014-06-22,362.305165439609,313.735151049547,314.158782077207
2014-06-23,348.301765160612,291.000193963778,359.985467035093
2014-06-24,248.165451865109,189.917573795215,257.99082280671
2014-06-25,179.616926677948,131.283505455964,183.511168389715
2014-06-26,254.924010699274,210.09871955181,283.401463025864
2014-06-27,184.054416581242,134.493983569208,186.555991237343
2014-06-28,240.425002156625,195.058799511108,254.3839952572
2014-06-29,210.680603003776,159.706426360243,203.196775622974
2014-06-30,169.683038192865,131.080485604815,180.761900835181
2014-07-01,265.725239131183,241.032621770189,243.228008497387
2014-07-02,257.51068003366,233.797643899373,252.529469092343
2014-07-03,304.492651506955,278.864307481758,254.059456974892
2014-07-04,256.058387485571,228.414277759122,272.195739488517
2014-07-05,231.487189712497,206.50078412138,272.699747113157
2014-07-06,245.580243163141,222.819490071077,256.332360883638
2014-07-07,217.354537369546,205.631818253825,249.63238597431
2014-07-08,131.990161016914,95.5213395607026,74.9822473827798
2014-07-09,210.071283388367,187.507165212012,238.165743391528
2014-07-10,276.770990716943,249.425270799642,232.824577156757
2014-07-11,206.491881412279,173.990982582775,225.229820387155
2014-07-12,287.436504558601,275.1313387708,253.284808588471
2014-07-13,341.94433565535,321.514042972805,233.017895263834
2014-07-14,276.033171832776,247.76462188693,224.605690649421
2014-07-15,256.446009215952,222.347282604322,238.563431516845
2014-07-16,233.040197957984,196.723166722161,251.785199812695
2014-07-17,220.603819511367,183.119439088849,223.835149101387
2014-07-18,154.778585916568,128.330107548856,177.4712823115
2014-07-19,155.260493932234,136.731158490967,165.912089805946
2014-07-20,140.349894115347,108.269131906909,149.848499802001
2014-07-21,128.29203270576,107.477464857977,148.185953610358
2014-07-22,125.145796733335,118.896171008364,141.937541608502
2014-07-23,144.200671549079,142.24212450976,126.741139446346
2014-07-24,66.1100678805159,45.3600404593506,44.9222392301158
2014-07-25,90.922567989076,67.3135847422826,79.0392244956535
2014-07-26,161.152862781473,134.514466526554,147.137870440336
2014-07-27,190.059511002007,163.029588081408,144.476955016696
2014-07-28,208.293691911889,195.514236293272,174.909774284207
2014-07-29,184.814240160421,183.147387179144,163.864275672048
2014-07-30,192.011150265278,188.163787611386,172.991764537352
2014-07-31,86.6354286742333,65.9798473111448,81.0773753520049
2014-08-01,77.7442574617551,56.7871345271176,68.7200343178793
2014-08-02,147.515282645793,149.156691636868,141.070360155033
2014-08-03,59.9295175346898,51.0898847685439,59.2666518604187
2014-08-04,41.2931619534936,26.5871555617914,30.8540098779239
2014-08-05,96.6264136210938,80.9145185101946,86.0678198151849
2014-08-06,164.249286299912,148.307265909995,116.271431985199
2014-08-07,165.802602112727,146.362547104457,130.981788193908
2014-08-08,169.129881494312,157.42454131543,139.80962045641
2014-08-09,195.397071821498,191.690933021702,142.817156240796
2014-08-10,69.6021873250679,53.4043625790385,54.0842632255848
2014-08-11,52.5978109315103,36.1310002398965,44.18485601135
2014-08-12,75.9930815546789,66.2015139188578,62.7519401938995
2014-08-13,78.0988604527233,61.1599629566556,65.4197744965173
2014-08-14,55.3870189683816,38.4054319187069,44.4361777525464
2014-08-15,144.581184872802,118.890574716683,73.2865460813128
2014-08-16,174.386243784806,151.099552026537,126.036891262235
2014-08-17,142.127350357333,114.759912223608,114.005438342155
2014-08-18,111.433238131954,77.6425826115929,81.9956498030635
2014-08-19,175.455334498486,137.24247927749,119.886527267792
2014-08-20,189.013159337371,149.520850166341,113.335722911552
2014-08-21,70.9201097662703,35.3756531114625,41.5142661179632
2014-08-22,136.805035568013,88.8815452106001,89.6124913311646
2014-08-23,163.381008899827,124.204104056146,98.3505972576563
2014-08-24,204.772988350552,159.53132175426,145.07900844065
2014-08-25,198.45570016367,141.186880507358,157.048333661674
2014-08-26,224.729388687229,164.784301540437,156.428313931202
2014-08-27,90.4146375353455,40.4991727159696,51.0325607053947
2014-08-28,65.2910143332817,25.4881304851025,33.5825931740047
2014-08-29,101.458024021218,57.8461108686143,76.240206780141
2014-08-30,191.733913762642,138.576211058219,142.263410911558
2014-08-31,205.607209063682,156.636599613639,178.327430344537
2014-09-01,185.675873327095,129.885511155683,178.179665061665
2014-09-02,246.666118935926,188.278345926996,219.1222511315
2014-09-03,255.283241775819,178.840681242582,218.37107473817
2014-09-04,201.584154972352,110.532383917578,158.248297414529
2014-09-05,270.719377390042,159.58161718651,212.658443343472
2014-09-06,315.568453956662,184.314402214426,221.524945673018
2014-09-07,262.539024394309,148.785074284257,197.905312555421
2014-09-08,196.64875539983,104.400181914482,146.60761913462
2014-09-09,180.864850749606,119.341367585186,158.753686795649
2014-09-10,181.796069734345,118.707101077279,164.438699073688
2014-09-11,173.073552527283,128.467948735536,176.641395674906
2014-09-12,188.554009535815,162.648644087604,201.300837284884
2014-09-13,144.359334235444,111.164787803076,150.454699607872
2014-09-14,210.270121600688,179.987209943916,220.311192453857
2014-09-15,234.567612523995,205.315145624678,253.541668547788
2014-09-16,286.491951413537,262.742134049432,297.540098395591
2014-09-17,203.5789579656,156.647759431453,223.25103927929
2014-09-18,146.139613890855,69.3663432875564,86.9419016569021
2014-09-19,165.331093012106,67.570646723862,85.9973894579827
2014-09-20,152.096625534917,59.6147978839219,76.836747808944
2014-09-21,194.203505555171,121.896144207598,160.877445316905
2014-09-22,261.233294422588,207.166729944511,226.415994589427
2014-09-23,279.416606859014,192.830004241444,218.165330245123
2014-09-24,238.442215029968,137.115815269133,189.649122617934
2014-09-25,212.192664214557,113.092743518536,145.458737288286
2014-09-26,135.373406751483,71.9276372125116,86.9391407060126
2014-09-27,158.643970931907,101.738302025079,111.153959138028
2014-09-28,121.596575512241,69.9186549665311,76.1228415725623
2014-09-29,111.534638606502,65.0941046083539,70.8065141194774
2014-09-30,108.645829442724,64.3070919780679,82.6322334353097
2014-10-01,140.167098474415,103.71282381238,121.869454285614
2014-10-02,191.251208526437,160.898591743581,155.483791618848
2014-10-03,293.793924869181,267.562968769621,194.638156686758
2014-10-04,146.191182950226,124.743373899331,137.930275989573
2014-10-05,163.754289335493,148.153593058132,160.87193897296
2014-10-06,239.086756441413,232.690250766999,188.317985144225
2014-10-07,153.993643209546,139.240290211566,135.740225958524
2014-10-08,179.040975626857,164.756368184406,145.777726632233
2014-10-09,258.223180956194,262.814769649779,186.288107397934
2014-10-10,194.988553089828,179.99932118475,183.148002044829
2014-10-11,127.139194836438,93.9389332155372,124.044322963588
2014-10-12,208.166528315454,173.585849509516,186.48558051706
2014-10-13,169.991743654934,122.947666182617,150.686680685734
2014-10-14,124.331827171477,71.6659213352619,74.8041181295759
2014-10-15,174.960528101546,129.906007210153,165.351455078391
2014-10-16,166.10877457296,111.111701847921,144.775213529822
2014-10-17,200.822448262272,133.427558636702,177.131607074095
2014-10-18,175.190389121164,98.5678804802889,112.619048931424
2014-10-19,174.790546420595,118.860778681397,168.345166336564
2014-10-20,221.998970386506,164.602692365225,225.514291996045
2014-10-21,285.063390021844,228.306230981956,278.127911972538
2014-10-22,273.834686030921,190.271502703915,249.390786758532
2014-10-23,337.235329445114,241.643601120901,279.137345875481
2014-10-24,261.758031162644,147.815500760144,180.324154009204
2014-10-25,323.343701868748,195.191976899692,208.669130951019
2014-10-26,387.484378963708,211.171650849852,257.816806948769
2014-10-27,265.598927280989,93.3661322921427,135.092605012174
2014-10-28,304.49396093759,127.577561516525,170.921861161333
2014-10-29,230.225467986375,69.596400939134,84.9700393943043
2014-10-30,141.832376345469,59.2524987139462,56.8736095896588
2014-10-31,179.084855904954,47.1985802716721,52.9919998857459
2014-11-01,271.021991644043,129.88552292263,128.885632793229
2014-11-02,295.924920914406,168.23506765365,185.559016336197
2014-11-03,316.50800680652,210.466601518427,242.856546068087
2014-11-04,247.831944820431,156.320865412709,183.411773550884
2014-11-05,171.160527170897,80.9294204672066,98.3119358544542
2014-11-06,124.670450661011,43.5047326568985,63.3029083064736
2014-11-07,73.2874944736185,31.3641992256855,31.2544519927161
2014-11-08,80.3121675247677,29.1950192648927,34.5091503934534
2014-11-09,94.8239419024188,37.7227277577518,48.610522331666
2014-11-10,106.207401152581,63.8656219307649,83.2329114405359
2014-11-11,145.629820665978,93.0988306736736,102.616091478628
2014-11-12,161.611171600269,103.221063380676,115.089429852969
2014-11-13,154.793851401244,73.1123485704427,96.0845923549883
2014-11-14,125.140370706696,38.6149907076645,47.782009714774
2014-11-15,169.456473170096,84.8784692715641,94.5766964957571
2014-11-16,99.2675598537574,49.3863936872627,61.8999513699866
2014-11-17,141.348108327303,84.7434237579595,108.441949823446
2014-11-18,169.069572689698,68.4023693180353,93.4996261731558
2014-11-19,177.387841306096,76.7018892848118,91.5760808208171
2014-11-20,292.958841483189,175.062993040489,194.509760856798
2014-11-21,315.299341743716,200.005344144912,222.077303666532
2014-11-22,259.569526045352,165.263032642285,202.607145517247
2014-11-23,237.838233257397,147.591967982884,185.873836660988
2014-11-24,182.074830994791,114.444182911362,149.468775454843
2014-11-25,161.915359825153,104.256744049574,139.902152360413
2014-11-26,149.967590058182,96.5104667660132,128.516931179973
2014-11-27,298.293118378715,255.955159683854,282.485947890689
2014-11-28,410.026530535236,351.265095841735,361.095699546922
2014-11-29,409.70846506297,315.460081058807,398.849897486236
2014-11-30,295.966672640003,190.124350610779,270.823172025073
2014-12-01,234.188317611686,116.647817293878,167.642301240537
2014-12-02,322.523897505981,188.605270210099,242.61766096114
2014-12-03,358.618604987191,225.104151586673,243.117505718964
2014-12-04,336.383690324264,211.112042112281,262.579399084917
2014-12-05,362.784287070996,285.763030756081,362.754111813028
2014-12-06,309.502333135886,236.763159914209,316.274261218073
2014-12-07,259.660199992601,214.748148784802,276.408750948949
2014-12-08,279.993018780179,250.192731817894,293.996775919129
2014-12-09,341.413578905736,312.621237590469,356.010005784043
2014-12-10,500.493423792566,500.737503420869,492.255627410872
2014-12-11,459.192530083803,424.271292966122,460.319033416172
2014-12-12,317.027539749697,264.260274680349,309.951287697817
2014-12-13,276.263670545901,221.215654427502,277.784099033914
2014-12-14,278.431998059762,204.44336870175,284.340427685446
2014-12-15,330.330447171714,245.770550295271,322.566882398449
2014-12-16,258.157688581359,174.082262438499,246.343217085113
2014-12-17,291.698936031272,218.853672980994,305.221842715591
2014-12-18,252.810136566337,172.468195059511,245.419439155582
2014-12-19,172.845518921169,88.8973709638876,116.439899764419
2014-12-20,208.209295532663,98.6433255216078,129.860510833465
2014-12-21,303.73864718286,219.327749163959,317.714517438202
2014-12-22,283.812171017667,231.470146502281,330.005585840946
2014-12-23,398.964390135325,365.407165997556,480.512716563416
2014-12-24,283.805363317811,210.566259025297,305.152799727825
2014-12-25,285.80364802111,217.61680512596,319.465451815135
2014-12-26,368.447030531814,292.749311722316,412.110308290021
2014-12-27,395.628342917673,321.238355790344,402.667981654251
2014-12-28,362.552015710185,233.523828082106,326.85858389213
2014-12-29,325.747508119744,176.160176425154,247.284975378836
2014-12-30,313.965354067389,143.870178451199,210.421446089944
2014-12-31,311.838315602401,123.83061969268,181.535171561063
2015-01-01,377.047570462301,167.326967661002,241.575096928558
2015-01-02,333.49408472877,129.936738706339,187.976891438572
2015-01-03,367.111039729211,159.417690088551,212.141994128999
2015-01-04,359.608716221218,171.123271627681,249.603437303351
2015-01-05,298.153389791934,115.238649169138,164.750787102322
2015-01-06,234.531570315238,83.0799802294914,110.848794421429
2015-01-07,188.618519795136,58.9348954898429,76.2167402651618
2015-01-08,173.933690451901,49.9163467007277,69.5278364993773
2015-01-09,274.46490191453,141.762470202826,207.052145067523
2015-01-10,267.242510680097,140.477163591949,203.859585052372
2015-01-11,206.58542445872,85.2687156450506,117.251849794282
2015-01-12,195.57394837811,76.5230644363827,99.5491845130183
2015-01-13,258.592796924383,106.280627888758,154.808551791819
2015-01-14,286.560636855359,131.633716032215,192.745017781177
2015-01-15,223.70073718494,80.5363802055821,114.473555931321
2015-01-16,164.669730666065,72.7789169326988,84.8554166637407
2015-01-17,204.189201999376,107.122606741344,116.811358721439
2015-01-18,198.775766382623,116.034050501268,164.743887691705
2015-01-19,243.034573398299,179.843772454187,244.316127191448
2015-01-20,319.483323393076,249.074131902242,285.776511818677
2015-01-21,312.380336716272,269.155593446113,369.132302345246
2015-01-22,348.376192160237,292.514604108753,413.692777432949
2015-01-23,358.297265929342,277.999993508925,370.799037260387
2015-01-24,298.848424328456,204.055916136818,288.698424127489
2015-01-25,275.499411879331,179.367835820297,244.90849314989
2015-01-26,290.977392998993,172.723377251444,250.212391688647
2015-01-27,307.569830848321,188.282085269413,270.834223599121
2015-01-28,289.887894512223,178.438330870335,257.297614481918
2015-01-29,321.052264467006,199.370151919363,284.236873199242
2015-01-30,339.544513262694,213.034425570191,297.973708767673
2015-01-31,283.206422534138,159.647742862815,232.348167309428
2015-02-01,291.614145709575,164.199400677025,234.755021515174
2015-02-02,259.977532599923,137.879543448053,199.600998804725
2015-02-03,272.643495831707,160.280154672527,182.545965442889
2015-02-04,199.545526763787,77.6751788561979,113.352289476532
2015-02-05,235.317863516295,121.145452418701,170.346037040522
2015-02-06,249.905121733065,131.423227228122,180.169501654106
2015-02-07,312.927349611183,170.143454203292,234.083907320665
2015-02-08,285.727482930095,143.517190426428,208.692612535016
2015-02-09,249.856807164264,104.917097560186,151.332932854512
2015-02-10,241.280875442208,98.257739785627,140.425502536229
2015-02-11,192.743649175047,61.7485907020266,89.9010908649534
2015-02-12,186.778120839029,59.0336216400324,83.6982565832077
2015-02-13,183.774920354375,68.4051628196262,77.0507836668001
2015-02-14,188.263307662315,86.5493653247264,125.001255800674
2015-02-15,280.012302939313,177.844110653278,232.120336877982
2015-02-16,226.963676917034,129.952567301885,187.336163750498
2015-02-17,195.81080704481,108.203011755953,156.751451039236
2015-02-18,152.888662712303,83.3603219556574,116.923206156891
2015-02-19,127.909606345285,58.5660710931099,74.1136884710409
2015-02-20,167.610927347402,102.89041062395,148.99512369293
2015-02-21,228.142109208238,174.579619923608,213.854270743567
2015-02-22,314.821868623364,253.956434662654,261.900032647735
2015-02-23,123.853875352018,75.1297229971906,95.8084295228717
2015-02-24,200.699492052144,151.183366010325,138.297579631142
2015-02-25,187.38890376328,135.208346217323,127.934202608684
2015-02-26,117.074323023497,69.2787960665213,72.4483659055204
2015-02-27,90.0731643784733,53.7871614188352,59.7734221215212
2015-02-28,101.221215318801,67.2800529344554,82.3201520983992
2015-03-01,109.078913831365,42.3125656705277,60.0578779871643
2015-03-02,116.65786303772,50.8114060513343,68.0682624385655
2015-03-03,145.910500932302,55.8511001779637,78.3446532253713
2015-03-04,176.118084550895,75.3392811949586,104.170933397292
2015-03-05,132.714438104131,45.0945989962112,63.1537775666072
2015-03-06,105.688132062126,39.2939677933869,53.9130412546208
2015-03-07,170.604850183649,55.7533033948747,78.242466471684
2015-03-08,168.195436539286,62.9854606034857,86.0609075942176
2015-03-09,164.609595400174,49.070656064255,66.6791186506773
2015-03-10,171.536663703942,65.3027326886654,83.7617706235014
2015-03-11,151.45702795024,50.3708617330418,61.7632459204667
2015-03-12,266.816618256986,105.690145035907,129.710000949756
2015-03-13,249.188483057828,89.2950678952261,122.032394212985
2015-03-14,249.142403893192,81.5348193064537,100.720159731126
2015-03-15,175.517938824691,57.4288549694789,71.3726724175273
2015-03-16,195.488394361564,72.7509746747164,98.6778552617512
2015-03-17,220.319356572087,76.6618376846239,106.314029581563
2015-03-18,217.103633117644,88.2630997264635,115.13222150716
2015-03-19,282.395325197186,157.884632493502,176.305824494694
2015-03-20,211.836969006278,119.60215262873,131.166799412053
2015-03-21,154.219932672698,72.2210217067275,90.8124617420317
2015-03-22,189.637237675649,63.6895853200655,88.749454000946
2015-03-23,182.73719648106,67.7802051717487,91.867441962869
2015-03-24,294.538559607493,140.349563213169,175.264669356308
2015-03-25,341.250425688467,233.8414261333,241.275448500782
2015-03-26,303.758215087954,151.880039009412,200.624218583704
2015-03-27,259.358804344143,82.2584919287637,107.823306034229
2015-03-28,208.625564693149,57.5359597599203,74.3304755371775
2015-03-29,179.442296733485,47.6922163319564,56.3060775247426
2015-03-30,200.869450651868,42.5686963409022,55.6045963764387
2015-03-31,214.907909510275,43.9154744595576,56.219085625567
2015-04-01,194.664152459927,41.5516300154616,49.8477780022117
2015-04-02,167.628183167169,70.6535123048318,74.0529257064506
2015-04-03,195.463172046133,76.3190948675681,89.4854577893222
2015-04-04,173.143623595795,68.0903531198521,84.7311392520506
2015-04-05,200.506857923988,56.7899258913308,61.1266638726587
2015-04-06,166.393242865558,47.763001167793,56.6692445270025
2015-04-07,150.638282449116,28.5309471376066,37.3758222439919
2015-04-08,185.361037719693,39.351710406887,49.6461698787825
2015-04-09,183.29574232097,40.818634390048,51.6139019072474
2015-04-10,192.678660522299,52.0212641874456,68.472857070759
2015-04-11,284.499963660706,123.730027407051,142.331085711702
2015-04-12,206.60404435971,87.088631234227,97.9487621773272
2015-04-13,163.065909101454,54.6701104381306,67.3750756048234
2015-04-14,180.317541008362,78.2023444959795,83.4676569415669
2015-04-15,152.335815262242,50.4313982346799,60.7634963310155
2015-04-16,253.204241554272,115.064480967685,121.065800862691
2015-04-17,202.156023256588,91.8069963575899,112.674282091169
2015-04-18,164.017365486494,39.4681342553785,54.0276506860172
2015-04-19,218.402984421382,68.7479090473913,91.0748275059108
2015-04-20,178.854672094277,40.1741184792533,55.0881515275987
2015-04-21,207.601917417357,39.0648501730608,54.7125635500577
2015-04-22,166.660941626324,42.0517793877591,56.0147106854558
2015-04-23,177.997194991883,48.687862283677,63.0585002189812
2015-04-24,185.404666152048,59.0503865377867,70.207223938792
2015-04-25,201.64435837823,56.7899300865031,77.262055725149
2015-04-26,185.300023420862,32.4809245246014,46.7325488167899
2015-04-27,197.378893292604,73.6274058230173,83.850151628253
2015-04-28,222.857876350391,74.5336379976086,96.6024226011449
2015-04-29,246.669084430437,111.867984766958,149.692471320234
2015-04-30,174.669649349479,38.2601367748344,53.0251464665733
2015-05-01,147.119845829677,46.1843112678168,61.4442665719651
2015-05-02,155.777471786667,50.0020337436951,70.0042344802759
2015-05-03,105.518278511861,63.5331136686422,82.4913793283494
2015-05-04,120.289871909508,86.7738257978394,83.0561545551731
2015-05-05,147.437929584029,65.9397999402363,89.0270072533852
2015-05-06,162.224858460174,88.1438848320916,114.810482876486
2015-05-07,138.707228308272,66.2359765831286,85.4699010921316
2015-05-08,116.417483848208,57.1010091639069,80.9075323057589
2015-05-09,155.698360696166,111.704056441144,155.972638302695
2015-05-10,160.42600168911,119.561179130895,165.082191404055
2015-05-11,168.032373406668,138.538972264237,173.470943931991
2015-05-12,101.902166358294,76.4858115675399,93.144744754192
2015-05-13,111.17502175434,104.033215865403,83.15007155309
2015-05-14,125.849752050588,113.735403355482,123.994602300127
2015-05-15,86.4434736439697,77.5494491718389,78.6539685883862
2015-05-16,79.9860732942129,72.5889189874282,63.6453604234282
2015-05-17,61.8989653081531,49.5335499869397,43.8161772544574
2015-05-18,120.343513969133,87.2972631345328,108.425375032873
2015-05-19,93.9655180071062,70.493315499542,70.0277156091685
2015-05-20,93.074552366817,84.0504707511994,58.9559479986341
2015-05-21,66.7286852873914,54.5844205756437,47.1537140424811
2015-05-22,124.810807835175,103.987575602154,105.20380966096
2015-05-23,91.6292545494406,71.9723414805146,63.6936899249141
2015-05-24,57.3787986698306,26.375735116792,32.4654749721185
2015-05-25,74.0980542270224,54.0479458029757,50.1833332200532
2015-05-26,29.7075091506416,19.7042629862844,21.0940651198589
2015-05-27,44.5932072080735,30.2726238314332,31.195076782975
2015-05-28,51.60617213212,35.9195771118058,37.9488781322401
2015-05-29,76.1910453783947,50.7583124561906,46.7725912011086
2015-05-30,71.1778566189439,53.4434810603458,46.9590120719582
2015-05-31,154.510621162882,138.494257218392,119.073216230846
2015-06-01,101.167902711846,90.3261050938546,85.2862438185203
2015-06-02,96.4298779235568,70.7513063820914,86.5055517238457
2015-06-03,75.851406928944,49.4199248811623,62.5420549993151
2015-06-04,61.9666126190766,34.8429025035555,44.1627622013266
2015-06-05,71.0019733780503,35.9233055399533,48.3205453901742
2015-06-06,96.0166117600805,55.6387456704541,72.9316697696338
2015-06-07,93.2949248832824,48.0265797356662,62.7243266564854
2015-06-08,160.515441101609,99.9509849656822,136.675074424793
2015-06-09,196.742208278702,127.720063920532,172.752887672855
2015-06-10,213.24062710874,157.7067481993,205.636751058538
2015-06-11,132.224433985082,92.1180814264727,99.0575936497279
2015-06-12,88.760100889951,65.5644520903146,78.8514239921454
2015-06-13,96.2552406634639,46.0716143353915,60.8173546788391
2015-06-14,76.9827944738172,56.0373740949018,52.047492928957
2015-06-15,69.0667070014313,47.5729996299086,47.9919004380362
2015-06-16,73.759781041345,52.7486706836686,45.5891921085354
2015-06-17,109.855942946242,60.9429479594378,68.8567380818267
2015-06-18,80.8490418048759,34.8363815629227,46.5364640110207
2015-06-19,112.455269282036,68.4806053256514,63.5763243970767
2015-06-20,125.64825785707,71.9565133624687,95.4839267555757
2015-06-21,76.3382590306431,57.8284167401877,52.7061664944098
2015-06-22,115.427216555172,70.3768896842081,86.6312070489104
2015-06-23,230.302224488214,102.226341554933,140.75414558367
2015-06-24,257.722420405363,130.346555518975,178.395093885058
2015-06-25,177.741660833821,52.2252395089898,71.5383779985342
2015-06-26,262.827631068155,100.75848564664,141.599224512706
2015-06-27,278.695851210114,91.4838167262415,122.098686312729
2015-06-28,266.807983924925,74.2002085086116,108.395000140032
2015-06-29,199.578657770755,78.126904047749,83.0672085395893
2015-06-30,232.226732994997,61.1869747674797,67.4883101400201
2015-07-01,235.760828679995,52.2401388056487,56.5877688155153
2015-07-02,278.614702436142,89.7970857677217,125.440370881695
2015-07-03,243.546895421079,84.0271923481584,72.0865865255326
2015-07-04,169.351367445306,64.0733138680336,47.1606147678441
2015-07-05,147.610191790648,33.0574497150781,30.6206398293317
2015-07-06,155.355781455955,12.6602404411308,18.1721587442618
2015-07-07,202.354713282355,34.4330959230477,46.1277309696676
2015-07-08,226.813474668747,54.1476052766882,69.3800898083692
2015-07-09,211.612946988255,53.0280891137965,70.1740860386629
2015-07-10,224.538848438296,77.1098299913674,85.4422816552138
2015-07-11,290.96152215395,109.533013869311,146.216834836119
2015-07-12,291.550233173325,109.689491648642,156.924056469108
2015-07-13,184.442586997886,48.726975455647,69.5775479764674
2015-07-14,205.871911182769,53.9240758419232,67.1016651777439
2015-07-15,210.571938804856,63.7231170824166,88.6030825095409
2015-07-16,253.972385343083,117.463717772854,169.194409346029
2015-07-17,261.716791282393,134.569418025959,169.169532824375
2015-07-18,185.121013806109,43.676106674619,62.0352762597832
2015-07-19,253.193534126304,109.432431065453,151.462743006213
2015-07-20,170.773107728952,63.9717941025629,67.4965877168469
2015-07-21,242.575815744103,116.043357383087,142.28137696524
2015-07-22,215.127714721895,79.9030424281096,101.413352818342
2015-07-23,225.14872583921,98.8705763129832,104.554802525074
2015-07-24,200.92492061908,79.8331914160336,80.7763552137608
2015-07-25,137.070325577199,25.1640103108964,33.1503828131529
2015-07-26,76.2596518882424,11.8806758675101,16.1588603058778
2015-07-27,65.3770929048095,22.5039870865304,27.0055365571248
2015-07-28,112.398027423478,14.2547620062905,19.8927141998355
2015-07-29,140.52756286837,45.3628345976074,47.7198679243312
2015-07-30,116.527639049732,26.593677900815,38.4390888572003
2015-07-31,130.272446061763,39.2697471421336,53.3744975390398
2015-08-01,123.611240532366,41.136232407135,49.7718269905541
2015-08-02,127.226828496812,44.9949380786318,62.2865859659921
2015-08-03,167.512692183678,88.4000196521624,112.277990723927
2015-08-04,193.145801028759,119.976571225242,163.99682835133
2015-08-05,183.684540590284,115.761139641793,150.772289833942
2015-08-06,248.368714870847,179.208569723653,202.422096154597
2015-08-07,153.05562646409,78.5823490156151,114.753875343069
2015-08-08,167.110714186422,80.3733892165594,114.298186921066
2015-08-09,253.587010023883,153.648724944662,194.634029031551
2015-08-10,198.103884264425,80.4926013255188,109.548011158587
2015-08-11,240.154887024934,102.3576694296,132.825228095635
2015-08-12,252.611091408893,119.40750066273,134.098372250929
2015-08-13,292.275067334071,148.623935003374,171.062698463135
2015-08-14,241.769214109811,121.950155653014,148.819749036008
2015-08-15,251.201670449775,110.083464472064,140.513881012622
2015-08-16,187.302032874727,72.1548956666137,89.9218091382595
2015-08-17,139.737228124905,72.2107777496059,77.3366202944354
2015-08-18,140.826816026922,43.5131120020303,40.9467312381408
2015-08-19,144.597593551256,22.3354098446817,25.9850823137932
2015-08-20,205.062695095955,61.354618606222,67.9564188293631
2015-08-21,122.458339861672,39.7754882698679,41.3568506375867
2015-08-22,139.430741194076,30.6600776696963,31.5389117014645
2015-08-23,156.503086141889,36.26232487439,39.0784243719561
2015-08-24,156.566840049601,47.0402474189683,54.307963658878
2015-08-25,181.822034640755,56.565466248157,73.9990818376948
2015-08-26,166.377075123962,46.6555892310429,66.1295351263448
2015-08-27,222.078851750893,87.4732894789976,120.952558843553
2015-08-28,171.174763948788,46.0427433356054,60.443137248721
2015-08-29,138.599237169476,85.014452997375,85.7433260488461
2015-08-30,139.721645911727,49.0967328575704,56.3392128459457
2015-08-31,202.731970879361,53.9622580664975,55.0508662510644
2015-09-01,306.784559473349,132.548327608784,149.084882981882
2015-09-02,274.028686792263,135.912477789428,121.681668463443
2015-09-03,185.471397129738,92.8790249943844,91.8218861214895
2015-09-04,242.523645759398,64.9152819882548,94.3792318550606
2015-09-05,236.091189055597,93.3326022692532,100.443988875684
2015-09-06,202.350021103354,93.4303916397342,92.2264623303756
2015-09-07,210.111800046749,65.0540541564381,92.2858383660471
2015-09-08,202.298578710543,36.5491923730269,52.9422940721794
2015-09-09,116.2300245224,72.0636197786813,64.6768711458233
2015-09-10,148.155673183562,52.1768077792069,57.945161381626
2015-09-11,139.725441847811,52.8455386112634,54.5938081244254
2015-09-12,130.037157067468,43.6351227513826,52.2339070406609
2015-09-13,109.234664242549,40.2663279976725,44.7178714873992
2015-09-14,107.734484801027,72.5069542333318,56.3046960042428
2015-09-15,153.590850786988,61.9870278806403,65.1118420193159
2015-09-16,124.249901335924,99.2300961585492,83.6513095124306
2015-09-17,105.5668156385,69.9456608768282,66.3325260344533
2015-09-18,101.92213836661,48.0554492461095,48.1175516840155
2015-09-19,108.66561227272,51.1690520646266,48.698899880994
2015-09-20,177.16297985586,66.40269610262,66.0798253685387
2015-09-21,163.470000719399,85.2733714961943,77.8654921529061
2015-09-22,170.365779304623,48.1579024487936,55.9926162686263
2015-09-23,230.89895027543,98.7169045866533,110.93025836762
2015-09-24,227.548836263052,95.9525657190983,105.419224713226
2015-09-25,205.889320068669,87.969712833382,93.0660252234243
2015-09-26,136.182062031793,53.8383873096128,50.6597255205724
2015-09-27,116.921632177688,39.4001431712517,45.8943668711463
2015-09-28,98.2291982352194,55.9265419108947,58.6411172738613
2015-09-29,101.840528130947,23.5145361890112,28.1627034642264
2015-09-30,118.246074591275,37.5429746222801,50.0314352084001
2015-10-01,106.859345042034,44.6410123873681,39.1005156030536
2015-10-02,77.8246987846696,34.1900058947144,37.3537266641175
2015-10-03,95.203810985655,50.2674783674251,56.4483033758822
2015-10-04,46.8046100285921,31.9826407988755,39.7398628662496
2015-10-05,85.5630541344657,37.0856643716514,38.4832714205296
2015-10-06,78.0964861330221,34.4377511261567,23.8019334295001
2015-10-07,81.9217240508792,38.9921993723197,32.9363472924113
2015-10-08,99.5587939103878,58.9572485958966,35.2299609454674
2015-10-09,89.151343939773,55.9759030759922,45.750757105994
2015-10-10,97.2694781351416,57.0078714721353,46.3679955744274
2015-10-11,76.316662025653,32.3421503213616,32.6297956783363
2015-10-12,49.8588482069447,30.6964015579857,33.5784486462169
2015-10-13,69.6692044071943,54.8852577764583,53.2336543883006
2015-10-14,70.0038078476431,51.8731732568069,49.4252410997643
2015-10-15,76.6868756308341,19.7051955367135,20.7101869068417
2015-10-16,104.011530594293,22.9035512902117,24.1153936405614
2015-10-17,79.4139255942495,45.3423442731296,41.4300331638457
2015-10-18,144.006720533445,128.842365285622,79.906403454475
2015-10-19,61.5650900283918,32.0021968334624,38.9486282273631
2015-10-20,64.2967209073187,27.6368214970702,29.6609399564395
2015-10-21,113.225563514929,60.780889066083,56.3626927780818
2015-10-22,133.410459245523,67.7885890417547,83.8860552494419
2015-10-23,184.741411743963,102.16021925523,119.588273979942
2015-10-24,187.35003126698,80.2467169770243,99.6914098921976
2015-10-25,210.192256730677,106.283420730945,125.53287072611
2015-10-26,201.49091273948,100.456718714916,144.718594315387
2015-10-27,212.466490510651,97.4157604555416,141.731780765402
2015-10-28,170.830972369208,94.5853030400637,130.52055991878
2015-10-29,153.813605976871,84.1734125843759,81.1906036168719
2015-10-30,153.35557999853,80.2821164551107,108.644936871593
2015-10-31,112.024867296989,54.0833367088129,67.3308810233622
2015-11-01,114.682127971352,44.6140055448104,58.0404389315206
2015-11-02,172.703857698068,64.6246896086081,74.0874452450695
2015-11-03,161.715968346432,83.176836992698,82.5756119790637
2015-11-04,159.789070130554,72.1474436307877,91.6147445501094
2015-11-05,190.641286548836,48.3786430091631,67.970228421404
2015-11-06,265.04918113552,99.5132388784975,107.10663611633
2015-11-07,246.975189366193,81.3783468819364,110.607138705262
2015-11-08,268.664806173648,66.9307898816467,89.13747962408
2015-11-09,307.973183330531,113.79407443793,159.086478770223
2015-11-10,292.449151591303,104.789495862599,135.330106053407
2015-11-11,267.847888011403,115.824476295905,152.653029642972
2015-11-12,284.058767249389,133.828974991915,141.325816394861
2015-11-13,242.849292021421,95.3918800839122,138.475716048029
2015-11-14,211.770714638871,67.710350225988,97.9639449462842
2015-11-15,169.247755526826,64.7262147971064,85.3497720681902
2015-11-16,202.178998636665,51.43356539989,72.547786567322
2015-11-17,137.174745406057,42.9859557644371,56.1251839157927
2015-11-18,123.656261808053,95.3080462043211,71.650231063798
2015-11-19,152.657757666431,33.9459842141054,38.8326306680226
2015-11-20,208.553251583907,109.410063657159,160.588846204509
2015-11-21,282.356102098613,175.276299141554,237.864729776449
2015-11-22,281.472846195072,213.865201095683,298.468035652236
2015-11-23,297.373531190817,230.494061303296,328.362359360972
2015-11-24,321.93091627978,282.906506927213,380.593509394982
2015-11-25,387.91259642361,361.913551837985,441.776816552051
2015-11-26,369.160313008619,320.017314552644,415.31253650459
2015-11-27,339.255444472114,269.896986482048,379.254051328636
2015-11-28,289.972755687087,244.698520430621,349.203714089163
2015-11-29,340.720215180646,265.390056833544,370.778336230487
2015-11-30,321.114099035292,246.311667935649,344.684146632167
2015-12-01,317.475875446687,231.376067528665,312.862172789104
2015-12-02,305.14921252506,226.558049082236,323.025319230681
2015-12-03,437.689294553009,349.709694099428,429.980074258506
2015-12-04,416.956488403391,309.473166377689,350.893895359836
2015-12-05,332.065606180639,221.114134525603,307.38566071287
2015-12-06,277.417824771092,176.305475718723,254.857634849279
2015-12-07,341.89936283648,234.458946888901,324.661651221911
2015-12-08,277.609337384202,198.970573413441,283.046544372603
2015-12-09,282.964642857331,214.883209839872,303.864465117364
2015-12-10,306.507540932257,240.54270361033,319.38259126257
2015-12-11,228.500537598775,161.786194817713,181.660831656298
2015-12-12,230.856065528217,167.914674713843,143.689861837856
2015-12-13,159.862726753802,102.103400176518,100.836148946882
2015-12-14,191.99071619049,111.074447125926,153.275807610561
2015-12-15,166.273719685728,78.1837139402844,108.725019988369
2015-12-16,201.273829076479,109.940959384967,155.848357115323
2015-12-17,255.169583130974,158.441603445699,206.983087988371
2015-12-18,267.942235393559,170.083851002439,234.923479636064
2015-12-19,303.27474554169,201.855070583221,280.830282113261
2015-12-20,289.238778472725,177.127881562759,234.053547749678
2015-12-21,233.867122883725,118.579502096889,166.276633373122
2015-12-22,219.233899441975,108.638884215507,154.330778543894
2015-12-23,157.458773875007,50.3773813889741,65.8878840792136
2015-12-24,171.940238441044,62.4042838252518,84.3113599124918
2015-12-25,111.928970088181,37.2458630300933,46.6786972281121
2015-12-26,178.314060127955,63.4241455509116,84.4301160123532
2015-12-27,233.986857653098,119.43078822921,163.583958198709
2015-12-28,248.018980072461,135.677761580878,161.545798712226
2015-12-29,188.861176496026,83.0203651138942,112.657711396537
2015-12-30,191.473975475231,86.7626508251079,121.167979188516
2015-12-31,209.542110864417,109.873901112756,159.493837319913
2016-01-01,223.393810255399,122.069380574871,177.503050287868
2016-01-02,224.463182879325,123.719790908013,169.94972347429
2016-01-03,285.981396404918,183.97817075391,239.037073232745
2016-01-04,261.947029534571,158.008508207284,200.281753588975
2016-01-05,217.227456090365,104.7671378906,148.873604383512
2016-01-06,211.760637094185,93.2832312244681,124.813447594099
2016-01-07,184.795115731254,71.8708273540831,95.8581419944497
2016-01-08,149.470639086871,52.315585074823,65.5330068741812
2016-01-09,142.075235621501,45.8639167477146,62.4771521905599
2016-01-10,95.2557159547493,46.1777915664083,54.5924267219157
2016-01-11,93.1396439701122,36.0639440595881,41.4742263462819
2016-01-12,96.2747293014965,67.9618227145676,49.2291512878447
2016-01-13,122.579062189461,46.8660825145339,43.4737138104555
2016-01-14,140.385447248833,43.0278663944208,43.9073048321651
2016-01-15,149.144923165514,38.4492035225906,45.9937865721716
2016-01-16,147.965223005518,48.2668738408051,56.7741847982047
2016-01-17,139.156809739449,41.8208002932956,53.4642609407888
2016-01-18,115.847179069876,34.8736395819364,44.3919877895538
2016-01-19,132.080569118357,42.8024684935646,57.9396298720837
2016-01-20,129.354750164524,35.4781075761091,51.5186264643183
2016-01-21,197.777934277678,87.4630416905126,116.524123650156
2016-01-22,243.6163850368,137.728662904032,160.083458441539
2016-01-23,191.818858644516,100.323539530024,116.474431894264
2016-01-24,102.590063609195,53.988339396056,58.8192457348462
2016-01-25,72.60975112767,28.4759945581432,37.2570683185192
2016-01-26,96.5706356766705,26.9541229524162,36.3733194235733
2016-01-27,173.758033214431,103.62434351794,130.575799214008
2016-01-28,121.509299435194,59.7340229194692,74.1357754713514
2016-01-29,194.846184227353,116.481099422896,157.005511161506
2016-01-30,275.05262940829,193.031182150451,218.224711809473
2016-01-31,238.089731602059,148.123791770353,183.467002850668
2016-02-01,177.387373735261,96.709782973502,106.278133798286
2016-02-02,160.669301844058,84.299151204793,80.777733211414
2016-02-03,148.044124765408,68.3166803764398,97.2017171980301
2016-02-04,158.973845790445,62.631541574474,81.2996991698143
2016-02-05,266.482049348173,164.069004295467,155.135829972216
2016-02-06,213.351098419881,118.123126022461,125.965097656139
2016-02-07,201.321604575209,99.1965663630404,140.646434888661
2016-02-08,201.582846116324,100.332851709811,139.373282726898
2016-02-09,223.896471049744,108.663110653597,154.463357079859
2016-02-10,169.633911142865,55.891145991315,71.9816307470635
2016-02-11,163.788986890777,55.9339926279131,75.9447126396172
2016-02-12,132.798864731475,44.1045392632095,49.8933439064592
2016-02-13,147.850768373032,74.2178980894258,94.8155823275002
2016-02-14,128.507769307788,77.6453777048482,85.243447427871
2016-02-15,157.220844150002,83.9657173728262,112.889703177784
2016-02-16,155.064561076268,79.8769582449244,96.3082935973564
2016-02-17,124.371301519046,51.2174889218424,65.5951410964033
2016-02-18,187.420296978256,56.2320279254232,79.4728088593519
2016-02-19,250.915885336032,112.448234144934,153.596171378747
2016-02-20,217.853174165222,115.554381744296,144.844256787279
2016-02-21,187.104874279579,82.5444345965432,118.552626146278
2016-02-22,158.547950229524,70.9645920643773,102.476614341121
2016-02-23,170.174680213977,76.4196831740366,101.813802787902
2016-02-24,208.629697757922,127.146327297487,149.082117024842
2016-02-25,148.922457528987,96.4517940236877,100.330752941463
2016-02-26,138.174226119871,64.5241016432104,83.397225943847
2016-02-27,161.56558966126,90.0215487533905,126.582345496355
2016-02-28,177.505825871403,122.321779940733,173.099471170132
2016-02-29,196.828810477396,135.343398688775,171.169034565348
2016-03-01,214.148337342593,153.672951792037,213.648530565586
2016-03-02,199.552914269636,143.796602899184,178.914297206996
2016-03-03,205.05927794315,130.241296422456,184.813329043405
2016-03-04,323.443577967758,228.351872905083,275.406235571016
2016-03-05,218.335315869562,107.739174436784,155.036403663747
2016-03-06,245.362769994156,148.015740115873,202.9440602083
2016-03-07,250.168090305896,154.744036543478,217.546704828647
2016-03-08,226.135770909763,119.602158870328,165.285176867765
2016-03-09,225.853642004836,124.629739391365,162.187892598946
2016-03-10,200.784457183159,80.9834443617115,116.565566585088
2016-03-11,376.725468026311,258.635678314655,307.210282651091
2016-03-12,292.17955747032,185.209446091782,189.914258653919
2016-03-13,231.049310249272,96.2012487989378,138.187115654598
2016-03-14,202.14277974116,66.5070119959278,89.1968563676921
2016-03-15,229.268566453524,91.8097923262605,132.999209163359
2016-03-16,298.095882696112,148.272811567855,202.823941028102
2016-03-17,277.780968885721,132.081713204904,182.660579003938
2016-03-18,278.657264393921,131.019929889515,161.200568181851
2016-03-19,259.172885627566,115.13805276792,135.393626060627
2016-03-20,368.424397887281,186.110098266514,258.110935632299
2016-03-21,329.217497444769,123.551209641528,170.816917569553
2016-03-22,257.806118378878,58.5148404841845,85.8358285227536
2016-03-23,333.784463123256,131.380387844966,185.013564765281
2016-03-24,341.903577210937,150.707431570659,219.646987901389
2016-03-25,484.894646649219,304.273282710581,376.137465350064
2016-03-26,455.824880631887,211.321613304851,284.825121902459
2016-03-27,407.57992338833,200.75884067937,273.891449689807
2016-03-28,430.95106228017,219.542897718773,288.655631799069
2016-03-29,310.917190169773,114.304473099424,165.261702733998
2016-03-30,331.58592590825,139.819596727402,195.401779136689
2016-03-31,360.769062862787,155.911055000838,219.459200326222
2016-04-01,289.836031213618,101.592999116158,146.952827162602
2016-04-02,215.083443828008,52.9833829016892,77.6459336010517
2016-04-03,210.340094345293,42.9654639960925,58.3621800736982
2016-04-04,238.076455648693,71.4004798039082,105.112685268984
2016-04-05,283.027550706695,158.44439354795,209.429971464683
2016-04-06,348.978136751028,268.025853824462,294.384835725673
2016-04-07,326.762374562017,224.148570059407,281.258347069827
2016-04-08,287.945295986506,182.492624071054,251.942625187382
2016-04-09,302.311326290599,142.589528964797,186.953673126042
2016-04-10,362.87739101833,208.79570844395,240.475932441963
2016-04-11,351.712838702413,189.572037601628,215.340084170389
2016-04-12,341.8444835847,187.801488293613,239.153080231292
2016-04-13,252.23664180241,128.644919317793,173.999795428745
2016-04-14,256.452732366977,122.844279201649,169.477468150194
2016-04-15,225.281702952317,146.362551470165,200.189252834351
2016-04-16,161.505918400303,81.4938343827426,101.253174381245
2016-04-17,187.035238310796,101.484964128677,103.978983646393
2016-04-18,171.720861124051,92.1786170185884,102.504223833161
2016-04-19,233.790547740408,117.763619319494,135.446111602361
2016-04-20,171.762232790474,80.6080968301227,94.8901556786192
2016-04-21,175.719622805499,91.4838120422007,83.246718993034
2016-04-22,183.697314157809,100.288143360326,87.7883736694647
2016-04-23,153.48592843851,77.3026270431611,73.9535026848475
2016-04-24,153.864258323129,99.6184824676581,124.97225936059
2016-04-25,143.027784805382,94.385058727437,108.001447406699
2016-04-26,230.900112710268,196.549004262068,189.080211055205
2016-04-27,295.722250524993,250.783223606804,201.692993529832
2016-04-28,282.297578942471,248.396092187417,211.62279775162
2016-04-29,247.594486977774,220.209766872049,188.467098876666
2016-04-30,279.931127263992,246.442994878056,199.344160740994
2016-05-01,156.192083777448,114.103288630487,97.8106778368006
2016-05-02,126.530673995706,69.1381570239111,81.0759976071874
2016-05-03,150.552118455136,81.8915354069321,103.579923979166
2016-05-04,87.6581808980365,34.8205497613108,36.9505146311901
2016-05-05,130.022332623781,60.1428945961584,75.925378145478
2016-05-06,150.274686476464,86.0054364243309,101.174457631671
2016-05-07,169.007947737276,103.288118958426,109.749628704367
2016-05-08,120.515770282876,59.7805880022057,78.7271494290728
2016-05-09,170.047928198551,110.560325277407,116.80721206983
2016-05-10,171.830708087902,121.575751813505,113.377148400809
2016-05-11,185.870340510914,132.302455254617,139.131639079431
2016-05-12,177.304067172855,119.501564845237,147.840720248221
2016-05-13,160.953876529712,98.8025941421764,119.69045796929
2016-05-14,130.99273117781,77.4637531245992,99.5187988156577
2016-05-15,151.989119617419,100.88515324761,113.970916983118
2016-05-16,174.270668855299,141.157998866159,162.860373396638
2016-05-17,188.629318908738,146.507845693146,149.652425345646
2016-05-18,160.699601986312,112.994019926378,132.249406351481
2016-05-19,142.163477677475,79.3935791479328,115.068695415023
2016-05-20,153.765251188969,96.7433043786662,135.457138516483
2016-05-21,173.391594937256,103.962428175939,140.486244871681
2016-05-22,126.480464003944,55.8911475488722,72.3848480389771
2016-05-23,210.721301146338,127.426677891497,152.956831650061
2016-05-24,154.782401773288,98.2512086583428,96.7612232597134
2016-05-25,192.30611033529,102.059628015552,125.427944327169
2016-05-26,217.323227075492,125.059106519965,135.274870129323
2016-05-27,254.916311395022,136.482472534763,181.471644171035
2016-05-28,236.125522630508,101.679624598712,144.146923959302
2016-05-29,243.48690970782,98.017441155614,142.126721845803
2016-05-30,260.235119830764,126.49157060153,180.395959346885
2016-05-31,296.936817832361,164.888624505282,220.704743737597
2016-06-01,326.252336465614,187.819183058705,245.375240292767
2016-06-02,316.076084408384,203.013704647599,248.186672477251
2016-06-03,216.288150436871,117.880963280695,164.373797680814
2016-06-04,201.491066313629,135.089123978558,195.657243736956
2016-06-05,233.147280224324,189.057913990909,262.090582960499
2016-06-06,276.649288508639,260.19574723166,319.537283009498
2016-06-07,322.076066628661,319.006769395217,329.939313074718
2016-06-08,340.771911278848,301.512660970357,313.852248498758
2016-06-09,333.314491368313,292.501579599366,316.634668145941
2016-06-10,296.688357560947,253.996493732296,346.371582442362
2016-06-11,379.867192429182,333.29412826004,434.016358701921
2016-06-12,489.332718138399,439.31396739895,515.756504546599
2016-06-13,389.913489217176,312.822414726382,436.391425918041
2016-06-14,339.817167250033,231.783082460734,323.824819765377
2016-06-15,454.880725068324,307.439027826281,391.04247434429
2016-06-16,393.224984884986,230.010671280666,308.234870246865
2016-06-17,380.942955033107,243.217615023811,331.802057248269
2016-06-18,385.441177309555,244.127589087483,319.466832947953
2016-06-19,477.041138566821,380.827053142415,469.686774261298
2016-06-20,445.427003424927,367.171204597067,446.456544191394
2016-06-21,388.621605967416,356.797483450734,463.013054832053
2016-06-22,343.609104932772,305.496174803743,397.647156196458
2016-06-23,301.299947332862,321.239282701734,326.523008514842
2016-06-24,407.248764984132,395.872561448262,398.443955516954
2016-06-25,536.679204688888,549.321060054734,394.467025500171
2016-06-26,553.755046249158,581.093189118182,377.157912766826
2016-06-27,405.939277818436,460.986248740211,305.199689253158
2016-06-28,340.994954222531,402.296341793141,276.991412990691
2016-06-29,364.452547021113,421.722996674165,311.192679670556
2016-06-30,436.675250965533,451.467524236754,461.951167194131
2016-07-01,286.12676612164,240.632132314996,294.783921974379
2016-07-02,443.482353100019,365.150996035812,375.709336678858
2016-07-03,541.224678175659,484.140339400122,452.414934904346
2016-07-04,388.731051298416,308.168312781974,333.870634356856
2016-07-05,290.719453801254,184.349797827042,200.992915595346
2016-07-06,232.489018097347,133.070834907604,143.739569033592
2016-07-07,172.16305512503,85.4726913986179,93.560384285566
2016-07-08,237.758126637978,110.631112580324,114.115913258064
2016-07-09,255.670702734301,122.404682349954,121.140370185292
2016-07-10,216.659455074931,107.89192575481,120.516211978238
2016-07-11,204.002785531974,110.187771884075,135.783030507345
2016-07-12,213.750063727514,131.918722750226,141.952734440326
2016-07-13,193.5135987406,109.0468363252,138.814031340262
2016-07-14,251.672415796308,175.586443565258,210.776328317983
2016-07-15,250.412419742747,168.548016595536,218.248191724753
2016-07-16,295.610271213224,236.416687043234,263.14279231928
2016-07-17,341.586930634607,290.300701962365,274.452118752473
2016-07-18,371.736923577991,311.450488215144,271.889171271553
2016-07-19,329.702425027679,262.539093245159,249.113225803027
2016-07-20,322.827274117731,235.277621905924,249.513690892172
2016-07-21,298.575842191126,201.593360606498,222.157418303514
2016-07-22,319.126346512892,247.465655335061,247.848375422912
2016-07-23,173.016949086942,93.982701908949,113.248725938803
2016-07-24,174.127174003553,88.8116898669233,104.210986400718
2016-07-25,202.724675600329,111.584846139861,124.975022418446
2016-07-26,195.06535361204,87.4248564645141,101.735084807861
2016-07-27,283.940687253208,160.228936080667,152.480433837719
2016-07-28,305.834343816232,173.748832574324,162.76923604261
2016-07-29,294.888366674704,143.325319092276,162.678095924242
2016-07-30,202.441043958891,76.8965478789571,93.0190832262206
2016-07-31,226.964363314143,98.369497482633,112.893851009294
2016-08-01,366.498753470122,232.299070956299,180.633474108678
2016-08-02,298.575263781901,186.098927034193,155.61775882214
2016-08-03,276.632593657705,159.008826051851,160.394160162646
2016-08-04,264.279800259012,148.716142350309,142.786765385584
2016-08-05,233.673376676178,104.341504920139,129.895032580184
2016-08-06,332.143582953113,182.90708081819,201.463782926345
2016-08-07,362.652156019913,212.6097166916,233.880881133525
2016-08-08,441.839496072131,297.20130401449,313.581589010267
2016-08-09,346.153786927631,188.710520029489,244.988608798215
2016-08-10,379.11818915099,215.783851646048,219.247931352471
2016-08-11,305.481824696704,115.016035231256,155.733729749435
2016-08-12,238.67891862403,43.0483567188986,60.7193133631488
2016-08-13,254.785408520453,78.9902869594961,92.5730616888896
2016-08-14,309.874624419335,98.0239580716098,101.918749413712
2016-08-15,243.568541507671,69.3644791075898,81.2665521001709
2016-08-16,224.364967723599,63.6895893219643,72.0852006056887
2016-08-17,280.568708648007,98.4235212861856,131.843432221475
2016-08-18,290.364270594325,124.377333295037,159.782425661501
2016-08-19,240.881236605243,88.9271751962447,121.532528587773
2016-08-20,156.761351583154,41.7174188945212,53.5512578629705
2016-08-21,169.58635636254,50.9753269076949,70.2279405096698
2016-08-22,156.564886683221,63.9988073345158,79.5031945061453
2016-08-23,98.5017911613321,27.6312331068665,35.9024412880552
2016-08-24,140.954765927917,54.2016233616183,72.5740204889332
2016-08-25,193.889644927165,101.589278760022,121.140360392116
2016-08-26,215.305166938009,124.224601020138,131.220673435701
2016-08-27,199.175727194813,116.469008327985,130.132558820726
2016-08-28,262.77650503619,169.173883817031,144.323654971127
2016-08-29,290.623920826956,210.59514413405,188.073576028534
2016-08-30,257.653070754805,177.497633678083,167.984761852777
2016-08-31,127.442487685101,65.7600422685213,73.751897207767
2016-09-01,116.096220559777,63.4930625686917,59.2252278713217
2016-09-02,176.015359763993,128.642131114171,107.462911360473
2016-09-03,194.703747947553,148.28398802993,122.119387915723
2016-09-04,359.860075867381,306.811282020257,190.115857456133
2016-09-05,344.641121458339,300.269281940688,204.098487790407
2016-09-06,305.020121162141,254.560905578668,194.535974248137
2016-09-07,306.435510212213,256.805513243008,169.87518695293
2016-09-08,237.289207073536,184.752148517622,156.754206613149
2016-09-09,277.029580432626,221.620793844681,157.509530045771
2016-09-10,291.373941253047,235.02055704798,160.576436067459
2016-09-11,252.083987110247,212.788542665564,152.588155236113
2016-09-12,248.595537849357,219.145194784586,159.714779853203
2016-09-13,213.136369010883,209.89753241115,165.252026039294
2016-09-14,248.774665257912,263.443462774603,167.495936019462
2016-09-15,249.294654299204,250.426511064832,204.334554856125
2016-09-16,199.811019747912,179.55597980636,192.380470320328
2016-09-17,203.777741706159,168.842333583336,173.916941163366
2016-09-18,269.579865698062,255.903948356805,217.855986631914
2016-09-19,209.074286709162,173.603531939209,187.510172259342
2016-09-20,173.161536645978,144.634836531564,142.912422143385
2016-09-21,139.723656835406,108.257958002866,115.887558778332
2016-09-22,223.718813580869,214.652220558756,160.500472060038
2016-09-23,233.318289814946,206.022055281969,161.284813170956
2016-09-24,283.316499964526,233.057207743592,197.319809885777
2016-09-25,231.361089600841,197.175809354699,195.640681942147
2016-09-26,180.255223254775,133.601725326074,145.393844963792
2016-09-27,159.043405925272,113.793148856716,132.549057931278
2016-09-28,128.809450954001,82.8573734882058,108.349421695125
2016-09-29,181.937280507388,144.305125966205,164.745266801836
2016-09-30,185.57773419971,146.947453197623,167.471073032954
2016-10-01,188.855882603382,159.138273670742,175.590548536819
2016-10-02,139.411988624148,97.8339543622407,128.555591554976
2016-10-03,159.006669716217,109.898117295981,142.342136898068
2016-10-04,170.39699965259,113.287412640403,130.690422197408
2016-10-05,191.885469755994,137.773369161615,166.101263756061
2016-10-06,153.657051519326,80.0455391134938,111.651065565345
2016-10-07,205.723309924679,109.94375203388,140.569104412902
2016-10-08,161.862404471567,62.8615911199325,85.4022417823981
2016-10-09,127.694254108515,63.9829731113004,65.5136719080817
2016-10-10,129.804746558099,46.550343356707,63.1910583932301
2016-10-11,139.831017074889,56.3139892688104,67.799006399873
2016-10-12,151.312138396282,64.1115007198034,79.5266668363496
2016-10-13,130.085329555185,53.9594649400845,70.4613002425583
2016-10-14,116.227179819781,31.2449838992904,43.399145027238
2016-10-15,110.222964242912,32.4669536968895,44.7302970811489
2016-10-16,118.227258368495,44.8692038921366,61.2302333267465
2016-10-17,95.5093606160649,37.7217964692851,51.8016972866151
2016-10-18,165.608371036236,103.653212880586,124.425428072738
2016-10-19,222.467761458249,167.266426463955,186.753445326356
2016-10-20,215.402542054946,149.191154744531,169.141932198446
2016-10-21,254.391238686175,160.899517211104,183.953055900375
2016-10-22,166.13079910176,67.1766739118084,69.7114969587205
2016-10-23,183.004298952364,61.5176126535139,86.2942823792685
2016-10-24,274.604043262238,128.632814534569,134.722532092988
2016-10-25,262.941554378906,121.175256469154,138.076646503347
2016-10-26,254.947209689123,116.128114558716,125.676502487983
2016-10-27,225.920846334941,55.1311433869153,78.1651402772792
2016-10-28,199.998121790433,43.8847325720766,53.5747232991831
2016-10-29,252.510939747487,37.7525333657616,53.6700071362632
2016-10-30,356.571572283275,86.1442148113739,104.645945441491
2016-10-31,397.377504029573,109.240558469339,136.161386194921
2016-11-01,493.17507824465,153.467108993507,199.66313703861
2016-11-02,474.735620186975,136.817776913353,193.641202450731
2016-11-03,453.925521021172,138.471900667522,197.539391968223
2016-11-04,484.19575611022,202.487481665315,291.134288713004
2016-11-05,503.121518871708,301.209975540326,440.488445937761
2016-11-06,460.883268181318,337.108139179414,477.04680713891
2016-11-07,507.530793860094,367.76539916559,523.412011321007
2016-11-08,473.106936727389,223.41742090101,324.46277286628
2016-11-09,357.172005742764,106.875790763312,153.010684941166
2016-11-10,351.319342223426,109.315073734272,155.25734965246
2016-11-11,431.591208773531,211.126010734401,305.948166033582
2016-11-12,399.377052609553,229.746157934033,332.551889641944
2016-11-13,361.906303249297,216.656549022757,307.779201360648
2016-11-14,305.111122946119,162.465162364819,232.196267561635
2016-11-15,368.596304769762,231.640585081839,326.244108970368
2016-11-16,446.052414487573,288.318737871127,411.740234072945
2016-11-17,389.103736508607,225.707698137959,324.072011205018
2016-11-18,342.845133148263,194.044523913214,283.085232626975
2016-11-19,334.649949075783,214.174429419945,311.031143732367
2016-11-20,465.649688736131,380.972348093014,547.028896719459
2016-11-21,473.485065673195,380.151844537935,540.294489095351
2016-11-22,425.747641871473,277.453267434741,393.365091213431
2016-11-23,621.458511898801,541.033628147337,711.455175610085
2016-11-24,597.932126945384,441.5576901491,597.826771171696
2016-11-25,609.382505749853,450.89755341186,627.663064782825
2016-11-26,509.592848103266,279.919556077249,390.248477119509
2016-11-27,495.731050984875,263.161267396193,387.620726025776
2016-11-28,412.211802332846,255.80987254378,377.047431715433
2016-11-29,366.419136538961,234.639628197724,339.653672847855
2016-11-30,570.461757115237,528.511251323985,659.530615402077
2016-12-01,392.691420367358,359.727615858651,462.083766192945
2016-12-02,381.687641126399,368.034605278609,459.003038409382
2016-12-03,351.267378012792,342.980456765157,423.068823565714
2016-12-04,267.297277858622,250.478649291902,300.658072502108
2016-12-05,369.418351875616,403.996963882467,368.621378454264
2016-12-06,392.765873455148,462.06667146777,326.092209205719
2016-12-07,311.238646981161,343.76283112082,303.977680875283
2016-12-08,264.651973433832,270.958767614584,272.353164273254
2016-12-09,257.442263845703,245.751912145063,276.255500948028
2016-12-10,219.032282812458,185.091162019746,206.542593932064
2016-12-11,246.0132698095,209.144977840678,243.080245877718
2016-12-12,245.729432335009,185.540090480901,228.415468788145
2016-12-13,331.465981899303,249.886311945499,302.489126775009
2016-12-14,346.887543899976,265.061281353907,349.296254876133
2016-12-15,365.079099022195,287.316575571862,382.072381187597
2016-12-16,326.847104465565,220.463100584647,296.374658546987
2016-12-17,317.866159780982,189.656794606722,263.050288244079
2016-12-18,265.578653509491,127.422026519751,150.385670762059
2016-12-19,208.164461071905,90.9901759932855,106.099991835866
2016-12-20,220.844452011602,108.049326318572,123.123279808006
2016-12-21,163.714533851968,66.5805892532974,72.7659665315726
2016-12-22,165.863317408059,102.122031516676,111.439802457386
2016-12-23,187.298201674003,98.2027828290867,114.325797980688
2016-12-24,207.369170115497,109.356982977234,136.143438058875
2016-12-25,200.991181920014,131.461411851562,161.402186233302
2016-12-26,223.227570835201,166.672209680345,204.602489313275
2016-12-27,186.20651467143,135.647970184157,141.070373437344
2016-12-28,174.845225052193,127.64554911036,166.725413518397
2016-12-29,182.944696290685,137.329110035274,174.673649571911
2016-12-30,164.961629856084,114.251379242793,155.409236573046
2016-12-31,234.28179046804,199.708234110282,269.892454382888
