"date","chla_mean","o2_mean","productivity_mean","temp_mean","zos_mean","salinity_mean","mixed_layer_mean","siconc_mean","sithick_mean","u_mean","v_mean","EKE_mean","EKE_mad"
2010-01-01,0.990285423834149,360.736763558737,22.155993601171,1.32137746688647,-1.59173054685477,33.9702350189168,11.3608346571002,NA,NA,0.0552776284093558,0.0589480866073516,203.266702680352,106.022664073879
2010-01-02,0.961140735120308,361.582433560999,22.0441076639222,1.55167829572109,-1.59404929253736,33.9715344664539,10.6934223059218,NA,NA,0.0550799378710478,0.0401740551407118,180.933537457535,84.2961704181007
2010-01-03,0.945939716042542,361.283841016816,19.9992841743841,1.34460909743058,-1.58914573826449,33.9721275926762,11.4738891050722,NA,NA,0.0621580901918945,0.0021877775720337,171.299978747174,75.2073293197169
2010-01-04,0.966262994016089,358.066039294731,11.2577856953551,1.0176345273229,-1.60116657039575,33.9633653874983,19.9354656299277,NA,NA,0.0747971186180588,-0.0247088725478784,182.947020814066,81.382557952528
2010-01-05,0.887173686812564,354.12600856874,14.081732883686,0.852825680443472,-1.61007789465097,33.960420539022,26.4994166215904,NA,NA,0.00469021307110947,-0.0120237161695716,134.081891280662,77.0852972047809
2010-01-06,0.828008135280958,351.967446303949,14.7646774257102,0.764672410250836,-1.61024057623828,33.9637420952883,31.3216295975905,NA,NA,0.00133523632057122,0.0158935126304305,118.329219346581,68.932687273066
2010-01-07,0.792540018878332,351.213789777058,14.8011899052597,0.835153115423102,-1.60618050169205,33.9593311314962,25.9219948540815,NA,NA,0.0122164646251562,0.0554390759452393,122.921613345077,67.717527721778
2010-01-08,0.764328474315201,350.708688875524,14.75339198694,0.900537352973794,-1.60081361083367,33.9524841360074,24.8538469824231,NA,NA,0.00303784761371722,0.0191356407656924,103.977375008004,59.9294596885229
2010-01-09,0.733172669279866,349.757730623571,14.3360048910467,0.879584112067615,-1.59558345351303,33.949047212176,29.6006903590461,NA,NA,-0.00386732518572395,0.00897516004550151,97.2987497848328,55.0135924532787
2010-01-10,0.706618458396051,349.045262034346,14.3636099943301,0.962288037565877,-1.5911790705242,33.9441502631595,24.841285388962,NA,NA,0.00885654570642914,0.0343339408367028,98.8831022893986,54.7788402268135
2010-01-11,0.693468624135343,349.075545892483,14.4680843178819,1.08403786047589,-1.59343274434408,33.9368522376345,19.8063488392695,NA,NA,0.045389795698497,0.0231479394089999,114.887900303796,56.242560231294
2010-01-12,0.673628486147741,348.067768748214,13.5414096902056,1.00700766210131,-1.59554021175091,33.9322846962212,28.02307695448,NA,NA,0.0141184143520962,-0.0268488747901038,111.383860644718,61.0838670943273
2010-01-13,0.639671735647248,346.161603974133,11.2002663496064,0.921062595086542,-1.59373916562913,33.9350750674764,34.9109524869726,NA,NA,-0.0156777001233638,-0.00715311021919836,107.437105024641,66.7730236473181
2010-01-14,0.594429318497821,344.009916724228,7.21342503442997,0.874381880548641,-1.59320128140984,33.9316772018206,35.325073440387,NA,NA,0.0439688936278083,-0.0275144337270504,125.119278384937,66.2372480800212
2010-01-15,0.586408591851955,342.948409662014,11.2661187358019,0.915689362104927,-1.60411257589394,33.9263498046298,28.2320938020261,NA,NA,0.0887005444761873,0.068013855078925,174.745000178684,66.7233062707242
2010-01-16,0.609107478726201,343.150923938286,12.4152139163599,1.0293042101519,-1.61138636010539,33.9237940655707,20.8452549688568,NA,NA,0.0868414276544704,0.0549654417775581,178.109036472618,64.4559290170708
2010-01-17,0.627293385383559,343.107090647628,11.8687272885951,1.08542466292336,-1.60523405827974,33.9215886505992,20.1648693007496,NA,NA,0.0848463985028296,0.00714652052252238,174.147164505512,66.0162989224314
2010-01-18,0.646779586992613,342.730487358279,11.0631053680327,1.12243434766687,-1.60119251828445,33.9185636059636,19.4243526252819,NA,NA,0.0921593089958756,0.0129462729199373,191.021736574782,76.5964776249393
2010-01-19,0.672898500067432,342.617942996141,13.2341062441105,1.24599205458212,-1.60163526560774,33.9101597197786,12.6532381304845,NA,NA,0.0883232846041681,0.014367998792575,194.892007977345,74.3208363970295
2010-01-20,0.702276037960518,342.79799410192,13.6614925861359,1.45813992888982,-1.59975720063234,33.9066713155523,11.6435736824787,NA,NA,0.0779774686655937,0.0172864087730365,189.444449104866,77.7923154755834
2010-01-21,0.711890465239199,342.23350301603,10.0661040748038,1.41927590358917,-1.59553032429756,33.9004956038214,12.3845022564475,NA,NA,0.0703886150408853,-0.0360480843918768,195.1124902354,93.8876485262791
2010-01-22,0.715990081066039,341.270300516268,10.8184704780579,1.38644639208571,-1.60068387444685,33.8927197424185,13.7753391600492,NA,NA,0.0951263172886311,0.00831701457701553,205.973374078192,92.5261094939724
2010-01-23,0.751911208033562,341.293796446265,14.0774272011548,1.48854081101424,-1.60907420375247,33.8842129005916,11.0117868868767,NA,NA,0.085919694344082,0.0511854297346995,209.385405235167,86.6602045509044
2010-01-24,0.78104284987217,341.883537850729,15.1254650150857,1.49037241694416,-1.61057418013713,33.8899128614006,14.1631014086457,NA,NA,0.0978495078048243,0.0890753332188657,247.759138603792,117.494895593658
2010-01-25,0.803481433449722,342.181054092035,14.1218212755715,1.47167680186299,-1.60574434965085,33.8933539396999,17.8063773684173,NA,NA,0.0932507267254486,0.0472505602347143,224.965965966423,120.113005440277
2010-01-26,0.828063031158796,342.24466351765,14.2133296931662,1.51710712547727,-1.60566979863866,33.8885373412839,16.0145989185081,NA,NA,0.127527007730062,0.0243003115098164,259.905313065823,134.471205261362
2010-01-27,0.855140305510381,342.425887317192,14.911961090274,1.66567468755802,-1.61095802809706,33.8738773876195,12.4961151027808,NA,NA,0.103784348569338,0.0395554480081306,234.453939372372,119.671135880965
2010-01-28,0.85948144662671,342.695954113472,16.3701592945471,1.73839621971815,-1.6095375395336,33.8733399220002,12.0333950670785,NA,NA,0.05758896262439,0.0234032897995068,170.572368624438,92.0483360100677
2010-01-29,0.828645327105755,342.563117794874,14.0637943163151,1.54991687212878,-1.60373037273263,33.8890564695865,21.0291485651302,NA,NA,-0.00543320067880446,0.0198580358584641,137.237699061263,93.1916870716544
2010-01-30,0.815083222418297,341.785204631526,13.4258987263935,1.50803608466417,-1.59734043048622,33.8954813773172,24.2688059118273,NA,NA,0.0430990543100837,0.0633327027936133,150.668778332711,92.9155236832991
2010-01-31,0.807015591278309,341.618352750453,9.73694058453165,1.48441203950066,-1.59238004153557,33.8958768188229,24.5115948315413,NA,NA,0.0935917435548244,0.0285720791964315,169.958456557425,103.026207911466
2010-02-01,0.801068089357237,341.651410730874,12.6491585591944,1.69679813201611,-1.58627551882534,33.8942953307941,17.082334961164,NA,NA,0.0787978853814193,0.0300053372406043,150.408105553113,97.0111580865781
2010-02-02,0.790479122138605,341.610860312857,11.5825903939038,1.62884490306561,-1.59901915388069,33.8977672252578,14.0934977319076,NA,NA,0.0367054061187424,0.0190623304863208,127.041261284462,84.6386221810851
2010-02-03,0.764695972204208,341.094230093607,9.85248120238141,1.60469302201239,-1.60094993429789,33.9014780505305,17.7894912313031,NA,NA,0.0712576306722907,-0.00132370431493973,154.207504811008,95.8429478815899
2010-02-04,0.708793475133617,340.039684760861,6.12110109445525,1.55046842688652,-1.58427554473542,33.899703037401,20.2250002514817,NA,NA,0.00428577055010879,-0.0184742005921488,136.637782684183,96.0390114322904
2010-02-05,0.628052412373264,339.264798792397,5.77971452910726,1.30921059082716,-1.58139420070468,33.9138542926907,33.557800453845,NA,NA,-0.0441937669709466,0.0273801687295459,160.10037620104,124.230729338514
2010-02-06,0.61795182453423,338.488171461152,9.32240764106192,1.25594479593671,-1.58432290766403,33.9163686157721,36.6238605239292,NA,NA,0.00886313541315989,0.0329451635228558,135.947780109082,76.8284702152618
2010-02-07,0.61961555480957,338.375854120022,8.75990528595157,1.30127528498852,-1.57484528362027,33.914739657671,34.813342694168,NA,NA,0.0468568260481081,-0.0120195976877019,130.018362009964,70.7775252307589
2010-02-08,0.597455451764711,337.77470918981,5.99007412573186,1.29583187125794,-1.57412412324254,33.9158886949382,37.3256626965707,NA,NA,0.0255630612172257,-0.0467283272670831,134.12793477579,81.0290479911961
2010-02-09,0.557885864158956,336.662945258908,4.8134240842447,1.29278545610496,-1.5813357191369,33.9163273284953,38.0696801161155,NA,NA,0.0150327341336953,-0.0176908509019013,114.76355391505,72.5892183269082
2010-02-10,0.520622985028639,335.815165822099,4.75919904359957,1.26887080724905,-1.59069102238386,33.914929048896,37.7682016941539,NA,NA,-0.025862892227456,-0.00930629198046027,108.779435093953,72.1694304414968
2010-02-11,0.5210663000258,335.739865186738,8.1196352214348,1.2876306681337,-1.59348134505443,33.9148137070711,31.1307345157371,NA,NA,0.0489004543063692,0.0535980806297619,120.36035725931,69.1646776384325
2010-02-12,0.538189534733935,336.378501333841,9.84401948859052,1.5398613307801,-1.58967332318727,33.9149331570315,20.184638351564,NA,NA,0.0759050107778486,0.0319204664614439,132.054378305467,69.101158069461
2010-02-13,0.551688909167197,336.962830706341,9.80257419842046,1.55191255975188,-1.57822414641438,33.9158310163037,11.39872543371,NA,NA,0.0559390686281458,0.0149470679713325,112.208934656079,59.4516762934522
2010-02-14,0.569370866548724,337.141518569574,9.67271436714545,1.37591935756557,-1.56709086235396,33.9206106003158,26.0474049108714,NA,NA,0.0134627399576499,0.02059855237201,93.0056962705283,48.841133738603
2010-02-15,0.579746492388772,337.346150840201,9.53708862676853,1.32351747110949,-1.56475728919149,33.9258245964925,34.2507477501626,NA,NA,0.0303010495930066,0.0499539813542093,114.829618031713,62.2548331934877
2010-02-16,0.600705719575649,337.860892319098,9.19661505629377,1.36010113233819,-1.56757314822934,33.9279992622242,32.8314927663559,NA,NA,0.0950604206687606,0.0499004400944822,154.919506492259,84.1194199379134
2010-02-17,0.629667274835633,338.368783346037,8.46290104563643,1.37199618402924,-1.57228107008374,33.9310779700234,34.5878516582021,NA,NA,0.126905105560616,0.0688976974562112,196.445889053675,118.525005596882
2010-02-18,0.663485628802602,338.889427371141,8.56227485145011,1.36238248419022,-1.57208132068155,33.9352110374955,36.6493956930081,NA,NA,0.100482912983006,0.0575518958501809,161.145399261689,75.508357481286
2010-02-19,0.702817732967981,339.54385003811,10.9741588801872,1.367260502498,-1.56652085597698,33.9392019315609,36.4937141729913,NA,NA,0.0869007349999649,0.0514926742485821,142.004612196395,55.4527014325277
2010-02-20,0.740669909046917,340.151853607922,11.4882453883567,1.37013096936479,-1.56058930900255,33.9428427434965,37.1413573253493,NA,NA,0.0814485887716576,0.0554810850585681,142.208492165027,56.4911105036284
2010-02-21,0.769909618831262,340.697225431117,12.4297567635048,1.36236172520358,-1.56514072836491,33.9454765783148,38.0400266068184,NA,NA,0.0627396304597739,0.0180137458329017,113.752633575536,46.5958498904357
2010-02-22,0.77374699639111,340.683307182498,10.4909949506201,1.30227164467658,-1.56771070641866,33.9503508502173,41.7732929971054,NA,NA,0.0763391064789131,-0.0351560051011251,124.050967468067,62.2603566459936
2010-02-23,0.786773507188006,340.746740945956,10.6235435706813,1.34903934585903,-1.57263279508161,33.9553816019282,34.4741795008321,NA,NA,0.0863290791086822,0.000186982420090883,122.548410387745,53.8757598886147
2010-02-24,0.788282915586379,340.729146073504,5.57384776196829,1.26888266756789,-1.57567723350808,33.949504466192,40.7652759461911,NA,NA,0.145670899716627,0.0168333672711,199.424308502676,119.472277701636
2010-02-25,0.794097064835269,340.693810811857,9.48699945066033,1.25740573007246,-1.57998894889023,33.9463105607129,39.1479184733711,NA,NA,0.0867359924925725,0.0534423991746185,143.371496830793,63.5942759211239
2010-02-26,0.803178025091567,340.537861149486,7.21289941741199,1.25756487029123,-1.58142838770883,33.9401307151063,36.6839914720872,NA,NA,0.144123146041484,0.0274501842988326,196.864697744446,118.859181451756
2010-02-27,0.803967699045088,340.395739671661,8.61860221769752,1.20334225461671,-1.58543739112926,33.9339857937997,39.6942450488627,NA,NA,0.126223072635862,0.0872458699743757,208.383013208956,135.051168044169
2010-02-28,0.804642489407121,339.951662761409,7.0868206692905,1.18567660609801,-1.58602922905473,33.9099685833683,26.813662566315,NA,NA,0.0886346477557693,0.016169455907887,139.115621571933,81.2278987202939
2010-03-01,0.792622328894894,339.916070333341,10.5595982132888,1.09924423353754,-1.5979384452547,33.9168115067579,40.5004527572035,NA,NA,0.0423214710022193,0.0658096031269483,131.413782180023,93.2137681724613
2010-03-02,0.800737196715867,340.137784260075,9.88826541784333,1.08833466918684,-1.58834097340361,33.9113049423486,39.3678495044168,NA,NA,0.0924031272852308,0.0405233087930602,144.302077123288,94.1472545360253
2010-03-03,0.802395742840883,340.050624940454,7.69455588445431,1.07918257900739,-1.56788986398463,33.9030410622456,37.616844813029,NA,NA,0.142975715907761,0.00873216514584989,189.164411915088,141.850538483413
2010-03-04,0.816318579926723,340.15425556462,9.35164961582277,1.06746643400586,-1.56883260434777,33.900248672959,39.1738653710657,NA,NA,0.126898515431585,0.105010855113446,215.557039422412,164.960670813602
2010-03-05,0.837384956638987,340.476120367283,7.93934015820666,1.05543299977556,-1.57373986343945,33.8956481686488,39.6442046339213,NA,NA,0.0940332523724328,0.0365019493589276,132.441017010065,83.9923805977018
2010-03-06,0.846132012402139,340.56797567228,7.482337175346,1.06599067269187,-1.59340103306429,33.8922936649297,37.9234713813071,NA,NA,0.150893230664867,0.0456344383327585,199.879664594833,185.565914668047
2010-03-07,0.848172721339435,340.528922104254,7.47644651517635,1.10071703049577,-1.61051075226865,33.8894559574513,34.3267350898259,NA,NA,0.105687121937351,0.0211463205506284,131.461758568726,105.196914700255
2010-03-08,0.82143836195876,340.087108705102,6.41945127743046,1.12281094787092,-1.60231688292886,33.8890770154122,33.0648090681727,NA,NA,0.148615668619532,-0.0101563623187593,183.829953846739,155.098504292509
2010-03-09,0.826291349966352,339.945733791444,9.74086982447927,1.12161294237161,-1.6011109696387,33.8952136380791,37.0861686649915,NA,NA,0.178079003360067,0.0846075222308417,262.792466156457,235.346027410454
2010-03-10,0.858395056753624,340.253473421422,9.52630749562891,1.11884329744518,-1.59766497447906,33.8991757494557,40.2310990708077,NA,NA,0.128700796595188,0.0854633585091142,190.418984391035,170.586315922081
2010-03-11,0.864017257966646,340.32641899295,6.91021702929241,1.13277950476699,-1.59348134312392,33.8934735235093,35.5534474453945,NA,NA,0.124568235973718,0.034087651317459,159.48237538297,147.782733520394
2010-03-12,0.856402429502185,340.299042492378,9.781986951828,1.1299732831406,-1.58751396692073,33.8913174782366,34.2120332357533,NA,NA,0.049674743145463,0.0328389045187899,86.4816107786306,61.1004316197641
2010-03-13,0.837594031560712,340.309460895817,9.20112338298705,1.10492883214423,-1.57415336426775,33.8947255421586,38.9584647910958,NA,NA,0.041772879061871,0.0378388331174931,83.2873311477434,64.2046119280544
2010-03-14,0.826714620357606,340.490197158441,9.24820056194212,1.0893705689151,-1.55533279243268,33.8950447669396,40.3635107663318,NA,NA,0.0606424610825524,0.0383767167133921,93.4151258896649,71.6391742476204
2010-03-15,0.822529845848316,340.955571616568,8.17144725671629,1.1078121510514,-1.54425016878105,33.893232595261,38.556699541738,NA,NA,0.0836932025296807,0.0369138052227043,116.595010626335,79.2228792914732
2010-03-16,0.757130403707667,340.421234503025,3.20970121244105,1.06196173502688,-1.53628529340793,33.8884819380828,41.4788160684459,NA,NA,0.115337725582956,-0.0515939908330901,167.665334259072,101.742008507577
2010-03-17,0.680631885441338,339.525492226205,4.19831228837734,1.04005364741874,-1.55120270567545,33.8819211427017,42.7839869590584,NA,NA,0.040402223219072,0.000102963962173655,80.4950733845667,56.4248237134375
2010-03-18,0.668460956797367,339.47984388398,5.52235190752076,1.00402747247464,-1.55372243982899,33.8794767299966,44.4674473555304,NA,NA,0.0846594159922458,0.0679916148394467,130.190078212034,84.3514014708798
2010-03-19,0.661026937932503,339.699866690287,3.2532138766312,0.966341687037073,-1.55251199369006,33.8764412966174,44.0461189434757,NA,NA,0.124080598877187,0.0694990066281053,171.465812267937,135.015265333189
2010-03-20,0.628714417175549,339.601203360209,2.70057236130645,0.930660482822803,-1.56359214966114,33.8600741037634,32.3803048500648,NA,NA,0.13985879178311,0.0203539100092271,171.669619276098,149.779450071945
2010-03-21,0.623960150814638,339.758330554497,5.16785026759636,0.898458637045784,-1.58017181207937,33.8585131512641,37.4623988121949,NA,NA,0.0856503408839587,0.0617379973392416,121.468060376629,87.6130036478664
2010-03-22,0.61686193615925,339.826799346179,4.0979753383776,0.889857112959168,-1.57693215742124,33.8563551188481,40.0848902060114,NA,NA,0.132012116593307,0.00776512802712991,150.872163923277,127.732585147184
2010-03-23,0.618591696750827,340.002347992688,6.50382096592973,0.877380848685016,-1.5674615326198,33.8515261136569,38.8299658797209,NA,NA,0.0817278268094729,0.0494441039025703,104.939861129053,75.4890043952825
2010-03-24,0.631036335375251,340.432086107208,6.06916186867691,0.85204282476392,-1.55572364655262,33.8499033846836,40.612271574023,NA,NA,0.141148723883104,0.0624842799335276,182.634891307512,157.802293491431
2010-03-25,0.639218467764738,340.814960014529,4.66841486895957,0.846187225921273,-1.54927110189368,33.8445575266232,39.0255972969065,NA,NA,0.136262467550805,0.0516055225873524,171.017839611075,152.543930466048
2010-03-26,0.645067820825228,341.164019700958,4.89726041293726,0.853430614850701,-1.55086416078483,33.8464130139061,41.2094624335306,NA,NA,0.152540653330675,0.0743152475067478,207.843842959853,171.528047179221
2010-03-27,0.644335089660272,341.337778603158,3.4158137876813,0.850899184170442,-1.54142977850318,33.8444814180073,41.5527442296346,NA,NA,0.157351952086375,0.0337524006593163,197.967473635947,167.291567771073
2010-03-28,0.652660524699746,341.554303052949,5.48645343431612,0.848378624882695,-1.55424673161526,33.8452618865349,42.8690352111693,NA,NA,0.136311890625278,0.0677304982475424,183.91308440225,142.585145800262
2010-03-29,0.67632437079418,341.971754492783,5.75528796416957,0.812744869444615,-1.56340969622376,33.8497243101298,47.1500697348282,NA,NA,0.144268942954127,0.096403893872633,219.253947226357,169.271737226006
2010-03-30,0.707003345940171,342.447989859232,5.96148005927481,0.774690388617647,-1.56903935250966,33.8559556309833,49.872230253078,NA,NA,0.170107123913311,0.093552204972578,257.845011518469,193.574920396999
2010-03-31,0.729968214543854,342.73681640625,4.1223792622729,0.767084238490193,-1.57236550130986,33.8565815914015,47.5201221754355,NA,NA,0.1572736993975,0.0241141529017293,199.839940111308,151.494493604328
2010-04-01,0.749768888441528,342.999991440191,5.9914055771944,0.784055986284566,-1.56165395590619,33.8525227329187,42.4637690980425,NA,NA,0.148530826103269,0.0438881700961535,187.907172951048,136.293945464792
2010-04-02,0.776679434427401,343.487622889077,6.4389984375093,0.748556660807487,-1.56069309798329,33.8580456526495,48.9366999148679,NA,NA,0.126683526862207,0.0900794373279721,184.582738321874,122.805666051344
2010-04-03,0.793446573542386,343.880658033417,4.99888846060125,0.692084321307267,-1.55662355329665,33.8647568480045,52.7025029224905,NA,NA,0.141814282804969,0.0568599782119959,185.532997655539,134.948995938106
2010-04-04,0.775241600304115,343.954896880359,3.08836991757881,0.694823327214129,-1.55460834149246,33.8640279113522,50.631486344434,NA,NA,0.192765778667129,0.0549011922638748,265.206219497711,183.091421059178
2010-04-05,0.770251614291493,344.142486944431,5.18322982439181,0.674500717083935,-1.55996740749169,33.8738321878328,54.2961788473502,NA,NA,0.1591221076787,0.0844856129051783,227.646429663264,161.704611203513
2010-04-06,0.760723320085828,344.269620569741,2.3934943152637,0.687714366274968,-1.55201859174952,33.8684142417753,48.080246015438,NA,NA,0.153338829781885,0.0103211044943445,186.371233834613,137.266059621243
2010-04-07,0.736691337896556,344.335517697218,3.33768360062343,0.697140262103998,-1.55449055161392,33.8653705972731,44.2263057608353,NA,NA,0.149569526123695,0.0641827729911457,199.807997192848,145.730764408159
2010-04-08,0.717020963386792,344.41515034001,2.3745442599785,0.673317537687005,-1.55986773903392,33.8700636581853,49.0093924938104,NA,NA,0.160134449244229,0.0522175403550649,210.598458600162,154.261771998205
2010-04-09,0.697950032062647,344.574265270698,2.96913004212263,0.649801233499317,-1.57172630351243,33.8750039433983,50.2266321851496,NA,NA,0.139474942561304,0.088033338096219,208.746746253521,142.391834030937
2010-04-10,0.704019322991371,344.861632184284,4.32985177272704,0.605290176032687,-1.58223685915814,33.8816575115992,53.3388201665943,NA,NA,0.131494002308641,0.0402696056243701,178.534550672004,118.342725697262
2010-04-11,0.699303041144115,344.948521683856,3.14604238184487,0.606336947233893,-1.58336575665133,33.8793985467208,48.9951836358198,NA,NA,0.171975301440388,0.0168028901181562,235.105298644716,141.03307455824
2010-04-12,0.701575322122109,345.180248353539,4.50620202901887,0.582417354711637,-1.59075074060726,33.8879672062059,52.5602069988585,NA,NA,0.169880602961248,0.0930966926529983,273.999584500881,161.088742945389
2010-04-13,0.708429206798716,345.506595890696,3.08494135810108,0.550348950029626,-1.59076556808714,33.8952777002826,55.4911784044644,NA,NA,0.157467271494158,0.0552850418627343,233.925538396926,139.649458537923
2010-04-14,0.709833500588812,345.775911656822,4.40458489918127,0.537760990803782,-1.59177255646581,33.8971597926337,54.0597737051054,NA,NA,0.166841931917608,0.0585527053296405,248.078092677199,145.653436342769
2010-04-15,0.719663741385065,345.979123371403,5.25405439225639,0.519362902693581,-1.58529818186715,33.9027465068699,53.7898021162602,NA,NA,0.192886040620154,0.0461682034769522,284.107782163476,180.818474876273
2010-04-16,0.723355263471603,346.089688929116,4.12245117745748,0.49815068379869,-1.58009850319259,33.9005307649311,47.4519599677741,NA,NA,0.106655806730352,-0.00534506344240204,141.363177246405,86.5110811769896
2010-04-17,0.720964858444726,346.18651078387,5.11463024267336,0.509372598467729,-1.57913064345335,33.8938688877945,43.5154427413837,NA,NA,0.138026857213211,-0.00431624797453121,176.294016903065,115.221998393489
2010-04-18,0.725551315197131,346.404812324338,4.72263599023586,0.495917766502029,-1.58081019021239,33.8894208272298,42.6064771248101,NA,NA,0.139669338158268,0.017174383854134,174.217898822961,117.834543963037
2010-04-19,0.728103993142523,346.631242705554,4.25406858106939,0.452769784138672,-1.57297051580329,33.8872791707274,43.7337263251445,0.000397665426135063,0.00129472464323044,0.0935439678077434,0.0340357574555073,116.277866511731,72.346175359295
2010-04-20,0.714108910139014,346.722266220465,3.51045377661542,0.408676838605349,-1.56166178301761,33.8864081018528,46.6142453941417,0.00259926058312419,0.0133053785237476,0.0489317552964536,0.0508650062145733,89.2916517481007,40.8072735521412
2010-04-21,0.702910208847465,346.851731091011,4.1360785350567,0.316133846668338,-1.55325045244575,33.8920567006717,50.8122911337416,0.00594095703009741,0.0389772433498424,0.0685558571013925,0.0737814826641971,112.242266065853,59.3964403862243
2010-04-22,0.684838839057015,347.049106132693,1.48948993333956,0.249447813441075,-1.55484268829407,33.8910064697266,49.940392544395,0.0137467007656803,0.121413328588854,0.122807140865548,0.0639990852660576,158.088390459186,109.143421515688
2010-04-23,0.652339321084139,347.307561734828,1.64929486338685,0.221016917895531,-1.56231745679369,33.8978659389151,50.05509431996,0.00856623002167406,0.0574589868493635,0.143475708847064,0.0994582160724159,217.334449031932,139.878679288557
2010-04-24,0.635534101143116,347.707744319264,2.07180064480479,0.168352102501351,-1.57548571968207,33.8945052215123,41.3929441325899,0.00131747001707126,0.00867497401804417,0.107883960300209,0.050791695729079,147.786964234518,102.19215653707
2010-04-25,0.631173366817032,347.864876723871,3.47967727882106,0.0976440532587961,-1.58198686199471,33.9056212287522,51.3382309412988,0.0117860931476925,0.0707473361359562,0.0628631872234316,0.0533699127625518,109.29111533166,58.7584877572817
2010-04-26,0.595516423626644,347.391597840844,1.514078196229,0.0261472156635824,-1.57524190113129,33.9004214720527,51.5935813412171,0.0206505277383573,0.0740734426994119,0.0161958147498921,-0.0367778927469865,90.7617432160901,66.5244668012508
2010-04-27,0.564412755573668,347.330033837295,2.30649510534798,-0.0529360033461118,-1.58140079067786,33.8954337373597,51.9518959840782,0.0274708224266146,0.0640643766556491,0.0449837063528426,0.04935926149691,91.4229415379026,59.1423663579806
2010-04-28,0.551310923768253,347.444322911704,1.3861572131878,-0.109413284974301,-1.57388978062371,33.8926969160113,48.87718683441,0.109303600804024,0.193903916868905,0.127260948914668,0.0233653992334036,157.469741674671,122.181545044876
2010-04-29,0.539674189396021,347.591439596037,2.04415353623832,-0.13246204840791,-1.5706373549666,33.8890149300559,44.5137811421383,0.103869285998922,0.164730589794503,0.119496644669377,0.0501146049524045,163.923494455942,123.416017902656
2010-04-30,0.539568746235312,347.839875384075,2.56115583239532,-0.168872731940145,-1.56556164462235,33.8944308066014,47.5930206656617,0.0302773856111392,0.0492098415852524,0.026011984086471,0.0383618899876209,90.8707534283781,52.9367639279508
2010-05-01,0.543589598158511,348.141361515696,2.87232155916167,-0.259656276900759,-1.56164242381509,33.8991816182207,50.3485416149803,0.0577232792565672,0.134403968792957,0.0480215541726825,0.0430669297040635,101.01723337065,46.2450997338041
2010-05-02,0.54878733652394,348.45068694324,2.57473745578673,-0.351048711330382,-1.55743614301669,33.9005738746139,50.1700020891774,0.0741953935848574,0.171917155337193,0.049404565677268,0.0338512460139358,94.9230427746891,42.9531284117787
2010-05-03,0.550275439532792,348.719577696265,2.19687688350677,-0.447611745321236,-1.54979663001381,33.8989368907192,47.4943811414052,0.115014566398572,0.247805889581569,0.0801248844215262,0.0295259371430044,115.050778073176,57.4439199500061
2010-05-04,0.533664371182279,348.843359226134,1.29962728154369,-0.49441700738411,-1.54969160839935,33.8941964987319,46.763131325705,0.101432155745844,0.222485916798606,0.0309880250479207,0.00467126771264713,82.0798136871998,47.3553200589448
2010-05-05,0.503041483643578,349.101911591321,0.846435177616957,-0.557880680620992,-1.54910347497093,33.885380728203,44.8430598010579,0.0930089315929687,0.235072651057245,0.0836116552815424,-0.0167468775581574,109.319160127529,68.2450124805039
2010-05-06,0.483901016232444,349.546600341797,1.28667283421609,-0.579192732117678,-1.54097138371384,33.8671210542542,35.2676195075155,0.202450373822406,0.432981351725175,0.114196061489754,0.0327853633043094,140.010936925855,92.3880216980222
2010-05-07,0.48749404636825,350.099336205459,1.96850558025081,-0.616617567907622,-1.53584789714993,33.8683935929889,35.2948020183445,0.236492956355126,0.514999846918994,0.0626234870338649,0.0613253179600766,113.384154515657,55.8062023929024
2010-05-08,0.487125637327752,350.825821295017,1.48538399614939,-0.632541557143011,-1.5264551192321,33.8667750184835,35.1838069007143,0.297023556168796,0.638922301812347,0.114786662478075,0.0335382356706821,148.667961709474,79.559803792558
2010-05-09,0.468456072051351,351.602515616068,0.588323098493785,-0.607615720666694,-1.53400278590147,33.8789761500803,37.7500801382438,0.303524159287917,0.569372862024466,0.175583981701478,0.10413772115602,290.685536491889,181.898346654071
2010-05-10,0.444374015055052,352.264670023104,0.696222182454132,-0.574310758376089,-1.55224470136619,33.8958662756381,42.4059033889359,0.0944293540577212,0.193174898299196,0.176419224806241,0.090139568334649,278.12781564101,172.442158881453
2010-05-11,0.444809239085128,352.714165664301,1.8492815305547,-0.601047443756369,-1.56336315762498,33.9067083814366,46.5345513373412,0.0520088283478149,0.13397867932285,0.0943643846241167,0.0758045179249063,163.415308517381,83.7603955250328
2010-05-12,0.45026553476729,353.054671869045,1.22648772015804,-0.624299830391339,-1.55981955177549,33.9072562306516,46.8525039696018,0.0263503169089866,0.0706948554034655,0.0302252680183905,0.0130096985713432,96.1891153417447,50.7301555743716
2010-05-13,0.447815560713047,353.054281095179,1.65938285647369,-0.668768387212444,-1.55739701662952,33.9053761357399,48.7974927801835,0.0459271649099188,0.15422452566831,0.0448609730844636,0.0321527529362081,104.656362102393,51.1554553829728
2010-05-14,0.45311015953378,353.266380496141,1.44966442555916,-0.711761184107115,-1.55225870322924,33.9088810291368,50.1259333949018,0.112379816071201,0.326971205851423,0.0988107790187625,0.0884814371785976,165.620201017964,84.6303392947049
2010-05-15,0.448611440455041,353.617888659966,0.677750961809624,-0.761595067204895,-1.54901204418074,33.9007963368445,45.095733232022,0.170843152743146,0.487780555831705,0.136338249085202,0.022386006357377,177.444169494102,112.294558553086
2010-05-16,0.434438522269086,354.099650313215,0.774046703809645,-0.734263332216283,-1.56376512925795,33.9062184270738,46.8906005390903,0.103703420648817,0.278901027273387,0.16246308165121,0.100985376875692,259.866147128969,166.899394518698
2010-05-17,0.422770499092777,354.80520108851,0.459036682073663,-0.721755439362787,-1.57729994285444,33.9105244068964,49.1253298438995,0.0251006067000245,0.0932028342927383,0.162705252909789,0.0384846229241927,219.811159094866,135.899024206724
2010-05-18,0.411669828542849,355.2315718488,0.66677117929226,-0.715044827515941,-1.58480436583119,33.9074457557256,45.7590269135077,1.63492014897721e-05,0.0028338615915605,0.103122084789913,0.0192015376821784,134.666858620193,81.6587179023156
2010-05-19,0.41273730884238,355.787408223966,1.22527427644264,-0.731649860277189,-1.59413866588139,33.9060434194712,45.2499731079287,0.00363383182349738,0.0224689570248358,0.116261929756234,0.0902985448065477,188.588676082006,120.797900066423
2010-05-20,0.418955908679381,356.173940519007,1.21377441359729,-0.774646609760167,-1.59149784887368,33.9084445680523,50.4350309796662,0.0253673922625586,0.149742064628848,0.0944714670631326,0.0445924434413714,143.459213390473,80.8771533169767
2010-05-21,0.411724576862847,356.304087196908,0.461936579608336,-0.762913664222246,-1.58737311076861,33.9040191331212,44.439646948687,0.00853806162459983,0.0627426641351647,0.14993113543783,0.0109759552225812,210.582890628531,132.529724920443
2010-05-22,0.399548062827529,356.634237149867,0.777773015382813,-0.754773747683698,-1.59363249535503,33.9079461760527,47.6006398529176,0.00367020563558177,0.0129260083790435,0.170645831160338,0.0784090936596175,278.530880544364,199.816428875442
2010-05-23,0.391703314897491,357.045612242164,0.608454457143458,-0.747144862828467,-1.60218138717286,33.9134301354206,51.2187924700388,0.000415542204531708,0.00136243345748101,0.174864881625462,0.0633738883814992,277.175041584306,186.670613529658
2010-05-24,0.383450489218642,357.327869322242,0.617932947670541,-0.732670934858271,-1.60045859398629,33.9100981440782,48.0425609480514,0,0,0.122903515337168,0.0144355432274934,186.350413969727,109.090941536343
2010-05-25,0.379721487077271,357.768460901772,0.706764050373217,-0.730785951521072,-1.60005044100577,33.9057654047463,47.0077733748998,0.00132124360799294,0.00573362693797017,0.128889426392944,0.0963305837088912,233.90586595992,147.454087556912
2010-05-26,0.375363916158676,358.205597668159,0.604065740253867,-0.774323386701978,-1.59638657518405,33.9082015239597,54.411909937376,0.00730818240419117,0.0439141341168826,0.130766664766147,0.119717399153592,260.458068848327,184.803691335993
2010-05-27,0.362624778616719,358.32042042802,0.291401687010032,-0.777723667110026,-1.59249577316356,33.9032613468556,53.0272510930112,0.00310381490712029,0.0233095427622666,0.190678494018421,0.0837113241616048,309.595381032733,216.185162914011
2010-05-28,0.338062211144261,356.609726324314,0.619547976226341,-0.80916638109285,-1.60191656075991,33.9251989758449,61.5366027783125,0.0116446544237148,0.0769212645844289,0.16218301993713,0.180554256557051,390.12973363114,246.213410270846
2010-05-29,0.327199427274669,356.615682090201,0.323240920356134,-0.865196881707702,-1.59065477905968,33.9210226802852,62.6879457262685,0.0112197090528006,0.0598268021964308,0.130718065860622,0.0649372925039245,199.508210956226,160.003368717318
2010-05-30,0.322607248658087,357.362782920279,0.519172405324331,-0.896078154303928,-1.60562944106567,33.9229748631939,61.0415522038695,0.0156414053835196,0.0842450890393473,0.060064215484539,0.138208897912551,197.255530165835,135.774751008966
2010-05-31,0.319193484943088,357.976861721132,0.261443849380423,-0.928519206491077,-1.60963226651695,33.9202215681192,60.1778908754006,0.032799350642866,0.141066643952702,0.110533840230361,0.0614612303101099,158.616562091808,139.602500359223
2010-06-01,0.312010217003706,358.398423729873,0.282113919170891,-0.916204061062552,-1.60478801685467,33.9230180500973,55.4030411922336,0.0238761558458209,0.142161320380867,0.129182667771855,0.0495808399389228,164.842352437057,143.217583707964
2010-06-02,0.308284693738309,358.616365758384,0.547120144817887,-0.891609354862157,-1.61386614289844,33.9307630129671,52.7537790998595,0.00224621402952126,0.0170179486148438,0.155588385698042,0.0206339719696486,200.213540184404,160.436971942573
2010-06-03,0.308425353067677,358.759570982398,0.570391503412549,-0.886766920567524,-1.62206042311613,33.9391999032333,53.9195367926367,0.00449609726758822,0.0294793822625481,0.136284707760119,0.0289032113827594,175.482176450148,135.48752052244
2010-06-04,0.308198513054266,358.945896427806,0.426670826789809,-0.887657515634248,-1.63099316257214,33.9403695532507,51.7086952430838,0.00550540119125429,0.0398852779282688,0.133750147655023,0.0569102246007617,179.64706417081,149.265786822257
2010-06-05,0.305339225181719,359.041517676377,0.359365149242122,-0.896252122746627,-1.62523871587838,33.9388807299327,52.7939350344392,0.0084155054622291,0.0877645572375817,0.0839576139221629,0.0451904578629615,110.41945685407,78.8721400573514
2010-06-06,0.30459210930801,359.021665991806,0.556325921198217,-0.90987696837478,-1.61927092574064,33.9393110905903,53.2115568348914,0.0208180034580571,0.161300212798502,0.0433939430616323,0.0398289199702331,82.5215433347663,41.3706655728925
2010-06-07,0.305369404031009,359.083744700362,0.43637385273852,-0.931509279006245,-1.60069870305287,33.94037572575,54.0447408647833,0.0443461852904528,0.239614286958046,0.116028819539849,0.0708540120336771,164.596003186818,123.150911499036
2010-06-08,0.300541990777341,359.315564783608,0.160653029182335,-0.947285001094525,-1.59522102171915,33.9342452807304,52.0081141905585,0.0452144368228363,0.208640659411336,0.160151747199889,0.0621523242569485,223.76390539187,193.547299257653
2010-06-09,0.288311112036065,359.551251295136,0.0594184359581005,-0.924577251569382,-1.60410063131618,33.9287099851127,52.5847123232287,0.0194142226029334,0.0925578521427644,0.195006273732132,0.073177702046237,291.270066348984,237.215673674682
2010-06-10,0.277825757315973,360.017315376096,0.121657585679758,-0.943276820284555,-1.60794159790121,33.9270831119676,57.4281360314764,0.00800129313343133,0.0646480929938058,0.162099001609925,0.0799560237942357,252.45088588492,230.783664001058
2010-06-11,0.269832333050123,360.523871445074,0.0822868067316893,-0.94751333190925,-1.6051912275564,33.9208682082121,56.3109774711805,0.00376966249328197,0.0366443261225226,0.175275913948714,0.0438543980370569,250.499567186562,230.604142119432
2010-06-12,0.261162963400527,360.888587765577,0.0581434352277983,-0.925254342386275,-1.60541239296376,33.912853534405,49.851637584156,0.000445061596110463,0.0273818844860351,0.174859939004809,0.0260128078532283,238.811186123561,202.82117200332
2010-06-13,0.253723141805428,361.294584320813,0.132403514370686,-0.93969367517915,-1.60894899747954,33.9109157763029,52.4362382168068,0.00592338217278503,0.0432990656453904,0.190331711354647,0.0667675795352813,287.434873045116,243.540054538409
2010-06-14,0.247963230239182,361.335992580507,0.235455952039579,-0.969092267546577,-1.61376606211489,33.9195070305334,59.560725192792,0.0139262836606225,0.103477722267632,0.188405050520311,0.112833642660968,325.28582653005,268.216074461807
2010-06-15,0.245262640096792,361.788235548066,0.222351360430078,-1.01991460457263,-1.61489536807283,33.9254892223116,61.6628369139595,0.0312302992038187,0.171319627405399,0.121929888290513,0.116298172954726,237.081796293916,193.508642742611
2010-06-16,0.243148814432505,362.313274476586,0.205476603675179,-1.05353092735032,-1.61087442345304,33.9256210378629,59.8941222498452,0.0329645054975923,0.162769243193222,0.155308323848223,0.0727411350951745,242.9993739838,205.265294275906
2010-06-17,0.241468433926745,362.624757348037,0.227706358381888,-1.07379126464307,-1.61802506189436,33.9276988844157,59.6659539900972,0.0232881693244663,0.199490427959513,0.128477570835838,0.0722897410513418,205.418385808039,156.645106155191
2010-06-18,0.23737847041793,362.622896520103,0.140825918534907,-1.09915992875009,-1.63254214990155,33.9343915210883,60.6601739116365,0.0349659850467725,0.243548825561658,0.0177806354908325,0.0672634537262633,110.707324806313,69.8716741990613
2010-06-19,0.230962065843547,362.369173003406,0.169733853965271,-1.12239254705417,-1.63938184032234,33.9427006730506,63.2585717624659,0.065366549281323,0.244398278203088,0.0167921816530498,0.0636004090118103,105.094309668748,68.8995465580309
2010-06-20,0.228083611443275,362.439799238996,0.226383079025077,-1.14119689130349,-1.63547374265879,33.944700253959,63.427432752653,0.0728180301075781,0.248289420398422,0.13604665552134,0.100479618358387,221.453044554581,168.252654676287
2010-06-21,0.226437969178688,362.637364829459,0.17750552969008,-1.16903471390688,-1.63108212246425,33.9465144951495,63.5036259624157,0.0574380221076544,0.201014538066318,0.160460639252314,0.0672313292057086,230.061159715614,195.894753728579
2010-06-22,0.223712399783658,362.817772842035,0.17505962955879,-1.18252809675518,-1.62543681790793,33.943839450275,58.1076979746542,0.0519644119912069,0.212670612265712,0.182223095615142,0.020025249148308,240.07229080089,194.687895571257
2010-06-23,0.220239964200229,362.977428157155,0.106982304919057,-1.18342561036469,-1.62094759024107,33.9419572909995,53.3557062548021,0.0205258468730034,0.0795522978214521,0.139864557778385,0.000634257816150282,162.316863250182,130.176728657982
2010-06-24,0.213666833573725,362.620088902915,0.0459176042775919,-1.15802828034489,-1.61215982713841,33.9364899031707,51.56763450916,0.0077038042654749,0.0230054458111732,0.103806589045103,-0.04088821302843,134.463395408314,94.2162696107108
2010-06-25,0.209390127985943,362.417173059975,0.149644994608513,-1.17085346957611,-1.60999470136748,33.9336459820087,49.1508649203137,0.0060761926948015,0.0382514862655347,0.115930797760947,0.062854126492935,149.932911076669,130.342438941737
2010-06-26,0.207265962914723,362.421094196599,0.0874051069159333,-1.19700795408042,-1.61156798873031,33.9344965513901,49.8985891252072,0.010407470506111,0.119740719923817,0.126778253639436,0.0217187999975183,145.623079459089,139.776481528082
2010-06-27,0.203537126321618,362.512176885837,0.0731941123561161,-1.19712558243921,-1.6137071669343,33.9278224631038,43.8222753560817,0.0077322326692881,0.0542492813005208,0.140070485536829,0.0222756289217154,157.332283944976,151.939114675325
2010-06-28,0.201377722366554,362.678718008646,0.133516333724667,-1.21886661877999,-1.62572140877063,33.9237697668243,40.5525524857556,0.0116661566799172,0.0513728239263097,0.131308667120422,0.042715204957566,155.699323854306,160.075177072174
2010-06-29,0.198691531652358,362.743632991139,0.0656751593711173,-1.21920467142956,-1.63338151473587,33.9221491022149,42.7117062387196,0.00658912453921391,0.0390062222087925,0.0574538739455937,-0.000748753602969663,74.1398654831744,53.6631045736262
2010-06-30,0.195247841862644,362.42075254859,0.120271371359505,-1.22437527337377,-1.63871010369778,33.9249352726698,49.6829826738509,0.0158563940534456,0.134883780422018,0.05796292796731,0.0389178950797048,82.9269442731063,54.149166641146
2010-07-01,0.193773157531168,362.199482615401,0.124460272581839,-1.25516165497332,-1.62694915377016,33.9231025500175,49.5038253858826,0.0221238833665063,0.171151186942562,0.105903758130736,0.0121596285698787,120.147600362065,94.948153261533
2010-07-02,0.191203336708429,362.028864418588,0.0590523520439136,-1.26606825331927,-1.62071283529645,33.9190704922284,48.498485495687,0.0311195948834628,0.192948835540556,0.0736463940608115,-0.00699413400369617,97.3965029653492,54.7816057624601
2010-07-03,0.188446559920544,361.986548074862,0.100236633747089,-1.27069322879498,-1.6251485177219,33.9145483153391,47.755909555515,0.0272213039167512,0.147161600544805,0.105136882815404,0.0447300031288513,134.433553010151,98.115848587749
2010-07-04,0.18773780726805,362.168720524486,0.172465177207458,-1.28985440505822,-1.63176910066412,33.9249085183086,52.5752396062318,0.0648136843553921,0.337226440375935,0.107405384356475,0.100995261418192,180.186507519052,144.217352984901
2010-07-05,0.187855538253377,362.12448976098,0.202840937982972,-1.30924193386124,-1.63143590635616,33.94057749801,58.2096321927069,0.14793059786382,0.433415345354923,0.0644916646363523,0.0739989423076151,117.120888559557,71.8628728604954
2010-07-06,0.188039057320211,361.988510876167,0.168609896629322,-1.3185472384236,-1.62714148886934,33.9548586125959,63.1533426717225,0.243446427804019,0.478138759063605,0.106968817098742,0.0510561071869172,142.384230282799,124.96534498209
2010-07-07,0.187188595533371,361.946372427591,0.121467846650176,-1.34667171383033,-1.62208884351167,33.9544034795722,61.4945936807898,0.229286540789228,0.441254343008119,0.151865210052323,0.00314657782253466,191.009123892193,169.014876289057
2010-07-08,0.184697154818512,362.144382755931,0.0626878331801513,-1.39203580856001,-1.61616553533093,33.9284957134128,38.0593838209083,0.129161641756463,0.279666144433182,0.175852511646213,0.0026861231185888,231.180315901377,187.529501528206
2010-07-09,0.181828131581225,362.564119664634,0.0835724266745695,-1.43426848370858,-1.6157380278133,33.8980103362749,22.2972523294158,0.0678437982721008,0.148481185769416,0.151062915300229,0.0281421018012783,193.953497672404,158.721931208239
2010-07-10,0.181184877709645,363.008282172971,0.157859065547222,-1.44851803401543,-1.61632698026263,33.9239755957394,38.7278256113873,0.0365914134204443,0.143445276086607,0.149097539419145,0.0917622800237737,232.166905997338,173.660108510323
2010-07-11,0.180446630570947,363.523312452363,0.0995217718002273,-1.4709391300334,-1.62241338460873,33.936990210241,50.9327588358067,0.0393515135207132,0.189231344664459,0.146007797938449,0.083983972723949,229.197779408196,162.21276017021
2010-07-12,0.179248593565894,364.013164241139,0.156492792524216,-1.47452128593095,-1.63671878169262,33.9434027729729,55.8480513182729,0.0448564944594631,0.169083250540732,0.108370773916544,0.101236609161383,189.586805485464,113.277730941595
2010-07-13,0.179873713814631,364.150053070813,0.200310642944603,-1.47004754316469,-1.63695683299128,33.9547185807736,61.9210703138076,0.104011795787686,0.415663334562389,0.0956699672920501,0.0602446084442409,143.132239986122,79.1400275038854
2010-07-14,0.179770369355271,364.257361435309,0.133625733597976,-1.48674252753959,-1.6311476090659,33.956417449251,62.2573503193102,0.106748886366831,0.341437665308234,0.164251358784966,0.104267867465532,264.138284702008,175.380676911094
2010-07-15,0.17791137589914,364.596383071527,0.085029076148824,-1.47411404350991,-1.62944829560484,33.9555566764554,61.6515105410948,0.0833530892514787,0.13622686562458,0.174733911378261,0.109492669246498,290.070134515763,198.40518220915
2010-07-16,0.175792785861143,364.60384536371,0.0770881071505023,-1.46166842451945,-1.62678688080848,33.9584766547529,64.635405500569,0.0715049497105116,0.204046712915555,0.169608778582934,0.0356971833518079,236.736248581789,186.53527630147
2010-07-17,0.173282355433557,364.375633797994,0.108818757007035,-1.44224432010239,-1.62185490919672,33.9629452662912,68.61949217046,0.0371342996056293,0.0964434812094935,0.195892587530347,0.128075599620136,356.225461392048,256.633428605594
2010-07-18,0.171132156034795,364.60765633932,0.0830538549528616,-1.41679459842432,-1.61749294573157,33.9629596190253,68.6888899397754,0.0300289137506508,0.0934646011179712,0.221373277677376,0.0571598090663773,354.986861923904,281.433726311507
2010-07-19,0.170350128557624,364.916327499762,0.177343237963392,-1.38913469766637,-1.63060519634149,33.9625251450841,69.8960389331607,0.00176022158002893,0.00958457078662849,0.215604002809959,0.0880440464658052,364.233964772694,287.330012940273
2010-07-20,0.169578796843203,364.943099231255,0.175309291382025,-1.39881956762309,-1.64560498254984,33.9719648785919,74.0366306974177,0.0176663455162474,0.147566877588298,0.193604316602633,0.10916400832525,345.305965275053,284.656660376713
2010-07-21,0.169989455218722,364.910472218583,0.295734426778991,-1.40486791717861,-1.65109666478135,33.9751217284827,74.5250915457845,0.0170138091240992,0.12878790195671,0.187410830300145,0.110881446600564,325.168355367715,261.366982566883
2010-07-22,0.173011192461339,364.909448018888,0.32100152315163,-1.44041963185054,-1.63896380889754,33.9744689467787,71.1328418090759,0.033516664723784,0.259195224600674,0.128539349215153,0.0687601376531015,197.90331819265,163.715140735106
2010-07-23,0.175567890812711,364.948915807212,0.252180644924321,-1.45568432145112,-1.63762568783985,33.9793967634399,73.7489496249097,0.0491597175167046,0.266459329981312,0.178919189256414,0.0908331334611021,287.381049226404,258.1993214915
2010-07-24,0.17429854484593,364.860039315573,0.131274400051774,-1.47697462774964,-1.64143453114107,33.9802184523198,72.7895315957938,0.0432824847218046,0.187943154091315,0.223600592886509,0.0785466533722343,361.881004035723,285.565257998222
2010-07-25,0.171124088509781,364.779510125881,0.12722617932936,-1.47993702492733,-1.641319621108,33.9764911739128,69.9796458114336,0.0294951774182604,0.130637146986188,0.228538743342184,0.0524671249061461,358.508260189932,294.388890345024
2010-07-26,0.170554255566946,364.744599877334,0.213421190066672,-1.48922255816247,-1.64045060597933,33.9743907892431,68.5632738249826,0.0086350153545819,0.0491557199613101,0.17948919748347,0.0527587187264049,269.627974523851,266.672276565824
2010-07-27,0.17240040822,364.874887605993,0.265692025241328,-1.49824022418253,-1.63114143238377,33.968443547505,60.5440306335326,0.00533608694341246,0.0197005663521406,0.198415615333196,0.0322170024800558,300.864124324989,298.760780438608
2010-07-28,0.175451355009544,365.080902099609,0.36812727489486,-1.52400624776176,-1.62905620305966,33.9748932996742,66.8507777856268,0.0167502239535031,0.22032634030736,0.156957394273778,0.100401365805251,268.974156067841,251.5739374801
2010-07-29,0.174609924416716,364.244760652868,0.300549843144126,-1.53114288514442,-1.63155040406344,34.0008010658336,75.7559225118434,0.0453571564569446,0.408081070674576,0.17413342552066,0.174060938982909,391.213881203423,315.7509076374
2010-07-30,0.174612032385861,363.53031809737,0.313933986352711,-1.51406240093242,-1.6326414089293,34.0362785020177,84.4510211339685,0.120192114419622,0.485348294299302,0.0923883009314859,0.0848463983520081,190.409373263798,139.663241481063
2010-07-31,0.177087930099266,363.106169909966,0.381780912418191,-1.52291993798836,-1.63393710628051,34.0552898103248,88.1865527877602,0.173851664787644,0.487535247516375,0.108639303816032,0.111355904600358,232.936198174383,157.484669722468
2010-08-01,0.180124849353622,362.844694928425,0.33373400432671,-1.53192771382017,-1.63273078259508,34.0668215783823,89.7170086460397,0.197283166743483,0.486443830244293,0.0997325119571245,0.0731480483433254,187.653284450817,109.673686845368
2010-08-02,0.1820607754152,362.783937779868,0.237183694705004,-1.55291555284971,-1.63159076758885,34.0686357372042,85.2123363523187,0.175782290009553,0.472231717848102,0.166623648437049,0.0967984515193262,282.205407465872,201.663986689767
2010-08-03,0.18099111527568,362.76110058296,0.1269640678131,-1.58231315776887,-1.63934312497395,34.0543092632422,57.3653278518141,0.0978591345975178,0.310928422162076,0.22157508645624,0.0862384709490616,374.382632059324,256.484260631431
2010-08-04,0.180678763585847,362.716598882908,0.266280090663491,-1.5781280434566,-1.65172804013277,34.0570337189997,70.7813229798949,0.0548049757128216,0.142931531486101,0.177364845703609,0.124314533101644,332.703133273459,259.654722942886
2010-08-05,0.185139687686432,362.714703443574,0.414963231581013,-1.58799775377137,-1.65343477095348,34.0557919706893,67.7838367778763,0.0517273891430913,0.141548884019676,0.143082798412133,0.0733564474925339,234.013291998365,165.303108552624
2010-08-06,0.192514016497426,362.71668559749,0.508289383133737,-1.59777553699277,-1.64129367370194,34.0494946725616,57.6350934058227,0.0412884095280398,0.110907533167795,0.151167526393727,0.0328611448789254,223.377354007642,142.137781106061
2010-08-07,0.201189642090623,362.575533983184,0.556764052226776,-1.62750723986169,-1.62696892047218,34.042845310309,49.8065393720722,0.0346653957318947,0.13454801878746,0.131705695650114,0.0692049417840807,208.881552826424,125.01505807733
2010-08-08,0.207541857550784,362.578768846465,0.354851318386997,-1.62615503376795,-1.62635113851905,34.0412864015813,49.1354204260225,0.0325343606647394,0.120572112752001,0.163839503675297,0.0459375642491417,243.581538430591,160.260221192694
2010-08-09,0.213917595947661,362.806020224967,0.604344041881765,-1.63648536234249,-1.62908091815377,34.0368074373356,47.923122941402,0.0293164440161825,0.105423998556553,0.172460467739385,0.0414491604546062,255.412955735951,169.895891674234
2010-08-10,0.222068997418008,362.84278609113,0.583036697674088,-1.64701239525387,-1.6438933070372,34.0453286576368,59.7036388824504,0.0470800519563941,0.27226134804775,0.115878080614866,0.0868999110321123,209.432259637381,119.671127486813
2010-08-11,0.220388270914555,361.94414873821,0.264367893883368,-1.6390177809436,-1.64086699357078,34.0499537438355,66.4790778887256,0.0745492331443578,0.388509685721615,0.0372680011990904,0.0138894225874169,116.435147260954,65.4114920652417
2010-08-12,0.221944148220667,361.281282378406,0.554097066565258,-1.62285557562201,-1.64298187093696,34.0718912956042,82.1477181824595,0.166556927396862,0.473150157132129,0.0659290412026137,0.0776710479234957,145.316046959086,78.9301363086629
2010-08-13,0.227484583672954,361.279754266506,0.318265887386188,-1.64198413101124,-1.6435024574218,34.0718934114484,75.6747871790177,0.181345637010438,0.462622094653074,0.149590118985508,0.0597141382866382,216.795151195163,123.305553673276
2010-08-14,0.233535224889837,361.604080200195,0.563646778100874,-1.65324064304954,-1.64545836091524,34.0755465683828,79.5942124072035,0.178896228009873,0.445368428683152,0.118688583786269,0.0949360402137564,196.303077294898,120.253856513207
2010-08-15,0.238499289969119,361.853335869022,0.377242312743896,-1.6718304923028,-1.62502290378859,34.0683595912177,66.3822917513519,0.143373517149257,0.360418036444346,0.197663567050306,0.0672370950752987,296.446560674372,198.968558284386
2010-08-16,0.242937318798972,362.113274551019,0.724140791994769,-1.67449042012013,-1.63028271204708,34.0755547537656,73.3445070912803,0.136849722222962,0.367658459766191,0.14479858944552,0.117144124705581,255.862392498599,184.306548011494
2010-08-17,0.25191752885173,361.98987597954,0.905105346223203,-1.66027942038419,-1.61784219838347,34.0953981654364,87.3187727754415,0.215003671315618,0.454843170005783,0.095220220676157,0.0727641988349588,162.543853499014,96.1577846744236
2010-08-18,0.262045873737917,361.634995623333,0.937194811316525,-1.65860794848598,-1.62012264249135,34.1000007186663,87.7847874019793,0.252984234120561,0.462234951103265,0.130294677594051,0.0557405541923686,187.381863366089,129.406196313175
2010-08-19,0.271739752736033,361.323466975514,0.814639900879162,-1.65285514578646,-1.62692114505691,34.1043108632529,89.8210022677938,0.280374904923573,0.460358947555707,0.152194694669945,0.0487950192550738,216.339758468569,160.726940489914
2010-08-20,0.276121054844158,360.711509518507,0.62752769106045,-1.65813348907852,-1.62591374789172,34.101703793092,84.1548969819639,0.286916615443955,0.437059239176443,0.170122774425949,-0.0224560217004315,238.204572286388,160.006143051653
2010-08-21,0.284164760170913,360.515426263577,0.953783979957424,-1.69960703235245,-1.62262919830729,34.0700732242723,43.454488039982,0.278424486681832,0.359229662473238,0.167642579206571,0.030867763140142,223.848983471963,162.036024995021
2010-08-22,0.297710856104769,360.604444178139,0.985095437161806,-1.70538750737302,-1.62049825358809,34.0604851500065,18.5248596201702,0.277071776667877,0.328726426412904,0.144648674357677,0.00886395900395879,186.538780102016,129.292965132267
2010-08-23,0.31577341767346,360.760068567788,1.6390130600733,-1.72389630380108,-1.62754469522741,34.0456336583847,17.1642941424721,0.281107686039888,0.304987289356413,0.150276270512788,0.0392622065688917,200.172137594571,161.18263492941
2010-08-24,0.336205959683511,360.943083228135,2.08742810840287,-1.72107822483207,-1.62329146350444,34.0471698642581,20.4659357907479,0.246818651090301,0.260118741409954,0.165780167493783,0.0292104557206837,220.508106818479,190.172450763318
2010-08-25,0.353271595225102,361.016903388791,1.73907064174007,-1.71915963481151,-1.62904714588855,34.0497274617595,26.8258123372087,0.239122096652746,0.247544855691302,0.173962917631334,0.0250432994191544,231.43034816067,196.369788342593
2010-08-26,0.361695977064168,361.027198977587,0.866782210494687,-1.72713645765817,-1.64128831845385,34.0424109032923,28.6235626274758,0.215883679200458,0.202230799227294,0.144575363831964,0.00500734199678045,180.618597756485,139.326316474307
2010-08-27,0.373896070733303,361.220095006431,1.68344988074245,-1.74445910862422,-1.64819967280194,34.0364411337334,29.1869812629484,0.193181186550273,0.237344219190962,0.0919006635333121,0.0498905554061879,126.000157707877,91.5567487370466
2010-08-28,0.387749795143197,360.973280371689,1.93430215738169,-1.74711706249016,-1.64909175066491,34.0470196547618,37.4430415723649,0.18596660674395,0.365309852322465,0.0849378304593718,0.0719874390977838,140.526883564193,104.094985925337
2010-08-29,0.401904877911254,360.804049236018,1.86361527152178,-1.75857422773333,-1.63597373441163,34.04871655154,34.0201084571972,0.197769980348506,0.380682367766113,0.136892606870004,0.0687420159709035,203.641557717858,197.350187644091
2010-08-30,0.408510901033878,360.733682027677,1.09067423114689,-1.75041157707029,-1.62843471677036,34.0466696601487,37.8501609925799,0.183370577406789,0.307369988737188,0.179153946558876,0.0259955099277329,235.794501354131,202.611264727736
2010-08-31,0.413807098821896,360.991212426162,1.35223752223864,-1.75341548932548,-1.64500202421556,34.0420198376201,37.7599645722733,0.17443449176124,0.270567590916245,0.0955521761818051,0.0960678196840199,156.642783962165,114.224990370844
2010-09-01,0.424615735687861,360.891402453911,1.78157290634586,-1.74696582547727,-1.65748289963494,34.0607056559821,51.2027303332742,0.217153301057827,0.390467030558026,0.106332911864707,0.0797723358630249,162.321159671989,142.634868199861
2010-09-02,0.432926984458435,360.727613123452,1.38670976605357,-1.75282933274422,-1.66341197957233,34.0492622540226,36.5725845177325,0.19129318846817,0.32153782653327,0.168079146499495,0.0407663037982869,220.329398454745,198.211872024264
2010-09-03,0.443958564502437,360.904744962367,2.33365499137378,-1.7532484393049,-1.66805112120594,34.0469332552149,38.4356139488066,0.165344424391801,0.237629429129293,0.159794256810034,0.0875778258017763,232.428185532515,187.965855051532
2010-09-04,0.462591119474027,360.971055937976,2.54834546294154,-1.76815729006099,-1.66503509834871,34.0436445743288,35.9337962416985,0.163349652387624,0.273650331367385,0.124623424560837,0.0403989283280012,151.758338693783,114.426596522153
2010-09-05,0.475094489753246,360.753509521484,2.17006206548795,-1.74273425943938,-1.66715368198158,34.0626268940255,51.4924707103837,0.172901977093667,0.356058543349406,0.0929953760684904,0.0806429990430271,137.062434057526,86.0001614156607
2010-09-06,0.472700050509557,359.841475323933,1.89261515620278,-1.72022222362549,-1.67079160618879,34.0879764942988,66.6845937399407,0.23527237876757,0.418296121955722,0.0426970834161347,0.060341806386003,87.9908224332666,44.4582692196241
2010-09-07,0.46752606441335,358.821255939763,1.79821153384883,-1.70826588725915,-1.68400146700593,34.0998008717731,73.5220170542296,0.257147683778353,0.40228420109884,0.100720965629004,0.110891331062626,174.014589004944,90.26978517968
2010-09-08,0.47544397086632,358.561598987114,2.17007205835203,-1.70807906908867,-1.67842205767689,34.1042344611988,74.2188770188655,0.266347717057647,0.383635373693085,0.0905176520236993,0.0720483935846571,147.469323163901,74.9311627287738
2010-09-09,0.494867842008428,358.564134551258,2.29660554230213,-1.71965485368824,-1.6817992708461,34.1021381537763,63.3835699941143,0.285903296087757,0.370157394653712,0.12886636244201,0.0548476509136549,187.951592119464,117.964367582462
2010-09-10,0.516437036235158,358.575346411728,2.11497034386891,-1.73600189759825,-1.68631568418341,34.0937733772473,51.0390176515669,0.286178879824111,0.324455823784496,0.147628038417794,0.0484095223740688,215.912279058485,140.834238594757
2010-09-11,0.548466933573165,358.691424858279,3.50713664111568,-1.78313137259078,-1.68347552495125,34.0623715100823,28.0601439160696,0.275182616133306,0.282370446555669,0.122427410195995,0.0360678536880274,177.282570153201,108.861718661888
2010-09-12,0.595385961416291,359.124629695241,4.91884207362082,-1.77431041476858,-1.66844567708802,34.0584239161771,19.0370022121229,0.277525121370939,0.254099539510011,0.154002741104879,0.0403989283983846,222.92799111307,134.816420638441
2010-09-13,0.650739947833666,359.666714551972,5.95203604494653,-1.77940292461359,-1.66895349386089,34.0494660546101,19.7950227559819,0.287409967858804,0.244341647693593,0.149003636463974,0.0182485036381021,212.894423808832,136.636412802466
2010-09-14,0.698653059761699,359.849926832246,3.45190952827291,-1.7558767374067,-1.66902268447696,34.0496492578916,20.8843812672233,0.290725199859803,0.214060985013169,0.15699446136974,-0.00298595405340838,218.596084235138,130.9472663292
2010-09-15,0.751047430968866,360.086597721751,5.28046104384632,-1.79055169638995,-1.68042985340844,34.0122858580307,12.6567387625917,0.29077260414697,0.204957464591093,0.0986130881285378,0.0412366428235282,142.791414943319,75.1879915387115
2010-09-16,0.829919546842575,360.717255755169,6.47623353905794,-1.76835201497664,-1.67757198765532,34.0234491294212,15.0133774959446,0.280771007389961,0.223659282761366,0.155819025001264,0.0129808689368318,212.613709770469,136.06196730297
2010-09-17,0.909851216688389,361.291584294017,9.09119340413954,-1.79035795861088,-1.66433206260928,34.0124525000692,18.0541086132549,0.266089226207199,0.236095266645415,0.0934887791100221,0.0418445417825912,130.415685298944,81.4322602938151
2010-09-18,0.947388265191055,361.031028933641,4.98065262233339,-1.75662993789524,-1.65200027586156,34.0195179062816,20.4018922695103,0.235590021933496,0.206619781693356,0.168011602170152,-0.0265268037414905,218.439015128324,151.585622345081
2010-09-19,0.960940258895479,360.962571306926,4.78183169408542,-1.74283507607083,-1.65738775984317,34.015034787568,23.8678643281965,0.244969168911139,0.206603794377022,0.171894577411022,0.00753695985324952,220.747301143132,164.04377769763
2010-09-20,1.01606551285197,361.428641714701,6.46080350294346,-1.74596452294734,-1.66266692746506,34.0004756479611,22.185227656654,0.187486125711295,0.165160778525825,0.155020024868761,0.0206389143791517,200.038179643618,156.548461108759
2010-09-21,1.09769306095635,362.148144605683,6.72535625608956,-1.75341548739496,-1.6630989662227,33.9752989651864,14.5465389745921,0.126109581312399,0.134568903294442,0.085986415339023,0.0268002759700442,131.991881388216,71.1420682754079
2010-09-22,1.18063103571171,363.014125172685,9.54061444212751,-1.75674756496702,-1.6586603963906,33.9927903972013,21.9941266043144,0.105444487648062,0.215539547178628,0.0964763804958497,0.0772501315202629,169.083089366078,130.963815077678
2010-09-23,1.23876711071991,363.577996975038,5.89388673479964,-1.75854160911159,-1.64665397812641,33.9991804012242,27.1664169918992,0.096076829129561,0.229251254153879,0.151809197688392,0.0374846372818738,216.814575432865,153.598937200941
2010-09-24,1.30409394459027,364.079681396484,10.5811758215834,-1.79937166659295,-1.64824291794245,33.9699880211299,22.2408281807636,0.0858615713373742,0.201532333616705,0.1020916213612,0.0461220756555215,158.673854755742,86.71268176591
2010-09-25,1.38534040930795,364.672352488448,10.9983470468986,-1.76132608071352,-1.64165446021457,34.003134327218,29.2396988411825,0.0711952860413092,0.219794016731111,0.031168417711007,0.0336189594235417,90.3435094336204,47.7999579856661
2010-09-26,1.45458292743055,365.246488989853,9.27570957672305,-1.76840341107244,-1.64264538494038,34.0109760835264,29.676471836332,0.06703595501558,0.25771563261868,0.110108805124053,0.0613870964298847,158.404811088689,78.1568471257625
2010-09-27,1.53772489908265,366.019521573695,10.0362286276934,-1.77363924973729,-1.65259540756704,33.9925908231542,25.0649230534892,0.0413403998090476,0.123622769176069,0.117017273091071,0.0340810613995782,159.634384612647,67.6098240050391
2010-09-28,1.61828025666679,366.769638433689,9.98992730059275,-1.73011466832618,-1.6586797536626,33.9930624350523,22.8625244701761,0.0268974112690674,0.0508857647132197,0.149600003583309,0.0156455754419329,207.963341798314,88.3448755333931
2010-09-29,1.66719979193152,367.342591820694,10.9290063962704,-1.69441864075448,-1.66840119448751,34.0093986264125,31.2991834915923,0.00980422834374502,0.0149637114955112,0.146908114313597,0.0999145523950397,262.867914210393,115.014853619521
2010-09-30,1.63873119252484,367.053007172375,5.90336904293153,-1.66247181226367,-1.66705895757225,34.0224750379802,36.8295823971109,0.0253992342302613,0.0166366841431532,0.19924344533147,0.0582619350297972,338.09424834941,171.204933871471
2010-10-01,1.52611640531842,365.778783658656,7.60161121589381,-1.62356034279191,-1.67564120627286,34.0377178681202,44.3751916177521,0.0101864465250401,0.00715575601498131,0.192694115569355,0.111245527049067,366.816510665684,182.105450805741
2010-10-02,1.57092578672781,366.070698063548,11.8266653374928,-1.59435647669752,-1.66939294611716,34.0422235455429,41.0494564419333,0.00917861674341666,0.0852757581910583,0.123695101744813,0.0786578544137771,233.498770057161,140.527685362533
2010-10-03,1.71293904795879,367.500534429783,16.9104663773281,-1.52808658096954,-1.65649156403123,34.0304279250172,29.101727125294,0.00600955791347157,0.047986285670542,0.107964684585972,0.0451517434597176,199.60785321082,104.945604050125
2010-10-04,1.87274002883492,369.359963021627,20.7996269551719,-1.53082558669542,-1.65327002677197,34.0281111939877,27.4297987221063,0.00526097957940828,0.0518184027705231,0.11577676352762,0.0428264059588896,211.265848672868,101.512765237694
2010-10-05,2.02313924708018,371.220497689596,23.269802965769,-1.48758963261217,-1.65148463342515,34.0324789502843,35.1685682005889,0.00257130457917008,0.0126832041302769,0.127550895437699,0.046360128014958,234.837386114718,85.1053622445581
2010-10-06,2.11758235460374,372.132058492521,20.8038912749872,-1.47951791901016,-1.64888129253619,34.0278845824372,33.8454817155434,0.00226805419277892,0.0171314625608319,0.138358813201488,-0.0117733077511855,247.712342234772,83.5449854283503
2010-10-07,2.07018646670551,371.517156089224,14.043456298549,-1.4673569710792,-1.65294713336929,34.0183439319111,32.0228140595471,0.000457777641713619,0.000369921326637268,0.16660223176826,-0.00414903455397539,300.216641538345,128.257332890149
2010-10-08,2.03750685947697,370.98526298709,11.2127325244066,-1.4470590760029,-1.64884999100818,34.0109778853402,32.6105321621605,NA,NA,0.188050030847551,-0.00490849656675026,341.256608755894,187.634443956942
2010-10-09,1.90215764539998,369.37043427258,7.04522109322432,-1.44159589074401,-1.65461391411651,34.0113074422365,39.1821024775022,NA,NA,0.231611187173891,0.0304970930351822,438.672984562931,275.788761626206
2010-10-10,1.86144064112407,368.736005085271,10.7373362169033,-1.43667339265105,-1.65974769338101,34.0175656718925,45.5889305650142,NA,NA,0.207053877750107,0.0594802041828391,402.526114718674,282.734491589291
2010-10-11,1.90006994546914,368.930265100991,11.8948546153743,-1.43242501890772,-1.6725073969155,34.0271948635498,50.4630374046151,0.000665358494262438,0.00194177453129275,0.188844088676125,0.0993387777705183,375.305676816829,249.958312923945
2010-10-12,1.84781397842779,368.157974987495,6.25228235052853,-1.42061892397169,-1.68388202975475,34.0313072770874,51.7737683606373,NA,NA,0.233121050328177,0.0768901697446702,444.546750989419,300.638739289004
2010-10-13,1.82915225915793,367.740577139506,11.9174205529981,-1.41736493580415,-1.69381104789765,34.0410167627167,54.801525796795,0.00102974705718803,0.00407502943933602,0.166667304621373,0.117393709085731,341.968395631845,243.81349662054
2010-10-14,1.90577315411917,368.359328851467,13.1131610463305,-1.41866475367836,-1.68554015729109,34.0519824677955,57.5179204065629,0.00377490086018482,0.0427311033466641,0.136659497050782,0.109685417551261,301.65328492341,197.129258207699
2010-10-15,1.91185673199049,368.365805649176,8.18073718140765,-1.39346412447622,-1.67948958619564,34.0535619686811,55.5939363036883,NA,NA,0.210090078051515,0.0693054343253253,412.779095302729,259.530480051721
2010-10-16,1.81555796541819,366.607709931164,10.8464256932096,-1.38270184305194,-1.67832279993616,34.069109521575,62.581274977258,0.000994319965898552,0.00309448709766216,0.19361584934729,0.133581286786418,444.303538053248,251.201108211637
2010-10-17,1.80661182650706,366.035573819789,9.10266967808328,-1.34395148606114,-1.66957663138386,34.0712945091258,60.8514807143836,NA,NA,0.189638146172892,0.01250311611635,347.680017361308,142.005207963928
2010-10-18,1.82218261826329,366.228365270103,10.7308160822566,-1.29446059626285,-1.66871750081277,34.0660783816607,56.4114698096004,NA,NA,0.188909161333171,0.00634422555425067,333.885073728602,167.99303703609
2010-10-19,1.8235985229655,366.218008273985,10.476627983698,-1.2342657425143,-1.6647348543893,34.0583025408499,53.459699719541,NA,NA,0.167695296840307,-0.0206496223917937,271.927064362141,148.862558169586
2010-10-20,1.85643899295388,366.697664586509,15.643654875639,-1.15361285829029,-1.67084926793128,34.0532821058101,46.800610230841,NA,NA,0.144123145976128,0.0231858301510615,231.082966436047,131.389111245442
2010-10-21,1.92499543617411,367.807199989877,13.7445964580629,-1.08195885585548,-1.66981345053144,34.0527446093025,46.0893353244715,NA,NA,0.157165792819701,0.0532084651613123,276.065111259984,168.531583465443
2010-10-22,1.87651882665913,367.924889913419,6.45026024667228,-1.05943693854066,-1.66020032638802,34.0506894656038,48.1687949086651,NA,NA,0.184708233425009,0.0313282178390605,316.801643487299,221.352355430154
2010-10-23,1.7845340727306,367.489146907155,9.84728315981423,-1.03498555830455,-1.65637994890432,34.04942094234,51.6681272414049,NA,NA,0.212343752695883,0.0402383047649976,376.300602334622,282.944405438607
2010-10-24,1.81133099954303,367.812905288324,13.1137322216499,-0.983385305575192,-1.65606035089042,34.0488690158777,52.8452110316268,NA,NA,0.203201379214744,0.0505865917323652,373.860407380669,266.186227241233
2010-10-25,1.85566536391654,368.459436556188,12.9914880845605,-0.931041738402988,-1.66201372442619,34.0486754135564,53.6668632677209,NA,NA,0.192045031500007,0.0904410467929283,393.172934042046,253.81644648826
2010-10-26,1.88741297402033,369.167727214534,14.3578543372271,-0.89705968767847,-1.66141488629314,34.053098701755,57.4063074289546,0.000629898401842053,0.00151684258266219,0.15837582516988,0.0897450105522165,337.499479936333,194.533253194748
2010-10-27,1.87025334195393,369.409101160561,12.2715537024707,-0.841321770157087,-1.65487543951001,34.0470711197126,52.6623470780016,NA,NA,0.20322279579304,0.0198868656337422,375.624960871536,206.629592640953
2010-10-28,1.84329270189855,369.576649363448,12.3073740238097,-0.764141324882404,-1.65256616412869,34.0432264093767,49.8747014870689,NA,NA,0.175784967040364,0.0683861723202362,348.626230788115,179.650276436581
2010-10-29,1.82488584518433,370.094266193669,14.8069428583471,-0.691907101676532,-1.65019511098643,34.0375716329104,43.4563414307258,NA,NA,0.159786843321463,0.0476031089239275,328.864711549051,165.985279175629
2010-10-30,1.76939173188151,370.224628355445,13.7725852059155,-0.684321706915996,-1.65928641633305,34.0362866050319,47.257358112155,NA,NA,0.208210368513779,0.0677420300571059,429.992757219205,246.964611678072
2010-10-31,1.72505134162379,369.764464215534,11.9723143635727,-0.676303369615242,-1.65233181909672,34.0372297413114,52.9990391518906,NA,NA,0.213685578879034,0.0859419346690258,456.173358116043,252.079337294914
2010-11-01,1.70660650839166,369.558842728778,12.4512569788026,-0.644046170830566,-1.63966272588362,34.0377568799635,55.1929947239185,NA,NA,0.194445326331093,0.0659026823455264,403.507106611101,215.654898359695
2010-11-02,1.68090284270484,369.655830569384,11.2383507577384,-0.576544664146607,-1.62881938745136,34.033533289365,52.1079892327107,NA,NA,0.190440441141164,0.0665740072928299,382.664833369948,211.164337607919
2010-11-03,1.62133938146801,369.411784846608,9.74918597500499,-0.520828492024489,-1.6166976516546,34.0280967743291,48.7297424053856,NA,NA,0.185276593997894,0.0266305913849559,350.62233162152,183.417287361915
2010-11-04,1.58486907511223,369.347354051543,14.5733835580872,-0.429487457300326,-1.6035318569294,34.0243426694883,40.7098813809847,NA,NA,0.181252763610378,0.0717238512961005,361.216505922478,193.276641555869
2010-11-05,1.5521016978636,369.637065980493,16.6380199571935,-0.33318142076092,-1.59040230794152,34.024824525985,35.5791884189353,NA,NA,0.156967278760977,0.0352976833961592,304.094905456235,154.386020991143
2010-11-06,1.45641495069353,368.88776193014,7.89202974191526,-0.348597345785734,-1.58840645550073,34.0205391898007,42.1818537615571,NA,NA,0.193309428308576,0.0257862870922053,354.47181040676,205.480698304528
2010-11-07,1.41100440519612,368.147620224371,10.9718354097227,-0.344967743223495,-1.59208268385667,34.023216304187,46.0448547857493,NA,NA,0.196987300145964,0.0773786306481773,382.648990819562,220.302913006045
2010-11-08,1.4152660115463,368.095370781131,12.6065952370806,-0.323156522705085,-1.61257538782601,34.0306049969837,49.9570723635304,NA,NA,0.176849202186312,0.0886461797965924,349.009659711002,184.066302302002
2010-11-09,1.41672704823133,368.229824903535,13.3790416950133,-0.322861964111788,-1.62811511505631,34.0401745383073,56.265672843305,NA,NA,0.145261515384382,0.126130816595837,345.327879033506,160.934091601634
2010-11-10,1.4107256528081,368.304547193574,11.8959474708976,-0.276984860368988,-1.62962662642784,34.0435765120986,55.6021733213211,NA,NA,0.187538505962946,0.0859304029952016,372.508631451944,191.575418858295
2010-11-11,1.39098748237621,368.063218651748,11.830704930352,-0.226685414792072,-1.6253873952809,34.0445999732384,52.8365619752089,NA,NA,0.213028256604184,0.0620435944402668,409.502908881268,225.862260300688
2010-11-12,1.37461747592542,367.847886248333,12.3900598142205,-0.161724234208485,-1.61963335849978,34.0442890265049,47.4472236762002,NA,NA,0.193227880728631,0.0589620897875704,375.974660214972,178.556649156763
2010-11-13,1.36210475571272,367.895772050067,11.6296660900116,-0.120648050095067,-1.61492214045222,34.0434632655258,44.1980936266633,NA,NA,0.196071332685056,0.0872203348337719,401.913252627262,211.689057673785
2010-11-14,1.34286684488378,367.641673762624,10.9722261603286,-0.129358304244706,-1.61157210667928,34.0484755718113,52.3899044803923,NA,NA,0.195692425274495,0.0797525667176958,397.922594604299,215.218574974405
2010-11-15,1.3181891270527,367.111277882646,10.1018121300674,-0.0930573405363621,-1.61812184761089,34.0474583192071,48.3724575325867,NA,NA,0.20013634905762,0.0657651227686489,390.835390405143,216.143746021174
2010-11-16,1.29050110462235,366.734661567502,11.5055727348095,-0.0281495367266067,-1.63132841320012,34.0414225311897,31.9820402727114,NA,NA,0.163771135458539,0.0335440014346972,314.136449457841,153.551979662759
2010-11-17,1.25528760109006,366.064180327625,11.3735043711779,-0.0267716322933775,-1.64193040365793,34.0370239123964,34.4373183321213,NA,NA,0.213618033916241,0.0358149741855469,409.958382337862,242.374623353647
2010-11-18,1.23800675534621,365.212992970536,10.3703574901674,-0.0378818525939013,-1.65154641086434,34.0428001722987,43.9758974222037,NA,NA,0.194871184962843,0.0699981759866642,400.712869896457,250.864184654473
2010-11-19,1.22796392077353,364.629228173233,12.712105047412,0.0183690735987324,-1.64977790163918,34.0370218583286,34.230566767385,NA,NA,0.184434761116017,0.0186620067086136,382.083896817078,202.843260217243
2010-11-20,1.20707055235781,364.224433712843,12.3026783030208,0.0365398188452167,-1.64600736425634,34.0420897222563,41.0430726902044,NA,NA,0.20262230975948,0.0684092363214445,419.167215774017,308.752722675156
2010-11-21,1.16029693931341,363.163533280535,7.85470917748242,0.0716585917008711,-1.63312163430187,34.0350634720322,35.3631700909572,NA,NA,0.133559046396118,-0.00674372556017317,287.364582405993,148.558770203316
2010-11-22,1.12859647321265,362.353914214344,11.7448837088376,0.10508809742416,-1.63415950995225,34.0344394833131,32.4278742021877,NA,NA,0.15865918221744,0.0752946403777471,349.344703334091,206.864351306305
2010-11-23,1.12273910496293,361.910194955221,10.4783096197175,0.177569434298114,-1.63429377661382,34.0262209059578,20.4679951300988,NA,NA,0.140021063090778,0.0557767973355597,318.59461227571,169.036973470225
2010-11-24,1.11178239380441,361.712328654964,13.0261192321777,0.179575006619558,-1.63822370260833,34.033687884991,26.7016377905924,NA,NA,0.119616906436389,0.0565947431985505,287.261023586828,148.069959017625
2010-11-25,1.10978265651842,361.877354319503,15.4897687725905,0.245263688457318,-1.64286202329051,34.0354053172988,24.3097855327261,NA,NA,0.118334387558514,0.0955727692095213,302.642556315708,140.077511442646
2010-11-26,1.11886871369874,362.04957952732,14.3077848771723,0.252655345981742,-1.64596494119338,34.0454690652659,32.1298965436083,NA,NA,0.160576782311224,0.10168965031643,341.384669443491,191.788070566158
2010-11-27,1.12546513066059,361.84594093881,13.8538790679559,0.258443730864448,-1.64699869969918,34.0562041536195,36.8497634197858,NA,NA,0.144752461382775,0.0868043607545768,293.576488820645,173.193376773578
2010-11-28,1.12723179252409,361.615027078768,13.5255465623809,0.32432417280962,-1.64228789413828,34.0589286248211,33.8176813318662,NA,NA,0.157182267290137,0.0723399874853541,297.749083394426,186.121021779731
2010-11-29,1.13714782094083,361.680319065001,16.4349793660931,0.430383283237697,-1.64349051477455,34.0576477102262,24.1110651618556,NA,NA,0.118264372200377,0.084604227314634,258.146121462646,129.458679832221
2010-11-30,1.13294308941539,361.44593066704,14.3213949668698,0.440523830482513,-1.63975498116451,34.0576847864066,26.7187298428514,NA,NA,0.128583005555326,0.0253777260440886,240.200878766565,131.483020152611
2010-12-01,1.10395405187113,360.429518536824,9.96040349181106,0.457915674417447,-1.63267476935136,34.0409962529274,18.939598463164,NA,NA,0.103977097050059,0.0353133337680306,204.71938076488,107.83988075738
2010-12-02,1.08618875592947,359.604577785585,10.8992223187191,0.465719516641698,-1.63656598401938,34.026241405451,14.3552320611622,NA,NA,0.0721422967710878,0.0854435893537303,200.990849212424,115.666623206456
2010-12-03,1.09075601762388,359.605604962605,14.8375376084956,0.437121572714505,-1.63494944781588,34.0464471515856,29.296740869118,NA,NA,0.116274285332555,0.121248679248146,281.85036235347,207.018979827409
2010-12-04,1.10810400036777,359.629132898842,15.6263978423142,0.461150883411669,-1.62527948786855,34.0569433348703,35.6541461803009,NA,NA,0.115375616113868,0.0971032248586215,260.502904180112,201.509358134952
2010-12-05,1.11274095951784,360.006287737591,16.9182975408508,0.607930333628828,-1.61183651642278,34.0592889052171,28.2498035302207,NA,NA,0.0849963141436841,0.0678754714487294,209.823199769934,129.373058463613
2010-12-06,1.08424251581111,359.572751301091,14.6177540988457,0.590938814135216,-1.58645055458131,34.053463275616,30.8883574301736,NA,NA,0.07679626674928,-0.00957976433972598,182.66635018817,100.573778042007
2010-12-07,1.02482920994119,358.435895221989,14.4716907419809,0.537125415959258,-1.57262167628156,34.0458459892736,36.6769898668153,NA,NA,0.0672263869017805,-0.0106036375237782,185.455120702119,107.044507743045
2010-12-08,0.966251509582124,357.280925099443,11.0755540132523,0.535446033082832,-1.56773294707542,34.0383811260846,37.3509917664624,NA,NA,0.0789725121749155,-0.015811964919773,201.884988636905,125.796638608185
2010-12-09,0.905040457117848,356.143566596799,8.71132096720905,0.536890163173077,-1.57434652771866,34.0244933320121,34.169200273017,NA,NA,0.0714281391850126,-0.000160623608250045,209.620048670076,145.554035941549
2010-12-10,0.869602279692161,355.428082349824,10.179033648677,0.53126586125045,-1.588388747371,34.0185564223893,34.4000454335078,NA,NA,0.0426666059012194,0.0643145666984331,211.451989586768,112.929759838902
2010-12-11,0.871391997104738,355.543595476848,13.2946474435853,0.557341271586585,-1.6002485465746,34.0206135944155,37.302804768005,NA,NA,0.123032014480165,0.0850070226188452,307.464640303964,167.407564824741
2010-12-12,0.874903105381059,356.188773550638,14.8304997827949,0.694517894232,-1.60058379591557,34.0199195666191,28.0224591768705,NA,NA,0.08929032164245,0.0486434565231144,247.248484626225,138.925866302478
2010-12-13,0.843450118128846,355.483193746427,8.18243723671611,0.670160416568983,-1.60586296241132,34.0101625954735,28.9812593820446,NA,NA,0.0802764472892249,0.00960941792700777,227.666231994054,122.002011768779
2010-12-14,0.815814391141985,354.513641357422,9.4900801501623,0.604430218799072,-1.61310503341248,34.0120221497076,39.2539713624035,NA,NA,0.0711843203175084,0.119757761175816,282.139408556906,124.172728333888
2010-12-15,0.836367152813004,354.49411866723,13.4847517246153,0.675642381393314,-1.60561914546931,34.0147898078126,34.5071279433092,NA,NA,0.127618439530755,0.0648071463301516,285.172485826381,104.46228955005
2010-12-16,0.84757944360012,354.31676129597,12.775857326461,0.715357464495619,-1.59721893385837,34.0061696524884,35.1265590129754,NA,NA,0.185232937290722,0.0320127220741409,360.511668495954,179.923712518074
2010-12-17,0.87566220833034,354.336456670994,13.7326695046774,0.790148817575895,-1.60250016150043,34.0074484666832,33.8456875212923,NA,NA,0.140980687118091,0.0999672697522701,316.194864577354,145.744579073774
2010-12-18,0.916793803979711,354.999417188691,15.3270525874161,0.876905402995636,-1.60301580329334,34.0084884684739,31.8673384997204,NA,NA,0.124852416345626,0.0906181448967512,274.53550596142,129.549816798568
2010-12-19,0.938232262686985,355.114966415777,11.2788343923848,0.923355810555369,-1.60049813269925,33.9994522022654,24.524568266875,NA,NA,0.118243779383811,0.0237484247286712,220.362632569674,104.69152510001
2010-12-20,0.962854743730731,354.972442999119,14.8271360048434,0.963438595354798,-1.59903068741967,33.9921808024006,21.4828076484876,NA,NA,0.142185776671659,0.0598665248909299,257.245217831443,164.557457769331
2010-12-21,0.981197780952221,354.852224954745,15.4554565069152,1.01428762379928,-1.59766703482099,33.9899423370155,24.6952825049479,NA,NA,0.150837218356237,0.0545181664518821,262.939489138292,186.270168245989
2010-12-22,1.00246108886672,354.87512058165,16.6658663517091,1.04511453056464,-1.60402443791852,33.9960501152172,30.8523200661869,NA,NA,0.108921837051589,0.10940782683581,254.775766120745,172.132892096638
2010-12-23,1.02305727615589,354.86996199445,12.8007665087537,1.10349755071596,-1.6037559071694,33.9872610990496,24.890913974901,NA,NA,0.118938991882902,0.0277697844192004,227.987540851498,128.519686399916
2010-12-24,1.03019609356799,354.599646963724,14.2849309444427,1.13277456200557,-1.60538397723364,33.9774053627663,21.0347086047998,NA,NA,0.11244567465565,0.02615201519488,217.31178939533,118.080367670161
2010-12-25,1.03781147228508,354.411197197147,17.4949776254049,1.25799979106617,-1.60415293588008,33.9653421111113,18.3893591241154,NA,NA,0.118037028054678,0.0265383357521493,225.287486441788,140.315025732479
2010-12-26,1.03885958325572,354.637254668445,19.1522060894385,1.53683765021413,-1.60473859712341,33.9591601290684,11.2133902859913,NA,NA,0.10369044558903,0.0566161593193548,224.699321557305,143.192749713304
2010-12-27,0.978242637544144,353.539818368307,11.2859219719724,1.39152802983437,-1.60386669764474,33.9452745435048,15.0436489797636,NA,NA,0.0765293841017724,-0.0259609140465778,192.778619231968,109.044007056793
2010-12-28,0.929298880987051,351.948991356826,16.0739204243916,1.35731171419424,-1.60299686156465,33.9349391129014,16.6976617035756,NA,NA,0.0887417299987173,0.0687222468054648,213.868405105609,135.86312301276
2010-12-29,0.927477218028976,351.651910549257,14.9267087913141,1.45770797491395,-1.59131909993335,33.9318091048885,14.5170914319202,NA,NA,0.150016801695713,0.0291470299888397,262.267103540662,241.83884451634
2010-12-30,0.927818428452422,351.491617714486,13.6456596444293,1.47387808923297,-1.59465389631377,33.9310080647951,17.8420028544952,NA,NA,0.145571231218646,0.0448535599377554,259.494215705159,240.670624164205
2010-12-31,0.938347056871507,351.571769156107,15.0389691620338,1.53672101558783,-1.59511435466257,33.9306127211021,17.40193498022,NA,NA,0.129596994352727,0.0713194089259213,264.636943620546,201.583935935983
2011-01-01,0.941928856256532,351.744848856112,16.3978880324015,1.75126687766087,-1.59528732991572,33.9255161105219,13.3307409170668,NA,NA,0.114844322400658,0.0427028494566558,245.037456414528,162.273523103357
2011-01-02,0.943431796460617,351.590992997332,18.3339437159096,1.68569680875451,-1.60177241082777,33.9302360081641,17.7892853316025,NA,NA,0.139526012440321,0.100329702792943,307.222374675385,220.940862971783
2011-01-03,0.941683636932838,351.242985050853,18.8738847709284,1.77103891868179,-1.60471264907384,33.934640825197,17.9219028817819,NA,NA,0.118016435218002,0.0376567928354267,225.059799243862,148.845992160845
2011-01-04,0.936180257215733,350.998440254025,14.9002303670092,1.91644244010632,-1.60419082850741,33.9188215381864,11.2080362888805,NA,NA,0.129961898713781,0.0677494435255666,244.97656072192,179.788359614063
2011-01-05,0.938785232421828,350.95927950231,16.3420529307389,1.86709882598496,-1.60593833212267,33.9280408635313,17.7273010647731,NA,NA,0.139801955793189,0.101837094581602,267.867269210426,216.179655710424
2011-01-06,0.948192114510187,350.472289666897,15.9803263443272,1.90874930255004,-1.61091025252091,33.9268362222895,18.5312434491197,NA,NA,0.147066267013711,0.0625040490738293,241.712552177935,194.624372496294
2011-01-07,0.953924994279699,350.294814319145,17.3901250246094,1.89856131147598,-1.61091931532269,33.9297129879435,23.5155217097356,NA,NA,0.141430433346876,0.102030666713451,260.491096673819,206.632367379825
2011-01-08,0.971783410485198,350.290927793921,17.852586089111,1.9607755819313,-1.61038966812746,33.9291755995448,22.8604651913147,NA,NA,0.131644741022474,0.0776380994753075,224.286945412485,176.96314184009
2011-01-09,0.985705312795755,350.44802633146,19.6717891634964,1.98777815607074,-1.61363509180736,33.9292249743916,24.674895676524,NA,NA,0.119117737364391,0.0919533810162271,222.244866974006,164.659633920767
2011-01-10,0.993314741224777,350.477295294041,18.9870124619182,2.0300207162193,-1.60188402370242,33.9299416329697,23.9963632807558,NA,NA,0.111555242571633,0.0848043893392269,219.638940830109,155.871820646838
2011-01-11,0.999133091147353,349.900488504549,19.0059998093582,1.98242963518691,-1.58996944903684,33.9279523944726,30.084003147326,NA,NA,0.115785824398883,0.103031476288431,253.466067193232,171.737947038286
2011-01-12,0.995142345748297,349.093336896199,16.7424057169658,1.98636961063714,-1.58007503006301,33.9246678526102,28.5753755067524,NA,NA,0.0964038941139473,0.0147971525466555,188.913385162675,100.239605423432
2011-01-13,0.951992539734375,348.275173652463,15.8396641742892,1.96669048432879,-1.58254575101953,33.9143467798889,28.468910851781,NA,NA,0.064971065126088,-0.0169552766922836,159.689303607771,78.068483212716
2011-01-14,0.868836670750525,346.528456525105,11.8908592753294,1.85799319267916,-1.58457537588642,33.9044663484602,34.0779742319413,NA,NA,0.0132905844543707,0.0102461468825537,136.319563096127,87.1269326468125
2011-01-15,0.819993681660513,345.011181715058,14.3096663486667,1.79551501055317,-1.58726726418082,33.9024976557887,34.6811369794261,NA,NA,0.0712016181474836,0.074881961154431,191.449089772698,118.966865481009
2011-01-16,0.793772056698799,344.702655699195,14.2997903242344,1.81509133485647,-1.58589249197771,33.8987476127511,35.2688551644082,NA,NA,0.0603961713320491,0.0254691581765891,153.649146839257,80.9738042292005
2011-01-17,0.762438365235561,344.323941114472,13.6884670083116,1.81444785019003,-1.58635912443462,33.8921415094744,35.832273825621,NA,NA,0.0470223920105601,0.0212105699738188,138.243331979104,81.1809432047987
2011-01-18,0.732446176976692,343.567795916301,13.0024128367261,1.77842068865232,-1.5853393655396,33.8875308480823,38.4588839830818,NA,NA,0.0280284297108328,0.0415784833140862,134.746328693885,94.6719834680021
2011-01-19,0.709557078597022,342.671109083222,12.5101351098316,1.75942261112846,-1.57322339796023,33.885685744395,40.5513169408327,NA,NA,0.0371971617675262,0.0319105819440805,121.692541731084,85.4284676638285
2011-01-20,0.692206369667518,342.0885914128,12.3256838321686,1.76220213819934,-1.57360477357419,33.8831363837568,41.5364759846737,NA,NA,0.0400768573095522,0.0409763501240657,117.498770466506,82.8849215268535
2011-01-21,0.680803407256196,341.971994539586,13.083221179683,1.92160612095384,-1.57578307880886,33.881696986766,32.4107822606116,NA,NA,0.0801668937962789,0.0401938241553291,142.481518606433,88.4995234048683
2011-01-22,0.655459351655914,341.260281446503,9.81133782282108,1.85563869531016,-1.5778777766646,33.8736637697207,34.0081647224272,NA,NA,0.0860589018164456,-0.0436600019926565,152.7373633921,87.2788383109644
2011-01-23,0.609838980363636,340.253653549566,6.98354953672828,1.74496844937766,-1.57780693915852,33.8590758113887,40.7201777791526,NA,NA,0.0815993281038586,-0.0371864537297473,142.558220970224,73.5364849366958
2011-01-24,0.593644094903295,339.524396570717,9.43196072229525,1.76080347458843,-1.58202104787273,33.8487506047917,36.615623328689,NA,NA,0.116145786516338,0.00324048091344505,166.686450872468,117.108224791555
2011-01-25,0.602844288436378,339.339752569431,10.8330499602527,1.82635871971506,-1.59060947389899,33.8456739510602,29.2335209930152,NA,NA,0.0802830373277629,0.0462522220504992,140.000444975751,73.5751532507453
2011-01-26,0.615920094455161,339.491753927091,11.4162664006396,1.81289301002235,-1.5902606300336,33.8525355772773,38.1637891468249,NA,NA,0.10105127422956,0.0857401255985745,187.794156193374,105.652607049641
2011-01-27,0.632104127872281,339.826563393197,11.6518749667377,1.79621285336864,-1.58882160740182,33.8628092519989,42.5302837207089,NA,NA,0.113634290241519,0.0797517430263492,199.081533753926,119.392182617295
2011-01-28,0.647805845955523,339.975057090201,10.1202146251027,1.81703759977209,-1.57823362073757,33.8670657746061,42.0646808498141,NA,NA,0.121158070641088,0.0167073393529646,190.957947122985,132.120983940043
2011-01-29,0.654179743150385,339.783745742426,9.1746439410419,1.82168036433849,-1.5676777589659,33.8655789693197,39.8544570160942,NA,NA,0.13523118099884,0.00814733013772128,215.158741989282,142.54097527192
2011-01-30,0.668836903281328,339.66388199969,11.8428595240523,1.87820608380996,-1.5640044173731,33.8655892653987,34.5390467605127,NA,NA,0.132366312293187,0.0151768834927143,212.002503365177,117.439642156476
2011-01-31,0.687233175082904,339.43343185797,10.0809174339946,1.92814770851702,-1.57245034164424,33.8648087711308,32.7662136332709,NA,NA,0.147115690208841,0.0372770620502441,244.767462949804,141.889209696647
2011-02-01,0.704615112484955,339.247423125476,11.3944409300641,1.89745226257082,-1.57616981144054,33.8722612584329,38.232774986751,NA,NA,0.128407555447537,0.0594637299989641,226.350888919588,97.1243888629481
2011-02-02,0.726691931122687,339.090928984851,12.3079130940321,1.93666916820202,-1.5737909342435,33.872580364809,34.1624046215001,NA,NA,0.144663500862244,0.0233448064821934,228.880368680524,112.601109358086
2011-02-03,0.746555891705722,338.794577621832,11.9011564371062,1.95872057996459,-1.57691239007571,33.8709390925975,34.3277646127822,NA,NA,0.151931930489225,0.0180837612563943,242.061301802501,126.296488035045
2011-02-04,0.772687406801596,338.714895481017,13.5079087338796,1.95348177956827,-1.5890143561138,33.8801172954029,37.8279207695512,NA,NA,0.129101943988831,0.0843925335156692,239.71396539769,108.676689778943
2011-02-05,0.803541089339954,338.892069374643,13.3472070345064,1.92427494458341,-1.5938520137115,33.8899277134946,42.6272757165989,NA,NA,0.13278640549273,0.0747979425959661,232.781655404908,113.694739604511
2011-02-06,0.822962645350433,338.716384887695,9.89477077053814,1.91516931385164,-1.59986140145625,33.8911797064036,41.5245320549217,NA,NA,0.142272266947668,0.0457736455436982,234.137266478576,119.29000531967
2011-02-07,0.838226000710231,338.770496275367,13.0789149272733,1.98376503437959,-1.60148575769262,33.8945053965457,31.007177773114,NA,NA,0.113009093467563,0.058018116333224,215.637599389431,79.487996583892
2011-02-08,0.863231026908246,339.018860607612,13.5966350974106,1.96684962663895,-1.59419344150425,33.898850434544,38.1442258869588,NA,NA,0.125824395763247,0.0750022228460322,238.725010452173,90.9381286301237
2011-02-09,0.869596590719572,338.930626473776,10.2887668115337,1.94364172131748,-1.58774007267637,33.9026456876644,42.6239809159808,NA,NA,0.121544391102837,0.0567182998465784,219.903371944434,82.2801060395326
2011-02-10,0.862718963041538,338.449464007122,11.5138411754515,1.9345805672338,-1.58089503424692,33.9032531923611,42.872535915349,NA,NA,0.159948290379746,0.0689141716803053,283.120350706341,138.525427120582
2011-02-11,0.868727228626972,338.193996522485,12.0620638975283,1.94218375357861,-1.58464415594634,33.9095030616009,44.237631732153,NA,NA,0.13274522006572,0.0716464223438188,239.101806567192,102.606422048742
2011-02-12,0.880956331040801,338.523186660394,14.6335402058392,2.05373866387546,-1.5827735062392,33.9144597227274,33.2629116659383,NA,NA,0.101404646328586,0.0684627776264179,190.08420220433,64.4586954292154
2011-02-13,0.835939916895657,337.523875911061,7.86102648479183,2.0287426451118,-1.57925090165595,33.9033807247435,30.5349851368893,NA,NA,0.0739223373030764,-0.0373264846471157,151.973730172725,57.5875158260406
2011-02-14,0.761681491645371,335.991728619831,7.11120840979785,1.97390323499275,-1.575662819641,33.8888339661715,37.2128141894836,NA,NA,0.127163750957823,0.015325975241127,183.763670542329,87.7759396647084
2011-02-15,0.76622504322994,335.881924885075,11.4299080953365,1.99027696698301,-1.58249467925022,33.895543133199,40.2733142469254,NA,NA,0.143081974791169,0.0880588732870967,219.012790032767,115.067319676037
2011-02-16,0.796762886570721,336.145635837462,12.4476886202649,2.03337553364706,-1.58561860501525,33.9002053264664,41.3396087690243,NA,NA,0.14388097507952,0.0715179235024652,219.804181213595,122.797390412926
2011-02-17,0.813506154752359,336.153224665944,10.7975732611447,2.03641107658304,-1.59012018910304,33.9044886703594,43.1107944560598,NA,NA,0.142703067571649,0.05610792963249,221.940334654623,119.944547858771
2011-02-18,0.806067485271431,335.720496945265,7.01676043649999,2.03802917199901,-1.593356139425,33.902734141279,42.313235810572,NA,NA,0.161834590192306,0.0614669962400286,246.643947063504,134.264077006005
2011-02-19,0.808435380458832,335.448032286109,10.5825256370917,2.00476078047604,-1.60065134125039,33.9054338143744,45.0666974179658,NA,NA,0.158593285094831,0.11011374729727,268.514541412795,171.119317862983
2011-02-20,0.844073985771435,335.573131282155,11.2978036519958,1.99033133333672,-1.60810057241746,33.9105758512551,47.8117160513977,NA,NA,0.13955731369183,0.11705763521887,272.095102475876,171.116532639849
2011-02-21,0.865286355338446,335.597525619879,8.81218086800924,2.01105624187974,-1.6010129490362,33.9042105372296,42.1816478798747,NA,NA,0.12432606481066,0.0432366142439054,211.822426412377,90.7199522561425
2011-02-22,0.885389378884944,335.565106275605,11.6362844182224,2.03631321315662,-1.60415046514287,33.9009774603181,41.1773376709376,NA,NA,0.1361562088333,0.0836528406482235,238.908283024907,127.094646036532
2011-02-23,0.89367522699077,335.647016943955,10.4999790366103,2.01150698008647,-1.60109861530917,33.9037945241581,46.3107078130107,NA,NA,0.150413006574277,0.0881914908415795,264.185437677354,171.961646864773
2011-02-24,0.882066080482995,335.321650435285,7.95453477196577,1.99378103733706,-1.60601164470961,33.8904009830614,42.9476996356176,NA,NA,0.208014325182206,0.0678021611241113,352.211447302008,250.74541842432
2011-02-25,0.901295745154706,335.36869365413,12.204808735266,1.93792153900934,-1.61811155314066,33.8859467191091,45.0926443156604,NA,NA,0.219131958810424,0.0907202849815651,399.460629665787,297.562202099925
2011-02-26,0.94951335177189,335.933642875857,12.442202818103,1.94275013396614,-1.61690234494435,33.8801807038054,42.1260474136806,NA,NA,0.157336301784887,0.0715689935775501,271.743520839936,194.698920091866
2011-02-27,0.988095819586661,336.347655877834,12.5538038218894,1.95481816589752,-1.60417394197261,33.8717789180205,41.9713955826444,NA,NA,0.190165321364013,0.0588747764788015,323.317564889025,255.216650227491
2011-02-28,1.00949792891014,336.549847858708,12.154644797488,2.00413706814229,-1.59946190007785,33.857232221225,36.7062316861069,NA,NA,0.175137530072176,0.0316074560377521,286.936410864786,226.950388366532
2011-03-01,0.997871689316703,336.396650360852,9.75895479248791,2.03610761509894,-1.5990360417025,33.8402905946801,31.5032580191629,NA,NA,0.16581970551799,0.0140937030536604,266.306960892773,212.597686950345
2011-03-02,0.972674226615487,336.203723442264,10.775816519086,2.02554203431133,-1.5979623345711,33.8266149513152,34.507333866176,NA,NA,0.199879350464957,0.0684594828811413,342.407894114866,283.728731379374
2011-03-03,0.960433824033272,336.095617899081,7.83800057085549,2.01833225519229,-1.5920427323353,33.8135262050448,34.7985158577943,NA,NA,0.206948441869294,0.0397201901686336,359.595601154433,327.137533666664
2011-03-04,0.951371436075466,336.013242395913,9.59012577591873,1.98555413914113,-1.59225360005491,33.8059543141148,37.6158150596979,NA,NA,0.232239679633244,0.0990191777758351,451.989263348112,383.139780057625
2011-03-05,0.965043587655556,335.971775334056,8.5239964054852,1.95417468058757,-1.59761019644306,33.8070683035291,40.0327904877553,NA,NA,0.182162140831653,0.0954492124207268,356.579967430367,283.212275051785
2011-03-06,0.955404478965736,335.700429404654,7.30413657281457,1.94984426833036,-1.5975397744803,33.7876597158661,33.8261243611695,NA,NA,0.206097548020634,0.0485676748077316,366.891753865842,301.831801659124
2011-03-07,0.943773101015789,335.640956227372,8.6816506502105,1.85364399667372,-1.59918966467081,33.7952625053292,39.6551188882063,NA,NA,0.169598894146008,0.0877055010322215,316.319141425008,237.409035606644
2011-03-08,0.947094652347448,335.730345563191,8.58757675566324,1.84471233074482,-1.58552017096083,33.7811482181111,36.3761293717563,NA,NA,0.187820215109992,0.0732534834700316,326.745764098087,251.355764342417
2011-03-09,0.947519235858103,335.795298506574,10.2968157239077,1.87573198380901,-1.57588027749467,33.7647892930086,29.7139507594861,NA,NA,0.12227667041133,0.0115385500716697,203.893584312942,118.179789815266
2011-03-10,0.930212039773057,335.721274399176,9.72642489177425,1.89636595432575,-1.56815798321234,33.7425635900253,28.5601368233582,NA,NA,0.206904785881038,0.0147633803618743,332.449166706543,267.539480184572
2011-03-11,0.923007914205877,335.760784242211,9.77270046385323,1.8443357284896,-1.5756245138835,33.7383812146309,34.9208370188148,NA,NA,0.191484907443425,0.0847632037412863,333.739354947687,266.757888124401
2011-03-12,0.933623881601706,336.124828059499,10.8050513732724,1.81299877681552,-1.58112567204695,33.7354034289979,33.011061925798,NA,NA,0.118481832261068,0.0645386163200605,220.177959350767,139.486522824485
2011-03-13,0.939035252463527,336.655914306641,10.6361347843961,1.78226181949198,-1.5793472797121,33.7266762459326,33.7276909631274,NA,NA,0.115648264887362,0.0645056678065163,211.807888104752,136.360233738287
2011-03-14,0.940189617436107,337.091946857732,10.7457597837216,1.73964562782874,-1.57335065878355,33.7172138919393,33.4811952155933,NA,NA,0.147624743295464,0.0628228251408791,251.544330774108,175.778352546318
2011-03-15,0.9154018036476,337.12381428044,5.90430776811228,1.70965692525611,-1.57572747933881,33.7045678822135,31.8939031685895,NA,NA,0.167389699910213,0.0407325315079306,272.670292416356,198.454901776989
2011-03-16,0.842357704552208,336.714080066216,3.45247829105796,1.67708144649642,-1.58741347461577,33.6855257989263,29.4730150387516,NA,NA,0.147807607208548,0.0182155550742841,232.885264369293,161.489169114665
2011-03-17,0.79148192340281,336.522193722609,5.7939344411943,1.68599828671508,-1.59222147677109,33.6650504242232,24.4636136465549,NA,NA,0.114771011849808,0.0363182617645515,188.25562862239,113.595307379682
2011-03-18,0.795380478951989,336.847285945241,8.9928216730676,1.732442763492,-1.58131141749471,33.6519534771259,18.8763785085537,NA,NA,0.109589042913737,0.0673655940021178,193.869307172816,124.252825845453
2011-03-19,0.792125016814325,337.102968913753,7.68611487818927,1.69865345938807,-1.56990301705565,33.6435495497566,19.8485640012301,NA,NA,0.10255948960399,0.0334962263512306,170.135744352194,104.27726032999
2011-03-20,0.765159315452343,337.088563872547,6.99605938283409,1.64334057651551,-1.56561559736326,33.6396965871134,23.815764550738,NA,NA,0.0858060225804164,0.0644595396884701,170.333797592794,117.251854884711
2011-03-21,0.745333810768476,337.09054118831,8.29388379178396,1.59464045051943,-1.57038859333265,33.638399183348,25.6862074830111,NA,NA,0.0809996661336718,0.0329822303222017,146.505454591424,90.5045365970705
2011-03-22,0.698853384794259,336.57822027439,5.34188016449533,1.53692463333951,-1.5738514769576,33.6360887535188,28.5420152957623,NA,NA,0.0713688317037787,0.036391572305347,134.520084616555,84.964504631607
2011-03-23,0.67867044413962,336.448311782465,7.60553613523158,1.47637887691197,-1.5658837136952,33.6341550984042,29.7069491915375,NA,NA,0.0874583874546323,0.0612561260167806,152.858869476707,117.751716953365
2011-03-24,0.673432709967218,336.582656488186,7.1817958558478,1.41493758177146,-1.55696045017114,33.6351434344705,31.1159077456445,NA,NA,0.0861437440310654,0.0233406877740916,134.847816992602,102.667187341691
2011-03-25,0.619241647240592,335.918490898318,4.11585196489241,1.36323354082552,-1.5542327271782,33.6345997706116,33.4389799815601,NA,NA,0.109281798942811,-0.0533773260651088,168.059155622496,107.743217776457
2011-03-26,0.589579519702167,335.480909394055,6.44400490493309,1.3554000469998,-1.55602059431887,33.6300734907348,32.8403476426798,NA,NA,0.137628180958964,0.0230993402722152,177.133115795597,138.356982484272
2011-03-27,0.603608825584737,335.761779412991,6.34114125298291,1.39750422261826,-1.55720632648983,33.6226559380288,27.8480382564097,NA,NA,0.111615373648693,0.0535503054960215,158.047184393497,124.15614820005
2011-03-28,0.607538000839512,335.94795375917,5.23214938582444,1.34398340559521,-1.55893488403274,33.6218466044438,31.5944840550905,NA,NA,0.0882277341758111,0.0293282463432726,128.251974120805,87.3174924324935
2011-03-29,0.598622205780774,335.940171776748,4.41578369024323,1.33976369629666,-1.55115657666756,33.6192766053152,29.6173706106168,NA,NA,0.121027100579901,0.028770593702592,157.265868444591,115.081132959482
2011-03-30,0.562160045635409,335.63862460997,2.72476290638854,1.31055686316188,-1.55869889371952,33.6093716228861,26.6332697089706,NA,NA,0.034321585064314,0.0254905747850495,87.7500214289539,47.8137710331308
2011-03-31,0.553443335905308,335.65754029809,6.43799092129963,1.26650148219908,-1.56448505442796,33.6028066936292,26.8665859708902,NA,NA,0.0736579259206489,0.069444641732333,128.230169146991,74.9090628844007
2011-04-01,0.558009299563199,335.919794222204,4.84076313856171,1.24122078819314,-1.57465953752901,33.6097978908523,31.8776348502691,NA,NA,0.0447588330147318,0.0632882223096293,109.358621923047,62.6497682058274
2011-04-02,0.562555289486559,336.210617809761,5.18976581968912,1.20638668923243,-1.58403378733096,33.6107471481509,32.9311619448437,NA,NA,0.0816792282810015,0.0563871678412363,135.312484736737,83.8377238601148
2011-04-03,0.566960231560033,336.521363421184,5.7616449012989,1.15093146984474,-1.58938791072964,33.6114698659714,34.4984789512418,NA,NA,0.0493510243722945,0.0266528315590783,99.8966642292299,63.6854073925041
2011-04-04,0.562740047166987,336.665621873809,5.50855715972621,1.10100269275397,-1.58476400632768,33.6135661476537,36.3538891384315,NA,NA,0.0488205542448561,0.0197237708106858,96.2059134553115,64.9226607538155
2011-04-05,0.561627827403022,336.881021639196,5.05192328371653,1.04967920964787,-1.57288197065011,33.6137432505084,37.4992599976368,NA,NA,0.0413017161642974,0.0589752691909771,109.537942172448,71.3436800565296
2011-04-06,0.559814884531789,337.091986679449,3.93147008593489,0.983281806131445,-1.56338828005771,33.613623800548,38.3816609273234,NA,NA,0.0619208611869699,0.0416534410063152,111.249013335795,64.3012723469069
2011-04-07,0.546320783655818,337.144500732422,3.74942381789045,0.913092694502932,-1.57484528394202,33.6166262092539,40.7998718784245,NA,NA,0.0309377785787167,0.08290079217932,118.952576985589,76.8809410588031
2011-04-08,0.551879545173994,337.398794778963,4.45760099190037,0.840310868242813,-1.58430602241624,33.6202341252171,41.8159199520322,NA,NA,0.0866083173274833,0.0874064937485294,153.533462669026,90.5542444670357
2011-04-09,0.560793027281761,337.667540759575,3.58583395655562,0.780221776139398,-1.58443163795832,33.616731285888,41.5782791696258,NA,NA,0.0937795492841808,0.0531442155319991,132.07931990286,75.6713056342499
2011-04-10,0.564651050945608,337.975827845132,3.83562963764842,0.70936545948831,-1.59305919101525,33.6088298226175,41.2611502893219,5.17724713842784e-05,0.000190740684047341,0.0841602468297549,0.0947391730802342,149.664867072622,90.3194791942393
2011-04-11,0.572252798371199,338.302593324243,4.34972706655177,0.603856916721614,-1.59484993864489,33.6219289576316,44.7979613843395,0.00324863051405917,0.0124489595595762,0.0508551214408135,0.0577792400159897,100.987617580438,58.1757563373754
2011-04-12,0.581280875496748,338.636591469369,3.69868825412378,0.519203760926379,-1.58775819779729,33.61767864356,44.2868485071077,0.000818065600469708,0.00127160456031561,0.100743205933838,0.0867409349171578,151.755656570957,102.39651925678
2011-04-13,0.591441522647695,339.020614624023,4.42298311721988,0.434997386315413,-1.57833864540867,33.6166324692699,44.6437214942757,0.00221595795082501,0.0087341779623838,0.0433502862287758,0.0604291197852648,91.0409980783622,48.4627722863687
2011-04-14,0.603589618351401,339.345087190954,3.96146799587622,0.355883523671009,-1.57228395234235,33.6119291019826,44.1974757898513,0.0070267895467959,0.0436881209432984,0.0734206971017375,0.0629422634679135,105.262533945744,65.2402592729022
2011-04-15,0.605392862747355,339.558161665754,3.2797309291072,0.286338884619727,-1.57138034206653,33.6085621657481,43.9771329298032,0.0165872417273931,0.0821372568914843,0.0594546692533853,0.0392465560160346,84.2316345249793,50.8544272214037
2011-04-16,0.599758063511151,339.723079402272,2.63935600548256,0.213449317313399,-1.57017690015708,33.5998699687592,43.2364104009672,0.0293156908021852,0.081427070043431,0.0909929334081699,0.0506096555676698,112.00400853115,76.5550576306493
2011-04-17,0.584117487072945,339.859390258789,1.89136929337571,0.173373447085119,-1.56549821675387,33.5822878385845,39.1559496556538,0.0447316457366597,0.0598872018007325,0.0986847508794222,0.0199626471681392,108.301945088922,80.9931452802164
2011-04-18,0.580893442398164,340.050421365877,3.34281555908482,0.12561333987877,-1.57099155166693,33.5715672059259,38.7982529396953,0.0425199841502709,0.0504261854242671,0.0611473964564955,0.0525214899979864,89.0062026529121,51.1775491929962
2011-04-19,0.571869256292901,340.13887507741,2.44097910130896,0.0910461229472025,-1.57026956422448,33.5719687324143,39.8066817205123,0.0724453878554129,0.0758447241050755,0.0252920602889437,0.019739421403762,61.8864319149126,32.4778955765736
2011-04-20,0.562443149889388,340.191448304711,3.35868302205714,0.0366574448713085,-1.56246078320039,33.5707228090438,40.6060937322907,0.0698573551246408,0.085070344513771,0.0421031873205654,0.0468560026584045,73.941345037888,38.1173417312403
2011-04-21,0.566650375360396,340.389243893507,3.25253125807134,-0.00739892769237923,-1.55984673438928,33.5642855357223,40.3871923464673,0.140244678517459,0.142590238658894,0.0940167782237494,0.028633033909537,101.249406977596,71.8490701961573
2011-04-22,0.541815334703864,340.397779139077,1.1737065962175,0.0284443838011559,-1.55951230567798,33.5450786225065,38.1368125189654,0.142892429116182,0.0847715180600062,0.0848678149252768,-0.0323092581681636,92.7442007870406,56.8584200952677
2011-04-23,0.498056278723042,340.272290485661,1.76336954279644,0.115720894283209,-1.54584816866397,33.5352373676583,38.633716592261,0.120229955753312,0.0565355389006436,0.137013692554594,-0.0243069014427794,147.326652537111,107.132887635319
2011-04-24,0.4872958053176,340.329620733494,2.41694672223998,0.158863935755332,-1.54446433333733,33.5275336457328,38.6538974810869,0.0670678933489729,0.0315935931337828,0.113621110722483,0.0321412210964803,116.044601459763,89.490977499857
2011-04-25,0.495903478889931,340.478354849466,2.75889833671291,0.114207572179285,-1.53864810856087,33.5121919577904,37.537150697026,0.0398282899022368,0.0379083488668714,0.0789197945864255,0.0452464703073305,88.4126480327362,60.3602929956422
2011-04-26,0.47657711549503,340.390012043278,1.44289029444136,0.0751577190421371,-1.53378779878501,33.5082195915191,39.0449545097094,0.0261881510401145,0.0502901435776481,0.0196150410090863,-0.0203967429798061,57.3239700234422,38.5095108708186
2011-04-27,0.45373294411636,340.318662317788,1.96170133788411,0.0328163130965471,-1.53461851040844,33.5107587693352,40.6775507611624,0.0465559431213069,0.0860626253618576,0.0177658087952256,0.0332581736901511,55.0463035379192,36.8276195827859
2011-04-28,0.452227104364372,340.648509327958,2.15899600924515,-0.0289274494637523,-1.53778321105942,33.507404116323,41.2609443381409,0.0887062168408896,0.123297137985985,0.151936872808235,0.0654389328208932,179.38506818474,117.804183346995
2011-04-29,0.450864617417498,341.294681456031,1.97406910832335,-0.0864001061973462,-1.55633566527553,33.5123072790231,43.3161045066741,0.0469894425745454,0.043272557083189,0.143446878996375,0.154682303222045,274.143620903616,157.791221134274
2011-04-30,0.461460295973754,342.22108012874,2.23020946543391,-0.177958596844664,-1.56059013510201,33.5216811021813,43.9643654379285,0.0344435287199708,0.0522926180468251,0.0792130359603085,0.11451895639059,155.862079788274,95.3320332781126
2011-05-01,0.466467629482106,342.767972248357,1.27126012633486,-0.257423359744864,-1.56339281258474,33.5249018598343,44.0716538371345,0.0520785132443235,0.115922780031071,0.0434071227063534,0.0424796235364297,74.864318088354,35.2037245460646
2011-05-02,0.46224894501814,343.135975535323,1.39287764560886,-0.322834287095166,-1.56374741887596,33.5235324607365,43.7514361357078,0.0845678527190609,0.161914868013109,0.0906247345582355,0.0776628108793183,120.880756194421,75.8314794528785
2011-05-03,0.465552318386915,343.594588116902,1.93390709743267,-0.348258306230852,-1.55809346448716,33.5102520941401,41.6349092977732,0.0970645142919514,0.10627371816343,0.147994589744269,0.0208382524962206,162.729008009942,100.308667019918
2011-05-04,0.475939242578134,344.135137046256,2.08315206300922,-0.376358068735413,-1.57033464348751,33.4950690739229,40.0109621709497,0.0788929851705882,0.0621571131149664,0.116031290548533,0.0602759094192431,142.553771328788,94.0533561805401
2011-05-05,0.486453156282262,344.584723495856,2.11070006649669,-0.418090586881084,-1.55857327367291,33.4965250012685,40.5027179087383,0.0657479493817485,0.0794841943154479,0.032710405647272,0.0642025421716665,83.0097981256183,41.6081722776489
2011-05-06,0.493459581238468,344.705763281845,1.99059247098318,-0.47173100760189,-1.54955322427145,33.4991300173617,40.7249140604305,0.148875522991824,0.199398848590795,0.0960464031258334,0.0515577474686942,115.678258738828,79.2753577200911
2011-05-07,0.494219834484705,344.807142676377,1.90897341472347,-0.486558800062992,-1.553672191746,33.4988562343253,42.2907896131961,0.138535861785895,0.16643001373162,0.0736052083673506,-0.00821240323214878,84.576139328531,52.4617519006075
2011-05-08,0.485861138599675,344.944090680378,1.23686917671343,-0.506699533356346,-1.56336192241725,33.4982776152782,43.3605848677889,0.11813408743276,0.162146798025312,0.0908734953224498,0.00761521233600161,96.0525210852831,58.9711406787571
2011-05-09,0.478689649483053,345.247955694431,1.64985985145336,-0.550623452001818,-1.57218881528548,33.4882757107095,41.4532809881707,0.149110054770881,0.184104743647258,0.10504627472114,0.0795762925465339,136.43532251805,103.200176843068
2011-05-10,0.477465211254794,345.454946750548,1.71374699836824,-0.579595031586253,-1.56989601491756,33.4889799676604,41.4228036522704,0.125715723785227,0.154745587076429,0.0430471605838713,0.0244189260650662,65.6737243827952,39.2441300540973
2011-05-11,0.472031538442868,345.430274032965,1.63874254430213,-0.606979157237711,-1.55372779266393,33.4976496265324,43.4995861761322,0.126063622830999,0.160935455986638,0.0571005017460197,0.0139676752059083,71.4400390875683,46.3251961666029
2011-05-12,0.462520899932559,345.47180361864,1.00640919368442,-0.636657479109793,-1.54256197476355,33.498090283269,43.8323656164522,0.241453272282087,0.251731602075507,0.117279213354213,0.0228093940357448,125.868248896645,88.0797222708572
2011-05-13,0.455341467406692,345.47272621713,1.25905282177576,-0.673180845454235,-1.54948979736822,33.4873017428214,39.9493896777813,0.306268004695189,0.25112582220414,0.101061158525719,0.0526524599284617,112.747862635863,79.7448455532765
2011-05-14,0.45151913638522,345.685113302091,1.034218373822,-0.663964501709028,-1.55115122576313,33.4851910105923,39.883286839072,0.295343494148758,0.205494398618405,0.121064991377264,0.0437110720476319,132.60744139416,98.8587587144445
2011-05-15,0.436382874483015,345.924756678139,0.541773944729712,-0.647255680449659,-1.55405151184432,33.4861134877893,40.9909729397731,0.229901029943274,0.144695149658499,0.150557156179638,0.00693400298696459,167.76532238861,114.376884168565
2011-05-16,0.416360028269814,346.209906229159,0.542688812424497,-0.587928685753049,-1.55293538116733,33.4953102132409,43.574338015918,0.0732157277396625,0.0557030314843343,0.165917727503016,0.0457489343508374,200.138960161594,134.302753377091
2011-05-17,0.399342765168446,346.627329756574,0.3865617068439,-0.555803939871058,-1.5418976503506,33.4962594911315,41.8266282577103,0.0594827905973239,0.0381235245374903,0.151383338870629,0.0186858943056481,169.8983098337,116.79891546289
2011-05-18,0.383079517905305,347.03242306593,0.467821101589901,-0.526605014657846,-1.54849063352696,33.4889819033233,32.6630437647605,0.0421094392612576,0.0270088808983564,0.134951118867487,0.0574258679722646,157.268618485439,110.546378452175
2011-05-19,0.383412268467066,347.422039869355,1.44240377007461,-0.568297994673735,-1.54358419956949,33.487291127564,32.7913368510814,0.0102943102525466,0.0582173742087824,0.11478007266577,0.0519951383725271,135.037501658171,102.890880527022
2011-05-20,0.388546219686183,347.587810237233,1.19121262431145,-0.587772509890047,-1.53800272941589,33.4918524141093,38.2385411230337,0.00866398427338016,0.0742047957073037,0.0747361641864867,0.0317450157101499,83.7475809808535,48.6533250263567
2011-05-21,0.380570417133773,347.488567073171,0.988011526625331,-0.611464759096121,-1.54216700189027,33.5024411951804,41.6575614592003,0.0375279051922483,0.157026295117768,0.0804494269262602,0.0770960975232234,107.022903815794,69.8910003159053
2011-05-22,0.375723033053119,347.721535659418,0.645447973071075,-0.654061183856245,-1.54377983005745,33.5067079984225,42.7502147350234,0.107695688201344,0.230355720694863,0.106203589241514,0.0747089815827516,131.133377853987,87.5329280150325
2011-05-23,0.362941038317797,347.854408078077,0.233443483346846,-0.659138870504704,-1.54764427282871,33.5036952627493,42.9133096352602,0.108654685401562,0.163957572514434,0.117376411416632,-0.0103112199820085,118.612224939847,80.3634653230851
2011-05-24,0.345936950750467,348.009291486042,0.215282000056127,-0.623931136671026,-1.55245968800003,33.4953366432756,41.0043582517287,0.149453085849172,0.110448555121104,0.0921477768896965,-0.00716711328881472,85.587031475657,50.8544319072954
2011-05-25,0.340375142126549,348.305115490425,0.746113447154441,-0.64428241054217,-1.55288183946519,33.4855448044585,35.4263899876521,0.207676448687715,0.109458381816614,0.109637642337082,0.0427860441226789,113.9222556593,79.065467603635
2011-05-26,0.335448128421132,348.793027924328,0.429550550696326,-0.62970963718719,-1.55170022749547,33.4900916301609,41.3884137291336,0.230914826740022,0.103015077779863,0.161858477864751,0.0621910385998637,196.248195716865,117.751729763716
2011-05-27,0.32478998528748,349.241492294684,0.363737190823729,-0.605270118164791,-1.55682124074815,33.4956989931835,43.3667628150559,0.103672223388114,0.0517119184964233,0.161824705036465,0.0110237303915133,182.458844296811,127.075325178674
2011-05-28,0.31218638598192,349.338235250333,0.407937068401313,-0.578019438464793,-1.56264982274991,33.5070663997841,45.5683376476993,0.00115672166555606,0.0038060439836191,0.197471642331314,0.0570659060508777,257.93169950474,139.334574919886
2011-05-29,0.305006077195086,349.767242803806,0.383523087312536,-0.585501043812225,-1.56132653029824,33.5159296146449,47.0551369084038,0.00693036153818558,0.0517624720948142,0.141259101198109,0.053649974496741,168.296205804371,110.565712558632
2011-05-30,0.301696044097586,350.096003834794,0.487645352395569,-0.591149069037032,-1.5451632551497,33.5174781912573,47.4297196610897,0.00522867903540221,0.0343333232643393,0.163254668043773,0.00263587657397414,188.405948991484,134.783292801179
2011-05-31,0.300702138463172,350.381538949362,0.476734929695362,-0.592112811098778,-1.5364199682125,33.519424237703,47.6900125071105,0.00165618740294765,0.00509882413941186,0.135880265500542,0.0299229660648325,146.587858480362,107.215709723119
2011-06-01,0.297099957378899,350.544708624119,0.286792271747822,-0.613776751737363,-1.53654681847967,33.5184357935279,46.9760606150556,0.00626281980045238,0.0464403371351134,0.0717073769513493,-0.00784914647499238,77.2635385184365,53.1659920951039
2011-06-02,0.294675972766993,350.680304922709,0.522975335760814,-0.655500372110108,-1.54876205136097,33.5276510879578,48.4297055464524,0.0218677937693894,0.143682363049686,0.0341090676996872,0.0624554502236055,75.1291291433661,39.802002903697
2011-06-03,0.291685695146642,350.906555175781,0.169559382538243,-0.710727261236081,-1.54750959368048,33.5346175900355,49.0925873693345,0.0391085765624876,0.175621825824301,0.128260934592178,0.0451904579635091,144.510042894992,106.273981702278
2011-06-04,0.284757620132551,351.302481674566,0.235281343140253,-0.739439865556645,-1.54795357331573,33.5333038155045,47.0182758104785,0.0340591202244337,0.126234503033267,0.152526650286195,0.0810326143958469,199.805653945064,126.975891571676
2011-06-05,0.275604328912933,351.291380347275,0.18223019743838,-0.782058035826635,-1.55396461100713,33.5417427649865,49.5612790961015,0.030020524321599,0.125064110502792,0.0622511697372525,0.11224304166762,146.20527930229,86.4890004470084
2011-06-06,0.264833840473396,351.009585496856,0.228524607129213,-0.864960641533579,-1.56566213644468,33.5543290523061,51.5882270030486,0.109541319425038,0.20588564881791,0.00223390540854651,0.076923941622781,90.5030481219618,52.436892824629
2011-06-07,0.260296386916463,350.85182227158,0.385190924856721,-0.927126472898823,-1.57107103932724,33.5627328921587,52.4722753221046,0.1935851140678,0.220443719088046,0.0335094057797742,0.0215853587315794,65.6339432059959,33.2815630740272
2011-06-08,0.259822645020194,350.815203782989,0.290948817461002,-0.981192915505565,-1.55766224925496,33.5649486958739,51.7169319737135,0.213077020203179,0.206862327329743,0.103431800247124,0.0448206115448684,119.058875390681,75.2708429217619
2011-06-09,0.259184761381731,351.092872805712,0.266264850955184,-1.02851316252379,-1.5467917303003,33.562673226381,49.0553141682737,0.295415757044585,0.252243793275976,0.111561008390949,0.0697922478210025,140.186855482234,92.9376295283105
2011-06-10,0.258047375737167,351.210301096846,0.246598731090383,-1.0714931109978,-1.54203232660306,33.5605068798812,48.0054938706309,0.238015427261961,0.194123346264694,0.0732889032436286,0.0240474322888693,82.6589104597311,59.0678010976096
2011-06-11,0.251304061311047,351.040623734637,0.102905169083941,-1.09058509479489,-1.54806312970948,33.5615426757236,50.4642727539124,0.229542280965222,0.171570859198407,0.0276445802376579,-0.0395035539098919,65.7331419584458,47.4354101202797
2011-06-12,0.243520978383902,351.183248380335,0.0928054097131258,-1.10657135557067,-1.54583210774601,33.5558754924821,46.9791493576709,0.464834224681854,0.261194431848041,0.043233319317643,-0.00933017975848053,56.6025062657843,37.4932002282099
2011-06-13,0.238551418228847,351.470850502572,0.112774702606768,-1.13644341555362,-1.53448218758772,33.5479307856798,41.7695860071221,0.501116205049861,0.24466431873557,0.0471352408118496,0.013933903006045,59.3873939341428,35.9355820030903
2011-06-14,0.233543403810117,351.850733315072,0.0764485076978439,-1.16348454529135,-1.52542588778353,33.5404598066199,40.2100942047984,0.474124030790552,0.215396979590878,0.0465256941181767,0.0203909772007089,57.5269554062218,32.1023059640272
2011-06-15,0.229626044631004,352.236295374428,0.162124769080703,-1.21381463277356,-1.5225416653552,33.529224406048,37.45642669513,0.490368151264474,0.220201333208282,0.0797706885557426,0.0360719720190755,81.4832179057128,62.4923416512395
2011-06-16,0.225885259123837,352.39783198659,0.0952006763801342,-1.22563456387011,-1.52527638582083,33.5316234542291,39.0278623004352,0.502025211015784,0.234357648322907,0.0730656773183751,-0.00773135560606173,73.3536709417728,51.964646670047
2011-06-17,0.221110463324116,352.52530204959,0.0854752946917604,-1.23253199381706,-1.5226664562457,33.5336414651189,40.605063896591,0.575805085907323,0.255969374601475,0.0925505717615528,0.00659463389219864,89.734332047043,67.7506724484757
2011-06-18,0.217757240119504,352.694321050877,0.110667162688404,-1.25492145875205,-1.51368717883441,33.5349944574148,40.8375564773395,0.368455460958782,0.176796882197446,0.0599818444344518,0.0168630208432996,68.3941468193992,37.4572931684533
2011-06-19,0.213298604437491,352.691099957722,0.08329362931048,-1.26543069826929,-1.50758759663333,33.5426673992121,43.1122358324718,0.284357138798483,0.160196433567747,0.0247171095618915,0.0146711247893963,51.5317174857022,25.8387155082797
2011-06-20,0.207900734027711,352.546581361352,0.0802731105558029,-1.29436965992576,-1.51353232210625,33.5481265398816,44.7382422832021,0.316436220596415,0.243299652579745,0.078569717142183,-0.0126752719212721,84.4889712086229,53.2157078535482
2011-06-21,0.203526093102083,352.906070244022,0.108193119533542,-1.29810403957058,-1.52734925695437,33.5514564205278,45.8908206782682,0.260252458100897,0.128541202518169,0.121807979110643,0.0759470200068072,152.058713766475,92.2885991483795
2011-06-22,0.199595939640592,353.244506835938,0.0878106448799372,-1.32540117769267,-1.53899983146734,33.5496524342319,44.8364699887521,0.251566935931402,0.13857915616681,0.101116347148029,0.0205548957603583,107.397159724407,70.8272367752717
2011-06-23,0.195024094203623,353.284854423709,0.140484227912455,-1.3365805893131,-1.55076654864709,33.5548891795952,46.9420824630058,0.228987923941441,0.149149433607877,0.130214778326864,0.0606605827044218,152.626033082059,99.7922070852044
2011-06-24,0.18963918507826,352.85840178699,0.166114133578248,-1.36695972788833,-1.54992554110554,33.5643597755998,51.0865866201609,0.259944750649626,0.35249908083444,0.0938545068356431,0.0881676031540521,137.861051772617,83.4510762177784
2011-06-25,0.185628534453671,352.968804336176,0.0755597347984227,-1.40687843115545,-1.54268882631773,33.5601176726512,46.4814219030774,0.199000451079408,0.179155182406336,0.177625962079335,0.0263159335986805,215.10680791763,137.448362882897
2011-06-26,0.182310052852078,353.568805601539,0.0849376713811624,-1.40679243460358,-1.55838547126163,33.561837184767,50.5145191432011,0.106632647254413,0.0995958935231307,0.157107309834195,0.0261899056453534,181.083753973418,119.11878065179
2011-06-27,0.180627046652683,354.099418081888,0.138221360743046,-1.42540403303669,-1.56423135019346,33.5670430624855,51.4245143457946,0.0455113966212773,0.12727783469159,0.148153566316715,0.0528542693407751,175.861184289651,111.06006351317
2011-06-28,0.177820427842983,354.394578142864,0.0806831768373164,-1.44972987720358,-1.56454024108959,33.5722962764272,52.7430704943082,0.0314085812027618,0.139170168829873,0.183400178918874,0.0336033089662049,231.454280279318,148.445543404897
2011-06-29,0.175023716033959,354.71705664658,0.0928688042501851,-1.45646322585954,-1.56753608218411,33.5756735138887,53.396685496033,0.0251925456731652,0.196465478587881,0.10703553758089,0.0564349430202231,126.713071154569,75.3150309463461
2011-06-30,0.174110476836199,354.882730623571,0.126152325648724,-1.47283201814502,-1.56095668564924,33.592106575908,54.9679151424351,0.0712990736646651,0.451248698911847,0.0758168734961998,0.070285651214451,104.304733712135,44.3174211807248
2011-07-01,0.172621419607866,354.469436645508,0.131278785445341,-1.48655373469377,-1.55557908525995,33.6143116558451,57.2285912394041,0.15834261960125,0.476231868731992,0.0489416397987348,0.059277571235028,82.9787417635443,25.9436602968161
2011-07-02,0.169533968335245,353.988444258527,0.0413872978263875,-1.50098120739907,-1.54967307207877,33.6288109906772,58.3084769783071,0.216355433348219,0.474051092317712,0.104857644687096,0.0207286987519055,108.571047235032,65.7760291429641
2011-07-03,0.166080870915477,354.133774920208,0.0460276161888387,-1.55488257626934,-1.56213541632561,33.6126890555728,32.9466064133947,0.168971328786543,0.428708864348298,0.129071466720257,0.0488831562954083,143.049657448977,94.5614999893844
2011-07-04,0.165796584290702,354.878687044469,0.147131667358846,-1.58346569248539,-1.56695660132306,33.6056731632042,29.1122294167275,0.134974388790904,0.351362358735982,0.105291740649585,0.0858719193460809,138.417119776755,79.5901888831125
2011-07-05,0.165942236326817,355.357666759956,0.109386462354805,-1.58088879192728,-1.56180716719222,33.6070692703309,37.7667601864669,0.121053253599617,0.222195136111969,0.120558408716148,0.0667601661070397,144.39685178062,91.12591944159
2011-07-06,0.165766926709472,355.321117121999,0.198683341011042,-1.58162222442678,-1.5509868926204,33.6098039809831,41.4415430913248,0.133716118220345,0.242586112899175,0.0729289411261738,0.0196257492027141,77.9818848939169,39.6169630982425
2011-07-07,0.165092699229717,354.790457748785,0.201323148226593,-1.5687881431438,-1.53656947210572,33.6261216857334,52.3458358079959,0.146334245220309,0.407570369059016,0.0570510791843398,-0.0310926362620755,73.1492223698337,49.7524984464857
2011-07-08,0.162181972094425,354.094047360304,0.125247152840219,-1.55405919191487,-1.52942501099003,33.6440539083339,59.6105593180689,0.152644801265265,0.466550168841474,0.0799000112292094,-0.0320028373607096,86.8041093619489,59.167223242715
2011-07-09,0.160255212700222,353.767846084223,0.1589574325012,-1.55472837655972,-1.52714827395322,33.6551389861525,61.7847461494518,0.162220910380063,0.475682040216469,0.0621976284021147,0.000724042379944592,66.3383175154376,34.2454055362988
2011-07-10,0.158578183229377,353.206859309499,0.135876740169961,-1.55525621164505,-1.52411783578103,33.6706822404334,63.8644120027179,0.244823209981606,0.480947615686859,0.0495544811773558,0.0285144195754921,62.864297488551,21.7844966830907
2011-07-11,0.156282277732361,352.764121823195,0.099299235360288,-1.55411454620953,-1.51726043964365,33.6807066985631,65.3641851041642,0.27146940062001,0.481893853700434,0.111790000356724,0.0182839232910419,115.21497254269,93.0812216286625
2011-07-12,0.154978840452869,352.802402775462,0.11742175770242,-1.5624768668019,-1.51605246906821,33.6831633893424,65.5942065307164,0.245372264868455,0.478299382928251,0.0774725337189782,0.030576992870463,81.9380353212263,46.7643106408184
2011-07-13,0.154658847465748,353.020384253525,0.149737033720424,-1.56449430078952,-1.52591517483175,33.6868864978373,65.3279417568212,0.261708934782588,0.475724255186022,0.10429010760949,0.0699800541737543,126.884699356061,91.542940105782
2011-07-14,0.15419605219873,353.106186657417,0.134767640064039,-1.57391327788473,-1.54360025887869,33.690774323004,64.4375096101027,0.270468024799648,0.473133683204651,0.111839422948568,0.0483741026356635,125.162602318898,91.5236031338514
2011-07-15,0.153251702011358,352.915628200624,0.124984637765986,-1.58003872415797,-1.55464952645192,33.6969273473248,65.1926470961165,0.287241827683993,0.474452651262927,0.0510000948883422,0.0300012185676941,68.5937512445204,31.5499696132645
2011-07-16,0.15090961627117,352.597599680831,0.0883928080339257,-1.58520537140238,-1.55467959164608,33.705580352289,66.2710913093145,0.3204182478324,0.477284159254931,0.118622686869783,0.0576746287666432,140.959255079915,91.2363884917071
2011-07-17,0.148058111256943,352.422222230493,0.0845372920810449,-1.60441300695242,-1.56563413223596,33.703434572207,62.2449952922208,0.30086133112143,0.459795735223412,0.0947004587976476,0.0814658867725638,136.065164242853,75.7679653788734
2011-07-18,0.145208955083678,352.048165670255,0.0672279372357014,-1.60617146366521,-1.56623708847885,33.7125430396694,63.9900278909969,0.35779003635069,0.470804638627731,0.0635921716559352,-0.0138531792079389,79.9976836442135,46.2561530102797
2011-07-19,0.14265506787271,352.063642548352,0.0658496105362002,-1.62006319309214,-1.55821784063872,33.7144540640024,63.4200192707592,0.330638190728893,0.447582153696441,0.132968445548564,0.0557117243617894,162.712620428898,90.1648479425087
2011-07-20,0.141481939067201,352.53951616985,0.0873452526767079,-1.65179947658106,-1.55250952423986,33.7036345169129,45.1538049965574,0.311335954463233,0.415340027265381,0.105433419155769,0.0167633519230182,122.576789481677,59.1451294326916
2011-07-21,0.14123576343423,353.074925864615,0.121942952547858,-1.68207186082436,-1.54389762170563,33.6880047858646,25.0321805325919,0.330300835633857,0.365273062330305,0.0790622966180527,-0.00403700987135994,98.5552365767305,42.7653266778027
2011-07-22,0.142470742961982,353.131330164467,0.201237398449604,-1.68246032528871,-1.54476046015216,33.6962046861327,35.9218523756534,0.386654070153702,0.37561448346748,0.0412036944557781,0.00071333407068703,76.7492037723285,37.1617884593901
2011-07-23,0.140667498929472,352.567065355254,0.0811534635041182,-1.66222371038316,-1.53729227872995,33.70981233934,54.0426817661033,0.433070108806023,0.388167845575433,0.0443148526454825,-0.0573097244256984,94.4640600467181,58.0570092890382
2011-07-24,0.138614176522668,352.057307173566,0.135171357633137,-1.6562564165486,-1.54201296852668,33.7189122147245,61.9253949424033,0.50031945499995,0.404976707238417,0.0142518557839387,-0.00571161517609469,59.1297172906588,38.8077732270494
2011-07-25,0.138240456762837,351.566351169493,0.123187872649329,-1.65688803562751,-1.54633868931115,33.7265297069884,64.3176591296588,0.571623625784268,0.43188427221759,0.0472505601291393,0.0259073726259745,70.1085233690306,28.9567032342224
2011-07-26,0.137616547233448,351.221379722037,0.14757155109106,-1.66001451578539,-1.54591242118403,33.7315936120737,64.2064580569866,0.634958438575268,0.447091015204083,0.0730211967991994,0.0647206565920721,108.063620150458,43.51099711487
2011-07-27,0.137540274549548,350.757728390577,0.185200140425345,-1.66920219532713,-1.54093720266211,33.7344149590826,62.663646297738,0.688217871971981,0.459209869989017,0.0394318911187884,0.0509111339153468,81.9924448236567,35.6262686627625
2011-07-28,0.137187962034127,350.113336330507,0.157729681467683,-1.6749124909863,-1.53978935845307,33.7414664398482,64.2896526326374,0.718743897019288,0.481615851282591,0.0342812232582675,0.0344047801476098,75.1816705101897,36.1482294970224
2011-07-29,0.136432050477441,349.763635030607,0.112863942685469,-1.68313741458733,-1.5462851484134,33.745482034207,64.5322356127534,0.740031432506205,0.499901215999554,0.029364489662422,0.046657488046669,80.9253229432775,36.4851655274229
2011-07-30,0.135546777942559,349.370420502453,0.128426768876635,-1.68558581541424,-1.53549247087255,33.7514579917094,65.8081646969444,0.757184657973316,0.542059798311447,0.0076193308329534,0.0296396093038332,69.7677871288363,42.5223036673678
2011-07-31,0.135470887328066,348.933636921208,0.152643982752612,-1.68787408405953,-1.5267755430237,33.7579591161648,66.8299788463454,0.760934449199401,0.570770260655446,0.0589604421283713,0.0231051062976542,85.5802662449252,31.8371802437462
2011-08-01,0.136160476087797,348.843894400248,0.163134537046639,-1.69019101924098,-1.53225857719236,33.762874536347,67.0688549922063,0.765227891444436,0.586383711069058,0.0431344741037902,0.0203621471891439,76.8075650530229,28.3353148273138
2011-08-02,0.136360475929772,348.574960103849,0.167108059974342,-1.69119924282738,-1.53490681091623,33.7697175009209,67.996148231702,0.785541954220306,0.618200596567751,0.055025572613304,0.016970103433137,83.1300045920365,29.486951202505
2011-08-03,0.136405125532935,348.264355543183,0.157526488938346,-1.69519852803625,-1.54022634013301,33.7742046093651,68.2131961366908,0.809331101203254,0.63320347087586,0.0649537668637579,0.0270169121734848,92.8099354419125,29.4068611411701
2011-08-04,0.136109402812109,348.038020808522,0.15856724087058,-1.69890325481271,-1.54540831003434,33.7799333528629,68.8567209050723,0.830284570362645,0.65789113232964,0.04403067226352,0.0423783070323599,86.3171728771031,34.9634543620599
2011-08-05,0.135357919171816,347.649214581745,0.161767853423953,-1.70127652885138,-1.54418386026272,33.7855963198601,68.637819658246,0.843114597343321,0.685092144086454,0.0687378972477195,0.0586136598165138,111.85231081224,43.7457475883398
2011-08-06,0.134285180852181,347.244852577768,0.162516780061329,-1.70978711780749,-1.54116989999969,33.788368137581,66.6242568804989,0.857254478768741,0.653390578493255,0.0982605395398722,0.107194514072899,183.746574021119,97.1244032914491
2011-08-07,0.135346162791659,347.531907988758,0.300690354052477,-1.71856359656845,-1.54376418162615,33.7872932217864,63.9395753291615,0.857466996990536,0.630335925320382,0.094381682403818,0.0826594447377722,158.429295865019,94.8238666803285
2011-08-08,0.138535091971479,348.025645186261,0.383982385667722,-1.73130674256004,-1.54754295683744,33.7867392155162,61.9087145750017,0.858325665346604,0.604354007483816,0.107910319252817,0.0691168047085545,168.631289038652,110.226023566956
2011-08-09,0.142603738369738,348.333710088962,0.34534009491525,-1.74573816751179,-1.551920567286,33.7857383748619,59.31381742063,0.859620435585679,0.59114682417006,0.101112228520365,0.0396732384748707,145.170823749709,98.1959434698214
2011-08-10,0.146102795331943,348.79225195908,0.208475133040693,-1.77032496378972,-1.55707700435932,33.7653143930371,33.4072671573654,0.86254121276692,0.5952283143595,0.0828653725665993,-0.0203473203929893,123.091411198567,60.2608668388742
2011-08-11,0.151272401849671,349.532284248166,0.535924621562405,-1.78334487691099,-1.57008258260374,33.7630389081,24.9187143070978,0.859995635998072,0.598861911599292,0.0461171332711552,0.0467250323207111,112.112234876633,48.6478079453148
2011-08-12,0.157699623849334,349.20895906774,0.583109762110725,-1.78765849047183,-1.56607769986718,33.7741529024564,39.049278992873,0.864426380915721,0.611512058900918,0.0551433635325084,0.0117131770712885,100.475132936552,41.3844721814702
2011-08-13,0.161245587304598,348.78154773247,0.497150846370837,-1.7923289360466,-1.56541790556811,33.7777648235944,45.6612112621869,0.882328719358172,0.611976427467246,0.0654191639470427,0.0672247393129647,138.561957830389,73.7353292269066
2011-08-14,0.163838862191613,348.442384673328,0.406960812664205,-1.79425345467813,-1.55091193555659,33.7784237417615,48.9348465627343,0.886898671064461,0.606139400307788,0.0606614062952207,0.0200227780642136,109.131433058859,49.5508969810679
2011-08-15,0.166376244731066,347.998543343893,0.436775764177849,-1.79809853760337,-1.53800561424853,33.7813540624703,50.2461953246803,0.895618171434895,0.609374527989129,0.0775277222507959,0.012645618303826,123.425550929555,50.9041429798481
2011-08-16,0.168844345775319,347.72491380645,0.376142892532232,-1.80326024449949,-1.53193403529091,33.7833309147844,50.0011412701626,0.916376730288893,0.612171027502711,0.10995147607004,0.0218497701089794,162.236120405645,82.9208247772164
2011-08-17,0.171689904408484,347.784128700815,0.399526204277829,-1.80678507094441,-1.54215794246689,33.7843728728301,49.2163499685434,0.911374946254307,0.617566338756628,0.17394973808716,0.0228695249871204,258.193705218344,137.177704709153
2011-08-18,0.176274266093969,348.136894412157,0.507265627384186,-1.80375842768171,-1.57031445931166,33.7867945157565,50.0371784925783,0.895915893181736,0.623341584656081,0.126080570629372,0.0679314838377972,193.585406001707,109.861470341449
2011-08-19,0.182239819590638,348.285352381264,0.662224676914331,-1.80673367243547,-1.58050788832419,33.7865741899622,50.2134527394324,0.903982755887685,0.628888251770202,0.0630271057981631,0.0689322930256687,136.101101481554,69.1122077725231
2011-08-20,0.188344129520219,348.111875952744,0.467509323503913,-1.80893594533326,-1.56630339651455,33.7868295636093,51.2978690040578,0.906090787296434,0.63868630085236,0.107444922380682,0.0329336316026898,159.68593935665,75.3840848903333
2011-08-21,0.192182221427196,348.135626071837,0.354513923296841,-1.8197703884359,-1.5580304500706,33.7833348427385,46.7027944083478,0.915520790617476,0.648667623800466,0.121752790322429,0.0509465536939712,188.321042661942,83.8984818376792
2011-08-22,0.199390663697225,348.613580098966,0.736844452961189,-1.82930896639341,-1.55894971360401,33.7786891129014,41.8599884970146,0.91716368327498,0.656053227451649,0.129920713447648,0.0310506269375966,194.88484238523,72.5201732827438
2011-08-23,0.209083926659532,349.032427531917,0.792696618997469,-1.82348994140522,-1.56731985615976,33.7817038820501,43.00927199365,0.917160286256722,0.653258785474719,0.171391290113551,0.0362260061317449,251.74250804778,131.946987601032
2011-08-24,0.213871069615934,349.699022618736,0.844604510359648,-1.81899247574903,-1.57728099790823,33.781386737077,43.5347999400295,0.89678377355606,0.660138835268304,0.158767088357857,0.111573364108037,291.125178895976,165.910708824829
2011-08-25,0.213029283303313,349.564714757408,0.802077350093097,-1.80631950863621,-1.58228627872853,33.7807586711106,46.3409792389143,0.87040560007945,0.673999839084029,0.106972935505201,0.118828614743856,244.100375136988,123.866184170043
2011-08-26,0.215562173869552,349.472175039896,0.902178603338032,-1.80807895747274,-1.56857931099118,33.7782648423744,45.4009183479546,0.84954793742599,0.683240852817672,0.115714985434866,0.0826446178310152,225.277946106605,97.92805120255
2011-08-27,0.221928885706314,349.416373276129,1.07996909084117,-1.8130607635547,-1.55733276523559,33.7786519646484,44.0582686165566,0.816486681908917,0.687737288524104,0.14654485790333,0.0579901102643747,252.082666658516,117.193867432089
2011-08-28,0.231121512629637,349.419067754978,1.20357605778589,-1.81817897772178,-1.55745879326433,33.7792244420843,43.1317991328786,0.798662029057188,0.687476787811671,0.107306538690158,0.0539588664536454,201.554621076526,59.6367118175525
2011-08-29,0.242413400331648,349.043357663038,1.33357195701541,-1.8175117712111,-1.55492135065931,33.7851551328754,45.1410375033956,0.784961958075201,0.686739567119261,0.11890027743944,0.0324525838861099,208.584989518839,69.3773304250621
2011-08-30,0.252955731640502,348.677506981826,1.23331114359018,-1.81984749014078,-1.54818792124348,33.7919280738161,47.2001103865795,0.773289760303848,0.685435013913433,0.149978910827967,0.0701612707594467,273.743000020648,126.531242958425
2011-08-31,0.263145633768745,348.527791837367,1.18665199345205,-1.8249785514013,-1.54708661997688,33.7949037281608,47.7279034574666,0.74959343524245,0.687513856471148,0.157636132468337,0.0736430989837276,284.097326291849,143.267314703983
2011-09-01,0.276099936082596,348.625714930092,0.952888803692853,-1.826710323734,-1.55204330282173,33.7960548349399,47.6760096762344,0.743410605951068,0.678979175916889,0.168799069728929,0.0177130909402843,269.35989620873,117.146919164555
2011-09-02,0.29232427405148,349.048089004144,1.29830651257823,-1.82309949928932,-1.56878276859057,33.7944136039126,43.9884591070425,0.745429574296082,0.64969108515644,0.176478531895339,0.041831362610444,276.242609910182,135.332871572198
2011-09-03,0.323472619783588,350.04810537943,1.879865978004,-1.82640983009467,-1.57329258745016,33.7893148980803,38.9634070441469,0.77928742414013,0.641047344605468,0.134592804600272,0.000340192851468458,193.618313625629,60.8905404245416
2011-09-04,0.366479175301587,350.950453223252,2.44216566914465,-1.83072146680834,-1.57608620583126,33.7825419674357,31.3387216266833,0.799030524882771,0.643372230642154,0.0980290765151402,-0.00043903821614268,141.849783969845,33.0909997486441
2011-09-05,0.415190542979938,351.462540045017,3.5589581858821,-1.84586359051719,-1.57736460609153,33.7683599834983,18.1669569568917,0.788824546468845,0.639684020447345,0.0822451177195177,0.0408091366029622,133.460260142552,32.2348688241677
2011-09-06,0.448717588513363,351.662374729063,2.75890823035705,-1.83267168509654,-1.57837076949687,33.779749696554,29.616134946002,0.792790666222572,0.644638644217158,0.050923489667626,0.0651489864788477,129.867639579625,35.4329478250576
2011-09-07,0.467786912692756,351.873569395484,2.74703086004025,-1.83117121578711,-1.5835424413887,33.7824267079795,34.4051936055645,0.794849997057671,0.648816922898235,0.0921362448589281,0.0664216204974976,163.123962785899,52.2187199903498
2011-09-08,0.458830737304397,350.725534578649,2.45669455571872,-1.82497361073127,-1.58687682592595,33.7894404845038,41.8083006682505,0.787081881879996,0.647865533748297,0.0662404038112575,0.054477804650863,132.647151393094,38.7055975812849
2011-09-09,0.463320953635181,350.136227491425,2.36251972070554,-1.82632976730182,-1.58316065087492,33.7916913309239,42.3525681412011,0.777632779525983,0.644037335266468,0.0999425584035605,0.0314954311691235,146.503433687697,50.9483259140033
2011-09-10,0.469366896261529,349.811170996689,2.23088125593779,-1.82682201672501,-1.57460311244213,33.7957378083717,43.4991745401812,0.766524002685271,0.642580395084322,0.118127636078559,0.0480775666120242,172.920943329623,79.0433756477414
2011-09-11,0.479350339893888,349.731312821551,2.26114645636663,-1.83324993107161,-1.56836885221896,33.7940945799051,40.5894136853546,0.757089003787329,0.636261499784736,0.12918349150342,-0.0111934150620672,177.005258027047,75.2819007492834
2011-09-12,0.490086776272553,349.915868619593,1.54198371128338,-1.82308664946099,-1.55483939113565,33.7977909134467,41.1688947252899,0.74665381578985,0.612406816162601,0.147773835194698,-0.0703161285433531,232.705645513129,95.0558580570383
2011-09-13,0.518771833581169,350.478786189382,3.08340130673676,-1.82399503727834,-1.55285013075943,33.796827159269,37.740813384011,0.736965887767908,0.582715106059705,0.110976173342601,0.0190911603872834,161.974462698471,60.915395960818
2011-09-14,0.567809446555812,351.24543427258,2.8582766481289,-1.82491331480132,-1.54680161694927,33.7936270401063,32.4081051784006,0.728006737996722,0.583365838557442,0.10599519021799,-0.0630987686445678,194.754692441482,88.9496791542832
2011-09-15,0.616884223026473,352.188163571241,2.97092864789614,-1.82348994027909,-1.54345899394006,33.7787819011652,27.3185977073494,0.714488861392354,0.545577045815385,0.122093807000984,-0.0348800616276007,206.385502542449,79.2063033715665
2011-09-16,0.661336776686878,353.168618551115,2.484481078459,-1.81651640163581,-1.54643753424347,33.76669619891,18.2728039874078,0.672128001151518,0.506872230983415,0.111934149967112,-0.0659776403645353,222.900624523503,114.793924149418
2011-09-17,0.695466987970399,353.58976112924,3.74673750633147,-1.80189914484577,-1.54612658380979,33.7805877819396,29.2285787270941,0.623424782027344,0.462912091604464,0.107480341988376,0.0230639208002612,196.347991889693,59.4737748567899
2011-09-18,0.731802437545323,353.994970926424,4.65790009353219,-1.80366353499584,-1.54298083051818,33.7760595303637,29.06610162892,0.647284405623335,0.494859071903423,0.103870014530605,0.0556408850810467,221.666026854811,65.05799349838
2011-09-19,0.768622420909928,354.480238007336,4.33260503629359,-1.79961878101514,-1.54456276610474,33.774061993227,30.4149292393735,0.703143677204802,0.527651025929995,0.0815935619678172,0.0735220136560811,248.501166920082,56.6457671737923
2011-09-20,0.780129511908787,354.095456379216,3.77820640584318,-1.7931928445614,-1.54312621453191,33.7754642368167,33.8298311671104,0.745671539724517,0.566471515638143,0.0549086056368151,0.0347062584148486,239.753739042529,49.6006035025747
2011-09-21,0.764491310570298,353.094339882455,3.34569206179642,-1.78006123488973,-1.55485216133025,33.7797680081304,35.2138723870199,0.755224480455824,0.58266568395049,0.113635114144016,0.0886173497096167,336.867331800871,64.602300508476
2011-09-22,0.735069648158259,352.173250524009,3.302032229377,-1.77975876852568,-1.55746167600557,33.7837835458609,39.8077113760306,0.75179176705961,0.588529480452801,0.137281398456066,0.12707808491109,409.077438381107,96.0417968576923
2011-09-23,0.730604507574221,352.302930506264,3.28808967223982,-1.7905368693927,-1.5656567818401,33.7818375560436,39.3357247637029,0.726397617929961,0.591413499654224,0.16161960140675,0.0956955021561479,408.596120914772,75.6271173399741
2011-09-24,0.749224893567039,352.973512975181,2.87471166035024,-1.78175841157253,-1.56614647767483,33.7806453267251,37.7669662920891,0.648450986830663,0.536012726691369,0.205574491964942,-0.00543320093017358,445.846931699946,119.2982998365
2011-09-25,0.789486668822242,353.861773235042,4.55832469972168,-1.77545899458421,-1.571227131424,33.7838640714947,36.9714667826046,0.567029478533669,0.47202887972025,0.16807008572878,0.0846750665601851,393.464704581581,99.4994734404656
2011-09-26,0.800046715431097,353.58271268519,3.46893127298937,-1.77622900076723,-1.58000089346799,33.7937135426139,43.5967842982366,0.577258017505475,0.505480831923836,0.196383519326909,0.107509171738517,455.68291524068,116.122303756835
2011-09-27,0.714038131077115,350.544115020008,2.82581004863832,-1.75389488698983,-1.59156209592394,33.8113429729755,50.6318982287779,0.61253047563568,0.514315136631652,0.146589338065561,0.170385538284917,441.715220435904,150.710176698231
2011-09-28,0.671684839740032,349.144694630693,1.96327573424432,-1.73958899456802,-1.58620838195528,33.826021588283,54.9541183258036,0.667610928041712,0.549065463918584,0.139382686586636,0.13564550779589,366.462394060379,125.241519360378
2011-09-29,0.66581932909605,348.971278492997,2.30719189818312,-1.75308929699474,-1.57637244535361,33.8256695035659,53.5010913727898,0.639845725076019,0.559096209292631,0.106678870746642,0.131730407199919,307.052724517617,104.169552534166
2011-09-30,0.689042944006804,349.356095104683,2.97206199169159,-1.76183711396538,-1.58041727880717,33.829503938415,54.6991797265736,0.607282660633838,0.573606917229902,0.0671827299633489,0.103277766310413,232.378395947443,73.5861904468594
2011-10-01,0.723888608013711,349.667712327911,3.23040061689368,-1.77551830104488,-1.58761075279812,33.8336966356285,54.6303997799131,0.56620834043624,0.575884479441141,0.0882219679291673,0.106271957186794,243.170634078939,86.9336024710361
2011-10-02,0.765615171775585,350.080480063834,4.14524477011547,-1.78843047358246,-1.58475411951783,33.8364828009354,52.6359882985371,0.519162112255625,0.568972510706719,0.0841363595494455,0.0955991278403764,218.012251941691,82.8766431240961
2011-10-03,0.807491511833377,350.543959454792,4.60407656690151,-1.79751139855095,-1.57771179824062,33.8412870440567,51.3100187144621,0.477108657281524,0.56149526931818,0.0763003919298752,0.105782672596967,215.844688670576,73.2078454121013
2011-10-04,0.848676546317775,351.102458302568,5.15275384267656,-1.80413799392067,-1.56946850402152,33.8455847149436,51.1166524771254,0.430749300519173,0.545771648325579,0.0555239181397495,0.0977926715987253,190.359139378064,63.1330565795295
2011-10-05,0.89381686652579,351.767979319503,5.66038087700925,-1.80807994493106,-1.5706184058376,33.8495509035674,50.6246907534065,0.384233903425134,0.520543425269777,0.041615550440212,0.0821355642265717,164.113373126778,52.9588626261344
2011-10-06,0.94794073846282,352.740505311547,6.91401255675932,-1.80964071161834,-1.56293729780174,33.8507370633474,45.4824657787678,0.37023261095323,0.49588665142957,0.108454792540365,0.092142010844148,220.662673065247,90.9823039792028
2011-10-07,1.00806011077834,353.782616592035,6.10992926141111,-1.81053724012233,-1.55472283710835,33.8492255526194,43.399093533978,0.379834666035004,0.480773605999515,0.138603455498915,0.0666637919621992,231.795686200315,83.3903242071406
2011-10-08,1.04812328190338,354.569537651248,4.96012012987602,-1.80855835738935,-1.56484913085958,33.8427615300847,36.4749747287889,0.413491000946707,0.457956799380129,0.167317212995408,0.0408083129166431,251.45988830883,86.2652763482778
2011-10-09,1.06563437966312,355.4328583508,3.65885051285348,-1.80320884389916,-1.58151817160901,33.8367834670341,35.4844616466527,0.469161823822131,0.451426722724563,0.153566174284529,0.0226117031907665,214.035276980154,79.4244711491284
2011-10-10,1.12371698021889,356.634197328149,8.49009101274537,-1.80381377891973,-1.60342518585092,33.8257025488314,28.4569670487995,0.53078259747327,0.45559678272314,0.13596098910258,0.047922708712488,191.075259966121,76.869895097712
2011-10-11,1.23301138092832,358.225073465487,11.091574683422,-1.80213242117693,-1.61939983779763,33.8226321448199,28.1643434851437,0.515112077383395,0.439671435261424,0.109783439129068,0.0820012990179171,174.37773164502,71.1862617949585
2011-10-12,1.31107220562493,359.341289613305,7.88731678375384,-1.79699344931022,-1.62905702883737,33.8214233491102,31.1610058914473,0.527677484054202,0.443677424043519,0.12000652172888,0.0658820897049186,169.713086210159,70.910083270162
2011-10-13,1.34944076145568,359.992315524962,7.64776786943761,-1.7868944152325,-1.63163524407607,33.817514859713,31.1673895916958,0.481020545286621,0.424880296434954,0.13199070040212,0.0455784259235811,170.233790539912,72.6306387257357
2011-10-14,1.43682041691571,361.003734309499,13.8154941768181,-1.78499362166272,-1.62596646526404,33.8086847776343,25.5871561310391,0.412671252419637,0.415147484348039,0.0615963187677014,0.0544242632553967,102.200780962638,39.8793270922706
2011-10-15,1.56488464809046,362.405703660918,16.6359071091908,-1.7894248565038,-1.62023343457545,33.8026367681712,22.7638850051221,0.369110611947656,0.448628266411111,0.0911082529315823,0.0406139171236118,113.899837003098,41.8263397518074
2011-10-16,1.67601093431798,363.553986340034,17.2089455680149,-1.77172461614596,-1.61396416478794,33.7902194034715,18.6253525416056,0.326337283867438,0.377919845808393,0.132155442266007,0.00373717894156774,152.858150801734,61.7383903841903
2011-10-17,1.71271057463274,363.772070163634,16.7803427795085,-1.73520718106696,-1.61683644489077,33.7890517303014,24.5198319096636,0.274779485676855,0.30697254827133,0.152803417526477,0.0584250298528536,197.383635627852,97.1216106855077
2011-10-18,1.74834122599625,364.066300554973,11.2129213809967,-1.70339083028065,-1.61400699695917,33.7840785748563,26.8612319068548,0.312465488816873,0.327033821997574,0.136691621098763,0.018054107689222,157.834346063338,64.8729557156125
2011-10-19,1.75775858105683,363.882414654988,14.2653408166839,-1.67504395582737,-1.60835304273124,33.7789078685436,27.9188774291642,0.302110595755826,0.282260095050349,0.147320794130144,-0.0112411903617112,169.195157601684,75.850807187872
2011-10-20,1.77430561548326,363.734680175781,14.5115646792621,-1.64836460199112,-1.61272118352203,33.7797871794295,32.4336401750202,0.193456118454443,0.170636254851738,0.158496087278753,0.0347515626052613,190.201669427841,89.250699865622
2011-10-21,1.85248346590414,364.477891503311,16.2106939670516,-1.62135114698758,-1.61582369312101,33.7776824601105,34.3920142911224,0.187042414556423,0.15835559853589,0.125598699095761,0.0459392116167526,142.240093643479,63.5141803648226
2011-10-22,1.95147769916348,365.494189378692,14.7202292477212,-1.60208124203881,-1.62076719875439,33.774113746468,33.8897561782446,0.15042057449492,0.158986607303795,0.11150499606221,0.0562347812118077,132.375906054357,56.8335645589914
2011-10-23,1.94081980426137,365.265083126905,10.0447351888912,-1.57499761040877,-1.62262384000256,33.7759114830439,36.1971779577484,0.241405874119819,0.207590798639316,0.15315596567776,0.0638013945769282,194.936168373595,87.6765233516837
2011-10-24,1.95892863520762,365.239795591773,14.5288156358207,-1.55179958851875,-1.62883709879861,33.7801082729489,39.1876624824225,0.104101117309752,0.103731503552725,0.133213087685115,0.0858579162664098,182.361128805368,86.9391363403798
2011-10-25,1.99943886515571,365.532275316192,9.85120341545198,-1.53940240252517,-1.62542322708367,33.7820830351589,40.8177875706702,0.0985233863428339,0.128823049447711,0.121958718488091,0.0328051325200219,136.788691741534,52.2546268478379
2011-10-26,1.97126915614779,365.012768629121,12.6660649660157,-1.5142185781327,-1.61683397447532,33.7839034025164,42.4131107304582,0.101125562801005,0.111139364041948,0.153393194622356,0.0644315338156886,195.763713452513,87.2042609818945
2011-10-27,2.01340201206324,365.12157272711,12.9180433808303,-1.45686750405552,-1.59802946355822,33.7813518333692,42.225098573888,0.203645861510164,0.176065724720306,0.150507733849218,0.0384195497442997,181.799453503546,75.5829047734543
2011-10-28,2.09971934702338,365.834559370832,15.3232541811175,-1.38635219921146,-1.58032831875419,33.7739261107245,39.0507204477925,0.203260025427784,0.172105488861886,0.124751100027569,0.0198819234655534,145.984910268627,63.6798893001189
2011-10-29,2.19867621035111,366.853166905845,17.9510384536371,-1.33270288422684,-1.57650341839604,33.7637924163448,34.3613309486997,0.171159959917228,0.172342155293639,0.113868224491113,0.0249090345221975,137.802238951367,61.0728068732932
2011-10-30,2.16864522201259,366.72881075231,12.8607438977172,-1.33332956352054,-1.58553705942615,33.7720377171731,38.2506906970149,0.0721166677960557,0.100652799010277,0.130699120753529,0.104775273486188,206.573404601522,105.177575705637
2011-10-31,2.18019098843016,366.611162883479,14.4932667394964,-1.31388964231519,-1.58755597267074,33.7726781384343,39.354258210392,0.0334349836533268,0.060747483988794,0.13543957985646,0.0595485724247338,176.890508255724,88.4636213681177
2011-11-01,2.21864980895345,366.757801707198,18.4991385529681,-1.27897152654555,-1.5894529816271,33.7758740928331,42.0632392970817,0.00892225746641692,0.0227667576012512,0.120913428409018,0.0925826964379563,185.230707382445,101.951891173803
2011-11-02,2.25579347843077,367.094680413967,16.0916721646379,-1.22915939015416,-1.56941208424356,33.7734565117099,39.3583766767371,0.0222861415913535,0.0426750493235886,0.0880687577290493,0.00515808113291357,111.88226548133,38.1615333629498
2011-11-03,2.25514030674609,367.29497248952,16.6156282483078,-1.19180868600222,-1.55751521786858,33.7772558523737,38.9699967457698,0.0487882885208819,0.0591614016254122,0.135435461771754,0.0397852633937731,174.925668097275,83.1279640899293
2011-11-04,2.24893264872272,367.256506570956,14.9547808809978,-1.15434134915451,-1.55033945699452,33.7816482626314,40.1264876354079,0.0670822262453536,0.0584429454058409,0.147447645402791,0.0568558595994143,197.164807529306,94.2632296772515
2011-11-05,2.20915049605253,366.944912421994,13.0628042075692,-1.10370187576001,-1.54668382433584,33.7879084485423,41.5309157789799,0.0878297239800708,0.0548485424369574,0.140572126215769,0.0337392213514298,176.151749792879,86.2984326042912
2011-11-06,2.15326903433335,366.635372999238,13.9538909516683,-1.06286291772055,-1.5543945863662,33.7909768190783,41.486435397273,0.0983649682796871,0.0701925728159646,0.120958732639649,0.00880465181431307,142.798622703062,68.2422497429076
2011-11-07,2.13871805987707,366.897238010313,19.022927836674,-1.03523464941303,-1.56559706506459,33.7972534735676,44.2425740920259,0.00246765000232752,0.00550844350262829,0.127052549845897,0.0702732954370348,170.057400673705,94.901188171986
2011-11-08,2.1515640718181,367.680471280726,17.4012614633979,-0.972119899976913,-1.57095942596997,33.7990410221733,43.5770150839719,0.113490710655848,0.0803654094537099,0.132936320831941,0.0332235779296531,155.365386830666,74.0694921365843
2011-11-09,2.11284984321129,368.03605354123,12.1850604138723,-0.927788736929617,-1.57804622469965,33.7989010418314,42.2308646393852,0.0655385007460912,0.0490839382012685,0.142048216994233,0.0242854848594559,164.091632736269,79.0461353850187
2011-11-10,2.01381449946543,367.63116380645,9.45824997599532,-0.910980081509965,-1.58881089964055,33.7978693901608,41.8144785357229,0.0050164801068604,0.00572222052142024,0.160061962756752,0.039034038495559,197.286226044406,116.282487520342
2011-11-11,1.94017746971875,367.275237292778,11.1600937610719,-0.902523860516336,-1.59448421178398,33.7988249332155,43.0302766074053,NA,NA,0.16148286515422,0.0632165594380877,215.304019294899,146.827188912386
2011-11-12,1.84543009247722,366.172719815882,10.0187597449233,-0.880839161504457,-1.59098714630292,33.80106749644,45.1974615619572,NA,NA,0.206791113765455,0.0564003472396156,297.271451936513,183.57193799773
2011-11-13,1.77454100113089,365.129344288896,11.1180742775522,-0.855798663800223,-1.5893874980821,33.8038207091461,47.8193353403274,NA,NA,0.170421781402971,0.0396015757943696,224.803236504822,145.921321496924
2011-11-14,1.75318008443204,365.028146139005,15.0704192940782,-0.821114810251514,-1.58440157340767,33.8072803152396,49.9523361736303,NA,NA,0.159247311820023,0.0946337382149519,243.809716360806,178.42962697568
2011-11-15,1.73720398290855,365.664576460676,20.8495965701778,-0.724469733061256,-1.57272752254759,33.8048729735669,42.6250105856562,NA,NA,0.111366612452124,0.0281890534749317,141.665848542238,76.5881867489456
2011-11-16,1.71624811175393,366.93670393781,22.7407577968225,-0.588220279980526,-1.56849034659454,33.8000831346602,26.2078227700814,NA,NA,0.0913133573355141,0.0487554810549084,126.406176562396,67.8280011880951
2011-11-17,1.67560906998995,368.150573358303,23.3712111449823,-0.398255285021425,-1.56260781442588,33.7993438247084,18.4095400747178,NA,NA,0.0936634059336826,0.0313249229178255,116.140811241826,59.3246465947151
2011-11-18,1.54947987489584,366.142637671494,9.81315290637133,-0.535440803519306,-1.55294073818505,33.794780448059,29.4017640820399,NA,NA,0.0771471676385274,-0.0554020088140862,112.615534135635,57.6206565410757
2011-11-19,1.44264819672922,364.42854309082,11.5090101230435,-0.537306016705699,-1.55828950714003,33.7858884865456,28.8006606172775,NA,NA,0.0942021132460651,0.0259848016084206,111.563685941399,67.5076316383954
2011-11-20,1.41986638671014,364.802092389363,14.7335245144076,-0.525357586863311,-1.56201803555534,33.7932195058558,36.4698264885206,NA,NA,0.0672634537664824,0.0465487581545766,95.120641293875,49.4790875474459
2011-11-21,1.37477066531414,364.788804589248,12.9282394211467,-0.547694665368511,-1.56406413704438,33.7950481152245,41.6042260840515,NA,NA,0.0317260704924542,0.0112049469570962,64.7769259174898,33.9802838276804
2011-11-22,1.3426323565768,364.859869980231,13.9233732572416,-0.539258211177451,-1.56043198330682,33.798402670424,44.6373378094713,NA,NA,0.0870078173937344,0.0690031324522054,122.802479543807,73.9369457613427
2011-11-23,1.33109216537417,365.553371150319,14.2293483629459,-0.48678910999726,-1.55883233347724,33.7984850339079,43.1437429384342,NA,NA,0.141337354067969,0.0699388685657589,186.628649424837,115.688720657316
2011-11-24,1.30736966794584,366.530603920541,18.1005302347788,-0.261035170501623,-1.55172987907683,33.7969014145906,28.1042125202544,NA,NA,0.105323865512001,0.0269485439215353,128.190913055534,60.1144953474691
2011-11-25,1.2630913817301,366.792607377215,14.4341204573468,-0.288296725093192,-1.53917610564856,33.7942346683559,34.1416059499167,NA,NA,0.065122627682089,0.00136488989277085,91.5443528443473,32.9998708730454
2011-11-26,1.21705945490337,366.628026450553,14.4502644945936,-0.244614977062794,-1.53063421854284,33.7915473248151,34.2754590990733,NA,NA,0.0840894078305456,0.00135582903156235,104.515974796966,37.8605151799699
2011-11-27,1.18216192940386,366.741947825362,14.6691677919248,-0.1557302506447,-1.52642216824005,33.786815185135,29.8323592418923,NA,NA,0.118019730043717,0.000752872270852448,138.292211783806,74.7350741304663
2011-11-28,1.1644064911255,367.303911534751,17.2848908552309,0.0372831359023025,-1.52278877881214,33.7825134112607,19.0812767816459,NA,NA,0.109674709201784,0.0467225612014251,142.49848935778,81.330085120011
2011-11-29,1.15407392637032,367.509195095155,17.0592719868916,0.136654368286271,-1.52915483302916,33.7776720559227,12.2284089807878,NA,NA,0.113710895623112,0.046360951857126,148.196005493288,85.7902580843163
2011-11-30,1.14290729237766,365.714349514101,12.4273302322481,-0.0467413632593818,-1.54996590398745,33.7803284854863,31.8708392862688,NA,NA,0.151052206860259,0.11989861594038,255.169491678098,128.006014216694
2011-12-01,1.15370776195352,364.071257428425,10.454535484314,-0.174360626752962,-1.55864452591792,33.7886664819138,45.7339037343075,NA,NA,0.112084889163574,0.109757904204642,198.754998356228,117.174505142859
2011-12-02,1.17912283612461,363.457523252906,10.0277101702806,-0.149407111983068,-1.55787188546699,33.7893852202998,45.363233546979,NA,NA,0.133102710435466,0.0788604873917524,187.637595486983,97.4474966757321
2011-12-03,1.2073989703161,363.465643161681,12.9710812859419,-0.0711690206658824,-1.55235713567489,33.7904828440966,40.3227368726743,NA,NA,0.115328664857487,0.0662552309140824,150.354025493633,76.6213331612157
2011-12-04,1.2158229878036,363.302064849109,12.0316078401193,0.000344619376134937,-1.53486851062852,33.7907197053938,37.6172566484665,NA,NA,0.146075342091834,0.00606581122286407,163.770126611168,97.9308129288029
2011-12-05,1.20528429673939,362.814933962938,8.99613063800626,0.0187130554223511,-1.53095958396973,33.7879808557178,34.4935366608675,NA,NA,0.154451663793139,0.0249576333975583,177.388733776992,106.74624110546
2011-12-06,1.20927691605033,362.4026195247,11.4759894347772,0.0543082634567732,-1.5330188623485,33.7856003713672,31.1237329400664,NA,NA,0.156766293226024,0.03625565978941,183.912452911955,108.381192587533
2011-12-07,1.20157552383295,361.578438363424,9.12284965340684,0.0485653472352929,-1.54066578836737,33.7899641327852,39.2066078610748,NA,NA,0.192790490257153,0.0667338073454727,262.771136822245,147.30221836855
2011-12-08,1.22593394576049,360.842305997523,12.6808303449212,0.0260938393723788,-1.55604036262965,33.7990702681857,47.2322349895833,NA,NA,0.161113842261023,0.0795935905122483,218.132415567807,129.85636274912
2011-12-09,1.24760755242371,360.642179163491,12.9731690069524,0.0973574006464961,-1.56755996667422,33.802853119679,46.81275978423,NA,NA,0.166860877210714,0.061192700420676,213.724550458909,127.061505355208
2011-12-10,1.25004530243757,360.393430384194,13.8549154008307,0.237974830615295,-1.56268153660371,33.8030445701198,31.787644450642,NA,NA,0.134531849851975,0.0215211091072936,152.958546338171,89.6014529888611
2011-12-11,1.26092527843103,360.009326469607,14.2997286494185,0.322707062760587,-1.57028439122173,33.7999474529313,20.7324065402774,NA,NA,0.161842003022289,0.0698177831224826,217.411812154874,132.090612873452
2011-12-12,1.24810603951536,359.487747564548,11.0824161971488,0.241365227089157,-1.5791392921597,33.8082605997721,44.6774936848485,NA,NA,0.171619457910378,0.0696118552383543,231.786533223474,131.811662744948
2011-12-13,1.24125811784733,358.433658506812,12.757909024634,0.236680945162831,-1.58818734995267,33.8138123176359,49.7746202788051,NA,NA,0.191462667354768,0.0911980373194182,285.453108599658,150.525111103518
2011-12-14,1.26784819873368,357.634931610852,12.67416968869,0.277038522698136,-1.59835771607001,33.8190592355252,51.74143734699,NA,NA,0.169188685780554,0.0931354069707767,255.043857318804,142.703916109499
2011-12-15,1.276052618899,357.132386370403,9.95426050918858,0.336521692463422,-1.59123302294336,33.8231735744296,50.9786805797685,NA,NA,0.16412450768325,0.0496796853991173,224.781366609209,120.242779234179
2011-12-16,1.26000219728889,356.396162451767,10.2003595799935,0.382950353407265,-1.58377431584434,33.827069703384,49.6739215953791,NA,NA,0.190690849554523,0.0356864751179611,266.760137874265,136.937443526106
2011-12-17,1.24285010084873,355.638636147104,13.4086280305211,0.36271967089329,-1.58317424218182,33.8356835163235,54.1705627248355,NA,NA,0.150319927365754,0.124944672380623,275.527950266247,163.121364466586
2011-12-18,1.2353763027889,355.242206852611,10.8979114235901,0.398517511704592,-1.57450344334086,33.8381093188658,52.2025099418424,NA,NA,0.122281613137558,-0.000713334015385825,168.051631784214,76.8229329410612
2011-12-19,1.22927466543709,355.221256907393,16.0911156491535,0.496585961215087,-1.57557962265735,33.8403231869181,41.5506849057279,NA,NA,0.131059082348136,0.0046103129191035,180.517120494274,87.6130087382954
2011-12-20,1.20947222338944,355.815430431831,20.5134198200412,0.889228454002967,-1.58996821366824,33.8414497066606,19.8901615026991,NA,NA,0.104570169137557,0.0147139576342907,150.435787323342,62.3459701598343
2011-12-21,1.18390337977468,356.352096557617,19.2008131480798,1.08536634552978,-1.60079960704011,33.8422076164791,10.5640995228982,NA,NA,0.105280208845048,0.0219255514724454,152.828081142739,70.8741808288739
2011-12-22,1.20694400987974,356.830168933403,21.8789547129375,1.02441037795161,-1.60551082380066,33.8529243572199,11.5655270034646,NA,NA,0.0998379471692962,0.0768053272635991,170.639257835295,67.1348070895356
2011-12-23,1.24428779141205,357.181530836152,24.324015977906,1.01000959461356,-1.60587284745153,33.8636760119645,17.1607934575975,NA,NA,0.0639430728267159,0.0544374426286391,121.863507602228,32.3619082318024
2011-12-24,1.26922571113924,357.349364117878,17.9707596418334,1.07258959112541,-1.60364676487108,33.8636987405589,12.9017930552062,NA,NA,0.106566845792548,0.0449622899203407,148.868812802789,59.4019656254369
2011-12-25,1.32289125316027,356.941167319693,21.2137811823589,0.99108169484235,-1.60536379144903,33.8717218622988,20.8901472529258,NA,NA,0.0978107932708685,0.0980941499765666,173.567816653968,71.2580607780308
2011-12-26,1.35492814495796,356.153350085747,16.4466529590328,0.936186926849136,-1.6080836882958,33.8812026102372,32.4667945493732,NA,NA,0.117276742003667,0.0537414064935023,156.030906152781,75.8508115366489
2011-12-27,1.36449280417547,355.372538496808,18.7536234681199,0.915560863479751,-1.62205754327066,33.889491113413,37.9172934906685,NA,NA,0.106750533733814,0.0845819871405117,158.492468730476,73.0780383787099
2011-12-28,1.3764302025481,354.51998491985,16.5942437125415,0.973009792899313,-1.62290678960592,33.89327600353,33.7359280451107,NA,NA,0.123044370111787,0.0133111771351976,144.179138231652,74.5748940077965
2011-12-29,1.39309758783841,354.604942880026,21.3087815889498,1.14807088510228,-1.63226621031922,33.8981152172835,21.5843301096104,NA,NA,0.0832179209793064,0.0388454085168166,108.466237361973,45.3033574530198
2011-12-30,1.41224980899474,354.408757279559,19.2515768016257,1.13616495866042,-1.62726710634193,33.9047295368313,19.5779748484191,NA,NA,0.135604322182867,0.0164890559779809,157.603354883825,84.8181297690569
2011-12-31,1.3961699248814,353.429508860518,17.4195635522284,1.04546938557052,-1.62923412783104,33.9160616639172,38.2261852825541,NA,NA,0.145672547305443,0.081217949503628,206.676604607434,109.143414739687
2012-01-01,1.4312542840475,353.089860125286,19.4046168966991,1.0903540833598,-1.62319755924215,33.9219758809819,35.6630010386067,NA,NA,0.115584839019779,0.0385496961543595,144.487531362631,89.537932475969
2012-01-02,1.464647358874,353.662349793969,22.2434324404088,1.2394346520003,-1.61609510323297,33.9255508134561,24.114154053764,NA,NA,0.102198704142078,0.023674290954021,130.375778227053,69.5071211758232
2012-01-03,1.47448907356437,354.72917845191,26.3977723005341,1.58241129951117,-1.6126330482815,33.9303304129123,14.3058091883074,NA,NA,0.0731216897124704,0.0256997974245091,105.146077255966,44.3947495158067
2012-01-04,1.48556439941976,356.143450481136,26.4665050273988,1.62027896399762,-1.61534923644844,33.9386932949627,10.6411165695602,NA,NA,0.0922169686067603,0.044211888633035,126.165850062746,46.2865319990619
2012-01-05,1.51111722464969,357.035817960414,29.6910899732171,1.59106620217142,-1.62109091487812,33.9456352923724,11.3077052112533,NA,NA,0.0655460154861413,0.0502776999765562,106.759365257788,38.0676346703502
2012-01-06,1.55392434684242,356.193398452387,26.1585727726541,1.49475027659,-1.62830703895584,33.9501554151939,18.0306327577866,NA,NA,0.103570183570649,0.0537743549014714,139.216117118158,56.5822517513293
2012-01-07,1.5414524601727,354.205790449933,25.7933605240612,1.38724407340512,-1.63628097922213,33.9559233970488,29.4001167287067,NA,NA,0.128647255094146,0.0837475676014114,188.636356335935,93.2055050747023
2012-01-08,1.54718548313874,353.39596148235,25.4279122410751,1.37154149526527,-1.63614630441756,33.9585179677698,33.9735687966289,NA,NA,0.105056983020343,0.0830844796580663,168.092228277411,83.2080599159222
2012-01-09,1.52334893585705,352.726959228516,15.266905522928,1.40475650620364,-1.62806075095487,33.9558388250559,30.4837091023784,NA,NA,0.0825144713656542,-0.021355543361019,115.66331678219,36.5624938625048
2012-01-10,1.43575110195613,351.268303847894,14.542294816273,1.41106877273876,-1.62602824334674,33.9556308391123,27.3997332589668,NA,NA,0.0974911931756376,-0.0411682748229478,139.162799053508,57.2478292615885
2012-01-11,1.41950649604565,350.215372225133,18.9099637706105,1.43406910178793,-1.63405242960463,33.9556679307369,26.4485524006379,NA,NA,0.101460658496449,0.0737707745811717,164.32755733651,54.1381197361343
2012-01-12,1.41908490003609,350.094480933213,22.1933536413239,1.38531164392608,-1.63698236887593,33.9565657127885,34.8749150534873,NA,NA,0.100832990779166,0.0998222962494402,189.95221837784,86.9584681544587
2012-01-13,1.43540251945577,350.187395793636,19.6207418470848,1.46339257349048,-1.6304766985408,33.9489463414901,29.3403976237082,NA,NA,0.110717528055996,0.0451805734662553,174.178713733817,46.7725958195772
2012-01-14,1.4500584602356,350.244481156512,23.7621823578346,1.48275143817047,-1.63045322074581,33.9441893882597,31.0176800922183,NA,NA,0.108487741194675,0.0759173664094707,191.373224591788,55.4250804954505
2012-01-15,1.47057222847531,350.370906178544,25.7710509939892,1.56719504274659,-1.62426591080371,33.9394180256667,28.284399448297,NA,NA,0.094251536044032,0.0728399804095749,176.775341502355,52.8483892272403
2012-01-16,1.4808729381823,350.638572506788,25.6304412178877,1.63840819129094,-1.62298174216519,33.9346878267975,26.4891202272835,NA,NA,0.083651193325859,0.0705788923470195,169.202228631694,49.2912943087553
2012-01-17,1.44815253593573,349.897225356684,16.0512632247878,1.69497542230063,-1.62254394355573,33.9268995946557,22.6815138429444,NA,NA,0.134390171642406,0.0232294867174667,208.423420571392,63.6163642361809
2012-01-18,1.38780203134548,348.582101961461,21.4386501893765,1.65175923564334,-1.62565222137209,33.9223917550564,30.6157088093108,NA,NA,0.144022653072912,0.060825325116294,236.054755015485,92.341079667107
2012-01-19,1.39744183675545,348.161781869284,22.4886663774165,1.72278853321848,-1.62958049806345,33.913833355614,29.08587076339,NA,NA,0.103636904203618,0.0724462461676675,199.72756627226,62.870682741758
2012-01-20,1.39751500945266,348.479106996118,22.9483753297387,1.80163254943776,-1.63125386765772,33.9068997598048,25.7654896490326,NA,NA,0.0946609205220714,0.0650600257723035,183.219953814022,49.1172974640729
2012-01-21,1.36925142022168,348.027492244069,18.9050512023088,1.83230525778051,-1.63469286277066,33.9000938662633,27.2333435413808,NA,NA,0.140960093904362,0.0870498267986514,255.170544590745,97.8396759624563
2012-01-22,1.34336169064045,347.278082126524,20.5726397095657,1.82436797139455,-1.63817551518902,33.8938172478103,30.3202023975923,NA,NA,0.108904539030573,0.0839098386225189,217.718910825368,70.0152886501051
2012-01-23,1.32764475083933,347.1776078387,22.0183578758705,1.86537694303613,-1.63081606663512,33.887009300201,29.3478109575959,NA,NA,0.0994788087331332,0.0842203776051721,205.486884112105,56.1514139605872
2012-01-24,1.30548989373009,347.129092332793,20.1899726739744,1.87164571523345,-1.63254709459349,33.8828598825555,30.6801643011219,NA,NA,0.0901321551678313,0.0929014727362657,200.593536341036,57.2561231041902
2012-01-25,1.26665109614047,346.815374234828,15.0588293366316,1.90991666715959,-1.6281892484338,33.8751437332627,28.4359623591105,NA,NA,0.11828578880381,0.0541746788601644,202.506189555474,46.9962956460643
2012-01-26,1.23846861756429,346.462914815763,19.8204142814729,1.93778414201801,-1.62279393991478,33.8693304383642,27.825592088635,NA,NA,0.118001608185561,0.0705097006852569,203.465386592493,58.3884165068126
2012-01-27,1.20985089278803,346.573258562786,20.9014722603123,2.01226215275676,-1.61064666791162,33.8628581583741,21.9556180681133,NA,NA,0.0851594088611654,0.0203176668006801,144.205455424273,30.3541332459242
2012-01-28,1.17204172364095,346.98825259325,21.6600975525088,2.2772171856099,-1.60522499773023,33.8556631142311,15.6159225430405,NA,NA,0.0916304860651171,0.0293842588178059,150.594142612115,32.1243997740506
2012-01-29,1.12849348747149,347.02634188024,18.9058325348831,2.35353174093764,-1.60268261188116,33.8478975386111,10.5729544198143,NA,NA,0.0794560308549327,0.00556334719946671,130.192225079528,38.5426515858537
2012-01-30,1.08076282390734,345.718985580816,15.6568363585123,2.22072211096966,-1.60211466198508,33.833464160461,12.5090886397883,NA,NA,0.0564580071119242,0.0185606901794069,119.405607295017,42.0528056533244
2012-01-31,1.03759883634928,345.077693660085,19.0501036178775,2.25712785193151,-1.60367683119137,33.8282665710861,13.6606373973543,NA,NA,0.0860160690167977,0.0491838109668209,151.264864288396,39.8323777459708
2012-02-01,0.995565974494306,345.403509744784,18.5695061567353,2.44427773215671,-1.60209242293709,33.8198462266188,10.7624082037634,NA,NA,0.099051302457266,0.0276923554417817,154.309139254364,40.2659687676804
2012-02-02,0.953086133410291,344.827077726039,13.5636355237263,2.37433573559389,-1.5937803518756,33.8122927399299,12.0854950272924,NA,NA,0.124600360851217,0.00517785017769507,176.856279431419,57.7366438184238
2012-02-03,0.916706169523844,343.305755243069,12.2273487056174,2.3138047994068,-1.59296940872383,33.8082421389025,18.1541895100623,NA,NA,0.165647550160505,0.0530124217291914,243.859759468742,128.594244816863
2012-02-04,0.899176173457285,341.981288630788,12.7248288596549,2.31735136891827,-1.59194718263088,33.8022475763854,20.9183593317565,NA,NA,0.156261358224107,0.0338800757892138,219.287819758957,113.457230877067
2012-02-05,0.882922780949895,341.294620048709,15.2093675485471,2.34545014551294,-1.59255919942328,33.7972229559895,20.8899413159019,NA,NA,0.142681651013462,0.0186883656260295,191.589462443867,103.962417637653
2012-02-06,0.871713361725575,341.108078747261,15.7434041325639,2.40402689797354,-1.59387219483071,33.7884504907688,19.2750549535198,NA,NA,0.115763584576678,0.0652363000792048,182.398080966663,107.665902925955
2012-02-07,0.870783350089701,341.294688899343,15.823258440669,2.44242338452101,-1.58670137591368,33.7832054055815,18.9494830065893,NA,NA,0.093680704030109,0.0493938575238593,147.241154501671,75.4282619924077
2012-02-08,0.869247521205646,341.618273851348,15.7362951127494,2.47796620724172,-1.57887776531832,33.7786585489909,19.0472987248347,NA,NA,0.0988247819677217,0.0443955764033695,156.873047700554,77.8309701364957
2012-02-09,0.852909997105598,340.785813866592,9.31340059710712,2.49277324972526,-1.56694671451321,33.7690767090008,19.4379439012885,NA,NA,0.179651468906768,0.0343924244506317,274.275792179248,162.806542001119
2012-02-10,0.854933986576592,339.876084118355,13.9285577157649,2.37684640453251,-1.56758385454273,33.7739901420398,26.0614080068714,NA,NA,0.138237727637555,0.0773819253079885,225.097592428989,107.875807066375
2012-02-11,0.872248271979937,339.444935868426,11.388275053443,2.39035460678672,-1.56336192354339,33.7699601074301,27.4948719374725,NA,NA,0.156255592072983,0.0324385808567126,228.943603801214,111.013113829756
2012-02-12,0.878119124508486,339.056616434237,12.2202906317827,2.52530622611001,-1.56683263057961,33.7535558538398,19.2715541888506,NA,NA,0.123764293713246,0.0367095246559132,180.334693602885,78.8942338673749
2012-02-13,0.885835803136593,339.185612748309,13.6961410510831,2.49765620830088,-1.57462535454677,33.752058706142,18.6216458180334,NA,NA,0.0822607683678951,0.0630098078827224,151.135014116699,66.8116762181203
2012-02-14,0.883411766552344,339.0305146008,13.87186613897,2.44807339100703,-1.56545126792069,33.7516365205711,25.3892594632189,NA,NA,0.129760089462344,0.0969928476894111,225.8108463264,117.171747900229
2012-02-15,0.89526901412301,338.816118938167,12.782467906068,2.37123396136017,-1.55366724994984,33.7496164041331,31.7322498069279,NA,NA,0.111399561020969,0.106084974832059,210.559391470419,96.016950153816
2012-02-16,0.926706181430235,339.107182572528,14.6407952134202,2.36262749869492,-1.5415043272631,33.7413236538247,29.6385811382299,NA,NA,0.0857327120496757,0.0701653891809878,150.794296957114,60.3934296990147
2012-02-17,0.958792932513284,339.807575504954,15.0857246852503,2.39884542952343,-1.53682194016723,33.7344415281144,26.2852516444588,NA,NA,0.0979870675375507,0.0568995161557648,152.532852212351,58.9794197557436
2012-02-18,0.978965766909646,340.329723823361,15.3609907743407,2.4299767805658,-1.53198057614196,33.722590422019,21.0192640255659,NA,NA,0.0910019942844606,0.0279501771627248,140.03396427766,50.6141570373991
2012-02-19,0.948104377563407,340.098421050281,14.5082738225053,2.3491934169481,-1.53796607682258,33.7295775368468,27.4930185711818,NA,NA,0.00455265304679491,0.036991234029192,98.0332594612044,41.3872247382087
2012-02-20,0.93708415656555,340.023092130335,14.2229003092138,2.27469069014998,-1.53745084252917,33.7308460240744,30.8543792832718,NA,NA,0.0614505218701404,0.0813851631252791,141.930933619167,51.5503874624163
2012-02-21,0.943287698597443,340.673847105445,14.7605538193772,2.29494806018114,-1.53901589640722,33.7265462579354,25.702887632908,NA,NA,0.0595889339442195,0.050565998810224,119.906841539327,41.5115073077506
2012-02-22,0.937029517641882,341.310477652201,13.1614474610585,2.2759658049958,-1.53641749827968,33.7230373181795,28.3299095022534,NA,NA,0.0580609494294876,0.021830000908349,109.392000699502,38.6199799209357
2012-02-23,0.917054113454935,341.536521353373,13.8278624836991,2.23925660496299,-1.5331469518453,33.7231650307433,30.5154220861623,NA,NA,0.0386732528576886,0.0261478964968329,95.8383542881651,29.9923471067907
2012-02-24,0.898674967085443,341.985237307665,14.1251124754185,2.25742932659412,-1.53242167110546,33.7209718732538,27.6219294865926,NA,NA,0.0562438420126876,0.0378569548851565,108.000289260337,34.2012141068583
2012-02-25,0.891593357775269,342.463471947647,13.8053573631659,2.23866847796961,-1.52868078675186,33.7174092960744,30.1651387542848,NA,NA,0.0923322882055834,0.0619068582882846,146.358201193766,58.3994584562411
2012-02-26,0.893253709121448,342.428427347323,12.7303347587585,2.22486373158762,-1.53377091176758,33.7125061539664,31.5495918829914,NA,NA,0.117798151450883,0.0950900743867543,197.34629191717,92.7663813635494
2012-02-27,0.901496058193649,342.210187958508,11.519956646896,2.21410045803961,-1.53957725359522,33.7061410098262,31.8399502075957,NA,NA,0.131493178330734,0.0619711077718037,191.715700025704,90.3609212695291
2012-02-28,0.879353350982433,341.680731424471,7.11382727797438,2.20501953419725,-1.54479052228966,33.6993660302619,31.5306465017651,NA,NA,0.149449264452203,0.0504342050275259,215.671756952468,104.790955369575
2012-02-29,0.865165886719052,341.023957043159,10.526912491496,2.18663725453993,-1.55440488389307,33.6960443607387,33.9315595253598,NA,NA,0.151020081947569,0.111488521993965,265.996386559183,143.916297112521
2012-03-01,0.853721036053285,340.452825034537,5.90303865293177,2.16221059076538,-1.54610187305934,33.6857005800152,34.4447318217372,NA,NA,0.126913342373534,0.05533281719757,189.953673032724,95.0558558995056
2012-03-02,0.837167538157323,340.019925001191,10.9452286173658,2.20173292636228,-1.53331004463227,33.6777126502733,29.8253576687956,NA,NA,0.123007302849922,0.00654438738780305,167.184922964015,80.6258418577725
2012-03-03,0.845575451124005,340.089265404678,13.423339646037,2.29917370693886,-1.52105651451991,33.6725417637793,22.9127708285765,NA,NA,0.111945682108483,0.0290959597126595,152.420197704676,68.766989058011
2012-03-04,0.833491504555795,339.60948292802,11.0925447679147,2.31976517861993,-1.51832714463696,33.6650089773572,21.5940087121508,NA,NA,0.0770129026108586,-0.0242879559988515,119.765717538613,48.642284492809
2012-03-05,0.805466971019419,338.699011825934,12.2205355051087,2.33476595132135,-1.52384436709678,33.6643747080032,22.1864632427612,NA,NA,0.13873689661906,0.0190219686249731,187.149655121067,88.0824880087728
2012-03-06,0.787840906439758,338.353630996332,10.8849481751279,2.39683294038863,-1.53046041863811,33.6530322127658,16.2139370798582,NA,NA,0.115202636823722,0.0150648589056191,152.504420688976,68.2035871935162
2012-03-07,0.762246322704525,337.946964915206,9.43661378360376,2.40931711344906,-1.53739524193299,33.6515042077192,19.995184704038,NA,NA,0.106066853059368,0.0063837637242518,136.52955147742,53.7293842507011
2012-03-08,0.748139197506556,337.756548253501,10.4924882156093,2.42614652093766,-1.54306772765521,33.6451245409596,21.1028707288055,NA,NA,0.123505648170245,0.0714816800626586,179.441644903112,88.5381819425971
2012-03-09,0.742876038318727,337.713649842797,10.0025303712705,2.41553250514222,-1.5458461099308,33.6412695191006,25.3085357624831,NA,NA,0.164143452976356,0.095165855574262,253.768286635607,153.568529827119
2012-03-10,0.736542752966648,337.625325644889,9.67601040805258,2.33054821436544,-1.55970917636084,33.6347314111295,31.8636317748612,NA,NA,0.0801075863954831,0.102193761863287,160.134013899927,80.3966129489673
2012-03-11,0.74581251566003,337.830823944836,10.1587857589489,2.3176103434582,-1.56305509009342,33.6284546845677,31.7394573517978,NA,NA,0.0738374950432102,0.0568533883946627,112.99095700989,41.9644304132307
2012-03-12,0.761144684582222,338.274619125738,10.3212903999701,2.32457004851497,-1.55717790979445,33.625724082051,30.7176432358591,NA,NA,0.0967770354236588,0.0746661486875834,139.444541078048,70.2666010532299
2012-03-13,0.78164111259507,338.666377742116,9.50816187625978,2.31710129549951,-1.55262648898419,33.625147419259,31.2439947990593,NA,NA,0.128217277754294,0.0736060318123554,170.223193252394,108.610414248377
2012-03-14,0.793625272992181,338.749338289586,7.77968231352364,2.31252771849253,-1.55016730108403,33.625402777462,32.0417593584048,NA,NA,0.140544943436075,0.0407061728519386,169.375562954428,107.287541473721
2012-03-15,0.776148123712074,338.372838090106,5.11421958702367,2.32693838590552,-1.54285274134313,33.627980920789,31.7277193262509,NA,NA,0.157267933653595,0.0197707224039011,184.893963475887,113.150697770578
2012-03-16,0.722319825029955,337.559521930974,3.80446751815517,2.30788396518079,-1.54115136528787,33.6299145604596,33.2861815206757,NA,NA,0.189974220396697,0.039445894218569,245.100299228785,162.127149757822
2012-03-17,0.713878890363182,337.157496010385,6.53924783555473,2.27645805538425,-1.55195804951805,33.6239076374996,33.3971766357319,NA,NA,0.148554713755605,0.0760219778850494,196.896138562813,151.947421024874
2012-03-18,0.739953431050952,337.340266530107,8.53233728466964,2.178484491652,-1.55677470005797,33.6183805169686,35.4908453571973,NA,NA,0.148873489882983,0.107728279212065,230.810543470063,173.745706786589
2012-03-19,0.767933290906069,337.663507973276,7.72549135801269,2.03768617469772,-1.55725533598669,33.6142826003102,37.9553901077765,NA,NA,0.124961146710292,0.123522946070603,226.222865621526,165.200927310758
2012-03-20,0.790772396616819,338.007474573647,6.99997807421335,1.95958942922986,-1.55059274697272,33.6056645453861,36.7369150092245,NA,NA,0.0947136381960269,0.0610444321524598,138.858397106621,101.134415382199
2012-03-21,0.813648861719341,338.432059311285,8.80683961147215,1.88853047942987,-1.54888066379969,33.602674497123,36.7208526099098,NA,NA,0.092218616155357,0.0611704602163893,129.781447704668,84.4674036149776
2012-03-22,0.833029592546021,338.900970458984,9.55800652213213,1.79022579283206,-1.54155333531209,33.6018899101638,36.860265792301,NA,NA,0.0647849059398519,0.080366231903293,119.026528922323,70.0097605117077
2012-03-23,0.854247185878637,339.422317504883,9.84007937152211,1.68454328231644,-1.53221903976641,33.6015397971458,37.2618251072089,NA,NA,0.0709050821188169,0.0680443322570057,122.820586604213,65.8064178406439
2012-03-24,0.870352042157476,339.877001878692,9.5410396994614,1.62157877809123,-1.53669879423623,33.6014944120296,37.0801966560353,NA,NA,0.0993115952321392,0.0280654967313836,129.506213808131,64.7790509886633
2012-03-25,0.878722386389244,340.191854337367,8.90524074798677,1.5875571874874,-1.53108108429774,33.6036896081428,36.863560590345,NA,NA,0.11125211663514,0.0437852061591168,143.256340478476,77.7922972376891
2012-03-26,0.867218041928803,340.175231933594,6.30872667417294,1.54017961447538,-1.53375237753839,33.6041035928868,37.0684588454191,NA,NA,0.150300981786087,0.0806224061560776,216.439934279062,154.308684396756
2012-03-27,0.841930428292693,339.936461285847,5.40793191514364,1.51753512624143,-1.54104098971234,33.6040665939269,37.4129761349656,NA,NA,0.169278470454951,0.064578978231682,240.974726855535,168.490149244921
2012-03-28,0.828412967120729,339.789731653725,6.63285422906643,1.49844017725403,-1.54424110726628,33.5995423835621,35.1514762229765,NA,NA,0.149683198716879,0.0213835494399232,195.145955083702,113.841107960751
2012-03-29,0.834413310376609,339.999078145841,8.22282359658218,1.4582437132856,-1.55123936019928,33.5969291151616,34.7974862460344,NA,NA,0.0654372854733918,0.0455199424755557,107.208709420601,53.1218044750571
2012-03-30,0.832073393754843,340.317426728039,7.27645297457532,1.39144104606549,-1.53762258595301,33.5976353592557,36.7309430195735,NA,NA,0.0761603613392866,0.0494605781417466,116.518381106041,53.7321505279999
2012-03-31,0.797176108127687,340.205446196765,4.64213640660774,1.34343975452598,-1.52408365295966,33.6003639128527,37.4490135555808,NA,NA,0.0852615493180057,-0.0172155694571021,109.026724756598,58.2116608013504
2012-04-01,0.760891075904776,340.048751086724,5.35909385215945,1.30124661811048,-1.52768286214023,33.5990788386418,33.937737368379,NA,NA,0.0668623062672644,0.00239288172962373,87.4207679408068,40.2659687676804
2012-04-02,0.720591258348488,339.859976047423,3.55593313531178,1.28601257193346,-1.52508281583567,33.6020731494816,35.2513513333402,NA,NA,0.0760483363298913,-0.0175911818157163,97.3344381983963,51.1692640142375
2012-04-03,0.634537221454992,338.999314843155,2.42363322798799,1.25449473435982,-1.52644811725488,33.6099704685803,37.3917656240836,NA,NA,0.058794052741024,-0.0568089079257609,116.718065815514,78.2176074631282
2012-04-04,0.596909367456669,338.543255317502,4.80842205082498,1.22060658533362,-1.54078358194606,33.6148633557936,39.2609729264912,NA,NA,0.0713564759816638,0.00588788955840665,95.5544151581486,48.374397046275
2012-04-05,0.574827728475012,338.320109669755,3.06473690416755,1.16471348029238,-1.54745893922412,33.6191178758135,42.224686804088,NA,NA,-0.0164585789255848,0.0037874252297859,74.6681047942559,53.2046545096495
2012-04-06,0.558726181344288,338.252677731398,4.1198587911885,1.04662291073164,-1.54080746643617,33.6261379586862,45.0664915234132,0.000132246874272823,0.000101728364825249,-0.0278076752919739,0.0482299532464802,87.592589265845,58.3580335737904
2012-04-07,0.570734754568193,338.687721438524,4.6038763668479,0.901312304170508,-1.53570127792847,33.6265250397758,46.7740452736817,0.00339817274619357,0.0111737123214155,0.00577339361573842,0.0585914196675284,81.0594716740527,50.5920687897648
2012-04-08,0.586382688909042,339.227408804545,4.75560438923719,0.744838097005801,-1.53359504942952,33.6222540923619,47.3603218518771,0.0156343982766231,0.0382870789885092,0.0187501438796601,0.0585642371040124,79.9543479140006,43.9142091477974
2012-04-09,0.597169125952372,339.657349377144,4.35669506468424,0.594239259890297,-1.53984207920378,33.6143649946823,46.975030792226,0.0827499853175444,0.173634423664771,0.0242517127802497,0.0382597497519855,71.1947386110964,40.685746404811
2012-04-10,0.592509375839699,339.872485649295,2.89608540767577,0.476795140095809,-1.53716130826155,33.6115911228937,47.0992053156761,0.156577690931595,0.32892441199084,0.0567652511482055,-0.0166537982138947,75.3890225545511,40.1361676337928
2012-04-11,0.562905629960502,339.98247248952,1.40631575846091,0.439788420251024,-1.54059041962128,33.6069125897489,45.1045880723096,0.147902061058575,0.322490475507397,0.12280384583371,0.000675443328625438,128.662798278582,87.4831962773607
2012-04-12,0.544135005372327,340.37270783215,2.97869944281694,0.447371836696398,-1.55368578417903,33.6075571860701,46.408523392259,0.0419541472712388,0.115442129281851,0.173789113981199,0.0587380401860525,221.055049033855,153.110084988417
2012-04-13,0.557736816202722,341.070363486685,3.92952579696004,0.416981827442543,-1.55818407094752,33.6041367720013,47.5812826311057,NA,NA,0.117459606434572,0.0639027109251492,148.285862935043,97.7015964932343
2012-04-14,0.56621926041638,341.508124002596,2.70669355188928,0.377089811209966,-1.55554860613124,33.5941844070167,44.3735441627451,NA,NA,0.0630246347190961,0.00054941547584598,80.6361053480972,42.9862752960092
2012-04-15,0.568293672145867,341.826445044541,3.47067882084265,0.353558682206913,-1.55281635704633,33.5920530517413,44.0424121426828,NA,NA,0.10194747206251,0.0401518149062609,118.62814740717,68.8111713179372
2012-04-16,0.58211946887214,342.16501710473,4.32659022110265,0.311184656543609,-1.54660927798906,33.5896231513596,44.547553196288,0.000350145398572619,0.000953703420236707,0.0670426992319937,0.034310053209504,84.2328385602135,35.4357054722252
2012-04-17,0.576367030783397,342.180172803925,3.15277754533582,0.23693695508557,-1.54557469595782,33.5907165949483,46.5104576090248,0.00706665680191652,0.0291227901767114,-0.000669677479144854,0.00866379699444803,61.2383976728811,43.1989171601291
2012-04-18,0.55346739437522,341.966145213057,2.59488648176193,0.146951091414199,-1.54574767635901,33.5945860004296,48.7499232877765,0.0125920715225372,0.0392952361846399,0.0123309606130709,-0.0378651918086767,77.9954294108472,55.1654819022233
2012-04-19,0.529867664706416,341.72052262469,2.44476047812439,0.0683363984450798,-1.55845713245402,33.6015834628168,50.9848585218875,0.0261937426766469,0.0564551017584539,-0.0358899318677211,0.0163234899602277,72.442887450148,51.3487705234428
2012-04-20,0.52699038022902,341.959526248095,2.78641836236163,-0.0572496144938083,-1.56522721639368,33.5988383943092,50.4755987213691,0.0718280509954467,0.138792291292405,0.00189453634394486,0.0640468604701814,75.342973834855,40.0201751311698
2012-04-21,0.540012541340619,342.405255945717,3.4711318597561,-0.166866171034242,-1.57565087474149,33.592180748861,49.4896159654687,0.135963614090901,0.283882404832529,0.0222467991464373,0.048991886363459,69.5053168359638,33.5715398469618
2012-04-22,0.556101894233285,342.910553350681,3.31304837290834,-0.273883092580376,-1.58725120326285,33.578921036199,46.5129284813658,0.256005219051357,0.503873824838519,0.0638994162452285,0.0852664913202909,118.916040683692,59.6477692405366
2012-04-23,0.566251836535407,343.396456834747,2.71812011119796,-0.350814447731946,-1.58827260341721,33.5599200136748,43.2434116175622,0.385684506366272,0.796160165249733,0.103393085703113,0.0644076461633529,135.953488863414,68.9823753544101
2012-04-24,0.572741453967443,343.930560228301,2.59646957676585,-0.377493802835102,-1.58578458408273,33.5469054352095,42.1357256262569,0.316963179432417,0.728395276086986,0.109495963619748,0.0808209207577583,153.386822136259,84.2050607580287
2012-04-25,0.583779968866488,344.557582203935,2.90049146297501,-0.413442877069739,-1.58500617670144,33.532531578692,40.6095942086697,0.272482020578499,0.630063192348699,0.0767822633176921,0.0922161446891816,133.490026362163,68.8305034017077
2012-04-26,0.594178333515074,345.103600850919,2.50075567786287,-0.431390230281231,-1.57744738737099,33.5146344039443,38.3859850720034,0.328556755116988,0.6665707994726,0.0829815158567689,0.0715879390365601,115.314707137334,60.8435910782419
2012-04-27,0.604620469779503,345.585141065644,2.85218670891552,-0.413622774676434,-1.57088364521984,33.5014426762919,36.6823436940408,0.355564110658657,0.619515959125681,0.0864378090409937,0.0735590805057009,117.241958285944,65.5274840284815
2012-04-28,0.614877960667378,346.013798039134,2.63696713854627,-0.394588122312759,-1.55602347529047,33.4909753580647,35.0633387958151,0.377836585723396,0.569388193297865,0.089202184898731,0.0624010851116557,109.316530726827,60.2304825573945
2012-04-29,0.622960695406286,346.386386406131,2.95759534835815,-0.369567392225529,-1.5397230515435,33.4867744136918,34.1554028167416,0.368086409312105,0.494238577858825,0.086207993534694,0.0349154811448012,93.0802338399197,46.628989796396
2012-04-30,0.611595797466069,346.490318484423,2.07928541084615,-0.296516707149434,-1.53138914973791,33.5034277603211,35.7270444131251,0.2121326180663,0.319321913259605,0.0902590064052869,-0.00131629083139694,88.6443188263317,45.9606483012165
2012-05-01,0.58215364486706,346.419929318312,1.71523668562494,-0.20104393555045,-1.53333187473287,33.5228014854606,36.3081729788529,0.129111097073182,0.281767224657039,0.0691505769285274,-0.0113235614017436,73.6324714189147,42.8758038186677
2012-05-02,0.572933879567356,346.441774321765,2.73237178529181,-0.160734792841993,-1.5347787222238,33.5248730411092,33.8819308042848,0.122213687132379,0.286288140840562,0.071495683212713,0.029285413483296,75.2189157676582,34.8226114135897
2012-05-03,0.583747502507233,346.645760512934,3.11807167093928,-0.185840528141632,-1.53718066424654,33.5249821743984,34.6716641659035,0.117408934399957,0.221810733383319,0.0612833084898037,0.0232871465696658,70.165660698189,36.9933190788762
2012-05-04,0.579751512262879,346.696202347918,2.16985766189854,-0.211836861695355,-1.53918475483754,33.5310508480921,36.4136079577138,0.145051296930372,0.217151909996755,0.0571350976623665,0.0177740458142661,69.2134340284015,36.2863212372121
2012-05-05,0.567701247043726,346.702441703982,1.76862921583943,-0.243114504173861,-1.53572434082366,33.5338947589581,36.6926402981304,0.217270495057785,0.248311840163818,0.0780120645316667,0.0286412710592895,85.6407395043354,46.551657719343
2012-05-06,0.539347714767223,346.697012924566,0.747165049358112,-0.20137308989419,-1.53061115275189,33.5395556615914,36.4784754406907,0.178436787753348,0.18989544052302,0.104095711580172,0.00564654205653027,103.322031685566,57.399713148144
2012-05-07,0.518252754356803,346.906235485542,1.48132385277167,-0.191455933960424,-1.52557992822567,33.525882036258,28.8803545968574,0.225641105991246,0.190421833615027,0.0876832606419217,0.0425422255517902,101.983260716605,66.1488717611611
2012-05-08,0.512842670083046,347.230285644531,1.39725345736597,-0.227199410298254,-1.53033274034096,33.5203281253295,28.2302403160435,0.287515201140195,0.174572365219764,0.0413832635783393,0.0548344717213982,77.857029868637,40.2632070414274
2012-05-09,0.500579540322467,347.232644057855,1.72342784375679,-0.262913232189119,-1.53678199073725,33.5264935976098,32.7575646347684,0.373331817434049,0.220650053094892,0.0465825302337828,0.0137988142970844,61.0011838831206,23.2426881446364
2012-05-10,0.494375778771028,347.200117529892,1.9476268262398,-0.30367607718859,-1.54237869780073,33.5352208424515,35.6259340615729,0.228772187782032,0.177179334219545,0.0589093724755864,0.0148762288916851,68.1980524475563,24.7257351424583
2012-05-11,0.484481433542763,347.186420719798,1.16108324324212,-0.356383395943082,-1.54195201396942,33.5406037869885,36.9257507195518,0.255194079948191,0.253146640561644,0.0932466078715527,0.0185425686178661,97.362869847184,46.6869770130389
2012-05-12,0.45982077463371,347.211824370594,0.492440876437397,-0.360377737646483,-1.54793627719004,33.5431511553354,36.7161161085533,0.283531198146918,0.210027222639492,0.122514723208148,0.0139701462900027,127.713890075617,72.6444473570003
2012-05-13,0.427308460561241,347.170751432093,0.398161560115291,-0.315030443965987,-1.54933534942658,33.5527824062085,37.7474029414889,0.241532601683014,0.156881885693931,0.12624695976535,-0.0123218996965612,130.699131108183,77.6928829473515
2012-05-14,0.397676538403441,346.964159337486,0.493694027749504,-0.258703407769905,-1.54196807665703,33.5696541069329,39.6627381256557,0.102084414483133,0.077105476408068,0.127577254078609,-0.011937226431492,132.423719364809,81.5150883822539
2012-05-15,0.382175476449292,346.967305997523,0.6483994533376,-0.275540730047483,-1.53697967883225,33.5730436018765,38.698377875664,0.014362115806354,0.0328863252532379,0.0959006062131903,0.00659133905642911,98.5665814062484,56.1956009064051
2012-05-16,0.368677179442673,346.88198182641,0.620900658572592,-0.230479099248585,-1.53528489081966,33.5911096735039,41.6509717060969,0.000120802433229983,0.000127160456031561,0.125259330021104,0.00998173536438691,127.234395035355,80.0210223250776
2012-05-17,0.367550668193073,346.987468068193,1.30244678186207,-0.250479472652782,-1.53989644266172,33.5937125480127,39.726163898885,0.0030709250519673,0.00928271313508352,0.106301611010362,0.0325744931514447,113.066163581777,70.7112446097634
2012-05-18,0.374790205824666,347.245703348299,0.998059665284506,-0.251543049699301,-1.54955569581303,33.6016800091495,41.8616358941061,0.000305185094475746,0,0.116042822307823,0.0282944883653509,124.155183488843,84.9645121829718
2012-05-19,0.362595285584287,346.920869036419,0.420766404489192,-0.250308470074062,-1.5535758194814,33.6120526652265,43.410007655701,NA,NA,0.093768017484672,-0.0528517980656402,116.551601551559,72.9289123415906
2012-05-20,0.332058824962232,345.805728447147,0.349340504262506,-0.179188234080509,-1.55757987997953,33.6405674912508,49.1710457782514,NA,NA,0.151061267339387,-0.033661792358929,181.879181597083,135.520648494547
2012-05-21,0.325678632935373,345.84000229254,0.816918087441747,-0.179363189971479,-1.56526592948981,33.6531517656869,51.4774377748229,NA,NA,0.13045447813435,0.0353998236066578,142.892557357304,99.0658963078738
2012-05-22,0.329755407099317,346.199462890625,0.613081103417932,-0.227635318169549,-1.56548462769924,33.6547950353378,49.1827835502573,0.00207949733206381,0.0117072393289871,0.0491698079977521,0.0300349907826396,71.0277235697231,49.6558427135249
2012-05-23,0.333895901172626,346.329311836057,0.882463991641998,-0.278824373003844,-1.56983094225046,33.6578839311072,48.072626426635,0.00987857218886561,0.108448420892305,0.0812920835849486,0.0340670582897428,93.4751236643742,66.425039835408
2012-05-24,0.341335025138971,346.565833487162,0.872239080871024,-0.323971009869807,-1.58279080526066,33.661891309195,48.0656249320459,0.0105338226620327,0.123438393894364,0.0993231274187565,0.0343570049133217,109.74636020536,81.6808300850791
2012-05-25,0.346596131964428,346.914866749833,0.84382674243392,-0.369245156042489,-1.59411807163202,33.6646116722611,47.6428550663586,0.00367965491623583,0.0283608433129197,0.0971897147173582,0.070162918091866,124.355208301488,80.0099779821361
2012-05-26,0.337734029060457,347.054785007384,0.389889110152314,-0.401960996943608,-1.59270128788736,33.6665061353511,49.2144964001922,0.00426152545328397,0.0159018517355731,0.128743629238987,0.113089816943917,207.08754506478,122.300267045605
2012-05-27,0.330897662697769,347.710142182141,0.523131975313512,-0.451423224368398,-1.57914299826551,33.6652355219832,48.6343974886957,0.00614378887329732,0.0471318133768963,0.0613310838698858,0.0543633087433865,95.1897443515739,57.5764664938045
2012-05-28,0.330702649020567,348.059730343702,0.662992668224544,-0.516840082662389,-1.55763671658782,33.675540110682,50.4027000535355,0.0259450575284655,0.20147673281063,0.0545074582130079,0.0279979523115473,75.7122401186245,44.8062514133845
2012-05-29,0.332069152375547,348.303838218131,0.595860839616962,-0.57854232980333,-1.55900654796003,33.6781738785758,49.4696408914008,0.0532118483942064,0.315701656145289,0.0994598634249447,0.0600098506440679,124.895704990349,80.2833821725973
2012-05-30,0.330882399183948,348.676972179878,0.455507987156147,-0.635971492460543,-1.56803689794502,33.6737834966456,47.0866436063841,0.0455511417038195,0.183135607388184,0.0725244988565422,0.0695607851331051,111.724222795733,61.3075610887337
2012-05-31,0.325816076703188,349.082364710366,0.46319820204886,-0.675765652214548,-1.57028645413768,33.6725314728483,47.2478851351822,0.0574651057357454,0.141124602608047,0.086086908227157,0.102597380587366,155.06514650276,84.9313720073198
2012-06-01,0.319361810640591,349.570153585294,0.380534366681808,-0.719063878159935,-1.57741649881226,33.667414254666,46.6642854654515,0.089251179319563,0.117518217535131,0.0946189113283045,0.0967498526992666,160.79583420016,87.8312086091572
2012-06-02,0.313213177025318,350.164370653106,0.348229579809235,-0.750652884141958,-1.58332662994241,33.662393793886,45.7279314306262,0.143131809688232,0.129692319849831,0.136519465399416,0.0806405279488779,199.721528097563,125.495585803546
2012-06-03,0.305609729958744,350.725169112043,0.283868809480493,-0.773213351886926,-1.59412960581451,33.6613806597134,47.3926525128837,0.0477585821449678,0.0742942976702725,0.139427166944935,0.0943314361206272,220.712269065507,135.755426341714
2012-06-04,0.297591488899254,351.344990800067,0.225993491164068,-0.808659303988683,-1.59530339517735,33.661147932292,47.7314039570117,0.0229123537990901,0.082384362330185,0.0738136072149161,0.0415340028301022,117.277843442226,60.7055110696367
2012-06-05,0.288707247049343,351.226876607755,0.326444118306404,-0.854235917701815,-1.57764507916614,33.6750417701628,50.8635670086633,0.118751648897695,0.264133375100339,0.0198843945747847,0.0400060179182071,86.5426290906231,38.3520924744018
2012-06-06,0.281328712294741,351.326667599562,0.262187577965783,-0.905507014267519,-1.58231058020984,33.6788185263774,50.5139015792352,0.114711601926547,0.198682292050326,0.137425548423398,0.0506706101550908,180.460637642225,100.468836793173
2012-06-07,0.274209858440771,351.517326541063,0.221513577714199,-0.954236792267254,-1.59432564846739,33.6786642447818,50.3749003172243,0.132301857094211,0.227570882672884,0.0142032564510862,0.0522406041853421,85.9011510892746,39.7246704221066
2012-06-08,0.267482451731112,351.749847412109,0.158684775869294,-1.00972364726256,-1.58812351394118,33.6770579895349,49.2198507074724,0.143524410775907,0.188372513784571,0.104398837099392,0.0762320240650341,154.145834835641,78.1706524870167
2012-06-09,0.260722955007379,352.122124648676,0.15307391080551,-1.049864752653,-1.5873665215998,33.6731948337735,48.4305292404937,0.160848452653686,0.21775224194554,0.0106308198962537,0.0336725006028306,81.5372656218352,44.5687336512726
2012-06-10,0.252705295456619,351.808465352873,0.140215900340458,-1.07213165177668,-1.56900516856215,33.6817593851231,51.8584045237697,0.236208011902738,0.331436779113755,0.0209486298011704,0.0071852351017246,76.1602121725138,47.5237807419049
2012-06-11,0.244346126005417,351.403808965916,0.13215660658188,-1.12394639634491,-1.55823020092067,33.682844648477,52.5008995864395,0.281765947417531,0.324486712795681,0.0583830205937307,0.100395599568662,142.277705778525,80.1011082399041
2012-06-12,0.237351611620042,351.328206876429,0.145631663864706,-1.18430434583652,-1.55484722033847,33.6713250555329,51.7029291492725,0.302548291265975,0.295788606397516,0.0405982665908642,0.0740664867928073,102.682841400961,55.0881535671413
2012-06-13,0.230501671208114,351.126673256479,0.102841471412742,-1.22056972787448,-1.56009878932062,33.6701986490474,51.8369883023776,0.335416591746353,0.341434576346284,0.00988453750306295,0.0161414495474494,61.1906824936272,34.0658933298585
2012-06-14,0.224275437251824,350.842637597061,0.124793275475229,-1.25166055109659,-1.56499575152893,33.6723629981078,52.9737103291047,0.39790715258845,0.402456150615183,0.0167419352039554,0.0389335457481916,65.8682661163691,36.9215218825106
2012-06-15,0.218245204447246,350.780587545255,0.0624134947727548,-1.30823470191595,-1.56775807111691,33.6672683592267,48.2970880799287,0.407147959864468,0.378277130555688,0.0978972827374694,0.0479762499671877,117.543835511658,46.6206967965808
2012-06-16,0.213675327235606,351.245928880645,0.124551335008951,-1.34227902477409,-1.58309681421993,33.6623937475537,39.7226631844092,0.354560042714369,0.301289615274657,0.131443755522712,0.0864699337375067,184.311612769853,79.8774126273481
2012-06-17,0.208956860369299,351.889900765768,0.0562686553542934,-1.35415727350554,-1.58392587943598,33.6607732425334,43.2920110988231,0.262179376896189,0.2330197339146,0.108612121710008,0.0525379641516971,134.311617278596,63.0419286478515
2012-06-18,0.20297779070168,351.688890410633,0.128991241271539,-1.33770643667332,-1.58989861040463,33.6782318763887,51.6724518519825,0.325235827196284,0.374082380088798,0.0139717937531339,0.0393931767507362,67.6391317783501,39.1971807077975
2012-06-19,0.198040185723363,351.328399658203,0.119363937867669,-1.35477802137293,-1.58414169216928,33.6910427005989,52.889073603549,0.34184854348126,0.357258073764372,0.132733687773528,0.0598871176924139,163.317662424005,70.4129577115971
2012-06-20,0.192093592591402,351.395704688095,0.0493751704329398,-1.35617371746081,-1.58452801585358,33.7024264213366,50.0635372398675,0.274763288586287,0.249200997816596,0.155534021139105,-0.0178209973270433,182.464529212694,81.5648180635266
2012-06-21,0.186864143646345,351.919285844012,0.0741378178183989,-1.31641514460568,-1.59602784756546,33.7266847144576,54.3898759885677,0.212767535633507,0.210519325515559,0.142614106452859,0.00448181398222964,159.174841530728,76.5440048261337
2012-06-22,0.183055161702924,352.362788502763,0.0977660592236533,-1.29874257906246,-1.59507481353647,33.737959296758,55.829311938421,0.165440622910922,0.181213307441979,0.116736387544878,-0.0351238800526952,137.456144707764,72.5781750290217
2012-06-23,0.18105159963413,352.955774074647,0.147117625422231,-1.29973301207006,-1.59675065435057,33.7490341042378,57.8651148053477,0.0545788123190664,0.126804200874569,0.1367723450678,0.0590395185186474,170.397765007343,101.004610438917
2012-06-24,0.179847276610572,353.394307578482,0.121976700543267,-1.32136729741708,-1.58671537809848,33.7539702298348,58.3385430720814,0.0556391966278515,0.205735408136771,0.11066645759883,0.0345884675760823,126.733472708627,82.4237260529656
2012-06-25,0.17826649891894,353.749782655297,0.149981817321443,-1.31849583778304,-1.57777852053263,33.7612683686168,58.6544364628039,0.0337319090709168,0.152950788525668,0.145262339141084,0.0116225687156,164.469385917912,117.171744495373
2012-06-26,0.176989189644412,353.970120313691,0.130650642532401,-1.32062002948099,-1.57133791900357,33.7725078464359,60.5613285610389,0.0365301100329801,0.230624792613491,0.108488564498914,0.032086032373622,119.151587050641,92.8575218021754
2012-06-27,0.172116740265997,353.513879543397,0.05401678583244,-1.32481601347647,-1.56331867566797,33.7826003410556,61.7565339895395,0.0619212731743526,0.272810145473553,0.00104528979753998,-0.00837879295130329,62.4304832969599,44.574261722247
2012-06-28,0.165747163953578,352.861561472823,0.0600580006338111,-1.32712009850784,-1.55961238630066,33.793975814634,63.1673457934628,0.122803022371738,0.328910044312739,0.0345728171941562,-0.0138474132076368,60.7806973718818,37.8080277841065
2012-06-29,0.160533149431391,352.667138820741,0.0392579971926241,-1.33914167171548,-1.56103576130552,33.7921554369804,56.0070277251374,0.187477932752398,0.318902132946507,0.0460495891579893,-0.0404656491067648,70.2475446681418,45.0299531277128
2012-06-30,0.157659212899644,352.922417989591,0.125923559796519,-1.33622276839296,-1.57321680702179,33.7919534999832,55.666217143719,0.235901535977661,0.307861411334212,0.073772421782879,-0.0227476156715118,86.2910261958551,63.5086512150818
2012-07-01,0.157247975196053,353.196912067692,0.126496586267178,-1.34969341650344,-1.57593834882806,33.7926372419967,56.3859349185156,0.231100571860666,0.26935642591504,0.0670871794143347,0.0263925388093419,79.6001345174012,44.6792073198582
2012-07-02,0.15690005925007,353.221027281226,0.123994657315496,-1.35710681940702,-1.56756655696915,33.7963378792993,59.3554149632834,0.200634088187872,0.274760619314591,0.0579826967758045,0.036963227990507,77.7529718426669,36.5624938625048
2012-07-03,0.153213698235227,352.868537344584,0.0430267557229211,-1.36738673837883,-1.55674216412661,33.7987121654104,60.5930414186959,0.232364574481837,0.298451253342443,0.0122098749335076,-0.0359286463162114,67.7215679384119,45.8584595416981
2012-07-04,0.145838533232852,351.489848067121,0.0513116973338694,-1.34391096375088,-1.55865564713111,33.8034959811109,63.6586899364847,0.271651286366314,0.272686588772737,-0.0262912221795876,-0.0306025281618883,68.3010671194577,52.7351627996472
2012-07-05,0.141791064655635,350.932799548638,0.0946235308287347,-1.35816940725574,-1.56239447403855,33.8096286861198,64.7418705171902,0.32956731400117,0.375086278316544,0.00741752171222819,0.00781372683210733,54.8872500475121,36.3001298684767
2012-07-06,0.140591126480481,350.72778618045,0.107772663053943,-1.37287760022198,-1.56153657433153,33.8170420277296,65.4881531371761,0.372630434241473,0.441769839016854,0.0398775190768535,0.0371881010923308,70.3389074118018,38.6420737309591
2012-07-07,0.139564838442134,350.660195699552,0.091494215697777,-1.39397416705223,-1.56402377319722,33.819887956627,65.2941688030516,0.383695607826456,0.438677832685341,0.05346052081157,0.00436402328422999,71.0348223991308,38.6089366230492
2012-07-08,0.137575895321078,350.736491133527,0.0782443920786424,-1.42503731630431,-1.56059301671712,33.8144433128367,53.7858895148665,0.328985102138803,0.304856770633735,0.0641720646969703,-0.0394261251838423,82.6459287739543,53.4255943628791
2012-07-09,0.134856583777724,351.004415744688,0.0404772427864373,-1.43419830575485,-1.56680009207423,33.8122441372891,49.6938967389456,0.403567256048829,0.301664586020617,0.0215268750874861,-0.0276256347082646,55.5823306051232,37.8218450455023
2012-07-10,0.132267009194304,351.240045314882,0.0687422109881371,-1.43123393020167,-1.56636517379287,33.8133293749028,52.76036886712,0.42421046512129,0.297855150583686,0.0198621543403338,-0.028261540118258,57.6606840919859,43.9887718123869
2012-07-11,0.131514066875708,351.282816444955,0.121162126976542,-1.43300425185848,-1.56734168368634,33.8144783452455,55.4205450541899,0.504371513117469,0.348745881665455,0.0406065037154797,0.00447357687269628,59.120235100366,44.0384868291791
2012-07-12,0.131829437595315,351.214019403225,0.120875527173644,-1.43983940951094,-1.57487658209164,33.817108035892,58.3134198349658,0.364385831995275,0.287263667600399,0.052775193015855,0.0102725056692576,64.7814557919406,43.472332947329
2012-07-13,0.130754071128805,351.040925933094,0.103404830618784,-1.4328530154891,-1.58735004916043,33.8235659013715,63.0483196557131,0.248129433629891,0.196478863951829,0.121377178099554,-0.00516878941200684,124.053788690799,76.7677112263536
2012-07-14,0.129753686033371,351.221965510671,0.100147225417015,-1.43138615338587,-1.60398366126293,33.8291155754635,66.0066796751962,0.187194503308997,0.158277185534488,0.101454068779664,0.079200680218084,133.133093254222,88.7784503061837
2012-07-15,0.128791549038596,351.35145122249,0.0843180289446581,-1.43984138539285,-1.6027703375308,33.8305550084906,66.5583602683908,0.214805408504881,0.196651535934076,0.0212962360004423,-0.0114825376926566,49.6003255935858,39.0673839226869
2012-07-16,0.128330936882554,351.176209612591,0.125419308045288,-1.44342057730666,-1.60571428268705,33.835839090077,68.0620455645357,0.207879853780179,0.301575178536869,0.0486508695893844,0.0135418163630081,55.8124705832351,37.1590310144914
2012-07-17,0.12717380619994,351.067583781917,0.0665515935411904,-1.44236886292173,-1.60352568024727,33.8377048168105,68.29350851808,0.164302467358652,0.171891015910184,0.132881132043727,-0.00482200684878025,128.070250837615,80.4131798004941
2012-07-18,0.124554559406711,351.484332945289,0.0458114620230002,-1.41757646681648,-1.61252472773898,33.8379663938453,68.1730406834529,0.188679248781785,0.17144100849707,0.131314432728588,-0.00995043435419298,126.590827855475,81.3300764224567
2012-07-19,0.123967105749904,352.376334213629,0.121763016551551,-1.40538784254257,-1.62730170100646,33.8400935586165,68.6435860570787,0.0139181008777723,0.0367068643542603,0.125230500049758,0.0486854655560051,130.253667915132,95.7352337817244
2012-07-20,0.125111604790862,352.810360792207,0.147618191294009,-1.41782358059516,-1.63109942245097,33.8447474480962,69.8937741715898,0.017107457348916,0.118084185587069,0.115252059747373,0.0329912912085471,112.609639421029,78.9991859038731
2012-07-21,0.12516423714597,352.883061478778,0.121537195473182,-1.41561537506448,-1.62616086022252,33.8457708886439,69.699584114085,0.0184165668200641,0.073350252832977,0.11269278819302,0.0015576384237662,102.852905850243,59.3329210532326
2012-07-22,0.126337280996689,353.129331635266,0.21624809957859,-1.41538407606313,-1.62079355623397,33.8467861232166,69.5488449964124,0.0197031456762208,0.0433971737421906,0.101389819120186,-0.00860037132293267,90.5169867759842,47.8441403130154
2012-07-23,0.127845611877558,353.515534191597,0.132188508287072,-1.40363729024223,-1.62009710821546,33.8456659510068,68.4405410782046,0.0188013223145588,0.0260860594623044,0.0953388350051746,0.00859625277570706,81.1819185896787,47.3995076789917
2012-07-24,0.12779341120182,353.92264836009,0.0860607117051032,-1.41819820214219,-1.62328569576969,33.8474101119357,68.8917291811121,0.0112236863770114,0.0666156045680265,0.0784272152915416,0.0724462463335711,89.6436904821968,57.9382550601623
2012-07-25,0.126520700571014,354.363814935452,0.0499179489887887,-1.43103030754326,-1.62535568174885,33.8449431817059,67.1738788125969,0.012733961284593,0.0965019154994574,0.0306906650312919,0.0300868846445914,36.8150804035228,15.8744025018263
2012-07-26,0.124090038875981,354.011707585032,0.0940465628192192,-1.43411230928341,-1.63676037962137,33.8526343938954,71.3935469165344,0.0589068494674306,0.26822207248223,0.00701884531721412,0.124724741296167,107.217505218276,47.4685659380444
2012-07-27,0.124693326197746,353.963907381383,0.170286716120999,-1.45023300017101,-1.63262987651645,33.8566581993772,72.6066679368939,0.127834406202501,0.320378452521848,0.0169544529657454,0.0522562548588564,36.8162319039697,16.9514757404679
2012-07-28,0.125943298292596,353.686159831722,0.170701330754815,-1.46183052848064,-1.62435363838386,33.8602907126732,73.0424113781989,0.150071321085457,0.350517024772491,0.0237591332038324,-0.0058656493289831,26.231985773729,13.6318807844493
2012-07-29,0.126540602707281,353.375260888076,0.146073097181393,-1.47602274849026,-1.6119291857991,33.8642341778507,73.9832957521302,0.140230440190276,0.371187034014024,0.060149881661984,-0.0120714913485584,45.4006315190719,23.030035223161
2012-07-30,0.125632476243304,353.452095962152,0.0657358572750193,-1.49407586652419,-1.60448365864644,33.8618495699204,73.4408816570534,0.0947837563257981,0.233809466868408,0.124620953506907,0.0274872512087809,108.302060304766,65.187790620605
2012-07-31,0.124528557516453,353.049773053425,0.185729947531732,-1.47910771164013,-1.61360667543373,33.8658980293634,75.8106994191323,0.0644229361071036,0.208911758572285,0.150085169651047,0.0975348497319881,187.39188249255,96.2737769073549
2012-08-01,0.125184467198645,352.365109327363,0.198955920593041,-1.46882383776741,-1.61514454267607,33.8764063414292,78.6117300852108,0.119846464572135,0.364284332343924,0.0859748831775426,0.129110181289405,153.871499668577,82.6860852262563
2012-08-02,0.12525250272053,352.141833421661,0.0663562228494301,-1.4871942518372,-1.59749405377629,33.879297552482,75.4672117194666,0.1891267759092,0.393333546646372,0.0615015923273065,0.0283537957460372,52.4419707259338,27.854770987025
2012-08-03,0.125074719056124,352.467069672375,0.121978595443979,-1.50808126611105,-1.59983751278335,33.8760562798916,72.0459260013905,0.158100808590434,0.273248771436804,0.115633437960495,0.0694734716232409,118.260156020837,66.3256129369883
2012-08-04,0.127774460650072,352.723148997237,0.229198456810015,-1.51601459928531,-1.6099255088209,33.8762271845067,73.5275771878509,0.165869694916398,0.266692028975418,0.0533460250197232,0.0745953095777717,67.7078071804001,34.7093716025511
2012-08-05,0.131475602617351,352.647121522485,0.30116921754145,-1.51906496616188,-1.616588097674,33.8789371330889,74.818538993959,0.191093181252389,0.334246664605884,0.0803283412919434,0.0574126885889674,75.2515054761216,42.4587794125047
2012-08-06,0.133407364985565,352.436553955078,0.153723282875811,-1.52392717057716,-1.61089707466594,33.8796846387196,75.2085662705374,0.187363467487794,0.317628285431588,0.0602157786991271,-0.00474622546520471,49.1908280308048,23.2316412396246
2012-08-07,0.134056425766974,352.48367756169,0.160501902922988,-1.53201074494041,-1.61628044182472,33.8786076894495,73.1785293803041,0.174510088603754,0.258767207937268,0.0999507954829296,0.0418058275402236,87.2652414608559,50.9289938302328
2012-08-08,0.136116843216303,352.456306643602,0.194375000258044,-1.53492075389857,-1.61969637259459,33.8810026089029,73.8887746478864,0.179008458969755,0.336416114800372,0.0642511409967534,0.0256808520459373,51.4103917125107,25.7310034985239
2012-08-09,0.138968851780746,352.314599758241,0.264280583073453,-1.55464633386306,-1.61809013375708,33.878342112388,66.5058485036276,0.194961278594706,0.311675940906722,0.0690163118606396,4.36566870624398e-05,54.3711452401346,24.4108983496246
2012-08-10,0.141435438176481,352.252288446194,0.208031471409812,-1.55759093893363,-1.61687804346303,33.878086754185,67.8606479582999,0.215353252794315,0.270028947662567,0.0727131288151751,-0.0282409473620204,63.8346792106144,31.0970376079617
2012-08-11,0.144334649076549,352.539576832841,0.312928667655442,-1.56207357839695,-1.60440664107983,33.8750328753802,62.582098905535,0.177130950530056,0.194900267636676,0.10153067402049,-0.0221874918411618,86.8385840599397,37.7307001906763
2012-08-12,0.152094674909987,353.075933689024,0.586803598647437,-1.56025877381787,-1.59763326319927,33.8725616516855,59.242154651647,0.252083806725677,0.206391619939238,0.109328750671766,-0.0124405141412086,93.820164590802,43.5027119361112
2012-08-13,0.161330997035271,353.621863016268,0.378429890405841,-1.57768521456905,-1.60138856270696,33.8693122246005,58.1828614207897,0.123495607605119,0.194746763708414,0.045187986738648,-0.0228934125087441,46.9829607652628,20.9228380921774
2012-08-14,0.168266698899792,354.041684778725,0.473748199005679,-1.58415563499075,-1.61196707713942,33.8689086183041,57.3991000797102,0.137437577988118,0.211505757142298,0.0448370856935518,0.000310539324515262,46.0636226881308,15.3551979662759
2012-08-15,0.173584634301866,353.94729428175,0.615936700618122,-1.57748357165358,-1.62470618594191,33.8744129536123,65.3921904531729,0.193028182356886,0.318511716202002,0.0490816708317331,0.0655443679727363,70.6218933588308,30.5861139698159
2012-08-16,0.176285878732437,353.691082838105,0.526826382682818,-1.58012274273655,-1.62021448689434,33.8738898922075,66.353461794525,0.178624300551054,0.251434833040102,0.149480565221083,0.0187542624168309,154.918643646639,69.9048207461772
2012-08-17,0.178285172799738,353.57769403225,0.422725530114116,-1.56284951246702,-1.61561364538756,33.8732432521146,68.0274496902178,0.156829597758859,0.145512113687084,0.162909533164882,0.0187114294914984,180.002129137836,85.5638144323562
2012-08-18,0.181563398460063,353.970209633432,0.419218394700892,-1.53649931084289,-1.60234406602527,33.8735747549698,69.0352607526277,0.153803323287823,0.148299457540096,0.159027381072402,-0.0058137554167575,175.397160794365,87.4224393111396
2012-08-19,0.189900973675455,354.611152090677,0.819373010180709,-1.51903827775989,-1.59565758914278,33.8741945995171,68.789794660612,0.0182635162312251,0.0227204689936694,0.14834137243318,-0.00563583389809418,158.458245320253,84.7739473068617
2012-08-20,0.203507554240343,355.240194925448,0.994315923895778,-1.52323327526229,-1.60724844430622,33.8770198796281,70.157773760488,0.0149326530984614,0.109445511710336,0.13858121511867,0.0473082200969681,158.293225981655,86.9225676684346
2012-08-21,0.212326585701326,355.513245745403,0.496250349982846,-1.53210366029649,-1.60842717803924,33.878166919456,70.4458668009955,0.0127488478824978,0.0699818486183071,0.152099967817305,-0.0199049873511318,170.903902746729,98.4942113884413
2012-08-22,0.216293624624973,355.694270808522,0.635856822133064,-1.5344126866414,-1.6069366669687,33.8798555381868,71.0624149646836,0.0127015792159552,0.0846878340739289,0.142627285941731,0.0302302103323734,161.758075753827,90.9767914492063
2012-08-23,0.220309805761023,355.178314953316,0.832167295602764,-1.53562749863958,-1.61018621245859,33.8903825015996,73.9686748720856,0.0467959743712032,0.383000086173516,0.133904181551515,0.0937334215632978,190.143307741851,107.340002406096
2012-08-24,0.215338329171262,352.925431414348,0.716010430964028,-1.51736977097155,-1.61378665330761,33.9101289602426,78.4574902890987,0.124201530173381,0.462491330428001,0.0948182493599079,0.123976811273941,183.20571779243,89.5047714329299
2012-08-25,0.21587852951957,351.808468702363,0.547595024290608,-1.51879116357901,-1.60176705654494,33.916893906278,75.7682782287701,0.176314304272334,0.427111893872179,0.107140972818199,0.0999656223796318,165.845117155959,82.5314273424801
2012-08-26,0.217300485910439,351.922450367997,0.222642052055496,-1.56021627353431,-1.5827714470234,33.8989963866117,41.6616801134488,0.122888997230143,0.260170293107186,0.148081903294352,0.0385035682524908,172.623585914512,105.16377398522
2012-08-27,0.218943261882154,352.819039693693,0.484907577768332,-1.57118712037842,-1.57778922716777,33.8823143756985,27.4959016444712,0.114046754725317,0.180902222195357,0.117285803186628,0.0284732339524145,125.313186786417,81.4267368413092
2012-08-28,0.234687908575302,353.745389240544,1.55316814616686,-1.56817233884222,-1.58311534651861,33.8803127304262,29.9662123575867,0.127733326602575,0.161883045931911,0.107374083009447,0.015643928008966,106.716925533574,68.8249857138599
2012-08-29,0.261082376830462,354.468601133765,1.85436941610604,-1.54867409758883,-1.5868059848806,33.8798595896938,32.5143638435806,0.154519326577429,0.165169511667045,0.0959697979352815,0.00291593848412175,94.3072337224558,63.6936931106461
2012-08-30,0.293263519864257,355.081751009313,2.22886252039816,-1.54046400146768,-1.59036194747276,33.8789514394907,32.925807846059,0.115441281174865,0.119791842890871,0.10437989216323,-0.00106011669926959,101.901475844171,71.2194098253782
2012-08-31,0.318529839195856,355.287750616306,1.53429821569745,-1.53266114825018,-1.58951723205577,33.8784263188701,35.6045175930749,0.109385381843178,0.120008169143246,0.0866074932892474,-0.0561194615777929,101.371901155141,67.2784074154818
2012-09-01,0.342568807122184,355.823165521389,2.47633117001231,-1.52580918538586,-1.59156950926169,33.880701783215,41.9522442734032,0.0369302755406232,0.0455834250106424,0.133030224013345,0.0417028635679952,140.897960067471,88.2951604491778
2012-09-02,0.368085266976822,356.333299218155,2.00389652063207,-1.51371545379783,-1.58524628866378,33.8830781697262,46.4805981935921,0.0394540623381951,0.0458666533141316,0.14584470286905,0.0611902293516637,169.068180180096,105.45374927485
2012-09-03,0.392912060022354,356.839578023771,2.28077421464571,-1.50185005561865,-1.58670837692564,33.8859302453827,51.3100186102143,0.00864614032425287,0.0133557011599116,0.132680970426352,0.0428766524381483,143.405170799405,91.0182195005334
2012-09-04,0.432140755580693,357.420196533203,2.88772727221977,-1.51401297910976,-1.59310326145085,33.8861897374615,51.1465117998934,0.00939092835488097,0.0780837277111355,0.0814263486679186,0.0672576878717554,103.563903907202,55.0660597571179
2012-09-05,0.466887781532799,357.97994250786,1.84339789573739,-1.52453210221933,-1.582790392774,33.8852919451138,51.5381867026511,0.0123518898738742,0.0766268910490908,0.121038632540286,0.0262903985586244,126.202484675475,79.0074597555847
2012-09-06,0.499653596703599,358.537002191311,2.99654978586406,-1.52771294937443,-1.58525988013156,33.8833171417195,49.6755690709782,0.0340423756524485,0.0990960345898046,0.10132474629221,0.0342688677070836,103.916681658121,60.6143677992489
2012-09-07,0.557688086861517,359.05392344405,4.81688555566276,-1.54582240916135,-1.58982653592119,33.8760459838126,40.404078538923,0.0509955364779787,0.106313581068188,0.068160475753298,0.00903034871305853,72.6876832069397,36.8414282140505
2012-09-08,0.627053647506528,359.644853917564,5.84908818035591,-1.5609131313046,-1.58996244818575,33.8685338101406,36.7414453225902,0.0523103037451651,0.0784996571211979,0.0828167736309099,0.0458032992164455,97.0560077611872,53.5194976065245
2012-09-09,0.628358523656682,359.029746823195,3.29687674452619,-1.54584810769188,-1.59054110600398,33.8827982347826,47.7678532992941,0.0974021808168249,0.229158586470533,-0.00124874644675236,-0.00960035708590879,57.267785516899,40.2355843513549
2012-09-10,0.622310147052858,358.253386334675,3.7066635838369,-1.60212374634427,-1.59584910393405,33.8835582089649,45.3869152352234,0.22598703958436,0.393609489969075,0.0372655300546674,0.0578220731675544,71.8912694825854,35.3528577637227
2012-09-11,0.643164986153928,358.018217877644,3.65410895754651,-1.57636365346741,-1.5864303721751,33.8983664313148,51.766766714181,0.284493359681797,0.378796068923837,0.0908751426950881,0.0745590662083484,116.05044883908,67.1016586882899
2012-09-12,0.657027276914294,357.767954756574,3.50169999933824,-1.58887253550865,-1.58566596890912,33.9009755967278,59.086678920648,0.333199623798733,0.362373322333924,0.0648170308324329,0.0919995088577673,111.227904558324,67.1541355661808
2012-09-13,0.679290029333859,357.696296505812,3.43912943180014,-1.61190745962454,-1.58937679257309,33.8971000753755,50.6187188950306,0.347653083040727,0.3531323090075,0.0856874078743451,0.0690896220646004,110.839304054137,67.565637868296
2012-09-14,0.717358700385908,357.779627358041,4.38333580115946,-1.65813348956115,-1.60565827105209,33.8844354297468,42.7012039871834,0.333703787114431,0.342973887030533,0.0808060937856453,0.0631168902362728,99.4486995140422,63.8593961464385
2012-09-15,0.764530113920933,357.937434126691,5.22899762232129,-1.74524196230287,-1.61125785812193,33.8525779250501,35.9397681168056,0.306059412004655,0.33352076822286,0.0748251249885511,0.0400323767853491,81.7569656077412,59.1478959796819
2012-09-16,0.801883356963716,358.167224790992,4.51363435532989,-1.64795044108763,-1.62542858104474,33.8939843840606,51.8373999846609,0.291100606730135,0.314886355538841,0.0918825417555939,0.0948553162095276,135.448823999571,85.9421592648454
2012-09-17,0.819005688879548,358.277259640577,4.09295276025446,-1.63498587920437,-1.62610320024967,33.8951684485885,52.5880071199857,0.25080649620274,0.227735624845955,0.129811983057844,0.0877763402476082,171.393300108184,115.340741531298
2012-09-18,0.815170271731005,358.088111319193,2.90782682270539,-1.61251535846798,-1.61556133905403,33.8964636592891,59.9400440427134,0.242383624006945,0.132822978374989,0.156180634340535,0.0768893459980224,201.396435371484,132.165194247896
2012-09-19,0.815456490691115,358.399491100776,1.76135836541653,-1.59241910695064,-1.60381850909929,33.8948656460534,58.9738305216698,0.26127118486523,0.143141346576158,0.140244288799854,0.0178852469010553,152.873400155912,106.373394846427
2012-09-20,0.841558058814305,358.874366574171,3.73182803101656,-1.59721014261567,-1.59324700050508,33.8981687980786,61.0491715622978,0.107972560991821,0.14943670246539,-0.00376518503052664,0.00802377325340643,51.8858275455299,43.0415071241518
2012-09-21,0.851111820194779,358.222028034489,3.42228792280686,-1.59496931749799,-1.58265406930978,33.9082985490601,66.8728117485922,0.185407872979156,0.294814567130647,-0.00702049254908575,-0.023775607448036,57.2234863939715,41.9450947897581
2012-09-22,0.83923162919719,357.350066394341,2.24834971384304,-1.60002328155816,-1.58711776109199,33.9141942692189,69.1757032584887,0.245203610082935,0.342308740057403,0.00881700736046964,-0.0297466918383694,61.1339927660618,38.6641675409825
2012-09-23,0.85723614329245,357.304419168612,3.32539955871861,-1.6146632714471,-1.59286603078186,33.9085889602641,59.1225105072001,0.265392309089657,0.266003865012396,0.0240573169369447,-0.00171908576358185,54.2538366987269,26.6644669720133
2012-09-24,0.89466740699803,357.961077062095,2.54118827239769,-1.62589704572109,-1.59090848184629,33.9041758857758,52.2609936473502,0.275439628776762,0.23274287223949,0.142687417234969,0.054293293229401,166.074111390711,95.6081976441002
2012-09-25,0.917619977782412,358.328842163086,4.58208167625637,-1.61551432908788,-1.60217767897566,33.9059591512127,62.2487013761492,0.336027567831225,0.222894536571346,0.138139705873734,0.141681665381198,249.892994332228,135.586955680165
2012-09-26,0.95619711388902,358.988499711199,3.7971992121964,-1.60552304154626,-1.60311217909722,33.9036341215435,59.9381910149063,0.351347736239638,0.198741525012468,0.124804641619103,0.093552204972578,178.724519142625,111.761528833949
2012-09-27,1.01266417270753,359.697584943074,6.641897845559,-1.60989892418407,-1.61191847498118,33.8955555039379,50.4395618786213,0.259012707738816,0.150285797327582,0.105566860150229,0.101921936967152,161.319739196056,89.5765910136978
2012-09-28,1.10111421092254,360.663455870093,8.18235176801682,-1.61416212315501,-1.62369631514376,33.8743038718034,41.2345856809423,0.273015671586189,0.158032866613135,0.10553391164674,0.0825087055262284,143.887187352364,84.9065060879169
2012-09-29,1.19266794694633,361.54677972561,7.43278837349357,-1.59229455898326,-1.63016739274487,33.8712376788882,36.1475492752837,0.208475443723335,0.123392038951368,0.14611982268642,0.0220573454160198,164.913192351597,113.639523182501
2012-09-30,1.2732518998588,362.231767980064,8.47466718132903,-1.55985548573467,-1.62663449562191,33.876087101204,39.8453961911633,0.135615363600664,0.0798508713965532,0.132868776276366,0.0817319455276295,179.175185152046,108.900385256653
2012-10-01,1.32981091737747,362.651490002144,5.07478434937756,-1.54767872648522,-1.60977312122118,33.8741080764173,40.664165476234,0.0477091242744186,0.0596598643786232,0.0919187851199898,-0.015892688808372,105.745458274733,55.2317633322935
2012-10-02,1.37839229295893,362.965843758932,9.15672780246269,-1.51819216280009,-1.60810675440851,33.8769003884834,44.7851939941386,0.0814148567134158,0.0557523797307273,0.165202745793239,0.0445586712314532,205.221900442296,121.935724708896
2012-10-03,1.49161738229961,363.891422923018,10.6525844829838,-1.47009795719152,-1.60525794389599,33.8773863943,46.5281675598721,0.0113225354914398,0.0260731081657511,0.131198289724979,0.0135558194577613,150.129056384285,96.1550229481706
2012-10-04,1.59062741224359,364.533010343226,7.21894781473206,-1.42988469179182,-1.60728962926569,33.865718491486,28.6958433207874,0.0104085722317298,0.0150440599148472,0.107413621013544,0.0019711414892503,119.975537124459,71.2746311355484
2012-10-05,1.67669513676225,365.171453708556,10.5653559696384,-1.41359102187047,-1.61561076296808,33.8624380680553,29.3416331943713,0.00818822497967631,0.0102454994672111,0.144233523472118,0.0351230565071428,174.643711788216,122.883017411346
2012-10-06,1.79562418489921,366.24984145746,13.9277738303673,-1.41638043671645,-1.6213236149506,33.8653231272009,36.8639723665801,0.00360326491826182,0.020745889536254,0.134102696158223,0.064634166662952,176.079181942642,127.989449387855
2012-10-07,1.91599097339118,367.329912139148,13.3167087043204,-1.42357044873128,-1.62574776995037,33.8636653555228,37.4621928957632,0.00520725168393758,0.0375241200553208,0.12223878045354,0.0593945382869276,160.509550867223,119.284487699245
2012-10-08,2.01662581722911,368.269874014506,16.418575472948,-1.4368928286389,-1.62704717324652,33.8623082602394,37.0283028606461,0.00837612845961137,0.0638254829394102,0.0774082841499936,0.0509407874272179,108.416515876121,69.3414189491055
2012-10-09,2.02448558225864,368.456007794636,16.2609873166898,-1.46141636669234,-1.62601671270352,33.8678003843979,41.1330632314026,0.0232794243250389,0.14692747202047,0.0824246869778183,0.0983107860291857,144.045185371724,100.546169308475
2012-10-10,1.9515344486004,367.613431977063,12.4035165077303,-1.47626392875123,-1.62406533819783,33.8726747695573,47.8026551415241,0.0276339234908045,0.094492059682374,0.136829180891818,0.127539363592944,234.245860276517,156.045822683084
2012-10-11,1.88606523667894,366.788820220203,7.68175115236422,-1.47387582586523,-1.62077914204514,33.8769376448452,52.2410184265631,0.0206366670972656,0.0395788595862752,0.15762377673114,0.0861898720435366,221.805844238355,160.014419229455
2012-10-12,1.84732078924412,366.349560249143,7.21440590009457,-1.45718874960293,-1.61126651149369,33.8777346746159,53.0190138681697,0.0196911147068022,0.0308999906177633,0.172285016847324,0.0801290030542173,237.122434880435,164.753543468454
2012-10-13,1.80327415320931,365.562377929688,9.11328362546316,-1.43872542259021,-1.61107293925626,33.8814804705209,56.2487867113389,0.00232446192838023,0.00885130387325228,0.183020448495663,0.0996583777953658,272.140033788317,168.998331687087
2012-10-14,1.75462674731162,364.610939956293,7.0154214137938,-1.43603880524474,-1.61808313435388,33.8876439299178,60.341191536341,0.00524195410424059,0.0482805025600449,0.15743432314149,0.104884003433581,233.814748893004,154.013185654619
2012-10-15,1.71712583521517,363.739729346299,8.98714759291672,-1.4541136702867,-1.62329722802166,33.8927983323894,62.4573063342034,0.0149029995297181,0.135470675100923,0.109748843197639,0.142715423218353,220.963344415279,153.405590641401
2012-10-16,1.73066948535966,363.566932119974,8.47444274948865,-1.46646736604482,-1.61741386766215,33.8925202713322,61.484091364903,0.014220491983637,0.089504868878459,0.166124479184065,0.0676151785431442,215.509593964882,145.310974904598
2012-10-17,1.7427632772341,363.30094909668,9.15157361728389,-1.47180205068768,-1.62867359239885,33.895677136667,62.4601896340065,0.0115686670755125,0.0913938750071745,0.120643250709563,0.12183845646971,201.017678929081,136.539731381381
2012-10-18,1.77035419606581,363.312934689405,8.56334006059461,-1.51047332687417,-1.62293314772901,33.8822834462772,48.0944549673804,0.0140344472847095,0.152950861839409,0.0967152570745079,0.0755615230051451,129.085419429183,99.9523933096465
2012-10-19,1.80488821355308,363.687799593297,8.65374390381139,-1.49832423865876,-1.61562476595725,33.8976332835662,58.6801773565501,0.011803830792338,0.125296420178475,0.0637849204081353,0.0597124909441642,94.2002778404566,64.5608782218073
2012-10-20,1.82165231864627,364.00728960735,9.16403510221621,-1.55767990099756,-1.61324877214496,33.8911135540961,44.218686397259,0.045254655927671,0.324842968359891,0.0574324575985572,0.0696876365515465,93.6094235066902,60.5149500703436
2012-10-21,1.8204782874119,364.254201749476,9.51554083824158,-1.57106158615928,-1.60835839637056,33.8983373860759,48.5320516913204,0.0757978252768667,0.341440754046465,0.045234114524887,0.0832368664533986,95.6680763623783,55.8172505115263
2012-10-22,1.83509215712547,364.861324403344,9.97404793559051,-1.684284020532,-1.60962567734815,33.8442607318502,30.5168635166287,0.0746942578592462,0.272459038288185,0.0876486648864511,0.0175903583103829,84.8469707640497,67.5352483615414
2012-10-23,1.80602233438957,365.044824367616,6.57449053555,-1.51823861774324,-1.62103819654055,33.9026021867307,39.9790433286494,0.0369512791267964,0.115808446973781,0.187951185211399,0.0109677180476919,216.984192375833,129.32613463688
2012-10-24,1.80241129238431,365.41034940394,10.3818738373314,-1.48067440919065,-1.63033049019725,33.9080510725055,54.5196105993068,0.00663676578409272,0.0430335845957584,0.135295430411976,0.00328825617287001,131.034413106676,86.2072650616599
2012-10-25,1.8639169662464,366.402805607493,13.2706484387561,-1.45438846000615,-1.63106770859717,33.9073653176085,52.7539850059952,0.00239838275306294,0.0170241394090639,0.128122551344064,0.0325827302760602,129.199080877056,83.7106940602436
2012-10-26,1.9456509831475,367.847749291397,18.0790997598229,-1.41263419639083,-1.62771767627212,33.8886238901239,33.1968089539995,0.00620895961939427,0.0725468566818606,0.0757583901788863,0.047330460396775,85.2613532106193,66.9691054022011
2012-10-27,2.02114793149436,369.820964534108,21.8165373685883,-1.41288329095815,-1.62185573272216,33.8941468252988,32.237390852811,0.00504693365331964,0.0584721904078144,0.110105510268174,0.014565689687827,100.124672603562,83.3571771206415
2012-10-28,2.03561601115436,370.816445327387,15.3155796876768,-1.37304563560949,-1.61041067357649,33.9039119149027,43.7742941324849,0.00471538771132407,0.0525702948225775,0.117062577211101,-0.00816627542580027,112.038689364029,92.1422483558048
2012-10-29,1.99490909896246,371.006863105588,16.751108721989,-1.38268009781355,-1.61157663663228,33.9075135759979,49.2824529385277,0.00521919882888883,0.0518062613350717,0.0665394113614009,0.0729083484654565,88.9261813512745,69.7142558026444
2012-10-30,1.96987562862838,371.531618816097,16.1919177043729,-1.39784297351091,-1.60941563025821,33.9007901128648,44.5244893397075,0.00876399166225822,0.0958417662088747,0.07547750435116,0.0633771831519127,92.3533807494098,76.2567769016784
2012-10-31,1.90254121146551,371.508146704697,10.5577204169297,-1.40605999286036,-1.60222545181691,33.9065848490809,50.4171154109733,0.00935459864313656,0.0999337228390838,0.0628607160639264,-0.0292409329842298,70.8560304623579,36.0350041481957
2012-11-01,1.75215003330533,370.425034685833,7.38177122139349,-1.40786985065612,-1.59706531282057,33.9026721897717,51.267597552414,0.00840154217494031,0.0805037588054935,0.124868067200126,-0.0498230113382684,140.564521237642,90.4327329955296
2012-11-02,1.71426664038402,370.478563634361,16.1681601594134,-1.36694687693386,-1.59131951193739,33.8988954798895,46.4227325385399,0.00317499233371158,0.0215013176395794,0.132517875462529,0.0226224114095312,135.026499275457,100.167807047166
2012-11-03,1.74385554397978,372.147070907965,21.368036560896,-1.20224280552825,-1.57693627504846,33.8951023735016,32.9937639519592,0.0029586406228903,0.0290335876627641,0.089835618973261,0.0394088270220599,98.6832593365356,79.416194566789
2012-11-04,1.73860336294988,374.124836619307,23.1080568011214,-1.13161877521619,-1.57087417121841,33.8877858098863,23.3802271185295,0.00238303832164166,0.0205152201676359,0.0908191302959655,0.0344476131232161,106.234368239304,92.8961859697164
2012-11-05,1.71032499322077,375.968201427925,24.7482625798481,-1.16663771332839,-1.57116164594848,33.8870464844903,28.3109641248881,0.0029908566298693,0.0313754190548337,0.0818645631776326,0.036443465855601,100.068747146858,83.7824807723482
2012-11-06,1.66691750069944,377.68823874869,24.3115669692435,-1.05433651714431,-1.5763090203809,33.8752119705262,22.4601413170818,0.0037231398680192,0.0425366509311113,0.0981913480842323,0.0160796713993939,106.59829023426,88.4746560021616
2012-11-07,1.62880785872297,376.678405017388,17.2598771700045,-1.16797607887773,-1.57970353611085,33.8835044737287,35.1798943070426,0.00363821284413971,0.0402543852968738,0.0920324572908734,-0.0392819755784815,111.653397663264,66.604545940076
2012-11-08,1.56414563336023,375.618239239949,16.282158613205,-1.1063499409258,-1.58950364074887,33.8791202385577,32.6185633779055,0.00141261137711505,0.00866951736863013,0.111669738645013,0.00769264124806432,123.720279496949,100.018677976016
2012-11-09,1.43626720258375,373.901407009218,9.94467211641916,-1.1725476806463,-1.58706751445688,33.8771062585828,41.7430215583317,0.00294157213212965,0.0171206206425853,0.0120525460906437,0.0148630494983331,64.7297737357669,41.7075852532399
2012-11-10,1.34957655355698,372.525700266768,12.0267170289668,-1.24694167441524,-1.57632961334326,33.8704878463436,44.4161713004273,0.0120899219879084,0.0848587543456017,0.051715900113507,0.0142798618025143,75.6844548333709,40.9812513835658
2012-11-11,1.32813647425756,372.564886697909,11.7502020103175,-1.18246088055303,-1.56995696786605,33.8648701512057,38.434172486165,0.0447273472894613,0.0780442822986925,0.123026248520082,0.016722990041561,135.833229707798,113.846641324423
2012-11-12,1.29787340033345,372.528076171875,8.22369825258488,-1.14681723878773,-1.56506164788235,33.8622940310582,33.6199906628463,0.252560318475871,0.174071104463303,0.174789923983507,0.0431748359098367,214.657448747696,148.86807019391
2012-11-13,1.22754372038492,371.644702818336,10.170256678651,-1.14330031908797,-1.56718971034293,33.8745980925566,50.6232492354235,0.0696825913374165,0.0562986180088238,0.191976663413962,0.0911519097694662,276.15682145922,162.615966910439
2012-11-14,1.26164416569035,371.712395272604,12.5002057843092,-1.07540540986376,-1.57227942351548,33.8782718313529,52.7743718460021,0,0,0.154755613652238,0.0680204447152724,199.26884577333,149.069716697825
2012-11-15,1.30584994685359,372.433747454387,14.3482433644737,-1.01658252601521,-1.57329876686719,33.8717295946541,41.3929442098105,0.0013614116323879,0.00224120303755626,0.124128374071256,0.0679949095646138,158.66579790281,129.505617109822
2012-11-16,1.31526621849072,372.940063104397,12.9140316684072,-1.01754923548937,-1.57535227799383,33.8748370233657,50.7859322654734,0.00207308814539735,0.00999086544335145,0.124414202167719,0.0801726598418274,167.170972050695,130.632418445299
2012-11-17,1.33537017354151,373.310456066597,12.8433753164803,-0.955885535349891,-1.57288979196999,33.8728518672639,49.1446870502673,NA,NA,0.157223453280213,0.07158052554799,205.250292822175,161.063878610424
2012-11-18,1.35718770870348,373.579154782179,12.562818015494,-0.878727824903532,-1.56555587576147,33.868964000913,44.2081841109735,NA,NA,0.170746324169129,0.0316461705113793,208.549427058517,170.506199869218
2012-11-19,1.37838537300505,373.758069294255,13.2649298004988,-0.819548109684557,-1.56826588933767,33.8664455748441,41.6672400231303,NA,NA,0.155817377829721,0.0657091102890881,199.983509272564,161.873060862829
2012-11-20,1.39493646817963,373.763348463105,12.8514426975715,-0.768323470233825,-1.57499643536875,33.8606055616206,36.6425999591225,NA,NA,0.149895715724561,0.044065267893306,179.093170643619,155.197968509504
2012-11-21,1.39640294560572,373.187622814644,13.0125388168707,-0.708912458828828,-1.57351004980836,33.8478587738737,25.5484417324607,NA,NA,0.152895673098955,0.00255185819649503,177.900900055537,155.344348597329
2012-11-22,1.40417479596487,372.777434558403,15.681540640389,-0.644234965043834,-1.58252268474594,33.8386743728288,22.5303627662813,NA,NA,0.137997204103531,0.0571367452712918,170.437491879515,162.259694683471
2012-11-23,1.38836967945099,372.714246052067,13.5842677558341,-0.708410325199969,-1.58846947168693,33.8481223792361,38.4323190593848,NA,NA,0.157035646610736,0.118845912588914,251.906726932449,180.835073315428
2012-11-24,1.41989391060864,372.69251604778,15.5584488903604,-0.712567761560522,-1.58679898563828,33.8490120325333,43.3768533199583,NA,NA,0.124404317595055,0.103940030220549,194.02034559042,154.689819340539
2012-11-25,1.4413093015915,373.094214834818,15.8176578196084,-0.682079893907635,-1.58158777181597,33.8465944565581,43.6521789213585,NA,NA,0.100628709800129,0.0946312669146801,160.528531559115,132.140333418921
2012-11-26,1.4253102711788,373.179782402225,15.003657146198,-0.652841432746525,-1.57828510241953,33.8417489930847,42.5762058636438,NA,NA,0.103136087738872,0.0143696463964729,120.322441253623,122.256091123431
2012-11-27,1.39530443890793,373.18760122904,16.8309332335868,-0.63403609956083,-1.57178437420231,33.8384459285762,42.7197376668212,0.000474396632006853,0.000604326919753953,0.0724594257721695,0.0737567712802958,115.520145960963,100.405326225159
2012-11-28,1.37688733455611,373.828850350729,18.1226250950883,-0.487469166768627,-1.56253738699333,33.8352890477972,34.4062232482128,NA,NA,0.10168306080074,0.0625938335421034,135.969582836477,144.140005366871
2012-11-29,1.36223652922526,374.019114796708,11.8999913174932,-0.448978777376585,-1.5578904188918,33.8304579885382,33.6562339496999,NA,NA,0.166629413929586,0.0438016803379644,214.741047931661,220.010192980732
2012-11-30,1.36540844091555,373.747886843798,14.1655391774526,-0.449410730487744,-1.56329685135892,33.8280795325152,36.3598610109646,NA,NA,0.172125217418077,0.0640081460870471,236.605979686527,223.19992534689
2012-12-01,1.3881508435418,373.868104888172,18.329507839389,-0.402761646007237,-1.57462329275695,33.8271157731894,37.314130777933,NA,NA,0.157137787203316,0.0712831657073195,219.727777556327,201.978843743182
2012-12-02,1.39150724178407,374.407914324505,19.0895312995445,-0.324480063278183,-1.5853603738844,33.8258184106083,35.9113500443226,NA,NA,0.138627343523277,0.069671162257069,195.302577067588,189.269371672443
2012-12-03,1.38776104588334,374.906503072599,19.6394797360025,-0.296699570187753,-1.58944639181479,33.8228468283629,36.007724257455,NA,NA,0.124335125752306,0.0893084437570028,199.883599007984,174.510710992999
2012-12-04,1.38442456031718,374.798513645079,18.0582578647427,-0.29689429511345,-1.57675876469426,33.8213600539646,38.2463662202863,NA,NA,0.129564045788909,0.0954805134158385,221.419163855596,184.55234805318
2012-12-05,1.38638791769016,374.406596858327,17.5857799809153,-0.274603675100726,-1.5666056974375,33.8185408794285,38.5326059292524,NA,NA,0.102144339216142,0.101043036742973,207.329666322027,157.169814995143
2012-12-06,1.38258433123914,374.417582814286,18.8950421635698,-0.21680581939687,-1.56141384362209,33.8177089099138,35.9356495590828,0,0,0.0967374970676445,0.0751274270225472,187.734127180404,135.283153049415
2012-12-07,1.36415338189137,374.745751729826,20.1993122566037,-0.162575292090575,-1.56135577373659,33.8145335219328,36.2266256960458,NA,NA,0.0709182618439761,0.0562537264797771,156.155041044983,97.9308196373815
2012-12-08,1.34343996498643,374.989853277439,19.9604741422141,-0.0953011307236959,-1.55693656165912,33.8114198846856,33.9117905118687,NA,NA,0.0897013537796885,0.0757089672200432,193.856947388654,122.819489920184
2012-12-09,1.33041706862973,375.033357201553,19.9409408801939,-0.0492945398416436,-1.55833934080585,33.807704910093,34.7387967424998,NA,NA,0.0985727262370258,0.0926436513018833,223.967806133363,129.038903610972
2012-12-10,1.31905033275848,375.219562809642,20.7665855303043,0.0387697703181169,-1.56267700890298,33.8025423067945,31.5677134067263,0.00048638874432072,0.0194555502384901,0.0999376162052074,0.0827335787839011,221.899630773904,124.973636397467
2012-12-11,1.29187002305577,375.879138109161,23.7675921858811,0.196531930583933,-1.55831833712646,33.797052277888,23.4584796573469,0.00522629469633102,0.104525896906853,0.0956930310066975,0.0462588119231335,188.206833746634,114.967903598993
2012-12-12,1.24046137347454,376.49666130252,24.4175526456135,0.38237013127881,-1.55335918032689,33.7920750194555,17.5312576705788,9.15555283427238e-05,0.0119022184982896,0.101054568713413,0.0305909961009556,179.89725405662,116.083644544877
2012-12-13,1.18521535105822,377.021605700981,23.1350738827775,0.695313600172237,-1.55048113538508,33.7842538141207,12.3620560178873,0,0,0.116322060702582,0.0440422040881657,195.555467184604,139.92285355887
2012-12-14,1.14378045190398,377.363170344655,21.7913982054082,0.898219430937297,-1.55290449357387,33.7740087522025,10.6845673819785,0,0,0.129113476054791,0.0540964260405777,210.374754306391,154.830672806982
2012-12-15,1.10689788929573,377.704970941311,22.0547246525927,1.24396770130768,-1.55699586868286,33.7650691352875,10.5439185825919,NA,NA,0.115168040957649,0.0431913102344784,177.26534745683,131.571407528827
2012-12-16,1.06764520541197,376.823572298376,15.517606133368,1.03872813057159,-1.56228533190111,33.7530819819524,10.577278918422,NA,NA,0.143320027246126,0.0222608022512453,204.608703781514,163.96920269465
2012-12-17,1.09049886047113,375.332559725133,21.5246356347712,0.817379728904781,-1.56696936797838,33.7537758810478,11.2185384953714,NA,NA,0.111171392917472,0.0959903911037644,195.086306417175,125.282945119327
2012-12-18,1.10578732156172,374.498188297923,21.1057063312065,0.841711507072011,-1.57125884447342,33.7527318123059,12.1217382639526,NA,NA,0.133934658659212,0.0731900578538175,204.009063176093,151.947432217076
2012-12-19,1.10162435435667,374.281386212605,22.7297193945908,0.887771473561543,-1.56928564324553,33.7509011231292,13.1108098885952,NA,NA,0.123587195644615,0.0778094315335818,189.570314420265,140.502807340719
2012-12-20,1.08890365173177,372.901791828435,22.4212658405304,0.917930184346944,-1.56356908467456,33.7492454261111,14.2512384947495,NA,NA,0.0584176165754335,0.0364171070890066,103.866701172417,48.6643832584156
2012-12-21,1.1057373872254,371.102153126786,21.0612630378909,0.795788933471469,-1.55323562560937,33.7517743387364,20.6842193256023,NA,NA,0.0532183497993328,0.0519745456162895,107.461441777034,45.3889709668606
2012-12-22,1.07579334062047,369.800934954387,19.8982770850019,0.860583066296803,-1.55006928064241,33.7469309241826,19.095073938048,0,0.0114444410428405,0.0958684816624713,0.0776677533692596,157.284474097107,103.156004494308
2012-12-23,1.05815374724022,369.102392057093,18.3669581238816,0.89112529700544,-1.55598682189277,33.7376456215636,19.9107542578508,0.00507915179644312,0.156625347478049,0.0983453822069564,0.088297749604331,166.1077470956,111.686971394634
2012-12-24,1.04359269959898,367.990945211271,19.0221151782245,0.86678660048647,-1.56795411409154,33.7237145891074,21.9879487085278,0.0443917161707456,0.524070621778568,0.0631597234381114,0.0704726336747609,120.120795861151,62.7574719225663
2012-12-25,1.0097996628866,367.007447777725,19.8289288776677,0.954445643966336,-1.57096642826894,33.7069562121763,18.7460261922777,0.0610888997185975,0.900997955277562,0.0680097362250291,0.0436880081117797,104.13544098853,56.6706227100687
2012-12-26,0.979626477128122,366.735654505288,19.4662757908426,1.07180475699998,-1.57087170160734,33.6902698511698,15.6727586017768,0.0350566117558628,0.741416670680046,0.105290916711896,0.0737427679794198,157.366107656395,106.715857902747
2012-12-27,0.961228540212643,366.802362209413,16.4058746768207,1.2243854444117,-1.57418713540683,33.6790385535854,13.1921513759495,0.0298682572849264,0.610716989179226,0.103980392016541,0.05780971742533,147.564954742377,101.178619992817
2012-12-28,0.943533971360544,365.994957156298,15.3283950700992,1.29834649572086,-1.57610144402817,33.6778524298417,12.254355811558,0.00919370106421411,0.22131005662183,0.123298896831057,0.057938216377286,168.328348343939,128.928432403322
2012-12-29,0.915454850691121,364.77230239496,18.2436791396723,1.39110694895027,-1.57442683810004,33.6825908707221,12.2553854014388,0.000991851557046175,0.00419629504904151,0.0808670483529568,0.0190771573729682,108.706508179025,64.7790509886633
2012-12-30,0.876619621384435,364.537212837033,18.8059130470927,1.49005907532657,-1.5650488847663,33.6926730795589,13.8661533798444,NA,NA,0.0944484031272803,0.0148070370640188,114.613203659552,78.0159997610922
2012-12-31,0.866406272642496,364.013755240091,17.8607140692269,1.60035964094515,-1.56105800437541,33.6930149351215,12.5863115565497,NA,NA,0.128249402903272,0.0683375736409434,172.480212528779,125.611595161893
2013-01-01,0.898133805612238,363.271401009909,13.2211822620252,1.51703793397638,-1.564883726972,33.6909907156961,17.0345596655821,NA,NA,0.13857050725685,0.0754387900032173,191.390192959919,137.451100572887
2013-01-02,0.936927395441183,361.8111557379,16.9357408721273,1.46254151231042,-1.56620660999365,33.6873787688179,19.5977438709192,NA,NA,0.115733107157283,0.102438404261262,184.600265949258,122.66482138359
2013-01-03,0.94271393629109,360.980163946384,16.961102904343,1.6116912762324,-1.55827508909017,33.6804575797839,15.3562474759162,NA,NA,0.0973766971273943,0.0232723198790862,115.642396498569,79.6978879139602
2013-01-04,0.889120311817018,358.979147934332,10.9572822320752,1.49412656538239,-1.5529024348407,33.6767839233563,19.6035098424646,NA,NA,0.0896922929938908,-0.0433840585744333,117.210670747074,69.3138117325881
2013-01-05,0.828671041785217,355.70295380383,12.1947954631433,1.48424598031681,-1.54876039996643,33.6667944821912,15.9777378154348,NA,NA,0.0910258818915498,-0.00429153664593111,101.986606981351,74.8980217440471
2013-01-06,0.79494572794292,353.718839319741,11.7526842413879,1.61481676410567,-1.54809484227627,33.6532299180745,14.3595566215464,NA,NA,0.103308243297453,-0.00283356737370594,116.752836685071,90.9961183751255
2013-01-07,0.764253661763377,352.298765229016,7.21597241773838,1.50107835999385,-1.56258598882981,33.6525998443727,17.4602125891146,NA,NA,0.0179717366190253,-0.00585658843761031,62.7436655077434,40.9536386046593
2013-01-08,0.738985169224623,349.992490442788,9.34912801951897,1.40597329187168,-1.56702785018967,33.6489097914393,20.5637515334465,NA,NA,0.0685410302951831,0.0741595661219878,107.660238557061,77.9469555260027
2013-01-09,0.741790493995678,349.416442126763,12.9586722269291,1.5306242298179,-1.56136442212119,33.6439818924094,16.9379794858245,0.000241604866459966,0.00546789960935712,0.0967564425517914,0.0709825110912082,131.906493487384,120.922176399347
2013-01-10,0.736402499784784,349.66961744355,13.0352416329268,1.85577806625289,-1.55694644605583,33.6310475255475,11.3921356857547,0.0454032189974731,0.258713728324934,0.104762917869648,0.0376048992348988,121.808724388113,114.61440779647
2013-01-11,0.725575329327002,348.842482031845,9.55570569270995,1.74372596355022,-1.55214626699002,33.6174560886646,11.0317620252952,0.0438449260157843,0.218270926270634,0.131545072247987,0.00288463753425641,146.419044284232,129.049951729596
2013-01-12,0.743464335072331,348.317926174257,11.4731840854738,1.56270252169184,-1.56690223352147,33.6163111132005,16.3026920696984,0.0948879533267069,0.308163112299817,0.0855111338690868,0.0833703075433791,130.669483462576,102.714128563531
2013-01-13,0.770665280339194,348.444997275748,13.6333455806825,1.44693778241091,-1.57313525934129,33.5865319492685,20.620999502267,0.24821828698771,0.776269322655842,0.113238908581727,0.103706095975983,174.501781896169,143.568321323936
2013-01-14,0.800083970878182,348.834830679545,14.9244608472033,1.33987143641783,-1.56973044898024,33.5522964621684,22.8590235999721,0.306391001531544,0.932721947568158,0.112966260290862,0.113967069594363,190.427852820354,139.066708610431
2013-01-15,0.83120642638788,349.355946238448,16.1306582369455,1.26854362676621,-1.56621814337176,33.4961523810218,21.935025220297,0.338550320149944,1.06128116943083,0.125972664232558,0.0792715194083338,173.296401703576,134.266854239525
2013-01-16,0.86648568365632,349.843960273557,17.5826386242378,1.24964636842772,-1.56617942834512,33.4520550005832,21.0754822256111,0.32106763940312,1.02883678918795,0.113255382996862,0.0850374995153925,165.139516200399,125.619891836257
2013-01-17,0.909745444975248,350.42054004204,17.8713205674799,1.25605253786774,-1.56843021990638,33.3960095816135,17.6461653741587,0.346051358050873,1.13323845375926,0.119039484816283,0.0644167070346162,156.983800096619,130.229193332329
2013-01-18,0.955453607730749,351.043228893745,17.7867700762865,1.43038810058604,-1.57345115237551,33.339059971283,10.7677622639377,0.330738500932292,1.09650050968893,0.116610359531223,0.0408066654535119,139.626496924979,121.032650573604
2013-01-19,1.00265301945733,350.686185511147,14.8059438205347,1.51278956159044,-1.57407758416113,33.3851753806296,11.9378446676792,0.272544638539981,0.929813591156736,0.169517346510762,0.0543550716740722,214.295771319163,174.11304479698
2013-01-20,1.04778657817259,350.458678827053,17.5877121483407,1.54171764831512,-1.57513605583052,33.4951738777109,21.0588020525481,0.127141778950318,0.47585032133793,0.158090821478652,0.111883903447634,244.055229868088,150.472686950334
2013-01-21,1.1097932170804,349.775045255335,17.9991032146826,1.64025264898976,-1.57206196228341,33.5098071825488,21.3240372211183,0.0132419814541936,0.120761742554605,0.14612476479428,0.0762979209312463,195.987918507302,147.683334063095
2013-01-22,1.15092809461966,349.301479804807,16.8529260391142,1.72837230863801,-1.56638494355154,33.5162916428004,19.7468356313976,0.00943530579873671,0.211849316644172,0.153501924720571,0.0657568855133214,201.163570459395,151.378493786321
2013-01-23,1.17013150998732,349.200125717535,19.758099474558,1.83820434932204,-1.56515226029513,33.5158118120572,15.8589173727512,0.00926999747753143,0.249743143717448,0.0967309075620091,0.0469869726793727,116.222541889015,90.8221361275008
2013-01-24,1.17282358357092,348.717041387791,17.5891962283995,1.8022513217852,-1.56678444171241,33.5168662566727,17.0281758495027,0.00575083150761202,0.180631428956985,0.138407412534341,0.0725467390256372,174.341211139294,140.384081833998
2013-01-25,1.14402146419374,348.249885372999,20.4419889857129,1.69852496059197,-1.58426566033872,33.5247491483907,22.5764905965602,0.000762962736189365,0.0104271570841471,0.0484795378377804,0.0939072244542974,115.423988541663,75.7596810091894
2013-01-26,1.12496720944963,348.291728694264,20.5804382533562,1.72774068945855,-1.591495789497,33.5157027070822,19.0726277985875,0.0343237858614884,0.324020730447955,0.106220886986024,0.0560115552010887,134.50866658372,114.382423060915
2013-01-27,1.07809282548544,347.622589483494,13.4406300201649,1.68164908844731,-1.58300743958889,33.5134231809341,21.383756340274,0.0351039156628152,0.36932482222716,0.112670547973651,-0.0057116152866971,123.850868687863,92.7221884845168
2013-01-28,1.03007237358791,346.335533328173,14.6489574734758,1.70360660100514,-1.57416613397972,33.5430747996136,22.4004222468326,0.00333796185441315,0.0535981326829642,0.153866828865448,0.0426072987618475,184.189968557828,158.625270216292
2013-01-29,0.998995776946952,345.366482246213,10.2719177385656,1.73916820500061,-1.57209408975001,33.5489087381505,22.0804103421457,NA,NA,0.161058653563301,0.0465421684227089,202.308794576014,171.621959288977
2013-01-30,0.976207736788726,345.036025628811,13.2431381969917,1.63970701800667,-1.5851408529539,33.5670469183671,25.6876489289216,NA,NA,0.205516008175055,0.104924365375367,321.126295034687,210.203276727944
2013-01-31,0.980847637464361,344.345579566025,12.743768651311,1.61225271611079,-1.59011277833931,33.5609555521153,20.0285450102668,NA,NA,0.119485936299791,0.0523419206592477,153.274312721965,126.851614935349
2013-02-01,0.971434660074187,343.862740121237,16.1928549219922,1.63328108485089,-1.59119183766214,33.5551071939198,18.5652215368191,NA,NA,0.0739536383735989,0.031115700293448,97.4122520845191,65.0220883938873
2013-02-02,0.959010719889548,343.795390431474,15.3537873116935,1.6539704096623,-1.58618861251836,33.5546603029074,22.9446896592937,NA,NA,0.118436528085737,0.0735137762147405,155.947814536538,139.895243342034
2013-02-03,0.952698228199307,343.653861813429,14.0570530484362,1.71675204715909,-1.58076570793363,33.5478997378536,20.0707602262819,NA,NA,0.12295046664885,0.0403009067300843,139.771503255657,127.365291332502
2013-02-04,0.947266536151491,343.502128042826,16.3018643739747,1.79277797942219,-1.57842842834359,33.5431345889443,16.2940430338727,NA,NA,0.0871725597050589,0.0515017350997359,103.723050260235,77.7066865556102
2013-02-05,0.944442414655918,343.097365216511,14.4115990487541,1.81086964822813,-1.5805581362463,33.543188118259,19.7474534334602,NA,NA,0.174607059426917,0.0538666107303459,216.31259805622,169.779913768668
2013-02-06,0.952161315010815,342.820126789372,14.6581566682676,1.84108173750673,-1.58055072001278,33.5401115005637,21.3643991609334,NA,NA,0.129423191336043,0.0638812946585508,150.945555464883,109.201407181604
2013-02-07,0.966038537825026,342.907666090058,16.3879571833262,1.86533443615665,-1.57892677722833,33.5356552082839,22.139305749242,NA,NA,0.131057435131346,0.0863455534081871,170.740749504753,126.420780954001
2013-02-08,0.979759216308594,342.838036886076,13.5809558891669,1.8764239013919,-1.57018019281096,33.5317775556433,23.6230161206121,NA,NA,0.142567978907935,0.0730640298652987,176.61928930908,136.992677376935
2013-02-09,0.980271531677828,342.449934796589,12.3337606569616,1.90894007216259,-1.56275525749454,33.5271421270332,22.685838337691,NA,NA,0.161476275110655,0.0397300747161613,189.503081621696,150.591426784421
2013-02-10,0.99282058310218,342.356134554235,17.256541705713,1.95947180891487,-1.56408019989287,33.5244671387872,22.106357323496,NA,NA,0.160437575487392,0.0639957905258084,203.326271963183,170.555939360523
2013-02-11,1.00774410766799,342.531311407322,15.9011237679458,2.08508747743692,-1.56782891119701,33.5117120318085,16.0701994516267,NA,NA,0.126076451755366,0.0343644182611252,143.262514906019,120.344990445523
2013-02-12,0.976160019999597,341.773881865711,10.6956014284273,2.03351688031082,-1.56415721713773,33.506026346513,18.0088044191018,NA,NA,0.0516689485202917,0.0298183547249931,78.5621557213796,52.2711977447387
2013-02-13,0.942348380641239,340.987256305974,13.8945897904838,2.00241814660318,-1.54975297126049,33.5048648458422,21.73198039329,NA,NA,0.0768102696529928,0.0315456777489298,95.9242172051893,60.1393459955853
2013-02-14,0.909363231280955,340.525986462105,11.8274915247429,2.01359755918886,-1.53220132874091,33.509605294458,23.393818379092,NA,NA,0.127299663192227,-0.014043456604566,142.443059001421,122.929962510003
2013-02-15,0.836514982145007,339.571173319002,7.55016347547857,1.95661319943092,-1.52885747422413,33.525595527268,26.3241720328286,NA,NA,0.169808116730167,-0.0317104199144602,214.01465319306,164.687240092229
2013-02-16,0.784488448282567,338.604222367449,8.92034746088633,1.95960722270443,-1.54646265780234,33.5274756273277,25.6514056240499,NA,NA,0.159867566963721,0.022000509225003,187.150694647102,170.423356138666
2013-02-17,0.788293567735974,338.49707961664,11.890890859976,1.9581848385363,-1.55486287005678,33.5238657190732,25.9852147224622,NA,NA,0.162956484632413,0.0965496909411249,230.188522525372,191.031341863321
2013-02-18,0.803313453749913,338.514680815906,11.0354538022018,1.92538300313448,-1.55870795153413,33.5186743382339,26.8762646648083,NA,NA,0.179592984840374,0.0857879007272875,255.279632723991,215.790210641409
2013-02-19,0.818730490600191,338.680517057093,12.0868287086487,1.90270293161132,-1.55663467209671,33.511433939863,26.4701748795194,NA,NA,0.110542901046323,0.0826693290590677,157.197627271745,132.789329750288
2013-02-20,0.82380221311639,339.036184915682,12.4709407585423,1.84341448923515,-1.55243951267237,33.5072249645485,28.0751767293644,NA,NA,0.078880256411397,0.0903034868188876,136.468940283053,95.6441024789013
2013-02-21,0.832201931898187,339.428320907965,13.2634156855141,1.87027077394941,-1.5501430010506,33.5032238516248,24.3353205808261,NA,NA,0.110041260799737,0.058687793787232,134.115051321922,131.767475124901
2013-02-22,0.852646917831607,339.991223963296,13.4579804699595,1.85399094171691,-1.54417192018949,33.4981292024476,27.0630412224012,NA,NA,0.142821681880557,0.0855276079323047,191.777497797706,184.944535868901
2013-02-23,0.884728496757949,340.439568868498,12.3724078550571,1.83760534510439,-1.53408433438634,33.4926351220341,28.0337852382789,NA,NA,0.148667562285416,0.119162217813183,240.199484329156,196.89449239552
2013-02-24,0.925615885272259,340.847422530011,13.3214444997834,1.87236234421029,-1.52879857807829,33.4844288742333,26.1835233479859,NA,NA,0.140124027073062,0.0785927811785829,191.641640222598,189.744428603437
2013-02-25,0.956444108631553,341.104588578387,11.465278009089,1.91112850873898,-1.53092004654379,33.4755780815917,24.8775287002687,NA,NA,0.154204550436754,0.0884147165255186,219.438656906252,195.803649192647
2013-02-26,0.976556081233955,341.046032789277,10.8410554891679,1.90073294646022,-1.54412908512249,33.4688957564422,25.4267383245965,NA,NA,0.177598779757134,0.0988980923778052,268.939113389185,228.878087786999
2013-02-27,1.00153731936362,341.141129656536,13.4975719917111,1.87882683376873,-1.54773240967801,33.4631935304958,26.1516044773714,NA,NA,0.154395651544838,0.103733278524417,239.600482474759,206.544000803574
2013-02-28,1.01802490070099,341.174304124786,11.1815397797561,1.90372894521345,-1.54608828239595,33.4530227444915,24.6370049179324,NA,NA,0.181317013093898,0.0992852366364758,278.447197056919,234.282799784538
2013-03-01,1.0149552516821,341.130704926281,10.3213505803085,1.85716585334335,-1.54801947240405,33.4464020413748,26.5861122604967,NA,NA,0.140526821809179,0.134017030176846,257.157489979095,191.086599716702
2013-03-02,1.02735871658093,341.135369277582,10.4188016042477,1.83292304102065,-1.54102698897543,33.4382863527367,26.5739625192042,NA,NA,0.178854115935754,0.112350123960842,284.270339689983,228.311863279663
2013-03-03,1.04087734803921,341.179615299876,10.2382666541309,1.82561342741957,-1.54041538290006,33.4320590576501,26.5412199867238,NA,NA,0.171004969239557,0.0841314172103257,245.241889075194,204.17996316478
2013-03-04,1.03455827439704,341.010985211628,10.0187140354296,1.84001321823169,-1.53845535872275,33.431346563836,26.7282025045068,NA,NA,0.223687906657797,0.0797130288694471,332.969177788905,238.969383835543
2013-03-05,1.03530446748908,340.961873868617,11.8770010674872,1.82794123268642,-1.54127204112518,33.4353932163172,28.7139650375737,NA,NA,0.17575696084583,0.0748720765516021,234.505038026044,183.795646285791
2013-03-06,1.04246006760655,341.22507234899,13.458539794131,1.83786333202511,-1.54233174398039,33.4269852014045,25.3357181690643,NA,NA,0.10596883140615,0.0527224753469269,119.658725555845,105.925996002527
2013-03-07,1.04258106430856,341.641663341987,14.8399222653087,1.83769924759704,-1.54252078674744,33.424629371015,26.2207961822489,NA,NA,0.11040287000327,0.0712485698110822,138.793381468591,128.914634728279
2013-03-08,1.04222366213799,342.176635742188,14.3335553640273,1.89744534762765,-1.53600357981668,33.4235606894963,22.19902478989,NA,NA,0.115808888520749,0.0479177664186147,128.825588138213,127.890019320559
2013-03-09,1.02905848549633,342.311994599133,10.4331085914519,1.84112127798932,-1.53001478809094,33.4170182365798,24.052375659608,NA,NA,0.136577125920257,0.0292944742339021,151.398963510342,146.705651213372
2013-03-10,0.99088692774133,341.913344220417,11.6315715138505,1.80105429976254,-1.52598766405412,33.4188263567514,26.2490082893938,NA,NA,0.0911873293972691,0.00727419586356996,92.6507840953736,71.9457291317059
2013-03-11,0.960963654081996,341.704889064882,11.4650370493168,1.75623385642382,-1.5295460959356,33.4210834220032,28.3334102707836,NA,NA,0.0826989826714864,0.0623426015128089,98.9476502129312,83.0064423701424
2013-03-12,0.95089324109438,341.839132541563,13.0210210230292,1.71467036242105,-1.52285755999819,33.4207415973287,29.4291524809864,NA,NA,0.112083241609949,0.0852113027381994,142.921479090101,122.841583730207
2013-03-13,0.953843371897209,342.203110113377,12.9215232337393,1.69078141458926,-1.53489651242409,33.4182519693928,29.4614831999085,NA,NA,0.108102244127657,0.0901263889815161,147.621689700979,112.120567304504
2013-03-14,0.963653947885444,342.470775325124,11.0093414143818,1.68668031869469,-1.54185728634256,33.4143104810625,29.0918426565152,NA,NA,0.154558746186908,0.0849683079692597,204.516847372109,165.292055309859
2013-03-15,0.959949186298905,342.307070104087,8.84157794277843,1.69089014214864,-1.54995725431584,33.4109888321314,29.365520742419,NA,NA,0.175625167022913,0.0845309170050981,240.723952694186,173.690523772625
2013-03-16,0.977795677214134,342.437444175162,11.663718967903,1.69359455272736,-1.55299633749423,33.4068475020559,28.3404118438803,NA,NA,0.115915970824025,0.0910365900550133,160.627971810183,128.412002707779
2013-03-17,0.985172820890822,342.56113043064,7.68668908898423,1.6902100880619,-1.55086374813728,33.4038512864415,28.084443463005,NA,NA,0.167781786744291,0.059803099159086,206.307761710695,161.61071079163
2013-03-18,0.957187754715361,342.203868586843,6.4240134053114,1.6803374150504,-1.5477068774935,33.4032335422943,28.6628948886063,NA,NA,0.16678180104667,0.0605996280767818,204.00396643502,137.964786948629
2013-03-19,0.946913127855557,341.978148297566,7.34345553560955,1.68665857466287,-1.54820151464177,33.4011598656535,27.4059111328743,NA,NA,0.148608255020359,0.0608294437288755,175.866287588523,124.805171803979
2013-03-20,0.925328883456021,341.624484922828,6.28825857581162,1.7040425090172,-1.5401134909245,33.3949963496282,23.4597152460281,NA,NA,0.148099201104218,0.00666959165983837,158.733714716549,126.06178374626
2013-03-21,0.90099134314351,341.324299137767,8.36542355141989,1.67474375337403,-1.53343730947749,33.3988018473472,27.5245255394342,NA,NA,0.152440984465695,0.0385307508813627,170.284285602967,110.712068542771
2013-03-22,0.850284304560685,340.757760396818,4.88563447754558,1.64880277174204,-1.53866705125482,33.4075250664221,29.5938947693056,NA,NA,0.204853744234754,0.011013845849013,264.696555176455,176.78085125394
2013-03-23,0.826722376593729,340.479051543445,7.62867205608182,1.57421009920226,-1.55571828985665,33.4129474089052,31.8988454718339,NA,NA,0.101016678051789,0.110794133241521,160.14288071762,89.3722382051535
2013-03-24,0.836685162128472,340.695686154249,7.73717521458137,1.51844351397835,-1.55670427423418,33.4150478553515,32.9414582336158,NA,NA,0.069925689212626,0.0271116389104953,78.5403909626042,42.6189635468371
2013-03-25,0.780660348331056,340.227341070408,2.67274566685281,1.46643008884952,-1.54341945281396,33.4203134709202,34.1133937809953,NA,NA,0.133405012313613,-0.0348569976515294,150.793919793954,106.489407744476
2013-03-26,0.694760050352027,339.454244846251,2.5494402821471,1.43496365376651,-1.55085592376076,33.4019442981715,23.2616126643501,NA,NA,0.151188119129855,0.0127477583785852,159.116479862935,122.808443015172
2013-03-27,0.700150204140966,339.689185910109,7.09711838931572,1.39115933794403,-1.5638433792974,33.4012914083586,26.5420436640339,NA,NA,0.100865938920684,0.113456368220118,158.077065434366,97.917000016184
2013-03-28,0.713219679346899,339.990100395389,4.49098666993583,1.33810309585129,-1.56931365211966,33.3984228126433,29.0617771380343,NA,NA,0.109204369940256,0.0206875133952792,111.884241501812,106.823564147844
2013-03-29,0.708967888137189,340.087777486662,6.24257989627559,1.32398896170692,-1.57865535939432,33.3960546269591,27.4398891999815,NA,NA,0.118886274525672,0.0426155358562988,127.782229590593,125.385141531344
2013-03-30,0.714470039780547,340.379243059856,7.28706777095795,1.26167585130645,-1.584349265948,33.3985545973064,30.8111344117385,NA,NA,0.0787369307537793,0.0190837469640692,76.2949418239819,63.4948527646748
2013-03-31,0.716008231043816,340.653493369498,5.74355206838468,1.22148037914001,-1.59092371956057,33.3957312580062,30.8844447579944,NA,NA,0.118772602219049,0.0394837848952746,125.526813095565,111.714588657163
2013-04-01,0.687855175355586,340.701058736662,3.23630398511887,1.2127760557028,-1.58113020280434,33.391830969436,30.133837685733,NA,NA,0.17495384215102,0.0648524504300715,224.616551550351,177.421563653872
2013-04-02,0.670690095642718,340.869217291111,6.09262256506013,1.15142668508164,-1.58357332962566,33.4027865895054,32.5466946088351,NA,NA,0.202360369767818,0.135953575800023,350.248865377459,222.12012281241
2013-04-03,0.682341807862607,341.297408313286,4.18324223378809,1.07071251520704,-1.5815795381703,33.4145329021088,35.9125855544962,NA,NA,0.201991347055606,0.0933841677551006,314.304955601247,203.45911549646
2013-04-04,0.705500872760284,341.822998046875,6.23908515383558,1.00322484980148,-1.58216725557278,33.4198190532072,37.667297065982,NA,NA,0.122999889461899,0.0761216468053308,174.029752899944,119.232001685551
2013-04-05,0.720410720967665,342.226540170065,3.70376474828255,0.977609070447775,-1.56695454210727,33.4172696462366,37.1650390419078,NA,NA,0.149324059974045,0.0229856680812221,191.516276227385,136.539750091235
2013-04-06,0.712125219949862,342.352102512267,5.24887860693583,0.98052402216735,-1.56299454866633,33.4174137707503,36.6269495162243,NA,NA,0.177383791046989,-0.00224543734882203,237.832757773512,172.795692609357
2013-04-07,0.725180590661561,342.741407068764,5.1797436621131,0.951808450715905,-1.56531329515331,33.4179717821953,37.2607953963492,NA,NA,0.187461900566271,0.0786240822993792,280.88038008497,175.19009032481
2013-04-08,0.73159340460126,343.155510506979,3.35309281436408,0.893258380865761,-1.55571375893839,33.4167732516764,37.6256996726218,NA,NA,0.156474698983465,0.0586350763143718,224.843771926685,152.171111951538
2013-04-09,0.720382383683833,343.387370411943,3.68001964034104,0.890535190721594,-1.55454573827556,33.4145286086439,37.3680838277305,NA,NA,0.188344919428169,0.0334369190962289,269.552674752286,168.816057012742
2013-04-10,0.703255657742663,343.513191409227,3.03414230085001,0.911044617654824,-1.55988297690908,33.4078276424434,34.6144163463762,NA,NA,0.170617825116625,0.0130797144121084,233.715997657363,146.777477704988
2013-04-11,0.708551630377769,343.794842975896,5.48736738286367,0.90132317558313,-1.571252662965,33.4028215446936,34.7577421378832,NA,NA,0.159544671655666,0.0699726408158961,232.780001397216,136.144840901866
2013-04-12,0.730961076006657,344.198801552377,5.31132640198963,0.878509662210861,-1.56811391293761,33.3983919964789,35.3193074752766,NA,NA,0.125348290803059,0.0353858204968223,168.389014848196,95.9837959204891
2013-04-13,0.741730651477488,344.480754945336,4.42006688583188,0.869882438749115,-1.56350730739624,33.3944196507998,34.9607870472588,NA,NA,0.123068257648493,0.0623582520455564,178.660410726135,105.370905679145
2013-04-14,0.728703767424676,344.498182715439,4.09552523566455,0.877621042422759,-1.55295391410951,33.3919917735976,34.8959197007049,NA,NA,0.163647578579252,0.0132362193876674,221.15097241018,134.750139208371
2013-04-15,0.717713722005123,344.526040426115,4.69615858938636,0.861639722437672,-1.55301240211235,33.3916087749033,36.4471744056012,NA,NA,0.178454615738791,0.0959689744953041,282.336856137005,159.757579530719
2013-04-16,0.731728786012022,344.844435529011,5.05636816489987,0.82603463035846,-1.55048278163158,33.3886269892436,37.8450128514114,NA,NA,0.147034966214667,0.0845926953341395,227.44380999414,138.939677259832
2013-04-17,0.733388330151395,345.012215963224,3.09626583791361,0.799459061883239,-1.54035319088281,33.383244075595,37.5301491149202,NA,NA,0.114097216160272,0.0334031469768036,158.062176660965,84.0669561063536
2013-04-18,0.70423558390722,344.923016059689,2.41568933463678,0.813156066454856,-1.53741460113551,33.3741605503839,35.1642438049419,NA,NA,0.159108104830289,0.0272953265802822,214.956032692381,118.229496876156
2013-04-19,0.690810887551889,344.959201347537,4.12037639210864,0.832814435184243,-1.53838287239615,33.3604313725563,28.5407795925372,NA,NA,0.113635937468364,0.0642429038319189,164.616352105962,102.015419946
2013-04-20,0.685592375150541,345.123303297089,3.58594798460239,0.825866594186679,-1.53386852213567,33.3592596169908,32.7536520655499,NA,NA,0.179663824347349,0.0907417013889302,280.077749802805,152.549465852408
2013-04-21,0.660689321596448,345.092416158537,1.55784021935812,0.798146397096586,-1.53307982028415,33.3538746647185,34.4467911314868,NA,NA,0.161589123730959,0.0557594995407762,230.520626550246,124.186548899006
2013-04-22,0.641607027955172,345.102962959103,3.18309112874473,0.724354371418435,-1.54064890134994,33.3554870821686,37.4273911371887,0.0016638797783661,0.00348212644132937,0.0812533691766774,0.156978810771636,245.217294055568,161.000373807067
2013-04-23,0.637147263055894,345.456445461366,1.35983646424805,0.63643635063358,-1.53980665731366,33.3582670698282,38.4551770909112,0.000121827920778624,7.38351035021967e-05,0.136391790525915,0.0859559379095732,229.87184681155,142.101871079697
2013-04-24,0.625688619003063,345.768334737638,2.2760965576986,0.639974026323652,-1.54153562444746,33.3534133849356,36.2727536061193,NA,NA,0.140731102300559,0.0968742331190791,238.998351515917,129.569161557843
2013-04-25,0.620712988623759,346.029882291468,1.6219477624428,0.649528420848242,-1.53185784092799,33.3439880350502,29.9289394280849,NA,NA,0.145908128922647,0.0636753666135464,217.436948522651,122.551598563122
2013-04-26,0.600630570475648,346.126564956293,1.7888801039719,0.642427369127711,-1.52449715877512,33.3422912206405,28.8791191265811,NA,NA,0.117675418609831,0.0231504105132038,162.149896432999,76.6213331612157
2013-04-27,0.589089324198118,346.368052412824,2.62674908085567,0.642028035080706,-1.52631550070084,33.3460947569565,33.3463125499154,NA,NA,0.18077089249404,0.109674709226921,312.661345597535,148.757625449748
2013-04-28,0.599058215937963,346.82997354647,3.50263645300051,0.600241153044739,-1.53100488945218,33.3466939578655,35.8567793121544,NA,NA,0.15783217584013,0.0560066130932285,235.841367760092,122.178775463854
2013-04-29,0.603595185934043,347.092063717726,2.88647978916401,0.616281780113897,-1.53248963021396,33.3444081614053,34.9974421618278,NA,NA,0.171908580571132,0.0279839493625882,244.963236293652,147.918070242909
2013-04-30,0.598880718394024,347.254400113734,2.7433081952537,0.624363377800918,-1.53602005643883,33.3412698238646,34.6731057533851,NA,NA,0.178983438644412,0.0197163573824442,255.835223002625,162.475108252433
2013-05-01,0.599446479140258,347.52949337843,2.88047361810033,0.602504712498059,-1.53001561209901,33.3404604593913,36.031611844113,NA,NA,0.179424124554946,0.09264859366614,293.358387180669,152.085493145
2013-05-02,0.598126966415382,347.820839858637,1.97236690434014,0.534382456508886,-1.5285650528716,33.3375733461779,36.5781444917645,NA,NA,0.149954199142422,0.0819411682776916,243.820734325044,130.494295791709
2013-05-03,0.597442789048683,348.175057387934,2.60022316764041,0.479845509787722,-1.52545883909733,33.3361873961332,36.6949056658828,NA,NA,0.1567366398147,0.127994051954725,298.855513017839,158.567277369837
2013-05-04,0.596644043195538,348.418305932022,1.9341841238301,0.410783233289455,-1.52018049805753,33.336803142841,37.1086147555456,NA,NA,0.142805207555915,0.0511071772971938,219.320166689456,125.08685931907
2013-05-05,0.570547745358653,348.346592600753,0.922065796648584,0.408054113729924,-1.51663812709402,33.3324497598707,35.3156008134808,NA,NA,0.169640079638374,0.00758391140121841,246.08014860839,154.850004789618
2013-05-06,0.533892004591663,348.223006085652,0.876678646337695,0.406171107662191,-1.51377325775491,33.3239758757927,31.6043685753497,NA,NA,0.12565718270969,0.010832629439279,181.328962286988,97.7872031636507
2013-05-07,0.520045261557509,348.329918093798,1.78295734306661,0.349621669996364,-1.51699973584508,33.3205183495072,32.1817904136442,0.000812848761247901,0.00146723603113339,0.110353447562247,0.0994656294453562,206.152692161693,127.503401479143
2013-05-08,0.522237074084398,348.498560835676,2.22891606354132,0.284411400134264,-1.5149626979622,33.3223675458859,34.746416100928,0.00348378630024531,0.0203292650441008,0.120562527238237,0.0521335218066548,183.735678961794,110.839116378268
2013-05-09,0.520682176438774,348.531210178282,2.38399784594047,0.224351961200858,-1.50438088733658,33.319305435366,35.0748710387792,0.00140236389717825,0.00427067191955054,0.139542486704635,0.0137872822763707,197.74256223293,131.687392918334
2013-05-10,0.521825199083584,348.636669251977,2.43006752903869,0.181407599213474,-1.49955599558981,33.3151003983018,34.5256614273215,0.0043488876738896,0.0109357995291551,0.118212478423891,0.0450578403537251,174.366728127398,110.797687079617
2013-05-11,0.523008625318364,348.85178431069,1.80069805354607,0.125120101197448,-1.50597765104652,33.3088773297556,33.9284705060375,0.0128177740145475,0.0227362890727818,0.135595261296521,0.0544605065745461,198.295692949236,135.421218798077
2013-05-12,0.51771579682827,349.011357377215,1.76036130509725,0.098487203339977,-1.51383091788865,33.3040318868743,33.4303310165199,0.0136400781468385,0.0199218049852384,0.14006224843735,0.0362564834606471,198.092235113789,133.634395228456
2013-05-13,0.501948608857829,349.033167397104,1.05868754881184,0.0660758060321473,-1.52288350466935,33.3022629432833,33.8259184215716,0.00184630231511474,0.00324765549131991,0.0861758688482357,0.0544201446478425,142.082918031431,65.041420342812
2013-05-14,0.4831846171036,349.147976386838,1.37052817897099,-0.0103524272881861,-1.52716104044766,33.3072196044098,36.1333402203806,0.00836106491341424,0.0287740268928853,0.0621177284160124,0.10699435217399,165.609590372157,81.9045221916443
2013-05-15,0.4764509397309,349.517856132693,1.26581740452022,-0.120712299809845,-1.51948693149325,33.3140131066203,38.7084684693701,0.0228189551562025,0.0473197802642658,0.0998766612708971,0.0918743046963344,179.510114117495,112.802703912656
2013-05-16,0.470487574978573,349.730917209532,1.27071897067675,-0.191795963125351,-1.5180672659726,33.3110951309101,37.5120274328832,0.11718286697965,0.111865789770986,0.113898701799905,0.074204870357647,177.57190128009,121.07960238084
2013-05-17,0.462322273632375,349.87832939334,1.09724816679955,-0.212853981174438,-1.51134701698576,33.3118920268317,37.4457186352708,0.143637538005666,0.115088027022654,0.114645807809032,0.0172106272034478,150.844757591522,94.4620847551262
2013-05-18,0.450508528366321,350.181799539706,0.775406491465685,-0.223804071042863,-1.50115358362957,33.3083253827011,36.3446222915341,0.188337352091017,0.148333371064247,0.155447531034026,0.0639430728719624,223.864592182775,167.225300769503
2013-05-19,0.435046345358942,350.732984589367,0.557438919820437,-0.229071541725785,-1.49888220087558,33.3053455944808,35.8442175449469,0.101480499755305,0.103152562477268,0.175996661145999,0.0735154238488027,268.777529135126,198.388605379034
2013-05-20,0.419350277359893,351.293969503263,0.688756664715162,-0.202368463823187,-1.50173841893432,33.3092479422668,36.899392039187,0.0506621389046173,0.0712663710324301,0.191255915271528,0.0566589925312481,287.591811094224,207.656953155181
2013-05-21,0.401850435428503,351.767245408965,0.309730437652367,-0.167042115891752,-1.51127247192599,33.3086693180717,34.3883076125954,0.00195100471111281,0.00523174447672708,0.175640817585825,0.0385216899749078,247.057340285878,170.528297724615
2013-05-22,0.389466729105973,352.221498070694,0.749449339581699,-0.183405967326219,-1.51832055595079,33.3035149464884,30.4666172277268,0,0,0.145203031830781,0.0701802160525531,219.446568779894,149.887161744586
2013-05-23,0.379568805781806,352.357099951767,0.63187828260224,-0.235545913468891,-1.523701452855,33.3104876313615,35.6352007771954,0.00539536152208443,0.0314070881946407,0.035026682332138,0.0574901172848526,118.716051427391,64.2819402631364
2013-05-24,0.372380991897932,352.369550007146,1.1040687670068,-0.355593621288395,-1.52651071838039,33.3284569507347,41.3006886560746,0.020566839440732,0.162234089632648,0.0361131575717698,0.0885193279608782,136.957677156709,60.404490358298
2013-05-25,0.375510714403013,352.721051471989,1.00179342453073,-0.450579084063831,-1.53070300085503,33.3407261085253,43.0572535338511,0.0425139603817665,0.220201398193792,0.0839815014940605,0.0955299361735864,168.706025551674,89.3252802287226
2013-05-26,0.370745980158085,353.063477306831,0.590444549554732,-0.548704864515065,-1.53602005740409,33.350231778123,44.1945932262179,0.0777415270714766,0.207567049865328,0.0388322292340671,0.115548595605109,169.6518570395,79.6785683371373
2013-05-27,0.367898202887396,353.644462771532,0.977303243991805,-0.656789315404438,-1.52847980037231,33.3573177095689,45.1515399621405,0.136583457721018,0.203124156323552,0.0743317218414444,0.111768583848811,187.338543755474,87.5577584699897
2013-05-28,0.370021945456179,354.174286260837,0.75927959128124,-0.723918176262404,-1.52040495885368,33.3549825176697,43.362850316623,0.209443055283071,0.238011004094027,0.134694944871099,0.10099031929525,231.264712644066,140.375781215396
2013-05-29,0.369174307439385,354.913819475872,0.5875320347344,-0.76471660461141,-1.51054677950387,33.3509051365408,42.300468281374,0.199189029352811,0.214586203349515,0.150070342759372,0.131075556526984,283.853461237758,170.14718364822
2013-05-30,0.361281470918074,355.600927957674,0.19547977407531,-0.810086632627546,-1.5008063906761,33.3415972494725,37.7206323677712,0.126815221542231,0.180175669900377,0.154861872002744,0.0394664870301078,219.173908320597,141.458372411577
2013-05-31,0.351210533482272,356.146050429926,0.350549192871989,-0.832997999069823,-1.51203234330845,33.3360269832225,35.717366097588,0.0588331874557197,0.0966127449549377,0.103413678112461,0.095868481632307,189.058693867208,90.1510300743066
2013-06-01,0.347976617696809,356.339353980088,0.577775290826472,-0.848977344067875,-1.51400719062198,33.3467248049181,41.409830250399,0.0861778396517396,0.226097948368099,0.0988256055434384,0.0767748500302173,167.967970696843,78.5214008232297
2013-06-02,0.344995388534011,356.482197459151,0.487499228701359,-0.881567651966484,-1.51031325590594,33.3533329777068,43.4036239914888,0.0827409667907033,0.241435182870626,0.149357008728904,0.075881946942544,228.990924982688,155.371957263438
2013-06-03,0.335889320184545,356.619791914777,0.352460384732339,-0.897360177738303,-1.50633143654719,33.3540064802697,43.9960784024073,0.0361240326759669,0.130390031002902,0.183102819646298,0.01649729305735,254.786907205587,167.758299507817
2013-06-04,0.328422757910519,357.024398803711,0.385436346981584,-0.892928939538929,-1.51330497808624,33.3487883605133,41.5603635095553,0.024217498391583,0.082359553734149,0.150109880899209,0.0660287103642095,211.579891430595,144.841495061026
2013-06-05,0.32564845372264,357.291680312738,0.487954837156505,-0.920650124439263,-1.51084454886505,33.3464964430342,40.7226489204788,0.0124135944852605,0.0634289069380611,0.127812012120096,0.0679240702939259,187.115013338232,127.514417234776
2013-06-06,0.323574979494258,357.521022145341,0.563995721863537,-0.916329592094328,-1.50829598601209,33.3455224339618,40.3826619816213,0.00736135318120186,0.0292070383810111,0.162972135426585,0.0277417780939545,221.627567067373,156.078978736829
2013-06-07,0.317695989659647,357.789369536609,0.217104143667512,-0.904889229056645,-1.52093172202065,33.342927765428,38.9807050630309,0.0158959341813521,0.0289925843926853,0.128388609601418,0.0183943005457179,167.662128502166,96.1633081269294
2013-06-08,0.310777393419568,357.948878218488,0.359649089051456,-0.932593609810921,-1.53511273651792,33.3400386084429,37.7980611958163,0.00543893219468773,0.0149068549492568,0.128749395370001,0.0763868818841322,201.963216268399,123.427076674098
2013-06-09,0.304187720686924,357.995783736066,0.331789421962529,-0.935533272049688,-1.53832109431345,33.345188907927,40.8453818963446,0.00602877964176853,0.0271191224613685,0.205253244044609,0.0923553521665726,346.964202570688,223.796519842053
2013-06-10,0.296386709482205,358.488542510242,0.166674067152709,-1.0093470441728,-1.54334737929577,33.3364449319569,32.5063326780291,0.0154489454082057,0.150998958348032,0.0928018039115045,0.0593064011108537,154.187924737065,62.9480264829725
2013-06-11,0.292034923848582,358.750854864353,0.436245679855347,-1.04928650709017,-1.54114147960416,33.3486668770773,41.9580103195952,0.050994998096726,0.235849182847912,0.0836594303298173,0.102949105389165,186.613734725259,77.9331531313561
2013-06-12,0.287880613309581,359.139632806545,0.164444589487663,-1.0906799852285,-1.52800081294236,33.3512327474782,41.7314896615732,0.0645198783032368,0.25573548094243,0.163645107500185,0.0277384831978564,233.918575409975,154.126409385297
2013-06-13,0.282277834669846,359.811911606207,0.252234721510876,-1.12610814612806,-1.52216811347426,33.3510494412359,41.4409254527124,0.0420479008002368,0.181206004793273,0.146066281869103,0.10358336300422,245.763345043895,146.749848104068
2013-06-14,0.278529333450445,360.513167218464,0.169999129434184,-1.17433381245526,-1.5183407390005,33.3555880352231,42.8218777832876,0.0509488948927547,0.207894445494441,0.150270504623088,0.077947815118531,233.006401812067,149.177405278122
2013-06-15,0.271459686501724,361.113334097513,0.0941523208123882,-1.19393188563677,-1.51579423262845,33.3517577702861,39.8851402877313,0.0491296450632649,0.200874570969705,0.170850935488859,0.0344237254960173,241.548818426577,164.273009707889
2013-06-16,0.265771027200106,361.790049855302,0.204526319372945,-1.21813417735853,-1.51271231663533,33.3503698022099,38.4436451799956,0.01926469721434,0.109702182980118,0.130445417328442,0.0825021156938131,201.801654207993,127.053209085383
2013-06-17,0.263269671579687,362.13855464284,0.268519306146517,-1.24219511881692,-1.51047676536236,33.3616731208667,41.5193839427109,0.0330834237362131,0.235014995745217,0.138857158712852,0.0430661059674705,189.963070259166,122.601313546203
2013-06-18,0.258269350884891,362.120031961581,0.128940468336024,-1.27346880426291,-1.50369679525635,33.3720745338924,42.8995125959759,0.0413490730154037,0.242179696558799,0.116178735100266,0.0169182095862674,146.637442072958,81.064956331988
2013-06-19,0.254184690553968,362.181016875476,0.257633677343043,-1.29899759938521,-1.50725975773434,33.3815864377659,43.2238489413551,0.0528113951837847,0.295517985119263,0.1234899977481,0.0566095698941574,166.858983452153,114.700018343703
2013-06-20,0.248437654499601,361.856770585223,0.0948401166171562,-1.31791364193445,-1.51337499271038,33.3914298805309,43.9981376979998,0.0501571478810475,0.280786040954698,0.0624142644145148,0.0115369027191409,96.3084831871237,48.1534589460408
2013-06-21,0.23927248814484,361.344998615544,0.134504362486485,-1.33708865423756,-1.52456140614714,33.4107110181801,45.9262403817634,0.0824143387051739,0.348248729638142,0.0292920030542874,0.0629274367521971,94.9668393094072,41.3264716488045
2013-06-22,0.234572571588726,361.535275342988,0.156162123218542,-1.38640261203171,-1.53241673140069,33.4345368450952,47.7128706184315,0.173356974614324,0.402118428847809,0.103862601207939,0.105273619178537,176.439107635264,119.165719581251
2013-06-23,0.230603487208122,362.040744316287,0.099158115912138,-1.42511836977301,-1.533041103327,33.4442071284038,45.8006243042939,0.180902326162829,0.362344491727871,0.148095906509763,0.126114342381798,254.260090844324,195.861625857606
2013-06-24,0.225030330441347,361.992810133027,0.125707601219779,-1.45192325766753,-1.53892034348528,33.4584426365079,46.3094721432479,0.22440638919782,0.380363180200279,0.0894567116029188,0.119071609558042,171.425555588056,118.569177945642
2013-06-25,0.221833957222904,361.91599962188,0.162495883681425,-1.48150471138407,-1.52886406242767,33.4682323337406,47.5009708533242,0.260978559209926,0.406156674834338,0.0737370021601035,0.0769758356154448,111.389946919574,79.250489238618
2013-06-26,0.219035406846826,361.947392905631,0.0993230900977079,-1.51561427502497,-1.51928265069017,33.4735637927345,46.8510624644888,0.269248107566364,0.413783213403956,0.0765137335137237,0.0612824850146346,96.6282369348308,72.3793216367193
2013-06-27,0.214638459064612,361.979049682617,0.107231101770772,-1.53556719997473,-1.51570939084618,33.4749126511547,45.7116634533634,0.22605666547374,0.386190158293501,0.155473066144466,0.0640518029148762,193.00551373334,153.554732860015
2013-06-28,0.209678671890643,362.125792340534,0.0790396102635962,-1.57314030522438,-1.52390367186826,33.4604443847409,26.1948493012854,0.141279764176893,0.329623224103913,0.109173892596272,0.0445084248074958,117.563363132345,99.325490586035
2013-06-29,0.207879980708041,362.198664223276,0.260988586922971,-1.57346945993009,-1.52502886373826,33.4819327958039,44.6529882292033,0.139760152510947,0.40174775837585,0.0714833275861183,0.106508362309331,136.761714833826,114.410037154568
2013-06-30,0.207611815413324,362.062423333889,0.193974764427034,-1.57955042690079,-1.51629422824232,33.4967554275163,48.003434784821,0.145130287717611,0.442644003298581,0.0951707979083544,0.0536079653733575,111.533638242293,84.4176863732295
2013-07-01,0.205674390785578,361.680845679306,0.166081693159734,-1.58785838113944,-1.51731233156001,33.5069159483298,48.7443632378108,0.138066704977585,0.450347764602285,0.0806388804606098,0.0511129433226328,90.368979844892,65.1463552876051
2013-07-02,0.200516258616273,360.980716240115,0.0904701416857722,-1.59354396765692,-1.51223744618909,33.5171258439902,49.8864392552138,0.139910840245238,0.436513530588162,0.0341181285810052,-0.0122955409752132,50.4144216150183,35.3197207906586
2013-07-03,0.193399499647501,360.251868643412,0.042310358683874,-1.5888003784957,-1.51426789602931,33.5218478420325,50.4360607535894,0.130106202433233,0.373996920211243,0.0448815659714131,-0.00810367333000166,54.9980799897104,41.5998825478443
2013-07-04,0.187763242096436,359.757594783132,0.0556767406964266,-1.61209329154327,-1.52612275150623,33.5181412021158,44.4878341337608,0.139933133377705,0.348191431290812,0.0786751523292177,0.0253431303539739,70.3264766167658,52.3485211242374
2013-07-05,0.184860901498213,359.585387811428,0.114694074591304,-1.64092945199907,-1.5322672273466,33.5186107445021,41.8610182117354,0.154139100729613,0.341933751964073,0.107227462506005,0.0646646443337162,112.432574101728,96.4698597410043
2013-07-06,0.18264712538661,359.557202967202,0.0939793714390295,-1.63549295562482,-1.52953827091557,33.5250934801604,46.3232692636137,0.158557766786033,0.332406355407122,0.136501343953505,0.0688400375336288,154.919001120632,126.078334281446
2013-07-07,0.180662188769841,359.604954044993,0.104040214383021,-1.64483483069339,-1.53367618510598,33.5274760957993,45.6157010769554,0.145418551762298,0.308271482557477,0.0915522336376662,0.0458090652268023,89.6540879643081,75.5580685538387
2013-07-08,0.17828619843576,359.530577124619,0.0774743059740924,-1.65075369241588,-1.54176750485553,33.5325214319062,46.7032061060752,0.157191255366218,0.349508101176803,0.130132407060599,0.0395257942096988,129.775054954252,105.818309815742
2013-07-09,0.175981564129271,359.595307140816,0.140566630947699,-1.64913361757873,-1.54855612205912,33.5381206610264,48.2699054146585,0.141154859495991,0.308614302841896,0.135375330714803,0.086480641976381,163.423219340653,106.0088430368
2013-07-10,0.174365350931156,359.937801826291,0.0937980688290625,-1.65603401384212,-1.54521761844676,33.542218737274,48.6090686427437,0.147494203344969,0.302138398581411,0.137232799625952,0.0399796592722698,137.491011401464,100.049071932682
2013-07-11,0.175019791940363,360.222151221299,0.296981852592492,-1.65971303677913,-1.54195572104049,33.5458575260301,48.9797387773048,0.102772802521542,0.240542007012678,0.168618677427814,0.0464960406213878,191.507282727928,137.60023089136
2013-07-12,0.178859835172572,360.395574057974,0.312515933566341,-1.66879297203702,-1.54636752106722,33.5542119035193,50.1506446009545,0.0794464038322364,0.330531725813302,0.11309887804644,0.0442003567028142,113.273862711047,79.7448455532765
2013-07-13,0.180165775120258,360.308774622475,0.146106887131748,-1.67240379776871,-1.54807878184093,33.5586742910779,48.9793268839518,0.0872752147641249,0.33961932251529,0.0757929858388367,-0.0141258278406664,72.7446113434628,44.1903817730901
2013-07-14,0.180841272742283,360.328783733089,0.25433821008518,-1.67956909830914,-1.54391244822025,33.5644154362029,48.466978182516,0.109519285182236,0.359635510939386,0.0932441369332524,0.0600024373917847,104.79045138756,73.2326973412524
2013-07-15,0.180916432563852,360.243594285918,0.126106196628293,-1.68627674634318,-1.53885733083836,33.5746540373314,50.7665746948819,0.140048817311711,0.37629737350963,0.121634175993412,0.0173358312442235,120.952239720438,86.7209601012444
2013-07-16,0.178330427989727,360.195555151963,0.0932043655207608,-1.69444532609983,-1.54375017509769,33.5779900287005,49.4072448998167,0.12141754581654,0.331922144574352,0.0988165451145848,0.0167584096040079,93.3613077596415,67.5822031353845
2013-07-17,0.176756222982232,360.117642658513,0.224418218724611,-1.69064768605869,-1.56422434741186,33.5969661604538,53.7298768940564,0.201211909840183,0.455653495875447,0.100151781078212,0.0693210849284563,120.80781665522,92.9182866231642
2013-07-18,0.176765865123853,360.086141446742,0.207656614028099,-1.6976805331736,-1.57146683170406,33.6075343030345,54.4034669003506,0.227934087666855,0.452176403782146,0.128466038493372,0.0823826777488597,163.096657944974,117.848394801037
2013-07-19,0.175438739359379,359.917912925162,0.12420116067387,-1.69797015013161,-1.56984988655317,33.6196201339907,55.2535372488251,0.278227180725167,0.467484051701028,0.0817797209227938,0.0027635519200491,84.0931618547241,53.7293895433986
2013-07-20,0.174885947893306,359.467702353873,0.275198464849737,-1.68933007865139,-1.56761803720322,33.6417781351066,58.0372704404247,0.39187145816582,0.490012559853746,0.0742337003491025,0.0482538408535695,87.368437621489,63.6688420579925
2013-07-21,0.173180651919144,359.279622519889,0.0777747929550526,-1.69623838359045,-1.56365392854822,33.6496426457496,57.5560169271451,0.403488003169959,0.479694544545069,0.200588566511266,0.0602306053997614,267.636481702956,193.312557380603
2013-07-22,0.168418074344716,359.671211428759,0.105240049135939,-1.70826390703358,-1.56483718949934,33.6447745360504,52.5966559473159,0.357857088921012,0.400109428685557,0.192024438487373,0.103339544508742,293.648659774798,205.914297821523
2013-07-23,0.16597396844044,359.770917566811,0.273072409784285,-1.69906338265068,-1.5666872430266,33.6518337852076,56.0558323750773,0.435983008853073,0.389437391157495,0.138201484258077,0.140503757883381,259.038539371204,179.829801217392
2013-07-24,0.164901149163886,359.888281101134,0.105999082667617,-1.70994625754363,-1.54852646581235,33.6516525896616,53.4982080961529,0.47534868378732,0.385251116718851,0.172344324288339,0.0406724006068288,219.600714684399,192.431576347394
2013-07-25,0.16360888902734,360.073620307736,0.185616429554435,-1.71472740543355,-1.54034413113768,33.6519347742984,52.8303839378511,0.385589731955529,0.312415222496589,0.184164583853945,0.0489844729251627,240.145183332433,200.957001860723
2013-07-26,0.163990364750711,360.295577258599,0.24080074987397,-1.7158364530517,-1.54867102742678,33.6599638729121,54.0257950794359,0.37389941356307,0.380441433545227,0.158557865577631,0.107664029638053,243.557653575259,196.132302302956
2013-07-27,0.163154512825536,359.662622591344,0.291127152195791,-1.70676146119873,-1.56582523196654,33.6827353916348,57.1241859701159,0.486381176253341,0.430460280493686,0.133678484512003,0.141370301927954,246.03050109565,174.030183233072
2013-07-28,0.162976524451884,359.252109806712,0.181061476241888,-1.70648864575243,-1.56543726380537,33.6986226430628,58.6140743183543,0.566621277250058,0.431622743123939,0.121124298481444,0.103160798982007,182.599260135975,143.018746261177
2013-07-29,0.16384940140131,358.993320372046,0.231905942601038,-1.71386251050612,-1.5624163010825,33.7054779629315,58.0704247414181,0.596598865119954,0.429983557758705,0.0922729810058829,0.0893916385084914,133.579934861943,112.322171972509
2013-07-30,0.165613224230162,358.611888978539,0.196650762792404,-1.71728058398655,-1.56344758933372,33.7135873967015,58.222811494279,0.593028694190155,0.435739241610815,0.0826956880317848,0.0531977569274655,94.3057813156483,82.8600742498823
2013-07-31,0.165003548853281,358.136527456888,0.140514855238995,-1.71889077442699,-1.56561189286622,33.7238364637944,58.7471038725695,0.603053983602567,0.441583473190122,0.140614958980225,0.0914525644710431,192.439715207104,169.556169544202
2013-08-01,0.161479939411326,357.039149958913,0.224274949346692,-1.70755518721505,-1.57713808607959,33.7387991839575,60.1447363877908,0.655158880791362,0.457553180143257,0.0652198256389332,0.10483458079649,124.839354630514,78.9743305024426
2013-08-02,0.159510703802836,355.907714099419,0.204955976393937,-1.70538849820975,-1.58742747615706,33.7525284390057,61.0211651811072,0.697298105931797,0.476522225077175,0.131803717735687,0.116927488688153,207.222232696449,153.565795137448
2013-08-03,0.158369795033118,354.926071911323,0.130978787272442,-1.70599046393766,-1.59332895713296,33.7614388819809,61.2911365962061,0.714713683510237,0.485114565262428,0.154865167064746,0.0834287911723902,206.861834726282,174.472049724642
2013-08-04,0.158459184191576,354.291689616878,0.274443098730067,-1.71125002621639,-1.58957036336263,33.7651414343542,60.7462515245404,0.71312778137936,0.488501049045287,0.125870524223155,0.0866865698755914,170.814030715823,141.441823022581
2013-08-05,0.160725561311332,353.714966192478,0.384173230972232,-1.71397124112215,-1.58804937686354,33.7704337630999,60.6344325738719,0.705079090893369,0.494136265977996,0.165407026500797,0.0982671295532733,241.639316960072,183.257129219111
2013-08-06,0.163670664062587,353.23835121713,0.355173196325578,-1.72139650752187,-1.58296954760506,33.7725774994102,58.4495379786421,0.685417150565789,0.486399554973028,0.191718017695002,0.0555535717421135,254.46569288926,202.045157671089
2013-08-07,0.16691495332776,353.024853590058,0.322642433843235,-1.72990906962499,-1.57640209773935,33.7695400891838,52.5408495235057,0.666221325724372,0.455472279727137,0.192113399083315,0.0247129911152136,244.338149355477,199.164664345225
2013-08-08,0.172118839149068,352.92508716118,0.493308106255604,-1.74604656516138,-1.56429271755914,33.7663440215282,47.4597852606522,0.647993827469938,0.43424111669041,0.152358613335169,0.0601877724191277,190.397058350055,167.272230327182
2013-08-09,0.178339448825615,352.690450156607,0.542514355217175,-1.7312583096436,-1.55999912198899,33.7757426582367,52.6466965154115,0.636549334593529,0.444988491081516,0.181552594198309,0.0783596708164041,253.53780162765,215.9255437568
2013-08-10,0.182378376039063,352.532087744736,0.290208177368452,-1.73623517489465,-1.55026861739706,33.777046038876,48.671052894129,0.633464433014011,0.44527781995041,0.13844283159405,0.0327532386077963,153.724348513747,149.384555513345
2013-08-11,0.186416307782255,352.550768968536,0.55460109220954,-1.74360014246865,-1.5540906367836,33.7768791651758,46.3088543656384,0.634717452092229,0.44041071532548,0.166419367669163,0.0520223207047835,201.808557323173,183.06104611577
2013-08-12,0.191541806408545,352.178425114329,0.640733652816313,-1.73700023678794,-1.55115163454964,33.7854723808093,51.662361331636,0.646357884633075,0.447672761242721,0.167822148243667,0.0726389946886081,214.882977320616,189.341175375118
2013-08-13,0.192179204668941,351.523474716559,0.370194511624371,-1.73110114369798,-1.55312648250667,33.7936518227684,53.7848598529131,0.65294510623322,0.460332177026391,0.124666257722457,0.067639066235699,148.747326404311,145.51255971656
2013-08-14,0.18922799662119,350.362657128311,0.352904152034259,-1.71823543141245,-1.54805406948172,33.804426020778,56.3768739944849,0.678872196076692,0.477786622750453,0.0870251153041477,0.0362564834707018,97.5075819351799,80.3772808651968
2013-08-15,0.187710866513776,349.174233413324,0.322541745924732,-1.68515682429598,-1.53049130590982,33.8075149628798,55.2492129934622,0.685597592358969,0.473497145893442,0.1161779109464,-0.0278142646065688,136.630361281835,114.161500872485
2013-08-16,0.191053007070611,348.71701273104,0.491228571752223,-1.70212956671773,-1.53111650103982,33.8017199538176,47.6974259967263,0.710879770533638,0.468955406092117,0.110048674217924,0.00336486134331236,106.463379576439,108.701530617028
2013-08-17,0.193789158652468,348.506659903177,0.315464323863569,-1.70532128106245,-1.53932972813425,33.8005873285003,50.1790627738242,0.728862987270682,0.467123677534291,0.0900679052167656,-0.0297639897236457,96.4120577960775,73.0310890324102
2013-08-18,0.198313929140568,348.507603715106,0.618175382657749,-1.71659163231792,-1.54415791301753,33.7959538973295,47.9449513791865,0.757134256680847,0.465026302617571,0.136715509007495,0.0530519600600688,159.883207876341,156.161828198327
2013-08-19,0.200226468283956,348.205775191144,0.243665728490891,-1.71167901862166,-1.53903484103168,33.7968228915442,51.9733123895128,0.794825903357443,0.465938562484566,0.0505692937063222,-0.0273842873421275,75.3593917079981,49.2691963522235
2013-08-20,0.200743757551763,348.101070124929,0.378442157605072,-1.69567397474116,-1.53328039256828,33.7947677426975,52.1549408123722,0.798453168015972,0.47055649596509,0.0679034775376883,0.0148564598418762,75.9181314593789,45.5408701921258
2013-08-21,0.205408909335369,347.990995825791,0.556496551714656,-1.71076964093284,-1.53410163131642,33.7929762970259,50.6963536202023,0.809984973648138,0.478926433282986,0.055119475975693,0.0437300174362585,71.1408038507437,41.9450943177976
2013-08-22,0.210429170146221,347.787674694526,0.667055200717253,-1.72070458865198,-1.53408639167163,33.7972411079767,51.6543300039212,0.806954488424677,0.491118391917946,0.0775161902049453,0.0533007209047213,85.5787357094482,50.9676579977738
2013-08-23,0.213251871488443,347.864614347132,0.68198908053384,-1.73065535066581,-1.52599095799501,33.8023048225846,52.4012304954683,0.796819542085956,0.501954317696181,0.120528755159031,0.0985859054142003,173.438687686277,99.8723086421436
2013-08-24,0.213990544037121,348.51050772318,0.778154971691348,-1.7405982099564,-1.52336661165703,33.8051507308898,52.3754894923263,0.783799083443426,0.511638073826287,0.122814554313899,0.110555256904177,194.497525681857,119.066297031609
2013-08-25,0.215141700171843,349.252677359232,0.86243807324549,-1.74973547346035,-1.52713014979755,33.8057314863733,52.0381796858732,0.768205865810395,0.515781343747408,0.160472994748196,0.0729585949095235,218.187547195335,147.020499366965
2013-08-26,0.220633337955649,349.769338468226,0.913878393336767,-1.7528995156449,-1.52420185693362,33.8036104941014,51.7607949008504,0.745258036925484,0.50086186916722,0.204782904888655,0.0368017804747329,281.215261248002,173.331455838263
2013-08-27,0.228616808972708,350.452881603706,0.760719226627815,-1.76827886809222,-1.53280428627081,33.7928798742462,41.4973495704764,0.723368315776187,0.474087128068814,0.154845398055156,0.0422893462353229,193.562873137791,133.004729295287
2013-08-28,0.240139979414824,350.574683212652,1.18497748509413,-1.76852598283616,-1.54051381470221,33.7965494019461,49.2565059185672,0.72989849460672,0.49510412656183,0.074909967323828,0.0691588137515,121.237842092853,61.103193346017
2013-08-29,0.253333882405991,350.312064194098,1.16023869630767,-1.76990091913303,-1.53532031383592,33.800194291129,51.4885582943194,0.76068594599301,0.506251000561695,0.101297563708585,0.0739486959138219,146.988811255715,79.9851157372811
2013-08-30,0.264264308824772,349.825405213891,1.11987474433533,-1.77834923112923,-1.53287800844864,33.8007276537608,51.0353109498738,0.786005806504634,0.514525183661264,0.120418377748506,0.0593624132485525,157.387331966539,101.007366198244
2013-08-31,0.2703127523021,349.385467157131,1.02556202651524,-1.77528206346489,-1.52714456527339,33.8023524162097,51.6876905212196,0.817398067347595,0.521932409762049,0.111304010668023,0.0532702435758191,141.595393901395,90.5625272859928
2013-09-01,0.272329944662931,348.839000050615,0.785478918472441,-1.77434500766347,-1.53511520870301,33.8052868707943,52.302591259502,0.828884003455179,0.532592265229476,0.119280008425717,0.0658433753670308,158.323794887531,96.6438553383632
2013-09-02,0.276003927355859,348.347900018459,1.08843313757239,-1.7832707456249,-1.54076751797145,33.8058943754909,51.1102688605325,0.836697937274671,0.54146981532918,0.108698611488307,0.0557265511931356,139.349050527596,83.6057322137134
2013-09-03,0.28147401806058,348.390956971704,0.949778551553808,-1.77934460504818,-1.54094008540335,33.8078609523181,52.8124686535875,0.834399318596532,0.543928593638455,0.17341432548989,0.079039232978816,254.159569673899,157.90444715733
2013-09-04,0.286551270543075,348.782846590368,1.08281168050882,-1.78102300186389,-1.53280181842938,33.8066583702921,52.9290239588934,0.815946378977655,0.539337431531847,0.179358227397146,0.0975949806783363,285.263155252763,178.520746715475
2013-09-05,0.294973530602164,349.118651971584,1.29992389878849,-1.77845796448016,-1.5322219249208,33.805976759567,53.3484989364459,0.771639300774225,0.533125618570729,0.191967601884111,0.0789420348208765,295.073827000595,191.906802714035
2013-09-06,0.310321735172737,349.341527427115,1.5976182033376,-1.77844511320395,-1.54112994896095,33.8052272256087,51.7702676036902,0.728444437962654,0.527724129830295,0.171805616588848,0.053657387995366,248.462957881112,181.19684917257
2013-09-07,0.3270343296775,349.599884405369,1.39946469655488,-1.78155380157646,-1.55329163853134,33.8030218415254,51.208908378354,0.690494095864511,0.503050882585457,0.200191537348124,0.0566243967204763,308.80365215849,219.65114716108
2013-09-08,0.337555899670938,349.965181304187,0.946531842394573,-1.78531980755841,-1.55813217999642,33.7974845845046,47.4678165536178,0.6544440547859,0.470502954534432,0.191859696025227,0.0135517007446321,277.107536740513,228.463809228996
2013-09-09,0.351443417733762,350.521245072528,1.67360409367375,-1.78072152076623,-1.55632495477936,33.7987572056079,48.3436276594154,0.633823261373801,0.475160012803419,0.14750942352571,0.0947358782394373,236.011141555317,152.367193740133
2013-09-10,0.348684059774003,349.145109223156,1.49134544555734,-1.76257252339249,-1.54583869771919,33.8195700240039,54.9607079849552,0.662601526258526,0.507092216478186,0.144870252342198,0.118199299281908,254.283743495811,155.101308090651
2013-09-11,0.328924830185204,346.826988034132,0.832677183718216,-1.73946840463862,-1.55799873766468,33.8390816805655,58.5111105129947,0.688368250866007,0.52596756530355,0.163010026234002,0.123121798807672,286.475132929568,184.800903887904
2013-09-12,0.313252456304504,345.086450716344,0.911871027292275,-1.71906375466732,-1.57348904242882,33.8555703620035,61.3494143350887,0.715313396437971,0.541693245310854,0.133094473406371,0.13199976085611,252.46224705106,162.28455190532
2013-09-13,0.304079917145938,343.88213106481,0.797523459237887,-1.70285311321176,-1.57200306806809,33.8690094066213,63.3872766559101,0.748497950689875,0.553397156368544,0.130914109428482,0.122088040985599,243.565464893644,166.672933572763
2013-09-14,0.302503292880407,343.375955721227,1.04937797053376,-1.6974373774329,-1.5646876878584,33.8753601259548,63.907862400719,0.756974354574857,0.560199983166619,0.093686469990192,0.0924352522532226,172.691839619114,107.177068749056
2013-09-15,0.312087966356336,343.464728006502,1.4527753409816,-1.71097227371978,-1.55706670795858,33.8737043877523,60.3086548906911,0.76791159389352,0.559058114544422,0.128162089403462,0.0533106055427418,174.751790040781,110.377913150746
2013-09-16,0.329725204626235,344.375571646341,1.91860182601504,-1.72182351744931,-1.54855488524263,33.8689699160104,52.2760263937205,0.767734238855269,0.547245060947099,0.177809649573164,0.0666835609365974,257.542253287479,191.133554153431
2013-09-17,0.355952704279888,345.583425010123,2.20970201128867,-1.73263522503991,-1.5503505756337,33.8598965942136,44.8103173689643,0.741685549101721,0.50630145411129,0.207411367546732,0.0297697556787013,301.071323086647,247.052972051417
2013-09-18,0.393477958513469,347.110020335128,2.8789093661599,-1.74965738831905,-1.54926657258419,33.8467645683752,35.9144390494878,0.729650714067207,0.463280824760159,0.196249254691376,0.0111695273142112,280.656314501783,233.80496669879
2013-09-19,0.434167348030137,348.206484910918,2.53542589123656,-1.76090796917235,-1.54856518244776,33.8342504617174,31.2993894389123,0.686690813668825,0.4284704660512,0.186106071403997,0.0178605354719075,259.063044452132,230.932791622615
2013-09-20,0.479372344365934,349.23584319324,3.96869276791084,-1.76726668920272,-1.55261413610255,33.834075356302,31.1255863707075,0.613916112484559,0.436486759327362,0.108372421419894,0.089689822010344,176.86518368733,121.328157743603
2013-09-21,0.507120147892615,349.59462198397,2.80633503634755,-1.76468979154039,-1.55885951544753,33.8412539524588,38.2261853546266,0.557095981888,0.449340777398765,0.195817629672215,0.0687543715874434,295.490462828453,262.433085830042
2013-09-22,0.495123175222699,349.059765699433,3.10590536638004,-1.75185076476109,-1.56888037686728,33.8503435369123,47.4515480679861,0.506341043695073,0.442513238724105,0.188671933157764,0.122913399824367,338.870097640635,257.453662078076
2013-09-23,0.501560571717053,349.559556914539,2.89106169706438,-1.74483472197323,-1.56746812420174,33.8540934975813,50.9113422540518,0.460845812472393,0.430880374025036,0.162826338554161,0.127792242587658,305.613586661302,234.169526936278
2013-09-24,0.513543792614123,350.16660848478,1.66858188135595,-1.73973331197232,-1.55928125426515,33.8562021911868,51.8870285487207,0.427215424117754,0.441839853819465,0.171912699460219,0.0740047084788481,274.957438093863,241.67313106371
2013-09-25,0.531308270082241,351.088034280917,2.27170710374669,-1.76559719109503,-1.5544283594358,33.8420531135178,37.4261555317764,0.378894090221682,0.430593104369426,0.149179087170021,0.0636901936007415,235.035980255826,191.429048041119
2013-09-26,0.585485615017937,352.074724523033,5.87826592893135,-1.80681472445628,-1.54709403492339,33.8242570308217,31.0798702922105,0.358331780530658,0.450065642811469,0.11159642821482,0.0576457988807627,177.410612990438,132.474484900418
2013-09-27,0.656454858256549,352.791739859232,6.66466678206514,-1.77463264761344,-1.54175308825355,33.8445510349454,39.5556556415944,0.375066973521612,0.475335051334499,0.124308766955547,0.0793151761104784,199.006714214284,151.444770732768
2013-09-28,0.709553745461673,353.031884914491,4.89291414981935,-1.77912714703363,-1.53116304446489,33.842860382739,37.6802705154728,0.391023087302693,0.483583491320713,0.150089288379258,0.0670822372511733,224.980167143363,182.050232866716
2013-09-29,0.753081666987117,353.378054362972,5.51397941606801,-1.79996968200493,-1.53064575111657,33.8232973899275,25.4471251646034,0.387432580324224,0.466035348762898,0.159482893251214,0.0804716668892325,247.136560172849,195.168437388858
2013-09-30,0.812855998190438,354.23700025605,7.40131272484617,-1.79909094786033,-1.53458597302919,33.8098690068995,17.1830336278589,0.376193392238313,0.44977866830549,0.184273313353901,0.077332502660843,291.69021026001,228.670975409735
2013-10-01,0.865863985768179,354.803511456745,5.71878665758342,-1.77789157894459,-1.54172755252977,33.8072023378854,17.6595507466037,0.340643898831713,0.399145179464816,0.20491799343674,0.0557174903721462,319.518167519633,257.820933710623
2013-10-02,0.900417451088021,355.097959564953,4.50041685017144,-1.75901112463149,-1.54938971819344,33.8017225587255,20.2867785619821,0.316507915181658,0.354875875006832,0.196517784143427,0.0576235588122154,307.612444544325,252.388649050803
2013-10-03,0.981200627074009,355.663828407846,8.86726058401713,-1.75346392175929,-1.5448667158482,33.7757138292156,16.0833787030054,0.279082602571183,0.336776604778841,0.165903724282578,0.0442250682526191,244.602211495858,207.822651302813
2013-10-04,1.13041838422054,357.102678624595,13.9202010137279,-1.75814029658854,-1.5437345239315,33.7381831335153,14.3218715400027,0.211543445880629,0.292789380432397,0.150487964296671,0.0683589899276513,236.108648949234,185.6984919904
2013-10-05,1.29273536328862,358.532154362376,12.2048602598469,-1.74215601121205,-1.54235192783448,33.744556689552,14.5877244192579,0.161837426079399,0.269615750620589,0.17143494663471,0.0392902128790554,255.900614859158,220.554186270176
2013-10-06,1.35596385525494,358.75110049364,7.62862347393501,-1.71470171076405,-1.53452749307017,33.7614985734988,15.9157534392096,0.146733717753974,0.240250846374103,0.209973934952386,0.0212748194171189,322.015809746503,284.789218888076
2013-10-07,1.42580458303777,359.529598701291,12.8897692401235,-1.68763092558394,-1.53278040033281,33.7641899222144,19.764339511372,0.144155377610296,0.236759847468819,0.194152908809433,0.0754791517941817,314.55858971779,278.036786501796
2013-10-08,1.55727414241651,360.819026295732,10.3056049230622,-1.65819971474559,-1.5301832367695,33.7553246584338,19.361338684916,0.101780139912822,0.186543478939442,0.181393618384997,0.0253579571551559,263.763745511073,243.504158569719
2013-10-09,1.68030208131162,361.959056202958,12.1704364927804,-1.64256534225706,-1.53492369841628,33.7427280853313,17.0094363950042,0.0838111428148432,0.166769020966165,0.184710704252707,0.0415471820877149,281.726333593885,273.026983693626
2013-10-10,1.74712669994773,362.494757675543,16.4450661380117,-1.61085970038184,-1.54581068868418,33.7501539984534,22.1479547142822,0.0571371053928697,0.0957774994850087,0.219277755838697,0.054032176733017,355.197253989651,331.117195929036
2013-10-11,1.73504125199667,362.063908646746,14.0205932942832,-1.58866990127383,-1.55266273182574,33.7582883024023,26.2465371532157,0.0369628533270092,0.0755037073985504,0.219611359134256,0.0632701006073218,361.009157016783,317.256145129686
2013-10-12,1.7178766291316,361.602366005502,14.4003776457252,-1.57106949475452,-1.55632330933724,33.7670341522587,33.1704501320637,0.0316012413896192,0.0762760178457978,0.21831895552284,0.100866762692468,390.358699376006,332.732794190259
2013-10-13,1.74303883750264,361.876889484685,6.24890914195921,-1.54822336613891,-1.5498485236998,33.7595652118225,31.4383907099324,0.0589195495709229,0.131153625028926,0.219894715427709,0.0240515508411223,347.257234718996,325.996946522574
2013-10-14,1.71244639449003,361.676236780678,10.0243637910703,-1.52999726448625,-1.55011746403981,33.7588814698089,36.0847413954947,0.0228631810739881,0.038986321003067,0.250928868427772,0.0697568281680627,431.233412397463,347.861482632403
2013-10-15,1.68921751074675,361.142183629478,11.9570334190276,-1.54524119566327,-1.54365174377817,33.7726166708428,44.06568190926,0.0207987142885142,0.137923275884718,0.218780233802503,0.0933026206024826,379.953149643495,301.149677524207
2013-10-16,1.67992267376039,360.746362825719,11.4030545281201,-1.5605859524808,-1.55005156881253,33.7809299463846,49.0604624780405,0.0263238617639446,0.175696624018121,0.200363692896649,0.126198360920153,373.464734882912,293.977567387823
2013-10-17,1.69707939610249,360.72007825898,11.3286389199699,-1.58379386021541,-1.5557557714452,33.7903490414021,49.08991009922,0.041744409516132,0.276143087529139,0.161103134162915,0.114149933532584,291.002548686244,246.271403656684
2013-10-18,1.72606805184992,360.96090549376,7.73316420723752,-1.60428944966088,-1.55943364459976,33.7924536732044,48.915489415569,0.0441092851498842,0.28621604882794,0.161784343124844,0.0456113745477277,231.404511777001,240.908122137696
2013-10-19,1.80674866786817,361.871780395508,14.193374697755,-1.64028893630353,-1.57812818679732,33.7728307108808,37.1617440405162,0.0323219227484539,0.183156360774056,0.140779701331769,0.0742691198663029,211.916910392562,221.388271018908
2013-10-20,1.86992666343363,362.475009825171,12.9210069877345,-1.61269130800095,-1.58574463481363,33.7910492777342,48.5895054671768,0.0392280741690252,0.261207139943997,0.0737468868132062,0.0607635468324991,123.558237029772,92.4653633828383
2013-10-21,1.90306679359296,362.892708755121,13.0360412161525,-1.66096244392447,-1.57691485952591,33.7827506174765,38.1335177917069,0.0670448098904811,0.339391771618493,0.117131769094068,0.0943536761942019,198.056234838446,183.025142730561
2013-10-22,1.96084618931863,363.719477583722,12.3130224652407,-1.71231656792032,-1.55868859571001,33.7608002934218,31.8348019415872,0.0754555217700529,0.30752649408603,0.111458044433803,0.0708120027393626,175.392799218008,156.462839133345
2013-10-23,1.96529580907124,364.257513278868,7.11908649816746,-1.65702246847423,-1.5428893982801,33.7915251676531,41.0280399631392,0.0733214396544746,0.284901199819628,0.184202474329555,0.0607380115461012,273.010917611929,267.415213965083
2013-10-24,1.93931288617413,364.463566849871,9.72525798402181,-1.63477929127522,-1.54409531317903,33.7892968233137,44.3482149705874,0.0750240205148026,0.23097139731569,0.176557608265505,0.0909410395713551,282.197194278119,254.678102415969
2013-10-25,1.97547212969966,365.11366830221,12.928890562639,-1.63703494419453,-1.55200335483963,33.7646988934351,29.9398534507082,0.061327095942959,0.17569143276219,0.167916051409988,0.0668433608183092,257.779427524029,255.426527938133
2013-10-26,2.03077186098913,366.010672964701,14.7056182826438,-1.60043151417242,-1.55335218156719,33.7683746348187,31.098815556319,0.0516867462947939,0.154857214409309,0.19609522039772,0.0479531862274033,294.12461529626,287.150498374031
2013-10-27,2.0409729553432,366.471310499238,16.1081143443177,-1.57595541940527,-1.55661243417485,33.7747974730375,40.8713288210664,0.0266865007761569,0.117028805124353,0.174847583403351,0.097209483752085,286.759711834727,256.288208711181
2013-10-28,1.97049554673637,365.907815328458,13.0929557288565,-1.57325496686454,-1.5637956067779,33.7916692097982,52.7735479717795,0.0541507395156552,0.272779256467394,0.132651316502236,0.131969283492017,264.389441185173,213.185942159872
2013-10-29,1.91666890135626,365.342913371761,8.60920666630675,-1.55923770571205,-1.55966139901505,33.7897582060573,51.6259119983627,0.0449378451954406,0.151162982123959,0.205390803988485,0.0660089413948387,323.756575503095,294.86674315197
2013-10-30,1.87424149455094,365.121519507431,8.82679493543578,-1.50945719678392,-1.56170420109341,33.7843958639745,50.5622944992724,0.0318367393386628,0.0944961135844803,0.196670171250457,0.0448099030847894,295.963126573036,288.22754875631
2013-10-31,1.90438765432776,365.643746352777,13.8180813614915,-1.44838755639137,-1.55600205783741,33.7823983886142,51.2342372963786,0.0204086751557153,0.03398652189891,0.199491382801501,0.0632009086740805,309.750934829703,309.619891941935
2013-11-01,1.95307227242284,366.445172193574,12.1399879775396,-1.38444547276748,-1.54812738078165,33.7825343380412,51.7457620051869,0.0535790596622974,0.0635166466236115,0.19767839367553,0.0557545573524779,300.038401743136,304.132308401899
2013-11-02,1.8981402778044,366.211564599014,8.48243324931075,-1.34310438412565,-1.5463996453163,33.7793486900175,51.6053192020267,0.0642872422933578,0.0645466456189752,0.22115087586577,0.0204354575137619,337.101557510006,332.431725305259
2013-11-03,1.70895207800516,363.582023806688,9.74865582803401,-1.32815006789569,-1.56620660983277,33.7856994814236,57.8404035593977,0.00223936900147237,0.00558283315219272,0.244830932297245,0.129260920395373,468.75781631694,369.082601891799
2013-11-04,1.63374501103308,361.982953699624,9.38187623605496,-1.31116447910445,-1.57799968835313,33.7971737098436,61.8860627996777,0.00266687760840529,0.0140245464262078,0.214178981659142,0.106493535860066,386.796775021582,353.43192224138
2013-11-05,1.63407033754558,361.567632535609,11.0416644171971,-1.29041782307078,-1.58241972299079,33.8054128175805,62.7915274340775,0.00274001669305125,0.0273066278453504,0.170243860145732,0.134543382013455,341.432667348998,315.541032219137
2013-11-06,1.67057169646752,361.86670852289,11.8000592981897,-1.26368410537439,-1.57126090159783,33.8077542334594,61.5590490323168,0.00126559492232508,0.00583544558288368,0.212872575068603,0.0985620179880968,379.284900838027,336.079974180661
2013-11-07,1.71493072117247,362.568541736138,12.6559298707218,-1.25473464210989,-1.56407978821058,33.809640567795,60.5868634765769,0.00284712670305055,0.0330061113905054,0.185000650931587,0.0891214610151595,319.373766252053,299.95385005669
2013-11-08,1.74971009463799,363.431654767292,13.1610058516991,-1.26072566181059,-1.56346076751045,33.8100133167426,58.8992847270168,0.00546925931436806,0.0651712657193687,0.138925526653104,0.108785101020264,264.856903372617,221.009908656464
2013-11-09,1.75083633239676,363.981882607065,12.0488515685244,-1.26639839761492,-1.56487096305157,33.8140288853613,60.5456778967751,0.00785275020318636,0.0906782755753913,0.170948957111913,0.129687602768744,339.098664836842,273.08224252464
2013-11-10,1.7358283353288,364.445824599848,9.5532122341598,-1.24782238516569,-1.55699175009039,33.8102356863086,51.1469238489746,0.00404966526894729,0.0399938833024717,0.161884836244237,0.0574069225031998,259.98056544622,213.208019249017
2013-11-11,1.75474517519881,365.56985622499,16.4637408401908,-1.16669207682655,-1.55235054634522,33.8079252616275,47.5819004550476,0.0027919668063987,0.00753425696166232,0.172375625253287,0.0610625540005614,276.492687999557,227.320429512677
2013-11-12,1.77518586850748,367.169779707746,21.1747834449861,-1.05315333765689,-1.5458654692942,33.8035678992226,28.5205986947022,0,0,0.134322627096886,0.0290547742504581,202.178773753785,146.526148075312
2013-11-13,1.76243242112602,368.047426177234,18.1165458400075,-1.02747627533721,-1.54511959864865,33.7994699774162,26.3816258897666,NA,NA,0.177578186950622,0.0416361430456281,270.888504248323,231.788912399945
2013-11-14,1.72825097020079,368.191124520651,16.3586449564957,-1.04893264226746,-1.5513266751319,33.800054820443,38.0896551618692,NA,NA,0.190833351857628,0.082477404707075,314.712518688562,240.347535904063
2013-11-15,1.73313932811342,369.244667239305,20.1753634650533,-0.999330052761575,-1.55330687463686,33.8032219818568,44.4262616997949,0.0009061389711768,0.00243858342895968,0.157887364442331,0.083562232463466,258.294253324702,184.353531305224
2013-11-16,1.71577278070334,370.435694624738,20.920051504926,-0.917033372539901,-1.5505289071002,33.7996430184677,35.7787325546326,0.000506329815834761,0.00114444410428405,0.133779801679687,0.0592849846984613,203.783590546874,136.564593761081
2013-11-17,1.67430526054487,371.805482073528,24.9418095495643,-0.828353257475273,-1.55668821331621,33.7963647417694,28.05767284939,0.000440170809340018,0.000772744309730255,0.139007897778601,0.0525206662111195,202.801256659447,128.1109648036
2013-11-18,1.61852706023833,371.590680006074,18.8604017699637,-0.819610383346496,-1.55954690275565,33.7931955365839,31.9252042500114,NA,NA,0.174171316448735,0.00527834310102077,242.18424826677,178.344005236245
2013-11-19,1.56893883136714,371.238708496094,18.2535895719761,-0.767939951738365,-1.55399549956586,33.7878887830315,32.8677361420131,NA,NA,0.180853263483799,0.0491525100823115,260.008747946136,186.029866508067
2013-11-20,1.52339296588084,371.127306310142,14.3648963497906,-0.724638759245274,-1.54916607818784,33.7782122860392,27.7734923678049,NA,NA,0.112752918968437,0.021156205098156,151.070480923288,91.1148760088577
2013-11-21,1.47200708418358,371.043455542588,16.7981981649631,-0.704042348543159,-1.55226858810857,33.7728252024786,29.5527092422712,NA,NA,0.126795551957067,0.0483691603719545,173.973035429842,121.115504822128
2013-11-22,1.43151411850278,371.348232362329,17.9701297166871,-0.600863593129011,-1.54173496506314,33.7684245090253,27.2183107654093,NA,NA,0.15851585644922,0.0386847846974165,210.70144597183,159.163816274819
2013-11-23,1.39299549053355,371.444458379978,15.4613651357046,-0.459602678725031,-1.52873720990823,33.7599463726667,21.2089235766536,NA,NA,0.154840455685872,0.0281379833093539,202.881352506515,158.768889285805
2013-11-24,1.36935995991637,371.538294722394,17.0775270927243,-0.362854803079053,-1.52274388533372,33.7501851183522,17.0821289752337,NA,NA,0.155968940209763,0.063985905877733,222.914285404365,171.481102754792
2013-11-25,1.36877127645946,371.646737447599,18.570375913527,-0.359619593823407,-1.52856958572038,33.7506113863184,22.9866989035355,NA,NA,0.152323193476107,0.122071566535273,273.289652260879,172.812272068966
2013-11-26,1.3422599387605,370.791666914777,16.1780798260759,-0.433812931722958,-1.53690760467056,33.7582617539626,33.4799596925496,NA,NA,0.138502962756575,0.12553033121081,261.485481144918,161.823326091128
2013-11-27,1.33332205545611,370.1507583246,11.6387932533171,-0.33920406978502,-1.53848995580043,33.7422174461457,22.9871107865924,NA,NA,0.153375897013586,0.0526442228641748,218.697857727463,171.657856976951
2013-11-28,1.32691265170167,369.87358912026,14.8467132347386,-0.3597599541047,-1.54555781103178,33.7430020485491,28.0727056086305,NA,NA,0.0826759186501686,0.120109485902204,188.27446277952,113.93777178446
2013-11-29,1.32056200104516,369.638754123595,16.0769432346995,-0.333340562568341,-1.54527486770259,33.7467191750221,35.1584776892514,NA,NA,0.0967119619119586,0.112240570528224,190.127535827069,122.570942614457
2013-11-30,1.31158753139217,369.582379969155,14.8967816190022,-0.255408891470407,-1.54114395371976,33.7431318254767,33.5402965700095,NA,NA,0.143803545911061,0.0927853297125473,222.24412079253,164.830886265748
2013-12-01,1.30817046252693,369.644549858279,16.7246804702573,-0.219022921503958,-1.53816376314794,33.7411527800978,34.4437020851372,NA,NA,0.143067971857292,0.129208202801856,258.375325042479,159.02849108162
2013-12-02,1.30879688371972,369.673086771151,17.0267404986591,-0.176927641014017,-1.53573546396737,33.7402693301882,35.501965372186,NA,NA,0.140502934202089,0.109275209014876,232.268019796056,152.632319730105
2013-12-03,1.28972929679766,369.519547997451,16.9147799829157,-0.0827497451411568,-1.54298824578644,33.7341326405967,30.4344923531639,NA,NA,0.104419430473998,0.0468428231896418,137.051562378805,94.2163112780629
2013-12-04,1.22489173201526,368.159857028868,13.6221297572299,-0.115916321866023,-1.5483711982063,33.7298060892082,33.952770069704,NA,NA,0.03429769744717,0.0611218611550154,88.9287527684627,54.6573242716847
2013-12-05,1.18877069434015,367.466717975896,17.1301423863667,-0.0587154923662966,-1.54389761832722,33.7272011348915,30.9301608158992,NA,NA,0.090782887107528,0.0876478411146665,143.948000181784,92.7608676873642
2013-12-06,1.16332925928802,367.99134082329,19.1037421284652,0.036301601099984,-1.54308173386192,33.7248741850036,28.2310640821573,NA,NA,0.0899978900245327,0.0665995424434885,127.455560626562,78.4468402487503
2013-12-07,1.16770409338358,368.273833112019,18.5882960994069,0.0412260777494203,-1.53974652676447,33.7229673357306,32.0656470029782,NA,NA,0.10261138377764,0.104628652831924,173.624993883576,112.935271660957
2013-12-08,1.16590279522466,368.435367491187,18.5924007078496,0.10828376849975,-1.54022057223738,33.7211531408724,30.1589608713683,NA,NA,0.0966584206170399,0.0954376806011084,156.76439886894,98.0412868670801
2013-12-09,1.15849852670984,368.659386239401,19.1173567190403,0.18352684439958,-1.54309738808476,33.7182825631619,28.3791262424587,NA,NA,0.12344551727417,0.0964590828719972,185.879928293125,123.498882635441
2013-12-10,1.15558055043221,369.072408536585,18.9670077824011,0.349516894532601,-1.54221930999344,33.7154345287163,22.6370333994609,NA,NA,0.121620996574923,0.0788786089935123,171.536132428796,111.187098942854
2013-12-11,1.15321953122209,369.470409858518,20.2245105127009,0.414114323433353,-1.54306608301747,33.7106921135494,16.5629848320635,NA,NA,0.127324374671648,0.0723951761277742,174.751929867953,113.355061569055
2013-12-12,1.17270741866129,368.873133589582,16.8071877113203,0.377204470969887,-1.54785679049498,33.7046687631955,21.866451300751,NA,NA,0.166156603654346,0.0769511243119816,235.810288601731,166.443727351764
2013-12-13,1.18994423728891,367.764433325791,18.3730975534858,0.368854014879135,-1.55808563946712,33.7010939027938,25.1831256233246,NA,NA,0.155619686803757,0.0923677079691256,233.57145916635,148.69133687285
2013-12-14,1.19367138805186,367.617255234137,19.8454571409923,0.443593967771321,-1.5574839174667,33.6977208198002,23.6351658155722,NA,NA,0.130682646448997,0.0771463438013868,189.363000903063,118.574724052242
2013-12-15,1.17558857253412,367.319948894222,21.3537268813063,0.500886723680696,-1.55406757533631,33.6938328865247,22.8145432440054,NA,NA,0.0810359094729308,0.0601086961243719,125.66134952873,53.4228326366261
2013-12-16,1.17946202253423,367.462091585485,21.717574131198,0.522859062079476,-1.54729172012262,33.6931306630494,24.4568179731588,NA,NA,0.105649231336056,0.100606469847212,180.503518324559,98.9995950217592
2013-12-17,1.18526108599291,367.758453741306,21.6715766743916,0.615723303696405,-1.53697350327624,33.6914152333289,22.1895521719929,NA,NA,0.116928312243761,0.086983106205901,182.388273539194,105.462054849037
2013-12-18,1.1901274074505,367.826941141268,21.7591441608057,0.638296622335509,-1.53134178841806,33.6895062579156,24.1168311552802,NA,NA,0.109410297950069,0.0937729597182168,178.863974116144,99.6209965087104
2013-12-19,1.18826909744885,367.81423131431,18.8550804126553,0.66938942208303,-1.52678830871376,33.686203167667,23.8126756485335,NA,NA,0.119872256902307,0.0742864175052376,174.107462342618,103.771887585471
2013-12-20,1.18659391236014,368.006584725729,21.2595958709717,0.770712850869265,-1.53526429833993,33.681370023452,20.6560072390496,NA,NA,0.118706705463439,0.0853455675949372,179.570115643969,104.27725985803
2013-12-21,1.17375733212727,367.872723835271,19.2473391730611,0.822103548387767,-1.53417247171827,33.6765492190877,19.0390616196852,NA,NA,0.0861643365962624,0.0346362430014108,116.085199395262,52.4286060277206
2013-12-22,1.16135426465331,367.661892402463,21.1247124032276,0.835328071706208,-1.53831326897167,33.6717799054145,19.872451714015,NA,NA,0.102845317625042,0.0725179090693734,150.973587318453,81.3135060649392
2013-12-23,1.18157238713125,367.465234896032,22.2417571835402,0.831017425829261,-1.53855091084031,33.6706617563842,22.5628993758949,NA,NA,0.131843255533662,0.0974763661783877,206.976930638684,127.873460357511
2013-12-24,1.18158432277964,366.56938990151,19.8212435187363,0.875503774033545,-1.54360190657308,33.6650748259304,21.6671130467362,NA,NA,0.14387273782922,0.0451360930979011,189.517949424054,141.038590965053
2013-12-25,1.17667051077616,365.461978074981,19.4170556824382,0.907217325227946,-1.55114298777381,33.6587507837375,21.1032825938442,NA,NA,0.156298425179302,0.0558393996475357,213.712569650339,166.468571122745
2013-12-26,1.16429357521418,364.84119731624,22.0117173369338,1.05379611905287,-1.55359600140498,33.6518913454372,16.6715088341078,NA,NA,0.114111219209778,0.057088146290356,157.648330136311,109.298078185852
2013-12-27,1.15441459708097,364.202122013743,20.1740504241571,1.02716223382757,-1.55194734127415,33.6472703364857,17.609304347019,NA,NA,0.0937951996862164,0.106568493421583,179.450209979979,113.661601889795
2013-12-28,1.13512151979092,362.563718097966,20.4300079636457,0.959097308990283,-1.54430576985986,33.651621624204,23.8835148277231,NA,NA,0.0397432541698418,0.0834469127892322,124.844774899005,68.3389217584989
2013-12-29,1.09660253673792,361.573378027939,21.1518269631921,1.08716038830689,-1.53464528294871,33.653054920768,20.5375987386253,NA,NA,0.0883339929033709,0.0622742335273106,142.618882629923,72.7300655567327
2013-12-30,1.0576974715038,361.455017834175,20.257165147037,1.17454562777611,-1.53118651485958,33.6490928454277,19.254050280562,NA,NA,0.113182072647107,0.0255984809154119,158.51527693013,90.0764700392104
2013-12-31,1.00639789478808,359.714648363067,14.3269012032486,1.08338943570249,-1.52819973962349,33.6433660067045,23.8425352016763,NA,NA,0.143943576984278,-0.0108309818705727,204.896406061173,127.061490522171
2014-01-01,0.952979399300203,357.801629043207,16.4348266357329,1.13145991930595,-1.53227052273538,33.6302113861208,18.3650596363824,NA,NA,0.111170569251263,0.0407061728016648,167.596874581572,88.1294464571638
2014-01-02,0.925268716928435,356.939765744093,16.4753780539443,1.14560963404484,-1.53396160126376,33.6261649550053,21.3390700176821,NA,NA,0.064686060751136,0.0561762975174406,135.546331678864,53.0361859382104
2014-01-03,0.899277547328937,356.535432396865,17.5601482856564,1.25883009301828,-1.53401266981555,33.6210908722459,18.9391866109954,NA,NA,0.112976968454325,0.0805836916422313,193.624640558256,93.2662572876087
2014-01-04,0.873839359094457,356.733124895794,17.4406555803811,1.3843607529294,-1.53452049221909,33.6142787289845,14.9163855193598,NA,NA,0.111179630414114,0.0365999711579398,170.684183298883,78.6677807424975
2014-01-05,0.846407136539134,355.811763484304,15.0247736965738,1.27391290640541,-1.53663784064423,33.6153331041014,23.3843456801133,NA,NA,0.0859897098228758,-0.00178086422333511,147.151630249369,58.4160337019187
2014-01-06,0.803228993423101,354.158304726205,15.2151301372342,1.24779301688739,-1.52898103135478,33.6168528722848,26.0371085654708,NA,NA,0.0869847536388679,0.0140656968390169,147.520372204934,53.12456620131
2014-01-07,0.768757852839261,352.859188545041,14.1190217122799,1.20779029391555,-1.52161045901367,33.6227403143961,28.8323734697864,NA,NA,0.0609258180547018,0.0023986478656651,130.807192313294,53.3151201549103
2014-01-08,0.734606135545707,351.462621921446,13.596371197119,1.20070703341732,-1.51906313233369,33.6279379140671,29.8391547904484,NA,NA,0.0673598281425825,0.0364813567132924,139.528151205434,43.922490112625
2014-01-09,0.714246882898052,351.099147145341,13.8475032434231,1.23392501107433,-1.5136081054304,33.6345728772533,28.6709259820853,NA,NA,0.0807418443875918,0.0371287938725208,151.745586412999,44.3671277696547
2014-01-10,0.702160989365927,351.313833469298,14.8439764802049,1.35931630044492,-1.50948501421533,33.6411563909327,23.0678345259385,NA,NA,0.0992498167573038,0.0587816969686352,181.455096034301,52.8925811960641
2014-01-11,0.704335062605579,351.487791107922,14.6699972036408,1.36344408152396,-1.5097362478735,33.6446428749404,22.1154181123906,NA,NA,0.1301875956628,0.0691942334094672,227.669399230613,88.7756962998527
2014-01-12,0.718515103910027,350.507970670374,11.7042075831716,1.30915227214656,-1.50801263116149,33.6471058205876,26.7994535024028,NA,NA,0.170215029933071,0.0569201089673036,281.552166383893,135.366012287233
2014-01-13,0.732439060763615,349.211714581745,11.8969127085151,1.34121870125836,-1.5068128950361,33.6482033620157,25.1565609390115,NA,NA,0.154335520337066,0.0681110527793727,264.594469567352,112.454726674479
2014-01-14,0.743385098692847,348.227156848442,11.4294723882908,1.37645213492969,-1.50091924004548,33.6517761323133,24.9741088491381,NA,NA,0.170304814818618,0.0414425708082041,272.572339772394,125.622634414406
2014-01-15,0.740997624469966,347.163764023199,9.17942694629111,1.38788162399078,-1.50356499949287,33.6556722664157,21.9152561733436,NA,NA,0.141124836441919,0.031016854958938,223.548368848546,95.1580397708639
2014-01-16,0.751406908398721,346.704743920303,14.6720031994145,1.401475832369,-1.51324938006407,33.6722143124311,21.5783582087631,NA,NA,0.124616835125585,0.107056130457785,249.577815860498,92.9238032322457
2014-01-17,0.762473096571318,346.903917266101,16.0327466348322,1.58633249555683,-1.51188901674088,33.6887481885079,16.4894685951161,NA,NA,0.132645550285756,0.0529251086014083,218.551325073404,92.0538594625736
2014-01-18,0.769613170405714,346.951662389243,14.5714843156861,1.67284888423245,-1.51809485817728,33.7045922736246,12.9351534502387,NA,NA,0.129368002975156,0.025820883058826,199.980983097429,94.9122461343533
2014-01-19,0.776570417168664,346.72484718881,13.6605706040452,1.67873018569792,-1.52147042735225,33.7204139029931,15.7300065654492,NA,NA,0.130716418442737,0.027667644118209,198.686304959857,93.4733867565782
2014-01-20,0.751011366524347,345.939077237757,9.99703295056413,1.58835981522816,-1.52133739992031,33.7422484167513,22.5175952203522,NA,NA,0.139400808389491,-0.0172089797302618,211.083219424439,113.308097254872
2014-01-21,0.73627455060075,344.922802436643,12.9783946828144,1.60518724747837,-1.52233079667033,33.7591529568197,21.8310316680414,NA,NA,0.106955637313255,0.0240589642190901,160.564828389134,79.0820312525739
2014-01-22,0.730241919072663,344.522499270555,12.7223469338766,1.66618967184975,-1.51733251332271,33.7776411419455,22.7540004115034,NA,NA,0.0753490053036837,0.0185433923444043,128.86892677612,52.5722209507245
2014-01-23,0.734826024712586,344.228120757312,13.5895343059447,1.72077999858238,-1.52158204247916,33.7887138438772,22.2115863782031,NA,NA,0.11793324020509,0.0943166093345274,210.911005356588,103.40730985174
2014-01-24,0.751266258882313,344.357613540277,10.7119543755927,1.74253981766591,-1.52673147500124,33.7938764368796,21.3720184936215,NA,NA,0.132330892454235,0.0752386281797197,212.94700690164,113.153440989245
2014-01-25,0.759254481007413,344.519526784013,14.0374159638475,1.83247230200954,-1.53368936794811,33.7946940124759,16.1097375764216,NA,NA,0.092743320106535,0.0573352595009463,151.774653115881,59.3439780042566
2014-01-26,0.751466117254118,343.937494789682,13.0149295213746,1.8383921563384,-1.53133766612543,33.7988599501802,15.7623372393259,NA,NA,0.0928767615232954,0.00610699671020231,137.248895812807,58.217189411708
2014-01-27,0.722207380867586,343.077422723538,11.4378096824739,1.76808640364854,-1.53212925506185,33.8122948042938,20.2142919754049,NA,NA,0.10248535559808,0.00569349346373245,147.586922764954,66.1930548301621
2014-01-28,0.712453341338693,342.679664053568,12.933465387763,1.7435500172951,-1.53989808890823,33.8166028690724,21.3506019543379,NA,NA,0.0730755617603278,0.0891626466834835,155.42681777026,53.4642585304201
2014-01-29,0.716719174167005,342.786151792945,13.0912531236323,1.78325719051516,-1.54785267238514,33.8182956216789,20.2806007575731,NA,NA,0.0910275291485584,0.0517447299943601,145.048460258205,56.554635163029
2014-01-30,0.708725128231979,342.725057834532,12.0946402200838,1.72030949286925,-1.55161373689268,33.8289049588717,26.368034624056,NA,NA,0.0410183592424219,0.0131143100770862,97.91342188367,36.3940248865283
2014-01-31,0.697649663904818,342.27094882872,12.6117530217985,1.7236603500872,-1.54853635246133,33.8327742408001,26.2901939026579,NA,NA,0.0646251058319078,0.0573270224416867,120.082157505503,38.0234428363723
2014-02-01,0.69762813136345,342.799721322409,13.2972150895654,1.92447362842187,-1.54254673206211,33.8310176422078,19.2993543884854,NA,NA,0.091403965354368,0.0602742620667144,143.839064566294,68.8249743868127
2014-02-02,0.697034721694342,342.952656443526,11.4019366589988,1.84548529833756,-1.53883303160931,33.8271255235762,17.8022587283259,NA,NA,0.106078384914178,0.0198843946904145,141.334559267121,75.240470034752
2014-02-03,0.6855274311653,342.59330302913,8.59977805032963,1.78011391117827,-1.536311648957,33.8269670514764,20.673099216662,NA,NA,0.107467986321562,0.021355543149869,142.373197071294,78.7202451134404
2014-02-04,0.673705164252258,342.303462703054,8.84106620928136,1.76203509380943,-1.53379397401926,33.8243950343164,19.3477474629638,NA,NA,0.124627543253857,0.0265144479841838,161.951397754773,100.750535433042
2014-02-05,0.67773728654152,342.522104775033,11.3887249376716,1.89089683756011,-1.53479519739807,33.8212773970425,14.7372282416875,NA,NA,0.108519865760477,0.0576812185688942,154.811989072798,93.3573800951463
2014-02-06,0.674021685268821,342.584053969965,12.3263720419349,1.72992615902472,-1.53578735717073,33.8315305413827,21.3911697346511,NA,NA,0.0617124623846509,0.094169164812959,150.520087452146,71.672313344506
2014-02-07,0.670574312529913,342.504864204221,10.9142057604906,1.69040975557809,-1.53256870587023,33.831159877391,21.4585081543195,NA,NA,0.0862920121434327,0.0653112576457492,145.784154691126,86.6188054240019
2014-02-08,0.660445879145366,341.979087643507,9.12835582581962,1.58401456700485,-1.53273221403964,33.8202127361426,20.6067904885481,NA,NA,0.11565567824522,0.0157287702336405,152.439307301968,117.232507698211
2014-02-09,0.660518948988217,341.812195940716,10.3898186451051,1.5210619303379,-1.53452666680983,33.8242138490664,24.6969299522328,NA,NA,0.124403493818243,0.0889723693723218,196.729294181484,136.774503295333
2014-02-10,0.664969608551118,341.993507943502,9.46644403876328,1.48159198312142,-1.53102218766927,33.8231120553577,24.0070715722767,NA,NA,0.104404603516967,0.0478263346078666,146.944405254586,104.953882789997
2014-02-11,0.664145152016384,342.361247365068,11.2639361009365,1.4928989059288,-1.52407582954839,33.8232953410078,21.1246990687773,NA,NA,0.090875142850937,0.0501533194763056,131.097214095834,85.1053562102084
2014-02-12,0.662063769087559,342.712017152368,11.0612619504696,1.467407670782,-1.51886503046502,33.8245721629113,22.6164405645147,NA,NA,0.0857557761715411,0.0659809351651131,136.859257904068,86.7955326769999
2014-02-13,0.660187071052993,342.778581572742,9.86618909021703,1.43663413852815,-1.51434697265084,33.8274757292589,23.4961644493134,NA,NA,0.105306567420602,0.0740294196767363,162.535424563513,102.316427981833
2014-02-14,0.656719031857281,342.534678761552,6.74203553432372,1.44726397320327,-1.5247570387265,33.8305296338039,21.9311126658791,NA,NA,0.162292573264173,0.0958585970194234,261.854792038862,197.198292025951
2014-02-15,0.669387963123438,342.279698069503,8.55392716279844,1.43056800088741,-1.54121191025424,33.8340057651041,24.1827280196423,NA,NA,0.152685626627382,0.125236266085252,282.727107994606,200.388085612102
2014-02-16,0.684112737818462,341.820764309022,6.84662422319738,1.42180337878535,-1.54217441748028,33.8300086727992,24.4242813699802,NA,NA,0.181646497560698,0.0811899435001346,291.039210378638,201.291169254023
2014-02-17,0.702089509949452,341.492097435928,9.05952452450264,1.42064194463686,-1.5429194652439,33.8211867915474,24.4619661773908,NA,NA,0.146746667044164,0.107255468680429,266.125514902544,183.643748914655
2014-02-18,0.724115682447829,341.48829725312,10.0146466580833,1.47822234489014,-1.54218224040892,33.8043501335278,16.8759951829589,NA,NA,0.0993676075457963,0.0692881365154597,178.296786793487,110.877785602526
2014-02-19,0.744412066732965,341.683405434213,10.417826027405,1.48012808234746,-1.55294732815824,33.7874022469669,12.5103240515056,NA,NA,0.112503334276589,0.0878488268104964,209.681533809782,144.13725928273
2014-02-20,0.749369205498114,341.53656378025,8.8042177310804,1.39645349376115,-1.55888710797396,33.7806435918358,22.8703496459364,NA,NA,0.165404555180415,0.0914583302250034,291.997738831928,229.852958882677
2014-02-21,0.743572042119212,340.84066176996,6.92963287888504,1.33635155380013,-1.55907203247029,33.7649086554523,24.4883249980396,NA,NA,0.0850053745976746,0.0484787139101469,165.666495251188,89.8113440492378
2014-02-22,0.74044957248176,340.739952273485,10.8382816547301,1.30229635639229,-1.55939986895614,33.7614573068143,27.2644386368724,NA,NA,0.058639194750995,0.0878628298951949,168.991738768271,87.7566134130186
2014-02-23,0.75564377918476,341.124662073647,11.3082351800872,1.2957883768397,-1.5501022285778,33.7426685379584,26.5226864023247,NA,NA,0.0938083792102803,0.100380772928357,198.321043000523,116.931489548943
2014-02-24,0.779087913835921,341.405686169136,9.75812288609947,1.28511109682712,-1.55054662005621,33.7255374069317,26.6287393248194,NA,NA,0.136830005005465,0.104891416796467,250.84524961716,161.287566503058
2014-02-25,0.797821617707974,341.403412981731,7.84083927549967,1.28189368334859,-1.55524177670318,33.7226544070019,29.0560111935161,NA,NA,0.200390875243988,0.130991538194751,389.628026295456,245.61414496921
2014-02-26,0.82271041157769,341.063737450576,7.78905042497123,1.24982429033349,-1.56475399557235,33.7040283161941,30.8127818680324,NA,NA,0.166051168472339,0.104606412753322,310.26465845618,208.847244696956
2014-02-27,0.860990444334542,341.037650875929,10.5352957248688,1.2117826587919,-1.5734981018522,33.6885116155009,30.9857613039725,NA,NA,0.161855182626791,0.151593385231599,366.116310283341,202.440032643337
2014-02-28,0.904268643841511,341.174023884099,9.84494979788617,1.18163086592588,-1.57132680036439,33.6736682423374,29.0636305236302,NA,NA,0.152303424783242,0.100744029625184,295.092192062388,200.004190829907
2014-03-01,0.932677335128552,341.222947655655,8.75525308818352,1.19277765779843,-1.56012391400562,33.6582627444454,24.575020648529,NA,NA,0.159228367044737,0.102445817518572,300.400846093939,212.467882411602
2014-03-02,0.964306780841292,341.517734062381,12.0893806131875,1.12117308004182,-1.55372120269075,33.6549699966081,27.3587537037055,NA,NA,0.0824362186063961,0.154620524872894,267.068784593622,152.651664523093
2014-03-03,1.00469870029426,342.097332093774,13.1849237186153,1.13430567574405,-1.54892349774056,33.6465165862831,22.4484034742904,NA,NA,0.105662410794764,0.0766109313750476,191.316808132469,133.269853936802
2014-03-04,1.01775670087919,342.265723251715,10.7670239297355,1.10965166400801,-1.55334353141296,33.649541677251,24.0558764551654,NA,NA,0.170948133068649,0.086778825825123,276.573756925876,211.934861693422
2014-03-05,1.00577891817907,341.978721804735,7.56853830814362,1.09382157761719,-1.55177312598698,33.6499660095544,24.1555455319795,NA,NA,0.132433856597394,0.0423437110808214,187.187119132265,151.477923246811
2014-03-06,0.98833997365905,341.750429106922,10.3256800872524,1.10198917088077,-1.5620233909643,33.6559214572675,24.2152646279689,NA,NA,0.17146212943954,0.054766103539832,254.518531622487,210.774949241563
2014-03-07,0.998856096369464,341.814784352372,11.5563439857669,1.06751981075959,-1.57701823618087,33.6615287173293,26.8198403578538,NA,NA,0.174614473176911,0.123022953694367,325.940502163338,269.768194484296
2014-03-08,0.985645607840724,341.64490564858,7.28043954837613,1.04776754150828,-1.57142482193215,33.6570147567111,25.8462133780826,NA,NA,0.14077064068171,0.0274584213027909,222.722707209792,176.772548814919
2014-03-09,0.94084630179696,341.217969196599,7.7924590459684,1.05450385278053,-1.56935236392877,33.6591544672545,25.5968347515976,NA,NA,0.152291892601652,0.0164528128046256,239.45754040897,182.701988665668
2014-03-10,0.922293974858959,341.13728965201,8.14154076576233,1.06381508663759,-1.57969570739067,33.6582916661313,24.4763811680309,NA,NA,0.124633309480391,0.0821668653523954,214.226248943028,181.111264144904
2014-03-11,0.882524779657038,340.933103235757,4.67394656524426,1.05066469927066,-1.57501785105217,33.6565804166189,24.3853610369519,NA,NA,0.129306224178568,0.0357326030902132,176.42050673132,146.186444284309
2014-03-12,0.868457135630817,340.834536668731,8.15717958822483,0.979988278406352,-1.5839744783767,33.651782212148,23.105313373159,NA,NA,0.124469390438113,0.13466446711487,239.104223767744,189.970878727996
2014-03-13,0.883072663371156,341.183351470203,8.72007154836887,0.869256748321407,-1.59432482445932,33.6705131994085,30.0327270175764,NA,NA,0.112037937826755,0.13665620179774,219.91190673807,167.205956954148
2014-03-14,0.903934314846992,341.728846852372,10.4770211243048,0.825686694518757,-1.58919145510747,33.6801773719942,30.1892322200513,NA,NA,0.0747485196974516,0.0751051866875486,132.020407656859,93.2883579410565
2014-03-15,0.917802403249392,342.336746960151,10.1293690408148,0.80726982441991,-1.57476167736748,33.6895451256138,29.3517235319624,NA,NA,0.0749033774612484,0.0576589782690873,132.970883019629,91.7583545512418
2014-03-16,0.916740171066145,342.742248162991,8.23348095940381,0.765301066291155,-1.56654186062163,33.7015693757215,29.7849957765999,NA,NA,0.0827467582124448,0.0512282628762095,136.082431610309,93.2579749406117
2014-03-17,0.880159833445782,342.663816126382,5.62031440763939,0.735839214120638,-1.57485063983361,33.7155831577646,30.0654694702622,NA,NA,0.0447983711394865,0.0226767764108786,87.9222423127464,47.7226346061674
2014-03-18,0.848347962266061,342.545564232803,6.66242375897198,0.742121826339508,-1.58175787140644,33.7287604245741,28.4763241534935,NA,NA,0.0638055131995646,0.0450636064244105,104.4505371631,59.2114108627618
2014-03-19,0.810776449558211,342.346402796303,3.60318118479194,0.723601168808345,-1.58107789695343,33.7363899272141,27.8373299674627,NA,NA,0.119371440517999,0.0255968334924998,148.052992074726,93.1640667750948
2014-03-20,0.748552720721175,341.870774059761,4.15939149478587,0.728747058232464,-1.58749254962854,33.7412765183751,27.0795154249781,NA,NA,0.0741200278614938,-0.000569184636257277,95.7327270662599,55.4029868202729
2014-03-21,0.726206213235855,341.787549274724,5.93187613022037,0.694745238191686,-1.59970736616214,33.7546040513094,30.5078026788277,NA,NA,0.058100487669872,0.0961707838824806,127.505742805683,80.9075380704169
2014-03-22,0.711517856978789,341.76380176079,4.4967060001885,0.648871100775385,-1.5969149841149,33.7624930717684,32.2761052629726,NA,NA,0.049990224638167,0.00240441369000878,81.0010046754881,56.3392155597174
2014-03-23,0.693112091320317,341.698899059761,6.68960855065323,0.601461892789192,-1.60091698845388,33.779185430241,35.5246174756975,NA,NA,0.0133317698512161,0.0424845658051662,74.7416621476056,35.9659609918725
2014-03-24,0.685062714466235,341.806747064358,4.88074576273197,0.553305414634758,-1.61444603495913,33.7858864479219,34.5656114531915,NA,NA,0.0737131144172749,0.0213481297769286,94.6050114803202,64.8646590749607
2014-03-25,0.6854339474585,342.115575650843,6.48546053432837,0.514090489138637,-1.6295693786199,33.7950051136506,35.2352888400738,NA,NA,0.0761669509052506,0.0658804423222255,119.124222201672,63.9008254788005
2014-03-26,0.701384412442766,342.676899235423,7.32000030831593,0.483958464412474,-1.62573788362315,33.8106269270141,36.4906251292158,NA,NA,0.128162089378325,0.10902809571882,217.578359928103,143.844503085031
2014-03-27,0.726472168070514,343.367770311309,7.9884883397963,0.446070045102061,-1.61709097490298,33.8229042907797,38.2525440272693,NA,NA,0.0923141664027283,0.0676753094643556,144.925814449917,89.7588589794644
2014-03-28,0.746392157019638,343.953107880383,7.554634542,0.435321597877623,-1.61429282592537,33.8284045694328,37.6370255615708,NA,NA,0.0737279411329914,0.0352515555747286,106.315270866868,53.0831358238934
2014-03-29,0.756668875493654,344.354779127167,6.21929895296329,0.427243955192054,-1.6130317224343,33.835169227178,38.2072399116238,NA,NA,0.101434299840457,0.0226314721249456,132.292523930244,76.9886382692323
2014-03-30,0.75221678687305,344.55640281119,4.89656950206291,0.430340778660758,-1.63030536261647,33.8409186760906,37.6464983557883,NA,NA,0.0945118287686314,0.0308949455729461,140.313745112704,87.7124195563537
2014-03-31,0.751921381165342,344.826234398819,6.97728590558215,0.393681996646519,-1.6257695965117,33.8506651606798,40.983765490142,NA,NA,0.0627396303491715,0.0799041297864898,150.783188043483,90.7199502334555
2014-04-01,0.762727224608747,345.15352612007,7.10886067588155,0.336901258390683,-1.62697386259009,33.8630207849418,45.0496053502627,NA,NA,0.0976946498700964,0.135676808665317,227.802798835211,148.470398064675
2014-04-02,0.787828684580035,345.661041631931,6.20692480191952,0.292508812206477,-1.63184487916197,33.8750283914378,47.8393103114346,NA,NA,0.107879018192349,0.124383724778488,225.839094215795,169.884810450966
2014-04-03,0.811209416244088,346.164992169636,5.47841974002559,0.253657637779851,-1.63453676906514,33.8842745535126,49.2966618479987,NA,NA,0.103299182702695,0.122556732708586,218.540624004188,146.713938010281
2014-04-04,0.840588755360464,346.680897038157,6.07213849556155,0.21860014897609,-1.63712404742736,33.8906130514003,50.5888592711023,0.000400555436499417,0.000381481368094683,0.0862285865272185,0.0834757425795924,164.709636439173,107.931023690653
2014-04-05,0.85261670372835,347.09649918719,3.54161298711125,0.202445849555063,-1.63300672491231,33.8945235948653,50.4688032809218,NA,NA,0.123144862542429,0.0547010303297747,189.697809151561,121.996509385929
2014-04-06,0.830502966555153,347.28434157953,3.18724528318498,0.179666932616961,-1.6238182253844,33.8975466008772,49.288012947309,NA,NA,0.0819362257978051,0.0873381255267442,170.570895246356,102.479376067374
2014-04-07,0.818647917814371,347.520300888434,4.35675716400146,0.174314455846865,-1.61476810692776,33.9034259193822,51.7949788097428,NA,NA,0.114846793610437,0.0648260914422722,174.788358327198,98.2290793641191
2014-04-08,0.816683323281567,347.837585449219,3.97262793488619,0.172022231667228,-1.61526892494094,33.9108146173269,53.6073499916375,NA,NA,0.107705215271185,0.0629785066915427,160.310320063878,97.618730951375
2014-04-09,0.800604255461111,348.00303091654,2.97195084938189,0.178890007830824,-1.61779236198276,33.9145666938401,53.1845801117932,NA,NA,0.112411078603564,0.0385554622803462,146.848931398703,84.8512834292887
2014-04-10,0.770136205524933,348.026524985709,2.50328215956688,0.184125848013943,-1.62534332500617,33.9159546876565,52.2509030652271,NA,NA,0.112402017702136,0.017829234466741,134.46069726031,74.5693787471731
2014-04-11,0.741708716968211,348.063319136457,2.96603247741374,0.177033691733633,-1.63333332828182,33.9135824762053,47.2641537147656,NA,NA,0.115560127565494,0.0475783973992595,139.698730130681,89.2810863046345
2014-04-12,0.734606924216922,348.265605647389,4.96130566771437,0.15103241603183,-1.64618652069617,33.9237202787206,55.6431530117184,NA,NA,0.126221425077211,0.110567612757004,211.075162391811,135.794070653211
2014-04-13,0.744728316621083,348.55548356219,4.92621721581715,0.117400277390895,-1.6520233403655,33.9309874880813,58.9793903322516,NA,NA,0.160383210194457,0.0839114859901298,250.505869698495,182.309842921836
2014-04-14,0.76106125080004,348.891446741616,5.92203355126265,0.0736513147168314,-1.66039924904724,33.9378818712736,61.4591738254274,NA,NA,0.130156294783318,0.112416020816999,245.27450161238,174.275988971993
2014-04-15,0.781455076685766,349.306033622928,5.37492129279346,0.0385651602918803,-1.64559550935279,33.94321130194,62.2651756701038,NA,NA,0.0998906645667456,0.0311091105062791,163.669759283874,82.7855121920991
2014-04-16,0.7420670059396,348.981441590844,2.24938765531633,0.00772243833694703,-1.6229257327825,33.9420292657397,60.874132926004,0.000152592547237873,0,0.0569258751284819,-0.0278315625622285,140.526001719863,78.7064256945119
2014-04-17,0.695421741866484,348.695555524128,3.19623129833035,-0.0194116058519334,-1.6245595663987,33.9417718998012,57.8941507365218,NA,NA,0.0984895314000718,0.0232369002010095,154.026053202667,80.0044557432425
2014-04-18,0.687577774611915,348.904308412133,3.62314874224546,-0.0375932241097475,-1.6396067139269,33.9493397495203,60.2612915154893,NA,NA,0.0587685177512417,0.0282269442471576,112.601735971348,54.226494976228
2014-04-19,0.665244775574382,348.975347379359,2.78829764738316,-0.0603533599540772,-1.63407137117244,33.9556019843509,61.6317415958152,0,0,0.0311659466369673,0.0576688626808757,114.607237943615,53.298555899165
2014-04-20,0.658009758082832,349.154882663634,4.31776673910094,-0.0719251884662832,-1.62890093867113,33.9615800731417,62.2161650573998,0.000610370188951492,0.00305185094475746,0.0696448036714604,0.0268991213900197,115.337623150028,63.4175199459701
2014-04-21,0.663204600534788,349.278925081579,4.05247052704416,-0.0830275008050215,-1.6213820984489,33.9684827755659,63.2027656102148,0.000686666462570429,0.00305185094475746,0.103849421910107,0.0422720484505942,153.136373664362,83.0727256880539
2014-04-22,0.661750685877916,349.473697569312,3.19895238265759,-0.09442931456886,-1.60940162726903,33.9755769696152,64.5485041961979,0.00226345611736178,0.0144962916771571,0.11930801458506,0.0321099199153553,174.412432344612,102.53184886618
2014-04-23,0.635368567050957,349.449945961557,2.21325450554127,-0.105405104667069,-1.60146351912726,33.9796770072659,64.7799670454944,NA,NA,0.148748286269535,0.00637799778427833,209.810512881666,137.293697211776
2014-04-24,0.610874604524636,349.541046514744,2.45418988640715,-0.114072855466451,-1.60032350508629,33.9801239240186,64.415680759188,NA,NA,0.163530611477078,0.0163778549113013,235.575442243908,149.630336845176
2014-04-25,0.602378624241527,349.791496462938,2.56656679438382,-0.117675769636747,-1.60375920111029,33.9801980866755,65.2591612618944,NA,NA,0.151186471671751,0.0573896246681973,234.048646802175,132.601520700927
2014-04-26,0.581153743877644,349.889761203673,1.37987621673724,-0.118667188594457,-1.6092533595488,33.9771544627654,64.4996992309406,NA,NA,0.157797579798098,0.0147032494054713,235.251500836816,139.751616721157
2014-04-27,0.562705070870679,350.044213271723,2.3129828790339,-0.127870681968376,-1.60369166028001,33.9743764673972,64.6242855975502,NA,NA,0.135278132209974,0.0617907148975673,213.956854149629,124.970867895213
2014-04-28,0.569020473738996,350.506546020508,2.82307923712382,-0.150975788210729,-1.60185931359547,33.9725354409572,66.0169758584335,NA,NA,0.115209226490233,0.104133601950208,218.426401620751,126.398696684319
2014-04-29,0.564594961884545,350.817529817907,1.906442972945,-0.197303626620979,-1.60027449205015,33.9662690773988,65.0223442082785,0,0,0.106261248952947,0.0281552811896029,165.08428419467,101.336040142229
2014-04-30,0.55276591857759,350.995955676567,2.24826169304731,-0.209582199381511,-1.5986645459807,33.9596443536632,62.2472600705228,NA,NA,0.127302957967668,0.0605592661852698,212.387237374787,141.334102719809
2014-05-01,0.522155657774065,350.556939846132,1.51716397593661,-0.206277798061911,-1.59071243887166,33.9466708668491,56.9435875824428,0,0,0.124036942542042,-0.0286017330451372,199.709739319133,122.747697207442
2014-05-02,0.502994683821027,350.449347891459,2.34958653479088,-0.20296153592074,-1.58720383856461,33.9370046144555,55.6771311727774,NA,NA,0.200462538537829,0.071346591524629,336.99017631559,234.920743850772
2014-05-03,0.506179271674738,350.708511724705,2.26610849979447,-0.204868263531069,-1.58100458645788,33.9319162355904,55.4121019631101,NA,NA,0.161622071957942,0.0269065346774946,241.701372343524,159.738260661837
2014-05-04,0.490273138008467,350.55497592833,1.32784994491717,-0.192314900749447,-1.57793790962693,33.9205573078109,52.5202568095384,NA,NA,0.14062978598753,-0.0244815282664399,209.926204771439,134.087316142691
2014-05-05,0.481300582609526,350.598728831221,2.25858679050353,-0.218032490074956,-1.58956788956878,33.8985786798351,41.1242083396345,NA,NA,0.135395099467996,0.0682790900471239,219.721374232191,130.698686525635
2014-05-06,0.490220166197637,350.896254004502,2.0980786230506,-0.228153268556524,-1.5956991880368,33.8901789223778,41.9392708161904,NA,NA,0.113032981014324,0.0593426444501127,181.710845749867,120.485817077652
2014-05-07,0.493480883720444,351.177973677472,2.08827420996457,-0.236015429431208,-1.60275097993704,33.8904158403034,47.413039659199,0,0,0.13003191429815,0.105673942770231,246.647317660032,160.077943821432
2014-05-08,0.493981086626285,351.321828330435,1.88436054456525,-0.267530299813641,-1.59669711377457,33.8880723806528,49.8543145441012,7.62962736189365e-05,0.000254320912063122,0.118381339463427,0.0405274273151489,189.3590793628,113.109260414891
2014-05-09,0.470482298877181,351.080671729111,0.745435413790912,-0.271588891432916,-1.58888214898978,33.8752656079497,46.6583140330759,NA,NA,0.168308961498029,0.00729231753068575,253.928305449331,157.081456071391
2014-05-10,0.460623540165948,351.233388389029,1.87787713074103,-0.283712276110524,-1.59469055212461,33.864341107779,43.4242167221872,NA,NA,0.148765583762675,0.0746719146175021,241.350857661995,144.429988915806
2014-05-11,0.465943800603471,351.56530910585,1.28398453898546,-0.299383221789893,-1.60385887117682,33.8588407210171,42.3898409741771,NA,NA,0.13873772049642,0.058797347516465,218.304015998776,129.649216525559
2014-05-12,0.442887190275076,351.449073233256,0.538770741805798,-0.306787729323634,-1.60662983898853,33.8444832507094,39.0896408953647,NA,NA,0.120419201605756,-0.01126343058108,182.519775316297,96.9780289682817
2014-05-13,0.428742626818215,351.463774890434,1.51876305080042,-0.340564182201619,-1.61608892703346,33.830119700567,39.013447545318,NA,NA,0.128185153027617,0.0385892343595523,199.209426169558,115.514738409692
2014-05-14,0.429988849090367,351.673291834389,1.35019101020766,-0.395149563055852,-1.60695067478417,33.8286637783694,41.4670781522949,0.00341347006300962,0.0146371142979783,0.0695962045397031,0.0889460104347965,158.746708887593,71.7800326696463
2014-05-15,0.429985457077259,351.91512168326,1.37231368117216,-0.469822301344592,-1.59730789487661,33.8296501324405,44.1711170850334,0.00530077010028616,0.0329312197130556,0.0946930449973797,0.104374126112654,198.013191960211,101.802740122788
2014-05-16,0.432456570791035,352.136713539682,1.3602471533345,-0.538396280545455,-1.59811101686938,33.8280521449451,45.2926002970913,0.00668797068150812,0.04660337008928,0.117733901756214,0.0697090531047057,197.183044763947,107.5554322914
2014-05-17,0.42637289915143,352.358801864996,0.727443900777072,-0.574916679990276,-1.59903974571691,33.8228792558637,44.2063307704231,0.00127633925814657,0.00988604920975705,0.15899690391443,0.0610403137661104,252.137514082631,139.654990822829
2014-05-18,0.417690075752212,352.747436151272,0.843850550128192,-0.588968538542186,-1.60033668455003,33.8198026639086,43.9310052243643,NA,NA,0.145162670100145,0.100382420300995,267.499494726204,134.084571305875
2014-05-19,0.413770432879285,353.144551719107,0.7572087165786,-0.605540954692644,-1.60354380375943,33.8172799804111,43.970337506087,NA,NA,0.140739339616215,0.0851256368171509,247.101456121787,135.642205442799
2014-05-20,0.405511958206572,353.467241612876,0.617634721282052,-0.618451150262404,-1.60911209203615,33.8120473431833,42.7738964245548,NA,NA,0.171439889169898,0.0707996473691644,280.059113727883,170.765809789492
2014-05-21,0.395642422684809,353.758344696789,0.709128594980007,-0.643712073644968,-1.62464276016482,33.8124755725526,44.8817742459687,0.00176122507971182,0.00707244294931285,0.140182510375293,0.120541110850981,275.255305646572,138.323829127443
2014-05-22,0.388913165505339,353.922763359256,0.646766856312752,-0.702274992760376,-1.61401317621532,33.8149836922464,47.0337204424798,0.00607649490938844,0.0745092192842816,0.0955595896452384,0.0741439154484735,174.388990177642,102.758316655538
2014-05-23,0.385846340801658,354.01760008277,0.983480600322165,-0.765621039749961,-1.60412122331328,33.814225792724,47.1123848141607,0.013643905074259,0.129274305474018,0.0628269441455965,0.0562257203003253,125.340939677559,75.9170929667192
2014-05-24,0.386221156978026,354.079116449123,0.924986313029033,-0.838026264378256,-1.59968553670505,33.8182022156503,49.2406495219139,0.0300279378453609,0.216833803305018,0.0961856104322934,0.0804173018476661,179.677250255339,108.093950841384
2014-05-25,0.37204247713089,353.859429708341,0.249248306017096,-0.894325624231385,-1.58955636182134,33.8067855989402,46.2977342669941,0.0183710600542081,0.103646425910395,0.122244546066733,-0.0314377714023899,186.642812102388,109.585297716156
2014-05-26,0.351585732727516,353.821178529321,0.2671429447648,-0.894444238399526,-1.59252130776121,33.7907664290002,44.3076471941352,0.00455936665104619,0.0277209794519478,0.115062605649957,-0.00572808944543524,165.785133782943,101.465827218442
2014-05-27,0.339032422842049,353.938994616997,0.320111506414123,-0.905315254180216,-1.58220349809258,33.7794321397377,42.4485304082132,0.00222361249228319,0.00749398954212666,0.142746723997287,0.0214766286484465,206.319017195297,126.973111607529
2014-05-28,0.328826437272677,354.110851753049,0.273191433672498,-0.970688619071495,-1.58529488840888,33.7678756662387,37.6860364792961,0.00470219802756149,0.0401834863882798,0.098594966396066,0.0239181096757311,150.923800471722,76.3562132730154
2014-05-29,0.318374886018474,354.162298062953,0.320038016249494,-0.930513904604674,-1.5746294707261,33.7523529165991,32.1144519437823,0.00280935057666275,0.0180675307148849,0.133430547610066,0.0104133601673702,190.401783906728,112.885560588404
2014-05-30,0.313945520941804,354.200182286704,0.582044959431741,-0.965323292452958,-1.57233337577377,33.7506602206211,34.9830271995019,0.00946177760445644,0.0485736947834679,0.0916683767820418,0.0792047986446524,168.544634276938,88.0024004083736
2014-05-31,0.313258252311044,354.224817415563,0.539413498669136,-0.981757323952661,-1.56668971810746,33.7590661248376,43.4318359429054,0.0326382819294935,0.250467447391329,0.0890152022775449,0.0497604090061828,149.241462581966,74.0612213526147
2014-06-01,0.310420246931111,354.130601092083,0.397205489074312,-1.02836884946315,-1.56350030863655,33.7568421460356,43.6091399019064,0.0484411126178364,0.289756162296352,0.110285079345489,0.0490289532130788,170.522439066898,90.0101884742944
2014-06-02,0.305245978258005,354.17958627096,0.409499492587113,-1.03220602640739,-1.565807108937,33.7573404865548,46.3578651662458,0.0636961653369244,0.243660026307842,0.0601655321947315,0.047958128445866,123.975469743649,66.8254861978429
2014-06-03,0.300621294938936,354.332584660228,0.343203048153621,-1.06461544566148,-1.56818969449212,33.7575669642563,48.1253440409054,0.111400281689626,0.253208901449113,0.103283532180003,0.0769552428390977,190.949978456156,100.905188293812
2014-06-04,0.298839528204464,354.355729265911,0.492183988050717,-1.08601151835098,-1.57544535776542,33.7534545764589,46.9958296221117,0.177328035505132,0.332225104929618,0.114367393457536,0.0407061726508433,192.047686026491,107.409063193508
2014-06-05,0.298329881778577,354.457251199862,0.35798103253289,-1.12333651999069,-1.57827398506736,33.7430779306512,40.3853390779894,0.166579896777013,0.311044844630866,0.150029157468101,0.0514193639842927,247.245348975135,141.676556775172
2014-06-06,0.293346177150563,354.739754281393,0.18585590291314,-1.14368285140206,-1.57454257021066,33.7351888226755,37.1971636770869,0.130566605495554,0.236265969291725,0.125742848580464,0.0241833445433824,205.518451473062,125.042680565134
2014-06-07,0.286644970680155,354.883303014243,0.214193424618826,-1.14094285841895,-1.5755808604391,33.7321595463515,39.1038499528419,0.105434145270924,0.191718286660722,0.113705129406632,0.0605650321453528,211.776632259625,108.082918634564
2014-06-08,0.281092123469202,354.892184001643,0.299069014082595,-1.13986148979822,-1.57412206643989,33.7379254998788,43.7077794235888,0.0926720862234643,0.2263299955194,0.0948174258143554,0.062618544785238,196.659172669183,93.6832722545658
2014-06-09,0.276514657750362,354.67881551603,0.327455519539554,-1.15010582399272,-1.57095366129187,33.7446840263089,46.6908505899221,0.102852879959179,0.294255707093387,0.135264129356535,0.029846360748596,227.107328709109,112.973935828498
2014-06-10,0.272265365029254,354.453405240687,0.253620559485947,-1.16924821799583,-1.5753691634025,33.7451761737365,46.8312934188225,0.112531553417864,0.326785602825165,0.143258248851729,0.0387877487450557,240.125604392954,119.43913533474
2014-06-11,0.262594084187252,354.200431637648,0.0815257956160278,-1.17942731675671,-1.58093498271165,33.7430819100857,47.3949180080501,0.0840094026403561,0.25225849037783,0.0952630533702299,0.00731208642464579,172.261712299899,82.4540990073982
2014-06-12,0.252965614563081,354.216107624333,0.1177402849241,-1.18689607315057,-1.592555903391,33.7398674175968,47.187548612937,0.120448608725345,0.298541403436667,0.10517230255381,0.0487793689385036,186.123978344989,83.3599511178622
2014-06-13,0.247339685697381,354.257006017173,0.16062624080152,-1.20163688325045,-1.5905213383367,33.740899146488,47.5361844666413,0.126139615994906,0.288526471411459,0.111954742477008,0.0566079225014096,188.424838603248,92.7139120370232
2014-06-14,0.243311865118946,354.211954256383,0.219416133332543,-1.22699171127739,-1.59150978894691,33.7476474437636,49.3143715195649,0.155240779623198,0.352151061904676,0.109644231842718,0.0523905197105668,177.456962457666,90.3774916270467
2014-06-15,0.239574106728158,354.066149083579,0.22822053258012,-1.25560448285539,-1.58445511366192,33.7546839591784,50.4813647752831,0.181191602784653,0.380411573018321,0.144063839138399,0.0162888940539357,204.024373684854,138.525427120582
2014-06-16,0.232314977704025,353.945744956412,0.0736484931918179,-1.28035832794733,-1.57739384647323,33.7444885089169,46.9480543226687,0.127360464856068,0.219141648582441,0.18595121362009,0.00543237707292342,264.642733426032,185.248311867606
2014-06-17,0.226873449436048,354.47629602944,0.172431292330346,-1.29884438954706,-1.57419290491122,33.7402217828954,45.6047868715768,0.114136057869242,0.203295869571766,0.180153108816518,0.105485312439572,307.49561559127,220.018441784836
2014-06-18,0.225044383690125,355.238509015339,0.151804352406322,-1.31387383180109,-1.57185438802207,33.7470134112195,48.832294425501,0.1343524763814,0.237211769514738,0.15904715012221,0.124440560783492,294.841040449465,217.925099065266
2014-06-19,0.221913371871157,355.745563041873,0.105826884462703,-1.32584499194715,-1.57102943834184,33.7471224827322,48.2769069761722,0.15520512568359,0.258310333487406,0.177848364247886,0.0666885032807445,267.64503648301,220.394056107875
2014-06-20,0.216845321219142,356.104478417373,0.102215582414008,-1.32095214804979,-1.56623379453795,33.7427774189937,45.9841060329545,0.0486367682310713,0.109993014288952,0.220437540940428,0.0749717457282801,348.900440686534,271.146320460155
2014-06-21,0.206660838752258,355.197087357684,0.179694751141275,-1.30912925365322,-1.5723704439104,33.7600794700798,53.2548013949684,0.0415297297612536,0.206287208371438,0.219504276564528,0.160309899985468,449.018041269047,297.228069395707
2014-06-22,0.198711687835251,355.231095104683,0.0679340134942677,-1.33082284509894,-1.59068854859001,33.7816585381182,57.388185676132,0.0690665066342137,0.260878685347776,0.204632165662029,0.164560250942966,432.559715393339,302.806695206627
2014-06-23,0.192167406947148,355.90046059213,0.0412434492169357,-1.34775209177522,-1.59101185464022,33.7785448854269,52.2941479148813,0.0715969494854411,0.224930183983397,0.22461046362434,0.0824757568367258,376.693437168249,299.592090212487
2014-06-24,0.189345524623627,356.579420136242,0.1350750168104,-1.36352682644539,-1.58506795751904,33.7728200853273,47.9735751686148,0.0403420786481972,0.115039521447486,0.180196765709704,0.0597075486804551,266.744386313025,239.300773691921
2014-06-25,0.188525995285046,356.91795274688,0.129299255496845,-1.39362524596625,-1.57544989013157,33.7698135736339,48.2769069851812,0.0348467896943253,0.194515019319832,0.146308452137287,0.0413832635632572,197.569719502665,182.57495380908
2014-06-26,0.186696024202719,357.282445768031,0.133915928987468,-1.40689918917683,-1.57751246148597,33.7671983438304,47.3644405331528,0.0291823032917088,0.186375576372104,0.185311190266157,0.068155533293521,275.83712052554,267.348918376204
2014-06-27,0.186440328272378,357.467750735399,0.239142324593736,-1.43087314569998,-1.58345759719329,33.7730734049067,52.2126005085213,0.0393525059655429,0.299233779302382,0.14029288768527,0.0736579255938691,203.172457853314,190.898817973616
2014-06-28,0.185943889000067,357.39449328911,0.210199061690307,-1.4470827977667,-1.58485502623997,33.7722889157603,50.8493578894097,0.0442046812624267,0.263454842668997,0.181589661631105,0.0333726694116145,246.892861639125,238.016638542055
2014-06-29,0.184536470690878,357.559077193097,0.142739550006099,-1.46503015262717,-1.5973816173762,33.7728820368346,51.7204327306606,0.0414651239901314,0.275619632471673,0.156135330446738,0.0944994729912152,231.252915265785,206.450046588217
2014-06-30,0.182072584767167,357.58136246844,0.0792783661404761,-1.48048363716496,-1.58774130868847,33.7752398955516,52.7964060483513,0.043219416915986,0.297933315021533,0.145330707106473,0.0356840040489488,181.585595774111,178.69473546941
2014-07-01,0.176910223575627,357.245449159204,0.0635610262113737,-1.46461302452242,-1.58364334585856,33.7671469663962,47.5705744682858,0.0229559613957426,0.14184450198765,0.198240165516996,0.00700319487998682,261.574733618255,223.661179613546
2014-07-02,0.173539491870054,357.340645394674,0.139856519450138,-1.46780869417023,-1.58916921380721,33.763341437789,45.6414420955416,0.0101263987343515,0.0456779672202304,0.200729420667517,0.0612693055760362,281.462972538131,243.559376643591
2014-07-03,0.170138076674647,357.373853729992,0.0885042109549409,-1.4569426254544,-1.59641499220118,33.7634835391231,49.0738479019659,0.00530434679337407,0.0139280604159608,0.226699395650714,0.0491549811915428,327.044689597882,249.284403713126
2014-07-04,0.167973407703202,357.64817772842,0.173540686052747,-1.46199461129995,-1.6087891991161,33.763364125199,49.7793567595694,0.0102172001005361,0.0814374334085593,0.193422276707675,0.0986180304425207,303.264590291135,264.10940906532
2014-07-05,0.166415829665777,357.951130192454,0.0779693859470327,-1.48283912504894,-1.60924306234367,33.7642969705476,50.9004280576822,0.0162355602379272,0.163022764331024,0.191420657713564,0.0568245587651788,274.406267377187,267.511857865325
2014-07-06,0.165714551399394,358.122360229492,0.235635300416772,-1.48380978298895,-1.6144530366146,33.7624477381327,50.6706125527097,0.0129693308360538,0.114141756866751,0.199736025013462,0.0872516358942397,305.256459572887,274.921588786012
2014-07-07,0.167446850094853,358.259894766459,0.213739854351776,-1.50413140578148,-1.61399999546458,33.7678820498077,52.8132921687344,0.0326595414956521,0.274405056638354,0.187859753335294,0.0835803537987746,287.728238695869,278.116925107619
2014-07-08,0.168378638603338,358.369460315239,0.184652583809887,-1.52523687140018,-1.61856294418314,33.7836065253748,55.5119768907184,0.095629244830394,0.413783212598318,0.0934508881920021,0.130319389455553,210.397949107188,141.70967618457
2014-07-09,0.167470914743296,358.543579845894,0.0857183176842405,-1.5506292610516,-1.62251264363648,33.7942036256777,55.8501105469409,0.146663266341874,0.420453216489681,0.167457244299885,0.119255297378651,300.562941265748,297.824551564318
2014-07-10,0.165513371912445,358.464861986114,0.178583232549632,-1.56626264302515,-1.62835399116743,33.8014688530432,56.6602307575756,0.146653330174128,0.385180862633041,0.171113699176895,0.176666338358693,383.905287733902,313.599542169319
2014-07-11,0.165960461264703,358.576545901415,0.191677131394788,-1.57952472780719,-1.62569340118352,33.8168620007884,58.0475669248223,0.178833265731038,0.415236033868753,0.166981962995853,0.114794075941509,299.03438595667,312.251839546512
2014-07-12,0.164797868125322,358.735734148723,0.0704156916770266,-1.6014427014208,-1.62159626236168,33.8120330522257,52.774371831845,0.149655730987188,0.36595062287616,0.228077465142959,0.0538048323610855,362.374176416457,362.694775523157
2014-07-13,0.16128024804156,358.962847081626,0.0877149952234837,-1.59737818194465,-1.61867044087846,33.8063349807472,49.2532110484505,0.0935868162698554,0.257428981032092,0.24919001325241,0.0817797206814794,428.119499601165,378.199143284013
2014-07-14,0.161060909127317,359.414771103277,0.224295966667918,-1.59299636603045,-1.6171300982335,33.8084518545874,52.0052311391483,0.0392174669515184,0.145515262136157,0.21734779982673,0.0989401014861066,373.603266442368,365.865265444287
2014-07-15,0.164148609085781,359.928987828697,0.275970879942179,-1.60066380031035,-1.60774596837851,33.8189212886589,56.9695344144999,0.0439833087536196,0.295475595554038,0.195375296700741,0.134054097292917,367.892892283135,351.214252790269
2014-07-16,0.166257903706737,360.162082206912,0.216307953908676,-1.60455237564288,-1.60381151017872,33.838723541754,60.8337708767931,0.0850164436002472,0.413673041164674,0.189984104873841,0.120637485146643,349.729648175272,353.70533452259
2014-07-17,0.166716281415486,360.06875908084,0.209182981719694,-1.61734099314119,-1.60174522837486,33.8470821766718,61.4305499021502,0.0915528513860666,0.406701353553295,0.181081431667734,0.128935554008252,342.39722575518,344.387273718626
2014-07-18,0.167846487244455,359.972686767578,0.203339295325483,-1.62265788157459,-1.59274823865105,33.8570698777995,62.197013534515,0.117119876787886,0.43979602048171,0.160197875056511,0.0668606589951737,246.710726489952,278.039548700009
2014-07-19,0.167631621767835,359.857555854611,0.118251231158289,-1.63985796648803,-1.58948963824232,33.8502165244819,55.7576488721387,0.100673690393356,0.397739508736165,0.169380610348725,0.039932707699164,244.990514762613,266.539734876475
2014-07-20,0.168069135670255,359.720979271865,0.219464691673837,-1.65832821286803,-1.57723528331751,33.846588047249,53.6958990740551,0.0772449199310893,0.383837318345797,0.158312399578802,0.0806570022785471,242.997330647196,262.339138491819
2014-07-21,0.169870605737698,359.562644028082,0.180892957238162,-1.65715393154566,-1.56698501705319,33.8486617753702,56.3336292207643,0.0588483238081442,0.384837753958312,0.155945053070221,0.0663450154577672,223.049021139047,237.588537665938
2014-07-22,0.169988279299038,359.374828431664,0.18966710767368,-1.65806429725588,-1.57370938736739,33.8509557417691,58.1048148292922,0.0485245894950693,0.391713357708238,0.158929359399074,0.0455841921249784,212.577789562008,222.263773604396
2014-07-23,0.171283912367937,359.17388208901,0.2611139288581,-1.66390803580986,-1.57538193102308,33.8518885098971,58.078662031897,0.0389271366774812,0.374927987210588,0.171548619077072,0.0611828157826554,240.756391439903,238.613168075254
2014-07-24,0.173591103677343,359.062672312667,0.261342576000749,-1.66355416938844,-1.58147574918955,33.8601214760228,60.6622329549751,0.0479602391483431,0.440081230697804,0.0963215228677922,0.0834403230121181,149.988210246411,108.069116577032
2014-07-25,0.175194656158366,358.633277706984,0.308699093577338,-1.6610306491736,-1.59138540989957,33.8752902207265,64.0596310477829,0.0941646860160849,0.479326962937027,0.117588105004447,0.0959648556414082,189.097510155168,158.368430247864
2014-07-26,0.177764774822607,358.200609160633,0.386599201799893,-1.66216934644259,-1.59262179829653,33.8861034357274,65.4797095570326,0.123675230043399,0.485068231298212,0.166181315038248,0.114366569786299,276.806466007525,254.042929447771
2014-07-27,0.178865775284244,357.608974549829,0.327318115932185,-1.66288597413242,-1.59548419931157,33.8974089114129,66.8151519108719,0.139335580936202,0.468295407779364,0.161690440416014,0.147467414367135,314.72646143832,264.07353052545
2014-07-28,0.179904915937563,357.558528621022,0.281515203961512,-1.67177414974542,-1.58915356328452,33.9021329532268,66.6143721517442,0.124937006292224,0.450543433684901,0.198759103035517,0.103247288805552,325.927293028057,295.22308330751
2014-07-29,0.182215992452168,357.759534138005,0.304243938679375,-1.68931327432434,-1.57755076257806,33.9004937608232,64.4428628028324,0.09929454200438,0.41815310962066,0.195787152011506,0.0422259203023837,278.194233235705,274.725470454206
2014-07-30,0.184040024876595,358.063116678377,0.223005688135944,-1.70600924639888,-1.57326293168602,33.8976107917817,60.7211284032557,0.0790107254608301,0.346446542582837,0.191709780771481,0.0822319384367682,299.487589435415,295.159497495539
2014-07-31,0.184176004151019,358.312342946122,0.166621592804426,-1.71498836019905,-1.58238059499486,33.8973286586252,57.8082785883091,0.0713894628251796,0.33595828460648,0.127388623833415,0.0332136932514135,169.476558468907,127.522709728919
2014-08-01,0.181745208618118,358.166899518269,0.13563831672981,-1.72039223730805,-1.59457687987329,33.8950449368249,54.6466680519011,0.0661830017904279,0.346301600260923,0.121803860488007,0.0240243684485374,159.476048489314,112.206182234225
2014-08-02,0.184045993336817,358.300654341535,0.440701208645251,-1.73710007030472,-1.60812981682107,33.8933460426073,52.9269643544186,0.0572324859812249,0.343620255309197,0.174343471916822,0.081656987684579,262.785675972682,228.670912571592
2014-08-03,0.189663862128083,358.431213751072,0.393873720997717,-1.73724339590703,-1.62155590012328,33.899457985573,58.6309605056619,0.0598933985177176,0.398254192857808,0.108860058486261,0.0495866060447999,143.406560521965,91.7417843959928
2014-08-04,0.188699440621748,357.66309859113,0.343334122674494,-1.72130556820858,-1.62936839288385,33.9182942399451,66.2076648346647,0.138223724419631,0.478230397188068,0.084493850256026,0.0375390021173175,114.063943792422,56.2480739749023
2014-08-05,0.187691031251012,356.857696905369,0.282308068035579,-1.71271392819692,-1.63205451505226,33.9335986663777,69.3048200774611,0.20649524668028,0.487730878527187,0.135479118353241,-0.000935736128635574,163.635596935534,123.230991682916
2014-08-06,0.185598974002571,356.282085883908,0.158668764753313,-1.71731517897283,-1.62671027701554,33.934982464542,68.1324728593813,0.208048766612122,0.473032777668976,0.178437318039528,0.00454523972915573,224.640008043405,168.962386836795
2014-08-07,0.184824486331242,356.22484383932,0.22746547138909,-1.72968864440918,-1.61191518055765,33.9290043757512,62.8481576021223,0.171182077592226,0.42058605606209,0.183717308422694,0.0377548146143294,241.691840718937,181.058753049892
2014-08-08,0.187155441358322,356.539713789777,0.291159004609032,-1.73663846249522,-1.60662571750028,33.9229398307852,55.6091750256928,0.136048014803567,0.359953680931622,0.18288288894895,0.0230243826151779,236.881338441349,174.684685756682
2014-08-09,0.189112649094768,356.442783634837,0.373844540155515,-1.71717383118294,-1.60855526222713,33.9145214734612,54.3301570328624,0.0905109783938095,0.249734317334873,0.191677655607422,0.0123054254674397,262.508293545014,177.962853605294
2014-08-10,0.195425797162986,356.4308479123,0.546638481318951,-1.71613298905523,-1.62133761874416,33.9178513335152,57.7121106391011,0.07820424668374,0.341073172590501,0.107878194616632,0.0773580377662552,158.87900523809,99.2481627903363
2014-08-11,0.203347767271647,356.387059281512,0.439897716590544,-1.71399793016766,-1.61360461557442,33.9293399507057,65.0931834878548,0.105428682643965,0.422856394416438,0.106151695676178,0.0676044702288593,159.596504647954,83.3240427770703
2014-08-12,0.206579295418611,356.165150712176,0.314453088746565,-1.71526611623494,-1.60308870258923,33.9337920885176,66.5416802021495,0.119813053016255,0.42420625179634,0.126872980899294,0.00566960594210869,160.350261162756,84.4232166691598
2014-08-13,0.211833312925769,356.215815474347,0.537293029812778,-1.73019473304954,-1.59494549221034,33.9326079879534,62.0337128928798,0.121700948107719,0.425153520070117,0.138935411301179,0.0524663012047448,191.013186091761,104.666660697622
2014-08-14,0.221709193434657,356.253321205697,0.678594838918709,-1.72098827490762,-1.57447996683288,33.938575760073,65.3258814444909,0.135227165182401,0.440932742599021,0.120132549848111,0.02557294590552,153.527801442168,77.9690555726442
2014-08-15,0.22644246460461,355.775879278416,0.577577949478859,-1.70107389686883,-1.56577086609546,33.9385200737298,63.4852983485028,0.126813622050467,0.404802699376013,0.183000679601703,-0.0177015592413232,253.958676313949,132.027080055881
2014-08-16,0.236762101875573,356.036158864091,1.05722938559768,-1.70257041682759,-1.57856434414744,33.9316461951787,55.2951350424454,0.0951340988432748,0.331254927704987,0.211529925158913,0.0495338882250503,318.551513480316,192.776794353965
2014-08-17,0.254163673919875,356.67830527701,1.07687552554942,-1.70736837177946,-1.59112964998855,33.934984292096,60.3834068257156,0.0835162075117039,0.334070596044604,0.190110133214277,0.0717535050040395,295.352704962913,182.337465510775
2014-08-18,0.265425516519605,356.788680285942,0.75030084663048,-1.69924426826871,-1.60167315292616,33.9468971746653,66.3102169242787,0.119380192363612,0.412606334719711,0.155135344578187,0.0946139691048145,253.688347263317,141.75940856276
2014-08-19,0.268233404290385,356.62930260635,0.573244962932133,-1.6933155259301,-1.61078216704602,33.9573212081765,68.6588242642793,0.178145517930062,0.441162351719965,0.190755922563485,0.106608855232657,317.858266354476,184.767761150182
2014-08-20,0.262723139328201,355.436400995022,0.634675356673031,-1.66976956598833,-1.61196707762205,33.973776849497,72.1458012082799,0.266747371854157,0.458566345133682,0.174315465792672,0.133882765455848,323.64294577448,191.975883998007
2014-08-21,0.264660387504392,354.71840760766,0.65943461729259,-1.65895489449443,-1.60260724313507,33.9866742637315,73.3807507745328,0.337652453463952,0.476277171610258,0.112204327053226,0.0659718741480558,167.354791076182,84.6192923896932
2014-08-22,0.268417219018064,354.520548750715,0.411333933654355,-1.65893809024782,-1.60080578645714,33.9911780827119,72.7609077870604,0.338806009922722,0.473425070454798,0.17826928072653,0.0531516291764181,253.001431203674,155.164831165614
2014-08-23,0.271495108015654,354.567711062548,0.713497437718438,-1.65527586914428,-1.61161741232261,33.9939127367357,73.2067415608086,0.334782592413065,0.460779040423442,0.159147642985208,0.119359908331382,274.446460292071,158.44301398211
2014-08-24,0.277296841871448,354.889306789491,0.720124779132808,-1.65922968357037,-1.6124786000181,33.9947241089444,71.909807828113,0.325997451337572,0.450521773810771,0.188612625374887,0.105106405652406,311.623042561591,201.705425090509
2014-08-25,0.283665093161711,355.214243074743,0.722341585631778,-1.6718057818741,-1.59794750612596,33.9912871284845,67.0657664516516,0.274078087653755,0.424908046620776,0.194778929234516,0.0606325765953534,289.815721870106,200.120218089035
2014-08-26,0.293610126870434,355.445881169017,1.10078750387198,-1.67385484501418,-1.58496375572987,33.99227352374,67.3546831926353,0.20001258634976,0.376782094868712,0.191429718730622,0.0976155733239715,306.754690840632,198.675812806928
2014-08-27,0.304866644485695,355.463849323552,0.820822528040991,-1.66181152302887,-1.58242095852027,34.0020531411113,72.0012398268047,0.19306231475361,0.433392693458298,0.109319689549134,0.0446039753162909,149.437728515336,87.3451223705279
2014-08-28,0.313277403029,354.966499886862,0.948071484703843,-1.65284624836545,-1.58090738857645,34.0126750807048,75.5151929958307,0.230117283620735,0.466676813589256,0.0825729549896379,0.0144190690486457,108.801943767625,47.1785659042095
2014-08-29,0.321894485776017,354.379934543517,0.99518261331974,-1.6503938972226,-1.57994487990252,34.021482552594,77.7445685326168,0.27358263214565,0.478030646860841,0.111487698186988,0.0439128815303286,138.345528103347,80.3966129489673
2014-08-30,0.329869136032535,353.883417641244,1.13508994541154,-1.6498373949576,-1.58399424604398,34.0287805935632,79.2527842901335,0.304716557567228,0.477478760255654,0.156753937513963,0.0803967093830167,222.390431222452,135.357728322086
2014-08-31,0.339783608004814,353.625245629287,1.20838529643853,-1.65716282703616,-1.59349575876064,34.0324172252907,77.0590343410991,0.313852752539092,0.469379618180747,0.159362631423874,0.067732969427157,222.922408248583,143.952219207584
2014-09-01,0.352070043726665,353.495750241163,1.20378681226838,-1.71170867004214,-1.60065751600201,34.0107433818452,48.9245502379259,0.277290363523948,0.443944437448162,0.14948715529984,0.024630620034962,198.558961294381,150.583115411866
2014-09-02,0.362503139892729,353.766542016006,0.948603830232126,-1.70943423562687,-1.59513535866371,34.0026935881127,19.928258117233,0.226921746891882,0.401075404706724,0.169589833314964,-0.0240597878501081,232.763100134996,178.352291224079
2014-09-03,0.381678436042332,354.299763004954,2.4190105937603,-1.74596649947276,-1.5936971545702,33.9766375378237,17.0874831254987,0.187322995407832,0.341589019996715,0.163536377608092,0.0567117100543821,241.906834268792,169.451243600366
2014-09-04,0.414580086927588,354.6662567883,2.45131173620864,-1.80345991571583,-1.5983984906342,33.9435635719866,11.3289157066912,0.168567456534046,0.312998957076907,0.128713975717061,0.0232492560236721,191.148966562241,138.50610012724
2014-09-05,0.450148564831513,355.087198769174,2.8955299443588,-1.79610285199123,-1.60431067776262,33.9387530534052,11.2078301086117,0.160527091799369,0.295804510490833,0.163227485977968,0.0460751240723609,249.157743043289,168.752532892725
2014-09-06,0.484168598928103,355.793999648676,3.7385134464357,-1.75622763759211,-1.60429955944519,33.9603445694031,14.3552320289869,0.163610284072221,0.265414165346199,0.178031228427422,0.0712708100807248,286.146256574969,190.144842636592
2014-09-07,0.52392998501295,356.5830424239,3.83434443357514,-1.75963583005424,-1.60120528735291,33.9545559336138,18.3436431550143,0.174455495995215,0.265540817367925,0.15831239965924,0.0430924649904614,234.902655804418,154.339080376109
2014-09-08,0.574633710086346,357.011975172089,4.62580595001942,-1.7918060422748,-1.59601466777997,33.9280325906319,15.4954544947698,0.159763860130819,0.245085950998482,0.125028691019526,0.0230762765223761,173.00152784758,111.460502728778
2014-09-09,0.618161655780746,357.140475017268,3.63592287607309,-1.74900698227438,-1.60087003350741,33.9517902935404,19.1739442930852,0.140927568864946,0.237931990977125,0.113991781078812,-0.0232574929069733,155.632246859604,103.081439099091
2014-09-10,0.662148713338666,357.395636581793,4.1743420595076,-1.75232225664553,-1.61189500233422,33.9482339557849,20.8020101925622,0.122113837575709,0.213934131643416,0.116481037360494,0.0153300939944752,155.026456036461,115.329694761132
2014-09-11,0.715613362992682,357.661248928163,5.24770411049447,-1.76390199397418,-1.62018194854983,33.9421323603786,19.1963905483766,0.114657031238964,0.22972488808653,0.109981129903663,0.0246001426658408,153.697509031108,129.306792136272
2014-09-12,0.712182215074214,356.949652322909,4.83593858742132,-1.74482483677214,-1.61835001708686,33.9578137622993,30.6354779540769,0.127495089159994,0.354613959125662,0.113194428263647,-0.0272244873498133,164.46332216443,144.383049379538
2014-09-13,0.709722062436546,356.478087634575,4.78960508907714,-1.75194071436379,-1.60807339173419,33.9633717092908,36.4628248909707,0.145546416484332,0.384301550274114,0.0954854555035892,-0.00088466597311249,134.356553898702,126.708008136805
2014-09-14,0.728493796252623,356.425025009527,3.59237819328541,-1.76191520015238,-1.59368191701681,33.9527561584143,31.7522248552557,0.140723997758458,0.345897033237494,0.145777982226026,-0.00575197692683995,190.190648464649,189.772062654269
2014-09-15,0.770973223011668,356.955037931117,6.29400757900098,-1.78199860377189,-1.59112264591994,33.9362284908732,25.8913116236286,0.119460246903387,0.282038802650535,0.163552028181059,0.0238044373992725,218.370469483093,208.076765515105
2014-09-16,0.818084197436891,357.531944460985,5.20494921977927,-1.75952314220459,-1.59236027290303,33.930017803362,24.3810365872505,0.0864232397369925,0.160144951639448,0.182976791582368,0.00272154264081667,251.467563618656,222.16705705598
2014-09-17,0.863200930197064,358.146843514791,4.63169877703597,-1.76623177705345,-1.60013446280187,33.9260557537619,26.4747052392175,0.0795319664676004,0.221686493661933,0.134288854741173,0.0171677942429236,179.033569727435,174.673670641567
2014-09-18,0.907372705093244,358.671934918659,5.83963728677936,-1.79995881208041,-1.60644985661011,33.9213253850075,27.4479204260225,0.109722021275908,0.292944742308857,0.0812344237076126,0.0654068081444896,143.211475935954,96.8647737173993
2014-09-19,0.930292729924365,358.800175364425,6.09072541027534,-1.76934936139909,-1.60457220749977,33.9479520028098,42.8939524314664,0.174729947048502,0.362043836419238,0.0926601253449917,0.0818447940222487,156.591044285673,101.22278708259
2014-09-20,0.941466372914431,358.68357179223,6.43942205571547,-1.7856173338356,-1.59631449877009,33.9512034427782,43.144360761089,0.250937260111716,0.377241313497708,0.0898034939952144,0.076220492170005,143.303093260059,89.7119116558516
2014-09-21,0.967889440859236,358.659004769674,5.73164795884272,-1.77975185020411,-1.58959136704202,33.9555362490346,40.7370638763695,0.287449453526281,0.365323237903849,0.133480793802764,0.0155343743450889,162.944095133901,139.191012856435
2014-09-22,0.93094161807037,357.832708591368,3.18076696773855,-1.7658176206545,-1.5891304992632,33.9531124130434,50.8096139421347,0.251482351242556,0.318161638627047,0.151672461893354,-0.0492414708290747,205.088509689724,153.466370565118
2014-09-23,0.909630888845862,357.475679723228,3.53121827942569,-1.75731197381631,-1.59955992068035,33.9297251887971,43.0152439279595,0.213636670262646,0.220675225029604,0.169327069370531,-0.00733267946744416,217.501559428603,138.569621246938
2014-09-24,0.966242657202046,358.014834892459,7.80587446689606,-1.767467345786,-1.60292807941334,33.9117395501388,30.4882394710855,0.167202717881001,0.161504075480386,0.149164260283374,0.0420900079523504,192.758717333538,140.417209603837
2014-09-25,1.06783578999159,359.469643569574,10.3090785305674,-1.76948972366117,-1.59949608772551,33.9133355093067,31.9116129727177,0.139755518638809,0.168778477171273,0.128308709756083,0.0850885697362716,185.281316178843,137.437315168811
2014-09-26,1.07981555490959,359.464845982993,7.05605301042882,-1.76037222460697,-1.60769571933026,33.9438435635586,49.6139967888795,0.181692161935403,0.375634046419751,0.067924893980245,0.0899254033007683,131.076313442186,91.3689560377392
2014-09-27,1.03031408423331,358.586677737352,4.06671833773939,-1.73667898834476,-1.61041643712846,33.9728978526415,62.0157969998605,0.287400083126206,0.419231034483504,0.0652247678925875,0.125591285823368,166.195323689822,110.328194762809
2014-09-28,1.00379162627022,358.041296610018,3.99521030521974,-1.7201026179369,-1.60961208185847,33.9914375490505,67.922838006425,0.382334167156595,0.434056811044734,0.0552792756713917,0.101369226595208,133.940379221422,91.8577907877335
2014-09-29,1.02480650929416,358.238324421208,5.53516667790529,-1.72925668753754,-1.61826146759002,33.995006257545,57.5562228834742,0.437423217435859,0.437979736228382,0.0688227394573119,0.101463953292,138.910986388417,88.54094366885
2014-09-30,1.07939033573721,359.188933581841,7.1459829498355,-1.73685196794157,-1.63126292868986,33.9953460281516,53.8264572848836,0.423014084117892,0.414724303313937,0.110008312472206,0.0784436894050333,155.806006088845,89.339087646375
2014-10-01,1.14007244240947,360.3942900867,6.53055714361551,-1.73399138450623,-1.63655239174723,33.9966021755285,61.0786192413927,0.39980899932098,0.382600585876005,0.136371197709349,0.0863167236379364,194.870047820711,125.139346006993
2014-10-02,1.14147183698852,360.799482764267,3.37229944474813,-1.72691603099447,-1.63658822081511,33.9940013036072,58.9379990007552,0.321505495548492,0.280322393701586,0.17659714669693,0.0814403514610289,254.653271171057,158.412621677305
2014-10-03,1.03766711637741,359.520453476324,2.33223812427463,-1.67471381543297,-1.63441074393217,33.9968739920139,62.4927261651125,0.214231269077212,0.185901669196784,0.219833761197232,0.0881956093536134,346.18419097742,213.266027333047
2014-10-04,0.990670731154884,359.203717115449,1.85822696038863,-1.64336500211283,-1.62818966220748,34.0008525359325,62.4181802404715,0.100829283825616,0.121189577762646,0.152534887184579,0.044842027866768,193.627161633652,130.48603525602
2014-10-05,0.980131856188541,359.387259878763,2.50992392330635,-1.63510449284967,-1.61757325563032,33.9900721705716,48.6397521125804,0.0840395589335101,0.0953451724761386,0.167127759556579,0.0133556574583054,202.298274286631,145.479449881213
2014-10-06,1.02018547421548,359.895552844536,5.33327973906587,-1.60179755481792,-1.62174617809805,33.9887913537894,50.5307878399024,0.0987791861600637,0.112508683725703,0.201273894211461,0.0406163882378705,264.859919820325,174.93878291098
2014-10-07,1.11081384013339,360.745118303997,7.21358892103521,-1.57237622974373,-1.636620761251,33.9907435212541,53.9388940749381,0.0184061394569546,0.0293246971566559,0.152587605200396,0.0461632610523669,178.272690256025,122.830545421615
2014-10-08,1.21884022180627,361.723546470084,7.50434479480836,-1.56960460483304,-1.64893730497553,33.9953563139345,56.6180156226422,0.0169493046497446,0.110986881458305,0.158833808694211,0.0656876937660933,194.130971240019,134.1784659531
2014-10-09,1.278890687518,362.307352949933,6.58015955075985,-1.55069449716895,-1.65377825764027,34.0017112443643,60.499756254487,0.00885216602451961,0.0170317943668877,0.18887291840113,0.0853669843039452,265.925114593981,176.916183762524
2014-10-10,1.35263663384973,362.994778516816,9.04884897790304,-1.52861145239288,-1.6514858691155,34.0096806257199,61.5619321673827,0.010279970452838,0.0904496956890632,0.156660034538683,0.0688112076728852,211.434109221828,154.283809847222
2014-10-11,1.47381601827901,363.986300212581,11.3083168500807,-1.54074669857579,-1.64946612848444,33.9981424535013,41.3196338558326,0.0105595689970125,0.113129561029214,0.122887864563106,0.0526689341475285,168.104026762262,106.285041282795
2014-10-12,1.56148767253248,364.678460097894,9.71899430344744,-1.5105711833829,-1.64871078271132,34.0108894523178,60.4810166661395,0.00861607331722251,0.0994168244309814,0.183994075255758,0.0319015210124886,260.583140873514,158.705338230339
2014-10-13,1.6375310471872,365.292212137362,11.4381278753281,-1.49600631698423,-1.65264112215776,34.0099380946192,58.0735138572662,0.00448037254311114,0.0374263595920383,0.150417948943562,0.0641522955164494,228.90119026962,143.151326786117
2014-10-14,1.71096799213712,365.875978795493,12.0677514686817,-1.51530389787375,-1.64952872912733,34.0080044600967,48.9764440989526,0.0236982815853708,0.219436731905891,0.0958553019926133,0.0872022133878609,187.333254668567,99.3475687202344
2014-10-15,1.74086103715548,366.120043870879,6.76689758678762,-1.52769021514939,-1.63622167284189,34.0074463920233,43.6190243977123,0.0172576981045458,0.132060026059396,0.154865167255786,0.0325728459246004,231.293608725844,153.924812706904
2014-10-16,1.76673617450202,366.40666831412,9.31410662284711,-1.49317835056187,-1.62660854805497,33.9954119487974,43.0694029842794,0.0257434473560173,0.13183547283395,0.13215873698112,0.0456855085687197,211.297073393671,135.711212291891
2014-10-17,1.87211570725208,367.36418189072,15.4108796701199,-1.50332482655843,-1.6196560116432,33.9881077507729,30.0856504967982,0.00978152357047787,0.0543409850472174,0.136956856348495,0.0542867035276977,222.832134067382,166.313904642549
2014-10-18,1.90534886572419,367.691984967488,16.7063942304472,-1.49778652191162,-1.62229106445544,34.005858597646,53.1681059491136,0.0088484629218224,0.0762365543699538,0.099411264630022,0.0732856083776948,190.317590558254,129.207373598292
2014-10-19,2.00235277196256,368.632098686404,19.4033882327196,-1.49420930789067,-1.62634248788218,33.9765284302746,34.992293988484,0.00921507950687816,0.103001079970789,0.116809697914743,0.0213003547487632,179.220914401074,135.018039600101
2014-10-20,2.1087887643314,369.638221182474,15.6823989181984,-1.44017746010933,-1.63029177275746,33.9955416742446,29.2156052917604,0.00525231632582893,0.0579902205973962,0.146854573541526,-0.00567784303153253,211.096778622025,164.88334247852
2014-10-21,2.06320036838694,368.998988081769,8.95558242390795,-1.42818356396859,-1.62608095878853,33.9977368446175,37.5233534531072,NA,NA,0.178915893978234,-0.0167287559010963,258.706633669804,192.732604879789
2014-10-22,2.08385985798952,368.9964268382,16.2394189718293,-1.41920247163206,-1.62474819812697,34.0032309765114,44.2211575990746,0.000779102332531833,0.00190985223385864,0.17289373979435,0.0605131384342225,260.311427097018,209.77519240415
2014-10-23,2.10713064161743,368.912194973085,15.0563985138405,-1.40588503408368,-1.62532685111891,34.0122774255421,50.8394736085343,NA,NA,0.202252463536908,0.082338197098972,333.149289969897,259.105170534221
2014-10-24,2.03295550986034,367.900057164634,9.99320575086082,-1.42024529213526,-1.63288934623342,34.0291470773468,62.3493999707715,0.00299069454700051,0.0263303541253781,0.162305752727908,0.0921247129387621,283.12555485235,220.18416878947
2014-10-25,1.83319536142233,365.069343008646,9.62724377178564,-1.39411156315874,-1.64001280415235,34.0499150460226,68.5570959394921,0.00403628908958683,0.0336105161988743,0.172321260473144,0.137343176961066,352.108032387768,240.742430428951
2014-10-26,1.7410971740397,363.19719565787,8.31516317914172,-1.37005753917733,-1.63289346418239,34.0634136483093,71.9697325972893,0.00126209255769907,0.00509042330721779,0.218221757586105,0.109796618592803,421.90501825588,296.949112288932
2014-10-27,1.71638843998676,362.83559175817,5.62025113076698,-1.37489503356609,-1.6228252387079,34.0665581634975,69.2366580100838,0.00276262741672288,0.0145154457858853,0.184542667502776,0.0471904293034482,304.571925793673,209.007452227034
2014-10-28,1.75872311868319,363.462094934975,10.152453527218,-1.37002887650218,-1.62006374763252,34.064787201875,64.8411274921556,0.000445061596110463,0.000762962736189365,0.206596717886959,0.0601235231165944,351.37941769579,239.742704639783
2014-10-29,1.85607315418197,364.546656910966,11.8298955196288,-1.36043988411565,-1.61985740729189,34.069218757825,68.5836606907298,0.00137860937686622,0.00670897757519031,0.156272890280012,0.0961847866806183,285.050660117463,176.153952946529
2014-10-30,1.91848750812251,365.392845712057,11.4348161395003,-1.38684840514431,-1.61925486353567,34.0688563461407,68.9640093673418,0.00392626405502033,0.0384723185152017,0.0733893957647637,0.10096148938926,185.813700463662,94.2521995942533
2014-10-31,1.94431615239236,365.872808316859,12.0386963181379,-1.41068002392567,-1.61926763228238,34.065419391421,61.2256517436019,0.0104193836076665,0.122650635795726,0.116512337822703,0.110309790674089,234.011538735782,148.340590829015
2014-11-01,1.9218114701713,365.765618301019,8.85941222237378,-1.39104043705422,-1.62729428670345,34.0729130733351,70.8735786739149,0.0024081961274058,0.00792751718401553,0.165194508643487,0.147555551744304,341.722861927901,238.30384391355
2014-11-02,1.90387741530814,365.650161743164,9.95849288091427,-1.34108991363914,-1.62915917108899,34.0806538868851,73.4763011250258,NA,NA,0.193858844292188,0.129998141882109,364.710966596548,277.550759190781
2014-11-03,1.91911279137542,365.714808022104,11.7571929169864,-1.2890211362266,-1.6261336764826,34.086596927823,74.2985710640829,NA,NA,0.21289069709769,0.109096463870222,379.274240939524,271.613003618699
2014-11-04,1.95333729793386,366.035034179688,12.3475959446372,-1.26563135686352,-1.63315499520656,34.0942286080838,75.658312622513,0.00104226724822383,0.00413139572722598,0.172589789774374,0.132185919599937,334.133561750925,255.423775954489
2014-11-05,1.99420110990361,366.651951487471,12.8676871235778,-1.25410894963101,-1.62925513521058,34.1013330673238,77.4391769262461,0.00216845359644255,0.0148325840911774,0.132568121851295,0.120351657361878,258.457656171784,194.04716722581
2014-11-06,2.04726541042328,367.625419058451,15.710321187973,-1.17939173161742,-1.61920173367669,34.0989690464035,70.4234201596012,9.80952089386327e-05,0,0.1180403227899,0.0474045943172194,181.566078057277,114.879526943018
2014-11-07,2.05713247380606,368.323477768316,11.8323024714865,-1.15607015484901,-1.61825734996281,34.0916730543541,63.2575419756726,NA,NA,0.0555996996037632,0.0334575118424117,120.506059603659,45.0299512398717
2014-11-08,2.05552634088005,368.936595265458,15.6112029494309,-1.14095076431951,-1.62547635533388,34.0853345564663,59.5944968981621,0.000420991938361632,0.000735714067039745,0.0675105672988251,0.0742262867599846,147.741253312844,61.6942027641435
2014-11-09,2.07887891298387,370.056671514744,17.7016047268379,-1.10903359432774,-1.62721933124841,34.0829128105792,59.7724186605127,0.00101728364825249,0.0024705460028989,0.0876050083250732,0.0892647868437082,177.539859219923,102.705837620114
2014-11-10,2.05100743218166,370.724664455507,14.2332103775769,-1.09301965383061,-1.62535897762026,34.0760842038874,58.2512295191426,0.000670317261080657,0.00108994676598481,0.127363089120139,0.00755590527204045,181.752984603515,114.66411229529
2014-11-11,2.01825103963294,371.461307060428,20.3739745209857,-1.03769787506536,-1.62578524623001,34.0673445780107,52.6493735332721,NA,NA,0.167742248162044,0.0409516388557942,244.394150323748,167.910194451728
2014-11-12,2.00013697728878,372.773571851777,22.2172934020438,-0.952652302991684,-1.62968305054946,34.0627400170454,49.1780473693662,0,0,0.170566754996294,0.0474663727317262,248.465508561296,194.215632864353
2014-11-13,1.97026357854285,374.186308325791,22.7775090496715,-0.878883011749721,-1.63261505080621,34.0589118422123,45.9663963382222,NA,NA,0.150193899492865,0.0644200021318096,226.918952141139,182.406486889501
2014-11-14,1.93241973039581,375.60991389577,23.4977876500386,-0.833688931627634,-1.62868718209698,34.0571675989148,48.7097675308042,0.000272688533489903,0.000254320912063122,0.109752138244559,0.0841841347083228,181.679430329239,138.141554284541
2014-11-15,1.87538674473763,376.129096054449,21.9355785207051,-0.855831282180652,-1.62775021332961,34.0570439996346,55.7636207279406,0.000976386096177472,0.00315151724813355,0.14656297925372,0.0909196229880316,227.580838547775,181.539309633108
2014-11-16,1.82805216530474,376.787673205864,21.3833145281164,-0.814778821751495,-1.63464261597467,34.0545790874363,55.9522507213227,NA,NA,0.0864106266836004,0.0476113458926942,124.843980455441,93.390538980653
2014-11-17,1.73072126507759,376.314139017245,13.8060922331926,-0.792469420091987,-1.63375341956593,34.0409714084888,46.3568355596339,0.000437765504370947,0.000913053766259404,0.122162174860797,-0.00858801562595464,149.730654606175,120.198596468581
2014-11-18,1.66146358556864,375.782936282274,20.5374482666574,-0.697910968933189,-1.62343519789326,34.0219189673461,25.3865823964519,NA,NA,0.144371083164625,0.0390290963374249,185.617188856186,146.592422055152
2014-11-19,1.63110459577747,376.282580864139,20.0481364203662,-0.697438489047461,-1.61162770743634,34.0233851598825,34.381717847909,0.000600479931260149,0.00129986243943373,0.128604421987828,0.08032834122156,180.904249766395,133.159404135923
2014-11-20,1.5501097317149,375.065150935475,11.2065431432026,-0.709045900024383,-1.59402787460168,34.0249851396692,48.7196520330452,0.00013139913789928,0,0.198703914649493,0.0468378807952208,276.470370688797,220.427111330675
2014-11-21,1.5098660093982,373.80194501179,12.5293674294542,-0.679002837854841,-1.58172615932228,34.0224892671613,51.3141372013993,NA,NA,0.197279717059311,0.0675262177611893,283.58546692061,214.685542929179
2014-11-22,1.51878785432839,373.8323070247,14.5338595262388,-0.636698994237563,-1.57176460299576,34.0188772790989,51.4306924706689,NA,NA,0.166249683119266,0.077724589213387,235.517616641424,189.71958119162
2014-11-23,1.51713584254428,374.566447932546,17.2899455791566,-0.534389088732189,-1.5643886778197,34.0142315183735,43.1981078391133,NA,NA,0.148152742725916,0.0662198114722927,199.740372985954,155.117881987871
2014-11-24,1.45987107622914,374.46720588498,13.0934760744979,-0.522221223766665,-1.55859015859895,33.9960316697917,33.7511667297919,NA,NA,0.123752761969039,-0.0057206759769746,150.281443457761,122.731122197744
2014-11-25,1.39288027112077,373.861031136862,15.1853870182503,-0.487210191172949,-1.55955843420325,33.9772160745021,23.622604209241,NA,NA,0.111904495781572,0.00890102602953692,131.916502857146,105.453749005159
2014-11-26,1.34143087413253,373.759886950981,16.24230340632,-0.464523201820902,-1.5576824334308,33.9712667838443,34.4428784116881,0.000611800744081847,0.00094416638603434,0.0962737474877101,0.046327179622071,128.273127640613,81.1063852935239
2014-11-27,1.2917576693907,373.537810907131,11.8556368525435,-0.430113149568056,-1.55193004241356,33.9605462284062,34.054498370038,NA,NA,0.178607002569315,0.0267961574831472,245.054817093787,190.948521831918
2014-11-28,1.23408472537994,372.665204676186,9.8294933133009,-0.415658001957635,-1.55227064684174,33.9431721305075,31.6465838763074,NA,NA,0.218818124635057,0.024850550993734,324.524113224668,224.290852120447
2014-11-29,1.22316195979351,372.228650721108,15.127350214051,-0.3553198198216,-1.55258530547262,33.9351306920431,29.3937328585729,NA,NA,0.208084341123519,0.0755466963648394,331.844905490345,249.041481735907
2014-11-30,1.21661799092118,372.167198739401,13.6567736486109,-0.249792497680496,-1.54504381307224,33.9165725759488,18.5020016620034,NA,NA,0.16462038187926,0.0637198470573113,247.62900336442,196.063261910971
2014-12-01,1.18618670542066,372.031419335342,16.3209231655772,-0.213687247301322,-1.55035428334827,33.9062865407843,13.3622477527572,NA,NA,0.140869485815125,0.0584217350522758,210.277641934816,168.918233130467
2014-12-02,1.16812174203919,372.568685019889,17.1156419370233,-0.167059907204548,-1.5609698649521,33.905298070869,16.4505482260515,NA,NA,0.179246202392778,0.0760829321356357,270.542039723076,196.601772033092
2014-12-03,1.18089562109331,372.648414425734,15.6236354141701,-0.214476033964781,-1.5618092278559,33.9185784940938,30.2470980141005,NA,NA,0.169421796097487,0.143447702551982,325.710137850698,211.910005280648
2014-12-04,1.17594201099582,372.255981445312,12.4128807463297,-0.245900955609223,-1.56253697659805,33.9287594423281,39.0680183662898,NA,NA,0.172301491151857,0.107643437042692,294.012194062055,202.025782672644
2014-12-05,1.16038033039105,371.922776385051,10.652191037085,-0.207256367070633,-1.5558430850908,33.9247541697884,35.8433937814072,NA,NA,0.192950290304768,0.0600650393317344,295.629362865881,219.137469820007
2014-12-06,1.15022096982816,371.626909581626,13.3446019626245,-0.0807570222559085,-1.54915290017199,33.9223242179263,26.3299379554676,NA,NA,0.16564425525938,0.0574258678767443,243.844194268285,172.574750092923
2014-12-07,1.12087454992097,371.074433489544,11.0434887525512,-0.040660395826164,-1.5494506700158,33.9090069347387,21.8742765370007,NA,NA,0.154992842506341,0.0173308891413907,205.639526130877,157.266496753343
2014-12-08,1.09588265528039,370.503171222966,13.4248471957881,0.147784356897579,-1.5640138902484,33.8922012473247,11.8035795929943,NA,NA,0.161231633165145,0.0804963782731338,243.414701646429,196.201346268353
2014-12-09,1.1067877586295,370.544697459151,16.0923736095428,0.103735892627484,-1.57404834345767,33.8976911475301,18.6512993672277,NA,NA,0.172088150342225,0.12192329845307,305.527329724313,232.219742099939
2014-12-10,1.11237308564709,369.669403448337,12.0775321838332,0.05911906733204,-1.57701370301034,33.8977097165086,26.9114782472371,NA,NA,0.245664528024341,0.0898850415148314,429.922865645749,326.988388346595
2014-12-11,1.08229845798597,368.315530172208,13.2919160040413,-0.0306750359403299,-1.58142344349953,33.903053489613,35.3802620556995,NA,NA,0.228133477039344,0.110552785749699,411.89415544082,287.274758356902
2014-12-12,1.09976420351645,367.654589769317,13.6030954791278,-0.0199038557275909,-1.58387686543458,33.9092663135606,40.3929583733542,NA,NA,0.143450173847226,0.15873331608761,325.8794774096,233.932033008162
2014-12-13,1.12211691024827,367.574347147127,14.2186422289872,0.0285946273831864,-1.57797497502866,33.9162039917651,42.0496480841386,NA,NA,0.133561517535514,0.134551619077742,284.421323587837,192.158131939173
2014-12-14,1.13496721881192,367.641843097966,11.7664576565347,0.0761985596716806,-1.56443192167321,33.9080493324681,33.972127303099,NA,NA,0.152273770969728,0.0831520240376835,255.513667006664,173.069081157706
2014-12-15,1.15930858290777,367.450210571289,14.6937597786508,0.118410477050242,-1.56643230760628,33.9040584589949,32.5289847622355,NA,NA,0.170925069494769,0.107869133614657,309.072634180219,198.910582698194
2014-12-16,1.19046090397893,367.750464462652,17.0513608920865,0.409861006647067,-1.56712875482042,33.8977426948496,19.0435920102715,NA,NA,0.143321674834942,0.0814840080575985,243.754165363719,175.013337518533
2014-12-17,1.21510620924031,368.282908742021,18.9923299987142,0.487139309606893,-1.57464841663757,33.8928683972069,13.0848628390334,NA,NA,0.151623862555474,0.0954731000026791,271.517477780448,194.955774893331
2014-12-18,1.23126361900713,368.920026081364,21.7477712980131,0.733852422631543,-1.57507139259344,33.8891349926329,13.643751246083,NA,NA,0.129194199737267,0.0824790517931525,228.437102913706,157.898944841903
2014-12-19,1.25227234712461,368.845711312643,22.8092604672037,0.625638482340595,-1.57339225767756,33.884581963543,16.3823861213509,NA,NA,0.0761620087169523,0.0675624611306126,157.950169946238,75.9005286435513
2014-12-20,1.29588725944845,367.956407128311,22.8630902825332,0.520794182814728,-1.57444331182642,33.8814600842845,26.5064181444938,NA,NA,0.0884163639936772,0.0912688769520777,186.909461264743,88.3061969373512
2014-12-21,1.30646615057457,367.903756490568,23.3101200592227,0.621805259854848,-1.57020614359543,33.8769852281743,24.1573989098532,NA,NA,0.153461562834087,0.0834782137039058,257.610956906159,174.850394590844
2014-12-22,1.31764243652181,367.850967035061,22.2987552096204,0.760381532383029,-1.56478158713352,33.8683033427085,18.0742894995068,NA,NA,0.156671566237644,0.0353009783375038,232.356269009062,167.051300823367
2014-12-23,1.32329365611076,366.069088447385,19.0824131035223,0.727533237332435,-1.56286110569108,33.8544876881135,22.0462263405886,NA,NA,0.199813453830004,0.0516689484951548,315.941988044658,224.130645500578
2014-12-24,1.33078399627674,364.792182364115,22.9066341155913,0.839037739233128,-1.57147342039023,33.8525808028042,18.9721350599075,NA,NA,0.141032580663318,0.0765648035234527,229.363966630598,133.659273115423
2014-12-25,1.33788471796164,365.038306259527,22.9921915880064,0.892451803935202,-1.5713972247403,33.8471299144421,15.1062510602387,NA,NA,0.150326516911609,0.055055226361462,231.404428887515,147.456841832935
2014-12-26,1.3535866308503,364.83248157036,21.2517783467363,0.947372270901354,-1.57024073697295,33.8367387254228,15.2973520932732,NA,NA,0.185445454770978,0.0654331671021245,292.616469329763,191.307531580318
2014-12-27,1.32225490415969,363.854113322933,20.63329545463,0.800834989982095,-1.57612368532842,33.849392992604,28.1550767180408,NA,NA,0.159126226331501,0.157551289836445,348.491910436589,203.177423261766
2014-12-28,1.3386620555709,362.856219407989,18.247492848373,0.740515589754269,-1.57315955857034,33.8607355135816,34.1823796131994,NA,NA,0.15777204497422,0.115154037792512,299.982778517094,167.827329516675
2014-12-29,1.37039930827734,363.071391408036,22.2145208498327,0.817616957361721,-1.57120159698723,33.861299707822,29.546737356868,NA,NA,0.13586379150268,0.105273618947277,259.650158673057,125.064771273704
2014-12-30,1.39254545220515,364.338877235971,25.8788707488921,1.11402458258164,-1.56902288039204,33.85735617572,19.6051573000456,NA,NA,0.133318522796739,0.0746900363952203,236.539703426053,98.0274673807288
2014-12-31,1.40241584617917,365.926442216082,28.1741554620789,1.40284582606533,-1.56978728397977,33.8533302955782,10.8985265495002,NA,NA,0.126491602208571,0.0726983019888562,235.012788777179,83.3074719475926
2015-01-01,1.42560853972668,367.081066224633,30.3769198394403,1.27379429227749,-1.57209161563441,33.8488226258642,13.0784792275886,NA,NA,0.149018463260128,0.0967696219250339,291.214819990814,123.94902918163
2015-01-02,1.47053031986806,367.984762796542,32.7802722570373,1.38590372976182,-1.57587162717956,33.8454002143561,14.5331538016336,NA,NA,0.134053273611625,0.084968307974287,261.008321357772,93.246920989907
2015-01-03,1.54798634422988,367.586809856136,30.5434485761131,1.28950082298554,-1.5695525259785,33.8427128450751,20.6487997919924,NA,NA,0.141561403347735,0.121476023137449,305.968158604926,116.547614959907
2015-01-04,1.58020931336938,366.904590141482,27.0226813932744,1.32821361513434,-1.56232116273862,33.8396156661102,19.8432099513518,NA,NA,0.153225981257102,0.0844823180744362,287.926014968746,116.8044359825
2015-01-05,1.56861903900053,366.548821053854,25.0068441542183,1.47714591766337,-1.55964821874693,33.828141427394,13.906515254022,NA,NA,0.130699120572543,0.0624455653844896,235.456621192184,79.9685398173745
2015-01-06,1.49968253003388,365.194619155512,23.2517437934875,1.42306662361953,-1.56291423490656,33.8135861539648,11.9007776121379,NA,NA,0.112565113037986,0.0184684344912991,185.618808598494,64.0057727282727
2015-01-07,1.40452829766564,363.050487239186,24.6262961655128,1.35510944129645,-1.56001889094328,33.808648360403,17.2213362630723,NA,NA,0.0859740595716616,0.0145014403048556,145.541453110912,49.7552601727387
2015-01-08,1.30582038622077,361.482305759337,24.4510630165658,1.3650839280503,-1.56379807992824,33.8076640346594,21.2937658647133,NA,NA,0.082255002131306,0.0387910434350311,139.406211226725,41.3347568275633
2015-01-09,1.23153978840607,361.280209797185,24.2353250049963,1.48007273046594,-1.57312372612406,33.8048819105635,17.6228955818413,NA,NA,0.143091859052136,0.0767657892745838,228.941585261032,118.01408785824
2015-01-10,1.17016613919561,361.720176510695,21.4874512218848,1.73474882408353,-1.57719327241946,33.7998098561317,13.9468771655228,NA,NA,0.138384348437612,0.0628533026457396,219.253945252795,112.178558667655
2015-01-11,1.09231912508243,361.128146287872,19.4171940349951,1.73100357274456,-1.5752950314729,33.7944783816936,11.4067566533159,NA,NA,0.0948627298288098,0.0379170858113952,162.164718170345,64.0278614478671
2015-01-12,1.02749834954739,359.978250270937,19.7965583277912,1.6013204192343,-1.56818516502174,33.7935887283964,18.6519171705774,NA,NA,0.0827813536310807,0.0384154311920467,153.10187529901,60.4928518441201
2015-01-13,0.958240199016362,359.107097718774,17.1141603225615,1.66091133161434,-1.56368522637608,33.7920566461025,18.513121812128,NA,NA,0.121735492432126,0.0729330598041114,210.864916938353,96.0003728517395
2015-01-14,0.904484600919049,358.338407935166,15.2160937379046,1.65965204184194,-1.55947853502153,33.7899829282773,19.7540431569623,NA,NA,0.141929602167505,0.077914042923695,240.865370838221,139.356714375212
2015-01-15,0.855481034008468,356.644502221084,13.6577875788619,1.70099510499823,-1.562634583266,33.7816758303829,15.9909171903664,NA,NA,0.109014916234975,0.0561104005607355,182.282688486804,83.5477426035574
2015-01-16,0.833474933737662,355.73225067883,15.0315865539923,1.61110116869171,-1.56276884783617,33.788852254067,22.7741813556707,NA,NA,0.0605856251278226,0.0713350596798737,141.514930745769,62.03942390588
2015-01-17,0.814803437488835,354.407132404607,14.5551662503219,1.54668462710825,-1.56880500828206,33.7940559953491,28.2059409106791,NA,NA,0.0729198803353487,0.12271406162686,189.261262682197,86.8949609913007
2015-01-18,0.797794737466952,353.691488126429,12.3438483040507,1.54774227203467,-1.56842816069059,33.7978594390004,27.8688369704644,NA,NA,0.114787486199586,0.0738935073216756,174.418204719963,101.197931714871
2015-01-19,0.778456846024932,353.18362575624,11.504789817624,1.54808229843454,-1.57202819259221,33.794558335895,28.4472882532076,NA,NA,0.130832562069742,0.0950439463642284,210.589512963173,134.330367976416
2015-01-20,0.79458270022055,352.459959076672,12.2837365778481,1.5058170090481,-1.58723884812894,33.7962673768984,29.7903498457833,NA,NA,0.126624219959122,0.154648531183057,283.122345202848,173.952833187816
2015-01-21,0.81309111307307,351.065396192597,7.080385315709,1.4696959405132,-1.58196132755794,33.7930548715527,29.7333077367662,NA,NA,0.15229683492569,0.0974977827969029,263.394660242433,201.097865406889
2015-01-22,0.795920513025144,349.524587863829,6.33549631223446,1.46595958804312,-1.58278545065608,33.7772582565081,26.1260692259239,NA,NA,0.17691345168994,0.0775680842981567,289.272830716837,235.453733419572
2015-01-23,0.812934605450165,348.728001664324,10.8157587894579,1.44634075669946,-1.59315639114895,33.7750177370553,29.1025508450754,NA,NA,0.168508300434562,0.113066752806969,309.920207624271,211.943137736378
2015-01-24,0.856928608402973,348.220726571432,12.1055169745189,1.53076854472862,-1.60153435985086,33.7581132227271,21.4290604700765,NA,NA,0.149391604750826,0.085866976886304,255.284638674548,181.102969762919
2015-01-25,0.902006003551367,348.366154368331,16.7455239761166,1.54656502495893,-1.60797248742519,33.7547009991892,21.1329362099631,NA,NA,0.117719075080716,0.0988338426228075,228.728435465736,132.485526647578
2015-01-26,0.946824972585934,348.303500663943,13.7355387705128,1.62792168406822,-1.60333087521526,33.7463423848635,20.0141301084305,NA,NA,0.159173178402317,0.0512636824788754,246.267690012749,178.575981577648
2015-01-27,0.977810349042823,347.711729468369,12.5336756735313,1.64198343039524,-1.60133131393376,33.7365546387378,22.2109686430649,NA,NA,0.176102919461314,0.0531491580772416,265.821246399371,197.72856642401
2015-01-28,1.01081140121309,347.189657443907,14.1682927695716,1.66770398568528,-1.60066534230905,33.7316329688357,24.1240385482829,NA,NA,0.16123080920232,0.0736842846972981,253.962871501765,181.589016997401
2015-01-29,1.04095967804513,346.608495572718,12.7404899131961,1.71919056310667,-1.59271323310862,33.7255251648938,24.6250610583224,NA,NA,0.175914289809351,0.0756735477229522,281.782998511893,205.92810790238
2015-01-30,1.05482261028232,345.763052219298,12.6568715804961,1.74864944851833,-1.58953576355006,33.7183176470511,25.6411092336039,NA,NA,0.187443778868991,0.0678878269798038,296.449131849788,203.688348450639
2015-01-31,1.07316616141215,344.957727199647,14.8444995066015,1.80904298530095,-1.59189775791245,33.7039170825047,21.8225886915055,NA,NA,0.167160707758425,0.0388660011272601,244.16620405527,174.530052279995
2015-02-01,1.09788132404409,344.449468845274,16.403037204975,1.88027887080523,-1.59555627057749,33.6926467215967,21.0868083835453,NA,NA,0.167478660405607,0.0760112692942584,260.086565208785,184.585488228832
2015-02-02,1.11787152035934,343.969622728301,16.4868516107885,1.93637164337271,-1.60220321357331,33.6828795470368,20.9799317978976,NA,NA,0.149371011542124,0.0796611349521941,233.249188639175,160.829111483498
2015-02-03,1.11679715972121,343.724146773176,18.0751877645167,1.90038797520755,-1.60375714269888,33.6862505862587,26.1200974808048,NA,NA,0.118848383748419,0.135966755419608,251.773531386073,149.332065723969
2015-02-04,1.11578459746954,343.377911451386,13.0551330519886,1.88698256144479,-1.59000363041032,33.6781391601974,26.0502878709039,NA,NA,0.11974211069837,0.025253345925919,165.790089449335,87.7538516867657
2015-02-05,1.10998513967526,342.93956105302,17.7241010258837,1.95984544815161,-1.57835800139367,33.6653552396416,21.1823589167936,NA,NA,0.148885846052535,0.0182147314633757,194.225041009761,117.362311259323
2015-02-06,1.11253992995111,342.570485184832,18.2353062397096,2.05632544915203,-1.57457016595462,33.6524560390375,18.9805780403045,NA,NA,0.158342877234484,0.0254436231516151,209.394486424465,128.342950078538
2015-02-07,1.11164435489876,342.113554791706,15.552126721638,2.09116646635388,-1.58337028515645,33.6448840502946,23.0962525688202,NA,NA,0.183091287499899,0.0596663629869942,267.624763921269,166.683987995429
2015-02-08,1.12064289501527,341.733612432712,17.0193650140995,2.11123504297614,-1.59210492161765,33.6377116214891,24.8225459679257,NA,NA,0.164145101017637,0.0661951001587747,240.647807887776,147.586666463703
2015-02-09,1.12977931339566,341.668880927853,16.3245348232548,2.14389652005735,-1.59610198271258,33.6299873125537,24.8252229626201,NA,NA,0.136918141588307,0.0720409801815525,204.486896759753,115.271692070934
2015-02-10,1.11119748761014,341.402498198719,14.1755421103501,2.16650938006387,-1.59693681244586,33.6207020253788,24.3886559199386,NA,NA,0.140048245423035,0.0130253494308706,187.244648812166,107.132884803557
2015-02-11,1.07449904229583,341.231557706507,14.5275502146744,2.21108468711457,-1.59559333758798,33.6078685086105,21.657434471223,NA,NA,0.113521441867557,0.0157427733686128,148.106469824377,73.6524833388226
2015-02-12,1.05497929344817,341.488453190501,18.3446937537775,2.29308483507308,-1.59663863027627,33.59606862036,16.0907922054914,NA,NA,0.102571845270804,0.0670978878191126,149.185529743908,71.6088000121526
2015-02-13,1.03260093418563,341.506789044636,17.1806424187451,2.2563183082421,-1.60030291019342,33.5946128474556,21.7832564741333,NA,NA,0.0802929216993322,0.100914537992112,155.402360891951,72.7991081736727
2015-02-14,1.01156088128323,341.25885233065,13.4632532771041,2.24155080398889,-1.59024086300982,33.5890279247371,22.8588177723441,NA,NA,0.119309662239231,0.038890712847996,153.346551322909,89.0325309418711
2015-02-15,0.978161868162271,340.761578443574,12.1509221966674,2.25421092288214,-1.58632782145872,33.5799896353491,22.6452704762962,NA,NA,0.170829518910563,0.0475561570542061,231.487559390339,143.333592526928
2015-02-16,0.969195731529375,340.396412919207,14.7440674712018,2.28968158505063,-1.59090806984226,33.5739291830745,20.2429159823378,NA,NA,0.140958446531724,0.0562043038376591,190.713968398947,116.920448880549
2015-02-17,0.963658161279632,340.427274378335,15.274507388836,2.30629749304531,-1.59102544836026,33.5652718949414,20.8829397569623,NA,NA,0.12125362121524,0.0551656036664117,166.808269091742,104.691518795969
2015-02-18,0.952303208955904,340.7454848871,15.7879508006863,2.44258450914813,-1.59149208033455,33.5492691472474,15.4581817493104,NA,NA,0.0945035915836873,0.0545717076613353,131.535806446578,80.1342644622066
2015-02-19,0.938690133211089,341.168047649104,16.6613480346959,2.40267964365029,-1.5877664338561,33.5460999369139,13.4998076653834,NA,NA,0.0681720075477794,0.0716661914891479,117.379267009548,63.2656250020591
2015-02-20,0.915448729584857,341.084365472561,11.4112946434719,2.35589513572765,-1.58028507650944,33.5436823866789,16.3836216688478,NA,NA,0.115399503786313,0.0456500889660537,145.305101448207,102.476614341121
2015-02-21,0.874260569491037,340.32306168719,9.6062459567698,2.24743210835013,-1.58165284753972,33.5458550034908,22.4177202052272,NA,NA,0.141992204549864,0.0873603657662225,206.870449598368,149.754604682815
2015-02-22,0.875608528896076,339.592943145008,12.2190099809228,2.1392181672548,-1.58828660737165,33.5529863818293,26.1211271015739,NA,NA,0.172397865814518,0.116373130777667,283.065329031071,184.585506028478
2015-02-23,0.894988149404526,339.546752185356,12.6711072398395,2.08939021383381,-1.58667954468695,33.5539996498509,25.369696290226,NA,NA,0.0814658867826185,0.0557537337817885,114.721406980722,78.9190894036512
2015-02-24,0.906642468237295,339.699400738972,13.1051861425725,1.99245749472285,-1.59077874722912,33.5594032225821,28.6820462120046,NA,NA,0.0998288862628412,0.140736868371244,205.333478248403,135.642180766018
2015-02-25,0.914157344437227,339.557337318979,9.02736772851246,1.85231749039752,-1.59738203114987,33.5766681974877,31.9908953214947,NA,NA,0.111956390101015,0.119832718752415,193.556998095843,132.629145211418
2015-02-26,0.92523869108863,339.567153558498,11.4099772965036,1.78961196368844,-1.60117192403508,33.5851873328329,31.9661839468437,NA,NA,0.0695228942904958,0.0831371975381445,115.78193034826,79.1621213139088
2015-02-27,0.944494685021842,339.911892030297,12.5252194753507,1.74404226720092,-1.59391379195508,33.5959120272947,31.5986026346925,NA,NA,0.0440257298389347,0.0560988686606791,83.6981461281506,61.7383903841903
2015-02-28,0.92548388424443,339.74330660192,8.2662583269724,1.67366337221161,-1.58228586801151,33.6058337048159,32.3481800359914,NA,NA,0.0749042011123759,-0.022093588679868,81.1870768842798,54.6987427152483
2015-03-01,0.913710308511083,339.754831453649,11.6447586315434,1.65766920163403,-1.58766264680587,33.614548620103,30.9674336656063,NA,NA,0.0905052963920772,0.0404154026727525,94.9245115289661,72.9095730772814
2015-03-02,0.910899650759813,339.822788889815,10.3304745365934,1.66776526674085,-1.58435874107556,33.6208726005194,27.2786476801925,NA,NA,0.0965727547311831,-0.0110121984612926,97.732777040943,69.6093126996807
2015-03-03,0.89910900847214,339.762890699433,9.99475523611394,1.67032536281104,-1.58580970925036,33.6242188570792,25.6161919386602,NA,NA,0.108242274919341,0.0208028328533356,117.760890837812,81.0262865346347
2015-03-04,0.895899767192399,339.920649458722,10.9197400604806,1.64916256870496,-1.59169677233728,33.631354039819,28.0560254773952,NA,NA,0.119898615910215,0.0298002329925213,138.536273230246,95.2353863101292
2015-03-05,0.886746649698513,340.107874056188,11.2801434412235,1.63548829922309,-1.59131703991317,33.6366895297278,27.3525757963358,NA,NA,0.0791850296501447,0.0202048182256228,100.221234387294,59.8438414213679
2015-03-06,0.853393170891738,339.997306637648,11.0003849587789,1.60874173121575,-1.59180302980297,33.6511600200947,31.4554827454602,NA,NA,0.0380035754539545,0.00874946312161914,78.6696122080529,43.8562082780174
2015-03-07,0.829839143084317,339.908264160156,9.07902933911579,1.59498047571272,-1.59039283892725,33.660365064778,32.2301833915968,NA,NA,0.1066920499942,0.00810532069761261,129.836110820547,81.9321391844819
2015-03-08,0.787899194694147,339.531445386933,6.51505444689495,1.58356976967592,-1.58675656354057,33.6658367254795,28.165373136801,NA,NA,0.100779449358562,-0.026418897440197,131.198215324194,86.2431891794099
2015-03-09,0.758672927937857,339.31424061845,8.90523584586818,1.61558775750571,-1.58638877875087,33.6564670413451,12.6723892762754,NA,NA,0.0803942379872245,0.0239428208585371,119.77021172965,64.0637638891551
2015-03-10,0.723073675501637,338.932036237019,5.52689077214497,1.56754198730716,-1.58425536425973,33.6672637774716,20.7396139808995,NA,NA,0.0774675912994203,-0.0254617447533749,123.057081183107,75.326088504176
2015-03-11,0.684307397502225,338.626186836057,8.44126908953597,1.53394939188372,-1.58838298027976,33.6885980716762,32.4019272620218,NA,NA,0.0449960620850124,0.0223341122138918,104.875514838978,51.3211639811544
2015-03-12,0.662780894375429,338.237257794636,5.98903351004531,1.5138669752399,-1.5807426453602,33.6988595249521,35.5868078031038,NA,NA,0.154703719810395,-0.0220367524687417,208.0942655155,130.7953625866
2015-03-13,0.620259665861362,337.492248162991,3.41021858482826,1.50750330987408,-1.5879797758522,33.6969524234252,29.549208480176,NA,NA,0.146702186404331,-0.00448593261994814,187.018475890577,106.008866668527
2015-03-14,0.616078418565959,337.437680872475,6.60512519173506,1.45061779524955,-1.59771810433803,33.7026156220842,34.6292431467136,NA,NA,0.131055787326353,0.0600568023177213,187.617974697612,96.2572001109503
2015-03-15,0.643341403908846,337.856213825505,7.80199824019176,1.41018015186475,-1.59755748003601,33.7053813960066,36.1627881028231,NA,NA,0.0789173232710715,0.0495487153278752,131.474694897441,66.3891421474343
2015-03-16,0.638275582252479,337.731942153559,4.89393716323666,1.37550223102936,-1.59285326251778,33.6970948387898,29.7411332728892,NA,NA,0.115609550107064,-0.024086146677031,153.520008220318,98.2484083464362
2015-03-17,0.636606815021213,337.742408938524,7.58078517564913,1.36273536110214,-1.58777425694562,33.698262517108,30.6204452360207,NA,NA,0.132995627870766,0.0360563214963827,171.713639270619,109.063317295544
2015-03-18,0.661611397091935,338.196794091201,8.08335575824831,1.34060091773669,-1.58112402386994,33.7029205713517,34.2054436010549,NA,NA,0.13490334391976,0.0538213065801523,178.180321694186,110.590569814193
2015-03-19,0.684067914398705,338.560918296256,8.37090131713123,1.27797446362725,-1.58062403179534,33.7105749287264,36.1778207552417,NA,NA,0.169154089748578,0.0647741978266622,233.892275809725,156.156301678079
2015-03-20,0.716415485957774,339.061900069074,8.62262698208414,1.16840733163431,-1.59218811763604,33.7198910423619,39.0610169141721,NA,NA,0.107019887183882,0.0980364901243675,184.330917296142,117.746183016598
2015-03-21,0.754319769943633,339.768881821051,8.99456940336925,1.09585482682455,-1.60482961671394,33.726149163909,37.968363647358,NA,NA,0.0758308766814459,0.0586993257174527,131.369178934251,67.5048748003026
2015-03-22,0.784297787561649,340.318027031131,7.55847072310564,1.0570165033926,-1.60444535707173,33.7287274050487,37.4545735682231,NA,NA,0.106451526254054,0.0403668036113786,153.124180736344,90.2891232303774
2015-03-23,0.812446916612183,340.804790589868,8.74356619613927,1.03531697834873,-1.59600395712293,33.7327677408854,36.4597360441077,NA,NA,0.0966279435646437,0.0584826896195872,151.226934904828,85.613513840747
2015-03-24,0.831489749071075,341.12178523366,8.0735324853804,1.04014754999183,-1.59405670651862,33.739606489215,36.7599788555089,NA,NA,0.159701176937896,0.0755574045634945,247.809922327657,145.421454337842
2015-03-25,0.830486636336257,341.072908727134,8.05509435839769,0.993464855369125,-1.61081305640912,33.7559940631573,41.8482506477881,NA,NA,0.130518727839074,0.146114880437793,301.969654266034,184.76776762278
2015-03-26,0.866684969605469,341.412090766721,6.80574078385423,0.951143219845819,-1.60964379812542,33.7624725207948,43.8408087628734,NA,NA,0.139795366202088,0.0894904840541513,247.518717073529,160.43143507291
2015-03-27,0.888052444995903,341.728392438191,5.7078516425156,0.92767634139209,-1.59460282615322,33.763530973159,42.5714693532782,NA,NA,0.12779059523513,0.0475297984635701,199.622498218686,109.035721574631
2015-03-28,0.919107303023338,342.162481912752,8.26920190380841,0.898680049559044,-1.5900707658325,33.7647665541182,41.8974674459089,NA,NA,0.0884105978375263,0.0694602923656282,160.815243414018,68.5764294745985
2015-03-29,0.938280756880597,342.483650765768,5.71555530007293,0.863738210778809,-1.58971203789215,33.7674396272935,41.3750283914378,NA,NA,0.0891469960702978,0.0169865775365739,131.634962763346,62.017324735736
2015-03-30,0.928109899163246,342.534991752811,5.85215071643271,0.862848601883401,-1.59452251384133,33.7697418820359,38.7630393315263,NA,NA,0.109158242113798,0.0149808403471543,150.467376783501,77.4277572270705
2015-03-31,0.923387551453055,342.630599975586,7.0925386359052,0.857491180642575,-1.59553403233388,33.772853418883,38.8787708501262,NA,NA,0.112507453075184,0.0217171526198526,158.457496736046,72.1749623218654
2015-04-01,0.907877348908564,342.594384914491,5.72211138940439,0.86369570687554,-1.59968595112223,33.772324200423,36.2566911772034,NA,NA,0.0965035629286538,0.00836314235822714,140.868896813103,59.9929793923403
2015-04-02,0.878569304579642,342.485317323266,5.83513591638425,0.834110296609109,-1.60992715378039,33.7749127221976,38.1283695668827,NA,NA,0.0354475987454255,0.0790293482151109,128.98085319683,47.1178207032847
2015-04-03,0.848431444386157,342.427391238329,5.47127350655998,0.77964155269377,-1.60747825809819,33.7780325937207,41.4699611509377,NA,NA,0.0571301554891503,0.0946287957903666,156.885159257979,59.0650433830193
2015-04-04,0.841521691621804,342.618141732565,6.76673827229477,0.71133643523482,-1.6013049562933,33.7807507894622,43.2024323930625,0.000178024638444185,0,0.0480330862235605,0.0745508289479936,133.286410595091,55.3035629221721
2015-04-05,0.832089390333106,342.845685261052,4.38580455431124,0.662881444450895,-1.59583962880648,33.7834977936326,43.7452582939755,NA,NA,0.0810639155669171,0.0914698622507444,157.469158004315,57.5516133847525
2015-04-06,0.833394428578819,343.208447712224,6.54249171803637,0.623486618784114,-1.60019047234544,33.7864241040187,43.5578639729303,NA,NA,0.0588377092873197,0.0791734976897597,127.986353433143,46.0987383558339
2015-04-07,0.854150647433793,343.700623302925,7.07554216791944,0.607072354760649,-1.59788449299641,33.7902358102734,42.8253784887543,NA,NA,0.0650007186329317,0.0471764262841057,108.871238290357,30.5115477655242
2015-04-08,0.866499855387502,344.110318439763,5.79703374606807,0.60256599434796,-1.59209256873601,33.7916340383923,42.3243559375305,NA,NA,0.0988585540469278,0.0485256656139647,134.443366980704,47.1675273596374
2015-04-09,0.860026469317878,344.328221390887,4.23140939125201,0.612121377527392,-1.59029852410881,33.7911500866436,41.26774002312,NA,NA,0.110772716607924,0.0081621567227258,134.981023029939,52.8483935760173
2015-04-10,0.843849469612284,344.420123960914,4.05510257947736,0.63393754088766,-1.59158557323631,33.7871818388039,38.349741942165,NA,NA,0.12174455293639,0.0200145409395981,144.45451868394,59.4489193879367
2015-04-11,0.798744024299994,344.126020478039,3.43231398448711,0.647368650928683,-1.59811595689591,33.7852584797683,40.2282161879958,NA,NA,0.171916818319142,0.0442547217946545,223.161762931082,92.2388898962449
2015-04-12,0.78624390683523,344.165961288824,5.83216276982935,0.60026191004053,-1.6104448581675,33.784947569071,45.2629466462232,0.000317106387228705,0.000333796197082847,0.0992325192289716,0.0978305622251571,166.808093256717,91.9654842224799
2015-04-13,0.805126816034317,344.566873317812,4.88717331828141,0.544204720400284,-1.61373846846232,33.7822067013636,45.8914385266632,NA,NA,0.0818225539386192,0.0690097222041826,125.158316848459,58.0376827676568
2015-04-14,0.811235309374042,344.86621428699,4.0551266931906,0.486696482951503,-1.6232193869296,33.7789880389627,46.6058022348504,0.000158042281067797,0.000108994676598481,0.0840852889917318,0.0983972755812521,151.453336227314,83.1086306239895
2015-04-15,0.798051009454378,345.122617768078,2.21756361097824,0.424711536007774,-1.63629662974482,33.775884769867,46.7069128154904,0.00175099947955459,0.00362407295033336,0.0799304883419341,0.0777254131158836,125.859638432643,64.259846453113
2015-04-16,0.763786142555679,345.25860186321,1.96423214601307,0.410555889520809,-1.63714340695164,33.7699972711272,46.9462009164808,NA,NA,0.147595089793648,0.0881849010292737,209.658431485003,115.34901167475
2015-04-17,0.735000027025618,345.572334475634,1.63546356922243,0.382887093081326,-1.64456834146368,33.7629873813727,47.8638154697804,NA,NA,0.104174787940284,0.095276232909376,169.115111459957,100.101529763604
2015-04-18,0.718980007782215,345.87393486209,2.34926888928181,0.361699586646197,-1.65785892257485,33.7546761290104,46.3006170211051,NA,NA,0.0876461937822472,0.0578673773881314,123.007740099484,54.4584799814739
2015-04-19,0.704012383775013,345.972492869307,2.49530643152028,0.378087160900215,-1.65780744137552,33.7495052734046,45.1132369729993,NA,NA,0.129507210296698,0.00787632887763211,155.593275013968,73.9037945283352
2015-04-20,0.710306606278187,346.198139469798,4.82539411870445,0.371598950714154,-1.65438121484841,33.7454279077198,45.2699480442866,NA,NA,0.0852977922852384,0.0666967404405517,128.137224333832,61.7687693729725
2015-04-21,0.721711387358061,346.362604280797,3.42053841381538,0.360883123730278,-1.63926775622786,33.7404485128508,44.9338737261279,NA,NA,0.112187853160939,0.0331996901616876,144.775535619764,69.2116159273767
2015-04-22,0.724059792190063,346.493334514339,3.94054698071829,0.350701061498459,-1.64154737825818,33.7338032741778,43.4493397302151,NA,NA,0.0705212325652038,0.0630864130330552,119.829320189564,52.7738269671882
2015-04-23,0.73202575815887,346.745510938691,4.02416472754827,0.311795521432009,-1.63000141416001,33.7266205184051,42.7312692585583,0.000379400560632348,0.000846195034682751,0.0764568972975699,0.085173411815152,138.836212180062,70.6891503952026
2015-04-24,0.731939523321826,347.043464474562,3.55948098694406,0.256717891094253,-1.61933641073353,33.7216432548245,43.5457140385863,0.00345224336697123,0.01077929404206,0.0733004350481648,0.0948586116184188,146.392347236384,74.5362305819076
2015-04-25,0.732076840429771,347.392751554164,3.23912032929862,0.243708850863652,-1.61088636754817,33.7166474531537,43.3593493331621,NA,NA,0.101227548320284,0.0812294814740678,156.257431992588,86.345376927585
2015-04-26,0.726356834173203,347.633090879859,2.64831597339816,0.239265751078544,-1.60208789298409,33.7108135197648,41.3669972117291,NA,NA,0.0987341739136761,0.050833705133996,137.240776593776,62.3459701598343
2015-04-27,0.720069422954466,347.908158092964,3.29846068853285,0.224756238773445,-1.59915094883979,33.7099300132268,42.8723299371408,NA,NA,0.0800672247100938,0.106771950251781,162.828939332452,80.5264140828549
2015-04-28,0.711122998740615,348.070056077911,2.76265550386615,0.223278500602232,-1.58666266008266,33.7083608238642,41.9367996233838,NA,NA,0.13203353291018,0.0106901272216387,169.009876406644,82.3436233161256
2015-04-29,0.684508533012576,347.902026292754,2.65186426406953,0.259065468291602,-1.58612724788758,33.7080519414945,41.6159639808974,NA,NA,0.152104086701365,0.0240622591805442,194.459784197282,106.011619933206
2015-04-30,0.67128352057643,348.041440265935,2.38348800525433,0.295052103748527,-1.58820588337748,33.7007621219445,39.0286861836669,NA,NA,0.109811445323602,0.0340876511867471,139.840101147108,64.9033341650115
2015-05-01,0.654691140462713,348.017009083818,1.63867945351252,0.319945322940385,-1.58209559277163,33.6761208301292,23.5626792186989,NA,NA,0.0831133094836182,0.0169297414662143,112.34791731477,49.379669548849
2015-05-02,0.650081315055126,348.322535817216,2.79622148595205,0.297594406374312,-1.58460049928441,33.6594015165218,14.9275056347351,NA,NA,0.0806454699712726,0.0754536167993719,135.353836119903,62.4205367686634
2015-05-03,0.642456278931804,348.456589489448,2.36116306665467,0.258979473046848,-1.58357580197163,33.6567017250215,20.8057168299048,NA,NA,0.0448107270023681,0.0240639065079361,88.5734061732697,55.6984881581911
2015-05-04,0.619580432045751,348.430167965773,2.87176896304619,0.217579076114373,-1.58720342784758,33.6603795204729,30.0211950783466,0.000999676815132634,0.00285621947393968,0.0102642684792861,0.094690574159627,118.882840362402,61.9814222944479
2015-05-05,0.611501465846853,348.57427271401,2.26807442525538,0.158178936795667,-1.58104083026469,33.6634210130946,36.7037605885391,0.00136578010298287,0.00385833841017229,0.0695385450243387,0.0853826346707891,132.697371608681,71.0868395150074
2015-05-06,0.60571127875549,348.786333037586,1.96836971218993,0.136354866026625,-1.57679789140318,33.6595207760048,37.4963769037553,NA,NA,0.076652116983043,0.0934500646665592,145.427772131136,83.0202582493689
2015-05-07,0.603869443259588,349.05973815918,2.00539753495193,0.119141932752853,-1.57211756175346,33.6554042079992,37.449837248335,NA,NA,0.0664982258991996,0.0831594376368561,127.169387497092,67.9136102857358
2015-05-08,0.602050871747296,349.098950641911,1.98819640496882,0.0980760059677638,-1.57071972552903,33.6536373442162,36.9273981874288,NA,NA,0.0705755976620715,0.0323257324576137,101.876925773857,51.8762695421121
2015-05-09,0.596031952558494,349.185116279416,1.76728088535914,0.0776950786953513,-1.57765455509809,33.6539771251189,37.2086956922503,NA,NA,0.103144324798132,0.0473634087896621,139.06180741481,83.9841070156818
2015-05-10,0.585249109239113,349.367264538276,1.42986207691635,0.069051051761216,-1.57853221716347,33.6537053961503,37.3275160461302,NA,NA,0.105079223038616,0.03807606202187,142.004287666891,89.9079917925851
2015-05-11,0.558505592913162,349.437756794255,0.558184103631392,0.0859180248258246,-1.58342012075277,33.6524883790216,36.6971708096956,NA,NA,0.115258649142406,0.0149116484239677,147.173722303759,93.1585692466942
2015-05-12,0.529318917451835,349.474863564096,0.770686805975146,0.0924971739229886,-1.60192109103467,33.6484110854094,35.4035319612737,NA,NA,0.0629999234055781,0.0358446276370893,102.545615731624,66.8365320240882
2015-05-13,0.506875543332681,349.477596748166,0.754951501764902,0.109063658043843,-1.60179053176592,33.6412201957342,30.2415379075065,NA,NA,0.0696925789560223,-0.0225804020398059,104.994839121714,81.9348944718478
2015-05-14,0.485363682595695,349.605348912681,0.758688352456907,0.129940789620242,-1.59989764574568,33.6382383534461,31.3743471320663,NA,NA,0.0924772616631669,0.0210334721967759,117.700426335486,80.1370070066442
2015-05-15,0.476527306001361,349.760062240973,1.17666852474213,0.101234115720519,-1.5943808386683,33.6318073504367,30.7100238323855,NA,NA,0.056553557444761,0.0231957145980415,89.6013472122261,70.1174622731827
2015-05-16,0.460637245963259,349.775997999238,0.536758868069183,0.0770614806678292,-1.58460296937811,33.6287431961451,30.8276086130284,0.000438703573308885,0.000476851710118353,0.0497299317325819,-0.0189338315695564,79.4979091459961,60.9457749496002
2015-05-17,0.436119556427002,349.641123329721,0.764527270706688,0.0613816376981626,-1.58088885354288,33.6355656509296,34.4727379429517,0.00136538538693761,0.00316311634378508,0.0250811901511612,-0.0234288250255762,67.0554066213559,48.1645058510525
2015-05-18,0.427476031024282,349.963358064977,1.03620733429746,0.0271218314606008,-1.5756743489972,33.63923940517,37.0021500079094,0.000429166539106518,0.000953703420236707,0.10219211445043,0.0558393996475357,121.986568658533,92.6476085259536
2015-05-19,0.430607401016282,350.485835377763,1.29388177322178,-0.0417417649798065,-1.59070955307377,33.6388521541951,39.1332975778824,0.00305589697455442,0.010484957615986,0.0615724313767896,0.0771183376319897,103.415129272399,67.5822031353845
2015-05-20,0.421426353658118,350.581697417469,0.371598866291162,-0.115238243088066,-1.59368891947665,33.6383517493121,39.8847283042877,0.00283418216413873,0.00995441965539666,0.0709685079461811,-0.0382663394184972,90.7605059737584,59.5400602310997
2015-05-21,0.395473977959738,350.545615219488,0.229699837725337,-0.10612667571155,-1.5967877231307,33.6325468199778,29.0485977836949,NA,NA,0.0512430896924736,-0.0099537292502911,72.0420798789199,53.1273230394028
2015-05-22,0.384146561528124,350.945810829721,0.717849636586701,-0.135040925491435,-1.59872426645637,33.6358270889673,35.5781587492599,NA,NA,0.10685679237088,0.0676794280568276,131.288565222801,92.7719158059881
2015-05-23,0.386933907503035,351.549940900105,1.04001305597584,-0.200638669604554,-1.59966247574038,33.6374640574179,39.7784695708961,0.00349341735545256,0.012172911759082,0.072646408121877,0.070558299736576,103.996647083259,62.9231731042289
2015-05-24,0.386075581174071,351.667700418612,0.90799284199389,-0.306573235584415,-1.59766332871518,33.6409214858906,42.0562377909095,0.0101482795709153,0.0641424109488122,-0.0272772048578652,0.044347801123835,66.4718879125498,43.2845258532324
2015-05-25,0.37636654642297,351.630023491092,0.575535574700774,-0.42566214276631,-1.59092001377651,33.645406535119,45.3325503191002,0.0185980147075074,0.0703212763792389,-0.0248447850788975,0.0902647726117117,93.6869884552736,63.1634411307008
2015-05-26,0.372328821660542,351.862148005788,0.778233087280901,-0.509105430561521,-1.58710870118598,33.6510715510359,47.6251454256807,0.035877913124845,0.110470451057483,0.00560370904573223,0.0387968096112915,49.0343914812102,31.9006999475635
2015-05-27,0.374198880864353,352.064632508813,0.822202056646347,-0.566226196091989,-1.59030964290887,33.6575253804525,48.4643014954169,0.0639399057302078,0.188226241390951,0.0544102603567113,0.0371757454405992,61.0670594266727,40.5255673609076
2015-05-28,0.374598706640848,352.322615088486,0.574060808594634,-0.599764430319812,-1.59419962124303,33.663173927791,49.2904841465506,0.0503374636416731,0.152333239595607,0.0580535360364377,0.0218547123827432,59.2956561769289,41.155244621123
2015-05-29,0.369363217819028,352.710402698052,0.470637423963082,-0.614476577000499,-1.61001735081074,33.6690037581924,50.5169905547993,0.00920663348181134,0.0379684888249171,0.0702617634163212,0.0421526100380942,77.7412545572587,51.3625848519424
2015-05-30,0.361411829365463,352.992217273247,0.598652211267774,-0.661433072255449,-1.61130151655349,33.6818742378842,54.3165657710128,0.0352794587101244,0.197130626080088,0.030324113413229,0.0803365782305458,85.9180596482031,54.2403084282301
2015-05-31,0.351798794073303,353.373018590415,0.46616288329043,-0.717206574433487,-1.61357619662677,33.6894461339624,57.2831628029807,0.0344380374775393,0.146170686682819,0.101841213158992,0.0972070127987025,150.537394974681,110.681694374726
2015-06-01,0.344913145572674,354.077054279607,0.435335997128632,-0.753542134244191,-1.61173849694642,33.6973846064888,59.9178038377028,0.0329314177483823,0.162108473930955,0.0649076389417796,0.078733635907955,105.425742570579,68.5985183964618
2015-06-02,0.340842503600004,354.604134536371,0.424776242727914,-0.804534483645689,-1.60020488669515,33.7093511573699,61.0532898458875,0.0474757937062155,0.20934935543289,0.0761183520298899,0.0457374024859726,87.5393615936123,56.9467900426639
2015-06-03,0.337005713909138,355.018477649224,0.376679353779409,-0.841087506357555,-1.58697731903529,33.7189289046685,61.3576512278816,0.0540821641217248,0.221527764996535,0.0588129978782815,0.0459499197701613,73.8034048035829,46.1539653295277
2015-06-04,0.332853964734368,355.124838480135,0.372699718558934,-0.864008760625212,-1.57763190066766,33.7306276751272,62.2956526855386,0.075263734850972,0.273616272576649,0.049539654431475,0.0175607045672522,60.9201956007269,39.8378967148539
2015-06-05,0.326193336669992,355.15767353337,0.219273642114386,-0.882054959151105,-1.57895189547828,33.7416550743113,62.6996832524556,0.0885263532908612,0.277994054693833,0.0603500436564126,0.0183284036342593,68.8838743236819,49.2581494472117
2015-06-06,0.315156571567059,355.091881728754,0.143773604184389,-0.892913125746968,-1.58117550555189,33.7554893905495,64.2449660371994,0.0876857317385846,0.256837350737389,0.0738276103498884,0.00186241156196626,83.112440592055,61.4649739227614
2015-06-07,0.303877877389512,355.104869935571,0.16727164646656,-0.912128664261577,-1.598424435788,33.7639077272814,63.7935722121986,0.0627706226746347,0.192962645336875,0.0544909840391876,0.0283925102900477,79.1877536600334,58.7004862806954
2015-06-08,0.293621285659511,355.214848588153,0.118658516101721,-0.93851148563358,-1.61281014373589,33.7720192511555,62.6698236568415,0.0529612489478278,0.165693677751933,0.109808974299836,0.0167345220572472,128.890985845945,96.4560447382758
2015-06-09,0.28619134062674,355.448362024819,0.238138549484131,-0.95333235872741,-1.62103201969754,33.7773980978529,61.3304688444665,0.028891016840979,0.114593133677193,0.127990757103874,0.0302994022656147,157.677429861288,118.60232779648
2015-06-10,0.277025670721764,355.674598135599,0.121767964259517,-0.956156371334786,-1.61987017796912,33.7871940499536,61.805338582851,0.0118437410641715,0.0593005090916328,0.140965036198235,-0.0241289796425826,177.228800491949,129.20460236541
2015-06-11,0.269388193037452,356.001646460556,0.220791719672157,-0.972934384738546,-1.62597758358146,33.8012404757151,63.7684490909139,0.0200360089517858,0.202284999774937,0.0585197565999189,0.0737831300167259,117.949718432461,86.7099258717378
2015-06-12,0.264145312876236,355.779279755383,0.190520277383124,-0.997888888826898,-1.61825693667176,33.8206040592168,66.4222415790223,0.0531339708316,0.361749360531408,0.0360480843214934,0.001130955949848,79.7321011225104,66.2593362602324
2015-06-13,0.25700198568222,355.29743920303,0.108378224347423,-1.02389609640748,-1.60507961339474,33.8345578048232,67.1508143730009,0.0672039407202987,0.352554681286085,0.0625641799397395,1.23556366494471e-05,88.6171017528976,63.1137221696691
2015-06-14,0.247915279211068,354.841126232612,0.0885049270057097,-1.0385884727061,-1.59452087032972,33.8469793857672,67.6304203463309,0.0758024586022765,0.313669322880535,-0.00526104499453958,-0.0189881963647812,70.382457197496,54.0635555545297
2015-06-15,0.238118835157011,354.263656988377,0.105437635148807,-1.05948438484337,-1.58202187059379,33.8613099163843,69.900157304267,0.114597723855764,0.329458841533675,-0.0107016592473797,-0.00536977493187837,65.2408659123698,47.5983519692024
2015-06-16,0.231257015793789,354.05620630776,0.111703837165473,-1.09126811479589,-1.57050844258786,33.8761760747706,72.0825807221344,0.189661467437822,0.403349877866777,-0.00641918346768449,0.0476451180573658,73.0445837782956,47.0404876823111
2015-06-17,0.225851541612206,354.153728205983,0.0810999679293983,-1.13374592635313,-1.56843145575761,33.8867275531475,71.1707321571113,0.262085936717216,0.422151091474632,0.0563220945105218,0.0902787755003423,118.133033208249,74.7461211029011
2015-06-18,0.221651430173618,354.227415875691,0.119792935290805,-1.17486263761314,-1.57448614464115,33.8941943468513,70.3437256973926,0.286205496091029,0.426598103442977,0.0457670558822139,0.0392506746336436,80.2141989496475,48.5566648771959
2015-06-19,0.215504048074164,354.157219491354,0.0419624684628372,-1.19315891629449,-1.57581479153652,33.9009590509289,70.2329366313301,0.250284674900424,0.388897860741969,0.0824947023711465,-0.0372235207653802,106.690636410201,57.4466677871413
2015-06-20,0.209181634572948,354.349708743212,0.0856916820744007,-1.24890276544329,-1.57437329704141,33.885858589821,42.1001004464874,0.147971314631918,0.240251599027795,0.101626224489066,0.0216702008808431,123.159922466258,82.9484480066722
2015-06-21,0.205089497493535,354.560220857946,0.0894967054085034,-1.26003670829189,-1.57389060141426,33.8973431194681,57.6832804789266,0.125895441330054,0.231568971603566,-0.000587306248071866,0.0430043278143876,80.9488604059546,50.5616882502561
2015-06-22,0.20135562594344,354.674403492997,0.0974795393100599,-1.25190469867948,-1.5906959643409,33.9138707870092,75.0156116369765,0.184617058982301,0.345773476695041,0.0541120766738729,0.0782039892305488,126.483139527354,72.8681541617577
2015-06-23,0.196738457988675,354.970524485518,0.0537310988278832,-1.28989295188875,-1.60637325088666,33.9077876267324,56.5438815308647,0.132127384528865,0.196195713691816,0.156160041709982,0.0376345526713591,220.628113179432,136.713734698661
2015-06-24,0.193882777469187,355.598526373142,0.156307736002817,-1.30029741617349,-1.61506134907083,33.9143197166453,63.4855041671218,0.0626169875993208,0.0815247328611791,0.157482922524616,0.0757353260922126,248.575320944084,160.24365464457
2015-06-25,0.191887536881174,356.145056003478,0.0706191409901693,-1.30326178794609,-1.60485185881858,33.9247768160142,71.1003052560907,0.039652436105928,0.0521581743443778,0.105635228286549,0.0281832874997666,162.458262316615,78.8417660241525
2015-06-26,0.188539438494822,356.600073093321,0.0760810489982094,-1.30020549205633,-1.59660156455278,33.9335164058546,70.8185959351368,0.0197874385459969,0.0266070538635055,0.148022595843283,0.0494614018883943,232.035549182618,130.01655591812
2015-06-27,0.185074227975636,357.025712920398,0.0730701255861942,-1.2947067253181,-1.60442558425641,33.9441793341386,73.1544358669183,0.0110907037060407,0.0254860378688935,0.155303381398501,0.031029210575478,236.249431728912,125.639220211768
2015-06-28,0.182986472438021,357.434770537586,0.130796177403592,-1.31563426688937,-1.62198835249372,33.9516256386452,72.542006133539,0.00850036382023754,0.035809218213013,0.130335863654511,0.0706497315774884,226.926736387667,131.129527384119
2015-06-29,0.181836139592456,357.564711780083,0.112541402712828,-1.31726620264864,-1.62281906266927,33.9685446704448,78.6584758282351,0.0490121186010831,0.301950997322315,0.0523592189869337,0.105931764455982,185.878214308579,97.1768617965995
2015-06-30,0.178416751143409,357.016795460771,0.0916138175965809,-1.32022859837845,-1.61942084212052,33.9894278625406,84.0020980925052,0.122237647235062,0.398764893563411,0.0766488221171092,0.122429880958337,221.427874454,123.612095275051
2015-07-01,0.174828991929932,356.466646892268,0.110791691783361,-1.34161774695483,-1.60698444463624,34.0067051567047,86.146013038522,0.216663037845299,0.412800936196779,0.0787797637645774,0.128940496387591,225.545147683687,135.203074348838
2015-07-02,0.171819467733546,356.287667995546,0.0845745560917549,-1.3853400231373,-1.60288894948689,34.0121828097242,83.8674211489205,0.180428897757108,0.362688391199197,0.141390895488573,0.103386495820424,253.441296856615,186.703748581169
2015-07-03,0.167707117683277,355.724700183403,0.0766986205537872,-1.37963071236244,-1.61012484525379,34.0364759911088,90.686517181345,0.246117930122816,0.426309804403187,0.0752748714787597,0.152197165673601,240.011591627179,145.866088724861
2015-07-04,0.164345341575582,355.229278564453,0.0891238532572837,-1.38095622973243,-1.60319207779631,34.0552504123786,91.5468839807549,0.349865159949894,0.427528897780478,0.0393000972204604,0.113737254093091,166.01700604638,75.8812044145489
2015-07-05,0.162510012617198,354.947675007146,0.108703172407908,-1.39720048064645,-1.59773334317844,34.0670480097515,91.1280268670415,0.403094423638202,0.434397622078215,0.0463650703540778,0.0902828941732524,141.323990886292,57.9631159565593
2015-07-06,0.161264798899249,354.683785787443,0.108150250267056,-1.40692389992728,-1.58819641339795,34.0773485057589,92.2834881655118,0.417401365702029,0.438636646881277,0.0783481387253071,0.0686769427357093,141.68863462302,70.3798269414398
2015-07-07,0.16002074211109,354.528603158346,0.112885940615542,-1.41584271747574,-1.59045996920139,34.0869303097126,95.1193209157782,0.403146060472719,0.432497936865257,0.10913353068465,0.0913767828210163,183.515764897669,109.806242120432
2015-07-08,0.158649412506237,354.401209017126,0.12940303038624,-1.42935389272275,-1.6069642651258,34.0947165032308,96.5464010830672,0.369318495825054,0.423625535126801,0.12243647119797,0.0960571115607755,201.316616838549,109.648817419974
2015-07-09,0.158134938194984,354.372722718774,0.191257425652045,-1.45518713151878,-1.61266516915217,34.0975707204718,93.9164959962873,0.309988568364749,0.420077398298723,0.132694149573362,0.043938416585467,181.72521924383,83.4704078970115
2015-07-10,0.157727563617433,354.414442108899,0.172593344411835,-1.5038882485929,-1.62162715445968,34.0877253523401,73.0405576232313,0.225549906617289,0.376644122315,0.132536820836074,0.0112148314694322,179.310787766652,72.9068048447187
2015-07-11,0.156600928252063,354.502798685213,0.187448159359941,-1.54467580321668,-1.63538313314178,34.0776719364882,59.6266218962779,0.173944126593399,0.316394777312452,0.150126355057947,0.0648392708959528,234.454227472524,119.930727799324
2015-07-12,0.154248361453051,354.304735137195,0.122106572295107,-1.55016962638912,-1.64691344607375,34.0869119312117,75.1299018242099,0.178054240453038,0.350952562311722,0.13497912521787,0.104136897283688,244.778525583471,132.897036939307
2015-07-13,0.15112089765508,354.254521811881,0.0775594001454188,-1.58822905116397,-1.6502515381647,34.0803820240675,56.0813675879145,0.190051134539688,0.363692289341477,0.0747979425607744,0.0715689937585359,148.528683194757,64.3261392102304
2015-07-14,0.14933392905244,353.690265934642,0.190902617873579,-1.54978610886897,-1.64375080737347,34.1019487110709,87.8315331720308,0.240902394993927,0.416557061326327,0.0675484578900652,0.118998298961946,186.798026154655,100.717401291739
2015-07-15,0.148190886145685,353.319946289062,0.14252018705919,-1.56834828306628,-1.63356890755626,34.1007708705228,77.6710519237235,0.257941381383672,0.411588022040452,0.112603003624198,0.0340909459672154,160.512604574651,64.4200210133936
2015-07-16,0.146069241733086,353.018858002453,0.151740215343946,-1.59528265581762,-1.63582834718038,34.0994509543806,75.2884664020718,0.259880295032748,0.376129303021952,0.130079689477137,0.0877738690579388,212.533855570415,116.453710907186
2015-07-17,0.142496355513974,352.839280291301,0.0713146733313163,-1.62169315329126,-1.63011261567413,34.0872003243841,61.0932401883618,0.252146416938237,0.291139784424884,0.146473195041843,0.0254065560958727,202.08938693051,88.7839755791076
2015-07-18,0.139134831090526,352.821005100157,0.116099302043639,-1.6308650158034,-1.61977750762754,34.0931969512651,72.2143750673364,0.276779096093476,0.356990367154039,0.0863554377294826,0.0815235464286949,157.392869364783,67.2425056484227
2015-07-19,0.136324616285359,352.160363174066,0.118998909482687,-1.62708516786938,-1.61923138767119,34.1029167072332,81.9605294226313,0.330385773720448,0.384155341608804,0.126821087082589,0.110855911394604,224.773116330691,132.797599152088
2015-07-20,0.132850824241958,350.940453506098,0.13345626650787,-1.59923844958446,-1.62467570938723,34.1233651319496,95.396705570813,0.431945277892013,0.417700990008922,0.0525041916602456,0.120363189221715,164.566763981525,84.2105604439621
2015-07-21,0.130389789073932,350.078101925734,0.125903205264632,-1.6106066550964,-1.6273984859186,34.1257765714617,93.2832676350829,0.468953347371517,0.413395038902679,0.145034994708824,0.0993947904009005,224.498443443302,119.378379480997
2015-07-22,0.12864787631282,349.599823370212,0.122198125642792,-1.6081266269671,-1.63640824438911,34.1325679835681,96.8678543783232,0.515047725390608,0.417680397368314,0.138914818715872,0.0843315790137138,198.822596133502,95.3872630498568
2015-07-23,0.125726657124554,348.392950662752,0.102510839155534,-1.59126261628752,-1.64200865530614,34.1444808609894,103.103556245606,0.576964674540136,0.436297305803067,0.10683290449734,0.130244431642667,209.530931588547,98.5604836827086
2015-07-24,0.122398765439667,347.004225568074,0.0963444123726066,-1.57259270263265,-1.65299655921385,34.1574892978437,108.802816079535,0.631107278479899,0.459341663540455,0.0923874771345643,0.127050902488341,188.687284575907,82.2552603469996
2015-07-25,0.121032035568865,346.32585144043,0.112407191679245,-1.58496517771491,-1.64927749900844,34.1594930332199,107.596078825061,0.634256739179414,0.467912381075011,0.0902936025579207,0.0651283937980209,123.73645642894,33.745533084519
2015-07-26,0.121055943482533,346.104377932665,0.10576746090338,-1.59211169675938,-1.65123999327944,34.1571969149405,103.7993864183,0.617666161313713,0.470112720763313,0.0431262370545854,0.0316436993418194,70.6211746371238,17.9484589177747
2015-07-27,0.120365335992197,345.900918727968,0.0612931099788445,-1.62625091407302,-1.64450409006976,34.1468676053561,83.1077535863508,0.575104269501973,0.466918780454579,0.0279987760984141,0.0179190190355627,61.5091942718485,22.6986280728097
2015-07-28,0.11985942975777,345.65980455352,0.133145845472449,-1.68671759452254,-1.63787856838803,34.1328666728196,55.3328196992758,0.536292891245582,0.465844865390646,0.0808967019955398,0.0574876461152927,106.158019730273,30.6496379549874
2015-07-29,0.120443619242529,345.555105441954,0.17694180813141,-1.65381987632206,-1.62702740477486,34.1442132556004,80.2021112248965,0.553379138164956,0.472665196327385,0.0844172448241598,0.104215149791577,145.913436917539,62.8044167178203
2015-07-30,0.1206727315013,345.639707239663,0.116743349174901,-1.66273177635332,-1.62853149943024,34.1445509875834,79.7875783832771,0.591404644523555,0.476497514366943,0.0941642226598523,0.039548858039976,107.973903449418,36.0791957799052
2015-07-31,0.121838478598653,345.83115926603,0.223637714709451,-1.69731579344926,-1.63057801437121,34.1349526635709,60.7085669436435,0.628201276626986,0.475603787683443,0.103744810454638,0.0515832825741063,121.193008074505,46.134632706374
2015-08-01,0.124595163980635,346.187708412729,0.244938360027424,-1.70399280099573,-1.6447067235002,34.1339970844799,60.9560921896807,0.660896958154846,0.478637104212996,0.0869773400497501,0.0861684554350762,126.022945566049,48.8052263417317
2015-08-02,0.127566353122636,346.477163919588,0.292995603164522,-1.70428241843637,-1.65383674049506,34.1353335824573,65.9661113556258,0.683080639589613,0.486733158630559,0.100645184456578,0.0567561903875447,117.680526410097,54.7650268422345
2015-08-03,0.130340579806305,346.3697494879,0.371172499365923,-1.70645207351679,-1.67011327975192,34.1336408452949,65.5108049009171,0.701171506387301,0.492282914849911,0.124020468036414,0.0652601875304452,151.187389732445,87.9250728823665
2015-08-04,0.133077573212909,346.270668960199,0.379077559973045,-1.70981083788209,-1.66974961098067,34.131565073402,65.1584624986739,0.718817826290081,0.496562095225742,0.133454435403168,0.0465792353125478,159.41883805046,96.1633081269294
2015-08-05,0.135058742198275,346.231192239901,0.33938731914159,-1.72256189383637,-1.65370041847873,34.123257903435,57.0080430562358,0.723213716702317,0.489312405015534,0.12157322111943,-0.0314913125565419,143.180696383449,81.0152460010869
2015-08-06,0.133339039072758,345.498908066168,0.257485077829986,-1.70687809775555,-1.63888267016443,34.1098706429465,53.838812956765,0.700093473265312,0.474895844826273,0.157873361523536,-0.00760285670940693,186.871270472944,108.701545315219
2015-08-07,0.136552910434037,345.59979992378,0.370138668387038,-1.73194824812705,-1.63971379540066,34.1015512515337,46.7163855299132,0.674715592807433,0.476682849122807,0.103348605339786,0.00648755136268985,116.270478414398,57.3030629775723
2015-08-08,0.143009473728697,346.135359601277,0.422962740745123,-1.7502741797572,-1.64492335975894,34.097220633194,47.644502568985,0.634208346854684,0.479968427577371,0.10811459962354,0.0402457180826368,134.951940115095,62.6138576063683
2015-08-09,0.145676013354848,345.973909703697,0.383935259473397,-1.74701228331619,-1.65421358792566,34.0982255305034,55.7681511931735,0.619366250051168,0.479742936940811,0.156097439433198,0.037326484611924,202.031635383622,106.660636997114
2015-08-10,0.148465418779268,346.042304434427,0.356131840906129,-1.75396902310221,-1.66417720443324,34.0990349155689,59.7337042851004,0.609214470398772,0.48397990234709,0.114948109993849,0.0583616041964204,157.877014311037,69.5071207712858
2015-08-11,0.151290434798816,346.058127798685,0.309945128403786,-1.76497149901834,-1.65653274738193,34.0956679381501,58.7203331611417,0.575965666851876,0.478104780841614,0.149494568195179,0.0278842800903899,195.038634640983,105.520029356463
2015-08-12,0.150425312086576,345.179020207103,0.307219100661758,-1.75362108625703,-1.65721354519951,34.1041481800568,65.5268674199237,0.568531052610371,0.498753168282078,0.128067362299453,0.110208474195156,223.852704092148,115.666618925102
2015-08-13,0.146427796381276,344.486450939644,0.109179336623084,-1.74449963559989,-1.65879136798514,34.1050172514922,66.9308840292185,0.542585635391239,0.488118024470031,0.174707552214504,0.0719643749407268,260.145789326968,166.333249705227
2015-08-14,0.144012915651973,344.681712452958,0.192716117130547,-1.74027399318582,-1.66516277471535,34.1000378875115,65.4949486844453,0.502167709199108,0.451694532514986,0.152748228924276,0.056975297810819,216.432547562829,138.064219847686
2015-08-15,0.14565434070622,345.086210297375,0.223380179576031,-1.74078996767078,-1.65990790471374,34.1008883539321,67.8079306027185,0.48149172847716,0.467547889421826,0.160820601118399,0.0326379189687541,217.210229712664,143.015985478845
2015-08-16,0.143154707351109,343.745451392197,0.189412373231678,-1.70417072126257,-1.66532051691964,34.1197308889124,78.0983519766495,0.481768804508062,0.500162743846415,0.0953413062702548,0.0854287624871924,172.613832278347,102.926775720348
2015-08-17,0.141658036719735,342.757315286776,0.262065129218305,-1.69192476986873,-1.68136929806106,34.1291768772882,81.6497841254581,0.486386839446188,0.523187539114161,0.0371889249948274,0.085475714004997,137.561972309065,88.2481988656216
2015-08-18,0.141792817086708,341.751418323052,0.252614404642727,-1.67545416142776,-1.68330543018707,34.1445142717657,86.7965398085745,0.547783357502237,0.555379211701523,0.0529349929377859,0.09822264893355,146.374402914969,79.9823480441017
2015-08-19,0.141280429664908,340.981435636195,0.208060616536475,-1.67466340116483,-1.67068864137698,34.1521787090018,88.677072990922,0.59330499864984,0.577171527422391,0.0889649561150113,0.0813217371571482,147.332029972111,74.0391232612371
2015-08-20,0.141508423155401,340.607941045994,0.28076083594706,-1.67522780792272,-1.66005535067817,34.1540422684107,89.1334091796566,0.628858598866645,0.584399596882253,0.126172825849933,0.100524098746851,202.212079329654,119.254097787953
2015-08-21,0.142879829991881,339.948241071003,0.304035306272165,-1.67099722596476,-1.6515027550068,34.1607328149793,92.0316380939664,0.683568741326873,0.597441007572951,0.0457489341949886,0.079756685365469,117.991966089343,55.5024078866119
2015-08-22,0.143070115094505,338.57038246713,0.276824958054576,-1.6734821994295,-1.65117244681849,34.1663586388715,94.051378757204,0.724376024087632,0.610164260212709,0.0800820514710567,0.0817335929605964,137.934252803912,69.8495803890379
2015-08-23,0.142548042644815,337.226829342726,0.276845125572347,-1.67812990707907,-1.65432479072679,34.168875057205,94.2130322823158,0.74676661302465,0.618976944813683,0.0897038249442211,0.0830680055646842,150.794199323698,78.2341770789941
2015-08-24,0.144768094325938,336.682805503287,0.400691271600563,-1.68755679172382,-1.66028763729873,34.1682367363439,92.2357127399419,0.757613246317817,0.623074907764249,0.0885201515717867,0.0814815372097911,152.909425965853,84.1111385011256
2015-08-25,0.150676710485685,336.786280562238,0.579386546299225,-1.70355590474107,-1.66393049895844,34.1649563438014,87.6842947701211,0.759993050091582,0.623827574224125,0.121728078968692,0.0593228753751669,176.618474724319,121.858413735211
2015-08-26,0.159142641032614,337.170167876453,0.630191115707886,-1.73126819355768,-1.65935973004613,34.1576830494581,74.5016160275129,0.759537641049517,0.617931860138369,0.111981101424588,0.0264263109589315,158.701294185507,106.771096169776
2015-08-27,0.167966239426921,338.425151917993,0.493170828808372,-1.75231731484937,-1.65396482757872,34.1456321119136,47.4752298669133,0.74678746250668,0.601649143917841,0.142235199786351,0.00655015349368013,207.443225825735,145.275070305778
2015-08-28,0.176302017235174,339.862608374619,0.523244924570729,-1.77994064602614,-1.65492939337706,34.1297119799574,26.929599902247,0.725451842905619,0.586288983321544,0.0956320762483456,0.0369541670036139,168.525697294536,73.7850402994593
2015-08-29,0.186451884122883,341.333240043826,0.651839378221733,-1.78982221565427,-1.64691633074551,34.1213637131911,22.9086522592707,0.710713533898275,0.59334304397888,0.034749915403554,-0.0136390142092499,135.01243147144,88.4608536075151
2015-08-30,0.19793641294648,342.322282000286,0.860745700030792,-1.79461819424159,-1.64885205215449,34.1160424473154,28.6085299300118,0.694510460656523,0.597631490986679,0.05534517248733,0.0134273204505041,134.986155838641,68.9741131668599
2015-08-31,0.209583106200869,342.27611337057,1.49743297914179,-1.79833181618679,-1.65412009711529,34.1223232768647,37.3184552430785,0.667946435923358,0.605139619707257,0.0992349903030112,0.0926634202008707,206.859042127501,74.320820417802
2015-09-01,0.197543315952871,340.081334183856,0.427139419244557,-1.773696582327,-1.67051154527909,34.1327740287009,62.6603512641711,0.651126403849215,0.608225451146382,0.17086329106518,0.096440960988704,313.763259579972,169.266198569636
2015-09-02,0.172313830292806,336.319602035895,0.394833976720891,-1.70907147661073,-1.6949625954776,34.1508049752548,88.1323939386489,0.667780664288181,0.613185222855142,0.0972481982357669,0.135680927287953,267.545250732821,145.990368496353
2015-09-03,0.171284227109537,335.504249758837,0.48812831229553,-1.71733989326256,-1.6786555793443,34.1551685667875,83.7799021094112,0.679632636227025,0.619561778791199,0.0667642848000594,0.0684323003829813,184.497768987972,104.732959118264
2015-09-04,0.176882636438056,336.285471846418,0.365024286708454,-1.72477405273963,-1.66319616056486,34.152201149306,82.3369658015839,0.677762192753162,0.616860006542502,0.153892364031189,0.0332573500742153,253.490238622182,137.271595951522
2015-09-05,0.184863647491467,337.302123279106,0.662628509285973,-1.72689824001348,-1.66094866712727,34.1574707906417,89.0162362756356,0.675402415199922,0.607492346190891,0.124092131088942,0.107832890763054,260.333879796809,154.946646667173
2015-09-06,0.191700046200578,337.324682840487,0.652029125065338,-1.72001464727276,-1.65600474997249,34.1666881339914,93.749900409889,0.682044257076806,0.608331504299251,0.0993568994024424,0.0998774851733937,228.549252014803,134.578924114542
2015-09-07,0.200050831386229,338.12060881824,0.745130743195371,-1.7377623332496,-1.65256698845852,34.1610189687546,80.3357586493859,0.69038047393163,0.609361142885347,0.152286126018174,0.00401724063553791,249.867359243247,131.527216537635
2015-09-08,0.214824899667647,339.835824361662,1.10507187810613,-1.76176199144037,-1.66405941181981,34.1551582707085,71.6392186199605,0.701723496026175,0.592345322805297,0.145673371062145,0.050454798015023,254.166734420732,140.215603587373
2015-09-09,0.229815688438532,340.433843100943,1.09920807655265,-1.76169082188574,-1.6734184231031,34.1628373077846,82.791448508197,0.706887547856803,0.60108593142467,0.0452753001781289,0.0494193926544083,152.970754290707,79.2919224477964
2015-09-10,0.234569473782691,339.887155300233,0.769191200776798,-1.76266049582627,-1.67514697807199,34.171185589995,88.0395205107778,0.708059741488272,0.611332902179556,0.102598204142973,0.0763358116632531,207.627375969225,117.638498717654
2015-09-11,0.240333608192642,339.827464033918,0.880818999395138,-1.76827194784013,-1.68660933800876,34.1753803464243,90.0213702004931,0.709845703185691,0.61931672515335,0.0944072173785182,0.0711390161622874,208.809207112011,112.313890232319
2015-09-12,0.248905558048225,339.774508964725,0.881235751800421,-1.77588995957342,-1.7067939726769,34.1784178338714,89.7518107945781,0.695995767715207,0.62731702346229,0.0966370040689081,0.0604554786071604,200.643940227594,99.2895877402096
2015-09-13,0.25426286931445,339.672075969417,0.73093325335805,-1.77932780152551,-1.72215866640351,34.1814779366559,90.1607836943406,0.680273688947543,0.630349310383945,0.0846429417229053,0.0385167477313082,188.301484511097,80.0458768162989
2015-09-14,0.250523325146698,338.733620620355,0.818163180678356,-1.76821165110579,-1.71648617488974,34.1895009142506,93.1166723524189,0.670780672406459,0.617865962658817,0.0311214661328738,0.0673301744346435,165.902349598981,88.3641931886627
2015-09-15,0.244950880546395,337.90531474788,0.515180375245286,-1.75714196093813,-1.71939058149392,34.1996432161524,96.9436360962799,0.675865391141128,0.615573986580497,0.121868109760376,0.0937853151085245,251.901100438302,160.373444114296
2015-09-16,0.241763867619561,337.559558403201,0.543401041363434,-1.74552762701444,-1.71584697660969,34.2070010721925,98.9578167455882,0.676104422241409,0.607391443571098,-0.00721241750436434,0.0542306912240953,151.914084628661,99.5740435889968
2015-09-17,0.244141547054779,337.486625113138,0.840497116035805,-1.73534754075502,-1.7052425158973,34.2136380894464,99.2757690856975,0.687911759604487,0.571093567308948,0.0170821281509441,0.061602085195331,146.289048850904,82.7330399326767
2015-09-18,0.253654958816563,337.5919234113,1.16598425955489,-1.74174185111294,-1.70708598138189,34.2159856211962,97.5463869298196,0.713000260921906,0.563076795112749,0.0439837206552225,0.0184725531089081,137.428130302465,63.5390359010989
2015-09-19,0.265812524026487,337.609058287086,1.18874334516685,-1.74943498480819,-1.71439641963454,34.2182940638821,96.7683915062311,0.750122671064578,0.56168060525548,0.0444400568119427,0.0363808638603501,135.047969456065,62.1333246211665
2015-09-20,0.273825542228978,337.51741958246,0.851133202452485,-1.74975425656508,-1.71353111125519,34.2223446134292,97.509319973378,0.768074329303987,0.560725099684899,0.117586458054109,0.0997918192272083,237.680725822298,125.973389088372
2015-09-21,0.284013592978803,338.219819231731,1.15510455864232,-1.74910187640814,-1.72193873379073,34.2248939792154,97.6240217605261,0.769886494459592,0.547027808451942,0.0718350522370956,0.104258806483667,204.981107000813,110.720335382501
2015-09-22,0.302236969878034,339.538064724062,1.50481940129,-1.76332868883002,-1.7226322984245,34.220239997071,89.259643359062,0.759513959296138,0.538408696329706,0.114970350308738,0.0759947951103833,216.95990848371,116.310115570535
2015-09-23,0.316683868627723,339.966295567954,1.78077023512707,-1.75892414013866,-1.72337981933846,34.2191711662591,90.2645713108593,0.721682693346752,0.554809822164245,0.150803445633526,0.106355975921217,292.833376127754,187.697950513293
2015-09-24,0.306734162314636,338.182736280488,0.964394576029807,-1.72041101783876,-1.72399924673371,34.2289938984612,99.8756371625522,0.68856897883811,0.588301928982883,0.137098534839597,0.113714189991335,288.500451236295,179.034442260732
2015-09-25,0.308926375900827,338.083405657512,1.29821314172047,-1.71319332730915,-1.72167102721056,34.2276903530847,98.5754084799454,0.641960296160246,0.61866496296225,0.130877865832827,0.109527264856174,269.55951970662,166.150971356334
2015-09-26,0.324364097198335,338.760707948266,0.895059446645219,-1.70317831631453,-1.72312487796572,34.2338722990914,101.718073678885,0.617643767784321,0.635172141024619,0.0806116977864914,0.0718844751708018,184.085377087332,96.406340037187
2015-09-27,0.341720309017635,340.051300048828,1.75850098489261,-1.72917266960247,-1.72827389816202,34.2254004433409,84.6106154008111,0.62347348142722,0.65535718926534,0.085723651369453,0.0411962811481937,170.305417072947,74.0142690734187
2015-09-28,0.373769765765202,341.558750803878,3.59243963022784,-1.79212729361376,-1.73456664075736,34.2014531896182,55.6975180372375,0.607542437479885,0.645030937897853,0.0387984568833822,0.0314616591452185,123.935763418001,67.3778353926679
2015-09-29,0.41385927941741,342.450000669898,4.18058501583774,-1.76451582496787,-1.73553656309079,34.2143092908357,56.0224722104195,0.592058928932256,0.644798238669973,0.11472158951436,0.0313710508699681,183.997237741217,75.1714268784288
2015-09-30,0.449328610082952,342.678441489615,3.24387461528545,-1.74585974843878,-1.72747736871645,34.2113583058963,61.0399049045908,0.592539925105284,0.669308801979711,0.155190533115032,0.00460454697913004,235.0394659094,118.649275828033
2015-10-01,0.482028307166041,344.303278481088,4.28386976878817,-1.75419241342789,-1.7273480454598,34.2017167383521,58.2625556153003,0.586043003773098,0.66958371682442,0.130899282431232,0.0837698075090825,232.950874004719,120.212420337421
2015-10-02,0.518329812986095,345.875794573528,3.75478503980288,-1.75719336089496,-1.72397577231712,34.1949787989319,56.9650040985602,0.548584517971619,0.64703770388702,0.130374578138193,0.0611251560209492,216.921841550228,113.192098043671
2015-10-03,0.529300689333823,346.913883116187,1.96803963947587,-1.75255454632274,-1.7323047286264,34.1861425237617,53.8694962592904,0.617703719758634,0.71260270722183,0.160450754493636,0.05086171132853,252.426117913431,144.137239628955
2015-10-04,0.549548380440328,347.985282339701,3.74971779090602,-1.77409097604584,-1.73254895676807,34.1547383296828,32.3391192561058,0.629054517762609,0.714156717613383,0.0747633468354681,0.0191430542944816,142.816222823604,62.3901577798812
2015-10-05,0.591432099662176,349.020981951458,3.75534308320139,-1.76450000842091,-1.73027263270055,34.1549296926069,28.355444510456,0.649344700684008,0.705019021617377,0.114258663479978,-0.0368149598027289,179.112477487365,91.1535432778521
2015-10-06,0.654852869307123,350.891608633646,6.91304672636637,-1.77090123484814,-1.73294310868993,34.1452407836914,28.1431329549565,0.618500704571055,0.649705157376735,0.108694492760096,0.0624579212674808,181.70310524695,77.2427123311872
2015-10-07,0.721941941031596,352.291004460032,6.04982154979938,-1.7722148906525,-1.73181503230904,34.1503663931781,37.3670542623028,0.603377342373686,0.660080146243074,0.104378244664907,0.0590362237884529,172.047030622225,74.2379571683213
2015-10-08,0.76054850438746,353.063893387957,6.06684479044705,-1.77481452302251,-1.72963137327418,34.1492255979221,42.6157439421063,0.602084835965184,0.675952035989034,0.103694563814503,0.0894814228460535,193.408753588586,90.8166016176394
2015-10-09,0.773946735917068,353.326151033727,4.31795418698613,-1.77005017447246,-1.73786437157516,34.1504241335891,49.5925803100854,0.578960835505101,0.690734567887347,0.0967630320775364,0.0848060369230153,185.33899382134,91.4020948986445
2015-10-10,0.767315138040519,353.147268527892,3.73454073762021,-1.76549735854351,-1.74551459233931,34.147075766333,52.4753645756628,0.569451273884946,0.709598610549908,0.127517122926138,0.0775046584154913,216.194108156959,104.094985925337
2015-10-11,0.768890343788194,353.363497478206,3.90369680960004,-1.76056398586062,-1.75386496384939,34.1409597152319,53.2957812230758,0.544059725627408,0.707198947373767,0.123840075111904,0.0530115982640771,202.127847925444,99.7286906176863
2015-10-12,0.821937372044819,354.29328918457,8.36104595951918,-1.78315311935749,-1.74618550222091,34.1234599742812,40.8437345146972,0.474332954276758,0.674275782475859,0.0613887436265646,0.0425611707996502,139.002505536584,62.5779551650802
2015-10-13,0.920580197761698,355.751320443502,8.5033198180722,-1.79334309049624,-1.72943080115093,34.1172018475861,35.2667958701027,0.430075144553595,0.665344690901508,0.00243077258228773,-0.00872557541900962,106.47967457836,70.7360945162276
2015-10-14,1.02250749563299,356.484750887243,10.0528313488495,-1.83447561412044,-1.72043793066311,34.1001840660929,33.9019058809268,0.379691752074123,0.652859284659388,0.0163391404427015,0.0154503557313229,108.64864700688,70.2141336145449
2015-10-15,1.11935978946162,357.304521886314,7.64419227038942,-1.80036605112305,-1.71888152742193,34.1186186086472,46.9011028742822,0.363302211312064,0.654090733703492,0.0908561974070091,0.0205960811521762,144.151910745628,58.6038310871178
2015-10-16,1.16944442798452,357.686332144388,6.524087229153,-1.79998648601022,-1.72488679609157,34.1128999758989,48.1288449999131,0.392920249838674,0.663247316241184,0.118581501362335,0.0295778309697645,180.910837045084,82.992635626719
2015-10-17,1.25187073720665,358.49286893519,9.45709171963901,-1.82803188499651,-1.72955724182721,34.0959274456729,39.0181839141125,0.406629690472489,0.691550041620548,0.053483584993764,0.03767409074584,130.375122293004,61.608594880115
2015-10-18,1.29693292953619,358.475286344203,7.09029786397771,-1.80344607344201,-1.7275391504993,34.1067612322397,52.0157335399777,0.379675174778008,0.712353904318069,0.0352927410721216,-0.106004251054062,179.997710634502,107.486405046881
2015-10-19,1.37820186811249,359.354505957627,11.7334886527643,-1.82977452902337,-1.73380141364418,34.0903631923331,41.8015050875191,0.358653595189686,0.69198660922517,0.0304896796270501,-0.00717370290505259,116.341798427195,69.7556765385866
2015-10-20,1.48106006841834,360.150508973657,12.4834850372338,-1.8212599879817,-1.7303072299391,34.0974594661903,46.3448916948759,0.327293046135531,0.643857149620931,0.0448000188389046,0.0344097223308807,120.158850773977,70.4046931305343
2015-10-21,1.57178604966257,360.921165652391,12.2803993370475,-1.81131416551176,-1.72076288489034,34.1026654005372,56.5467645706918,0.340547748212922,0.62597540220027,0.0837755738814109,0.069721408872067,173.684645479032,107.069369650785
2015-10-22,1.65306707162683,361.834585794588,8.09770493318395,-1.81643534800623,-1.71747833707555,34.0963803907799,51.7181677747513,0.32369502304108,0.609987162494738,0.0870465315808008,0.0568377378820247,181.079786862919,124.114743949007
2015-10-23,1.68726303301206,362.250752890982,6.78766023022373,-1.8138475735017,-1.72076206023876,34.0917573380567,53.1390701118912,0.301633405318803,0.606267075994468,0.102486179319591,0.0684784282194941,222.608444463166,150.961468368815
2015-10-24,1.73665471665743,362.751777090677,8.77385150295932,-1.81196951126119,-1.72167308900038,34.086022226434,50.7587497430614,0.253402833909478,0.573189913119251,0.0880448702476446,0.06080390855308,215.634710565199,151.033270082515
2015-10-25,1.80241131637155,363.226411772937,9.74630528324988,-1.80676826726087,-1.71623247467715,34.0744080022279,43.0568414384376,0.201927831028966,0.523301706456806,0.0890020225624404,0.0668919600707236,234.774873815092,173.469547241338
2015-10-26,1.88736947280605,363.850780580102,12.8359514387642,-1.82549452508188,-1.72830437439495,34.0293632486732,26.1649897622998,0.151941094429816,0.467277995035677,0.10614922411951,0.00810779180181654,237.296747487443,190.153132939491
2015-10-27,1.99264800621242,364.849026191525,12.2567014839591,-1.7948247797576,-1.73034388478468,34.0139453543021,17.7997874582988,0.130001581126084,0.455040171963894,0.123070728767779,0.00611852846949207,246.517771495035,211.810612633061
2015-10-28,2.0799550690302,365.627452199052,15.296825941016,-1.76168983458829,-1.72904571653539,34.0153971426239,21.2004805267581,0.108374647912155,0.40544138523813,0.1010743380347,0.0177279179978628,209.600224389001,173.72363586664
2015-10-29,2.16149808793533,366.356551379692,17.0167308755037,-1.73912442293566,-1.72028389794302,34.0318879296101,26.6310045265476,0.0779867356567042,0.338355954691225,0.0746208443865683,0.0715887623860447,191.446330942762,121.678896977725
2015-10-30,2.17976478469081,366.410175230445,10.8311137077285,-1.72714633996348,-1.71115429246957,34.0361074584055,31.2411118184346,0.0778173958602475,0.304143980105911,0.126377106874216,0.0149643659873208,201.866148382799,142.593448003302
2015-10-31,2.2512818596712,367.165040178997,19.1700946964869,-1.73168828870282,-1.71611674240565,34.0200058014287,29.0500392797987,0.0678280050600483,0.307248491607858,0.0658738527512341,0.0209576904612836,141.712250066892,100.612454480516
2015-11-01,2.39495159213136,368.911267164277,19.9766034789202,-1.71856458692255,-1.71814183474552,34.0155454164574,23.7181547386283,0.0598258542069127,0.326786927388687,0.0577331122247233,0.0184791428005567,139.849546157433,100.101523122448
2015-11-02,2.45399696143662,369.761752244903,18.8928141942838,-1.69578072995792,-1.72407750031243,34.020813080946,31.705479210044,0.0488281220542682,0.253798884766958,0.0994425654843671,0.0361625801988057,194.656918229793,135.722278783254
2015-11-03,2.48401208767077,370.334084487543,21.7447142310259,-1.67402387131885,-1.71670610637639,34.0338731217481,37.1421809743451,0.0448021808797531,0.286335487329676,0.0310308579883353,0.0501417873047704,172.711411536858,103.158771580681
2015-11-04,2.53686643446364,371.564432283727,22.5933191107541,-1.6649528312297,-1.69115704836955,34.0287082687563,31.4114141863206,0.0341233281910736,0.248135868150756,0.0225878154781022,0.00230227335885308,167.019675547241,106.133139899997
2015-11-05,2.56971892132992,372.765888493236,18.2883682774334,-1.6393686825769,-1.68477657883756,34.0316469344372,33.1360601265582,0.0311058157283245,0.224331636944542,0.0668483031423468,0.0227377310284638,181.221504558804,134.650718007186
2015-11-06,2.52308543353546,372.524434159442,18.6069772287113,-1.59764703854858,-1.68730949277659,34.0347916040665,37.8347164210681,0.037684331349202,0.202120719013889,0.101067748131902,0.0731925287468713,241.257799534997,152.624033270312
2015-11-07,2.50012861592014,372.290135081221,17.4619446832959,-1.56465146480462,-1.68405171396279,34.0350779483193,40.7236785103596,0.0237897650097395,0.128757426569266,0.0811512290013705,0.0297228044424302,218.208077424742,151.533157771869
2015-11-08,2.50992767839897,372.638432572528,23.0961267671934,-1.5194781405723,-1.68737662482036,34.027697518126,38.9102777643242,0.0233528530522731,0.126054884714681,0.0731216900694145,0.0445265464846663,231.291402903467,130.165674572432
2015-11-09,2.47354562544241,372.338806524509,23.3053651495678,-1.46391418893971,-1.68332931853821,34.029686741179,37.0894634900627,0.013558970428318,0.0772791891316841,0.117988429068715,0.0101645992975808,261.975502023939,176.446690299527
2015-11-10,2.39718547027286,371.226213780845,19.3349698026006,-1.4000146088169,-1.68381818939961,34.0329878185442,41.2189351299353,0.0274510673976139,0.165310804861719,0.121025453006167,0.0524588878066675,258.046541233156,168.023419969112
2015-11-11,2.33646778144488,370.094692695432,14.882390734626,-1.36157759617858,-1.67376232275918,34.0246127304921,37.5713347281843,0.0122481564239386,0.0710076239767922,0.138600984530451,0.00181957859138728,244.575763734477,163.560492728785
2015-11-12,2.20208818738053,367.964301132574,14.5392388803203,-1.34504570676248,-1.67725362034462,34.0424522471975,48.794815645205,0.00614479733033665,0.0325182281901555,0.137245155468724,0.0837796920113638,269.979446807622,161.18539102585
2015-11-13,2.19815686708543,367.341998960914,22.8242784069806,-1.26778915029788,-1.66704083550797,34.0367356015925,44.0885400077109,0.0219633130531292,0.159201712789945,0.128565707700214,0.00990430649254325,222.107241682825,142.568599377873
2015-11-14,2.28509770660866,368.66179563941,27.012421131134,-1.17448603463398,-1.66206479474761,34.026165276243,32.2971099732537,0.0108357294280406,0.0953869282510941,0.110584086835304,0.0148836423199267,198.669288299873,114.865712547095
2015-11-15,2.3449345034797,369.746969827792,25.5692628011471,-1.17874923698333,-1.65639683720876,34.0178210506877,26.5379250741359,0.00224247869181263,0.00762962735596166,0.088041575437012,-0.0012232114016688,171.240099722819,89.0159551568102
2015-11-16,2.40074962959057,371.437083174543,36.2374438076484,-1.11801962773649,-1.65346730608046,34.0140628583035,26.4256944759333,0.00111704192150542,0.00453479258133702,0.115411859448099,0.0433107482095962,204.03891028892,117.166236280442
2015-11-17,2.3545381230552,371.592984827553,27.3198463160817,-1.05561854100099,-1.64050867666921,34.0067441273637,23.4442706770903,NA,NA,0.0771817635247099,-0.00367457682063222,148.278602975262,69.6286467050037
2015-11-18,1.98254876383921,366.659876753644,17.7967329199721,-1.08441615301749,-1.64400162404044,34.0131483708638,41.0216561818091,NA,NA,0.000256174599673906,0.02285469800998,125.209724263172,75.4779718513482
2015-11-19,1.97220004767906,366.51770205614,24.5086004152531,-0.958057167317703,-1.63378101530989,34.0167891210229,38.8754758860579,0.00123111190187046,0.00581759085180238,0.0797500956336014,0.0602857940773732,172.932974706659,66.1019178638155
2015-11-20,2.00411348590037,367.553502896937,22.4532916545868,-0.965002043627695,-1.63617842802313,34.0128930023646,44.7110599937388,NA,NA,0.15240556461166,0.0175722364673087,235.495326642865,167.830104390393
2015-11-21,2.00541309975996,368.041255671804,21.164779331626,-0.920671870954606,-1.6482375638205,34.0091019757846,42.5354319686993,NA,NA,0.18609865808133,0.0561878294929078,297.744750033932,236.591544543754
2015-11-22,2.02332410507086,368.679169073337,20.1840164370653,-0.855113664418258,-1.64994758584721,34.0057619277604,41.0527513467992,NA,NA,0.176794013403125,0.0618335478932832,285.878478241389,265.05942924319
2015-11-23,1.99292717910394,368.830134694169,12.7497966551199,-0.840600198117184,-1.64764490381748,34.0018493147836,40.8923335146164,NA,NA,0.180363978823589,0.0637338504235432,294.737943072775,279.630315427509
2015-11-24,1.9484433953355,368.507503230397,18.2987252793661,-0.81796164235525,-1.6519339675041,33.9981138252536,40.8878031214561,NA,NA,0.201313432632831,0.0467958715562074,318.711815557384,321.288128185934
2015-11-25,1.93234986939081,368.179304913777,19.2665726731463,-0.778717062472493,-1.64465153378192,33.9968432633661,42.4530608464188,NA,NA,0.22059981279608,0.0733976330301459,371.885036697639,357.753990082051
2015-11-26,1.89937233125291,367.60236786633,12.6528549659543,-0.763771642517303,-1.6424217468653,33.9987028639326,47.5598661561727,NA,NA,0.204819972095219,0.0933956995143903,359.490033762889,361.852423125619
2015-11-27,1.91243468733822,367.922997823576,17.569531917572,-0.708168154645224,-1.63619366461127,33.9946213746682,46.7551000301655,NA,NA,0.189761702906386,0.0854699483918034,320.773608769851,335.309478143085
2015-11-28,1.9249166115755,368.695114880073,14.8089011878502,-0.636897673169289,-1.62889063905286,33.9858116273455,42.0959819531151,NA,NA,0.176871442556502,0.0531788117550163,273.025395921098,303.160202201351
2015-11-29,1.90215858780756,369.059848692359,15.8001540172391,-0.603898144433936,-1.62769131348362,33.9782045444175,41.0751974733896,NA,NA,0.191660357898104,0.0812047700600022,312.275774603612,312.873194781354
2015-11-30,1.89402472100607,369.432564712152,18.5886241575567,-0.556258627207253,-1.63393999111315,33.9746028678781,42.4122871368038,NA,NA,0.177387085792265,0.0813925763775624,286.301028240852,274.040567771024
2015-12-01,1.87751499000119,369.964607797018,18.9387454434139,-0.503537469798656,-1.63474022779066,33.9706449212655,42.5862961729207,NA,NA,0.163491073317132,0.0946131448705106,272.54580244651,255.59223083908
2015-12-02,1.81326640088384,369.858593452268,12.4102158517372,-0.464382841077089,-1.6335944436018,33.9622308162221,39.6452343730952,NA,NA,0.170756208812177,0.0619562808600193,262.228427988199,257.100161758219
2015-12-03,1.74703480448665,368.864970137433,16.1187842328374,-0.4467468490163,-1.6341302692488,33.9575686126585,40.2508681306311,NA,NA,0.208514318377906,0.10848115126674,368.752650338919,300.177527903312
2015-12-04,1.68605276978597,366.989281258932,13.6872143861724,-0.464523202263312,-1.63561994810658,33.9648687643239,48.4404136629401,NA,NA,0.175166359787126,0.145652778280771,362.126864593056,290.191133863474
2015-12-05,1.65980574125197,366.052430687881,11.3963805669691,-0.442839491202442,-1.63207593202269,33.9634046567436,48.2682579673736,NA,NA,0.16973398248797,0.0801108812966086,287.446111272066,227.124376985621
2015-12-06,1.61499244047374,365.599704277225,10.1725296290909,-0.393355519454248,-1.62556449218318,33.9519756847387,41.4281577896654,NA,NA,0.159234132899245,0.0292483462666773,235.658226982992,174.629482886675
2015-12-07,1.60160294974723,365.420791998142,15.7361173019177,-0.336883179833371,-1.62040600152473,33.9425648626207,38.4319073037419,NA,NA,0.183538562946233,0.0711447821927537,287.553840656779,196.988419709141
2015-12-08,1.59900211960804,365.479278564453,16.3902357816696,-0.241112885285325,-1.61600696847506,33.9343195823844,34.9309275056991,NA,NA,0.15883792738723,0.0571375689777205,234.429220254344,159.354349125052
2015-12-09,1.57796933665508,365.587319350824,18.0323669503375,-0.171741224332699,-1.61218371355904,33.9248489915279,32.0028390240894,NA,NA,0.154380000866296,0.070289769741567,232.254645973998,153.623800591986
2015-12-10,1.55287971184021,365.650989067264,18.4499945378885,-0.148565937834069,-1.61410666477342,33.921294692396,35.9183516547426,NA,NA,0.14645672054627,0.0989310408360482,245.619818495807,156.30264215495
2015-12-11,1.52190701790699,365.337607406988,13.5002322051583,-0.146551469358516,-1.61199878729307,33.9146021020557,35.8450413857073,NA,NA,0.0886198208037658,0.10055869463806,185.163955421043,102.4710937878
2015-12-12,1.47709464409002,364.414638612329,13.9504802197945,-0.175775104206101,-1.60840493883038,33.91766425376,40.6956723711269,NA,NA,0.0587751072116307,0.118909338310703,181.967661747753,102.465584763795
2015-12-13,1.452299739166,363.875797923018,16.8738334469679,-0.142968324413988,-1.6006752284754,33.9168281400735,41.2716527055954,NA,NA,0.0468757715171728,0.0714520265457601,124.215536622215,68.1207397547054
2015-12-14,1.40913118767302,364.00211501703,18.5000470992995,-0.0387852992686505,-1.59772428278981,33.914867653377,37.7708787634949,NA,NA,0.0950241770982421,0.0768638108423364,154.958636194524,81.7498647124055
2015-12-15,1.35212279383729,364.769550230445,21.6584145964646,0.151781663560031,-1.59808630145352,33.9112042055117,26.0150742678829,NA,NA,0.0896313384667984,0.0563064440732945,135.247903344941,65.6075653248394
2015-12-16,1.29276242634145,365.709753641268,22.7446597959937,0.304805177104296,-1.59885482299022,33.9072297645806,17.4841002491322,NA,NA,0.112922603231773,0.0701283223162859,163.7319436275,99.1542576588497
2015-12-17,1.32650443330044,365.972869873047,23.0319881264756,0.286575123818538,-1.60070076436005,33.9046700254947,24.8233696336527,NA,NA,0.133087059832335,0.100099063278572,210.18818092162,131.728818475013
2015-12-18,1.38286704115751,365.346759703101,20.8436466658988,0.281410453753111,-1.60199440120846,33.9030678886795,31.1649185494694,NA,NA,0.154986252779501,0.0773209706702937,221.80692779396,148.666481977091
2015-12-19,1.40000907168156,363.879088611138,15.6354748795672,0.305597917039787,-1.60923317971661,33.8945527739531,30.2989918159248,NA,NA,0.185280712856817,0.0452242299170307,252.795517853412,186.64022348352
2015-12-20,1.40831766004969,362.756294808737,17.8808078707718,0.340984561454188,-1.61127515859128,33.8902180062936,31.3490180415824,NA,NA,0.173001646060451,0.0747188663414294,249.077626904481,181.743666149912
2015-12-21,1.41267330726472,362.547520707293,18.8650878115398,0.443224285717918,-1.60712612415293,33.8861571246313,27.6153397733866,NA,NA,0.149883360143213,0.0565609708076466,204.163126618778,153.311701219449
2015-12-22,1.3977835861648,362.505521076482,19.1561214458652,0.566992534397424,-1.60319372645596,33.8777800339919,19.9830349434403,NA,NA,0.144379320269131,0.0309682558925367,186.437199634583,160.591628343045
2015-12-23,1.35967513737155,361.807390910823,17.4369679922011,0.65491351714501,-1.59636268602853,33.8609146808001,11.9654389985016,NA,NA,0.103347781557947,0.00940513736524402,132.043573172536,99.4414771891542
2015-12-24,1.32679274750919,360.994845134456,18.7455238598149,0.67273237323954,-1.59537217201974,33.8561020927069,16.4925574908855,NA,NA,0.111805650753732,0.00271907156174965,141.296419092364,108.549646022532
2015-12-25,1.2915090707744,360.162354259956,17.607593140951,0.686875169857954,-1.59805417623919,33.8506161513438,19.3852263359245,NA,NA,0.0563360976052751,0.0106036375941616,90.6998393665514,55.7316357840734
2015-12-26,1.25757922959037,359.889557256931,21.4828468881002,0.754713737771579,-1.60991109061016,33.8468290887542,18.5073558161294,NA,NA,0.0988758519271768,0.0651465154953009,137.442999750999,82.7799827052436
2015-12-27,1.25866082819497,359.981721459365,20.804636205115,0.794376433217413,-1.62336024147296,33.8446770383601,20.646534560663,NA,NA,0.138859629570714,0.064410117493789,187.648766915937,131.507847742096
2015-12-28,1.2826113610006,359.746674700481,22.1157635712042,0.766268762942107,-1.62619051180388,33.8450044227837,24.7049611074883,NA,NA,0.120526284079964,0.102471352588793,196.138252234822,122.195339787022
2015-12-29,1.28811415593799,359.977469467535,20.6631523050913,0.860015693061587,-1.62078614273535,33.8410711713165,21.6135719083099,NA,NA,0.110928398098259,0.0514696100613608,153.311668828281,92.5261089545892
2015-12-30,1.2792085252884,360.730621337891,22.0332431851364,0.952029864797708,-1.6249339437356,33.8365139414263,19.6630230722157,NA,NA,0.110689521760915,0.0554934409164224,155.943852646373,95.6910462965233
2015-12-31,1.2726566711577,361.314557331364,22.4242703972793,1.08929445933395,-1.62476796466812,33.8285588922127,12.5587172746337,NA,NA,0.128319417768725,0.0571293316670918,175.775639568092,122.673118428779
2016-01-01,1.28010682870702,361.075913592083,22.5583196384151,1.15735938344729,-1.62043730031784,33.8213512817053,15.5183127232087,NA,NA,0.142355461291939,0.0435685700511965,190.917353384821,139.436806728926
2016-01-02,1.28272937747037,359.260654728587,18.4411411750607,1.20818863851339,-1.61707697207468,33.8107685598767,17.4943966717533,NA,NA,0.153324002965621,0.00165977853874446,197.486939064434,150.817838747618
2016-01-03,1.26415999597166,356.807651054568,18.5694656081316,1.21229270321798,-1.61949003386272,33.8004186478382,20.1961702895068,NA,NA,0.183522912876004,0.0176488416930522,247.42106200945,193.674356599778
2016-01-04,1.26524168907142,355.426521859518,18.5712389480777,1.14636876756846,-1.62287425158317,33.7985817604219,24.7607675840658,NA,NA,0.156510942825462,0.0848776996889819,231.960972371875,169.260695310289
2016-01-05,1.28634405172453,355.243416762934,18.2939578469207,1.20513333120809,-1.62436434485813,33.7915431909394,23.6123078393872,NA,NA,0.13154095331868,0.0718762379355839,195.079683497602,139.85381744824
2016-01-06,1.30176812955519,355.336778222061,21.8561808074393,1.24451826812446,-1.6354988652524,33.7848443972115,24.893179150889,NA,NA,0.116378896793051,0.0888998825832015,188.109200379131,117.470026168264
2016-01-07,1.30332908761211,355.224980796256,22.3828259851874,1.30419517850425,-1.64411323997173,33.7795047528348,24.5309520803804,NA,NA,0.10311137639519,0.0774601780220002,164.697969568988,99.7784089382008
2016-01-08,1.29945574700832,355.154559623904,23.7797436830474,1.35985303053811,-1.63738392641348,33.7755715837363,24.0507282638035,NA,NA,0.0749272650783924,0.0748308909637162,135.330789047478,68.6592818689926
2016-01-09,1.29783336709185,355.140752652796,20.7613479276983,1.43839754009376,-1.62594298714729,33.7680408925663,21.3188890902459,NA,NA,0.0877969330139006,0.0524259393484245,131.427558242807,73.7960870022025
2016-01-10,1.26197365798601,354.230402504526,14.8254921203706,1.37381197630796,-1.61827464962778,33.7538051785406,21.4646860217919,NA,NA,0.0521607040785826,0.00223802398090903,95.2006188313264,49.9402997085016
2016-01-11,1.22140481341176,353.086760730278,18.3791358296464,1.32597377755542,-1.61889325591073,33.7431957538311,22.2400044674172,NA,NA,0.0392852704594975,0.0203843873884031,92.4321294516438,44.2677053548578
2016-01-12,1.17449449329841,352.420324185999,19.3404881488986,1.2601990984519,-1.61361285275937,33.7492088647346,29.3564599573854,NA,NA,0.00160706107091164,0.0538699053901571,95.3432771025578,53.5857744855489
2016-01-13,1.15674428387386,351.787735357517,19.8496981655679,1.24165472038362,-1.61142837052081,33.751793319558,32.1082739900803,NA,NA,0.0446641063430773,0.0654092793643233,120.395626894443,51.6221834451696
2016-01-14,1.15567863241928,351.784313294946,19.4899263091204,1.25441367881983,-1.60939791923271,33.753080375764,33.1774514992388,NA,NA,0.0623821397280564,0.073036023766285,136.764563994471,54.9141605992758
2016-01-15,1.15987855886541,351.854245441716,16.3307743188812,1.28750513584508,-1.61149509007792,33.7527632616792,32.8687656533863,NA,NA,0.0890275578739752,0.069791424300587,148.833267437884,64.0609984883543
2016-01-16,1.17114522289939,351.884041018602,17.5382535050555,1.30939740859545,-1.61417338561754,33.7501747193124,31.6437007219363,NA,NA,0.0896815846192772,0.0750549406255627,146.771502302918,68.4521412078217
2016-01-17,1.18889504053244,352.235273407727,21.8425235050481,1.35234176983878,-1.60842470601503,33.7473102162885,29.5893642770456,NA,NA,0.0897606609190604,0.0664661010669471,134.886580051512,70.4129676564749
2016-01-18,1.18720092642598,353.062079825052,24.3049209117889,1.47981869804393,-1.60482920326202,33.7447032490883,22.7832421754536,NA,NA,0.0701876296265888,0.0454787568876698,105.356320313596,48.3440139784075
2016-01-19,1.17849534786329,353.940808924233,24.1616056430631,1.54996728285765,-1.59797057030816,33.7425431008281,20.1852561549137,NA,NA,0.0852821420541337,0.0562965594604109,120.515849074457,65.7318386574442
2016-01-20,1.17297010850616,354.331751381479,19.1938071076463,1.58055794657322,-1.59189240362963,33.7381279825682,20.4634646828841,NA,NA,0.0972160732627478,0.0338784285573422,121.124470256583,70.642195823628
2016-01-21,1.17079667165512,353.161134673328,19.1924853848248,1.5529959044154,-1.5992193167348,33.7333607075185,24.0742040343291,NA,NA,0.132302886174235,0.064974359640105,175.219084116133,121.308809882875
2016-01-22,1.15258449097959,351.457116848085,17.3637567322429,1.51476350245688,-1.60442023013446,33.7328417542492,30.0693821861998,NA,NA,0.135791304804053,0.0938545070568479,212.492035420786,153.516079412715
2016-01-23,1.1556772618759,350.621337518459,18.9102921660354,1.52641539567234,-1.60158872523932,33.7315835219163,30.6622485767009,NA,NA,0.0898537406554589,0.0864608729114899,162.360697603896,105.986760958362
2016-01-24,1.09482551202541,349.237532452839,11.3917386822584,1.5181380815995,-1.59306207600875,33.7253830378194,29.947678824668,NA,NA,0.0521697649196816,-0.0394615448971107,112.864281392525,64.3123151054101
2016-01-25,0.977021697817779,347.321993571956,11.5253592991247,1.43336532288074,-1.59556780492085,33.7256013610263,33.8613379435983,NA,NA,0.00801059395054735,-0.0196249254158473,87.3587991265093,58.7087712571857
2016-01-26,0.940835771037311,346.798226705412,16.063840075237,1.55460115241618,-1.59303942254359,33.723435071155,25.2469633053511,NA,NA,0.0536565641582253,0.0178506511154204,94.5976987692961,52.1248170838192
2016-01-27,0.937348068487353,347.071488171089,15.5362123570791,1.51735423933639,-1.58753044112974,33.717541420508,28.6884299457154,NA,NA,0.117848398357469,0.0378429516848282,158.173771669673,120.784113179044
2016-01-28,0.930474053068859,347.051483526462,15.0428238205793,1.67606136126396,-1.58244937666354,33.704985964797,19.3281843272941,NA,NA,0.0792739904069627,0.00343075827990788,121.954848359763,80.8302102747181
2016-01-29,0.916958754019039,346.404766547971,11.0754270698966,1.63743061205314,-1.5837751413003,33.6910671486385,15.5065747877525,NA,NA,0.138376110900751,0.021584535055315,185.393631607571,138.782273022225
2016-01-30,0.917160737441807,345.469287034942,11.6445363614617,1.59214855833092,-1.58836774160022,33.6889501872816,26.0636732214697,NA,NA,0.175214958491555,0.0774692388077979,266.98356999783,191.517426281531
2016-01-31,0.936029362969282,344.555352187738,12.110734462738,1.59181544767861,-1.59605667851714,33.6884374734361,30.7843637865404,NA,NA,0.163214306333247,0.0645377925985497,238.647398732886,175.228782439143
2016-02-01,0.956420521910598,344.138942439382,14.5008188166269,1.63414993266828,-1.60361340509253,33.6842694301837,31.3850554287353,NA,NA,0.106610502891856,0.0939690029140507,185.864973838271,126.111464916757
2016-02-02,0.978882271342161,344.191961893221,16.3691057577366,1.65739638956613,-1.60915863079581,33.6798666981068,31.8636318507947,NA,NA,0.0860729051022394,0.10785265953133,174.621587581639,111.44947844415
2016-02-03,0.995884976735929,344.174156747213,12.8685098682962,1.69016165369757,-1.60181318458758,33.6689957941753,28.4266956512101,NA,NA,0.114486831503037,0.0294575689865751,147.9682380718,103.040013070451
2016-02-04,1.01832440858934,344.144351494022,16.0600827670679,1.72560364981251,-1.60851901906383,33.6586292488211,24.5323936266777,NA,NA,0.106185467338112,0.0728935215737816,159.351715260597,104.028698393494
2016-02-05,1.03842741650779,343.916497579435,16.3641476805617,1.72975021158314,-1.60710223853669,33.6572310876267,29.8165027770275,NA,NA,0.132054949649352,0.156104028968998,287.3814557703,196.687397413364
2016-02-06,1.07661774100327,343.632240109327,15.245329949914,1.65686756581591,-1.59290680357641,33.6604744915055,35.7653472748523,NA,NA,0.104955666556492,0.122898573013131,221.542054514494,162.997102191337
2016-02-07,1.10503673008302,343.545322325171,10.9218685597908,1.68546847486303,-1.58061455811566,33.6487818935461,33.936295847822,NA,NA,0.138030976263175,0.0476599449641228,188.408473968176,133.137284502929
2016-02-08,1.10705383776165,343.311012454149,10.3718636995409,1.70501613745644,-1.57828098575757,33.6335411226218,31.0197393788017,NA,NA,0.139357151350512,0.0383569476535285,184.727365184332,139.677052269861
2016-02-09,1.12443022538976,343.155629972132,14.055512451544,1.73299432058244,-1.57963351794744,33.6183169386808,28.7114938563503,NA,NA,0.145654425929915,0.0443420351034234,201.359507500008,154.471634033024
2016-02-10,1.14376712354218,343.245474466463,16.7932563002517,1.76693880895854,-1.58959301457553,33.6057326848369,27.7782287404605,NA,NA,0.0945134761513245,0.0704273296100328,162.248806116643,111.319665814657
2016-02-11,1.13455641524094,343.325303612686,13.7485477517291,1.77167152489728,-1.58595303372655,33.5923452699072,26.1841410676799,NA,NA,0.0962910454634793,0.0434260680447062,147.873209424629,98.1296608261389
2016-02-12,1.11294487300442,343.493260453387,18.6922222114191,1.78376624700029,-1.58142962291656,33.5821971198325,24.3507652244105,NA,NA,0.0579802256364089,0.0585189331046402,123.0966846431,67.5269742401382
2016-02-13,1.07936724511588,343.528928431069,16.4785495153288,1.79191407195309,-1.5732394595217,33.5739434688841,25.9578263042105,NA,NA,0.0742460558198483,0.0143498774271021,121.739895083924,83.8791436521364
2016-02-14,1.00976302529254,342.910960871999,13.7150969883291,1.73079501038138,-1.57792967147673,33.5697569338738,30.4561147239366,NA,NA,0.03925561690238,0.00153951662593847,100.614357077352,67.8141881406304
2016-02-15,0.952497750157263,342.299896240234,11.3886121918515,1.68364972222028,-1.58214254498321,33.5617523759644,31.387114614932,NA,NA,0.0903644414415002,0.00969755495728751,134.433366956961,93.3187300864143
2016-02-16,0.876552872178031,341.185757148557,7.52567720413208,1.6236436603523,-1.5872421409437,33.540595390536,26.7012259448588,NA,NA,0.0905596611521103,-0.00129652180169758,138.872585421444,87.4693996473722
2016-02-17,0.824318224700486,340.463898821575,11.4933680092416,1.58741089995252,-1.59365390991232,33.5292754900439,21.6327231364694,NA,NA,0.0748177114547345,0.0487414780003741,128.214844414329,71.6585164448259
2016-02-18,0.810457304483507,340.689664515053,12.0346214131611,1.54966086060734,-1.5904455574257,33.5295616489673,26.448552412221,NA,NA,0.12812831714327,0.0730780330103258,190.89276115788,122.548847995359
2016-02-19,0.793588371901977,340.521436737805,8.56865754360106,1.52135154576758,-1.58393494030725,33.5315055280884,29.5181133113248,NA,NA,0.17042095800824,0.0512340288664567,240.995672028005,168.89062941994
2016-02-20,0.754750100214307,339.680830048352,6.63449385108017,1.48298273781533,-1.57907957248842,33.5270163604283,30.1503119114761,NA,NA,0.141843112620466,-0.0232237208830683,188.462822789993,124.053966317668
2016-02-21,0.721109069702102,339.009350288205,7.18773392642417,1.47438121461353,-1.58086620249085,33.5202578185541,24.1065346837526,NA,NA,0.129987433708591,0.0221298319185794,166.904757784374,109.78691071089
2016-02-22,0.708455146449368,338.663240386219,6.42380539091622,1.45017299220951,-1.5838274471512,33.5005754324106,16.5545417808811,NA,NA,0.109750491223837,0.0354772523427621,143.329532464258,91.1038197994858
2016-02-23,0.708824727593399,338.678906324433,7.58315591695832,1.3824639076646,-1.5783728291953,33.4968543573912,21.0116446568416,NA,NA,0.0988816178721777,0.0985249510731211,172.477071516063,109.400262529171
2016-02-24,0.720472841728024,338.924620093369,7.138958881541,1.29918272759107,-1.58143044756813,33.5131739772122,27.1903046261766,NA,NA,0.0975488528468509,0.132704858043496,209.937043934103,144.880150969262
2016-02-25,0.739658019164713,339.296362900152,9.92364535099123,1.22317261292062,-1.58017675532342,33.5433857617912,31.0605130407974,NA,NA,0.0617289365634986,0.102412869155849,144.796123559246,95.3237433460395
2016-02-26,0.761486488144572,339.829225121475,10.8339544563759,1.20280848799447,-1.5864097808215,33.5668000544292,31.6043685599056,NA,NA,0.0863051914915382,0.0695747881775845,129.276888683801,80.0596866274644
2016-02-27,0.782385756329792,340.389188068669,11.3171773887262,1.18092708629474,-1.58196214979638,33.5849938592126,31.1853054152166,NA,NA,0.115354199817105,0.0481566428866705,145.613344209961,105.826574127114
2016-02-28,0.802768261330884,340.693602771294,8.52492860759177,1.17323988225618,-1.57861911687452,33.597470899986,26.5589298024351,NA,NA,0.125069052488738,0.0588344144113312,163.397876456904,125.636435999978
2016-02-29,0.823073440935554,340.769081301805,9.79733098134762,1.12096056193314,-1.57293509745244,33.6155801121844,30.8597334631381,NA,NA,0.11658152974589,0.100990319315359,185.717211656757,136.802107376685
2016-03-01,0.8394604092691,340.798822170351,9.1481715498901,1.09555334737587,-1.57151913739409,33.6315394052771,31.5635948348464,NA,NA,0.15272516484263,0.059088117615213,198.646037926824,140.894979581751
2016-03-02,0.866843513962699,341.008171267626,11.8646010887332,1.07368776447538,-1.58443204706658,33.6452686448811,31.745841005714,NA,NA,0.1079053770243,0.111933326009314,190.259296520743,131.204079092487
2016-03-03,0.896839672835862,341.23673378549,10.7033244167886,1.10344911562769,-1.58981788512344,33.6506990388981,28.4719997771517,NA,NA,0.138265733615911,0.0502183924902949,180.024345863238,116.693984630893
2016-03-04,0.909489645100221,341.046663609947,8.53317592492918,1.0907573691103,-1.58681216413676,33.657739739669,29.3766408513593,NA,NA,0.171233961155057,0.123281599041301,295.992462784929,183.78182892326
2016-03-05,0.905543466166752,340.601689780631,6.11171612070828,1.0603288108038,-1.5849373961589,33.6532690174345,24.3093736470952,NA,NA,0.133238622850855,0.0568484462164192,189.715187632374,114.929238015571
2016-03-06,0.907440204445909,340.427279216487,8.67446895634256,1.06622988106268,-1.5898022370139,33.6528922427199,22.921213875898,NA,NA,0.121559217994512,0.105949886163317,217.029006266976,136.186257963261
2016-03-07,0.897468623955075,340.289833999262,5.45337842005055,1.03924113825748,-1.58517050517876,33.6585880748013,26.0957980072289,NA,NA,0.133212263993768,0.0948775568059501,220.351597263214,140.077504868913
2016-03-08,0.898870790876993,340.313446789253,9.61576890945435,1.03131571544809,-1.5827479713198,33.6626530079706,25.2321364792735,NA,NA,0.116834408946727,0.0993321883805126,202.421678680958,124.689174413196
2016-03-09,0.907019876125382,340.452052790944,6.99642675678904,1.00593321469792,-1.58217919805915,33.672788735826,26.6270919277279,NA,NA,0.0975941572584684,0.112124427268219,199.757225865569,115.757766813959
2016-03-10,0.868680834043317,340.167040941192,4.5347440155541,0.967153206206205,-1.57849926761931,33.6802230042163,25.0719245802536,NA,NA,0.114277608868604,0.0571968761623388,169.56158000817,86.9722895960743
2016-03-11,0.827848137151904,339.795387081984,7.06631877073428,0.881850635313634,-1.58709922718455,33.7027516075474,28.7551505259978,NA,NA,0.167134349333693,0.138254201992361,321.103497315407,165.84440045931
2016-03-12,0.847732972081115,339.882280675376,9.6916207540326,0.763752159681397,-1.59797262984571,33.7242810948175,33.84404015895,NA,NA,0.0907458200216213,0.158718489366866,261.357367713027,161.411842296598
2016-03-13,0.859889838390234,339.957917004097,5.8845872588274,0.706813270304045,-1.60343095278129,33.7322813438179,30.5613439819913,NA,NA,0.122255254375991,0.0499391545429725,181.606892688956,94.4510322877253
2016-03-14,0.854248681809844,340.002460014529,6.53914281217063,0.657964874918644,-1.60628470235508,33.7454607728039,30.8671468588022,NA,NA,0.0770812706667402,0.083824996262105,158.500739120579,77.5741347528252
2016-03-15,0.839696787116004,340.008969934975,4.08776149081021,0.615610619748009,-1.59116712723345,33.7594063484717,30.7248507253876,NA,NA,0.117075756579316,0.0613730930485706,177.539403325028,96.5278515086931
2016-03-16,0.783872504786747,339.669833671756,3.10954732720445,0.589997806449329,-1.58100458468825,33.7740313160596,31.2400822504329,NA,NA,0.160115504137136,0.069127512937374,237.820032841507,138.657997026415
2016-03-17,0.772050410145667,339.597644712867,6.47106852473282,0.558029235716452,-1.58524876084888,33.7937488427207,35.1582718423182,NA,NA,0.135104329283783,0.0953363638305873,219.207732291678,125.719302485758
2016-03-18,0.804753930830374,339.963754049162,8.1883957531394,0.508447406936673,-1.59526591342792,33.8090698303964,37.1261185840396,NA,NA,0.0930868079898409,0.133358060886302,217.909967882383,136.912566043675
2016-03-19,0.834031471755446,340.371321143174,9.06791446557859,0.398690490527192,-1.59847756596873,33.8287668936005,40.1921787171872,NA,NA,0.0749025539006138,0.122739596883094,198.695646863337,116.578005174602
2016-03-20,0.852193661942715,340.588178308999,7.79146966701601,0.352325091367228,-1.59197024439993,33.8439500219265,40.9843833025007,NA,NA,0.167780139170557,0.0886124072548671,274.178384777322,150.003150370392
2016-03-21,0.884400059173747,341.009574704054,9.10864341549757,0.301949534168047,-1.59362384439641,33.8601050177406,42.9827074045755,NA,NA,0.12875351387198,0.119583958169186,249.814763517758,149.688324634914
2016-03-22,0.917005221291286,341.487818648176,7.68901493491196,0.270323956332467,-1.59025198277513,33.8740443539845,43.9773389054374,NA,NA,0.101301682270892,0.0708902555840862,179.413405562875,93.5092891978663
2016-03-23,0.92304059426959,341.674447408537,6.74576881455212,0.273775636707401,-1.5905789973443,33.8811468209332,42.3698660172271,NA,NA,0.151561260349073,0.0473782355455976,231.915068398167,119.383909035275
2016-03-24,0.932354952140552,341.917637894793,7.51422117105344,0.289671950625424,-1.59620247340878,33.8809758545416,39.774968815236,NA,NA,0.140550709486651,0.0769132335297009,238.41522516353,139.428511605289
2016-03-25,0.893541041670776,341.7733801865,3.06781325325733,0.288133916202505,-1.60638972477392,33.8807945663308,41.4442202288773,NA,NA,0.207572815454642,0.0917655749651182,364.874103318755,214.715944100095
2016-03-26,0.846218915974222,341.742176335032,3.88947995406825,0.23319961067274,-1.60861704143596,33.8848224181717,42.477360356031,NA,NA,0.181584719447834,0.113754551933121,337.970780721623,210.255825512359
2016-03-27,0.854817691736105,341.982801111733,7.63609461377307,0.242989256284256,-1.60993291990638,33.8880164266115,43.7001600600125,NA,NA,0.183415829637635,0.0662898267600459,298.395716764852,195.44186042402
2016-03-28,0.87438660532963,342.296174956531,8.91508722596052,0.261686848303084,-1.60447995221888,33.892493398566,45.5568058114303,NA,NA,0.195115827064202,0.0711546668458564,323.495942226782,205.160368433204
2016-03-29,0.901284509679166,342.789446947051,8.12643985631989,0.264942814142276,-1.60364841513949,33.8974810920746,44.2174508613453,NA,NA,0.141989733556263,0.0859304028745444,234.822343650663,155.7613683176
2016-03-30,0.905096909258424,343.033795240449,4.62944598314239,0.273423747364406,-1.59460076854618,33.890129423978,36.2391872052078,NA,NA,0.164876556373358,0.0498749048281939,254.728988002917,175.021622157909
2016-03-31,0.905245012262972,343.309077193097,6.78054962216354,0.262332307172288,-1.58288058899997,33.8942087819541,40.9631726995975,NA,NA,0.180190176274451,0.0723852916858216,292.250118429723,210.264018052053
2016-04-01,0.930837833299869,343.832345357755,8.21965883708582,0.231532089432322,-1.58259105344533,33.9010620014227,47.8825552151432,NA,NA,0.141003750435576,0.0882227916657603,237.528455313653,166.30839322503
2016-04-02,0.946749689012039,344.27913833246,7.04394981919265,0.194442338799095,-1.59024209886106,33.9032345101257,50.7196234858792,NA,NA,0.101962299054732,0.0640007328950924,169.249223023529,109.988509411969
2016-04-03,0.946088220651557,344.625094902225,7.94690243500035,0.147937567530052,-1.59690839719837,33.9063831437455,54.1738577288011,0.000420458812226096,0.000845893468383862,0.0854501790805706,0.0910703624006708,171.904367695614,140.872897065063
2016-04-04,0.937563952512857,344.895151650033,4.64228502715506,0.0994954262627603,-1.59463494943704,33.9085887080101,56.4038506519457,NA,NA,0.128747747926979,0.0606284580833194,199.291515293348,171.989269757114
2016-04-05,0.881032747102947,344.702530651558,2.90919007615345,0.105197815649342,-1.59928438795401,33.9037906734245,52.4047313811164,NA,NA,0.170509095400491,0.0251133149080029,240.548092376901,195.02204000706
2016-04-06,0.802905604606721,344.027625851515,3.50030606403583,0.123950760323911,-1.60993250870672,33.9017333624012,55.0430792410847,NA,NA,0.199499620308197,0.0417547575204398,296.014495284316,230.988016674756
2016-04-07,0.79433253734577,344.073091832603,5.27683562476461,0.107940775330974,-1.62269262118861,33.9011979765898,56.6767050425212,NA,NA,0.18419506085104,0.0531277414888908,277.295327924839,230.789194094719
2016-04-08,0.820828890291656,344.514482079483,6.15739451385126,0.0850936552854041,-1.63619531471881,33.9012308571181,58.0796917620619,NA,NA,0.148359494180734,0.0757526240478723,238.022022235364,202.517381980652
2016-04-09,0.843875037097349,345.012047372213,5.04676609940645,0.0589589383076077,-1.63216818778621,33.9055264327529,62.0565707802612,NA,NA,0.143354623509362,0.104671485867859,255.739247191793,200.537264677331
2016-04-10,0.836851520872698,345.321640386814,3.45257241551469,0.0507893680359831,-1.62503731797742,33.9106746060967,63.2725748224297,NA,NA,0.185534415955124,0.103826357994364,324.242098041674,246.37637774047
2016-04-11,0.836655439036648,345.577906166635,5.58687016149847,0.00482923418846529,-1.62148259075386,33.9248487289779,68.56739232479,NA,NA,0.154168307172906,0.145142900648146,324.118335249624,249.301046179435
2016-04-12,0.852429995449578,346.077791167469,3.92907004240083,-0.0389434519687645,-1.61024510699567,33.9340207798761,69.705967612273,NA,NA,0.185338372512948,0.0950068795146086,322.709671102317,267.042333724908
2016-04-13,0.839532722787159,346.423446283108,2.6751679727217,-0.0994981053246339,-1.60116122029571,33.9382381207547,68.6096076514879,0.000882297933388215,0.00158461491362407,0.14749789188205,0.0773951048169702,244.127019753397,204.478173335686
2016-04-14,0.837727141089556,346.824868178949,4.66092656007627,-0.127356685527101,-1.5972910097897,33.9352830431239,65.553226169787,NA,NA,0.146428714567914,0.0854996016724148,256.725345797498,239.60461212423
2016-04-15,0.83735735023894,347.112940346322,4.62407443000049,-0.159948971388955,-1.58734016235058,33.9319201995808,63.2779290409062,0.00184201006777585,0.00446878174053771,0.158287688536763,0.0298298868462544,234.908168761701,220.471374262099
2016-04-16,0.827738039013816,347.317271907155,4.38385347912951,-0.19849174891004,-1.5928520269883,33.9321261108646,64.9496515225141,0.00106747413339879,0.0048691506968363,0.0910802468476508,0.0816133311986119,167.402559880975,145.451852609574
2016-04-17,0.795697946374009,347.218969949862,3.76847538570078,-0.280499801361448,-1.59528485917852,33.9368851130147,70.2533240054461,0.00897747670412164,0.0426291270576186,0.067570698280365,0.128219748883635,197.569493795462,152.079990357613
2016-04-18,0.786860023329898,347.617031190454,3.88904104000185,-0.369337082180658,-1.59785154441751,33.9425707210896,72.3925026791942,0.00724298661686684,0.0317578026872189,0.0860185402165219,0.111168098036456,192.711562613116,155.385774221431
2016-04-19,0.779112271419386,348.107673086771,2.59058551526651,-0.425412063133701,-1.58607906046827,33.9440308492354,71.7522728002345,0.00846801605960885,0.0376622195483076,0.154571925871848,0.103217635052367,266.138641965543,227.933557350185
2016-04-20,0.767267885731488,348.570777706984,3.02659607078971,-0.488793693502985,-1.58385174461061,33.9432895727325,69.1612882627006,0.00634943759438308,0.0340089496492804,0.121358232318792,0.0815441393508361,203.650136400402,164.402794795126
2016-04-21,0.755224189016877,348.869386998618,3.13835678158737,-0.563371541891021,-1.58279368703665,33.9449225823406,69.4946854098445,0.0161752218001003,0.0937548379392417,0.0906090840204605,0.119872257058156,194.266425895129,137.997943710314
2016-04-22,0.758157150774467,349.543388180616,3.64991820294683,-0.639352991804983,-1.58191355069478,33.9457422120047,68.7605526251027,0.0188253929941572,0.0791749230749241,0.102846141316389,0.119463696201079,208.657808595749,157.17812616543
2016-04-23,0.764764526268331,350.165298461914,3.11443366946244,-0.703011390148548,-1.58502306452325,33.9447393224307,66.1617429040865,0.0201534261637977,0.0701147883368106,0.0955472339030139,0.0957482196893367,175.194519669533,127.845831700512
2016-04-24,0.749241047516102,350.354545407179,1.68002251444793,-0.779682782970057,-1.57294992509319,33.9352439077277,58.8237090400356,0.0307271257914476,0.119050149240224,0.1282139830241,0.0509737360966109,175.432342594806,164.634795712176
2016-04-25,0.730715158145602,350.561720313095,2.55240598829781,-0.798535561101076,-1.56760362719717,33.9315928975258,56.6694975658628,0.0274766706058691,0.126746818858602,0.115504115221673,0.0690904457056731,161.521555844242,138.845787365921
2016-04-26,0.722963465423119,351.085138832651,2.26039641659434,-0.82289600240597,-1.5721488624771,33.9229562066988,48.9885938312361,0.0313658560207114,0.121311075422913,0.17944224574446,0.0817212373440565,263.105060203554,226.439463784466
2016-04-27,0.713013350236707,351.683372311476,2.55356843297074,-0.810567019228269,-1.58672443800449,33.9251225737908,54.4038790716977,0.00633779271652014,0.0216939942603392,0.187966012223731,0.134587038268163,339.094811036808,245.970363257859
2016-04-28,0.696671482993335,352.402146130073,1.15355556476407,-0.847103235984219,-1.59213910556515,33.9312160404427,60.8477739715061,0.00404929952079279,0.0164081175006121,0.172357503676664,0.140968330903293,322.895510796571,240.70929190516
2016-04-29,0.668484351256999,353.012565798876,1.31448300146475,-0.872167456930305,-1.59524202877693,33.9384275274238,62.6900047824772,0.00198543709914454,0.00513265844942494,0.165175563375517,0.12592653619495,290.325838595227,224.370941372707
2016-04-30,0.654104670736848,353.355955542588,1.9960023688107,-0.906668446093355,-1.60642102742806,33.9508840532599,65.7365017387709,0.00517012300239741,0.0277718435581504,0.167722479328413,0.153160084591985,337.255009584721,237.420082511656
2016-05-01,0.651386714199694,353.837857502263,1.90005795039782,-0.97884533985665,-1.60706146059409,33.9646399494125,68.2117548477955,0.0199345894702729,0.150490023492359,0.109661529984391,0.113241379816643,207.666710106561,137.064490316548
2016-05-02,0.654002802764497,354.16482655595,2.30743983169881,-1.05327887222794,-1.6043518646526,33.9699734882144,68.9522715747437,0.0591074235186825,0.31476691852144,0.10905033589797,0.0813036155553884,175.836985696957,112.112277237585
2016-05-03,0.649548578553083,354.396937672685,1.28847985660158,-1.11607533862234,-1.59907681691019,33.9599139050112,52.3903162476183,0.0536344209267605,0.176490920497245,0.138680884315458,0.0753382971553024,205.336815807371,129.26812864296
2016-05-04,0.634579294701902,354.333156678735,1.71988106355435,-1.1291664210167,-1.59810566194305,33.9615902508158,61.1327783942384,0.0702506947810617,0.237476012988742,0.0871758544101165,0.0465042776907021,126.756027658611,65.3534900492722
2016-05-05,0.631597755522263,354.173056997904,2.41346158050909,-1.1505644673459,-1.602385253237,33.9622884639683,63.667338651845,0.0868855869021015,0.254492210537277,0.117507381598476,0.085212126615559,184.15073791376,102.338526882286
2016-05-06,0.630682687570409,354.173171624905,1.94444238630737,-1.17195954671514,-1.60280452212181,33.9605153710575,62.8732806963798,0.0891210673068584,0.215028906897059,0.12863737048629,0.0963651797006487,208.856263736862,116.685688327356
2016-05-07,0.615270862492119,354.368267896699,0.976769611966319,-1.18704434060938,-1.6104489745077,33.9589318289609,57.0607604632976,0.117913856192802,0.265580207551519,0.13945352592268,0.111588191009766,240.10811881199,136.810411501279
2016-05-08,0.597455210438589,354.436515622023,1.38213737745111,-1.20116835657643,-1.62121612147281,33.9556555136656,51.4414006914044,0.101445922736371,0.25725904876068,0.118686936272864,0.0615353641702257,177.352235215812,109.353284662984
2016-05-09,0.590476528536983,354.728227568836,1.49563177111672,-1.19371936931784,-1.61967166232677,33.9575562676598,51.8835278844383,0.0876213569594477,0.231822181330768,0.145335649289744,0.108822167854801,248.094157577288,147.639145499127
2016-05-10,0.581157630536614,355.361773607208,1.24181015698648,-1.1729934699582,-1.61633851428424,33.9673357717743,53.704753947805,0.0746165116927485,0.20324663845721,0.134130702392976,0.131302901306133,261.873699596955,152.074448397521
2016-05-11,0.570589113162785,356.106677915992,1.14977878586548,-1.15787902432173,-1.6135115353202,33.9783447049407,56.7467205701408,0.0453630049633694,0.142544165405557,0.153965674225095,0.120761865440771,286.464963781397,187.888529548212
2016-05-12,0.563267334205348,356.686494408584,1.27290047923239,-1.14904422432627,-1.61349176475715,33.9864109054751,57.6933709477928,0.045216301536689,0.139318951859306,0.161265405359981,0.0945365402983268,282.51674034762,196.455397001985
2016-05-13,0.558997268720371,357.176082704125,1.22074490167746,-1.15355849269069,-1.61793198550117,33.9906714744413,57.8179572899493,0.0178254506743262,0.0677056071491769,0.153236689832811,0.101342044102076,286.423518296764,189.72230121681
2016-05-14,0.557046522091075,357.536548893626,1.44581306707568,-1.17542407895952,-1.61339539313606,33.9933835543119,59.3714772236009,0.0176207568805708,0.144582911477241,0.138026857615402,0.0907334642492325,263.551187135747,157.73597808022
2016-05-15,0.554329089638663,357.796495763267,1.286840437389,-1.20240985720787,-1.60973935056473,33.9983319528351,60.9698893344998,0.0202401767670725,0.156897163639466,0.153758099124177,0.111598899324051,309.309863961772,185.825503181551
2016-05-16,0.547812755878379,358.169584692978,0.961395315644218,-1.21897040929912,-1.61266064096881,34.0024174833105,59.8484063090583,0.0194715308654751,0.151638843842807,0.178144900075458,0.0999137285025979,346.346495367472,233.686218066015
2016-05-17,0.528666744871837,358.289061011338,0.628611567725496,-1.22984043471565,-1.6083270945208,34.0142460306968,63.4558505986223,0.0144131243466081,0.106502015976617,0.172427519215786,0.141662720324379,391.720836556288,256.741111151542
2016-05-18,0.512589368878341,358.637234199338,0.754001833316756,-1.23877902063522,-1.60291572395767,34.0289225713444,66.6812988736852,0.0162032983553608,0.148689321238276,0.157938434607909,0.120249516869846,351.00864564891,230.601401294278
2016-05-19,0.497716231135333,358.89504148902,0.432328126688556,-1.27788620768932,-1.59850145367637,34.018195843407,39.9563912972104,0.0129341600144918,0.196298433459381,0.152531592318645,0.0677552094504579,312.493374804495,192.459170450157
2016-05-20,0.47517122273765,358.976121111614,0.297083867668379,-1.30899581140191,-1.60644367928447,34.0183708561577,40.1707622126529,0.016780848625539,0.208732622102333,0.156389857070488,0.0395595664397264,294.76241590906,208.223129151742
2016-05-21,0.456823382617497,359.105261825934,0.577931185684553,-1.27658441562241,-1.61611034448652,34.0315439787953,55.1268919559947,0.0118479402401105,0.154453982437624,0.162935068511609,0.0862112881593135,333.722928366557,209.391322770697
2016-05-22,0.448888852647165,359.266076064691,0.865725410057277,-1.28599053741949,-1.6265418275326,34.0417188729352,63.3121130900827,0.0355458778603186,0.27512271515271,0.114646631796994,0.0879081338442932,257.794206844473,138.539235751846
2016-05-23,0.43328676191045,359.250043915539,0.283157677003523,-1.29396933486105,-1.63168549553746,34.0502710329537,67.7529477262304,0.0360499378818486,0.163265788480237,0.182096244151454,0.0984878837308179,367.919636256587,235.257629684824
2016-05-24,0.409915672751462,358.75593864627,0.521429312483567,-1.27742657439429,-1.64111739839459,34.0649020803763,74.104586950037,0.0403146522984351,0.163241076916607,0.10892266063736,0.120574882874886,283.253702784846,152.919540339176
2016-05-25,0.398880073028367,358.838669195408,0.501984124685206,-1.27567800239995,-1.62708424073964,34.0698175932232,76.2826860070068,0.0486771254947939,0.152705807224992,0.15187509485122,0.104519099323896,321.278878957666,205.000169095008
2016-05-26,0.392086477359621,359.010817364949,0.660000287178086,-1.25976389505763,-1.63065132357974,34.0757812623553,77.6914385539478,0.121897470585177,0.310037295072682,0.157417848982751,0.123813716119077,350.565802925213,226.309671651536
2016-05-27,0.389575216646601,359.224043683308,0.748580031278657,-1.24798349937608,-1.62041670767724,34.0793355872274,77.848973405506,0.0817432948083141,0.219353452983707,0.188094510853934,0.089165117400579,372.555250477141,253.915838765021
2016-05-28,0.384824291961949,359.312527912419,0.450055165443479,-1.22995311734688,-1.61566018672125,34.0794880155288,74.6603862360904,0.0438374112045035,0.146669952688043,0.167897930155117,0.0632775141210289,312.001143481746,192.37908173728
2016-05-29,0.375719872734896,359.25437852813,0.393631806915126,-1.21402517392447,-1.62252334962811,34.0753159259173,69.64068841162,0.0323990308923558,0.154532653111078,0.165961384456529,0.0394483652121705,290.737110151903,176.057278234021
2016-05-30,0.36471930836759,359.187377929688,0.201409323504422,-1.19569528673985,-1.61726395208665,34.0717554903223,67.0268459410159,0.0112396218215248,0.110248115323927,0.17092342204672,0.0505297555865949,292.846252682431,191.81844955494
2016-05-31,0.352778258301863,359.236464337605,0.212941238202336,-1.17250517462148,-1.60820353594225,34.0710677431341,68.2482042968997,0.00476732497554622,0.0723145614756504,0.183396060889469,0.0718218729543461,317.039082849768,220.366415179908
2016-06-01,0.34112415789831,359.376455911776,0.174266067174513,-1.15200761052077,-1.60873483421027,34.0702193256332,69.7488006470818,0.00450039639756803,0.0468615178569135,0.193115855829838,0.0661390877646795,324.603892310472,224.688567467761
2016-06-02,0.333763436209865,359.356999094893,0.452450067531772,-1.14615695174487,-1.61513095201268,34.076211895859,76.1935194249739,0.00774550923024831,0.0880204679322955,0.176293196988653,0.100790981308893,315.209361629951,212.042594031182
2016-06-03,0.331332905626879,359.386157524295,0.389958342400993,-1.15914720852888,-1.62426797291528,34.0796447527392,79.6049206073468,0.01691875358814,0.173383831478634,0.122592976062927,0.0741043774996772,209.956129094055,129.384117235055
2016-06-04,0.325609210969471,359.15738845453,0.289867147167281,-1.17451766628003,-1.6204698389841,34.0786851633255,80.2669787078734,0.0319042500382829,0.260758024495568,0.11525205946584,0.0547529242470277,181.84431548239,112.719850102382
2016-06-05,0.318277249975902,358.560841257979,0.436574796896155,-1.18931284301516,-1.61594477999709,34.0758270387225,78.2221147302996,0.0509423319383571,0.330071476392458,0.126330154964276,-0.0253563096417509,181.469267225997,126.290972235037
2016-06-06,0.313005275115734,358.118453235161,0.328939741159358,-1.21668411566098,-1.61080152383539,34.0701146093618,75.1229002073548,0.0499403385923705,0.297928196375539,0.14962965699966,0.00139371986411683,211.157064690391,154.148504408932
2016-06-07,0.308800196138824,358.122435406941,0.275792460616042,-1.23611909080694,-1.60785263640034,34.0669371673131,75.6018884802959,0.0476859814960125,0.3029135724442,0.162437546892687,0.0488880986898293,239.369838557856,156.114879290276
2016-06-08,0.304975184180388,358.296181655512,0.303729595752751,-1.23798133981855,-1.60893458280808,34.0711895560446,81.3892855624921,0.0392289482272998,0.211003676290651,0.156934330549076,0.0849856058042622,253.12892855336,144.170391704748
2016-06-09,0.299989893305592,358.706632288491,0.114258865212522,-1.2383589286875,-1.60543504337228,34.0742825496535,84.0220733827908,0.0401274401264897,0.157280851315324,0.154149362276963,0.0720879317898499,243.716258238258,133.559843688644
2016-06-10,0.29294292374355,359.051091636099,0.122867612190908,-1.2514371582371,-1.60992715265426,34.0670276286631,74.3698220709879,0.0724442356747855,0.275830829909207,0.142604222297467,0.0154923650206101,213.508659016992,131.052203397814
2016-06-11,0.288101944436387,359.538151810809,0.201433600448981,-1.25738369817274,-1.61675366393307,34.0587328139909,62.880076246223,0.0646561923983652,0.26911235610963,0.1732075736178,0.0361996473651505,268.090579133066,134.93243212061
2016-06-12,0.281719523595601,359.377088965439,0.281699088651959,-1.21998851416524,-1.62974606351814,34.071465552738,79.2737884315563,0.0140082828131761,0.0635926251865218,0.20554648536319,0.082294540522512,358.282868231197,205.958484093111
2016-06-13,0.275177497689317,359.506713495022,0.177880722665932,-1.20993791744817,-1.63054671316494,34.0742579677649,77.3817231954351,0.014589966909477,0.100186897672851,0.1748401703773,0.00519185363441987,287.627694403291,177.266935200191
2016-06-14,0.270432244895435,359.489114156583,0.206985416572268,-1.22421119028298,-1.64239703482784,34.0769246934075,83.3435410307808,0.0260542510725957,0.143138349233195,0.137668542563915,0.0776974068157747,252.489724131956,119.795406786345
2016-06-15,0.264784211792597,359.674651727444,0.0834603111782088,-1.23866238366616,-1.63131523405814,34.0732406894205,79.1722660746812,0.0230824568950299,0.104834254108713,0.202762341184614,0.00735656698404053,334.969897264143,182.467266273837
2016-06-16,0.259755308126531,360.103757532632,0.185038936006405,-1.24185014521143,-1.62409416802338,34.0704504005339,75.550406627166,0.0372136370944125,0.193211229999556,0.178554284714374,0.0352326098693769,295.39079789479,157.882358572582
2016-06-17,0.25574000107079,360.697854763124,0.0866419697044099,-1.25376694541872,-1.61438178581747,34.0616841284048,62.9148781412204,0.0346187143938018,0.181167660860942,0.174826990657168,0.0078713867396076,284.338600521187,195.458400946905
2016-06-18,0.251490042431325,361.241536954554,0.159022047070832,-1.26530813077884,-1.6127850203379,34.0587537716597,61.7822748176482,0.0162786713891452,0.0928648702559933,0.178429904395109,0.038544753739829,292.242695129222,201.583942476004
2016-06-19,0.24657564746534,361.541444359756,0.100035157190954,-1.25670265453628,-1.61454652662058,34.0618179928758,68.7673481530667,0.00604978581735243,0.0445570237437884,0.216155889339735,0.0511327124780167,369.110604068959,284.537905810722
2016-06-20,0.241200469797704,361.635506978849,0.20806151478574,-1.23954309585445,-1.62497759846701,34.0673347040709,73.4101983094827,0.00516251106870671,0.0399833166326086,0.201394979795504,0.0705920716649608,349.65398386347,280.978056616214
2016-06-21,0.238003008885355,361.912378822885,0.142201808803692,-1.23443377975188,-1.61681461897295,34.0712410827719,76.0318659294633,0.0124954463592789,0.109547927828293,0.186836703375042,0.047957304814848,309.208071990752,281.25418929344
2016-06-22,0.23734264802642,362.216314548399,0.279541378159349,-1.23415404684872,-1.61108529262054,34.0713048515371,76.5987855342397,0.0114053649818399,0.0791573840407403,0.163209364285715,0.0723745834318652,274.419417883941,221.700341500731
2016-06-23,0.236259370678809,362.119535864853,0.195310527413357,-1.24052364285658,-1.59767691696543,34.0689757137324,73.6873770467987,0.0232240406758323,0.142183555675937,0.15644339834027,-0.0146324103006869,236.825504894268,205.453114686025
2016-06-24,0.232054816240945,361.811340704197,0.195203983202213,-1.23319919849777,-1.60469740862467,34.0589181485607,65.6314786622721,0.026601718021922,0.151161368491944,0.196689939556214,0.00656003810656376,305.593265466699,253.101176210765
2016-06-25,0.226809286035416,361.244088893983,0.22243938903983,-1.2152607408371,-1.61121708741877,34.0565478418842,67.3693041254473,0.00830088044996515,0.0557271067448186,0.23669348707405,0.0162254682114893,400.290811355475,327.129185042958
2016-06-26,0.221700301166715,360.675741428282,0.179043911397457,-1.1982860241221,-1.61831706818621,34.0623199267265,75.131343741166,0.00341245880549621,0.0171114787424229,0.232899472303437,0.0574654061824847,413.515263865043,322.738201778646
2016-06-27,0.217866875231266,360.77420490544,0.0947495617835623,-1.20992803400666,-1.61848057474685,34.0613706179476,74.6253787283955,0.00798371602731884,0.0682801232972728,0.184365569605076,0.0229271847538539,307.777331289815,283.725965506612
2016-06-28,0.21614575831265,361.022756809142,0.199622809659781,-1.22833501793917,-1.6195398657589,34.0613437863658,77.8119067141884,0.0101752142692591,0.0758899805062832,0.152801770048264,0.037651850300239,260.219023840243,216.497254499202
2016-06-29,0.215184303591164,361.248162618498,0.153387632448135,-1.25755173486737,-1.61146296454184,34.0476186754893,65.0956544451385,0.00677737647035198,0.0595640538223977,0.161810701760726,-0.00792657537197295,275.026874424571,269.149555431538
2016-06-30,0.21407314753387,361.662567510837,0.175401272888227,-1.27619792772369,-1.60995021699733,34.0487676561281,70.2938917317049,0.00971135214805684,0.0730961546108287,0.170944838383701,0.0746694436741744,318.550570058509,220.584599779483
2016-07-01,0.213877037621853,361.700790777439,0.234293580963844,-1.2958928669593,-1.62413947157532,34.0542802746318,76.9935494679028,0.0250680622815653,0.230777179485491,0.110499244193357,0.053715047676634,215.825022401031,165.640050044279
2016-07-02,0.211508556382685,361.379360292016,0.15887178589658,-1.32423677831365,-1.63586788557158,34.0543668337679,77.7326245121306,0.0273150956216073,0.183609402439382,0.178815401477209,0.0644595398493463,321.210745061966,194.867405316761
2016-07-03,0.207264704039184,360.863291298471,0.207970098842208,-1.33232924885113,-1.63873893448859,34.0533022346445,76.7629102624541,0.0171996100256458,0.126705355458364,0.216374172986197,0.0517282557099374,387.453294066041,251.446893824822
2016-07-04,0.203969022667989,360.28623404154,0.182448190568787,-1.33731698949649,-1.65966573643137,34.0673095816382,83.4568012922238,0.0590366870856136,0.349042580884035,0.143295315957745,0.101118818232124,289.652157981211,188.7778031767
2016-07-05,0.200241638302076,359.33064567752,0.184920366308311,-1.33447122959956,-1.6613148067966,34.0897516155372,91.0265041150545,0.152363349571724,0.431187206062309,0.0990727187288918,0.111070900240488,233.436371913298,150.50856700722
2016-07-06,0.197068619564539,358.45682804759,0.156616564113192,-1.3411235211671,-1.64946901235181,34.1051508791534,99.0037380429576,0.233746453022456,0.452887884357519,0.0803687030125243,0.0945661934985001,191.828020332067,110.076911924625
2016-07-07,0.194305238291258,357.902995039777,0.141010768972792,-1.35213193229014,-1.64043454667013,34.1136124336768,98.4514394057424,0.252373864578885,0.455714244008386,0.0459177951691685,0.0748786662181138,149.897111085934,80.7307818255715
2016-07-08,0.192708025163994,357.706210624881,0.179764798092769,-1.36888226894875,-1.62835893232008,34.1181366646338,95.3771423682188,0.249117732651321,0.452988789511113,0.102085855768116,0.0647083009453679,182.644633215272,100.018663277824
2016-07-09,0.192138426641865,357.497100830078,0.226380644332072,-1.38582832208368,-1.62181454679744,34.1211349497601,93.9749790930394,0.223762607078763,0.441611274790305,0.11778991453239,0.0553081057483127,192.339654412047,102.921249166389
2016-07-10,0.192335652959783,356.95716113579,0.288968601672933,-1.38921081030417,-1.62136768216868,34.1249054768468,92.9053897883406,0.200107261662933,0.453742485086204,0.105179715791011,0.0305745219874639,166.566301144402,97.5993991372961
2016-07-11,0.191979327761545,356.259660302139,0.206748221410302,-1.39240153855801,-1.62417983397459,34.128676050266,91.646140902953,0.176666698712031,0.45679433703141,0.104391423791808,0.0207781214493248,162.480534706325,102.802491532657
2016-07-12,0.189016001798758,355.755660266411,0.119315336140372,-1.4505048256654,-1.64324340019149,34.1150579516865,62.9993085771115,0.124795683497166,0.416052538372435,0.119350023864292,-0.00504770386818289,174.925570859842,125.561891472148
2016-07-13,0.187875382783936,355.513466439596,0.282369621552345,-1.4804292745114,-1.6619334127578,34.1148706145293,61.1220700830905,0.0859718729506197,0.388897738415682,0.104640184832528,0.0398684582407819,161.566310037602,104.166797651337
2016-07-14,0.189109798793386,355.322768792873,0.348179436220628,-1.44200214602847,-1.66492966505197,34.127034850127,80.2029349922973,0.0943034813474165,0.416775344444914,0.136409911846141,0.0505841205778875,202.531136583183,138.580677692291
2016-07-15,0.189775856348073,355.308959960938,0.317342016936802,-1.46628944400834,-1.65156494268039,34.1239458719889,69.1019811115445,0.0839386685266236,0.324434201459321,0.134620810397643,0.0635798160796143,206.171286167873,141.731794907355
2016-07-16,0.190259445731233,355.344394962962,0.415640231221914,-1.47669489655578,-1.63604663467279,34.1231181238666,64.8287718524495,0.0677800755055468,0.266315180582074,0.17701147389617,0.0206117318608822,251.169063855384,192.605556134082
2016-07-17,0.188485724533476,355.023003927091,0.348449509500003,-1.47311372859919,-1.62300769343228,34.1204925156154,57.1801988303098,0.0500363525117568,0.164714490818853,0.203683250326055,0.00117049399416456,299.519917001156,231.399518740891
2016-07-18,0.183117999172792,354.98350636552,0.104248307713466,-1.45253115602833,-1.63069044739289,34.1140284313042,51.8058929777982,0.0425002794475072,0.0755949875236695,0.216608930580248,-0.00559217711551148,331.145520131644,247.956061457995
2016-07-19,0.179142854290038,355.494430914158,0.173104344333363,-1.44329899959719,-1.64851185908684,34.1079906561436,46.464535875359,0.0955516073139264,0.141881535115141,0.206368549567284,0.0128894368998515,313.934862103841,234.622453817441
2016-07-20,0.177342998908787,356.117379909608,0.114070288836956,-1.44780931403602,-1.6525431026814,34.1028734379613,45.4157451611621,0.109437529928982,0.170337664149093,0.205057201240911,0.0282516556008946,319.043482578995,227.883841760298
2016-07-21,0.176392916226532,356.766990103373,0.20376498268054,-1.47220929318916,-1.65349737449214,34.092579088713,41.1800148213601,0.0441200972450839,0.0815149861278001,0.194608420993273,0.0329179809492851,303.236472073835,196.825467881629
2016-07-22,0.179058786935923,357.018194431212,0.371201706141597,-1.5016296320116,-1.66176166756433,34.1035899781344,53.5750194619059,0.055044363583369,0.264637898045432,0.2037639742599,0.0655509576844944,335.022328749914,210.454621089524
2016-07-23,0.182414042786127,356.906691760552,0.335311165488348,-1.50440323360858,-1.65655992935222,34.1232107370971,68.105496120839,0.0916956108674286,0.436802859107653,0.123054254458219,0.0937589565681623,224.843753079901,132.132026091741
2016-07-24,0.183316281201636,356.088558662228,0.301038083779376,-1.48636197303793,-1.65002337013662,34.139800289221,82.8365466971146,0.125391175448844,0.457478017137762,0.123901029789818,0.0915382303971189,224.829659600224,131.549300099377
2016-07-25,0.181249856767131,354.63101791754,0.27029697124551,-1.44983465348178,-1.6499204061292,34.1571375014167,100.218300915923,0.154672109709195,0.457318423338506,0.137223738930647,0.0984285765009531,253.303170528032,144.714455653392
2016-07-26,0.181077621786333,353.718668867902,0.308256752516438,-1.42406467717347,-1.65191749216896,34.1687847400001,109.65082673087,0.181354234614705,0.456864351685713,0.13003932755546,0.0907911242723626,241.885313858488,135.048421825183
2016-07-27,0.179834186394767,352.854214179807,0.201757913046494,-1.42603861891467,-1.66993329882139,34.1740894497808,94.0808259691143,0.17286799872054,0.390101507963429,0.158955718552777,0.130286441072721,326.181815898508,187.871979350142
2016-07-28,0.179507746838215,352.938936931331,0.231789176057025,-1.44333062826702,-1.67259100332917,34.1700305501137,78.3193127816184,0.123521952301243,0.261491547073133,0.170464614861206,0.112047821906736,331.1926073344,195.632418422995
2016-07-29,0.181069567163543,353.454457352801,0.21415483506351,-1.4714847558584,-1.66884517782291,34.1661796672785,67.0299349384591,0.109643375543749,0.23628587580575,0.173209221392629,0.0571713411625017,297.332083110118,174.320147330501
2016-07-30,0.183613834675492,353.643159447647,0.344546701668239,-1.49949555800833,-1.66786907752033,34.1665585423932,66.5801882505739,0.1103154537799,0.268962382811515,0.11755021406129,0.0651621659023639,218.667348614956,115.012082352928
2016-07-31,0.185619201965448,353.324809004621,0.392444283406182,-1.49098398481143,-1.65553605781715,34.1748966005971,77.4727431373236,0.115059465280509,0.327816566686157,0.13869735838873,0.0816973494654886,248.990576443377,137.73279631357
2016-08-01,0.179826283781994,351.656102994593,0.26581687820939,-1.45002147229577,-1.66421221013655,34.18416545523,84.8795570072375,0.117213368090938,0.235713270575804,0.195264919144422,0.130151352212939,390.305430416026,217.328520347062
2016-08-02,0.173373884089836,349.740525408489,0.29542220994921,-1.37029279227521,-1.67729398435266,34.2067412557872,101.111409770332,0.135830225162811,0.288751021080352,0.144095139947497,0.142423829307601,329.312286406014,206.325844622751
2016-08-03,0.170629178151125,349.257017926472,0.143302878864655,-1.37190990481782,-1.67199422698594,34.2099723249634,96.5789372563845,0.158693778219252,0.273341439034684,0.173996689745732,0.0583121813934261,287.816324080698,171.072371415868
2016-08-04,0.168017628261956,349.266302713534,0.144663430523218,-1.40517137134284,-1.6602312131771,34.2016652888454,81.041473148001,0.195498349466989,0.260684901448322,0.151179058560234,0.0761982520914029,269.67436813724,163.930556731292
2016-08-05,0.168498495548237,349.474799179449,0.333683058392347,-1.45280001713679,-1.64377551957181,34.1890150628753,59.3031091895985,0.185724669310888,0.284220160503788,0.135657863246526,0.0148441039287207,218.844263560859,135.680849080066
2016-08-06,0.173338842010353,350.057873609589,0.540872952287517,-1.49915256698122,-1.63828877784945,34.1723329592974,36.8798289221791,0.215292132366379,0.284159340381545,0.172563431580902,0.00753531229459805,281.203861158765,179.59227694897
2016-08-07,0.175877700128206,350.508534129073,0.298341485012959,-1.51537803334263,-1.64509263453696,34.1591762846459,34.566229234662,0.22109632516203,0.292538408749746,0.174676251485843,0.00283356742397976,293.717044258664,196.405707369915
2016-08-08,0.177999953035174,350.66700484113,0.573182229861254,-1.52214400062033,-1.65402743143913,34.1600842907039,44.529225703354,0.146332082541298,0.234928685056948,0.184020433982133,0.063938954143751,338.318947785088,222.026213804106
2016-08-09,0.184021853001379,350.830298447027,0.58696143756189,-1.54328801347177,-1.65751831975543,34.1611180685149,48.8831586812028,0.110613894641937,0.257905086009749,0.140185805256309,0.0540165263209266,262.106717019681,170.486866571835
2016-08-10,0.180195324758931,348.508352512267,0.455455676811497,-1.43776958842992,-1.66722740480292,34.1977195688266,91.038859945238,0.142937464990204,0.42693994394359,0.108760389495596,0.138728659936854,307.01246138226,183.685174808449
2016-08-11,0.180204821614231,347.211646847609,0.439948623772801,-1.38100071040242,-1.66193918033167,34.2147806916642,108.751951717011,0.179899097040708,0.439960762757843,0.0885432153869817,0.0654026894162782,222.147588350164,131.447129847445
2016-08-12,0.183043550063924,346.534264913419,0.449756592512131,-1.39951049847159,-1.64874743868304,34.2117720538305,109.036338108593,0.18120164194681,0.444246121826764,0.043033981502217,0.0252533458002344,174.475173561881,68.932687273066
2016-08-13,0.183003675283455,345.514366708151,0.311875800920151,-1.41797283601503,-1.63733162233221,34.2133494337239,107.714281095023,0.209741133121917,0.451376374353442,0.0244963548966908,0.0713342358175962,183.999521641909,80.2364328262975
2016-08-14,0.18177871115324,345.053525599038,0.23776440393952,-1.4343604106813,-1.63137907200014,34.2151060168721,97.0152984366887,0.269186226115656,0.458664160629033,0.0519242990113463,0.0969566044104807,211.310774288719,91.4380017561326
2016-08-15,0.183507747493866,345.266776480326,0.323968404124593,-1.45992577815989,-1.63889337889096,34.2115477331576,88.8516995755606,0.293539152807442,0.461291800405172,0.0345637564737144,0.0627841108784019,164.537734440537,61.268897527999
2016-08-16,0.186483283141037,345.231497787848,0.363957924132303,-1.47980951538935,-1.64384264839806,34.2125074873086,87.4165883984482,0.340100781587374,0.476537669839164,0.0268151028466369,0.0645592092572838,149.200633440734,52.0419643523108
2016-08-17,0.191392931542019,345.005958743212,0.525850619552884,-1.51019656062931,-1.64185297456991,34.2092394912452,84.2409747647531,0.366382171091964,0.483825457321327,0.0951337310738168,0.037903082651286,174.942987634328,76.381062977211
2016-08-18,0.198673846699843,344.867641542016,0.630815076482732,-1.52343096488561,-1.6441540113184,34.2091818692391,83.3466298712088,0.412094964229787,0.489592466880435,0.10882052041178,0.0434672535622088,183.96499199299,80.8605623617635
2016-08-19,0.205407532068287,344.353636578816,0.551430199840447,-1.53621167258212,-1.64673387666463,34.2082427638745,81.2774667418116,0.459941584300174,0.493503037211705,0.0939418205315204,0.0297697557340025,157.733239574078,60.0924015374456
2016-08-20,0.206196576992913,343.342167179759,0.487834908159041,-1.53003977007872,-1.64826392130009,34.2111236839964,82.515505075133,0.530202881899359,0.499418315416084,0.0462859940392125,0.028551486585988,112.701902056856,33.4831650114055
2016-08-21,0.201785360349388,341.698413011504,0.408097278190459,-1.54149199416924,-1.63934353842587,34.21410963442,83.0140563820699,0.600290174546995,0.509934021232904,0.0801397113182284,0.0204708770812362,123.849161304735,39.9732257848701
2016-08-22,0.198722218413179,340.347028778821,0.43904221812036,-1.55001542861002,-1.62735359646209,34.2127978779205,82.1483357567215,0.64032430132391,0.512066404909579,0.0957325690309046,-0.0104669016131103,130.068917852164,62.8927866652164
2016-08-23,0.20148332507872,340.046004504692,0.581580197892901,-1.57436697621416,-1.6326035208065,34.2052072635707,73.8992769225889,0.659403312162027,0.50994534700023,0.0559662513173463,-0.0115945624305732,90.8168141747881,38.7967346824773
2016-08-24,0.207986075794551,340.120713024605,0.743381612457153,-1.62213696899363,-1.6278136363718,34.1946266987707,62.3650507624494,0.68003373272345,0.510355144015208,0.0923751213370386,0.014832572169431,115.608439985226,44.1627645105608
2016-08-25,0.2158442761113,340.155705149581,0.7987282157126,-1.62775138885225,-1.63299725219788,34.1919022687534,66.8948460860774,0.698782588808964,0.508707720459553,0.125971840511047,0.0232953837546099,157.624277510863,76.5550458990647
2016-08-26,0.224169733048212,340.62286637469,0.940785635898753,-1.64510369445631,-1.64295674641284,34.1860271356045,67.1252794381578,0.710037369034712,0.507072653485696,0.126879570344601,0.0592841609819778,175.026464536328,82.8876959286116
2016-08-27,0.233018692946289,341.005693016983,1.19189565728714,-1.66453768158088,-1.65055260436255,34.1790213900217,63.8094288649668,0.71722868053235,0.507986972488051,0.113317161330931,0.058488455735519,164.586078611768,73.7933348837127
2016-08-28,0.239925966938821,341.825872281703,0.981426702039998,-1.67986563358873,-1.65823989020668,34.1668901945415,53.2121745532984,0.701716907020764,0.500815535846509,0.166732378203457,-3.62432889851481e-05,224.603321358997,112.360824341043
2016-08-29,0.23781102932081,343.010371882741,0.514291199605639,-1.68493739023865,-1.66840531468874,34.1408835139513,34.6481885266529,0.662842639355285,0.462040280709397,0.18077418719407,0.00304279007852158,249.359568947585,139.2959394745
2016-08-30,0.239873329495511,345.019922396032,1.15701202657528,-1.71039698931531,-1.66860341510953,34.1142756350127,25.0290915892031,0.668590454078993,0.450350692162811,0.168193642542711,0.00757896913750934,221.506986686776,140.740317821158
2016-08-31,0.255245412540872,346.64775271532,1.53176938905949,-1.72473747897566,-1.67811852283323,34.1145206816927,32.7237925111202,0.676857243604988,0.462661220477178,0.0797937525016496,0.0743844394500439,124.988370560182,54.2182122246936
2016-09-01,0.264546257239289,346.371003685928,1.44791531617322,-1.72600961905903,-1.6796736860404,34.1209106496793,42.3414479794933,0.754526387045459,0.491212089052084,0.0797591565551385,0.0739281032179129,113.278520418465,51.6636130135115
2016-09-02,0.262356593296295,345.513422151891,1.15233608880421,-1.72749427632603,-1.68235280864474,34.122642537682,48.3870784821298,0.799471893499878,0.492492959747913,0.101015854501209,0.112131016969922,166.778279379586,89.2783309498455
2016-09-03,0.264689374805951,345.74364899426,0.921475230375441,-1.72594240593363,-1.67990926595835,34.1199901647735,52.164825287586,0.792214840391648,0.483011012296123,0.122896925811423,0.101261320374353,179.024372637436,102.374426694081
2016-09-04,0.26353460641169,346.407962706031,0.475705511141114,-1.72118102394135,-1.67755716001457,34.1049924482379,47.8415754706914,0.762986675754451,0.471558334494409,0.224245559218039,0.0519811353129655,317.315281545603,184.273449975154
2016-09-05,0.264827686112102,347.179729926877,1.09952504823848,-1.69288554445774,-1.68722258968714,34.1014586228591,54.0523602708309,0.781952466348757,0.47406652649211,0.206903138473208,0.0911988613878185,307.354100069278,189.854894956639
2016-09-06,0.278197578722384,348.564625065501,0.890704045935375,-1.68647641369849,-1.67633230049118,34.0981514296229,55.5356588492348,0.838423034797223,0.491099518731803,0.203819986286997,0.0510610494154346,269.134981352228,156.498727719227
2016-09-07,0.287143231528561,349.963834809094,0.758737360104555,-1.69689669316275,-1.65543227318006,34.0818295498126,47.7758845742415,0.883033551443056,0.505595163419115,0.20629606293904,0.0293760217334095,263.188240733795,153.284057156317
2016-09-08,0.306504768932738,351.286222132241,1.83874736980694,-1.71209218965368,-1.66376122900671,34.0735491136147,47.8351917704429,0.743706885284735,0.460275546800943,0.160230823534864,0.0898578589060689,214.182690492552,122.236783581596
2016-09-09,0.331203903730323,351.830018206341,2.07967427300244,-1.70929585576218,-1.67886233072371,34.0833080616075,55.2603331719011,0.644228539765183,0.475442133698105,0.180012254268132,0.0994310337703238,255.848738027216,149.138749942981
2016-09-10,0.33829113986434,351.054403909823,1.80136248323976,-1.68105177607453,-1.69036340198697,34.0991954262923,63.787394580249,0.566219099848839,0.50219731175626,0.15809493990522,0.142951828491712,271.473023460953,157.111821036211
2016-09-11,0.349723965474745,350.949025968226,1.54971796365046,-1.66647010961203,-1.69715613955267,34.1116643486074,67.1188956182174,0.502663326926665,0.499184588209177,0.173986804429014,0.0929138285890925,235.961628926001,153.391806046399
2016-09-12,0.368414772356429,351.236509741806,1.68636133040233,-1.68564018088314,-1.69574347536574,34.1050252669897,62.148620502508,0.421492586108729,0.437305323146133,0.172534601468789,0.0882771567224089,228.927575741034,158.158555368984
2016-09-13,0.395492167189354,351.779311389458,2.21411572414927,-1.7078418384599,-1.6834281636314,34.0942512028291,50.3854026408331,0.356491276887594,0.39226768871858,0.167877337328496,0.0350621019297766,190.224304687216,150.40636590931
2016-09-14,0.421426226816526,352.168688518245,2.10844923010687,-1.71628619849119,-1.67308440655671,34.0769532804708,37.7852937425518,0.316203355901713,0.341814583152627,0.186770806709925,0.00639776687430628,221.137971078718,170.105761192993
2016-09-15,0.45627661540014,352.840216659918,2.77186619726623,-1.72538294016752,-1.67493034454814,34.0707383767152,36.6627808839847,0.219668441573728,0.245952196515539,0.178454616065571,0.0593640609982445,226.469267883468,181.017362485697
2016-09-16,0.497310497048425,353.423253501334,2.41494044879588,-1.72353057854893,-1.66212122015625,34.0824144031355,54.2028935840416,0.203670739934638,0.264037618353239,0.158358527525918,0.0607273033926925,195.38896265949,154.706390102594
2016-09-17,0.532192148086501,353.851757886933,2.28911470639996,-1.73278052990253,-1.65454225356762,34.0774845015182,52.0717459690233,0.17937728741623,0.216694222256489,0.17099673227079,0.0272574358130837,201.164756518596,155.614965339701
2016-09-18,0.54554455999921,353.626024199695,2.0897653113778,-1.71886606488312,-1.66394903640515,34.0778510470783,56.6064839279443,0.175973045853984,0.175105599674431,0.19285968160219,0.0606070416809818,261.329979220263,200.203054268221
2016-09-19,0.576465502744768,353.914581298828,3.23538389438536,-1.7051315001148,-1.66107798684464,34.0791792824523,59.5014180352009,0.103263861478961,0.106440518664297,0.16942014845337,0.0314624828013733,206.994425221267,160.732459559931
2016-09-20,0.611237213378999,354.410974642126,1.56989647629784,-1.70612489823227,-1.6655206760736,34.0667124553892,50.7091212150378,0.134448045475818,0.107700474328054,0.151117280130645,-0.00654356380705891,175.540387882292,114.139403050799
2016-09-21,0.640468550164525,354.980793278392,2.70190207115034,-1.71095052462036,-1.6671973407349,34.0606664176251,49.0608744254479,0.094258780664478,0.0888583717854202,0.130582977111443,0.0202196451625441,149.460793086142,94.3046770452393
2016-09-22,0.691256445355532,355.447542516197,4.10191865665157,-1.69949138510404,-1.66202525748254,34.0592826246089,53.0993260513594,0.0498476523698311,0.0489784858598397,0.170271042437769,0.0485289605301723,219.458106591282,158.677734250121
2016-09-23,0.712060694287463,355.442626208794,1.98352315622132,-1.68964341946459,-1.64079986023999,34.0632734723419,60.8032940376786,0.0386248082447264,0.0941862568772032,0.183816977413359,0.000380554753035186,229.459910108228,155.429956616203
2016-09-24,0.719143401922249,354.830794171589,3.92722168928239,-1.65690385112878,-1.64438547409176,34.0657610668023,65.3116731360535,0.130802207830839,0.110840496917566,0.198613306132928,0.0434087699784441,270.276867373033,202.666464597425
2016-09-25,0.761819000651197,355.009900721108,3.18900926156742,-1.62090831938704,-1.64892165413109,34.0687717484076,67.6234195261349,0.115736906000945,0.100938152566197,0.178686078678057,0.0268571119800753,225.845197682359,169.407039933669
2016-09-26,0.791036838801896,355.551917099371,2.26304647907978,-1.61444383232217,-1.64531997662646,34.0564861220387,54.3521913471814,0.110312619322742,0.0985470405525782,0.149885007711919,-0.0249263322315155,180.978554574306,123.073576927336
2016-09-27,0.860845253598399,356.59769756038,6.30384139607592,-1.60042558234391,-1.65420164656543,34.0482964457771,47.254681297642,0.141372870087523,0.122981346036131,0.139848083463798,0.0292121029676374,165.747084052707,125.252562759399
2016-09-28,0.96907932874633,357.696858475848,6.05505013611259,-1.58800269516534,-1.65965461425292,34.0504977320209,56.9619153006035,0.0112235607368068,0.0208583334271647,0.126310386060261,0.0295209948742679,146.934639033517,107.364869808803
2016-09-29,1.02944595493921,358.237551061118,5.50093583362858,-1.58133755304553,-1.65866821851486,34.0525528551274,60.913877270965,0.136696077219245,0.134337958431354,0.164519889332988,0.037669972299162,201.434171311178,145.360703810508
2016-09-30,1.09122331912925,358.83321362007,6.03531149829306,-1.56851730832526,-1.65673085118112,34.0540025945295,63.426609220775,0.0474234163725319,0.0483131482624091,0.168902034093293,0.0331848635565736,207.451608290377,147.188976130286
2016-10-01,1.1504793334298,359.207366571194,6.47962892055511,-1.54715286691984,-1.65350272523569,34.0583538410635,66.8861975727776,0.0768657708706866,0.118831445130387,0.165827942994522,0.0592265009286835,215.985378861343,165.275503662196
2016-10-02,1.24089020490646,359.819622505002,6.89515120954048,-1.51516353802481,-1.65462791678394,34.0595296996164,67.8404673539032,0.0379808719825143,0.092964076401236,0.137890121639378,0.0183992428345638,159.797488668329,113.741701356624
2016-10-03,1.35217354719232,360.619690313572,6.98900078564155,-1.48984331089636,-1.6520534073293,34.0566899638105,65.9652879640319,0.0159382913882534,0.045726898809274,0.149738386841478,0.00663417209236406,175.531699087678,132.452391090394
2016-10-04,1.44935819433957,361.355602357446,6.63711127711505,-1.46478897276838,-1.65075317873807,34.0522418672096,62.6591160706019,0.0140448717866093,0.0336975213140249,0.154222672531198,-0.0217171526751538,185.144066395348,136.570155981755
2016-10-05,1.55236313764642,362.160938914229,10.3800779551995,-1.44160478997488,-1.66097667149687,34.0543052117352,65.0217264448261,0.00676311981598181,0.0505735315382481,0.15732312240159,0.0539934622342529,204.077016103858,156.987571942138
2016-10-06,1.698829248911,363.216699739782,11.9017519950867,-1.39358471516977,-1.66910258478481,34.0559979128612,65.3229987071111,0.00330253876745701,0.0125707188798558,0.133064819693405,0.0171076633116575,162.010641928172,125.769028526194
2016-10-07,1.83976565192385,364.119820571527,11.8077307794152,-1.35755656963257,-1.66223777337917,34.0539446790852,61.7715667770942,NA,NA,0.164096501408278,-0.0159404640929339,213.694813739186,164.982782827809
2016-10-08,1.9915427652801,365.144028826458,13.8786713786241,-1.30978360904856,-1.64980714620366,34.0535842751363,58.7318653268853,NA,NA,0.132091192691995,-0.0219214329553841,175.011204742649,123.885506241513
2016-10-09,2.10416855753922,365.919337947194,10.0382401826905,-1.28792296488758,-1.64917947888857,34.0496036359656,52.9802997257063,NA,NA,0.0969195372089442,-0.0465644085616396,151.299943914821,81.1671257748457
2016-10-10,2.20973734884727,366.744191611685,14.7097841588462,-1.20437391096281,-1.6563568842395,34.044313278919,43.0269819650895,NA,NA,0.114014844778377,-0.00804518981159296,166.183359929474,87.7207109717306
2016-10-11,2.32435517194794,367.594530803401,12.7600016652084,-1.18863377268659,-1.66011383401559,34.0386997125088,38.6316574536837,NA,NA,0.123690983242834,-0.033505287302932,191.637433969939,94.2825725486859
2016-10-12,2.42208890943992,368.348128900295,17.879443889711,-1.16426048471056,-1.66573072461142,34.0340457869927,35.5007300125925,NA,NA,0.138747605089194,-0.024303606516517,211.47124056503,111.187091492624
2016-10-13,2.53563350875203,369.469371144365,19.2638097972405,-1.0927330041543,-1.66137328756,34.0261463623459,26.2547742622262,NA,NA,0.12413496365733,-0.0167509960098627,193.840232356266,93.1309327012152
2016-10-14,2.67030525643651,371.317028138696,28.473784423456,-1.02487169932096,-1.65812209871938,34.0212102933773,17.3591019569943,NA,NA,0.113775968918635,0.0377869394264723,189.454511268478,80.7003975440918
2016-10-15,2.75626505875006,372.697435332508,23.8946807558944,-1.04053869139649,-1.65935643208333,34.0316571018152,29.8498631025615,0.000796415717699207,0.00112683727191045,0.116229805180378,0.0454153311457711,199.365091048494,89.7920110215467
2016-10-16,2.74717923780767,372.871671350991,21.0869600482103,-1.07857933258399,-1.65718101071604,34.0373839868708,37.5686576536953,0.00128874819969608,0.00517284484388187,0.124266757947794,0.0589464391894669,215.762291090913,94.4510419966229
2016-10-17,2.75760334875525,373.237568925067,22.6720115847704,-1.09998529039414,-1.64782323721449,34.0443651042326,44.0728896278762,0.00282175670253272,0.0276425086726957,0.108418549678707,0.0519761929185445,198.839014861363,79.8138844956685
2016-10-18,2.77192712120894,373.615633708675,14.8807095783513,-1.07577608053179,-1.64210297173334,34.0489388696256,45.305161966486,0.000677458291616419,0.000710344616452168,0.166760383925417,0.0561186378613094,279.870270453162,144.242208656024
2016-10-19,2.60167343296656,372.068205670613,6.91637729144678,-1.05806199942845,-1.6432199223965,34.0551579381451,46.6023016786768,NA,NA,0.19924921160325,0.0629776829800866,347.642524256438,194.047176867284
2016-10-20,2.3667492975549,369.314143111066,9.99473166756514,-1.05517175685056,-1.65791823104647,34.0706149988007,53.9178893517869,NA,NA,0.177083960333374,0.102126217378095,340.048271388902,205.058140366135
2016-10-21,2.36340093612671,368.377606647771,15.4617932540614,-1.04429185092851,-1.66917507272018,34.0842000212264,57.8754111430262,0.00023198191303055,8.24824579664179e-05,0.193705633403319,0.108199441923625,385.681356463292,224.660928663614
2016-10-22,2.40795581587931,367.982077621832,15.2495154287757,-1.0525810247169,-1.67646944892873,34.099832001968,61.9115977370948,0.00171698195226059,0.00731256833478858,0.115315485232875,0.114474476012181,282.179926695527,124.109212608022
2016-10-23,2.43552112070526,368.10175565394,11.354354198386,-1.04615805208603,-1.66718416191467,34.1050151871284,61.3819512677418,0.00176365832495261,0.00512161834171899,0.157654254271193,0.0712543356052616,303.048477275032,135.752653962643
2016-10-24,2.39367147989389,367.891307923852,9.14439516532712,-1.01289065083672,-1.65798989416938,34.109809185651,60.3761994713231,NA,NA,0.216781909900558,0.0781232656536476,418.733767804666,209.084771156622
2016-10-25,2.30589379915377,366.637421398628,12.6325567262929,-0.966570720901052,-1.66345027857303,34.1236887119721,63.7622713984748,NA,NA,0.202492163832049,0.101718480021325,417.729349036569,229.759085338819
2016-10-26,2.26433922168685,365.536065078363,12.0225772101705,-0.936625514677179,-1.65906483811727,34.1365962678443,67.3956627749238,0.000875384139362723,0.00178024638444185,0.161556998838378,0.144097610926017,418.875261303803,215.345628203735
2016-10-27,2.24205504176093,365.203072524652,10.165707599826,-0.895069930355558,-1.65065309715014,34.1424281265732,66.0455995037166,NA,NA,0.16360309799472,0.0694265200400803,355.789807103672,167.095473542953
2016-10-28,2.26308561170973,365.743961985518,19.0034874357828,-0.835556118876024,-1.64277594437001,34.1370061084166,53.3299651744395,NA,NA,0.126487483686482,0.0119742934620976,273.710654209393,111.477080199411
2016-10-29,2.32745211589627,367.34214261683,27.6859189010248,-0.671934404192988,-1.64213962738331,34.1274675016622,28.4341089799497,NA,NA,0.142815092495578,0.0415496531718093,311.410190984224,121.811473726983
2016-10-30,2.3347951864324,367.86242191966,20.9188792124027,-0.662126965901227,-1.64376645805704,34.1236187861516,29.9787739948062,NA,NA,0.191201550461221,0.0189816067485433,385.37450628288,179.224986909972
2016-10-31,2.2945443079239,367.496896511171,15.615233374805,-0.645637580780526,-1.65012344995491,34.1179660946412,33.3574326112364,NA,NA,0.191125769027372,0.00468115213449024,389.767030443057,162.563485380368
2016-11-01,2.25567382792147,367.220447819407,13.4776460077704,-0.617163193923661,-1.66378429399328,34.1160653149068,36.1982076969224,NA,NA,0.208732601350699,0.0425735265770663,439.148296181434,191.992447377255
2016-11-02,2.17884772507156,366.793253084508,10.6122393433641,-0.612116149462026,-1.66378264340312,34.124679220511,45.5829585869464,NA,NA,0.190173558312671,0.0479070582048774,398.783774491317,165.883079797004
2016-11-03,2.13942847310043,366.841901081364,13.6553318384217,-0.572301232330149,-1.65854713389105,34.1190943647171,39.8079172898883,NA,NA,0.179175363383514,0.0294921651744006,374.483854200302,139.080528265339
2016-11-04,2.15136584639549,367.612113394388,18.2981678974338,-0.527036970584338,-1.65595368013369,34.1199757296708,41.5337988046499,NA,NA,0.191040103292337,0.0675715219968485,402.721465225025,155.672993751736
2016-11-05,2.14113620723166,368.339917438786,17.3968875989681,-0.478244915775522,-1.66019414504047,34.1184559717835,41.7494053126347,NA,NA,0.191152127914623,0.0719997944579272,403.407060362419,184.660055781582
2016-11-06,2.10831667955329,369.052904082508,18.0948382645119,-0.462401979234618,-1.65677039102021,34.1249839123766,48.004876422496,NA,NA,0.152119736877168,0.107840303733804,351.620748486547,202.29369877391
2016-11-07,2.0752699869435,369.771651105183,18.5114896995265,-0.45289206600342,-1.65225809917115,34.1226178425365,49.1500413601215,NA,NA,0.157248987933161,0.115144977041906,369.263228022879,219.162318849973
2016-11-08,2.03172999038929,370.577438726658,19.3771987717326,-0.40081933386091,-1.64167875863923,34.1191417833089,46.9204601578706,NA,NA,0.13452114174884,0.100882413179969,327.347543402008,171.273964824249
2016-11-09,1.95726390146628,371.369651236185,22.2853140656541,-0.369792758935859,-1.63746794885308,34.1079970706008,44.6713158701435,NA,NA,0.0815919146856718,0.0436352906489742,230.772481596706,94.5007489226672
2016-11-10,1.85823022737736,371.821819026296,20.7843174818085,-0.338716762147934,-1.6322752703861,34.094399646548,41.406947232451,NA,NA,0.0785128813483294,0.0438749904313229,228.210684710926,96.1246503982755
2016-11-11,1.77733218960646,372.564304630931,22.2568201669833,-0.277025387244106,-1.6240476294246,34.0855570289931,38.7278256178224,NA,NA,0.110296611134943,0.0954920457432225,301.151465171287,150.01697744182
2016-11-12,1.69341028390861,373.679408747975,22.8372627060588,-0.220934590206616,-1.61732367272319,34.0781168249133,36.3606847551992,NA,NA,0.102057025862126,0.0766562354699401,281.872343792622,123.755721289122
2016-11-13,1.61259227809383,374.079162225491,21.1309748393733,-0.18930209362716,-1.60507508183298,34.0710205356119,35.6279933301383,NA,NA,0.0870350000829349,0.0812962022126123,273.477208507914,128.16895427891
2016-11-14,1.5265761319457,373.46484375,17.0018457959338,-0.198583674113117,-1.59118113022262,34.0640642523926,38.2212429973278,NA,NA,0.0645485006363286,0.0741694505488583,246.938703458204,120.623924257685
2016-11-15,1.45354474317737,372.931009432165,15.9470049113762,-0.183395094184177,-1.58526276367718,34.0596367582458,40.0344378603937,NA,NA,0.0946362092336904,0.106695344648984,305.15482455933,165.435687729105
2016-11-16,1.40396077422107,372.835717550138,15.7746786780474,-0.154304900280779,-1.58812227615943,34.0579481755513,41.3639083223948,NA,NA,0.13251128567536,0.119256120944313,356.674642115071,221.526370141905
2016-11-17,1.35785980195534,373.162104909013,17.5992315280728,-0.066252451666534,-1.58665236480806,34.0579295962767,37.5540367530586,NA,NA,0.116369835931843,0.0885176803670351,294.959251777878,162.29836670578
2016-11-18,1.28689811287857,373.688288618879,19.8335467664207,0.048106704244086,-1.59103409947976,34.0536050629198,30.0858564544142,NA,NA,0.10833123598283,0.0529036920231122,248.917049781133,117.050243777819
2016-11-19,1.21538682572725,374.010543451077,19.8912575070451,0.146293768616501,-1.59440266844715,34.0464552545998,24.2749836930701,NA,NA,0.10503968478315,0.0573056059739931,240.978514161867,115.685951008873
2016-11-20,1.17398071107341,373.967325722299,18.0805701976869,0.232139988084715,-1.59349905302328,34.0412844504744,19.9445264715897,NA,NA,0.161636899100986,0.0698400232966049,327.607226003163,197.181722072971
2016-11-21,1.18627579001392,373.365572301353,16.4426754393229,0.250975963205863,-1.59784083456485,34.0334364959264,18.8590806634159,NA,NA,0.162040517332382,0.0828925549390747,333.472838178585,191.453906004619
2016-11-22,1.18935258359444,372.922251259408,17.7596645238923,0.319202994819675,-1.60098000142256,34.0357758628856,22.1918173106576,NA,NA,0.126571502275111,0.10093760178217,302.988232399243,165.504739347003
2016-11-23,1.17097311884892,371.508873544088,10.7384823560715,0.302035529835102,-1.59555586275623,34.0298719316037,26.334468352489,NA,NA,0.22045072062034,0.0496063750594171,422.340173907084,251.59877427281
2016-11-24,1.16028862210309,369.599916039444,11.1633239286702,0.284376804072123,-1.6073781795669,34.0293570401376,30.9338674017614,NA,NA,0.206041536380646,0.0928116883534571,419.021595452453,271.400381610624
2016-11-25,1.18332983698787,368.630114299495,12.8706007003784,0.294868251793941,-1.61107787880016,34.0337165904592,35.4945520473074,NA,NA,0.206355370354918,0.116006579300371,441.670947780264,303.580013718489
2016-11-26,1.19723864735627,368.013048125476,13.3932796745766,0.3122511990117,-1.60699638969663,34.0403145958698,40.4024311315354,NA,NA,0.160502648571765,0.12859948001068,375.135218840271,241.888565938308
2016-11-27,1.18103554317864,367.250615189715,9.53633815777011,0.360219871245737,-1.59577249483219,34.0368302534466,37.0699003608282,NA,NA,0.178448850009967,0.0657890102601083,340.379532449598,193.751675327098
2016-11-28,1.17310851376231,366.634463054378,14.0413038032811,0.551485671406654,-1.59119266038321,34.0322339344926,24.7803307725029,NA,NA,0.147000370283238,0.0738580878044751,278.753087289587,148.735529077654
2016-11-29,1.16443522438044,366.658825385861,15.2486984439012,0.595542043447495,-1.5901061851486,34.0217273985004,11.8217013187898,NA,NA,0.143151989767225,0.0406740478537826,238.545544043587,118.988965426516
2016-11-30,1.16205814826052,365.708827321122,9.90102506265408,0.516756348643708,-1.59086153076084,34.0211796522462,24.8721745448556,NA,NA,0.221063562275467,0.0629653274691218,387.481511089086,269.806874732199
2016-12-01,1.17653596419387,364.693187062333,16.6093871506249,0.578532730197778,-1.60339347666253,34.0287042687296,27.6604379841834,NA,NA,0.13720891221493,0.107501758652137,269.846780257764,168.578523945632
2016-12-02,1.1787600915243,364.788663538491,19.2543757368879,0.751535861357021,-1.601732049072,34.0291017334149,21.0402686315992,NA,NA,0.134382758259411,0.103764579564775,261.573782768803,160.011650996892
2016-12-03,1.16182503722063,365.054861673495,19.739733472103,0.917489336087154,-1.60188237938643,34.0289289549134,20.6733052064533,NA,NA,0.13400549783438,0.0725401493189065,236.121056267621,132.397156565336
2016-12-04,1.15536492645014,364.522468008646,16.5306784641452,0.861123750325639,-1.60551123837871,34.0209575503783,23.3559276359445,NA,NA,0.111069252616481,0.0077733651316359,173.106542749984,93.3049276243451
2016-12-05,1.14002304178912,363.363787023033,14.0569199556258,0.892233355807872,-1.61487642473537,34.0119996733672,23.4914281757576,NA,NA,0.162322226574949,0.0536129074108343,250.355095711305,187.993471909524
2016-12-06,1.14553480886105,362.895005761123,18.5212042738752,0.974834481392473,-1.6192223269608,34.0098703206792,21.6434313983892,NA,NA,0.163191242618599,0.0963379970466399,283.539419227349,209.99888461185
2016-12-07,1.14560737551712,362.90230243962,20.067533161582,1.07578526238198,-1.62171899548426,34.0093987757056,20.4144538578234,NA,NA,0.126875451978361,0.0870185256024443,226.970097680525,146.584150630665
2016-12-08,1.13213460474479,363.401559969274,21.2278022591661,1.26807114373334,-1.61403541703295,34.0076319531069,18.4873808231431,NA,NA,0.107813945168305,0.0740516597402562,196.223965989565,119.116015015008
2016-12-09,1.11087125085476,363.783933313882,21.9957288997929,1.35522410181048,-1.6042517808124,34.0013985575935,13.3978734305996,NA,NA,0.117672123859527,0.0376625588105919,184.60376226913,124.355002536273
2016-12-10,1.10825357022809,363.438392453077,21.6848747962859,1.32138834308516,-1.60213566775586,33.9948109151863,18.6103197900872,NA,NA,0.0989055059719504,0.0329303367015643,161.608274398047,103.48464442344
2016-12-11,1.09022629170156,363.078826159966,20.8953821019429,1.39484429246823,-1.5988659456513,33.9885239646181,18.5203293042305,NA,NA,0.115555185246484,0.0320324911993605,179.88069315946,124.631188275319
2016-12-12,1.07283072028218,363.156651194503,21.6381498080928,1.54847373026103,-1.59985357434483,33.982304952727,16.2277342761576,NA,NA,0.113481903516571,0.0523806352736416,184.910730405384,126.840556029062
2016-12-13,1.10203985397409,362.847905973109,19.5242488267945,1.50339727105721,-1.60041781926123,33.9823337817482,18.8230432183475,NA,NA,0.140392557168618,0.107657440046952,264.00718931318,191.081087523821
2016-12-14,1.12561505742189,361.630062196313,15.5125394826982,1.48200021098982,-1.59876545286372,33.9829165192268,22.6675107327872,NA,NA,0.162353528253784,0.0674940929138548,266.035459661365,205.345379718772
2016-12-15,1.1312183950369,360.076575302496,19.2957499783214,1.53257049545746,-1.59140600254018,33.9774120758098,19.5221683911466,NA,NA,0.172645802751646,0.0453346072873365,274.218694475105,212.39885627956
2016-12-16,1.13057266502846,358.860121564167,20.4654560263564,1.6573380714486,-1.5932243444659,33.9717036619199,15.0207909894215,NA,NA,0.15377704459827,0.0418124171011602,244.734297131512,176.352805496045
2016-12-17,1.12764327518824,357.531123835866,18.0197055921322,1.77566290303924,-1.59631285316709,33.9600934377405,12.7234595655269,NA,NA,0.145541577133653,0.0589036063093808,238.87969552825,147.445806693219
2016-12-18,1.12643182186819,356.97686358196,19.4315016851193,1.77574395425567,-1.60239472739931,33.9671053094903,16.4589911987264,NA,NA,0.10468631251822,0.0893026775053316,208.439199162373,93.8379346219646
2016-12-19,1.09196572587257,356.197806009432,18.2024905449007,1.81708801259235,-1.60194497729442,33.9675892457949,17.395551219482,NA,NA,0.0958717761815157,0.0146941887302759,159.17324780647,70.2058513686824
2016-12-20,1.03499530655582,355.017317981255,17.026354795549,1.83037974847312,-1.60034286042778,33.9612673040022,17.8625956379611,NA,NA,0.11289789246624,-0.00529399346283734,173.859033325702,93.887639592745
2016-12-21,0.983636813556276,353.4365234375,15.2413588035397,1.829332977654,-1.60643750308496,33.956755438636,20.0472844287291,NA,NA,0.0760145645020542,0.0215384070629533,137.184152035919,54.861686586858
2016-12-22,0.95306797071201,352.240381380407,14.5371036936597,1.73093635929741,-1.61375205912571,33.9641338919821,25.8396236635895,NA,NA,0.0402407756982706,0.0905094148739469,154.223658825901,65.5744281495064
2016-12-23,0.937647773725231,351.435505192454,15.8623527957172,1.70721346871895,-1.61000499599858,33.9711663250016,28.3019032909481,NA,NA,0.0714322577372656,0.0777221182298403,164.177149369771,62.6248989489909
2016-12-24,0.910950074472078,351.519229051543,17.144292639523,1.85747524472544,-1.60317890235448,33.9696526726891,21.1296413411335,NA,NA,0.112320470514326,0.0296494939871002,170.405892861883,85.3787671092482
2016-12-25,0.878026759842547,351.648396933951,17.3576371320864,1.90628706636699,-1.59803564313613,33.9656391015098,19.4556536668064,NA,NA,0.109939120770225,0.0182896891354951,161.00120284201,93.7108914049362
2016-12-26,0.848477595463032,351.183679720251,16.4731679195311,1.98393504967091,-1.60004179197767,33.9596980528632,15.2071556768276,NA,NA,0.119744581792519,0.0200384286975088,177.115889042737,109.850416795282
2016-12-27,0.812435298794653,350.580567150581,14.7832415743572,1.85507429144804,-1.5956757102418,33.9611971207798,27.7716390414116,NA,NA,0.0856190399793398,-0.0251965096444093,148.614052878305,93.5148226963844
2016-12-28,0.769565841410218,349.765465340963,14.1585506578771,1.93003762910562,-1.59816867233771,33.9599717998633,24.3101973668766,NA,NA,0.0857953140348719,0.0248184262368924,142.2131926426,83.0230093228037
2016-12-29,0.74434516488052,349.356662657203,12.6120928380547,1.92722152762728,-1.59464483672952,33.9550954481529,26.9679025374604,NA,NA,0.092602465603395,0.0110698580369856,146.075466190089,85.9255950765233
2016-12-30,0.724063545828912,348.986213125834,14.0087118846614,1.92943170759198,-1.59459376721247,33.9516481819101,27.4827222888447,NA,NA,0.0693622704761231,0.032777126471282,133.56894638268,74.1910140586396
2016-12-31,0.710622668629739,349.464223722132,15.862273309289,2.26485558061304,-1.58923470024799,33.949067933035,19.3312732887011,NA,NA,0.109991014405944,0.0494276297036131,176.674040713031,102.39376643035
