"date","chla_mean","o2_mean","productivity_mean","temp_mean","zos_mean","salinity_mean","mixed_layer_mean","siconc_mean","sithick_mean","u_mean","v_mean","EKE_mean","EKE_mad"
2010-01-01,0.681944044431051,357.655565388997,14.390699450175,1.25018662841696,-1.60662742440862,34.0401158153563,10.7354022112108,NA,NA,0.0451421529418768,0.0474092423691785,203.777062260272,115.656953388889
2010-01-02,0.642287812630336,357.898327636719,13.8233901023865,1.49203365234504,-1.6081705581873,34.0420146597955,10.5793676232933,NA,NA,0.0483638063017139,0.032877383781667,177.047363422211,93.3449605188906
2010-01-03,0.629757416248321,357.162772623698,12.2835355122884,1.27315123368027,-1.60302486186637,34.0415500124594,10.9545389297313,NA,NA,0.059322934373653,-0.00545202832865088,175.20699981819,88.9137767129952
2010-01-04,0.70196538468202,354.729114786784,7.26133955319723,0.912196661968876,-1.61434768734122,34.0282353996334,20.972871446968,NA,NA,0.0776179774727364,-0.0324712351692798,207.507447897405,106.242234458452
2010-01-05,0.664513244231542,351.318441772461,10.0872789700826,0.748773484189708,-1.62228250682802,34.022343900867,28.7206722919206,NA,NA,0.00888249217847684,-0.0187126649893764,166.530051095189,101.841421803427
2010-01-06,0.61512962281704,349.247602335612,10.3510508855184,0.670872811144008,-1.62152642280536,34.0238696937274,33.3529462455807,NA,NA,0.00607387166946454,0.0145869296940422,156.65084793084,108.528940913547
2010-01-07,0.575077286362648,348.544770304362,9.86326820055644,0.743751009155933,-1.61782748313775,34.0236057625677,27.3714329640668,NA,NA,0.017457504959819,0.0575537784515243,172.046464934455,116.029785927362
2010-01-08,0.539875887831052,348.06780090332,9.49874567985535,0.814621871239261,-1.61380271893695,34.0205023916144,25.5340120344234,NA,NA,0.00904311575835809,0.0268746452280005,156.647071873506,91.5954125337618
2010-01-09,0.512274007002513,347.164010620117,9.21021178563436,0.802550309694799,-1.60925247346548,34.0157181015588,30.2569236360995,NA,NA,-0.00258833651703999,0.0163560853780884,144.620688983553,93.8890231696431
2010-01-10,0.486866088708242,346.372012329102,9.05683115323385,0.885762583044239,-1.60613637804089,34.0107445107367,25.3510157040187,NA,NA,0.00430012691794033,0.0431068210365405,144.179999124187,86.5138365992013
2010-01-11,0.471155715982119,346.275165812174,8.94172690709432,1.01308121537804,-1.61094820633867,34.0055415504857,20.0917354382967,NA,NA,0.0393069217583739,0.0327465901837537,158.900533319767,92.9914688797317
2010-01-12,0.465145685275396,345.414452107747,8.58281051317851,0.955322756579048,-1.61556154668779,34.0013768188935,29.1302628839823,NA,NA,0.00576639227232987,-0.0225814022684008,148.389679987761,88.7342571574591
2010-01-13,0.461347186565399,343.899982706706,7.60055519739787,0.883678144978401,-1.61521046815958,33.9982619321436,37.0231987981868,NA,NA,-0.0248255454760073,-0.0100825812835666,136.678158131064,80.0306878444354
2010-01-14,0.436009482542674,342.132524617513,4.89530374209086,0.845640610707434,-1.6153756792384,33.989909423025,37.2079160482364,NA,NA,0.037519409510314,-0.0409085702263099,148.259139161428,87.9444177427766
2010-01-15,0.43596703906854,341.529151407878,8.03332735697428,0.877496426490913,-1.62622122432953,33.9890718962017,29.8157821418647,NA,NA,0.0854311748582842,0.0524711845568696,176.157055668407,46.2050610746006
2010-01-16,0.454060622056325,341.933887736003,8.69413634936015,0.98362649338586,-1.63268862720719,33.9955254174713,21.6365916818604,NA,NA,0.0795041593001749,0.0280907965244207,180.586249428897,53.0817642651271
2010-01-17,0.457820155223211,341.79604695638,8.07796969413757,1.04209261550043,-1.62455533052746,33.9876492292361,20.1944199683971,NA,NA,0.0824734033330491,-0.0241394524175422,193.825939795116,66.1295328171105
2010-01-18,0.456820384661357,341.280178833008,7.32629950841268,1.08896904825268,-1.61827838331237,33.9745412123831,19.4693184185745,NA,NA,0.0971865378376237,-0.0196351043851976,207.634032531121,72.9509989710753
2010-01-19,0.45911853313446,341.040712483724,8.71819764773051,1.22625552823669,-1.61750280050407,33.9609110552566,13.1361536943823,NA,NA,0.0925238601499258,-0.0153831645454231,212.992537745073,99.1722142396144
2010-01-20,0.458071555693944,341.040496826172,8.48952601750692,1.44298467017654,-1.61553171747609,33.9546928118942,12.1477439600722,NA,NA,0.0825927240451924,-0.00420604686819969,203.226855319269,111.720105030265
2010-01-21,0.443100336194038,340.491055297852,5.99876263936361,1.41300677939465,-1.61151956570776,33.9393246299342,12.3668807144452,NA,NA,0.0734440551412509,-0.0507800464511366,214.313969476484,137.116942618792
2010-01-22,0.430876794457436,339.743529256185,6.49465017318726,1.38476361995353,-1.61714024785766,33.9255855244801,13.4023302372237,NA,NA,0.09460967408031,0.00271224646471945,216.097987870215,105.123733792145
2010-01-23,0.445685449242592,339.831108601888,8.43532722791036,1.48364083300856,-1.62618451369436,33.9170666601425,10.793915196469,NA,NA,0.0757662151288941,0.0494560473703576,215.807054534747,95.0033846682823
2010-01-24,0.48548968732357,340.498219807943,9.37070582707723,1.47103233153659,-1.62861795981128,33.9280005576915,14.0637560105862,NA,NA,0.0835725290462711,0.0889350668968339,259.638183239236,117.84287364091
2010-01-25,0.524304449558258,340.944016520182,9.28179044723511,1.43134266339747,-1.62471366018281,33.9361464995191,17.8980741214035,NA,NA,0.0711058323460638,0.0510324548677842,246.412560368177,103.879573216017
2010-01-26,0.547225122650464,341.1361328125,9.309778881073,1.47713970577806,-1.62495803295222,33.9340697553821,15.2672867022063,NA,NA,0.10718880704415,0.0254519777022358,281.476353870109,95.762851448791
2010-01-27,0.568135247627894,341.44309387207,9.83106956481934,1.65966700521627,-1.62993966367908,33.9164815343412,11.2126843050907,NA,NA,0.0762113726004622,0.0348714129032945,256.89182663118,91.3551427205829
2010-01-28,0.565800030032794,341.641067504883,10.6189792792002,1.72427078969497,-1.62828179678523,33.9182941895679,10.9998577232648,NA,NA,0.0358833418528836,0.0216383114597179,212.285668066893,83.7672967223561
2010-01-29,0.54292884071668,341.540252685547,8.86442252794902,1.53878617824468,-1.62296744665705,33.9392673234294,20.6326932871252,NA,NA,-0.0285772568217122,0.0158397948747515,194.963853465712,143.355693416356
2010-01-30,0.525087258219719,340.884264119466,8.2630929629008,1.50043748778508,-1.61710697591753,33.9469371164652,23.8910606463153,NA,NA,0.0257342164649775,0.0619456903182698,199.165355455684,93.2262173810816
2010-01-31,0.521402102708816,340.858009847005,5.837912940979,1.47365646165116,-1.61325660011822,33.9469028415537,23.6621717761334,NA,NA,0.0747152775722115,0.0298347110979091,215.908098764266,93.8531195821658
2010-02-01,0.524829422434171,341.008682250977,8.10895827611287,1.68243610993364,-1.60877634528884,33.9445279773913,16.3405974466998,NA,NA,0.0622738218845281,0.0394927868689585,203.267536054006,89.1733789807704
2010-02-02,0.52123505671819,340.969159952799,7.44991629918416,1.59992048525272,-1.62403215680804,33.9455489968895,13.9404197850622,NA,NA,0.0155437879292364,0.0316979463135165,184.476261837394,101.087463692953
2010-02-03,0.504082781076431,340.486600748698,6.25743152300517,1.56826843130857,-1.62827950447126,33.9460652717074,18.1544984229525,NA,NA,0.0501834439407838,0.0120398961147644,208.230366359122,97.0097801732036
2010-02-04,0.480165132880211,339.875236002604,4.0520298242569,1.52634563705975,-1.61260262915963,33.9414645603725,19.8576837123785,NA,NA,-0.0197819604125238,-0.00041532701343522,215.868833544118,111.98800355101
2010-02-05,0.465475165843964,339.947164916992,4.22329343159994,1.26221964547509,-1.60936147019379,33.9562073470955,32.7856002750253,NA,NA,-0.0844353074558023,0.0344010145032316,268.848334702434,149.881639488836
2010-02-06,0.469343036413193,339.353955078125,7.08813904126485,1.20261905874525,-1.61164806346248,33.9575209366648,35.996927817065,NA,NA,-0.0286851038077944,0.0380265218646903,214.604251369953,100.144347443034
2010-02-07,0.467100311319033,339.16553141276,6.42844042778015,1.26293281280905,-1.60249021851031,33.9534191619185,33.3265582242406,NA,NA,0.0140476926629032,-0.00721888971003823,188.860439959141,71.1310250618
2010-02-08,0.449429257710775,338.480963134766,4.28319316705068,1.2646868242357,-1.6026095344608,33.951141758969,36.3239118676437,NA,NA,-0.00631021852500008,-0.0452109916989965,191.457622865673,97.4640954182902
2010-02-09,0.425391777356466,337.314385986328,3.54834923744202,1.26501173677301,-1.60915610351061,33.9465582137717,36.9245300006149,NA,NA,-0.0222647440220628,-0.0222693332155844,169.261108808877,92.8823790914471
2010-02-10,0.404032507538795,336.273338826497,3.68803047339122,1.24424997801171,-1.61741904477428,33.9413493880652,36.6434383248924,NA,NA,-0.0740177108997241,-0.0220444603101876,177.268604626054,107.523669068346
2010-02-11,0.405187657475471,335.970627848307,6.37919875780741,1.26911452659091,-1.61902872422584,33.9380623380044,30.9992348305265,NA,NA,0.00429094827880985,0.035887931158444,136.965757623846,50.9386575628838
2010-02-12,0.413067418336868,336.543698120117,7.47151219050089,1.55526892179833,-1.61412166563192,33.9360832558539,20.396346906074,NA,NA,0.0294813389112627,0.0063997086249572,122.363444542413,33.4016957219494
2010-02-13,0.417572478453318,337.058150227865,7.02836329142253,1.53935340517446,-1.60129356697986,33.9343566034073,11.5563044368773,NA,NA,0.0100711080476754,-0.0159201067417188,104.732558258664,44.3740365689098
2010-02-14,0.423047152161598,337.161803181966,6.6297056833903,1.37906927945919,-1.58868346133627,33.9347639585796,25.7726530670223,NA,NA,-0.0252385776545992,-0.0171247848302574,94.2691833438962,52.185581955375
2010-02-15,0.42216123342514,337.381171671549,6.37874054908752,1.33681055029532,-1.58578190812491,33.9350508496277,32.8756643596448,NA,NA,-0.00447910738394673,0.0123450813492886,96.4881913664725,50.5533990598347
2010-02-16,0.430448718865713,337.955130004883,6.08519649505615,1.37228177947209,-1.58839433713067,33.9344313628691,32.0989337576959,NA,NA,0.0710346990762124,0.0192266611900545,127.345939462557,21.660219001709
2010-02-17,0.452051930626233,338.632600911458,5.61021454334259,1.38370625461851,-1.59279427851053,33.9369727543422,33.9581536565508,NA,NA,0.108593117389688,0.0454565168435412,167.303510764136,39.7633345896476
2010-02-18,0.483218271533648,339.263498942057,5.85267365773519,1.36654613295892,-1.59215867026408,33.9412294258749,36.7891471439734,NA,NA,0.083980971513162,0.0341256595867917,138.920806081644,27.5164576837674
2010-02-19,0.519315045078595,339.875678507487,7.7329558690389,1.36458560577909,-1.58606070414522,33.9442927855298,37.0042683414947,NA,NA,0.0735702598817591,0.0294813389952918,120.024723906782,29.4179080461819
2010-02-20,0.556999382376671,340.420494588216,8.24558121363322,1.36772465056046,-1.5792972965348,33.9479756176024,37.4132851801421,NA,NA,0.0658121330285431,0.0339558572277315,117.55934688748,38.4791318483251
2010-02-21,0.587491581837336,340.874799601237,9.08836587270101,1.35385226867253,-1.58316947374129,33.9526106898946,38.6345992984628,NA,NA,0.0468906572970905,-0.000309774330011884,94.0146849659936,46.6579863881807
2010-02-22,0.598414595921834,340.71762491862,7.98940580685933,1.28056378651382,-1.58564193445937,33.9597009357653,43.1246065483954,NA,NA,0.0643665193250977,-0.0467828097928287,105.954429398379,54.1477880535425
2010-02-23,0.611529410878817,340.56780090332,8.05340215365092,1.32243151167282,-1.59069240227678,33.9674565308076,35.4456442567639,NA,NA,0.0807845595719895,-0.00956399600140582,103.544727177798,50.0687161024459
2010-02-24,0.616352454821269,340.460568237305,3.95343916018804,1.23175161471941,-1.59408156584976,33.9665444739779,44.2466778862745,NA,NA,0.139726586415804,0.0053441810904813,179.777027209517,116.274198700746
2010-02-25,0.630939426024755,340.443359375,7.46946892738342,1.22284938831975,-1.59829564336547,33.968884962842,43.3162075057066,NA,NA,0.0798529419291737,0.0413789684583146,130.090938395411,68.0779301491675
2010-02-26,0.647770509123802,340.331483968099,5.8970952351888,1.21735880675172,-1.59951408958077,33.9699290999793,42.4253195461474,NA,NA,0.14322588850457,0.0165603068286091,191.79503417492,122.003389075347
2010-02-27,0.667526553074519,340.339400227865,7.15661296844482,1.17014644535861,-1.60335758843816,33.9747305131496,44.9081035377388,NA,NA,0.123893675443373,0.0739832918782879,196.611611569737,121.09065623041
2010-02-28,0.680540843804677,339.986466471354,5.83930762608846,1.16341676927151,-1.60396910430793,33.9571482579511,27.9043595808789,NA,NA,0.0805528031704121,0.00699860563403682,139.045249189257,104.234448297228
2010-03-01,0.675728535652161,339.835026041667,9.24325791994731,1.08583550166367,-1.61501657469828,33.9699806987791,45.2918794603276,NA,NA,0.0358718695693222,0.0581985681940963,137.815974921192,122.279564785238
2010-03-02,0.683870879809062,339.934880574544,8.63855503400167,1.09105072613049,-1.60444409013691,33.9735373446816,44.1801338195801,NA,NA,0.0901420394560896,0.0334418613771747,151.62817688201,99.7963556920776
2010-03-03,0.685576179623604,339.772514851888,6.77078930536906,1.08216502612695,-1.58342188372648,33.973256319089,42.9347262203245,NA,NA,0.140986335134708,0.00234969603107836,196.017328447363,103.937570883209
2010-03-04,0.71368006169796,340.080072021484,8.40793441136678,1.07404480594441,-1.58386934072451,33.9779660361154,44.6275855293848,NA,NA,0.12174590625205,0.0983384392763439,216.762810116189,132.07126995145
2010-03-05,0.754672273993492,340.633745320638,7.27716703414917,1.06945463902968,-1.58906551411277,33.9763885010454,44.4445892491735,NA,NA,0.0828153028299934,0.0339925713360982,140.846326514565,67.996459359552
2010-03-06,0.774422740936279,340.752436319987,6.8372265736262,1.08074419099585,-1.60884747245258,33.976147601479,42.9966811201626,NA,NA,0.148051484901094,0.0396189911192969,208.304470420917,117.541834472552
2010-03-07,0.781515704592069,340.644635009766,6.82305908997854,1.11363534506102,-1.62640020497759,33.9723040788694,38.3701436609254,NA,NA,0.0962113217219598,0.0172257480400621,136.236508096661,56.2342721702062
2010-03-08,0.752050552765528,340.058364868164,5.95107770760854,1.12356464284703,-1.61891743249463,33.9696996875275,37.2446301144765,NA,NA,0.14087848824666,-0.016661270584603,185.698051780945,121.527002033814
2010-03-09,0.769624178608259,340.120670572917,9.26655384699504,1.11545544056068,-1.61768866302376,33.9686212181149,41.1816328306843,NA,NA,0.167163414488498,0.0755551097200329,248.058698977497,251.252208052651
2010-03-10,0.829937571287155,340.75849202474,9.16515437761942,1.10554541232891,-1.61479170161082,33.9636476703156,44.1325202310892,NA,NA,0.11187672591243,0.0780837864411953,180.08411016037,128.225561711193
2010-03-11,0.846706029772758,340.869027709961,6.38424439430237,1.10736000493057,-1.61164691797773,33.953052061841,39.3637162509717,NA,NA,0.111142444893494,0.0254565673859272,160.971508500527,118.874363967877
2010-03-12,0.835177137454351,340.721901448568,9.58841718037923,1.09710027512751,-1.60598722526005,33.9473499642279,38.0999514931127,NA,NA,0.0400434968839014,0.0246878678077146,100.381062546465,87.1379867323629
2010-03-13,0.809466784199079,340.604501342773,9.13039277394613,1.07225500058411,-1.5926416856902,33.9458640822791,41.942300814435,NA,NA,0.037512525776051,0.0313812883752853,103.859295572203,97.1602899220669
2010-03-14,0.789490244785945,340.726521809896,9.13464953104655,1.05970982747867,-1.57294347859863,33.940666844074,43.3701312703298,NA,NA,0.0609635911545807,0.033744751930909,119.077419440342,115.335201998431
2010-03-15,0.780665067831675,341.238554890951,7.96169215838114,1.08792820259144,-1.56044351203101,33.9319128595797,41.800034207509,NA,NA,0.0897381858886185,0.0334257990317909,150.255850171488,139.929759644353
2010-03-16,0.711895267168681,340.628750610352,2.93316455682119,1.05354737966581,-1.55134762050514,33.9192179199448,46.0886880688201,NA,NA,0.131860612520486,-0.0598484031940089,224.868051814099,167.72929807844
2010-03-17,0.624739607175191,339.544893391927,3.78469772338867,1.04425690676037,-1.56495933694051,33.9093339102609,48.6701411089503,NA,NA,0.0568883375901925,-0.0114478829519865,106.623706803767,99.2619601114094
2010-03-18,0.602070884903272,339.45741780599,4.89766311645508,1.00483158051519,-1.56670898692052,33.9077219138468,50.2161446191314,NA,NA,0.0964591416313236,0.0557387305941797,150.548898448076,117.308460968536
2010-03-19,0.591891096035639,339.774788411458,2.71107184092204,0.95974220570765,-1.56543546690977,33.9067409486699,49.674613185395,NA,NA,0.132861068640324,0.0598139836964078,195.198735978008,178.407507072994
2010-03-20,0.56169453561306,339.734604899089,2.30307331085205,0.923483461253625,-1.57637394594967,33.8879193040661,33.8738261165475,NA,NA,0.153138667723178,0.00925192704662344,205.856517696399,231.451981999357
2010-03-21,0.559599575400352,339.911001586914,4.68402414321899,0.890724479703975,-1.59231814316341,33.8826817390614,40.9842949917442,NA,NA,0.091569296259405,0.0536781572981885,134.060716127205,127.24378367039
2010-03-22,0.548655678828557,339.938297526042,3.60162680149078,0.889223796644605,-1.58818552771905,33.8734745656637,43.8847007751465,NA,NA,0.146803209250023,-0.000536942168285972,182.015327736993,214.482592896204
2010-03-23,0.544211136301359,340.074738566081,5.79886865615845,0.885724033180036,-1.57787118728896,33.8608828379696,42.7046900871105,NA,NA,0.0865761921986153,0.0410921404180222,111.86253304353,91.5760779047768
2010-03-24,0.552520957589149,340.573979695638,5.33965963522593,0.875089824087638,-1.56524501259166,33.8512339771242,43.9208410879723,NA,NA,0.152532886923816,0.056869980269917,206.102836627717,193.718530650967
2010-03-25,0.564428619543711,341.135939534505,4.08279356161753,0.887197183038955,-1.55741231333941,33.8405468302562,42.5566866093112,NA,NA,0.144432861441956,0.0448690925381686,191.506510008951,159.60705628042
2010-03-26,0.581569295128187,341.722714233398,4.32577331066132,0.907818518298909,-1.55748689219468,33.840627268741,45.0239820587904,NA,NA,0.165529641455838,0.0667758755161798,233.185158031818,174.7316623924
2010-03-27,0.593692938486735,342.09443766276,3.03621182441711,0.916811609682732,-1.54769916686797,33.8366002821384,45.1461708563611,NA,NA,0.170733851121556,0.0254198532355459,227.491427543709,174.197264266517
2010-03-28,0.611194316546122,342.432852172852,5.20274844169617,0.922863908840301,-1.56081524244825,33.8361700531235,46.5372870775094,NA,NA,0.149563643269073,0.0602316057687639,206.674460565881,114.031681618694
2010-03-29,0.649836245179176,343.017088826497,5.49864810307821,0.892770367401435,-1.57026565388629,33.8401798449065,51.3514100806157,NA,NA,0.157558115087169,0.0893985809184107,242.594281583187,144.972681086559
2010-03-30,0.708732244372368,343.722365315755,5.90297442277273,0.857959990242594,-1.57632460854107,33.8476028872612,54.5179925108314,NA,NA,0.183083521258226,0.0877143263648775,285.015729737555,184.214041256232
2010-03-31,0.757138442993164,344.143456013997,4.19109366734823,0.855214705732756,-1.58004993245118,33.8494729206974,53.1148294649626,NA,NA,0.172948163044744,0.0166543866122576,230.456326774397,153.688689477912
2010-04-01,0.788527723153432,344.465614827474,6.19887402852376,0.876279354767692,-1.56934665558033,33.8461112115616,49.9637357453655,NA,NA,0.165056949509378,0.0332445237169364,211.763258028378,124.331535043662
2010-04-02,0.825995355844498,345.050262451172,6.73426485061646,0.847025645322594,-1.56840930352534,33.8521919107079,56.7816398807038,NA,NA,0.139898682657377,0.078297186376793,192.709249771268,101.200686075172
2010-04-03,0.848823177814484,345.503597005208,5.34232492446899,0.794198793604186,-1.56502243809234,33.858611142725,59.8799570019084,NA,NA,0.153423201236734,0.0465854720625662,196.591351342772,133.744883005283
2010-04-04,0.826482021808624,345.597536214193,3.13519483804703,0.793890397323478,-1.5634173464058,33.8600338383725,59.3263789191282,NA,NA,0.21023811040012,0.040651572490097,287.554024669854,209.01297347144
2010-04-05,0.819709419210752,345.817654418945,5.5196749607722,0.766275046127183,-1.569309938671,33.8754536621553,62.8555122210567,NA,NA,0.17183068065547,0.0725032587752755,232.012948748701,164.318571465628
2010-04-06,0.803282302618027,345.927369181315,2.43846356074015,0.773750933489405,-1.56167687105953,33.8745013645717,58.1331742007033,NA,NA,0.169958267164858,0.000851305747838845,203.615289597866,160.743500262036
2010-04-07,0.765095462401708,345.905635579427,3.43673574924469,0.782399835667216,-1.56369269880137,33.8737440754596,55.2746452353054,NA,NA,0.169682912668563,0.0559177111442152,221.229888596842,180.502280919462
2010-04-08,0.731620572010676,345.867424519857,2.25604294538498,0.762995569441552,-1.56848617469458,33.878585657679,58.656348576223,NA,NA,0.181091786999451,0.0457639964087341,236.715864051933,186.170738330395
2010-04-09,0.703989639878273,345.912521362305,2.9452661951383,0.744703739405351,-1.57965181913591,33.8825611602095,59.1749339247108,NA,NA,0.160004185512662,0.0810782718507195,227.655615524593,148.625056706959
2010-04-10,0.70839878420035,346.133997599284,4.46568388938904,0.709706121369412,-1.58937873248767,33.8848615087065,60.7610932938138,NA,NA,0.151273138148892,0.03654419388482,201.104796124002,132.283933171773
2010-04-11,0.701850414276123,346.184702555339,3.20865086714427,0.717311427277282,-1.58965294208742,33.8755740832565,54.0103070323629,NA,NA,0.198654844614684,0.0121706898387213,280.025244043439,171.367875754105
2010-04-12,0.707678404450417,346.338470458984,4.65198171138763,0.688209159621843,-1.59693493296329,33.884310987659,57.6369615533298,NA,NA,0.192399697308254,0.0857730738930684,315.19320580613,149.206391469925
2010-04-13,0.719915442665418,346.606265258789,3.15887670119603,0.647049099234934,-1.59751547010321,33.8956121573771,60.8488629025624,NA,NA,0.174086297056953,0.0452683573322637,270.027739255921,146.124309724972
2010-04-14,0.721028469006221,346.835717773438,4.55931397279104,0.630764604931263,-1.59840349102379,33.8987786716088,58.5410437225399,NA,NA,0.183826980033987,0.0503830761557683,287.957188591348,149.684173786229
2010-04-15,0.729454614718755,346.966772460937,5.44885279337565,0.610253413032768,-1.59157238956681,33.9025704520089,56.906697000776,NA,NA,0.215979262010047,0.0362000002392701,342.243561301616,201.142050667134
2010-04-16,0.730785837769508,347.049748738607,4.29661303758621,0.586633461954674,-1.58580141408103,33.8948719626979,47.7104142088639,NA,NA,0.122668345605856,-0.0156952334021715,178.491029552751,90.4520611856276
2010-04-17,0.721187766393026,347.120533243815,5.32266427675883,0.59994687420085,-1.58371674163001,33.8770713662743,42.2520751630453,NA,NA,0.162379121029736,-0.0151146931671783,229.884340661057,135.131254430956
2010-04-18,0.718117345372836,347.271171061198,4.83141157627106,0.581908370067078,-1.58465295402627,33.8708873834825,41.0233035195143,NA,NA,0.162679717728966,0.00249425715353704,221.046665408764,150.656312602605
2010-04-19,0.712530433138212,347.411225382487,4.31564438343048,0.533264161892852,-1.57662979462989,33.8744498518177,43.1527155252328,NA,NA,0.110254425751536,0.0188549317951713,138.127643840493,77.9303914051032
2010-04-20,0.690991503000259,347.420420328776,3.49193463722865,0.485748907817262,-1.56498227890273,33.8758266707112,46.6640650491069,0.000788394827395678,0.0019633574411273,0.066064541893346,0.0353234538150237,97.5284581836706,40.2411175127583
2010-04-21,0.678498389323552,347.549333699544,4.15860597292582,0.392557770770071,-1.55637514322324,33.8844946094025,50.3756210391683,0.00332607276478757,0.00992877961391157,0.0873035885869784,0.052556085855441,117.528072852386,58.1992383259098
2010-04-22,0.661010406414668,347.767835489909,1.42829708456993,0.336649697946202,-1.55855962835756,33.887661238362,49.4531818009857,3.81481368094683e-05,0,0.144953741068791,0.0458213621820498,182.771599724878,144.504552844575
2010-04-23,0.636931025981903,348.106087239583,1.69185817639033,0.317878748773408,-1.56700269844299,33.9071080917703,50.9819755876871,NA,NA,0.162411246840891,0.0851168111106731,243.377881221476,184.785715944239
2010-04-24,0.627256841460864,348.54623819987,2.08042837778727,0.281025238083045,-1.58083010526528,33.9118121871375,41.2825962547073,0.000495570912134162,0.00147624417792919,0.113700951694658,0.0300710573372312,161.008707348096,110.234303385594
2010-04-25,0.621592352787654,348.64384765625,3.640003434817,0.210005685883133,-1.58648291297425,33.9247308315191,52.729905988937,0.00423207740631503,0.0176812177523971,0.0700181802188544,0.0352890344994857,124.943491139532,60.9250596260461
2010-04-26,0.569628072778384,347.657232666016,1.43686368862788,0.143050370023663,-1.5781144177107,33.915047351579,53.2525067831341,0.00418245893000707,0.0148481246122579,0.0149999622227554,-0.0564959564463312,110.35332154924,83.7742032460884
2010-04-27,0.524999430775642,347.197241210937,2.22065369288127,0.0692359630886773,-1.58218967107902,33.9051400665054,55.7588110866403,0.00417636049897375,0.0158271743474822,0.0486322774558811,0.0339030809140295,98.4124690886425,59.0457072875862
2010-04-28,0.507950308918953,347.104645792643,1.19743425250053,0.0227367679371422,-1.57385215409716,33.8996788110948,52.237708984461,0.000774407177232206,0.00808740509673953,0.137108419650703,0.0149448910742102,184.542321685814,126.569916649451
2010-04-29,0.498628808061282,347.264053344727,1.95198546648026,0.0108992580072324,-1.5706454156933,33.8939308223868,46.5556440998737,NA,NA,0.130135054412977,0.0430425713889133,196.116005085723,121.489722218535
2010-04-30,0.501661549011866,347.62516784668,2.49860275189082,-0.0379046578996612,-1.56603092582602,33.8956345723088,48.1636026676436,0.00350196891845622,0.0135861435047109,0.0345524595420163,0.0321660500047798,117.613570596418,67.3377903620005
2010-05-01,0.50772370994091,347.960815429688,2.81633185545603,-0.151565683039283,-1.56241115322687,33.8967762567047,50.0543736300074,0.00780774761232919,0.0732042666916785,0.0628497724638398,0.0344193713893568,130.715291683054,51.7851268616747
2010-05-02,0.515207893649737,348.254296875,2.55706250667572,-0.262506202255425,-1.55899216447558,33.8975394973181,49.2598595906021,0.0136144390466266,0.0908441947899143,0.0662917095775667,0.0219412019574328,122.684853803942,48.7209936910174
2010-05-03,0.518824757138888,348.439455159505,2.18928818702698,-0.37243065887824,-1.55248919510304,33.9000578858799,47.2417370466361,0.0184051717072327,0.0801697765262081,0.100449493827116,0.0191899468856198,146.159152004046,56.2536000737569
2010-05-04,0.501422930757205,348.409763590495,1.23172823985418,-0.436070701233426,-1.55273013500343,33.8963349277812,46.7386405844437,0.0266154598736183,0.0631599191626008,0.0454909364111665,-0.00860254826458325,97.8804425328006,55.5065550944598
2010-05-05,0.469759368896484,348.668476359049,0.789966736237208,-0.513073717965219,-1.5516355920555,33.8817754903234,43.973617510688,0.0295903337515428,0.0793997534564731,0.104192026967841,-0.0262344449870568,137.500019438535,77.9414352592288
2010-05-06,0.451855317751567,349.285935465495,1.20681358575821,-0.512737785459013,-1.54243758925818,33.8599249187269,35.3372230565638,0.047695015226641,0.114936644001113,0.140747694018528,0.0292908850693165,177.753151942582,104.097754596148
2010-05-07,0.45630142390728,350.062692260742,1.81192019383113,-0.544637659102454,-1.53672512133319,33.8589552542321,35.5563598288629,0.0309306750499198,0.111276455851191,0.0877762812336809,0.0538846734855184,131.65599878645,59.6601913788625
2010-05-08,0.456949861844381,350.966338094076,1.36492104530334,-0.560173188273172,-1.52681923002229,33.8532416121404,35.5844690208148,0.0362608637466716,0.148332671495155,0.1441299711123,0.0219205505725809,183.134060989365,81.1063777758705
2010-05-09,0.445248044530551,352.072837320964,0.529244831204414,-0.536104409850406,-1.53451195336822,33.8691605446034,39.1698204305835,0.00280828970985917,0.013909397718425,0.210706214665582,0.0920144534368712,348.106714526813,216.084380688888
2010-05-10,0.430988800525665,353.005035400391,0.670046832164129,-0.509568450566297,-1.55386711825105,33.8883664554223,43.4831414939766,NA,NA,0.211353298472731,0.0730218442535042,346.555785383714,226.230934776227
2010-05-11,0.437239647905032,353.541749064128,1.84795142014821,-0.53746741595573,-1.56684781106791,33.904331365026,48.9954040534514,0.00227798873425594,0.00612550085144384,0.124146084196137,0.0562573156942775,203.138614204788,75.5332109105968
2010-05-12,0.443443105618159,353.774401855469,1.23494964440664,-0.567439805828315,-1.56520141694779,33.9062531693537,48.3150478986869,0.00155948992103858,0.00538805466823915,0.0575606619196951,-0.00929552497328224,121.450909018684,60.2677736322981
2010-05-13,0.440587156017621,353.622748819987,1.64263965686162,-0.628056447952986,-1.56419751921991,33.9029031050833,49.0980886122338,0.00728944925192211,0.0493229594837902,0.0661471477828752,0.00802200832369184,126.827425653057,51.2410729758991
2010-05-14,0.447594287991524,353.866455078125,1.45729157924652,-0.67703934630057,-1.55996852351311,33.912580619181,50.9848438241428,0.00555935732912845,0.0405602732171806,0.113189250720959,0.0648759262482251,181.369846361699,70.4060711113318
2010-05-15,0.444640610615412,354.26723836263,0.660762941837311,-0.722792325947518,-1.55767619296124,33.9092878040515,47.5916673581403,0.00538709637107728,0.0574153606437995,0.153338300120226,-0.00265258610864779,218.941243248978,117.946423980605
2010-05-16,0.431317653258642,354.840693155924,0.739879584312439,-0.693128335632776,-1.57291365297217,33.9197856644939,49.1778267200728,0.00125888851471245,0.0133518474176526,0.180458470016606,0.0775812634904134,285.714753920323,173.476447359895
2010-05-17,0.421006848414739,355.675282796224,0.432176368435224,-0.674610714042993,-1.58706115914467,33.9307080605873,51.9457180159433,NA,NA,0.176259307512887,0.0137746324972775,255.838226052684,151.355020748176
2010-05-18,0.409525699416796,356.164989217122,0.655027051766713,-0.660217909604535,-1.59443608396932,33.9269161798004,48.6334269925168,NA,NA,0.116775749615373,-0.00528681552723834,167.345080413766,96.7170277343316
2010-05-19,0.410724458098412,356.80639444987,1.22854826450348,-0.671262396177403,-1.60282293791161,33.9231530239708,47.692630764237,0.00125993366914559,0.00351171889533735,0.129088705573651,0.0624895165429304,198.246714146395,106.17457273835
2010-05-20,0.418115150928497,357.323768107096,1.25393087466558,-0.711326545398486,-1.59959440213397,33.9273866639101,54.0843082980106,0.00585881545163331,0.0448671310404015,0.101975419705636,0.0129164429731611,165.725312686805,82.7468419902085
2010-05-21,0.410646775364876,357.491555786133,0.447476149598757,-0.694309607036132,-1.59437183195487,33.9129936677173,45.0417653922748,0.000318506666060005,0.00163492011941142,0.167140468310817,-0.0219480860418171,262.10391570688,150.498883300535
2010-05-22,0.398094789187113,357.794216918945,0.786566881338755,-0.688282087837395,-1.59995924350911,33.9185064645638,50.3389070661444,NA,NA,0.188478183967615,0.0441623486130309,313.621353788735,209.824896245597
2010-05-23,0.390889430046082,358.229128011068,0.600238075852394,-0.681472560740951,-1.60890140658931,33.9318613324847,55.1903175303811,NA,NA,0.195977018165745,0.0311265850817799,328.436834773185,209.990635521198
2010-05-24,0.381577429175377,358.51005859375,0.622699803113937,-0.669937942541183,-1.60824399066151,33.932234154608,50.9154313560715,NA,NA,0.144207988228453,-0.0158191431677879,246.035609130561,126.75633425029
2010-05-25,0.377141096194585,358.92219543457,0.735962088902791,-0.675144901737235,-1.60866734273452,33.9315630403676,48.5433628684596,0.000687766889593779,0.00181937267860541,0.15254206519882,0.0675812888946524,261.181015967542,115.629336126359
2010-05-26,0.373708365360896,359.397157796224,0.631261265277863,-0.723929545372949,-1.60619374415032,33.9512451430012,59.0820011375542,0.00295042177415727,0.0091376007972833,0.145261220844056,0.0926385913884505,265.102872332052,148.752095305519
2010-05-27,0.361717335383097,359.551042683919,0.295363509654999,-0.7304747327602,-1.60178003051227,33.9582037674753,58.7693587174093,0.00015552701930014,0.000234757764981343,0.207252803797785,0.0533706775229228,318.692392010102,222.50813405761
2010-05-28,0.338522080580393,357.776560465495,0.636261862516403,-0.761438397088445,-1.60869946963805,33.9956748216672,68.4142407582219,0.0081023200952511,0.044234628922173,0.177356137943111,0.149976675181573,358.60539094448,225.086195670975
2010-05-29,0.328313757975896,357.684380086263,0.323675411939621,-0.810878382589584,-1.59712538504063,34.0078648588711,69.8862430314372,0.00269025374962643,0.0105430255733919,0.141771096778207,0.0378658980887411,203.843674943155,137.923370797443
2010-05-30,0.324836571017901,358.397958374023,0.541601104537646,-0.835467582358454,-1.61072447873596,34.0132055641117,68.2507489032315,0.00596459025667658,0.0303722270624362,0.0657547669331158,0.118659636019764,174.052739073686,138.356954588047
2010-05-31,0.323022730151812,359.067119344076,0.271061167617639,-0.864817669517116,-1.61636696184488,34.0237608314457,67.8532052936411,0.00231819039892297,0.0166801344468326,0.089602802396941,0.0528452083664505,121.22252504426,86.5000279679367
2010-06-01,0.315679944554965,359.490166219076,0.279063846667608,-0.854425772352326,-1.61718499346783,34.0300481839288,62.5032873906587,0.00016785180196166,0.000152592547237873,0.0953531324359259,0.0438571632244533,111.922912262963,91.2253369682268
2010-06-02,0.310829366246859,359.643633015951,0.579282603661219,-0.836257850541208,-1.63075654981728,34.0295376598387,56.8516261165303,NA,NA,0.126796375806058,0.00951121971571356,146.345624792771,84.1815614586645
2010-06-03,0.308757043878237,359.618955485026,0.600400966405868,-0.833738354251797,-1.64112710863128,34.0318954152272,57.6472874153826,0.00109455807922551,0.00322791926849347,0.10745039393187,0.0122739479673984,115.795390951295,68.2312064955882
2010-06-04,0.306033939123154,359.626381429036,0.448435480395953,-0.83750520937873,-1.65018628593674,34.0287173565169,54.0854559876865,0.00115398113848642,0.00365586311090738,0.108939605253868,0.0330357128488166,109.419020772371,88.8985872186041
2010-06-05,0.301262683669726,359.502363077799,0.380669823288918,-0.85482779033202,-1.64367070233912,34.0257916844877,56.6766610002159,0.00254638811124356,0.0171053518840511,0.0624046155104512,0.0210394144926528,64.4321071771021,34.1225068133467
2010-06-06,0.298938343922297,359.290625,0.573488040765126,-0.883258190818299,-1.63659981363698,34.0189708623671,55.0543613039461,0.0110814557884501,0.105513452854636,0.0263950686789769,0.0127145158252994,48.2645855880857,36.93532911475
2010-06-07,0.299180575211843,359.410557047526,0.45422066450119,-0.920582558651616,-1.61707714625767,34.0139571024959,55.6326065672968,0.0217543039119658,0.17992108314828,0.104664719796606,0.0462894654391628,120.92922572289,70.7637145262401
2010-06-08,0.294510129094124,359.895383707682,0.160546825577815,-0.946008836640451,-1.61118454547753,34.0051457684739,54.2024814885362,0.0160401695243576,0.11523230655691,0.153492039937834,0.0370971985525431,191.810202645605,136.090961973203
2010-06-09,0.281869106988112,360.304825846354,0.0535662074883779,-0.922733079445989,-1.62061889772128,34.0027994428362,56.0353132549085,0.00394771689729344,0.0272697652239473,0.192599330111442,0.050692850317722,270.072096301673,180.313107053625
2010-06-10,0.271760370830695,360.905621337891,0.119337409486373,-0.944152943845978,-1.62567281185236,34.0071018907361,61.7913800038789,0.00576854327210414,0.0336363309455153,0.156385562669738,0.064522553935535,241.317580717199,162.047050021301
2010-06-11,0.263812404870987,361.488813273112,0.0770884145051241,-0.950274083399235,-1.62386464983001,34.0051630206574,61.1609318453567,0.000187879573786631,0.000953703420236707,0.176078033024319,0.0300917091702384,254.766960017774,176.316889266774
2010-06-12,0.254774956405163,361.927517700195,0.0544504561771949,-0.927697728451033,-1.62408263970138,33.9974875485987,51.4300011441224,NA,NA,0.181006885896948,0.0156241000763008,252.821655824477,176.754631777685
2010-06-13,0.246853665014108,362.376630655924,0.123219696929057,-0.938053828208966,-1.62766684087596,33.9981128577899,57.0185600474365,0.00418037609669863,0.0178177613708982,0.195944892690706,0.0555390978750206,290.704041121011,225.370671139826
2010-06-14,0.240983645617962,362.244991048177,0.236877705653508,-0.957455342201362,-1.63205760403683,34.0112954620132,65.6756062973711,0.01054251005635,0.0699086121136421,0.19847586441477,0.0988340777506058,328.655225644902,292.905929699081
2010-06-15,0.239247592290243,362.778410847982,0.232930116852125,-1.0009366464346,-1.6340929345977,34.0186783783418,68.6844333275816,0.0168617633206392,0.136722349190622,0.126011613714404,0.101644993472592,238.211358014019,209.025402436335
2010-06-16,0.237909051775932,363.503669230143,0.22312251329422,-1.03177089440195,-1.63123613327069,34.0183514616543,67.8245224379059,0.0108866173282976,0.101503731552439,0.162867876876118,0.0586620822997021,252.883832728168,213.246697322531
2010-06-17,0.236651441454887,363.966142781576,0.251165017485619,-1.04599022305101,-1.63859613631901,34.0200839508745,67.8922136815867,0.0133224480060678,0.17610097848075,0.133703196281217,0.0594697900508579,207.735867131253,135.419872994858
2010-06-18,0.231380997101466,363.897481282552,0.151458871116241,-1.07149360300903,-1.65297654696873,34.0217647122261,68.4337454379949,0.021657242271629,0.23692287597105,0.0128269523830342,0.0589351425353522,106.866586361594,71.6460860303388
2010-06-19,0.222842606902122,363.400560506185,0.180493654310703,-1.10185975105243,-1.65951508283615,34.0228833793698,70.2791973522731,0.0318450894717939,0.249973554773382,0.00902475946043667,0.0506125387308517,98.0775304447178,65.1739759718464
2010-06-20,0.219323792556922,363.476514689128,0.240723820527395,-1.12530622558486,-1.65479963076742,34.0215811191645,69.8954213794909,0.0338610607178364,0.243763726484731,0.13662884312969,0.0936665835097096,210.574278457433,163.097891816123
2010-06-21,0.218442995846272,363.890190633138,0.193853722016017,-1.14994774142602,-1.65030560771325,34.0225735857971,70.2539562569525,0.022596891119523,0.17696433134475,0.157523696107748,0.0614729975735335,219.365477301625,182.347115084617
2010-06-22,0.216576618452867,364.215937296549,0.191065393388271,-1.15428733646421,-1.64445087111982,34.0179441781869,63.5639777111828,0.0124510165320285,0.114645189630162,0.181314365630199,0.0131757354181736,231.464543676016,203.729783918484
2010-06-23,0.213036405046781,364.346024576823,0.108319695045551,-1.14617813171301,-1.63960003359873,34.0151848757177,55.9314815944299,0.030442213639617,0.0849431845773425,0.132413616950127,-0.00457777633310709,146.701509169966,129.080316020186
2010-06-24,0.204799366990725,363.651769002279,0.0439287489900986,-1.11932276290162,-1.63055806903911,34.0013251340479,51.6623320722939,0.0492969295009971,0.111487928777933,0.0958694229672726,-0.051266506566365,124.540008345278,85.0197432188952
2010-06-25,0.199483315646648,363.204032389323,0.152862809598446,-1.13001204343667,-1.62813609300699,33.9937126761989,47.53200710985,0.00707601420240613,0.0272433523474852,0.103616076290495,0.0539007361109992,127.320561603827,126.230211796537
2010-06-26,0.197189208865166,363.164981079102,0.0892572623987993,-1.15661684014743,-1.62968381499886,33.9936726362185,47.6645217981554,0.0088271378739815,0.0786192606739159,0.109568332525012,0.00904311631855212,120.650153984729,125.915385049715
2010-06-27,0.193501842518648,363.328083292643,0.0685971944282452,-1.14946587170873,-1.63191533671286,33.9852283592511,40.3934291681849,0.0152527889023709,0.038561947659542,0.127654565484228,0.00756996715987535,134.277104295522,142.238564342527
2010-06-28,0.19146508226792,363.631292724609,0.124876776089271,-1.16745756219204,-1.64434302301335,33.9799104991712,35.848350904938,0.0338038268405944,0.0536820569634438,0.115541241530861,0.0241096225336082,126.778863488992,135.372905393808
2010-06-29,0.188621355096499,363.710670979818,0.0648315165191889,-1.16850115863004,-1.65242699124759,33.9767094518905,38.3431817786138,0.0079947191256064,0.0183224087029144,0.0381412529631665,-0.0260554643529922,61.4472247853787,43.8603600369111
2010-06-30,0.184801140924295,363.182136027018,0.118397752195597,-1.18433407173121,-1.65770692171011,33.9747648024021,46.8946750863154,0.0136246213941534,0.110446026541741,0.0378888446165431,0.0122096983617858,56.1538812251335,37.9695955964713
2010-07-01,0.182867672542731,362.863590494792,0.11294052451849,-1.23418709165172,-1.64604449137709,33.9688103181079,45.5041323496883,0.0145809062427484,0.127595478924397,0.0854128177340766,-0.0211495564816366,84.6632711060184,54.1850716276486
2010-07-02,0.179861596226692,362.66103108724,0.0547226006786029,-1.25412554534754,-1.64003716599672,33.9596605516018,43.7504653966516,0.0139791005637814,0.103373334259587,0.049566190143613,-0.0462229212227845,71.0225622085117,34.3282552169211
2010-07-03,0.177094010512034,362.665455118815,0.0997224286198616,-1.26103970744556,-1.64415715870104,33.950332885398,43.181398337945,0.0112707664738444,0.0776701805959071,0.0831136042322207,0.0158558572201352,79.7323470100098,47.131618192915
2010-07-04,0.176586219668388,363.021079508464,0.175069866577784,-1.2881979700318,-1.65048917881528,33.9629646960954,49.5988905591176,0.0358104876599702,0.359805768369732,0.0840245699299906,0.0713834818312548,111.119748063784,83.3599425382982
2010-07-05,0.176702365775903,363.018284098307,0.205961415668329,-1.31068896082111,-1.64957362189329,33.9803465506188,56.7191115537084,0.0912216604596242,0.447833311961109,0.0442334815887804,0.046638248390273,72.0878001686495,39.3849763231455
2010-07-06,0.177209044496218,362.890697224935,0.172485429545244,-1.32212169860539,-1.64442563505101,33.9945906158677,62.5623737026874,0.170006598787088,0.471875242272714,0.0948827340078533,0.0267736817100891,100.587057878108,81.7015286034755
2010-07-07,0.176901371280352,362.902996826172,0.12875830406944,-1.35864753830702,-1.63813033005349,33.9909422307982,60.4754125731332,0.176119908774482,0.455600616403092,0.140203868284037,-0.020807657474862,150.647126876419,149.312730033073
2010-07-08,0.174572449922562,363.255634562174,0.0653638614962498,-1.4259966083039,-1.63074508286957,33.9507862607339,29.619018013316,0.106460550689678,0.280340045669529,0.168283191446523,-0.022182137628359,192.80155531688,176.627585206367
2010-07-09,0.171584641436736,363.836467488607,0.0828128238519033,-1.46993224692524,-1.62865697306798,33.9104068153783,14.3815612864674,0.0426224190957361,0.0871649601160445,0.136810118472554,0.00121156185081131,141.792307560821,111.637262058221
2010-07-10,0.171041734516621,364.452389526367,0.155805830160777,-1.45446555955069,-1.62856633143317,33.9501953125,34.8369950387711,0.0321878490994047,0.105182731075955,0.122392990241261,0.0652476552929869,147.705472344768,110.408288009876
2010-07-11,0.170477536817392,365.091020711263,0.0917110718786716,-1.45879414162241,-1.63433387360178,33.9657355000202,50.4668323832347,0.0306102943158519,0.13626629212185,0.115116735584194,0.0549264332573665,140.61248733014,91.6451239771403
2010-07-12,0.169549147288005,365.653186035156,0.154743714382251,-1.44638388900829,-1.64871198924861,33.9747074958973,57.031754102922,0.0246140097514761,0.120117870387026,0.0804288927045532,0.0726340525692567,116.38279795054,49.9913855255526
2010-07-13,0.170539883275827,365.934726969401,0.204190644125144,-1.44103098901591,-1.64925008071096,33.9862841412537,63.9322648155958,0.0544550311436555,0.398097319934601,0.0704358020251183,0.0316520542102425,86.9992975059729,36.4851675332542
2010-07-14,0.170576158662637,366.380622355143,0.133347783237696,-1.46053713470473,-1.64400915543836,33.9903971449773,65.4237708077395,0.0499066546615353,0.298100440237755,0.138012501222074,0.0771957666970285,175.81290692624,107.86198589445
2010-07-15,0.168971392512321,367.132215372721,0.0868565795322259,-1.43883365796025,-1.64340223405594,33.9958985981188,67.3799383945035,0.0127524895672734,0.046914342608418,0.145387425962695,0.0791507871135285,190.199766099243,122.587495728568
2010-07-16,0.167010884980361,367.399307250977,0.0798817484329144,-1.43092822132254,-1.64216428143638,34.0005566159585,70.9389016502782,0.0178579173148855,0.14698792608889,0.143108863103435,0.0045364732272867,165.726726555022,132.908065336732
2010-07-17,0.164920377234618,367.22824605306,0.111727025608222,-1.40563686449725,-1.63843207072495,34.011892132293,77.9891368392715,0.00568098806320353,0.0317100298610773,0.168519538148005,0.0964752041867801,248.347764996898,197.010483414839
2010-07-18,0.163610947628816,367.625763956706,0.0823676598568757,-1.37811513099455,-1.6360204210855,34.0163895886643,79.7164157028485,0.00542190542167172,0.0153728877095149,0.191006860520719,0.0248117777133795,252.975773775646,208.42195361962
2010-07-19,0.163440380990505,367.998627726237,0.189738789945841,-1.35208858000605,-1.65080698181812,34.0221376921001,82.5967433362975,0.00150160966103342,0.00545722201736715,0.190164733790141,0.0591393641819407,271.941076147598,237.244695297219
2010-07-20,0.163367982705434,368.164191691081,0.175552346309026,-1.35697888476508,-1.66655843732949,34.0290559037287,86.7396884358915,0.0113569584909714,0.0994318277203947,0.163689352768032,0.0841117656572645,256.32275930008,226.26961746821
2010-07-21,0.164317533870538,368.43251953125,0.310307209690412,-1.36494766052504,-1.67232597367208,34.0311669658001,87.8755276436196,0.0099324267410106,0.0822622979031806,0.165277232745088,0.0894674198856031,252.047488548896,228.063360287635
2010-07-22,0.167160209516684,368.59030456543,0.330976902445157,-1.41301637843139,-1.65968603702416,34.0247994473106,82.2812323175875,0.0226698889137995,0.240542646609527,0.102594968323645,0.0507203859690213,144.265707482762,114.14076517036
2010-07-23,0.169069328904152,368.609842936198,0.247902831435204,-1.42720266213094,-1.65732486534836,34.027036724234,85.1753283550865,0.0272089434556551,0.214369582096325,0.157218511041282,0.0715670521069962,217.78202010759,235.437173428325
2010-07-24,0.167496519784133,368.330541992187,0.120538025597731,-1.43792498515065,-1.66059241214193,34.0305933701365,85.8465059861205,0.0169865335556643,0.110216564218745,0.20161491027452,0.0570306041018855,277.819666891634,291.469818175297
2010-07-25,0.163989380002022,367.900146484375,0.123725361997883,-1.42314668615958,-1.6608769445491,34.0337483685716,84.6464171624721,0.0155649107915384,0.0694484478092672,0.207865468401434,0.0321385144795242,285.481586736993,296.365021732929
2010-07-26,0.163354614377022,367.578184000651,0.222777684529622,-1.42183048474161,-1.66056028344577,34.0345687866211,83.3241396488104,0.00297490806887084,0.00887105822310609,0.151663224149803,0.0348920640920786,203.784745105159,215.736403248442
2010-07-27,0.165275025367737,367.559954833984,0.274954330921173,-1.4276955508648,-1.65105021403248,34.029388599826,71.1999154449406,0.0342443119734526,0.11291848992308,0.172585612485059,0.0130747718862573,234.122377081372,237.884052623282
2010-07-28,0.168152637779713,367.68977355957,0.378086060285568,-1.4486197744097,-1.64839762180371,34.0331001138329,78.1881957018286,0.0127063412919529,0.179476944589637,0.120520577352858,0.08232425290503,190.476588527034,135.31629806266
2010-07-29,0.167338262995084,366.738471476237,0.304457131524881,-1.4484105074316,-1.64962639665245,34.0505966530707,87.187714128566,0.0324477151743507,0.373544835562545,0.137239212926505,0.158026218792438,297.860159467929,207.884805330512
2010-07-30,0.168028428157171,366.153713989258,0.324476230144501,-1.43823063194304,-1.65043869547378,34.0699060052857,94.9785397106543,0.0933143584463829,0.482682925529946,0.0469158987577697,0.0661012557916399,135.874133139188,81.5344409120185
2010-07-31,0.17098811964194,365.876462809245,0.395365113019943,-1.45838385999651,-1.65097104606772,34.0786143281406,96.6507474999679,0.138112604478024,0.483012777522094,0.0716955507440226,0.0914935733618817,162.738342538937,91.4863173179339
2010-08-01,0.174331800142924,365.669865926107,0.360279713571072,-1.4771548097295,-1.64917894861752,34.0837599101819,97.3867481704941,0.154517307121279,0.478346084181527,0.0613926860706923,0.0562963240492837,122.05001133145,63.3056675886465
2010-08-02,0.17653603553772,365.600710042318,0.255689249932766,-1.50794500381427,-1.64670878469496,34.0832492283412,91.0558780082186,0.138119487988209,0.457112199605856,0.133836284966061,0.0812549575519069,189.99519122135,103.776004065332
2010-08-03,0.175521214306355,365.577905273438,0.133431102335453,-1.54669846269421,-1.65374869197831,34.0674048545665,59.4640565205337,0.0696513270749185,0.284103229193759,0.195559395995355,0.0678887685438744,274.785675035066,192.938333764433
2010-08-04,0.175858150422573,365.541948445638,0.278988984723886,-1.53844331753881,-1.66682460926529,34.0706919333092,80.435207198437,0.036676015570286,0.0898884774611003,0.144754109357981,0.10841643131037,235.938198019037,187.192564014502
2010-08-05,0.181941785415014,365.613869222005,0.484690338373184,-1.55056720075751,-1.66920413872353,34.0675540579889,77.6810834103061,0.0413473019970921,0.0994490730757796,0.108629831301987,0.0550113344719087,145.780060366203,104.009376844552
2010-08-06,0.190576105813185,365.641733805339,0.602623079220454,-1.57092419020215,-1.65661926780428,34.0589262453237,61.9428251488765,0.0368079213645555,0.08997091350074,0.118900571774719,0.0114960700721669,137.237728072832,77.6625039585693
2010-08-07,0.199623134732246,365.565868123372,0.658421018719673,-1.60787132539247,-1.64217345562196,34.0501837336031,52.1648549244816,0.0302226635583008,0.104908958877363,0.0979735940218644,0.049015479764544,122.163226582174,63.2366268764034
2010-08-08,0.205509085953236,365.656575520833,0.403091057638327,-1.61296814635284,-1.64244766566986,34.0462770103512,49.4434297532964,0.0359600136606869,0.106818636225518,0.126339745392701,0.0286736312721457,143.33361410634,82.5659489206417
2010-08-09,0.211062636971474,365.973743693034,0.680460927883784,-1.62881206345737,-1.64614774947776,34.0413091415749,49.0860419058262,0.0287575282819947,0.0962279580106356,0.126612805334249,0.0256332532691776,138.908818090121,98.9181336207826
2010-08-10,0.21802682330211,365.914667765299,0.622342270612717,-1.64423470075865,-1.66118327701898,34.048296175505,60.2809429025291,0.0421442258507854,0.278461322188377,0.0556148209686118,0.0691186871827769,97.7315406547571,62.127797409834
2010-08-11,0.212335199117661,364.393297322591,0.257007124026616,-1.63428887702469,-1.65780215066178,34.0527018353455,72.1464483827577,0.0673465200356747,0.410643179949961,-0.0318861054466631,-0.0052592798899439,57.9115331564521,38.5039874183128
2010-08-12,0.213699699938297,363.670855712891,0.590135182936986,-1.6252517283411,-1.658910448838,34.0728369547908,83.4331346275215,0.143686534752859,0.471849429092013,0.00160164790774198,0.0614385780619275,66.8440015891872,47.9090461726568
2010-08-13,0.219638871649901,363.845723470052,0.345113399624825,-1.64448527196296,-1.65912729501724,34.0755677043943,78.2708024333294,0.151658634676185,0.465748594443601,0.0911585580193459,0.0454955253666057,85.986236070511,59.6767676695953
2010-08-14,0.226243395109971,364.439439900716,0.621572982271512,-1.65144624925198,-1.66199213266373,34.0824285951772,82.9386429356453,0.120862905881403,0.436606860026381,0.0563422165867081,0.0780906703715262,75.4189039111183,46.4066645121384
2010-08-15,0.231271138290564,364.894615681966,0.406434688468774,-1.66690192052296,-1.64280562875862,34.0781491215068,71.2618704164835,0.0853528706969595,0.322044849633834,0.143228183507471,0.0522623739128274,142.107778082983,94.3557564908259
2010-08-16,0.235478817423185,365.134909057617,0.81174584031105,-1.66540674159401,-1.64951740350938,34.0876488362936,78.8375741808038,0.0834665455421279,0.355761493283107,0.0853944608339466,0.101954767872628,123.91276970526,75.3896032524101
2010-08-17,0.245375236372153,364.881384277344,1.01896320581436,-1.65433747562251,-1.6385869563074,34.1087136949812,93.0940788563033,0.139051536175149,0.456960182216831,0.0330999624124147,0.0505138697396768,57.3334831529433,41.3596103917198
2010-08-18,0.257084723810355,364.396564737956,1.08414194484552,-1.65124248606818,-1.64132329978441,34.1158730786546,95.4225492477417,0.155643824249842,0.461107716300434,0.0776523968162841,0.0369113339321282,69.3267087642352,36.0281017709718
2010-08-19,0.269993027547995,364.082397460938,0.968141794204712,-1.64970324810286,-1.64871772608363,34.1219079870927,97.6425989373286,0.181526331252005,0.460686078197078,0.103012589457676,0.030116950126743,92.2029763243179,62.2810693569105
2010-08-20,0.279972227414449,363.62046101888,0.762001266082128,-1.6602741255796,-1.64842975274064,34.1199002086668,92.9718903598929,0.253157776269249,0.449430943991905,0.130408114900714,-0.0453578479083857,138.871045246264,81.6794380803185
2010-08-21,0.294340455035369,363.656162516276,1.17052423854669,-1.71832446630736,-1.64509107430178,34.0861001839315,45.3303144282864,0.319040613066881,0.411718784306282,0.135222237935304,0.00742311132861707,136.734236944619,88.4511818346836
2010-08-22,0.312920579314232,363.917157999674,1.17775471607844,-1.73686686090957,-1.64257731070196,34.074391702064,12.6106845884395,0.326365483938751,0.386417680412979,0.110667458406292,-0.0208214252374898,116.937172720889,67.4220230127148
2010-08-23,0.335102646052837,364.146271769206,1.97389982144038,-1.7691852768561,-1.64922254470954,34.0540958203767,12.347376314321,0.346108579969636,0.361541078685034,0.12322593955113,0.0108030933634679,132.309267352664,71.186253181683
2010-08-24,0.357674925525983,364.325977579753,2.48905245761077,-1.76596638134548,-1.64482145694862,34.0554840546802,15.7560417311532,0.384877124405641,0.354330220224714,0.147289669253212,-0.000362550657718701,166.526865484875,91.2515868184982
2010-08-25,0.375952241321405,364.37204284668,2.06331641077995,-1.76218024904567,-1.65002337030898,34.0566027074828,21.7937735184691,0.409497302396685,0.351043171032255,0.158453019643973,-0.00513307561159582,179.103360871241,107.638280707842
2010-08-26,0.385146544873714,364.346250406901,1.02476638257504,-1.76923209294341,-1.66140470334462,34.0470513652142,23.5761232662918,0.358503137786936,0.298060284871468,0.129719727847697,-0.027136232437832,138.772242775985,71.8973973546973
2010-08-27,0.397900454203288,364.401301066081,1.94617695510387,-1.7804748335279,-1.66804191358107,34.0414697173843,25.1737559254008,0.304487528251414,0.317573200099002,0.0696808705876644,0.018577282155927,77.3599336548033,22.4694047938167
2010-08-28,0.412488049268723,363.917625935872,2.26841028134028,-1.77388008375813,-1.66963438073495,34.0542222073204,36.453558122305,0.268553990996758,0.379754662177616,0.0653991004998298,0.0343115242492211,92.4622225334815,36.9601841790661
2010-08-29,0.430683756868045,363.670694986979,2.2081261853377,-1.78858404051989,-1.6571596506843,34.0538435484234,31.0841359231705,0.265934534342889,0.382605734288244,0.118980883543653,0.0289834054901188,145.276792917087,43.1754452681737
2010-08-30,0.438631398479144,363.622545369466,1.19951200783253,-1.78092366143277,-1.64896554740748,34.0531552106814,36.163861687022,0.268577081522435,0.358291315741109,0.169483279963409,-0.0130839504553635,193.682191224814,121.068559369501
2010-08-31,0.44343330959479,363.893016560872,1.59659565488497,-1.78350924504431,-1.66484090708252,34.0506885069654,36.6606480627132,0.237219598862041,0.337814658880234,0.0787125134602525,0.058751572707766,94.1956177327736,51.2769719786193
2010-09-01,0.459991580247879,363.854530843099,2.11520135998726,-1.77715955685852,-1.67741430791697,34.0691258279901,48.6449003112047,0.253991442669491,0.385261762635152,0.0932650240768391,0.0453830885707884,111.37178127937,54.694609919045
2010-09-02,0.471894833445549,363.638858032227,1.65252444346746,-1.78510354649752,-1.68333099838486,34.0594368411186,35.8460564003851,0.253484185995128,0.357184160360716,0.163856860390283,0.0136415443166082,187.981204903936,131.108811403192
2010-09-03,0.48048266073068,363.758878580729,2.68378587563833,-1.78684378969938,-1.68676834626305,34.0593852566597,39.1526106353989,0.220896929642536,0.306949087439623,0.152062489280015,0.0651191565719314,180.724765368918,148.075492280163
2010-09-04,0.498728115359942,363.787857055664,3.0421992679437,-1.80472534401972,-1.68143219293508,34.0544001500409,34.702759538378,0.192479866388765,0.309977993201044,0.106748238808118,0.0139352561751927,89.0377431802193,56.2328865874767
2010-09-05,0.51335927049319,363.42448425293,2.56138290365537,-1.77774606701127,-1.6816478824257,34.072694090076,50.4909257422713,0.176020952753891,0.364564246140925,0.0713857765400544,0.0549700310859913,63.1300734242946,40.1002655633308
2010-09-06,0.511575344204903,362.299329630534,2.23300398985545,-1.75915409927081,-1.68432686293036,34.0967990617107,67.1803061012039,0.205267236063859,0.42159140849472,0.00890543886033216,0.0324597620034128,24.9080339044206,13.4399408098708
2010-09-07,0.507558846473694,361.271614583333,2.14283764362335,-1.74466492000379,-1.69642297800322,34.1086335289747,74.6246431859812,0.213855299832565,0.394816006092649,0.0610530812685427,0.0885426860050599,72.0676463363657,33.0205798757027
2010-09-08,0.51784329811732,361.22219543457,2.6862743139267,-1.74056488499606,-1.68960564387472,34.1115419057975,77.4091704447467,0.190139349704062,0.378842549552595,0.056195360643411,0.0430724016369734,46.7285449437169,25.079236102833
2010-09-09,0.546091426412264,361.531666056315,3.01892143885295,-1.74761948235949,-1.69112697803885,34.1071935524618,65.4822837571452,0.200013979488662,0.360987500028503,0.108395779491367,0.0305116255592583,95.1946795808937,58.6079759520201
2010-09-10,0.576722569266955,361.644216918945,2.74160992105802,-1.75788195644106,-1.69458268952549,34.0985657397966,56.6439625446061,0.224211658788775,0.299721019216498,0.129621058800503,0.0241440417511123,124.081244589546,83.424839548684
2010-09-11,0.617936961849531,361.709075927734,4.53097906907399,-1.78934126330498,-1.69158246284141,34.0714376492608,32.9823642816759,0.231541264195632,0.24186779193132,0.101709242994176,0.017207391153937,93.1754632436313,56.9357503013352
2010-09-12,0.67912009259065,362.175853474935,6.39955837726593,-1.77937616934454,-1.67625207963743,34.0671810781149,21.9004734799378,0.265288883706387,0.223542344588366,0.137519157330569,0.0249058573849891,137.175137065661,76.3548265778082
2010-09-13,0.75070818066597,362.780307006836,7.77435663143794,-1.78497412912828,-1.67678672075272,34.0569184238749,22.0846172167843,0.3176133573008,0.242412765727455,0.133652714256169,0.00450893770203106,131.200876412181,81.5689726878938
2010-09-14,0.806964523593585,362.724137369792,4.11450174848239,-1.77738259968005,-1.67630026215001,34.0502123438326,22.0995323066425,0.387986628371956,0.254166980715174,0.146663236984969,-0.0190683317167642,153.369128215948,85.2600128803723
2010-09-15,0.85953124165535,362.629322306315,6.12642620404561,-1.81469044425434,-1.68839867491471,34.0143302114386,11.9968723246926,0.399400667353932,0.262195298829837,0.080144359219007,0.0296281949946083,83.3644171370675,26.9378778710531
2010-09-16,0.941241536537806,362.883659871419,7.45442972183228,-1.79876667081862,-1.6860971647994,34.0207092313838,14.3706619076263,0.376533870170369,0.270547733677173,0.146034510077951,-0.00125974894298199,163.047709505665,90.7558481236977
2010-09-17,1.02270572185516,363.206154378255,10.5288724263509,-1.82353209015122,-1.67327135846131,34.0080773489816,17.5183137556664,0.34913375640211,0.26891855025818,0.0802453228069427,0.0305070362677027,82.8096163004535,45.074136314704
2010-09-18,1.04975808858871,362.527815755208,5.57499744494756,-1.79108150426606,-1.66224912548424,34.0104235742325,18.8635375625209,0.319969791561869,0.252572216828795,0.161862831436714,-0.0404014584181228,178.887083192807,136.797969506908
2010-09-19,1.05423549612363,362.192192586263,5.00718073050181,-1.78464094947155,-1.67017590909972,34.0021858502151,20.642445474639,0.314832127591791,0.247808002142054,0.164643916616538,-0.00544973381591919,173.87184992509,163.115844806618
2010-09-20,1.1071073393027,362.595362345378,6.7627166668574,-1.80134949110504,-1.67769195262651,33.982675638414,17.3880937583464,0.262354919859348,0.223023186084163,0.144834420496696,0.00135382864260136,149.887708063113,144.041985474806
2010-09-21,1.17926975687345,363.144704182943,6.4791069428126,-1.81115212834867,-1.6787015903265,33.9562876565116,11.7599523587334,0.181624570379167,0.19343686803013,0.0589259640222653,-0.00763651127821969,67.8113825950427,41.4065617101394
2010-09-22,1.25674169063568,363.868705240885,10.0451254208883,-1.80377537191362,-1.67447259596416,33.974512430062,18.9134456340532,0.156829428880062,0.247965757447974,0.0676501276237624,0.0445271936714425,89.1077792161752,50.7025322774927
2010-09-23,1.31233175396919,364.293795776367,5.96556499004364,-1.79652527669319,-1.662034583271,33.9824462259622,23.2359451709833,0.140828293131986,0.247664588230445,0.12466007992065,0.00544055544288087,136.728501518955,87.0427115422697
2010-09-24,1.3736640950044,364.672043863932,11.0227617740631,-1.83359631335825,-1.66321516574774,33.9593854201467,19.8582574227699,0.116600066971356,0.217458720942189,0.0641209944326403,0.0126617394835877,79.3054726350821,44.2097116824721
2010-09-25,1.43807874123255,364.910106404622,11.2196559111277,-1.78410125540611,-1.65384965866132,33.995164369282,27.5125523689098,0.0874534563679612,0.236965899628804,-0.00460301724759708,-0.000126204348372338,44.7289084471508,34.7328481803978
2010-09-26,1.50654675165812,365.439827473958,9.45762209892273,-1.78784883784172,-1.65205067351348,34.0040503480381,28.9902907780239,0.0812203949649951,0.258541109194433,0.0755206904745192,0.0329760525207546,67.5399449546558,45.2135993776799
2010-09-27,1.59402282238007,366.362086995443,9.95659590562185,-1.79275290948108,-1.6627332944619,33.9872711296368,24.7928482213415,0.0498593278619622,0.12283126401708,0.0725032589013191,0.00973379829044181,53.4113112764174,32.7968775377126
2010-09-28,1.66313152511915,367.09789835612,9.40377162297567,-1.75254007075962,-1.67134846690902,33.9888829109364,22.080027902933,0.0344232261465613,0.0500445240800073,0.102409103409128,-0.0133615999825691,78.1528102257638,53.5733435991016
2010-09-29,1.70822801589966,367.712915039063,10.6666353861491,-1.71853923887238,-1.68387711496281,34.0080659192308,29.8656901667889,0.0143170242759756,0.0174793042067466,0.0968377546764406,0.0664546283424125,91.0661693468854,61.5519752779986
2010-09-30,1.67368487715721,367.34784749349,5.47184989054998,-1.68964899841108,-1.68473989802196,34.0234513390333,34.9127175216388,0.0239001970823702,0.0169331014099322,0.153090480827075,0.0182720970474464,146.849710607242,116.130591716789
2010-10-01,1.5581886947155,365.982057698568,7.5190195719401,-1.66260087355635,-1.69533991186242,34.0428753185989,41.694481369248,0.0101408912720749,0.00535934798540623,0.148106555839566,0.0794559722080043,171.354177361337,106.517026355464
2010-10-02,1.61460950573285,366.41112874349,12.3192608118057,-1.63975467628106,-1.69147347417989,34.0508548908664,40.4295694128911,0.0110631030870433,0.0999050945099583,0.073441760558495,0.0569112836838441,84.7199668935336,75.317798369834
2010-10-03,1.76952328880628,367.996572875977,18.0367817083995,-1.57300587256152,-1.67974334775953,34.0373626508211,26.9050504641425,0.00826825008419503,0.0618516108007135,0.0638984163760915,0.0317163035357581,79.3560831857058,48.5856671325042
2010-10-04,1.92937095562617,369.908539835612,22.127325852712,-1.58129130494326,-1.6769966814751,34.0357392103152,24.5031517753027,0.00754988918087928,0.0725416940727964,0.0696693971136907,0.0348392878904154,88.9091219877964,35.2009605780003
2010-10-05,2.07173622846603,371.803879801432,24.6313871383667,-1.5307994659682,-1.67447030499465,34.0424624708362,34.9534471088782,0.00344067404116943,0.0163677099670442,0.0811677619226669,0.0300664683397775,98.8927457995741,28.7274740388699
2010-10-06,2.15408191680908,372.601843261719,21.4579123179118,-1.50367699664338,-1.67054764130958,34.0366511810991,32.7947789134836,0.00193914068879279,0.0115052079864308,0.101901991614946,-0.0379439152048943,133.180177341311,41.9865242232541
2010-10-07,2.10648141304652,371.977444458008,14.4387163798014,-1.48591384986289,-1.67383239547113,34.0254361145478,30.1674333945253,NA,NA,0.139763300202059,-0.0248691432346079,190.365557059818,93.2082582888142
2010-10-08,2.05604413350423,371.234479777018,11.3911393960317,-1.46666929148194,-1.66906301643615,34.0153570246876,30.3257623937793,NA,NA,0.166862819007689,-0.0198026118533952,239.949662826179,134.950377997989
2010-10-09,1.90070655345917,369.286728922526,6.82758007049561,-1.4647252828555,-1.67419953543441,34.012144590679,36.6807260513306,NA,NA,0.221121515728589,0.0206424446034252,351.441100148017,262.790685234652
2010-10-10,1.8607594927152,368.653110758464,10.6152109781901,-1.45634623622536,-1.68031700347599,34.0185065448732,43.6575330217978,NA,NA,0.192484598872917,0.0513284614491732,323.310900559098,224.596008173203
2010-10-11,1.91176514625549,369.005173746745,12.1499653975169,-1.44573680933257,-1.69118434952614,34.0309031780501,50.1966402512744,8.26542964205146e-05,0,0.171190481226807,0.0864224525350601,294.422928162619,182.290507534344
2010-10-12,1.86410426894824,368.235071818034,5.9739399433136,-1.43164964457204,-1.70314967139323,34.0371617482121,51.6743784596149,NA,NA,0.220788795641042,0.0585932437386504,371.992709993303,271.111725407888
2010-10-13,1.84930057525635,367.857672119141,12.1504629770915,-1.4314128397999,-1.71309228319871,34.0489157913323,54.6969733632597,0.000566221221632669,0.001791676537793,0.152626966399358,0.0973081523342464,275.891095104727,163.473485524611
2010-10-14,1.93921561638514,368.627432250977,13.618123515447,-1.43611315228885,-1.70654915553287,34.0597178093473,58.223238095305,0.00297383370168535,0.0321304834223723,0.11197080558404,0.0912388702504393,218.142696421218,126.7259589192
2010-10-15,1.94691585699717,368.654249064128,8.17351663907369,-1.41630411327333,-1.70439794189052,34.0623681491479,55.3446312703584,NA,NA,0.175568624980804,0.058425735780283,275.066012904438,194.161781899337
2010-10-16,1.84091189901034,366.622101847331,11.0438380161921,-1.3996341259856,-1.70748995255707,34.0897889244825,63.0000733755585,0.000467862781329915,0.00103482302149822,0.125825749654183,0.126374164582195,232.270698737859,116.289388195137
2010-10-17,1.83952990174294,366.219133504232,9.27193653583527,-1.35802523085946,-1.70124512955658,34.0989618516506,61.518319398837,NA,NA,0.122358571639971,-0.0193781063268731,148.027906329518,80.5429909972496
2010-10-18,1.84143541256587,366.320078531901,11.0625702381134,-1.31445581662027,-1.69668800490243,34.0895595980766,54.9843748494198,NA,NA,0.151261664772952,-0.0268494045655978,206.818661119479,113.802438584791
2010-10-19,1.82484087944031,366.173009236654,10.6593978404999,-1.26486163479941,-1.68762309210641,34.0748624729931,50.5448495284059,NA,NA,0.14515796312152,-0.0494537531097132,200.437711515754,113.480717838041
2010-10-20,1.85260557929675,366.626416015625,16.1014251391093,-1.19004493414011,-1.69165245437981,34.0664987492382,43.932314417416,NA,NA,0.120137374778103,0.00377006846991249,163.400541157069,82.7592695223666
2010-10-21,1.92344858845075,367.765536499023,13.5989157835642,-1.1230317907674,-1.69119582364434,34.0651678214396,44.7360067367554,NA,NA,0.133684838974946,0.0444491763872311,208.656489017201,122.222954369492
2010-10-22,1.86564684907595,367.769498697917,5.90599118073781,-1.108848258965,-1.68417656869817,34.064680228556,48.9959778032805,NA,NA,0.169061069663866,0.0303991889174944,271.756088543311,217.933340098881
2010-10-23,1.77025836110115,367.232954915365,9.57455134391785,-1.08580380207614,-1.68356619248713,34.0657127925328,52.9673998230382,NA,NA,0.207590113723076,0.0439099396081795,363.703495484591,330.813375802043
2010-10-24,1.80878883401553,367.614562988281,13.3752110799154,-1.03360200376439,-1.68605012777156,34.068305653737,53.9581039901963,NA,NA,0.202303298419916,0.0549218438817818,381.064541404623,269.853799081458
2010-10-25,1.86379022796949,368.360368855794,13.2428522109985,-0.98228685109687,-1.69318640949135,34.0702274150418,54.3166391975001,NA,NA,0.194118372563805,0.0929713115880364,413.324186024859,257.180212663705
2010-10-26,1.90513671636581,369.151514689128,14.6920669078827,-0.951532456099539,-1.69211022925556,34.0777710075665,58.2702776112951,0,0,0.158898175981148,0.0882696258814487,354.701846153445,205.57460984119
2010-10-27,1.88561562697093,369.369853719076,12.5246798197428,-0.894517456006287,-1.6845471451157,34.0726482563449,51.8327076309606,NA,NA,0.215671782640922,0.0137906949547,395.76165982743,217.72345879797
2010-10-28,1.85502246022224,369.570388793945,12.4728933175405,-0.811707202989356,-1.681772943278,34.0703306843464,49.2524021729491,NA,NA,0.191798505730423,0.0648460960561844,371.640610338181,171.847039523486
2010-10-29,1.83056598305702,370.152762858073,14.8088906129201,-0.739371450435846,-1.67887138917034,34.0643188075015,43.0064331642667,NA,NA,0.180502068125328,0.0448851550796202,358.961680654205,177.005936275475
2010-10-30,1.77092007199923,370.335797119141,13.797856871287,-0.735356774097098,-1.68734773433298,34.0624085333114,47.2142015005413,NA,NA,0.237360575733552,0.0675835831693016,487.811449871233,371.370723022605
2010-10-31,1.73765523930391,369.974638875326,12.0068984031677,-0.727933203479401,-1.67937735328101,34.0632001690398,53.6024372523889,NA,NA,0.240924128338246,0.0874297928513217,518.209881825131,426.770918197713
2010-11-01,1.72753896812598,369.875439453125,12.6203141848246,-0.696234339722117,-1.66531130335385,34.063538572842,56.561929735026,NA,NA,0.217328501165025,0.0678681167668866,461.466939866245,333.787750728803
2010-11-02,1.69505725800991,369.968826293945,11.2816965977351,-0.627522259054327,-1.65279757080222,34.057624185892,52.8325905441342,NA,NA,0.215800280983847,0.0643412784666271,443.526309756505,291.360730342277
2010-11-03,1.61814567148685,369.632108561198,9.84623788197835,-0.570141039032461,-1.63978819605103,34.0502124872423,48.0006842362253,NA,NA,0.212186246480149,0.0185359789520726,418.566243117737,285.918730607268
2010-11-04,1.56646286845207,369.522278849284,14.9965758482615,-0.474532282049943,-1.62647937070158,34.0463459760623,40.0320255738452,NA,NA,0.210839302230038,0.0601880074359645,433.743142712055,282.583979699751
2010-11-05,1.51205488443375,369.754526774089,16.5906822045644,-0.368275553072081,-1.61337247244398,34.0461394661351,35.746240042206,NA,NA,0.185281771466248,0.0196947643351286,379.47116606685,264.363482992429
2010-11-06,1.39489749570688,368.887831624349,7.59784753322601,-0.374352638686734,-1.61006821232631,34.0420436428902,39.8507502132789,NA,NA,0.230896617362934,0.0068609280497732,446.945851782024,321.348942175073
2010-11-07,1.34712249934673,368.160873413086,10.5043976624807,-0.368941911881355,-1.61168478081997,34.0482048235442,45.4238203916335,NA,NA,0.230724521219394,0.0606033347715113,456.835255714385,289.667806072061
2010-11-08,1.36013048887253,368.148438517253,12.4440054257711,-0.348959401249886,-1.6304077689809,34.0573489110273,52.12584585534,NA,NA,0.206305123753566,0.0751764969129984,404.382479044121,196.26483328892
2010-11-09,1.37315859893958,368.324917602539,13.2306540330251,-0.350143429171994,-1.64756926378809,34.0693613210119,60.0979465757097,NA,NA,0.157537463394211,0.120229158942637,370.046725946886,125.017827843764
2010-11-10,1.38099136153857,368.510053507487,12.100021759669,-0.301422120793197,-1.65238453974401,34.0765434207773,59.3648139587919,NA,NA,0.1911996094636,0.0823494937635006,388.161681869603,168.255414329285
2010-11-11,1.37025331060092,368.41806233724,12.0454891999563,-0.245759112382294,-1.65237765563162,34.0830716154629,56.5676660501867,NA,NA,0.206883369671895,0.0583591918580066,412.985813598827,178.6754050375
2010-11-12,1.35237003266811,368.328438313802,12.5780809720357,-0.176405455777071,-1.65018628683305,34.0883205958775,50.267773570871,NA,NA,0.178730618264666,0.0549608527269579,369.017169956398,102.656126446427
2010-11-13,1.33743786513805,368.470110066732,11.7340582370758,-0.127951240573162,-1.64764613450918,34.0917223593346,45.3957112534602,NA,NA,0.177888489965546,0.0806009893662723,374.939231597003,106.949227293965
2010-11-14,1.32622274557749,368.323447672526,11.214745426178,-0.133752969310696,-1.64571750522556,34.1000231262436,56.8550678984563,NA,NA,0.171169829141713,0.0716244172080791,361.840637545939,132.649856388464
2010-11-15,1.30892632603645,367.92373453776,10.4947721481323,-0.0886498253540437,-1.65225603571512,34.1006541574808,51.5780043351023,NA,NA,0.178129426168656,0.0545065168683466,348.265741723535,151.40888304024
2010-11-16,1.27138129969438,367.578740437826,11.8260639508565,-0.0168565235527834,-1.66480648876133,34.0936784385739,31.0766783585226,NA,NA,0.142427359700651,0.0176296017895964,284.214009118915,97.6477359878779
2010-11-17,1.21850443085035,366.820496622721,11.514985537529,-0.0246435621179136,-1.67444162081955,34.0891465351994,34.5708184457363,NA,NA,0.202122022558872,0.0144928503025295,385.692332159427,211.40601294415
2010-11-18,1.20271680255731,365.944300333659,10.3878492673238,-0.0362304991349242,-1.6836120871673,34.0968392307597,46.0749202133121,NA,NA,0.18259706045676,0.0465671150644023,378.864248826832,221.45178782354
2010-11-19,1.19376363356908,365.370288085937,12.6168211619059,0.0147597348611606,-1.68208386485738,34.0891236183339,35.1261176847874,NA,NA,0.174067940787041,-0.00976133374567319,394.208237365969,178.987476210408
2010-11-20,1.17337910532951,364.949544270833,12.2058830897013,0.0290919612616973,-1.67746478543246,34.0950952687658,43.3133392513246,NA,NA,0.19089442389296,0.0377557558196604,410.459021516934,251.906704204797
2010-11-21,1.11213967204094,363.821783447266,7.69928462505341,0.0595517280910696,-1.66270805435969,34.0845974083234,36.6681055449005,NA,NA,0.116594473418212,-0.043414300545714,303.003718611769,136.891860833556
2010-11-22,1.05215876996517,362.961251831055,11.10094435215,0.0993212460071073,-1.66157565932525,34.0837312139067,33.7493428251797,NA,NA,0.139857379971702,0.0364271681475684,323.345460018955,136.071634052796
2010-11-23,1.02783825198809,362.654118855794,9.13752868175507,0.176902510309802,-1.65976520140368,34.0728145398592,20.8053638020852,NA,NA,0.124490277659624,0.0148416330155573,309.88439316559,147.585262777925
2010-11-24,1.00608145793279,362.588501993815,11.5277230342229,0.183031912024756,-1.66235697896857,34.0821134667648,28.9644762519607,NA,NA,0.100181023107099,0.0139306671217196,284.114323935122,141.936155992061
2010-11-25,1.00497849285603,362.867006429036,13.7638137420019,0.259024377408108,-1.66564861589805,34.0819471402276,24.7676073232091,NA,NA,0.096936423527567,0.0506446632955755,270.022916341829,104.904162750199
2010-11-26,1.03075976371765,363.077955118815,13.1548382520676,0.273962384972133,-1.66800978264414,34.0951525752706,33.5915873212026,NA,NA,0.14148656337669,0.0616152640712216,293.377442963442,86.2528499791648
2010-11-27,1.05315103232861,362.884474690755,13.2643463929494,0.287347388670857,-1.66971354242554,34.1083753485429,38.4952007092928,NA,NA,0.114923986585293,0.0501490243031342,241.721563875574,83.260523073253
2010-11-28,1.0516088138024,362.635129801432,12.9647845983505,0.362268723155323,-1.66601575586133,34.1130048278579,35.5121882696797,NA,NA,0.127340201792636,0.0398071506445793,244.631630185675,65.6365669901972
2010-11-29,1.05790328184764,362.722256469727,15.3863800843557,0.474966006003376,-1.66827596354305,34.1136644693246,25.7497068276083,NA,NA,0.0777579494997075,0.0539512174918239,200.674846795588,70.1105586317794
2010-11-30,1.03781240383784,362.224439493815,13.2060727755229,0.48871448070259,-1.6660157540687,34.1138194521567,26.6962395789928,NA,NA,0.0803577591966193,-0.000181275482912709,182.843413932544,74.456142458981
2010-12-01,0.988558925191561,360.936463419596,8.89513398806254,0.512246317321197,-1.66106395479432,34.09839957101,17.8797171062097,NA,NA,0.0578153655353121,0.0164249240651839,146.452703976565,67.9315523537214
2010-12-02,0.969408931334813,360.279219563802,9.69482202529907,0.525763492106943,-1.66680740324178,34.0832606437511,12.1167666535628,NA,NA,0.0194262933630244,0.0563559844473699,131.28865764501,75.7444818901793
2010-12-03,1.00155445039272,360.541471354167,14.0372204462687,0.506452847636284,-1.66550864178435,34.1045950552575,27.6496562419977,NA,NA,0.0698346101952003,0.0906606250463572,207.420927539149,103.56335030107
2010-12-04,1.04955575962861,360.761717732747,15.2345532099406,0.535472509052072,-1.65575648698592,34.1146340190916,34.5352517823528,NA,NA,0.0728910504875327,0.0677533856404007,227.536630303148,97.4378500853531
2010-12-05,1.060542456309,361.111605834961,16.4745785713196,0.674303732084152,-1.6428125110784,34.1142267643061,26.6635411090421,NA,NA,0.0472073155574333,0.0350710451042742,218.521885565767,91.0679173581978
2010-12-06,1.01721191704273,360.286139933268,14.1401388327281,0.670490066135736,-1.61853193654154,34.1073774466837,28.4005721924,NA,NA,0.0478979977814103,-0.0428612963821655,230.191313051591,95.6662004185773
2010-12-07,0.930387364824613,358.60422668457,13.475363222758,0.620045035965461,-1.60584151789658,34.1026504918149,34.7211163241164,NA,NA,0.0411495058692263,-0.044864503246613,237.172918189415,111.831971950935
2010-12-08,0.843268771966298,357.034737141927,9.63985911210378,0.618943616523778,-1.6013394639008,34.0990308603846,35.5374289993057,NA,NA,0.0531985809732425,-0.0547703986469292,252.183702315888,138.758792988954
2010-12-09,0.751474937796593,355.565889485677,6.75392496585846,0.603369537432839,-1.60785849336395,34.086324433635,34.3098048661885,NA,NA,0.0386323030421832,-0.0496143767456139,241.477370923124,165.468816240596
2010-12-10,0.6917992045482,354.736467488607,7.78636717001597,0.591485217381689,-1.62215285462544,34.0790389498374,34.8421578873369,NA,NA,0.00270306765753076,0.0179783848527455,214.843188169341,110.93025068141
2010-12-11,0.68780891696612,354.993970743815,10.5962339083354,0.621317175378029,-1.63387265510129,34.0800140638997,35.8999800000872,NA,NA,0.0906606250183475,0.0425010402091688,285.938904204606,99.8032666825769
2010-12-12,0.691541116436323,355.719909667969,11.5933831055959,0.755996046321733,-1.63370629360801,34.0786430244159,26.6818980740425,NA,NA,0.0547795772020306,0.00839144285572203,254.3469462069,107.962786896851
2010-12-13,0.661604994535446,354.980133056641,6.04806833267212,0.730531218132578,-1.6383838868679,34.0646744348053,27.8326525939138,NA,NA,0.0460278779772439,-0.0294813390793209,243.910992170214,106.483880954537
2010-12-14,0.638312846422195,354.114452107747,7.20095075766246,0.657977936747379,-1.64437515170951,34.0657644486965,37.408122105706,NA,NA,0.025323479107224,0.0861470979827463,247.21120096689,87.142122056925
2010-12-15,0.657411576310794,354.077857462565,10.3630701065063,0.726169595704939,-1.63585176817457,34.0691260574456,33.135530712013,NA,NA,0.0877257998948707,0.0327878932895741,253.72792361213,53.592676424524
2010-12-16,0.669312676787376,353.833440144857,9.86090528170268,0.76738748200854,-1.62616271049456,34.0578824380287,32.3358539029172,NA,NA,0.153400255101068,0.00245524858845804,335.075510559104,71.7303131860868
2010-12-17,0.692990013957024,353.850638834635,10.7179072380066,0.846904488994663,-1.63000161844985,34.0598843653399,30.2896219984929,NA,NA,0.099036005318613,0.0748162407820162,281.515460216899,44.4209881233096
2010-12-18,0.722916261355082,354.481229654948,12.1775251229604,0.92963489285089,-1.62906770957144,34.0591731537554,28.3397646810775,NA,NA,0.0815486696205641,0.0665349400133119,249.954875010989,41.5694992102852
2010-12-19,0.734496819972992,354.523640950521,8.73648187319438,0.964960182519784,-1.6257623071061,34.0489047057647,23.287574198013,NA,NA,0.0744399220255533,0.00173014681086056,212.553057948277,46.2547742878304
2010-12-20,0.754462345441182,354.397085571289,11.5317622025808,1.00229831185556,-1.62437978902257,34.0444529683966,20.8655976245278,NA,NA,0.100470145408036,0.0392633244199188,230.95657647386,37.6892780725649
2010-12-21,0.775784533222516,354.350345865885,12.0203994274139,1.05040833510851,-1.62397593932044,34.046862336926,24.0149703133375,NA,NA,0.110224595797577,0.0277626651962449,227.451769849406,28.1088498022943
2010-12-22,0.798146574695905,354.417982991536,12.9908584276835,1.0769663253673,-1.63202662934038,34.0573027761359,30.6120169144824,NA,NA,0.0636574806071314,0.0834600922924684,229.933322122967,51.8141297743563
2010-12-23,0.804077557722727,354.337540690104,8.98837321599325,1.12922869678727,-1.633519275296,34.0471891245448,24.5593700588198,NA,NA,0.0789121458432952,-0.00503670132922051,223.634947701901,45.2094587604203
2010-12-24,0.794428969422976,354.004601033529,10.3314769824346,1.15505974498907,-1.63615236560205,34.0355552443884,20.9952440369398,NA,NA,0.0759084820047133,-0.00201009108888027,221.628141118821,51.0947016193398
2010-12-25,0.793090290824572,353.912618001302,12.9246611913045,1.2760452164295,-1.63533661822627,34.0196935897483,17.6341921440641,NA,NA,0.0828244807408716,-0.0041509762798485,231.165050449866,59.9985031482493
2010-12-26,0.783409548799197,354.228525797526,14.0355888207754,1.58977640840344,-1.63558099951063,34.014318251072,10.7910468954789,NA,NA,0.0600686874380685,0.0153579236589428,207.758219651673,60.0924062907602
2010-12-27,0.728195877869924,353.130144246419,7.98564286231995,1.4211132293357,-1.63312231015442,33.9960416349253,15.0785537877477,NA,NA,0.0335129950811764,-0.079187500871774,211.569719642011,74.7336928290911
2010-12-28,0.681951548655828,351.75780843099,11.5208892186483,1.37485083601529,-1.62870057453787,33.9796235937821,16.9406418907911,NA,NA,0.054371134146936,0.0158260270701091,174.098931849474,72.6610204620011
2010-12-29,0.68011505206426,351.638110351562,10.4581114768982,1.48388039483164,-1.61328413567149,33.971563941554,14.1348893122565,NA,NA,0.130169474288709,-0.0137310344025605,248.84790072935,64.5995390856262
2010-12-30,0.693399947881699,351.604578653971,9.65566985607147,1.49589688661403,-1.61384746230635,33.971059053464,17.5630587993708,NA,NA,0.129611880469479,0.0146901875146125,255.85356220734,104.945601032951
2010-12-31,0.714619501431783,351.711469523112,10.8274333000183,1.54131944152646,-1.61329446027153,33.967313121136,17.2200124496804,NA,NA,0.1219180032919,0.0546143638964434,292.478844065661,103.138052397166
2011-01-01,0.719404851396879,351.861010742187,12.0899411519368,1.7571013668426,-1.61451290155712,33.9595115632939,13.6266298939411,NA,NA,0.107074075343465,0.0315143763598867,305.964895027875,117.221473890098
2011-01-02,0.740268112222354,351.777514648437,13.7866918087006,1.66698870130051,-1.62134400211779,33.9652825262313,17.9152838377128,NA,NA,0.133990024559592,0.0916932058849729,370.934397529558,76.18912561527
2011-01-03,0.754972286025683,351.440842692057,14.4336465835571,1.739685166151,-1.62443142188223,33.9707322801862,18.1860495653368,NA,NA,0.106840023826948,0.025842063997249,290.665258150144,96.5692863865883
2011-01-04,0.751305820544561,351.122938028971,11.3683669567108,1.88176557578539,-1.62578410268726,33.955197800371,11.2998801030611,NA,NA,0.11207406299847,0.0583500131908664,289.821766431924,67.2383708295325
2011-01-05,0.782718401153882,351.238021850586,12.9813071886698,1.81732700238551,-1.63003259897232,33.9717247324779,18.6357960306612,NA,NA,0.108627536565177,0.0917276249484236,268.665278189048,71.5715195226442
2011-01-06,0.822512119015058,350.867465209961,13.2003444512685,1.86423372057147,-1.63843321710601,33.9773580651534,19.0218665581897,NA,NA,0.101950178623087,0.0421889711703573,207.033769105659,68.9534029000233
2011-01-07,0.860002805789312,350.801261393229,15.0413640975952,1.86110294178913,-1.64115005507505,33.9863414620995,23.5967749186925,NA,NA,0.0980309591089424,0.0783843821180718,211.145198231343,76.458391312293
2011-01-08,0.905469226837158,350.890067545573,16.0167544364929,1.92931112490202,-1.64349745538898,33.9906039130419,22.961737596899,NA,NA,0.0894559464396391,0.0507456266454288,178.856304218864,71.3768071184276
2011-01-09,0.936159336566925,351.053689575195,18.1094969590505,1.95673371392085,-1.65042951680664,33.9939769228598,25.2907818672352,NA,NA,0.0824642252261029,0.0691324553095308,204.396620331175,89.5862553531548
2011-01-10,0.955260807275772,351.119450887044,17.872664642334,2.0091200013806,-1.64187515319738,33.9978605428136,23.5009743181386,NA,NA,0.0755734672363763,0.0635817577936371,234.465793038007,112.581776397817
2011-01-11,0.974549460411072,350.713638305664,18.2345746835073,1.97679057515653,-1.63216889307911,33.9978663222234,29.0568349702018,NA,NA,0.079921780434206,0.0801650109399754,285.196486574355,123.356642760338
2011-01-12,0.966358637809753,350.02177734375,15.79399116834,1.96908614285906,-1.6233529470917,33.9949807762203,29.3700511724429,NA,NA,0.0608465650672079,-0.00944008615176032,267.464222492358,116.1471536633
2011-01-13,0.899734801054001,348.909767659505,14.7705197652181,1.94522939230266,-1.62606863554259,33.981494215198,28.2101183260294,NA,NA,0.0374551607169827,-0.0442679013524737,258.036814414267,136.233197010712
2011-01-14,0.791676813364029,346.843441772461,10.5314100583394,1.83181893915162,-1.62674555160049,33.9668029412291,33.7315593948938,NA,NA,-0.0194515339273931,-0.0242059965779011,229.781094027396,123.04734440475
2011-01-15,0.731556868553162,345.159065755208,12.4062722524007,1.74949606379172,-1.6269187958617,33.9606304312111,35.4685905248599,NA,NA,0.0414638695468132,0.0351192320984109,233.485623952187,115.085289859372
2011-01-16,0.695691708723704,344.766600545247,12.2428647994995,1.77294253675561,-1.62202321497121,33.954176666145,34.7199690897662,NA,NA,0.0419136162119028,-0.0187333166683303,208.744774359605,107.792948519641
2011-01-17,0.658510224024455,344.31028137207,11.481750090917,1.77225139490644,-1.6180431892101,33.9429675080722,34.3906904234922,NA,NA,0.0374758111635097,-0.0225492776336527,185.976405842802,105.101633728648
2011-01-18,0.625762868920962,343.551396687826,10.8237672011058,1.73162827993694,-1.61225499201538,33.9303414481027,37.2801970073155,NA,NA,0.0210761284189565,0.00381137181381534,169.81828313816,93.6418490408319
2011-01-19,0.596688166260719,342.663997395833,10.2286767323812,1.7051501453371,-1.59499138638489,33.9197517337656,39.3533903315551,NA,NA,0.0397658472586619,0.00659016238287427,156.445300040223,86.502788817692
2011-01-20,0.571519653995832,342.103177897135,9.85493407249451,1.70302715561444,-1.59107675229696,33.9108487179405,40.3389317828013,NA,NA,0.0473059843945548,0.0283500889414235,152.892311421705,88.2910215343463
2011-01-21,0.55109228293101,342.089568074544,10.2874298890432,1.86957836464832,-1.59034706192805,33.90725755333,30.8254170991424,NA,NA,0.0906973388886317,0.0364868284616255,184.725963960812,97.4599474350788
2011-01-22,0.519388621052106,341.524202473958,7.51368894577026,1.80630730103729,-1.59148863831857,33.8992378693774,32.0123117991856,NA,NA,0.103439390057124,-0.0386736058819115,201.770039137547,134.660393842247
2011-01-23,0.483963651458422,340.568938191732,5.29748457272848,1.69060864663662,-1.59165041070235,33.8856135920474,39.2157128879002,NA,NA,0.103363667383678,-0.0318815165752531,206.785937003453,133.546035917022
2011-01-24,0.466316789388657,339.676123046875,7.08361781438192,1.70181008344306,-1.59672382720431,33.8783224005448,33.8732524957872,NA,NA,0.133613705915168,0.0143161639991335,245.473519527617,165.713237222718
2011-01-25,0.462833493947983,339.392017618815,7.90005264282227,1.75229366784705,-1.6061444049491,33.8797737064218,29.0252837991356,NA,NA,0.0892677878106671,0.0584808069008185,213.952132079138,107.037605247831
2011-01-26,0.467254517475764,339.479584757487,8.18134908676148,1.73199449580415,-1.60662398392097,33.8917803513376,38.4120205578051,NA,NA,0.107347136181324,0.090984167124992,274.711306212822,173.810613859842
2011-01-27,0.483895227313042,339.943025716146,8.52774976094564,1.70236905400914,-1.60638075215476,33.9086858276138,43.7630856592852,NA,NA,0.114297554401079,0.0839649096719528,279.554548739319,128.195193695488
2011-01-28,0.497149813175201,340.087841796875,7.44276661872864,1.71840572715702,-1.59619032350698,33.9142102119618,43.4148763498866,NA,NA,0.123542597615405,0.0124552231141947,276.454364693129,157.799520269574
2011-01-29,0.502060020963351,339.949538167318,6.68356083234151,1.72248649283459,-1.5849937052655,33.9093628359917,40.450794639444,NA,NA,0.142438833062586,-0.00107388442060105,321.708361853816,153.85162866363
2011-01-30,0.512982519467672,339.872186279297,8.7538757165273,1.76955292144216,-1.57970688800166,33.9054792303788,37.4150059599625,NA,NA,0.140194689448839,0.00270765713114936,314.236819494713,109.113042526906
2011-01-31,0.524290943145752,339.635675048828,7.36878390312195,1.81432838681945,-1.58651618536254,33.9001672357545,37.1086734900797,NA,NA,0.157220806114208,0.0266153528250026,353.353183625129,70.8465613245333
2011-02-01,0.543761822581291,339.461452229818,8.59233447710673,1.78828806581354,-1.58845285006932,33.9045155460673,42.6702705541051,NA,NA,0.137505390254178,0.0518309843719454,331.704726760474,51.1305996781393
2011-02-02,0.568378296494484,339.33691813151,9.31841952006022,1.83968307290758,-1.58403684725439,33.8994443649636,38.9879712664095,NA,NA,0.159620982671815,0.0140476930130245,335.540856508943,66.7233065741273
2011-02-03,0.592615551749865,339.128090413411,9.12532057762146,1.8699638556717,-1.58580141184025,33.8931685713001,39.1841615662539,NA,NA,0.170614529891234,0.00423358251949898,352.36547490929,87.3147371788389
2011-02-04,0.629528321822484,339.126890055339,10.5909180959066,1.86581426545193,-1.59749826183893,33.9004481753012,43.3982402113147,NA,NA,0.144258470113452,0.069774950273279,325.207931954182,49.5591731251581
2011-02-05,0.675259796778361,339.371776326497,10.7690009911855,1.84838704596785,-1.60174905267873,33.9066264360471,47.6105977323719,NA,NA,0.144719689972419,0.0606469328382186,305.425342959487,46.6400369710993
2011-02-06,0.70620692272981,339.266279093424,7.97121322154999,1.85310387611389,-1.60766689087215,33.9041195202591,45.9900190668895,NA,NA,0.154040455874196,0.0302523327641245,304.807297763022,61.2992759099749
2011-02-07,0.730652522047361,339.36332804362,11.2043863296509,1.93542124543871,-1.61073365247339,33.9038613541682,32.4253441301504,NA,NA,0.123042370045656,0.0415556545236281,284.839330107337,51.1292236694617
2011-02-08,0.765950453281403,339.681202189128,11.680401802063,1.91404268571309,-1.60412169533565,33.9081408278386,43.5026456933273,NA,NA,0.132766989234807,0.0616427999465985,288.271833077607,45.4939187051489
2011-02-09,0.786627397934596,339.758165486654,9.08510003884633,1.89961683839784,-1.59712882373566,33.9126498000066,47.7218872873407,NA,NA,0.126470538794546,0.0415464761505898,254.449356088705,37.3882500121301
2011-02-10,0.801072743535042,339.565235392253,10.5713616212209,1.90004639562808,-1.59095169413359,33.9142502376011,47.5704420670531,NA,NA,0.173184509634187,0.0537837099676069,341.644360103329,85.2558673075297
2011-02-11,0.827149739861488,339.577625528971,11.3290778636932,1.90814183036188,-1.59530574800377,33.9242317228389,49.6889543712587,NA,NA,0.144040481138386,0.0569158729894045,288.087917486196,57.1069754580312
2011-02-12,0.841055522362391,339.985842895508,13.8742695808411,2.0105738765315,-1.59173186605138,33.9309492039501,37.1872644962225,NA,NA,0.112537577020046,0.0518263951784238,215.783565876143,34.4055856589686
2011-02-13,0.779104233781497,338.96103515625,7.17936206658681,1.99830957149204,-1.58809029428582,33.9169978378411,32.6026039087683,NA,NA,0.08857251625312,-0.0516336467677265,210.922956165181,61.0410555503812
2011-02-14,0.684587037563324,337.372663370768,6.09724458058675,1.95393886826092,-1.58533560512657,33.9015721772846,40.3286058813109,NA,NA,0.143145576917699,0.00681044613676412,240.176987793727,73.5171500043079
2011-02-15,0.690936594208082,337.307460530599,10.284774684906,1.95373234802619,-1.59258202592233,33.9140950826774,44.5128543538259,NA,NA,0.146282329301077,0.0811930027951423,240.021589057948,95.8774662065966
2011-02-16,0.733788660168648,337.615408325195,11.366184314092,1.98061250251039,-1.59707260579991,33.9216558843627,47.0902916470865,NA,NA,0.148684801463794,0.0566841157615409,264.021612253198,85.7792174159227
2011-02-17,0.758688961466153,337.550163777669,9.90496296087901,1.97284199241409,-1.60246727161838,33.9278627409971,48.6437527900352,NA,NA,0.147638452302356,0.0408970975506126,279.668351110467,82.9443102380302
2011-02-18,0.755579452713331,337.008976236979,6.23592643737793,1.96916049539595,-1.60572563929665,33.9310062953404,47.6616532497836,NA,NA,0.160853196509687,0.0477878554843198,282.267600724751,102.68374042209
2011-02-19,0.770899200439453,336.757106526693,9.99535195032755,1.94125326056229,-1.61437752641233,33.939748821402,50.7513658014455,NA,NA,0.147567318416292,0.0940107769031722,267.789648446201,116.695366724488
2011-02-20,0.827654065688451,336.956511433919,10.9173851807912,1.94401232326837,-1.62470332975674,33.94616806776,53.0643477547438,NA,NA,0.130451712897398,0.101904286351755,305.956690557284,132.340539306165
2011-02-21,0.857884922623634,336.909405517578,8.32513110637665,1.9777102600363,-1.61945666988989,33.9365935935114,44.4749931034289,NA,NA,0.117319575181805,0.0273335701400848,271.241019430444,74.3028695342725
2011-02-22,0.874432564775149,336.721677652995,11.3480685313543,2.01416725726952,-1.62267718010379,33.9322624636772,42.4235984544109,NA,NA,0.127714225476174,0.0670305785996125,278.668890156328,62.526867038795
2011-02-23,0.885276361306508,336.772610473633,10.2151219288508,1.99687221399824,-1.62072674672406,33.936530421551,48.6603889644594,NA,NA,0.136872072977231,0.0735863221010992,295.582405158307,90.0433196995563
2011-02-24,0.877586770057678,336.450597127279,7.82463089625041,1.97740737298377,-1.62845045507402,33.9277192022567,45.3555553981236,NA,NA,0.198198214551448,0.0517116639258942,387.165104839273,162.098141518731
2011-02-25,0.903177179892858,336.528094482422,12.2523156642914,1.91410601407962,-1.64253715689021,33.9289353306132,48.9569691392712,NA,NA,0.202810410620239,0.0747129827233634,422.027646308724,197.619469185496
2011-02-26,0.955880843599637,337.139179484049,12.5831938902537,1.9155571389019,-1.64338272675536,33.9265833116116,46.0014923855774,NA,NA,0.12619747871295,0.0586483143970258,278.880166267679,81.9680270287123
2011-02-27,0.993880821267764,337.520197550456,12.6982712427775,1.92964980431965,-1.63287449196765,33.9185177795869,45.3561290368102,NA,NA,0.156564542281448,0.0462596352751318,305.329904365154,80.5043202728315
2011-02-28,1.00759305953979,337.582042439779,12.2257740815481,1.97224997532995,-1.63003030128049,33.9037863795919,39.4727109321078,NA,NA,0.142005148574822,0.0223909485945128,284.185850242644,74.1413056661473
2011-03-01,0.973712573448817,337.246032714844,9.3936075925827,1.99583137304263,-1.63110648061996,33.8892385439765,34.345371619203,NA,NA,0.131273188229118,0.00446992912294721,266.511425629228,78.3322253898103
2011-03-02,0.929758443435033,336.965311686198,10.1207779884338,1.98134494813761,-1.63088734705645,33.8803411928335,37.1298989675995,NA,NA,0.170552575036435,0.0594560222882301,330.71365681481,125.539782829087
2011-03-03,0.919019854068756,336.905385335286,7.28393257459005,1.98069511141096,-1.62570493785959,33.870485779038,37.2480719896187,NA,NA,0.176651687228254,0.0307342042460253,352.900184067641,123.990469099387
2011-03-04,0.927864477038383,336.927651977539,9.32302063306173,1.95679154566356,-1.62618910190754,33.866269448646,40.697466839525,NA,NA,0.20918717305351,0.0904150997337542,446.255639164205,248.344059505164
2011-03-05,0.959153987963994,336.920384724935,8.42123026053111,1.94897145884378,-1.63153672352769,33.8606475744032,43.5261656287918,NA,NA,0.151977587505279,0.0871544379768963,364.632044507217,161.362141000366
2011-03-06,0.942734912037849,336.582093302409,7.06016978422801,1.95912380415694,-1.63085293411312,33.8330089454364,34.2931687885657,NA,NA,0.183530972738351,0.0380357001396946,372.25747174847,168.933417989534
2011-03-07,0.924657823642095,336.501937866211,8.44549954732259,1.87744800936907,-1.63110304013231,33.8333818536056,40.9602015179799,NA,NA,0.140752283814258,0.0794192578755599,315.199783981113,160.841559798765
2011-03-08,0.931381504734357,336.614642333984,8.41122305393219,1.87768756805506,-1.61623043045962,33.810934712116,36.3566104415664,NA,NA,0.170132659501711,0.0655551349001944,334.676623621832,174.857316807256
2011-03-09,0.937701789538066,336.682884724935,10.435436240832,1.90837037159984,-1.60540439222092,33.7882923613814,28.8422874830719,NA,NA,0.102427460561345,0.0026296399589768,229.186521757361,104.184738505711
2011-03-10,0.921557838718096,336.619302368164,9.73021931648254,1.92432168282961,-1.59609395086317,33.7689258747531,26.3870388762395,NA,NA,0.201224824847808,0.00221201811069833,356.210989126331,228.398913347944
2011-03-11,0.923953225215276,336.729011027018,9.71002506415049,1.87823276950004,-1.6025131627133,33.7667746149508,34.7291476278377,NA,NA,0.179636994642871,0.0671912024455859,336.75982273125,186.859772849004
2011-03-12,0.933964246511459,337.125625610352,11.1075752417246,1.85525990608043,-1.6069681751997,33.7510506335954,32.7546229505897,NA,NA,0.098859319295314,0.0415028782099261,234.206308622946,120.913909576473
2011-03-13,0.931298886736234,337.674517822266,11.120702179273,1.83358120694196,-1.60424216349322,33.7321430005525,29.5731255524141,NA,NA,0.107528411538193,0.0414179773315003,239.490962788606,114.320280360264
2011-03-14,0.927311393618584,338.07243754069,11.2128953456879,1.78371167182922,-1.59750629053976,33.7211059340857,30.5253948304886,NA,NA,0.144006061108601,0.0433844705217315,285.005400134704,100.666302782327
2011-03-15,0.894340792298317,337.964582316081,5.59341477155685,1.75177324580071,-1.59951408913261,33.7094206559031,29.5037131058542,NA,NA,0.164740290856899,0.0205667217759261,313.631747310884,124.071929455309
2011-03-16,0.800171287854513,337.381174723307,2.94395880699158,1.71744474298076,-1.61106638038965,33.6920503888811,27.2377709804621,NA,NA,0.145933546419991,0.00137218571078957,283.950442933283,96.8150755226202
2011-03-17,0.733093067010244,337.099139404297,5.58078193664551,1.72153100931555,-1.61542042708935,33.67337216829,23.2674963420495,NA,NA,0.113402650656557,0.0239719449213349,238.389040617941,95.1414726327898
2011-03-18,0.730826808015505,337.426335652669,8.6360199769338,1.76313163777043,-1.60357901386749,33.6604592459542,18.0001848945044,NA,NA,0.108322350994537,0.0558282208061756,237.762235532918,124.671222838582
2011-03-19,0.724034982919693,337.721032714844,7.52485365867615,1.73087380255075,-1.59141062569797,33.6496515775982,19.8829246248518,NA,NA,0.0992677621543407,0.0229508370105037,212.338450083492,139.445076484696
2011-03-20,0.696499379475911,337.753127034505,6.8440280119578,1.67440400939239,-1.58673876479156,33.6420162028836,24.5989524368057,NA,NA,0.0800984670877233,0.0527694856649951,202.361464762953,137.45800957441
2011-03-21,0.667040560642878,337.735113525391,7.85047235488892,1.62586443540745,-1.59090809714525,33.6356198733911,26.8952983268222,NA,NA,0.0753738346852754,0.0226892496886334,176.89753710084,122.405230982245
2011-03-22,0.606191635131836,337.03869934082,4.72452298005422,1.56146165750977,-1.59407123811263,33.6334801867492,30.8082074473675,NA,NA,0.0613995696649067,0.0229370695559826,153.938432099393,105.453751853776
2011-03-23,0.579112562537193,336.831796264648,6.73120756149292,1.50164078769827,-1.5860079249045,33.6284320515798,31.460454571516,NA,NA,0.0826019022501725,0.0479393005791239,167.843842703453,144.615041700169
2011-03-24,0.564299526810646,336.938134765625,6.16065220038096,1.44353538460301,-1.57730556251411,33.6259538177261,32.5360599101934,NA,NA,0.0759750260110188,0.00878841280096904,149.660444977584,122.007542401823
2011-03-25,0.512978454430898,336.251403808594,3.39498251279195,1.38730789821847,-1.57446251865616,33.6266880609039,35.3727897199473,NA,NA,0.102331086334989,-0.0685587986267375,189.293104487768,111.412164664584
2011-03-26,0.48883394698302,335.859998575846,5.4880240837733,1.37403028195066,-1.57558000759971,33.6288277618867,34.5639345269454,NA,NA,0.136190569028258,0.00610829109704136,187.686229785515,158.721918448456
2011-03-27,0.496793339649836,336.085992431641,5.24417632420858,1.41408066283491,-1.57602057465933,33.6258905740609,28.8801487513951,NA,NA,0.105272795332778,0.0324574673506326,161.000634468779,126.372450845709
2011-03-28,0.491769682367643,336.171666463216,4.17721931139628,1.35588989513261,-1.57745930216366,33.6222650341522,33.1057005573932,NA,NA,0.0798667099859033,0.00804495441734343,138.399620606513,93.9856837907642
2011-03-29,0.48016920487086,336.124319458008,3.61620291868846,1.35178710576287,-1.56816721993281,33.6187369984792,31.3503124409152,NA,NA,0.12002723224293,0.00600503298236911,172.534472302562,128.842824788985
2011-03-30,0.449772829810778,335.839360555013,2.22025686502457,1.31847741101917,-1.57433861673326,33.6066961360157,28.6403604880311,NA,NA,0.0304473758976262,0.00168654902425027,105.326883854283,64.3827313206595
2011-03-31,0.444169443845749,335.895573933919,5.27311563491821,1.27841602277039,-1.57894621979921,33.5986248389223,28.8933428248068,NA,NA,0.0782329372193356,0.0497268133453633,143.08410217377,97.167201721641
2011-04-01,0.447423016031583,336.187403361003,3.70589215755463,1.25134312008557,-1.58875918029843,33.5998352739148,33.3701559690605,NA,NA,0.0476914811599299,0.0428452335746217,128.410134726446,83.4455570971938
2011-04-02,0.449580409129461,336.525092569987,4.04623668988546,1.22169289396221,-1.59798357450872,33.5946952705096,33.8330966727178,NA,NA,0.0893274480827097,0.0368149598458208,159.816341171221,108.353574718198
2011-04-03,0.452364321549733,336.907355753581,4.51843741734823,1.168128092038,-1.60289636724874,33.5923145265508,35.7152626783328,NA,NA,0.0561586464510152,0.0126273200840206,129.842980882026,84.2285050234506
2011-04-04,0.448369779189428,337.112339274089,4.35285940170288,1.1175233562638,-1.59814878872463,33.5936167293921,37.9049084563004,NA,NA,0.0577694732639799,0.00827441696441711,126.301030466458,84.9286101630768
2011-04-05,0.446503377954165,337.315221150716,4.04371294180552,1.06305538902157,-1.58636818478878,33.5942878149506,38.952404692657,NA,NA,0.0484005202700321,0.0480723888438223,137.0775717854,81.6670018506065
2011-04-06,0.442836654186249,337.449561564128,3.15596633752187,0.990774710375564,-1.57645655216131,33.5919817157258,39.6367765620239,NA,NA,0.065596438174073,0.0301376019177356,139.759259612021,86.9957588922479
2011-04-07,0.435176366567612,337.475035603841,3.07628190517426,0.908162711762396,-1.58775413663764,33.5929109386932,41.7570099902332,NA,NA,0.0344537908589481,0.0736207412905935,150.088789377159,89.4674999106668
2011-04-08,0.446737653017044,337.732141113281,3.68635850747426,0.821866462721412,-1.59709096447866,33.5907826818022,42.0415434765636,NA,NA,0.0913398332921858,0.0717116134395277,179.699139513527,125.375469859647
2011-04-09,0.460414169232051,338.011430867513,3.00211143493652,0.756819357801425,-1.59707146076331,33.5869391735335,41.6967759921138,NA,NA,0.097025913921626,0.0421407838260993,163.606186580122,117.639866433315
2011-04-10,0.471402282516162,338.397329711914,3.20159235795339,0.684026517618195,-1.60526556269567,33.5820229752619,41.5430361597162,NA,NA,0.0839511419653444,0.0814385277996386,170.175100106474,118.328934815076
2011-04-11,0.489417455593745,338.847111002604,3.7765792687734,0.559406363258236,-1.60609392519284,33.5850691400973,44.3929602723373,0.00224672448576281,0.00693091412908153,0.0492334687956294,0.0451054390855974,128.585913698326,81.5938260329259
2011-04-12,0.506610108415286,339.258508300781,3.27456669012705,0.475822360135783,-1.59818779794793,33.5805143485392,43.837087444793,NA,NA,0.105114466167594,0.0741209695745904,175.665798568269,125.135195596557
2011-04-13,0.523485589027405,339.709560139974,3.99931955337524,0.38722139134779,-1.58769333272948,33.5762693218719,43.9965638504889,0.0014942651155221,0.00484247777458965,0.0387975151993726,0.0457479340073309,111.964852233936,65.8064088059753
2011-04-14,0.538173067569733,340.03428141276,3.5232944726944,0.316342268671308,-1.5805295078378,33.5725865041403,44.0080369361361,0.00151139283774509,0.00457777641713619,0.0734807693196419,0.0472623863838669,122.227274691337,77.7577835142953
2011-04-15,0.542287022868792,340.230744425456,2.93304560184479,0.247068465008099,-1.57868578021688,33.5685078326921,44.1703814850714,0.002739672032961,0.016225674143061,0.0590177493492015,0.0232927360873025,103.051509944528,62.989455528787
2011-04-16,0.539470956722895,340.390502929688,2.37133879264196,0.184028696772972,-1.57680992658873,33.5645037342731,44.0952325548445,0.00140117075470452,0.0112588552607072,0.0941140349898347,0.0405712604130569,133.914839023209,97.1105802316835
2011-04-17,0.528058818976084,340.550547281901,1.66064673264821,0.153720372741608,-1.5711559684653,33.5508906859204,39.2828306864975,NA,NA,0.103882252287708,0.014843927626323,137.723473185944,106.967190869856
2011-04-18,0.530394248167674,340.786526489258,3.25604266325633,0.109446049156718,-1.575791114255,33.5415743634217,38.5892804439803,0.000461245654150844,0.000762962736189365,0.0662664689711834,0.052395461967453,117.078097924011,77.5824107789253
2011-04-19,0.524679093559583,340.872805786133,2.33559418519338,0.0670826856074925,-1.57473099186904,33.5404901002583,40.4485002854713,0.000628081823898745,0.00149867680322911,0.0271224648152527,0.0183340519582643,83.4586969677768,47.7599107131873
2011-04-20,0.516866156458855,340.885711669922,3.22519059181213,0.0138235281508668,-1.56665391626215,33.5409604409584,42.1126769539109,0.00684619488050722,0.0230005349797325,0.0470122721578394,0.0477855609995978,96.4666289595371,66.7053550500801
2011-04-21,0.52069528400898,340.999523925781,3.14238340854645,-0.0295145914406705,-1.563963466569,33.5337495158489,41.9675417986131,0.0251292180001849,0.0489452153895841,0.0988593192813092,0.0325079490675738,125.159775283996,80.3676148233116
2011-04-22,0.494526625672976,340.84699605306,1.10370683073997,0.0170782233371322,-1.56421816886816,33.5245767894544,40.3383581261886,0.00646170737365117,0.00727749078606184,0.0917115627710981,-0.0274001143984777,111.964782256184,81.0552846602905
2011-04-23,0.452961975336075,340.629306030273,1.62168241739273,0.111194553707999,-1.55091393397267,33.5246628639393,40.9682326818767,NA,NA,0.151892686640858,-0.0190683319828564,174.551812706758,153.578223950641
2011-04-24,0.445161776741346,340.687083943685,2.25198171536128,0.164332555592956,-1.5498847979352,33.5204121295671,40.6492798059507,NA,NA,0.119494879590277,0.0338663670857598,135.433597114603,110.790791225559
2011-04-25,0.455055264631907,340.896651204427,2.71228698889414,0.137265162108312,-1.54472418431949,33.506449434094,39.0918032388042,9.53703420236707e-05,0,0.0762710328725048,0.0450893766001651,103.793657699463,76.7677046526208
2011-04-26,0.43589194615682,340.889418538411,1.25985888044039,0.101149605180984,-1.54035521987686,33.500242405368,41.5768818245795,0.00347389489754186,0.00937768120813785,0.0151972999530179,-0.0203349647441305,70.0418825701677,50.0604366883452
2011-04-27,0.415581809480985,340.888336181641,1.83852959473928,0.0598518654031861,-1.54142451375947,33.5042352604687,44.3441995534682,0.00675173115152388,0.0250359375674564,0.0158535628194424,0.0347199673463303,62.2739466584782,45.8363666081724
2011-04-28,0.418816332022349,341.418412272135,2.05124159653982,-0.0188693671410245,-1.54400137940744,33.4957450207015,44.3872236739424,0.0118531711656144,0.0456999109829871,0.153264871707424,0.0679690804388514,187.690500499759,144.377519842116
2011-04-29,0.422464210788409,342.344963582357,1.83281574249268,-0.10453505391129,-1.5623721475888,33.4819943420869,45.2356612377597,0.00265825194416239,0.00933507351095185,0.142844981198808,0.159173531219699,290.778699574228,178.943269931074
2011-04-30,0.436285970608393,343.477409871419,2.16951857407888,-0.22487068229488,-1.56721495416828,33.4698443592043,44.7635421501963,0.00421128183037841,0.0215046495864434,0.075752447674373,0.118007962654968,177.146803493932,124.270767020085
2011-05-01,0.446131604909897,344.189158121745,1.23052259484927,-0.32028393556637,-1.56990425479143,33.4636374165241,44.1996380762946,0.00928367792692935,0.0905189506773805,0.0441462862536423,0.0448943335787022,84.9385396765797,62.9811671980076
2011-05-02,0.445010578632355,344.529201253255,1.38770696322123,-0.383981801933588,-1.569210126884,33.4631899496666,43.6908052415776,0.0149805007685375,0.146020168431901,0.0983269664325884,0.0800571636037719,132.255612098382,92.7857165487735
2011-05-03,0.449887124697367,344.748812866211,1.95165928602219,-0.385925806134491,-1.56327163993864,33.4608549964159,42.8045061190326,0.0103938671069617,0.0704068870419699,0.160385092930462,0.0215579997748137,178.484782854552,130.94588074647
2011-05-04,0.45941537519296,344.976961263021,2.10054798920949,-0.386479269208989,-1.57562245775882,33.4558413225905,42.096614385906,0.0028332327805961,0.011150993926164,0.123407214865985,0.0598965904122232,151.993502160953,121.850135113329
2011-05-05,0.46772656639417,345.250187174479,2.15448987881343,-0.426036765812931,-1.56346208932705,33.4561395143208,42.6840383916869,0.00504139490630567,0.0459310868888666,0.0411563899676154,0.0653532081304636,90.3285307860598,66.6998315975743
2011-05-06,0.473665145039558,345.291203816732,2.04359011650085,-0.481038924278621,-1.55377647930518,33.4608206641405,42.6794490634947,0.021881533015403,0.197190103615867,0.10785654272632,0.0491806928460535,127.589982038547,112.11641972583
2011-05-07,0.474480358759562,345.315299479167,1.96845196882884,-0.483690588658017,-1.55753966560937,33.4682094315837,44.776736237949,0.0401229482280665,0.145146490242752,0.0881090022455481,-0.00723724675021674,94.6581217264265,59.2845962376386
2011-05-08,0.465358638763428,345.299984741211,1.22101715405782,-0.492482672396459,-1.56723445250576,33.4754491246733,46.2860255671623,0.0488132024752409,0.131358229295286,0.104894181797491,0.00783384885442884,110.48710981106,66.2689985095795
2011-05-09,0.456989405552546,345.504530843099,1.62665233612061,-0.521653777758654,-1.5748709673272,33.4722424987564,44.3103537738771,0.0686341197916159,0.148866076316488,0.117663768953399,0.0716175335578452,153.947570571802,147.7192249245
2011-05-10,0.453866891066233,345.73681640625,1.66111390590668,-0.536850621321596,-1.57187418606048,33.4755067036564,44.5369479602441,0.0451397631669887,0.0960798260242304,0.0503119424797763,0.0202798937636435,73.3401344882887,53.6396279789238
2011-05-11,0.447581142187119,345.712824503581,1.61563851833343,-0.554396242743596,-1.55559382223545,33.4901351068253,47.6008457097792,0.0559862629787058,0.121027115662407,0.072340340262517,0.0102019016315838,79.1055408815147,46.2892914160806
2011-05-12,0.438447226087252,345.738516235352,0.979812967777252,-0.573753694898652,-1.54406219003792,33.4984818508751,48.0884535187169,0.125722167747062,0.175900713767152,0.133739910039463,0.0160830249743802,141.737424939021,102.009884913611
2011-05-13,0.431353548169136,345.763487752279,1.25480100512505,-0.597271764160771,-1.5506397266137,33.4946498153801,43.7831637016813,0.153429687120176,0.173171346101703,0.114582087914634,0.0432789179083324,125.557536952347,102.30400973718
2011-05-14,0.427991434931755,346.040619913737,1.03378522992134,-0.582487954344965,-1.55256836217149,33.4992448190101,44.0728600688447,0.116989605063281,0.126902161777252,0.135020311291617,0.0320306670873013,146.376928118164,122.735246953766
2011-05-15,0.413992697000504,346.313350423177,0.525454811255137,-0.562703698649442,-1.5564210370071,33.5036216965295,45.3785017845326,0.0778913983295477,0.0765801661236342,0.165428678260038,-0.00424046664589778,189.75343063353,155.225592497467
2011-05-16,0.394949348767598,346.654631551107,0.503383209307989,-0.511922734936601,-1.55612273323805,33.5134656088693,47.6656689392893,0.129464372696186,0.0631178273734721,0.184168879320859,0.0334005580752864,225.685902832198,169.012108005927
2011-05-17,0.377326693137487,347.110100301107,0.329482923944791,-0.489120590535546,-1.54554566046349,33.51079808859,45.8884820077652,0.254470965266228,0.130924402177334,0.166250154081928,0.00782237584261518,195.280593729993,161.369039939022
2011-05-18,0.360294543703397,347.490997314453,0.450611454248428,-0.469209671328615,-1.55267276396429,33.502072355801,33.8491589252214,0.116546796427833,0.0740921591512031,0.150410358815041,0.0482995568361497,179.076516446571,135.374292645254
2011-05-19,0.360545286536217,347.854066975911,1.43125739097595,-0.515568435696283,-1.54800320567941,33.4956815475808,33.2852548584902,0.0305505539290607,0.0351573235541582,0.125662830679264,0.0411104975002153,148.790326723407,118.146650954361
2011-05-20,0.364521073301633,347.954853312174,1.1546404282252,-0.533573894824525,-1.54268770379231,33.4976778962558,39.7830591094225,0.0062638402898581,0.0196190418491324,0.0810690930855453,0.0235749748920588,88.9290872711595,47.1550949056076
2011-05-21,0.357092776894569,347.841368611654,0.979875763257345,-0.560225504457502,-1.54677672628173,33.5024506991967,43.749891800988,0.0109080638850705,0.0982926328894946,0.0918882490324795,0.0701375008469686,116.835616977009,72.8695313334803
2011-05-22,0.353981800874074,348.063875325521,0.639145865043004,-0.613225828884239,-1.54875239931551,33.4999036573826,43.8095519166244,0.0163205235024731,0.171804198583008,0.115504527170407,0.0700319479254628,145.823211551865,104.400154215349
2011-05-23,0.342356610298157,348.080834960938,0.22032770216465,-0.615511277396428,-1.55292287894658,33.5002077145684,44.6138179033322,0.00971637433930033,0.0781379080131307,0.132216279205859,-0.015692938777401,139.174268745207,106.916082314432
2011-05-24,0.325801825523376,348.000490315755,0.208308290938536,-0.573428775975131,-1.55765439648377,33.500173367952,44.6556948647463,0.0250972351318018,0.0765505944275194,0.107078664943128,-0.0146144651492736,102.423108500906,68.4093428956195
2011-05-25,0.321022857228915,348.116932169596,0.777306632200877,-0.586249302036332,-1.55793548436989,33.4928421508101,39.828377874274,0.0124076815554872,0.047367269716536,0.120451738511709,0.0314868411147281,124.747734632321,99.297864170847
2011-05-26,0.317385898033778,348.73532409668,0.419049058357875,-0.571903309203628,-1.5571564615221,33.4933813711754,43.4883044823668,0.00555327880595412,0.0293195682710835,0.176429110418137,0.0533179013212597,220.901142521879,175.982722311722
2011-05-27,0.30797730187575,349.253113810221,0.350395707289378,-0.549346230279906,-1.56280353418867,33.4954465708338,45.9601891309695,NA,NA,0.1732671166301,0.00103717039626344,204.199055817694,181.971518932049
2011-05-28,0.296191427111626,349.303313191732,0.396507913867633,-0.521521612861775,-1.56881086180981,33.5032769970428,48.4435466572754,NA,NA,0.21585535230045,0.0472119045688918,290.005115722982,200.106406440595
2011-05-29,0.290352623164654,349.797371419271,0.379304044445356,-0.521119592081111,-1.56825326663211,33.508101628239,50.1679574027097,NA,NA,0.150233672721718,0.0463238848387299,187.894774606568,174.604629491075
2011-05-30,0.287637402613958,350.062665812174,0.489891373117765,-0.522650566036092,-1.55291026068809,33.5104480112406,50.959029244301,NA,NA,0.177941266391286,-0.003400633965892,217.847368255841,207.063197484357
2011-05-31,0.287544763584932,350.255941772461,0.485219963391622,-0.525464693378461,-1.54356539921653,33.5134883823251,51.1357153878176,NA,NA,0.151110219412056,0.0257846984620157,168.244846632717,150.567934446471
2011-06-01,0.284583844741186,350.353151448568,0.286330780386925,-0.544001589480199,-1.54326824451748,33.513832579878,50.8104523214182,0.0015200059339083,0.00413052243148458,0.0794628554801071,-0.0148003298677224,82.1336023432862,48.1037495759165
2011-06-02,0.283714330693086,350.558293660482,0.549976055820783,-0.591632494072717,-1.55498001225909,33.5193396690197,52.0415186523495,0.0112023977089987,0.0970599677884716,0.0437263694304721,0.0640475665660281,79.5173931593352,45.8197961832319
2011-06-03,0.282706145445506,350.85641784668,0.17202077160279,-0.651535968135174,-1.55336344824698,33.5235330682052,52.2468876444307,0.0103992429344852,0.0911725274587711,0.145729324843426,0.0444652389006731,166.076946895006,137.496680096559
2011-06-04,0.278242967526118,351.392982991536,0.235906664033731,-0.669376215764454,-1.55365601069945,33.5249270388955,50.4823209325174,0.00411684599066199,0.0247931361490907,0.171110168981709,0.0798483527496569,230.005239531471,182.605335798181
2011-06-05,0.270987717807293,351.455181884766,0.181725173691909,-0.723805631013741,-1.55931111923734,33.5264529034607,50.9596029582776,0.0123558373214971,0.101519936772722,0.0682237838864102,0.110580262328897,153.715188708629,88.5630406983169
2011-06-06,0.25931731214126,350.872758992513,0.226167241732279,-0.824706709026394,-1.5704377490775,33.532837573747,52.9605156604509,0.0415030217071281,0.219472254549426,0.00448369657746831,0.0829552747309208,104.597410441905,68.6040419163905
2011-06-07,0.254901547729969,350.554914347331,0.405741042892138,-0.885345379436823,-1.57560180766242,33.5449415794889,55.2752185011269,0.100468568139731,0.244222650808611,0.0541531447797341,0.0257388061766786,72.6598430256768,36.1289046443579
2011-06-08,0.256607850392659,350.579725138346,0.315892937282721,-0.938279620686868,-1.56193501787974,33.5527204786028,54.8449764466824,0.116887612481027,0.227314134380479,0.127152042701504,0.0457961210714919,140.956215581013,100.249282118135
2011-06-09,0.258920987447103,351.114264933268,0.304377448062102,-0.993535103206348,-1.55082788951415,33.5535236444688,51.1368626329236,0.110259355012594,0.224437069630117,0.131293840090135,0.0697382358287958,169.303489206398,144.65922244308
2011-06-10,0.259732953707377,351.365500895182,0.283722809453805,-1.03665569424629,-1.54632009957966,33.5563632706951,50.6469601724381,0.101365411040206,0.187879573688406,0.0942677751995791,0.0228200434125904,105.534749567186,80.4062789908526
2011-06-11,0.252432132263978,351.108161417643,0.116715039561192,-1.05376349960951,-1.55271062994362,33.5644633501096,53.9598249385231,0.146662376187322,0.160956454785415,0.0453876779603779,-0.039772731174988,76.5632749137743,58.2779425011123
2011-06-12,0.243013179798921,351.168642171224,0.0987298970421155,-1.06660329735369,-1.55019112681984,33.5653640488933,49.0544904694521,0.343442473020828,0.222923839422451,0.0588663035261452,-0.0118448531213111,66.791360513094,36.5017400988718
2011-06-13,0.236663913726807,351.405019124349,0.118803563217322,-1.09458211871018,-1.53851263774069,33.5596159741394,42.7305043335248,0.378202310179511,0.207211702569004,0.0609085202161083,0.00970626287722498,71.785809898728,34.7328542316031
2011-06-14,0.230786231656869,351.73955078125,0.0712240216632684,-1.12228558005247,-1.52935478606618,33.5526633298487,40.6395275144649,0.335416583705289,0.171404221144421,0.0567460706863636,0.0174230860084071,70.0429330297118,27.4653675853622
2011-06-15,0.226627312600613,352.216361490885,0.153578431159258,-1.18231021125514,-1.52646471100642,33.5397847397883,35.7445190221743,0.353872790206417,0.185573884995336,0.0971108148980858,0.0376754438966737,103.084849872052,66.6501209632705
2011-06-16,0.222822915017605,352.546158854167,0.0895401036987702,-1.19727024973783,-1.52933528190269,33.5407771060341,38.4625020708357,0.360458202120629,0.181193226429283,0.0879667351456513,-0.0144148327662308,84.0025663948066,53.8729915043503
2011-06-17,0.218142389257749,352.874237060547,0.0773478645831347,-1.19877368592678,-1.52698214430558,33.5406794870706,41.3474192153242,0.49360419038151,0.216784000036721,0.109923999560507,0.00189535999040406,109.978885357017,81.9873672706535
2011-06-18,0.215210336943467,353.244421386719,0.118070918818315,-1.21514353783507,-1.51807900344519,33.5411499281575,42.3490230194608,0.262705154217901,0.133329396342616,0.0717368541159352,0.010548390111977,79.7441175545015,31.8427061740437
2011-06-19,0.211307780941327,353.374947102865,0.0909842953085899,-1.22027340015971,-1.51197644776868,33.5493016493948,45.3916956464151,0.25189329462504,0.15696093922523,0.0387424445690069,0.011202358157563,61.8636917230623,29.467621731372
2011-06-20,0.206130291521549,353.272270711263,0.0875337411959966,-1.25101403231011,-1.51798148128323,33.5551242971779,47.4264543612201,0.288345847821521,0.256977895316773,0.0923127542789045,-0.0171110168715617,98.0067518876208,60.1628280346869
2011-06-21,0.202850670615832,353.826620483398,0.118416038403908,-1.26252938011535,-1.53154041802973,33.5551529934532,47.0891445919983,0.216941570548019,0.1152590021344,0.142041862711198,0.0760668109458192,181.36031542069,91.7238264667703
2011-06-22,0.200100622077783,354.397432454427,0.0963734738528728,-1.29827320598122,-1.54315810051179,33.5512406055192,43.9518185558176,0.200884646766721,0.123898264395311,0.119492584699415,0.0202477690168565,137.646988324485,78.9977946744758
2011-06-23,0.196071149408817,354.48505452474,0.148049213488897,-1.30863756546401,-1.55509933045036,33.5565641446221,46.8614029597519,0.168220663649779,0.12427687738791,0.152340138933264,0.061287132911104,190.719818117742,122.463234717498
2011-06-24,0.19092082430919,353.986130777995,0.18426853120327,-1.33253562808933,-1.55402544880272,33.5681404457953,52.4241470358426,0.18509834469121,0.345779875503447,0.10802634467924,0.0883958299217143,167.354013809419,92.475022716145
2011-06-25,0.187516956528028,354.153754679362,0.0843998028586308,-1.37809585494206,-1.54698783562596,33.5637864421185,46.4833634849778,0.130603014518633,0.167607997764686,0.201653919511832,0.0243207278584403,266.394318080738,199.774976821563
2011-06-26,0.184557959934076,354.865197753906,0.089550955593586,-1.37958277168131,-1.56245704611441,33.5654615387881,50.5138719350772,0.0672189850787011,0.0715519774609083,0.17672970496062,0.0244354590689553,219.737319872939,158.491331566598
2011-06-27,0.183142824470997,355.480081176758,0.150652286410332,-1.39894023201519,-1.56870072273383,33.5715881577112,51.6789674472092,0.0241725814250417,0.10700982596193,0.167897694527095,0.0504427365958691,213.468416871926,145.902002038092
2011-06-28,0.180773241321246,355.956247965495,0.0817079987376928,-1.42557531886531,-1.5693523960006,33.5775713956446,53.0551687649318,0.0184436203181898,0.120439117630818,0.2028677753712,0.0300435220920726,277.59285141211,189.795503379988
2011-06-29,0.178045462568601,356.395621744792,0.100047858680288,-1.43136603289977,-1.57259470089934,33.5833079832837,53.8829546942747,0.0171124509805323,0.192028542154266,0.119705985041153,0.0530792603311234,152.230842995812,82.9111591398685
2011-06-30,0.177071507275105,356.583330281576,0.139956347147624,-1.45116405357096,-1.56659310876875,33.602904197865,55.6882508249211,0.0521812014267745,0.45811609879024,0.0902177617233947,0.0640475667200815,124.748979702146,48.7140893753851
2011-07-01,0.175420286258062,356.173892211914,0.144554590930541,-1.46809562906287,-1.56206466515261,33.628064650342,58.3064177090064,0.114281348646023,0.480999246351701,0.0570145415744387,0.0508144655846115,93.4112072391433,27.8147259563575
2011-07-02,0.172011217971643,355.744654337565,0.0425303059940537,-1.48565777553652,-1.55667688613547,33.6457619631201,59.6464784557658,0.15260660172181,0.481073821173575,0.118189237997832,0.0120513691545877,130.376360740908,50.6044909955138
2011-07-03,0.168529537816842,356.156551106771,0.0553655952836076,-1.5414336745004,-1.56945565051602,33.630606070497,33.0018686100953,0.111808890519713,0.429014519809332,0.142248378618431,0.0419411516531294,166.31876140383,77.152968482079
2011-07-04,0.169198878109455,357.366876220703,0.180945677186052,-1.57096274320344,-1.57508322170803,33.6238886180677,28.9610342585055,0.0658233194433405,0.358357287187101,0.119368674835764,0.0782857132809503,158.583634084681,77.5271837883759
2011-07-05,0.170125203331312,358.191797892253,0.133624145016074,-1.57013942962302,-1.57116973489747,33.6236476181145,37.2813440301365,0.0280198065959673,0.192800110318047,0.133455376413868,0.060516139170281,168.984165966339,93.3173471837451
2011-07-06,0.169861370821794,358.127112833659,0.246277653922637,-1.56600359552785,-1.56121794845825,33.6273360575052,42.0220390370018,0.0267213358722375,0.21562588987942,0.0840268645127465,0.0135084560519098,96.4978969363487,28.8324220805613
2011-07-07,0.168447350958983,357.256889851888,0.246792824814717,-1.55029184208777,-1.54722417790191,33.6442588863516,54.0183376979111,0.0435591488691481,0.437785723715796,0.0675629318404691,-0.0353257482997457,88.1104749239947,40.4206303260046
2011-07-08,0.16474683880806,356.226123046875,0.14885781009992,-1.53817897900603,-1.54035866170898,33.6611072999194,61.1930558878676,0.066518590736546,0.482565325341727,0.0940314285261066,-0.0375928375729941,104.285601053357,57.1124955225364
2011-07-09,0.162852293252945,355.755085245768,0.188641160478195,-1.53948691196011,-1.53840823549973,33.6712898168349,62.9685224052659,0.0798255497225581,0.486058892500132,0.074676268390919,-0.00244836471414656,78.6687940554959,27.7125403151482
2011-07-10,0.160494745274385,354.831304931641,0.154516213635604,-1.53917576451051,-1.5363074980284,33.6885624505523,65.6503655749156,0.154509992919918,0.488697710005861,0.0602545517783864,0.0269733141491512,75.3452756048774,20.0887967637934
2011-07-11,0.157720884680748,354.257089233398,0.116444867352645,-1.53611106263067,-1.52986419604237,33.699656809183,67.5893239724009,0.187880434123869,0.488052346428534,0.128482924760284,0.0205644272912042,137.280123182733,106.562591686617
2011-07-12,0.156545028587182,354.405822753906,0.143624833474557,-1.54059384012581,-1.52872147506341,33.7028462833032,67.8864779328941,0.165117469413164,0.483663876253859,0.0928726432550895,0.0309315419062636,97.1473137082931,51.4578620984341
2011-07-13,0.156456611057123,354.782406616211,0.175528082748254,-1.54422577386512,-1.53829234972932,33.7078484700138,68.0516907577228,0.165052789970672,0.47951634273045,0.12486430151122,0.0719823788263296,156.513002732003,145.848151224777
2011-07-14,0.155905863642693,354.834683227539,0.155713859945536,-1.55377233028412,-1.55562250506609,33.7132636765788,68.101025405683,0.162634399288887,0.47577036883598,0.137381479928368,0.0516221735318352,160.924619200303,174.0039476596
2011-07-15,0.154329595466455,354.33405456543,0.144557536641757,-1.56006419076059,-1.56660343605773,33.7216274003337,69.1697472271166,0.183731896256594,0.477327845934638,0.0770489106276878,0.0329186868454729,87.9318529495503,49.0082156991134
2011-07-16,0.150964503486951,353.507314046224,0.102680534869432,-1.56465160667448,-1.56597814613715,33.7336969447315,69.7617601953951,0.223067500754575,0.479536421765062,0.14967837384937,0.058655198397381,181.629281088668,209.362331083928
2011-07-17,0.147811974088351,353.198426310221,0.0948914758861065,-1.5866084148113,-1.57586683411347,33.7331806555726,65.5287506598279,0.183387559295905,0.464036231874523,0.12053893408493,0.0780493669155845,161.820865016972,167.576037930371
2011-07-18,0.144722059865793,352.67177327474,0.0774589190880458,-1.5852041002503,-1.57582094525932,33.7481708096382,68.3717908321467,0.261819698000537,0.474777943657753,0.0853761035416808,-0.0185772821139124,92.4426349669305,65.2375004964012
2011-07-19,0.142264858881632,352.678068033854,0.0751367896795273,-1.60215495313917,-1.56684436565055,33.751589753574,65.9050685122497,0.238364760574878,0.45186898403598,0.164067965378999,0.0507318590928737,197.156004996033,201.712338187974
2011-07-20,0.141476611296336,353.350845336914,0.0992677959303061,-1.63416496748315,-1.56094718517217,33.7425200096647,48.9862255440619,0.199781648856693,0.418571108826121,0.131734408270148,0.0103349899943162,147.487348981985,137.670680329243
2011-07-21,0.141648520032565,354.064797973633,0.137958563615878,-1.67414650881201,-1.55264867024314,33.7237384337232,21.580947008348,0.231232923549194,0.356349490341359,0.101619752502083,-0.00952957668586781,114.967087170831,74.2490103099511
2011-07-22,0.142851156989733,354.007289632161,0.207183217008909,-1.66384548262546,-1.55340819609793,33.7381198424146,43.3890617521186,0.319753380296262,0.368083627768477,0.0488204366170374,-0.00976133378768774,75.0872343325185,38.8920079173064
2011-07-23,0.140541379650434,353.197224934896,0.0939972712347905,-1.64700201445056,-1.54551353893782,33.7504650058603,60.4834438840249,0.40692330742801,0.371439515704051,0.0558947647844714,-0.0625445872433203,100.144673957001,53.201888468331
2011-07-24,0.13865988055865,352.548485310872,0.173994729419549,-1.64773721578426,-1.54938112748297,33.7574406674034,65.8281990890216,0.50901718689759,0.380170562213525,0.0236323409314666,-0.00687699046518121,62.8363739650589,41.2091006260009
2011-07-25,0.138560162981351,352.004126993815,0.147693168868621,-1.6495986137175,-1.55310530232308,33.7643021461659,67.9989143063251,0.601895995718196,0.402121518563507,0.0554932052815767,0.0244721731913269,78.818865506803,28.0784725496518
2011-07-26,0.137815503279368,351.567640177409,0.164585715780656,-1.65204927482103,-1.55277143743701,33.7681630500277,67.010504926954,0.667115971586086,0.424603104479331,0.0825950187679968,0.0645202594087984,122.084941834797,47.5224044972469
2011-07-27,0.137927823265394,351.004529825846,0.21192010641098,-1.66125989408421,-1.54810416877718,33.770038733805,65.0514687846478,0.704764742110121,0.448326656244751,0.0438709310571054,0.0492426474487647,88.3875635590932,39.1336630772344
2011-07-28,0.137516811490059,350.114182535807,0.177061799665292,-1.66562978351923,-1.54704863818965,33.7790169966848,67.8818883824169,0.719271645314039,0.470690642196433,0.039855337638716,0.0367254694237521,81.8646374670375,41.2049535192872
2011-07-29,0.136603395144145,349.560074869792,0.127304714545608,-1.67272567659392,-1.55342196297825,33.7842086419127,68.3310611445205,0.738482961697238,0.484707932723196,0.0333156568187296,0.0471820745309045,84.0282174519004,43.6394197285769
2011-07-30,0.135819477836291,349.060172526042,0.141292986646295,-1.67504967603468,-1.54224828714715,33.7922512857537,70.1294731806992,0.739619948081952,0.5057094852279,0.010546095249124,0.0324253426878748,74.272683699543,49.9996729461227
2011-07-31,0.135900504887104,348.570133463542,0.163329111536344,-1.67638239286896,-1.53317304840662,33.7998465344422,71.293421652084,0.745263146194524,0.519809954036447,0.0687079491808002,0.0255483521526693,92.5461090838689,36.1620434546961
2011-08-01,0.136875334878763,348.557871500651,0.175621822228034,-1.67805655154967,-1.5388304389509,33.805778073189,71.4637973900128,0.757403004690445,0.52841192954465,0.051353702279634,0.0231206391314815,82.6910582896141,31.7211858364264
2011-08-02,0.13731258114179,348.335110473633,0.179827137291431,-1.67938651671087,-1.5425706810521,33.8146123240765,72.6357770647321,0.795068981952237,0.546823424168099,0.0631090651609396,0.0167599393517003,89.1033815732856,31.2047449318258
2011-08-03,0.137610967457294,348.127491251628,0.1627996707956,-1.68440348268452,-1.54928245983626,33.8207503440685,73.2897449973831,0.824308668760429,0.556486662617303,0.0703279546749099,0.0262642753751654,94.4342612365569,26.7859829271421
2011-08-04,0.137646389504274,348.128513590495,0.173621046294769,-1.69026579265308,-1.55549630276243,33.8279265640374,74.164570754632,0.836561534525757,0.575276772778733,0.0486208042339947,0.0477236057946781,86.7162905081029,34.0520867044252
2011-08-05,0.137058487534523,347.950735473633,0.183978918691476,-1.69694865601403,-1.55548597681791,33.835745316699,73.6488537214752,0.826555249302235,0.598567213779105,0.0732122977173194,0.0632237963854594,110.707391811107,44.2828997036976
2011-08-06,0.135950360198816,347.681322224935,0.192701967060566,-1.71060626399248,-1.55385335092258,33.8402426726836,70.4432627491485,0.814442498889521,0.580694952181407,0.102842787462742,0.113453132625585,181.875528947815,106.702061913276
2011-08-07,0.137169814109802,348.027572631836,0.373342245817184,-1.72273565055732,-1.55803874650396,33.8400188532091,67.2336565211303,0.795028824744312,0.570024949939627,0.0999515604199772,0.0905298310423032,155.20961792047,103.723531097969
2011-08-08,0.14084424128135,348.571157836914,0.475776023169359,-1.7364510790746,-1.56267962419897,33.8402539733657,64.655645438603,0.79065943069588,0.561787247769815,0.116539402731827,0.0795752928361185,163.449671943676,125.509407733977
2011-08-09,0.144903705020746,348.837279256185,0.420670184493065,-1.75029041847788,-1.56708530151754,33.8387452175743,61.4420233310613,0.800773275490934,0.561893373951876,0.110057087825205,0.0516382356111268,133.902282380594,110.775599354511
2011-08-10,0.147575887292624,349.194770304362,0.243218217541774,-1.77468962239144,-1.57188107106919,33.8179791099147,35.4410550576404,0.848620934145791,0.566766583717855,0.0880722878850941,-0.0112918485096075,92.7024974566292,51.5697162593203
2011-08-11,0.151205702871084,349.946856689453,0.566452955702941,-1.78839679723395,-1.58428122047195,33.8144282577629,22.5877137076586,0.833642915955612,0.571089082418528,0.0412734155228039,0.0472164937764182,74.7151024407004,42.9986945182948
2011-08-12,0.156353418529034,349.659531656901,0.672626659274101,-1.79380201441901,-1.58004419785693,33.8263602579447,44.9138401146222,0.836987760506178,0.575595150764723,0.0485680279062879,0.00670718823216463,63.4143823596248,39.6432017057453
2011-08-13,0.16008682847023,349.386348470052,0.589678173760573,-1.80151746057926,-1.58063047272818,33.8295669268845,51.5848882108703,0.858263522120459,0.579458728432655,0.0522256597344364,0.0553165194963602,82.112601399694,62.0145632454633
2011-08-14,0.163308255374432,349.187283325195,0.489273409545422,-1.8078836677666,-1.56756717325153,33.828872709346,53.389037099996,0.860111699544622,0.578225363690154,0.0460072264103289,0.00937813126895213,64.2932679282611,51.6194253934646
2011-08-15,0.16613493313392,348.82212117513,0.504903307060401,-1.81442610303262,-1.55615945149185,33.8319302322273,54.3137708785839,0.878303196393234,0.583236252230809,0.0651099778207621,0.0021890721430904,74.9418200097041,54.3093467638158
2011-08-16,0.168342011918624,348.576205444336,0.402466772248348,-1.8212136021234,-1.55090819713765,33.8345288441594,53.1561328127868,0.91554897306557,0.594135716669542,0.101337513711331,0.00770076082781293,104.800780046624,88.641749491988
2011-08-17,0.170913681636254,348.706798299154,0.441586665809155,-1.82403874531724,-1.56150821859675,33.8359802360822,51.1672664979347,0.938269342470886,0.613109398605232,0.175752195382589,0.0121385651199441,207.436131449111,192.156773005344
2011-08-18,0.17481040507555,349.186163330078,0.569854287306468,-1.8206601375924,-1.58882457779762,33.8384412894572,50.209834367709,0.936627252881688,0.642147872456931,0.132386081648948,0.0522118920558377,153.33698600286,140.020899779576
2011-08-19,0.180702689786752,349.494543457031,0.763232532143593,-1.82377440454368,-1.59790211154106,33.8368407944988,50.3968460506066,0.90433628929961,0.645767643487543,0.0730310225425134,0.0531916965107272,109.154417997756,97.3812317474162
2011-08-20,0.188785742968321,349.444086710612,0.572101341684659,-1.82567985837621,-1.58362954944596,33.8365884221586,53.0683632936693,0.882749893695564,0.641861046839477,0.122138287605984,0.0150252033473182,153.546287786116,157.470856995263
2011-08-21,0.195656385769447,349.498689778646,0.443548955023289,-1.83577161758466,-1.5756649083661,33.8331235010821,50.119196644403,0.919431191750039,0.655729185593756,0.135591672229251,0.0296396682725141,170.25492509688,176.337608096318
2011-08-22,0.204513523479303,349.990569051107,0.895920651654402,-1.84445356023043,-1.57770023982328,33.8293546662295,47.1688825851096,0.93032420622675,0.659796408020464,0.140174037951948,0.0100619296186176,166.465016190361,164.107293204372
2011-08-23,0.21295393606027,350.415634155273,0.960590647657712,-1.84426356796035,-1.58774036930916,33.8356017492768,48.6747300427659,0.966382801532745,0.686307928615943,0.184359332588606,0.014559394126772,223.274917277952,204.279381163377
2011-08-24,0.214415329694748,351.162563069661,0.999332325657209,-1.83722824844203,-1.59901271278697,33.8383380058117,48.6942344285492,0.940093711018562,0.716680154540485,0.174001396556658,0.0831434344102566,244.143874962839,223.647332686074
2011-08-25,0.211952295402686,350.961140950521,0.937693306306998,-1.82533291094285,-1.60542733373499,33.8368292643612,48.6231012308508,0.837875208575839,0.727984049210423,0.117824392659324,0.0880585200804517,190.18000196673,166.882827886295
2011-08-26,0.214526262879372,350.89157409668,1.06854623556137,-1.82548711174413,-1.59286311604923,33.8359687059446,48.1463928617033,0.78029260356977,0.724206523003435,0.132115316178117,0.0510439279916367,182.705276896673,159.691304775516
2011-08-27,0.219641570746899,350.849698893229,1.28494186600049,-1.83046277438788,-1.58314079449589,33.8405750819615,48.3718397706971,0.754748123888753,0.737463719694686,0.170839403720951,0.0295088745905717,231.508164845484,193.801387175014
2011-08-28,0.227799757818381,350.767637125651,1.43934022883574,-1.8353971359425,-1.58518644920865,33.8459846525264,49.2007730957261,0.738247761940514,0.748561096370668,0.128040062473681,0.0248920895663419,163.980159851145,109.579777685363
2011-08-29,0.239037320017815,350.229904174805,1.58720872203509,-1.83802127031455,-1.5839703015815,33.8552146567438,53.0918834012254,0.734240774520414,0.751096657904467,0.137032696837209,0.00444239354167218,174.880190684691,125.336796050631
2011-08-30,0.248084951440493,349.771765136719,1.46348889271418,-1.83859676391559,-1.5772952325362,33.8644619418266,56.3112423437879,0.739696100769088,0.747210138554412,0.168391038880761,0.0474138316327244,235.832383751592,188.087361988848
2011-08-31,0.260072350005309,349.630513509115,1.51210769116879,-1.84238839956155,-1.57600221598059,33.8698371944571,56.9669313143967,0.72720201300191,0.747941549559285,0.171782494025459,0.0492954237764715,240.937995318249,185.235882194771
2011-09-01,0.280391290783882,349.76042582194,1.28398577173551,-1.84502630350285,-1.5806488327514,33.8738756968563,57.4562601361956,0.757731851330377,0.750379587250545,0.178354298821966,-0.00223955383202187,233.733437245486,148.422075575171
2011-09-02,0.300193154315154,349.894101969401,1.59047075609366,-1.84554671882687,-1.59696935128449,33.8776272938664,55.1576193436644,0.837865885263099,0.720400314806099,0.18507525557302,0.0272234283191593,236.183156160808,132.772740126677
2011-09-03,0.33376593987147,350.629624430339,2.11194229722023,-1.85119149604238,-1.60146681617077,33.8737895650075,49.2191298491973,0.882794781510991,0.688332934352688,0.131495767336031,-0.00711563146932233,140.375818621949,63.1026851252562
2011-09-04,0.37892360240221,351.283460489909,2.64080126682917,-1.85666555435138,-1.60491793451453,33.8648979502513,38.4384086795319,0.895782789565567,0.672141489789898,0.0859635275669564,-0.00396511161741906,81.0878317749843,27.0925332096147
2011-09-05,0.430776047706604,351.67548828125,4.02695813179016,-1.86528416190829,-1.60756248594227,33.8518016212865,23.7923917017485,0.874024581640287,0.671567831944702,0.0713995445407647,0.0420031064098939,78.9751837518771,23.8585530990392
2011-09-06,0.471480480829875,352.047576904297,3.19066236416499,-1.85532732520785,-1.60972058055992,33.8620124616121,37.670282962627,0.823256583702295,0.686881582091625,0.0369870565075399,0.0682100160117436,83.5519393883666,23.274446226694
2011-09-07,0.502439725399017,352.642604573568,3.35747474630674,-1.85370548999399,-1.61539977520032,33.8653281505843,44.3889447047298,0.784789063682416,0.697875705652667,0.084010801859256,0.0738639712501737,128.573160367634,31.3773509179369
2011-09-08,0.499181671937307,351.690545654297,3.12531475424767,-1.84769174075664,-1.6182588778044,33.8741910403832,53.425177355458,0.741909695873247,0.706213796721365,0.0602981490888318,0.0596786011150457,111.607306081722,20.8137499051868
2011-09-09,0.507942005991936,351.28073832194,3.03197680711746,-1.84456645725365,-1.61231120591773,33.8764800021523,54.4566114755501,0.736364592475943,0.712389206975923,0.107117673774299,0.0351123480420364,142.146315466503,37.6713248460896
2011-09-10,0.508458994328976,350.981408691406,2.80746323664983,-1.84134205033008,-1.59995809399096,33.8813273207586,56.9491477263601,0.714577706363507,0.701254538911626,0.133854641418036,0.0523748104145428,178.31402529457,57.2519669965191
2011-09-11,0.51571157425642,351.036642456055,2.97225770552953,-1.84396893278997,-1.58907698912728,33.8771224631403,53.0000982714775,0.725949577237935,0.677381837614497,0.149774748341818,-0.0106585319749171,180.817434420225,57.5391897631228
2011-09-12,0.524503949284554,351.00461324056,1.85888346930345,-1.8364297147084,-1.57118006218645,33.8724414997531,51.688146612698,0.797974695164458,0.641430805052133,0.172431873479732,-0.0676822523285348,238.703737376397,98.6088106895469
2011-09-13,0.55659036586682,351.400987752279,3.52456460197767,-1.83545220704903,-1.56604010270054,33.8663492704693,48.0488715243519,0.844793500308704,0.624958265880893,0.139058850425527,0.0293895539904672,167.659765553285,67.8998060032483
2011-09-14,0.618711877365907,352.201192220052,3.5077698469162,-1.84033976192761,-1.55843916244077,33.8528854972438,38.9002020161851,0.850708326002709,0.621160661815701,0.13868712139477,-0.0463215901299303,192.454130691602,98.0150491360752
2011-09-15,0.683283602197965,353.287025960286,3.70405503511429,-1.84646640325847,-1.554229669553,33.8256772693835,29.1033010375231,0.857709657820992,0.580491306694379,0.16349660434333,-0.00918308833151832,226.059595772927,96.2047386560477
2011-09-16,0.735342059532801,354.21587117513,2.85198893149694,-1.84214333663309,-1.55616862522928,33.8050661015331,17.9818278434581,0.793349018054349,0.535516660968612,0.159341038659887,-0.0381871455005909,238.423545005529,118.272307948142
2011-09-17,0.77228487432003,354.653475952148,4.39184648195902,-1.83359906816841,-1.55402315379982,33.815523577812,29.5094496002771,0.754656481581103,0.513419426109334,0.155564086371683,0.0484739482486831,229.695083679626,67.3350286357475
2011-09-18,0.820379360516866,355.345180257161,5.8253245194753,-1.83292444890603,-1.54996740549131,33.8127069831791,31.2545118762138,0.777451999065347,0.551771209428185,0.150486081782588,0.0717735680422388,248.81978317831,82.6059939513092
2011-09-19,0.874303481976191,356.231028238932,5.54668491681417,-1.82990105170056,-1.55291369893497,33.8093166207909,30.471471148326,0.806011904703271,0.581535360642842,0.117491671871534,0.070720335272582,214.090562600639,59.6767636410772
2011-09-20,0.888895886143049,355.798043823242,4.77416623433431,-1.82227647080457,-1.55412182144653,33.8121331580599,33.8623530775085,0.800317362188957,0.6047684338532,0.0869157970287746,0.0246878677797049,176.039918416316,51.9218344181602
2011-09-21,0.860239425301552,354.502705891927,4.08323247432709,-1.81760094085134,-1.56844946047417,33.8188506248302,37.2543822661378,0.774510002632002,0.619841252390603,0.14307903278535,0.074683152685376,265.074342773792,57.7725514849867
2011-09-22,0.822825125853221,353.636395263672,3.98175963958104,-1.81116865496886,-1.57318900536774,33.8301630235256,44.691835116623,0.70627517835062,0.624198172885672,0.163735245109389,0.110876268700213,337.987450364255,112.196511691862
2011-09-23,0.814131596684456,353.929548136393,4.06043798923492,-1.81124575156018,-1.58335075252935,33.8340753397547,45.1960790677178,0.636856899288644,0.603021653187006,0.185740696798478,0.0734073412009424,351.168396075866,89.4481736252656
2011-09-24,0.833301439881325,354.62001546224,3.48081123828888,-1.81388365326071,-1.58524955349757,33.8317406016185,43.3970932637839,0.664760540134476,0.593476015374176,0.228624939554392,-0.0311380582756566,425.303832178431,164.296483032581
2011-09-25,0.881834279497465,355.396495564779,5.44736737807592,-1.81338800926854,-1.59082549227808,33.8340295347056,42.0868623059495,0.733293096149774,0.572006930534105,0.192016496344056,0.0618699675747999,357.76390250854,107.344151923178
2011-09-26,0.893919598062833,354.879086303711,3.86239984830221,-1.80206816895564,-1.59912285544819,33.8419231615568,48.06665476462,0.736726282486566,0.570546977277985,0.21430189091068,0.0822187000815582,422.413758014063,129.420033380048
2011-09-27,0.781003946065903,351.106393432617,3.0934574842453,-1.76406642951463,-1.61002691258165,33.8571136445927,54.7709748870448,0.747051807848695,0.579599271143289,0.157633838180761,0.145192382493077,390.980056103912,161.059737639194
2011-09-28,0.731072081128756,349.733034261068,2.14110427300135,-1.73609587034785,-1.60431214741298,33.8686730090837,58.4549952234541,0.70675762419946,0.588381947487369,0.14464855645048,0.110880858257861,336.635664270058,145.102474331967
2011-09-29,0.728082732359568,349.637004597982,2.67584239443143,-1.74637762137822,-1.59383833632433,33.8675658147138,55.5339378521855,0.659762130370994,0.591212938770764,0.114458178401105,0.105456365188374,275.046139004019,123.90208425153
2011-09-30,0.763853353261948,350.089931233724,3.70509569247564,-1.76116969374786,-1.59664924745273,33.8704686272413,56.3376302073773,0.572483208265044,0.591146970209771,0.07514207716331,0.078070018818616,208.243944292366,94.7051195140015
2011-10-01,0.820801231265068,350.470036824544,4.2596276919047,-1.78328620491171,-1.6025016885951,33.8747824188462,55.4335480883606,0.513907032234496,0.581082171795512,0.101004792811503,0.0835862962206952,227.402705093531,103.270610638838
2011-10-02,0.89227895239989,351.091333007813,5.73633643786112,-1.80141557697067,-1.59812583690299,33.876543475273,54.273041463436,0.474569275196208,0.56880879743879,0.101404058515913,0.0774596484476014,218.127219125175,107.902024385096
2011-10-03,0.964205811421076,351.896367390951,6.5573631922404,-1.81428016307659,-1.59020249915302,33.8793429037682,52.5939495760695,0.42899860246142,0.553044724509232,0.0920006852120833,0.0933063275607905,225.65099992867,93.7371335521412
2011-10-04,1.02461578448613,352.562502034505,7.19667463699977,-1.81824802859385,-1.58143014746501,33.8832036785613,56.385243645288,0.362689682387544,0.528486505823028,0.0679507232866341,0.0927280817544998,202.927518929497,76.5232918455254
2011-10-05,1.079030474027,353.100445556641,7.44670374393463,-1.81924481051309,-1.58224588677399,33.8866800724116,54.8409610941894,0.287642975313295,0.495429565807931,0.0558396943221639,0.0829185605245201,175.002362496238,72.2329490159807
2011-10-06,1.15449995994568,354.270927937826,9.3189191699028,-1.81739442599447,-1.57431336946057,33.8876036306969,51.2584778670978,0.24930553233314,0.448986359276718,0.132916139466758,0.0972278406913567,252.026122762508,121.692702827795
2011-10-07,1.25449451108774,355.987046305339,8.19640239477158,-1.81244078883551,-1.56591389770795,33.8874142725665,49.5162840570722,0.255980737839959,0.420461307902981,0.160697161255026,0.071766684293971,264.492243139322,109.41131251878
2011-10-08,1.32910142143567,357.484252929688,6.67647442817688,-1.80647935634269,-1.57559147320296,33.8813851005153,40.3796614058932,0.334073846375472,0.415573755272181,0.191497910039541,0.0470421025739577,285.667261256236,122.47565383865
2011-10-09,1.34090519249439,358.516428629557,4.44870803952217,-1.80252525770575,-1.59203476206701,33.8753042292774,36.3497264797526,0.488811724819243,0.48890135872801,0.178592940722417,0.0324689403484414,243.214280225871,121.442760769824
2011-10-10,1.38339043855667,359.491957600911,10.367733224233,-1.81375974192655,-1.61392203309482,33.8627411404947,27.8963284671755,0.634636707631941,0.551312283073601,0.162491558637834,0.0623243030132656,222.082274958477,121.814213405948
2011-10-11,1.49472120205561,360.950037638346,13.2556438763936,-1.81772485532259,-1.63001998116199,33.8589664688684,29.0287257280565,0.675398420687779,0.562598970207505,0.128414085863116,0.0989717556709858,199.838133665326,120.977411531211
2011-10-12,1.57885216077169,362.147192382812,9.03101788361867,-1.81288135992853,-1.63955873295777,33.8566317163912,31.8000587950972,0.691938506036689,0.577565661064328,0.139001484456143,0.0820397194755033,192.757737876997,127.391527731905
2011-10-13,1.61454616387685,362.834814453125,8.76681617101034,-1.80581850216801,-1.64172944628206,33.8506428281167,31.0606160128027,0.649522081903301,0.576016786319197,0.15049984967126,0.0592311490607217,187.650285083721,133.726941240701
2011-10-14,1.71441392699877,363.9650390625,16.7901227712631,-1.81342656271798,-1.63577834152638,33.8370186511735,23.1034305507975,0.562047540094647,0.554438709568484,0.0684119426134162,0.0622003936537899,97.5234428023599,37.085842925843
2011-10-15,1.86863028009733,365.760619099935,20.4251564820607,-1.81453624300491,-1.62990180487023,33.831712421618,21.3560737989899,0.461485324115878,0.533029860151666,0.103164034720538,0.0515900486449998,113.334504510683,57.0765940925918
2011-10-16,1.98912888566653,367.122896321615,20.9507712205251,-1.80898508541566,-1.62348029532827,33.8135162152742,16.5918589247797,0.435852214285257,0.508027056400153,0.15473572678752,0.013010522434698,158.250326973896,95.4659704950701
2011-10-17,2.00603978435198,367.094447835286,19.8451762676239,-1.78149915189671,-1.62662852124164,33.8115542562384,21.980211724016,0.412100411583039,0.445739465594096,0.18319366370937,0.071835523023081,230.844560887574,148.481451206305
2011-10-18,2.03840708931287,367.268819173177,12.6207143465678,-1.76004624680469,-1.62436028620354,33.8060242215494,24.5283927487251,0.369392744541542,0.371077330204461,0.168101915389411,0.0294239734740634,188.728757486158,130.36452380137
2011-10-19,2.01641682386398,366.605378214518,16.3312330563863,-1.7324777070741,-1.6184585143749,33.8011769172841,25.7244659223055,0.315323159160456,0.28748182442302,0.182282697423396,-0.00140889958107382,208.289793208101,129.14798790429
2011-10-20,1.99348611632983,365.828350830078,16.1740630467733,-1.70021160876841,-1.62190045046627,33.8053243823518,31.0491429450817,0.227089690481299,0.189240572942575,0.194818232152471,0.0431871329455223,240.371961878944,156.196335432266
2011-10-21,2.04998726050059,366.246750895182,18.0760142008464,-1.67186381539008,-1.62424096487519,33.8044924915285,33.1504457982859,0.195053144562044,0.14419422022074,0.15306294527381,0.0497635274257203,169.746055644984,105.547658906815
2011-10-22,2.1334052224954,367.108741251628,16.2791903972626,-1.65271288156509,-1.62886348523592,33.7988994426297,32.5125400822862,0.188123521096549,0.176600059088236,0.130197009435834,0.0560760403374084,143.918176459298,83.9675332870192
2011-10-23,2.09253789583842,366.546512858073,10.3063510258993,-1.63155735704236,-1.63070377057656,33.7978553198334,34.2673543808155,0.283366821811444,0.219359172159626,0.173918789462712,0.0657364104391265,211.225814824749,136.806258309648
2011-10-24,2.11266933878263,366.462238566081,15.3739912430445,-1.61264597607735,-1.63749586594732,33.7992033564058,36.6962146472214,0.137577813270999,0.117318428321076,0.146319042751215,0.0832627545902155,185.979858449844,108.423993933766
2011-10-25,2.15204236706098,366.711412556966,9.95803478956222,-1.60113063387405,-1.63486852233571,33.7982051103635,38.7521986495283,0.113905746949297,0.1330480810808,0.128572415518469,0.0269641356920837,136.456910481536,63.7047397122548
2011-10-26,2.10796033143997,366.04619547526,13.1706736564636,-1.57653317191547,-1.62702663545322,33.8000006424753,40.8053143006518,0.0903821954395152,0.101277748262962,0.162757734747085,0.057881909793705,196.120052332436,106.336130639548
2011-10-27,2.14490407705307,366.099724324544,13.1103485504786,-1.51546770289428,-1.60927657032371,33.7990597459607,41.4581348376167,0.221812341818944,0.177051372844009,0.15947412693859,0.0316612325692759,182.097484139439,90.3913096300946
2011-10-28,2.20647128025691,366.500369262695,14.8457364320755,-1.44259500279462,-1.59212195604367,33.7935354476584,39.4990988638168,0.220727582281876,0.167482624491376,0.135318612371732,0.00986688652713048,146.280393844737,69.3579902673994
2011-10-29,2.28456126054128,367.248522949219,17.1993089993795,-1.3823886403912,-1.58813963662413,33.7858829354881,35.0882563268332,0.1494643989502,0.144595566723082,0.124423734213513,0.0104956137702653,132.289506689415,51.0256542490852
2011-10-30,2.23829075098038,367.038165283203,11.8225342273712,-1.38269703997705,-1.59677086826554,33.7931855710826,39.3505220198093,0.0572659354997663,0.0881873268134347,0.143184586575157,0.0943320243710414,198.243046951505,110.850166351021
2011-10-31,2.25066527724266,366.978941853841,13.8964048703512,-1.35907432997137,-1.59842757847076,33.7947286591494,40.4485001277207,0.0397652870033989,0.0728297681628686,0.149448911204262,0.0455528909298486,178.388794671402,87.1448908120152
2011-11-01,2.30215449929237,367.173999023437,18.4089624087016,-1.31937365245102,-1.59999022313527,33.7993981641038,43.3655419242113,0.0085447115934772,0.0183582021069134,0.135784420892036,0.0752843439551,181.342303776221,106.691003445237
2011-11-02,2.34170274734497,367.412489827474,15.6259569009145,-1.26920398083845,-1.57965067230669,33.7967191710508,41.096731659165,0.0431977464376312,0.0771395481730762,0.103726218237465,-0.0142243787422216,118.783740715611,34.12388958117
2011-11-03,2.32694506049156,367.460424804687,15.936613591512,-1.23530227550887,-1.56680191549143,33.799352229986,40.067592344786,0.035172582231462,0.0563066486269236,0.155729299985377,0.0201284484027472,187.18421878,89.6663471169179
2011-11-04,2.31353608568509,367.404153442383,14.5016752243042,-1.19788704375575,-1.55787812363833,33.8046872131807,41.485096924287,0.073320717861255,0.0872320743898551,0.169737983466987,0.0391027008680473,211.308540813966,103.961039707422
2011-11-05,2.26065519253413,367.088912963867,12.4255568345388,-1.14661319542648,-1.55211861330764,33.8117086654319,42.9083380017962,0.0249870298430324,0.0312814724942048,0.162743967698705,0.0175561741190521,188.37845621526,89.0670540033367
2011-11-06,2.17802967429161,366.72924601237,13.724777841568,-1.10295565796078,-1.55805366245428,33.8143360453441,42.6639603385352,0,0,0.143836259253715,-0.00326754582723729,154.403715822894,90.1137514726394
2011-11-07,2.15310731132825,367.039835611979,18.871163447698,-1.07272168657833,-1.56922274648695,33.8208643260755,45.705485698872,0.00183003812927349,0.00650203584816801,0.144035891538724,0.0657731244774689,174.616561347471,152.817369632139
2011-11-08,2.17160881956418,368.022085571289,16.8417033195496,-1.00628403971966,-1.57607679259508,33.8221952825561,44.8478695718866,0,0,0.141202029737091,0.0320926222221968,150.868003111382,111.369380629181
2011-11-09,2.12912417650223,368.429364013672,11.3181320826213,-0.959168048281419,-1.58570274240092,33.8205374810929,42.8710502072384,0,0,0.148017065879658,0.0236552867310164,152.87190568461,88.9551979377534
2011-11-10,2.01619623104731,367.904360961914,8.7325806538264,-0.942743122801745,-1.59906089888479,33.8167858410599,42.007124101309,0,0,0.169203336133545,0.0358053250028227,192.251201471203,136.822811491182
2011-11-11,1.92975126306216,367.355791219076,10.3223809083303,-0.935435204801703,-1.6062694649051,33.8153460366385,43.6862156767594,NA,NA,0.169276763944137,0.0562940296205811,205.206457689144,206.142159301214
2011-11-12,1.82474553783735,365.94392191569,9.30031652450561,-0.915023140553245,-1.60273918173367,33.8155640767033,45.9877244727056,NA,NA,0.223955377502213,0.0441830001519363,310.073008738876,289.417889601081
2011-11-13,1.75283761421839,364.813483683268,10.6567067305247,-0.89457803292382,-1.60082776161065,33.8182831240776,48.9627056838874,NA,NA,0.186240924704344,0.0243757990349952,234.96084378213,214.858159888366
2011-11-14,1.73014076550802,364.627724202474,14.4723098595937,-0.866263281245877,-1.59502580201715,33.8223159474538,51.9979206314661,NA,NA,0.177486931316947,0.07620678346296,246.340135925693,222.994219386031
2011-11-15,1.70725340644519,365.125823974609,19.9881382306417,-0.773273153412611,-1.58283675837338,33.8187649232104,44.2564300271802,NA,NA,0.124382430323421,0.00560576845436616,144.998709408114,100.849964017034
2011-11-16,1.66147327423096,366.235926310221,21.6989024162292,-0.634502508502482,-1.57750519101781,33.8121506683809,25.7525751644507,NA,NA,0.102516951095453,0.0229301854435887,116.387903750735,67.6940530149168
2011-11-17,1.5864879945914,367.157814534505,22.039013338089,-0.443425432743883,-1.57046298962787,33.8102058898237,19.2903377095559,NA,NA,0.110472414670582,0.00715005071483609,122.267217604831,72.8046274796701
2011-11-18,1.41639525492986,364.653244018555,8.669544450442,-0.569012082889116,-1.55977807233208,33.8015665470209,29.9574751710533,NA,NA,0.0975812129200177,-0.0750847116840961,139.300971177854,74.5389911956826
2011-11-19,1.27833259602388,362.768743896484,10.3895664374034,-0.565622462786006,-1.56419522735409,33.7857392820201,28.5772583215757,NA,NA,0.118407227393044,0.0128567826170894,126.580926446866,99.2868172658354
2011-11-20,1.24847930073738,363.122890218099,13.4162580013275,-0.556475168752267,-1.56729870272758,33.7921357118994,37.2870807396738,NA,NA,0.0843985935435035,0.0365671403566025,108.90313482213,78.8969955936278
2011-11-21,1.18371504545212,362.965412394206,11.419135872523,-0.568728468191803,-1.56894968730166,33.791940646064,41.6227743285043,NA,NA,0.0542816437108624,0.00660393013149724,84.74755806653,52.3761383530554
2011-11-22,1.13995939493179,362.99569905599,12.010232925415,-0.554982743877217,-1.56501899626022,33.7933977456917,44.3189585334376,NA,NA,0.113283330070457,0.0683155687091718,162.933015028175,116.63045745999
2011-11-23,1.14163324137529,363.936801147461,12.4325759092967,-0.499763059212749,-1.56298366390673,33.7913440188071,41.6898922418293,NA,NA,0.171938528831964,0.0750686494087366,254.585688055962,209.815250026044
2011-11-24,1.12746453682582,365.095350138346,15.7156211058299,-0.247934416216567,-1.55579918936679,33.7871389890972,26.2378882250391,NA,NA,0.137076294357727,0.0350779288665469,190.426523256409,148.119660195867
2011-11-25,1.0662606348594,365.146746826172,12.203532632192,-0.285038499259635,-1.54292520006796,33.7811385420032,30.3108474329898,NA,NA,0.0976707034401203,0.00981181558865802,138.971732414746,75.6547289726911
2011-11-26,0.994465200106303,364.677982584635,11.6998361587524,-0.237011084319057,-1.533302688509,33.775235599145,31.7312201378041,NA,NA,0.117310397032844,0.0121615113256345,152.875974144695,91.7045010915783
2011-11-27,0.942088364561399,364.628904215495,11.3864365100861,-0.149401393151821,-1.52778067445396,33.7687992009901,29.0849440653521,NA,NA,0.152321781598984,0.0123014833946201,198.333234694847,158.663939052869
2011-11-28,0.919223078091939,365.144907633464,13.5044307390849,0.0432231778601058,-1.52329697689616,33.7647491684534,19.7033701695894,NA,NA,0.145782100414871,0.0608213241247082,212.104980733167,172.600973041457
2011-11-29,0.911933628718058,365.365522257487,13.4666489283244,0.15274837212567,-1.52938347293022,33.7602460187181,12.0089193143343,NA,NA,0.151888097727433,0.060357809865049,224.323734992716,183.689319707063
2011-11-30,0.947296316425006,364.047772216797,10.6943630854289,-0.0289941706547612,-1.55031618901661,33.7673822990934,30.4307414678703,NA,NA,0.194074773992923,0.135538896083608,370.730521957667,325.265094493092
2011-12-01,1.01281517744064,362.861158243815,9.40803622404734,-0.171319649799874,-1.56011652856841,33.7806451840508,44.3275633969701,NA,NA,0.140708685887599,0.119416862320071,281.423175758744,268.653824186968
2011-12-02,1.06725966731707,362.478853352865,9.16467250188192,-0.157169156644801,-1.56039073637554,33.782974286187,44.2535616975082,NA,NA,0.170265747122186,0.0878244685219195,281.166387674425,254.990197355449
2011-12-03,1.1141073534886,362.55329284668,11.9029274145762,-0.100253283725421,-1.5562799129271,33.7850050245013,42.0036819214211,NA,NA,0.152186398961602,0.0728061492029662,229.918895586679,217.220810747675
2011-12-04,1.1212579001983,362.287044270833,10.6696681658427,-0.0308720912308173,-1.54042406234526,33.7839668532063,37.769525674949,NA,NA,0.186672313965129,0.0087287527530041,250.29561255939,259.683722433856
2011-12-05,1.11240966717402,361.784056599935,7.72411632537842,-0.00649216205329823,-1.53811107900806,33.7816493098897,34.5547560211411,NA,NA,0.193207405507565,0.0275790951305762,263.01771681739,284.232723597881
2011-12-06,1.13034476836522,361.598647054036,10.3689391771952,0.0340235683422788,-1.5417365808236,33.7806224679588,31.7059792611832,NA,NA,0.194577296789652,0.0357823788531517,268.445377500564,314.731853506433
2011-12-07,1.15626501142979,361.243881225586,8.56567197640737,0.0355903383876596,-1.55099654108062,33.7869155998517,39.3654372315658,NA,NA,0.236745616169016,0.063701078267698,370.45943439273,403.377717489307
2011-12-08,1.2182253609101,360.87432047526,12.3828296025594,0.000501854191149088,-1.56831177957076,33.8019341060093,49.5007952388964,NA,NA,0.192011906240219,0.0746533222692577,293.278836527052,332.879164687177
2011-12-09,1.24643872181575,360.772969563802,12.5827662150065,0.0740353995303911,-1.5815517664852,33.8096267585468,49.6992800863166,NA,NA,0.19767504055193,0.0520719198608085,283.238154419718,330.147786121951
2011-12-10,1.2383369654417,360.441437784831,13.2882943312327,0.216721592260931,-1.57775645731087,33.8127874933687,33.4412894033848,NA,NA,0.163788021255032,0.0107296653147927,209.953431577052,252.454941723642
2011-12-11,1.2412589242061,360.029010009766,13.721984910965,0.299575903109814,-1.5862396816562,33.8138143209586,22.8401224380149,NA,NA,0.188686995031802,0.0556538292535938,266.676477285414,273.510306014758
2011-12-12,1.2376040905714,359.409888712565,10.7505500793457,0.203826719264787,-1.59567747573207,33.8252012783423,47.7890050429151,NA,NA,0.195387299123563,0.0570053632994343,281.720348425663,252.588868995721
2011-12-13,1.2665676176548,358.451129150391,12.8902800877889,0.185215477180436,-1.60538832854508,33.835354898209,52.2382825335166,NA,NA,0.217018727535256,0.0777923688012406,338.269548212196,277.216553164159
2011-12-14,1.33371305366357,357.946143595378,13.085795545578,0.215237428735297,-1.61657118035438,33.8446882004128,54.448579802549,NA,NA,0.189627790921613,0.0765555661339733,297.449468697729,235.047752783256
2011-12-15,1.35642232298851,357.558627319336,10.1873765389125,0.267538352568347,-1.60979630131471,33.8504018425045,54.1749459603675,NA,NA,0.183397884767755,0.0308948279659551,272.859820900492,216.60356120503
2011-12-16,1.33723208407561,356.756100463867,10.4951061248779,0.311608915742403,-1.60200490584051,33.8543773880579,52.5618246229071,NA,NA,0.213799368576112,0.0137080884909719,320.224828342587,229.663788826233
2011-12-17,1.33297661840916,356.021907552083,14.327250901858,0.27831574565822,-1.60082087615379,33.8666763592483,56.7019017621091,NA,NA,0.164765531519302,0.102968992049197,290.020157404698,185.860030979475
2011-12-18,1.32485202054183,355.639417521159,11.3226510445277,0.313054530244125,-1.59192346988764,33.867806384438,55.2195739280012,NA,NA,0.135378272489722,-0.0283730352731576,211.751597590812,115.970405492346
2011-12-19,1.27707727452119,355.280235799154,16.14980357488,0.41945169121027,-1.59225619108157,33.8692406675869,42.9714401790074,NA,NA,0.148923442299877,-0.0230380327797922,219.037910493092,116.557279198229
2011-12-20,1.20650012791157,355.560762532552,20.0299541314443,0.810023443591326,-1.605722198809,33.8703822515961,19.7618831727738,NA,NA,0.119540772043673,-0.0163400231307386,172.246922112436,70.3259834603656
2011-12-21,1.13497271537781,355.760751342773,17.7872852325439,0.981509016420608,-1.61668476350325,33.8720172078986,10.583956869025,NA,NA,0.118822554350459,-0.0104543106084255,167.442740354799,72.5740233375507
2011-12-22,1.14996968011061,356.060783894857,20.4888107776642,0.928326955191175,-1.62180177878616,33.8866229093164,12.1219294913729,NA,NA,0.111140150800908,0.0484395288771256,165.469869205011,55.1972395123206
2011-12-23,1.1882642408212,356.254428100586,22.8654101848602,0.915184262775837,-1.62240411688511,33.900809452946,19.521521191848,NA,NA,0.0701030811813093,0.025254640098017,112.437740213472,26.7252249495777
2011-12-24,1.20646296242873,356.321152750651,16.819020207723,0.987280455747045,-1.62022881310685,33.9029952027744,13.5675432556554,NA,NA,0.112422846047614,0.0168218943885619,139.845884606092,55.9360017569389
2011-12-25,1.27172666887442,356.133893839518,20.5164452234904,0.930772105105838,-1.62203468236708,33.9117666115438,20.3963469885346,NA,NA,0.0998092938942793,0.0677533856824152,138.922440379937,46.7988299771686
2011-12-26,1.31904938121637,355.519041951497,15.7740042209625,0.857637826325302,-1.62529534594457,33.9245418032309,36.8975681971787,NA,NA,0.114109394903806,0.0283041965580524,133.943662190277,55.4444182596003
2011-12-27,1.34641299843788,354.797173055013,18.4637037277222,0.817033982702664,-1.63968379246561,33.9351600991156,44.4549151434934,NA,NA,0.104795513254471,0.0645707410697202,131.393153650349,53.2723185558416
2011-12-28,1.37993226051331,354.163572184245,15.8774723688761,0.866834682405443,-1.64084142580965,33.9390895814824,40.5741308183598,NA,NA,0.121768853228007,-0.0104910244507001,128.863157551382,59.823136919189
2011-12-29,1.40621666908264,354.478764851888,21.2125044027964,1.07524260475223,-1.65057981417591,33.9453480655986,25.2024387022606,NA,NA,0.0768997601016348,0.0143528778834226,82.4233814580411,29.2480618816268
2011-12-30,1.43658946057161,354.509515380859,18.9933744748433,1.04670481058888,-1.64569456147072,33.9509927563201,20.4141302897518,NA,NA,0.133505858144814,-0.00679208933466807,132.953024886623,68.0337485297588
2011-12-31,1.43446382582188,353.577742513021,17.1540358146032,0.948089182376862,-1.64832649508813,33.9646628100173,42.6094631001465,NA,NA,0.139793130114002,0.0553234033846766,154.890064148908,95.1248888581152
2012-01-01,1.50350259145101,353.481029256185,19.6035230954488,0.996223985028446,-1.64312343176146,33.9738183559332,37.6473367626506,NA,NA,0.105148885749224,0.0190935727572979,104.594854596224,63.0833582836164
2012-01-02,1.55268852909406,354.299688720703,22.6103715737661,1.15397759846279,-1.63675125738732,33.9783846489469,23.9294956142741,NA,NA,0.0940566695526354,0.00564477693541606,92.2725998768375,42.1977963827375
2012-01-03,1.54923271536827,355.565174357096,26.9490823427836,1.50188310253889,-1.63334374365054,33.9843276891493,11.2786546542232,NA,NA,0.0606974147092131,0.00329278655966422,63.3408669811968,34.2605969690983
2012-01-04,1.53821696241697,356.974472045898,26.4332040627797,1.57859424540871,-1.63573818412939,33.9947684438605,10.5862514811351,NA,NA,0.0810277897276376,0.0304106620693565,81.1293026078199,31.2875967194136
2012-01-05,1.54854543109735,357.84399617513,29.386035267512,1.54803535140547,-1.64109498262405,34.0037922823339,10.7061456809367,NA,NA,0.0530471355843365,0.0359705379582885,66.0485689501231,31.160557311779
2012-01-06,1.59909466902415,356.911040242513,26.4217475573222,1.43166207819057,-1.64808899746802,34.0092017381711,17.2601683408694,NA,NA,0.0921521303909165,0.0432858017546342,100.230892688931,49.9030125272703
2012-01-07,1.61832325458527,354.935976155599,27.0711483796438,1.30317594166985,-1.65614543014899,34.0157182593095,31.2235344513915,NA,NA,0.117360878581727,0.0733775109388775,145.662461298869,83.3419908794052
2012-01-08,1.6785598496596,354.446494547526,27.5154132843018,1.28428108172309,-1.65632670804074,34.0210646005501,36.7363707714511,NA,NA,0.0857455384098273,0.0690659109671089,122.20830331018,50.8806636208065
2012-01-09,1.65088651875655,353.828739420573,15.7061914841334,1.32227180707724,-1.64812571482551,34.0182077938453,32.883695469763,NA,NA,0.0622967677541021,-0.0375997216433735,91.3343218509248,29.2922496028081
2012-01-10,1.50634448726972,352.030592854818,15.0921626011531,1.33773298483146,-1.64569685199207,34.0134006299471,28.6323292560147,NA,NA,0.0820924959712683,-0.0599172422312256,114.878761289114,44.2055710315012
2012-01-11,1.45226092040539,350.75796101888,19.4027661641439,1.36583020633325,-1.65339761434641,34.0114445076849,27.308904393275,NA,NA,0.0808740501761212,0.0561632359246338,107.931139211034,39.3877427690014
2012-01-12,1.47633943160375,350.669385782878,23.1629787127177,1.30421678284953,-1.65630146166436,34.0170375996066,37.8114022850094,NA,NA,0.0733568592879333,0.0851191057074339,129.844346844182,41.6413084416382
2012-01-13,1.52463244001071,351.061669921875,20.6403568903605,1.38930697907183,-1.64964934712962,34.0101651356633,31.4392292266502,NA,NA,0.089056682107704,0.0223335828912213,117.547674040403,25.3526470018728
2012-01-14,1.5484243730704,351.284684244792,25.351180156072,1.41278374329545,-1.64874525939612,34.0051170004938,33.6271540204385,NA,NA,0.0921842556278732,0.0542747596824976,127.892602843289,32.053975754601
2012-01-15,1.56296199361483,351.321803792318,27.4414815266927,1.49299464234732,-1.64168699612295,33.9995755503948,31.4564388999365,NA,NA,0.0758052239320556,0.0526432814986858,110.5829439812,33.4168848792261
2012-01-16,1.55589661002159,351.464303588867,27.1046890417735,1.56780858550753,-1.6399958519111,33.9940281918174,29.2249161031909,NA,NA,0.0608580385831962,0.0471706013790423,98.6702595700996,27.9983807521772
2012-01-17,1.50715276996295,350.62495320638,16.0676357030869,1.63341190985271,-1.63926158005134,33.9843964684278,24.2450065075007,NA,NA,0.11365964931709,-0.00968331655949578,133.890548057193,58.9587163323312
2012-01-18,1.45644916196664,349.287046305339,22.7754118760427,1.59016465737407,-1.64195776433873,33.9821476613669,32.3238070172475,NA,NA,0.121085054290138,0.0233271554168454,142.026615317923,52.9008690548832
2012-01-19,1.48613948523998,349.075693766276,24.2877113342285,1.66483266640427,-1.64539855136011,33.9777878782803,31.0095607069202,NA,NA,0.0751971485079231,0.0319342926368678,98.6944527580061,27.8230111351163
2012-01-20,1.48460069497426,349.479103597005,24.8546151161194,1.73639742548304,-1.64665485728056,33.973841129389,29.2667930108264,NA,NA,0.067060409001726,0.0262275611547599,84.8286719256533,21.3978567438206
2012-01-21,1.45643372237682,348.987643432617,20.3664713064829,1.77202560354892,-1.64908257238847,33.9675596423615,30.5506356676718,NA,NA,0.117413654531303,0.0457525235369689,131.374707775326,54.1712622210205
2012-01-22,1.4464104304711,348.318836466471,22.3531307061513,1.77199531228919,-1.65191757858248,33.9622132007341,32.6123561464754,NA,NA,0.0773563898707691,0.0424436743238143,99.28429526982,29.478667759886
2012-01-23,1.4390136629343,348.362707519531,24.2469228108724,1.82091212855246,-1.64424894716507,33.9524610562432,31.9428993346996,NA,NA,0.0683385147888185,0.0455024091848978,95.3770196778011,26.0168403284279
2012-01-24,1.42293548782667,348.401975504557,22.4239941279093,1.83362526777095,-1.64623608893918,33.9451756441504,33.3827763858594,NA,NA,0.0555092681871545,0.0576776881191067,99.5558400766138,32.7236964441901
2012-01-25,1.38367025355498,348.172548421224,16.6632610400518,1.88035025273947,-1.64221590488477,33.9336507123216,31.4971685588808,NA,NA,0.086300837506253,0.0182927488244342,108.203192897737,24.5779845240664
2012-01-26,1.35361015896002,347.918693033854,22.1276072978973,1.90715605692756,-1.63710922182054,33.925889122755,31.4690592737126,NA,NA,0.0865486570935052,0.0371981622245079,106.633006723636,28.4057373803153
2012-01-27,1.31648342609406,348.096413167318,22.9235380490621,1.98181579928649,-1.62498327798413,33.9159133308812,24.5341291678579,NA,NA,0.0493229592176981,-0.0140201573757301,71.1733326163727,26.5167146174817
2012-01-28,1.2642536153396,348.608556111654,22.7685061772664,2.27341121211088,-1.61973202811148,33.9058057311782,15.9935354039185,NA,NA,0.0577465268902313,-0.00315052001996148,73.5619218690013,21.7844987563449
2012-01-29,1.19593164523443,348.519907633464,18.8770985285441,2.33754964251267,-1.61823248997667,33.8963404060306,10.6000192326711,NA,NA,0.0497818842138115,-0.0263354083929295,75.4725313257215,33.8449552296243
2012-01-30,1.12961255510648,346.808805338542,14.8312750260035,2.17008701706291,-1.61900348322732,33.8814312497476,13.0460897997806,NA,NA,0.0207686488957782,-0.0127604084607578,65.720457096752,31.4422533895776
2012-01-31,1.06606780191263,345.733027140299,18.6664922237396,2.20414291602328,-1.62192798422692,33.8756259115119,14.7773842632322,NA,NA,0.0559039435776553,0.0163583799888541,81.4287247101683,21.7444516524233
2012-02-01,1.00118893583616,345.952723185221,17.4646565119425,2.37576341360135,-1.62150691595293,33.8690748143017,10.91094108811,NA,NA,0.0709429139313393,-0.00517667346823036,84.3660492569717,25.7379078141562
2012-02-02,0.941371247172356,345.250179036458,12.6387765248617,2.31068050592466,-1.61388647018519,33.8615311070492,12.2934527863237,NA,NA,0.100167254700248,-0.0203739734212483,106.440644136017,46.4246159350512
2012-02-03,0.921366095542908,343.906927490234,11.8761641343435,2.2583548077067,-1.61315104567019,33.858812016652,18.4619781451118,NA,NA,0.146810092956276,0.0319870692306667,162.115509752343,85.3152540465866
2012-02-04,0.916441586613655,342.827228800456,12.668634780248,2.26219875740826,-1.61222631187367,33.8523756041563,21.1593095843953,NA,NA,0.144127676809641,0.0165694854957493,156.66402796566,86.5317878198454
2012-02-05,0.897925367951393,342.173762003581,15.1355406920115,2.29387009054198,-1.6128068499099,33.8432832158598,20.4703485374164,NA,NA,0.135823429317067,0.00479347120158206,142.108211805094,99.3779607047803
2012-02-06,0.875618080298106,341.99477335612,15.3765343189239,2.36134306470254,-1.61351933156637,33.8298426176372,17.9279042079036,NA,NA,0.10714061995198,0.0516795392631364,121.713909336156,91.4034729300092
2012-02-07,0.869289732972781,342.218057250977,15.2870422204336,2.40614882895821,-1.60541471726912,33.8244500841413,18.0150999700216,NA,NA,0.0903898591413758,0.0416267879615377,99.845421543676,71.5811827496233
2012-02-08,0.863600801428159,342.558264160156,15.2039392153422,2.44340160287413,-1.59663089415185,33.8181513736123,18.4246905334014,NA,NA,0.100169549801184,0.0350274471496057,110.045973135452,73.0835643764303
2012-02-09,0.85170541703701,341.665047200521,8.92987581094106,2.46253602934959,-1.58336681530888,33.8044640820725,18.6312067741738,NA,NA,0.188806316080062,0.0267209054243968,244.681407597102,180.191583142594
2012-02-10,0.879682180285454,340.757427978516,14.0046510060628,2.33341658115387,-1.58244093557946,33.8077970375692,25.7049615795451,NA,NA,0.143751357983154,0.0772760782418843,195.671989117732,104.010748150482
2012-02-11,0.914132335782051,340.344061279297,11.4043199380239,2.35014988650057,-1.57676288194226,33.7980447353277,27.0002773112821,NA,NA,0.170323112685429,0.0317048303418814,222.156834562929,128.768252095239
2012-02-12,0.920087106029193,339.888300577799,12.4146255334218,2.49551253390491,-1.57846205440679,33.7786320277623,19.1480710022432,NA,NA,0.143583850234859,0.0338824291790562,185.507194233947,89.3487477550451
2012-02-13,0.92218792339166,339.963235473633,14.106309111913,2.48196506858768,-1.58487438259268,33.7695166078725,18.4631255121159,NA,NA,0.0947496461633005,0.055406009624327,143.789996473185,51.2700647806579
2012-02-14,0.925782264272372,339.813922119141,14.6464960575104,2.44765859170068,-1.57347812957333,33.7652772745692,24.6838535473759,NA,NA,0.142475546666778,0.0892930284450601,227.129161529075,105.024302207834
2012-02-15,0.956562214096387,339.656527709961,13.5091771602631,2.3664233612835,-1.55952681186504,33.7653576843721,31.4334925959881,NA,NA,0.122349393084869,0.104258571436307,225.35849857811,92.3300320878663
2012-02-16,0.99552848537763,340.002190144857,15.8503544489543,2.36594425780433,-1.5460745723624,33.7571943756333,29.0000429404409,NA,NA,0.104492622672727,0.0615601933708316,173.696420904285,47.5251664594801
2012-02-17,1.02660101950169,340.755921427409,16.143031946818,2.41116029203386,-1.53991809330489,33.7497941784393,25.6814417372969,NA,NA,0.125956543028019,0.0517667349764055,194.360215483612,57.9147803870124
2012-02-18,1.03652696808179,341.293789672852,16.0169089317322,2.44618544184176,-1.53357919445611,33.7356764714521,19.3046791858243,NA,NA,0.117753259487506,0.0181137680223114,182.156098967537,67.4965949142415
2012-02-19,0.986226684848468,340.893936157227,15.1203903992971,2.36909155648454,-1.53836693082537,33.7423710356978,27.1092720426115,NA,NA,0.0304473758135971,0.0287631215821756,118.470593503086,50.6100144480197
2012-02-20,0.963571267326673,340.760330200195,14.7308958848317,2.29766171946561,-1.53679510883819,33.7402311913053,29.9018304939557,NA,NA,0.0921268896024702,0.0761700691725302,181.05962595483,49.5136070860649
2012-02-21,0.96376519103845,341.521155802409,15.2351050535838,2.32598748377391,-1.5378781758753,33.7327507707409,24.1251123578925,NA,NA,0.0894743032697448,0.0424276118523868,161.265046514184,47.9504720664507
2012-02-22,0.951872916022937,342.276570638021,13.6285256226857,2.30683105332511,-1.53479763798248,33.7281272142453,27.1844210875662,NA,NA,0.0899263448116923,0.0201972871318572,156.265088368192,60.8021627403679
2012-02-23,0.925313164790471,342.511599731445,14.1214305082957,2.2750055234235,-1.53119737582099,33.7283566840609,29.2868709958586,NA,NA,0.0717047293411386,0.0270880454997147,139.295719514319,52.9864793155691
2012-02-24,0.891387802362442,342.883768717448,14.0668906211853,2.2852129268467,-1.53066846302577,33.7253966080515,27.7798761711981,NA,NA,0.0893756350068221,0.036874620243907,158.144010749812,60.0344052861342
2012-02-25,0.873075035214424,343.329545084635,13.5120783646901,2.27553420228169,-1.52709916973473,33.7216793146349,28.9306304616139,NA,NA,0.126482011792355,0.0643366892731055,214.981129713191,83.2909036296177
2012-02-26,0.887604901194572,343.361823527018,12.7961044470469,2.26325336345156,-1.53242729212108,33.717078574618,30.646436228788,NA,NA,0.145431023049063,0.0989947022267974,271.388563279392,115.629332198976
2012-02-27,0.912950983643532,343.234378051758,11.837783241272,2.25428230152991,-1.53871914990863,33.7162068015651,31.5769066416231,NA,NA,0.161048239321077,0.0641439408764131,273.636632576289,125.224960667023
2012-02-28,0.899546128511429,342.735630289714,7.01848398049672,2.24836217371145,-1.54469779649175,33.718254734699,31.9079062741502,NA,NA,0.180843967608267,0.0515969324772967,308.14074665149,164.012025970181
2012-02-29,0.900799723466237,342.061805216471,10.995295826594,2.2265375310317,-1.5549352648563,33.7250753417051,34.7302948980403,NA,NA,0.178742091206456,0.112996502296257,353.959585725346,201.92639671678
2012-03-01,0.907708097497622,341.527966308594,5.94938353697459,2.20242470099514,-1.54688802070187,33.7205204784422,35.4003254524747,NA,NA,0.146617343439195,0.0543321257079006,264.653616561332,120.833796709342
2012-03-02,0.895414528250694,341.126716105143,11.7272470633189,2.24512399632232,-1.53411957554351,33.7160116640249,30.480649575255,NA,NA,0.145688020953334,0.00514913771889712,239.863805756109,116.797540482411
2012-03-03,0.902747996648153,341.257045491536,13.8733844439189,2.34299341045824,-1.52190529090121,33.7124262788242,23.0908101662657,NA,NA,0.135933572328404,0.0299586208075061,220.144763394941,107.101129654395
2012-03-04,0.876444096366564,340.745551554362,11.1581094264984,2.36801767662952,-1.51984930307345,33.7044755032188,22.1018268327068,NA,NA,0.0987468821773852,-0.0249196248955296,178.200543518462,109.628104473077
2012-03-05,0.830329704284668,339.733968098958,12.3442024072011,2.37830769388299,-1.52612051703876,33.6987217781239,21.7610750700298,NA,NA,0.167356162409025,0.0189054135541271,265.012856011254,141.885055898211
2012-03-06,0.80436290204525,339.345443725586,10.6470200538635,2.44017995344965,-1.53411843185138,33.6835773295926,15.5845186118793,NA,NA,0.135155693228756,0.0165373607069478,210.251577816684,97.0277267079561
2012-03-07,0.767399832606316,338.831083170573,8.97042792638143,2.44636167440199,-1.54226664492958,33.6789363775038,19.8525208602274,NA,NA,0.125777562674051,0.00606010393484643,188.006114964451,78.1582287305409
2012-03-08,0.747199486692746,338.598228963216,9.95880290667216,2.45763746150454,-1.54891646446142,33.6716164753849,21.2619941395924,NA,NA,0.144054248466864,0.0725606243525233,238.105068692053,109.742720865888
2012-03-09,0.755171007911364,338.677093505859,10.0178212483724,2.44266916128029,-1.55263605108835,33.6693620179829,25.7376600064729,NA,NA,0.184109218264545,0.0944765857876019,317.972065061151,195.41560954555
2012-03-10,0.769351647297541,338.70192972819,9.9849130153656,2.36086945739904,-1.5674111444251,33.6669355550207,32.0685299930716,NA,NA,0.0847496711193843,0.098271895396082,190.925672647957,88.5975616022495
2012-03-11,0.776357784867287,338.956086222331,10.5410897254944,2.36235636920857,-1.57145885731045,33.6640671894963,32.0438628770355,NA,NA,0.0879369051636834,0.0530471353322492,147.277354223354,56.8584223033678
2012-03-12,0.785122860471408,339.380632527669,10.6680246829987,2.38132558101998,-1.56612041615006,33.6642622266497,30.5701400785518,NA,NA,0.113705541364344,0.0709337353622331,176.049604328069,84.8816538047954
2012-03-13,0.808467576901118,339.748718261719,9.82554103533427,2.3769391837873,-1.56216218372933,33.6652029367318,31.4380817592592,NA,NA,0.146091875151024,0.0705275866378071,212.904293973145,132.608428623685
2012-03-14,0.831626954674721,339.871920776367,7.94873030185699,2.36961748635859,-1.56048825674487,33.6664476896587,32.6341550224706,NA,NA,0.155052384641722,0.0387676856235454,210.444317508469,132.439963221122
2012-03-15,0.824526524543762,339.547306315104,5.11872182687124,2.37518241306893,-1.55425031875309,33.6709336015515,32.9972794038013,NA,NA,0.175669588554735,0.0170123479784207,231.162075938775,153.27995379021
2012-03-16,0.763122422496478,338.611152140299,3.46096382538478,2.34343674084298,-1.5534678518324,33.6773013208145,34.8811664724709,NA,NA,0.212046274621236,0.0359774217905855,301.421850936323,226.483665833014
2012-03-17,0.74871674378713,338.099598185221,6.78651049931844,2.30127439059709,-1.5650889819726,33.6740831360781,35.3154242128358,NA,NA,0.161883483017634,0.0713972496078875,232.51161731227,192.428808991329
2012-03-18,0.775923521320025,338.19004313151,9.06549261411031,2.19819524682554,-1.57097124963775,33.6668149618278,37.1006424158139,NA,NA,0.157700381696896,0.101725305493613,256.600253417557,224.827991762568
2012-03-19,0.807935014367104,338.433420817057,8.28501497109731,2.05333650515492,-1.57229180219478,33.6543379762119,38.8491465417962,NA,NA,0.127282836663544,0.119611905019422,250.425342724168,227.047036531273
2012-03-20,0.836434480547905,338.804865519206,7.64055962562561,1.97696954549703,-1.56626382716616,33.6374954137587,37.2606925677536,NA,NA,0.101062159060984,0.054309178956021,166.868941399034,128.19657469346
2012-03-21,0.86657646894455,339.320882161458,9.51990293661753,1.90738184783692,-1.56448549480367,33.6270320146604,36.8115196550699,NA,NA,0.104251687225879,0.0562894402029819,153.332027431313,95.0033774708879
2012-03-22,0.894318548838298,339.900568644206,10.4823710680008,1.81396491948823,-1.55687192687415,33.6209283556257,36.2286849021912,NA,NA,0.0698690296227771,0.0768561620209226,135.623178293946,85.1108776231716
2012-03-23,0.923079129060109,340.571134440104,10.8640310605367,1.7090298950224,-1.54721614830476,33.6158859138202,36.5304280080293,NA,NA,0.079561524947447,0.0671200691477249,145.34941981162,73.0518016084813
2012-03-24,0.940870124101639,341.173905436198,10.6230708996455,1.65355688221473,-1.55177441485842,33.6155072119003,36.4747833631989,NA,NA,0.112975850309196,0.029857657443648,159.300760799496,81.5606776485358
2012-03-25,0.943052338560422,341.518003336589,9.82348762353261,1.62554226311526,-1.54591280266755,33.617864881243,36.3497262359562,NA,NA,0.128336068396842,0.0463078223532976,181.172385396794,105.612549276046
2012-03-26,0.920492147405942,341.363099161784,6.72513205210368,1.57695037709143,-1.54804909587803,33.615530071402,36.0474094161414,NA,NA,0.16570632711501,0.0860621965301216,264.107218987256,188.141220151259
2012-03-27,0.880672312776248,340.89123433431,5.76505942344666,1.54894126761229,-1.55497886498172,33.6128224537785,36.4638839162382,NA,NA,0.186057355577,0.0693733908123988,295.962009849776,235.253515109659
2012-03-28,0.858158863584201,340.613112386068,7.19237965742747,1.52627679974513,-1.55767963748229,33.6060591245952,34.2960371289934,NA,NA,0.168583787977695,0.022078879583711,249.373305015167,174.458251695629
2012-03-29,0.862649150689443,340.841356404622,8.91012751261393,1.47696898418262,-1.56399214805517,33.6002307404253,33.04661395496,NA,NA,0.0770282590187582,0.0474780810982885,133.954937866976,64.1797564254896
2012-03-30,0.863416812817256,341.256487019857,7.71458334128062,1.40010915102815,-1.54951880390483,33.598555529028,34.7423416940789,NA,NA,0.0878428258141853,0.0517254317725511,143.057120674406,55.2828575434956
2012-03-31,0.817942522962888,341.077209472656,4.40147150754929,1.36062600233949,-1.53514641702623,33.6052100102704,36.8774901798793,NA,NA,0.0969960837715999,-0.0206194982436815,130.834067559014,74.5652304437029
2012-04-01,0.770740728576978,340.870384724935,5.14446037610372,1.3332529644993,-1.53834972256108,33.6094434637772,37.2601187999983,NA,NA,0.0770787408197285,0.00284304011865218,99.5113367939687,46.3334791035503
2012-04-02,0.722145180900892,340.618692016602,3.04862560431163,1.32683168318039,-1.53568565531781,33.6155128479004,37.9513745594742,NA,NA,0.088216849077577,-0.0175309333166009,109.379132553575,62.7450396033823
2012-04-03,0.626382487018903,339.554102579753,2.16272235711416,1.31189643474002,-1.53756839798805,33.6287756324711,40.0434988029021,NA,NA,0.0735312509945685,-0.0558832914645511,125.374811648103,89.337706328144
2012-04-04,0.586654528975487,338.973366292318,4.85772088368734,1.28829851107938,-1.55217942259365,33.6375181298507,41.0187143777546,NA,NA,0.0886436499431169,0.0136071248890314,108.773176849031,69.7929644951812
2012-04-05,0.562623238563538,338.618388875326,3.03584510882696,1.22914400584716,-1.55941437599354,33.6429507176679,43.6994098864104,NA,NA,-0.00991736869222688,0.0129141481383178,80.0602827537186,59.740274731619
2012-04-06,0.541661268472671,338.386272176107,4.02534956932068,1.09825126204948,-1.55254426531326,33.6523300543764,46.5791641966741,NA,NA,-0.0274253554390113,0.0555184465601928,99.9441057303456,61.474639998358
2012-04-07,0.548149740695953,338.768980916341,4.40981251398722,0.944231461901638,-1.54698783293703,33.6533740050811,48.1825331028243,0.001112018187996,0.00263222143985331,0.00868515467229194,0.0658901503127544,89.8776515037346,52.4548396964961
2012-04-08,0.56035423874855,339.334930419922,4.49427114327749,0.781923469043988,-1.54468288367852,33.6490428609059,48.3752815454526,0.00312567464964188,0.0084279124814741,0.0202087601436708,0.0662848257172601,87.5934467723282,46.1291136026451
2012-04-09,0.565893231829007,339.681303914388,4.01486202081044,0.640839840348502,-1.55094835722357,33.6442356970077,48.6190855413451,0.00288042574944092,0.0104593498797356,0.0258787783857127,0.0471315926459051,76.9049514033246,42.6672897446007
2012-04-10,0.554212188720703,339.721985880534,2.52315504948298,0.532520703271143,-1.54837952341352,33.6414477412862,49.2001993243856,0.00232158661154764,0.00708465393455256,0.0593045768713144,-0.00682650867821579,77.3325028103143,42.8633723085585
2012-04-11,0.525660692652066,339.774398803711,1.21981489857038,0.483967359857004,-1.55157937815315,33.6330840605542,47.7832684516907,NA,NA,0.12961876347549,0.00851535239726081,138.76418041191,103.165665209784
2012-04-12,0.517514073848724,340.341542561849,2.7423552274704,0.463131248334745,-1.56451303035693,33.6241695002506,46.8854964406867,NA,NA,0.181940797548321,0.064784141005318,243.146645212734,224.732719791919
2012-04-13,0.540683005253474,341.23324991862,3.75979280471802,0.408542125997015,-1.56933288690739,33.6138208862534,46.7070893882809,NA,NA,0.117645412445404,0.0694628810664093,161.178347084804,137.152844234149
2012-04-14,0.550500613451004,341.666098022461,2.51548697551092,0.356037440660753,-1.56720462015697,33.5996460161711,43.8026680265154,NA,NA,0.0610025994815773,0.00167966527598245,85.3102303683285,51.6995179325911
2012-04-15,0.551010839144389,341.917239379883,3.40629045963287,0.326552431470245,-1.56458072375534,33.5944315257825,43.5118242529102,NA,NA,0.106681694927856,0.043467077041479,130.720439046203,86.185191175103
2012-04-16,0.564153264959653,342.210650634766,4.30744299093882,0.276850858157066,-1.55859060484664,33.5900201008732,43.9730439078539,NA,NA,0.0676822521044572,0.0347865114786795,91.0419737545571,39.1391862600487
2012-04-17,0.552901986241341,342.067729695638,3.00890901883443,0.196246196844972,-1.55789991877133,33.5903125992395,46.3141349204501,0.00359526727202849,0.0130378394609406,-0.00279714739916468,0.00879529673129992,65.1227773559655,51.7022742987234
2012-04-18,0.519220242897669,341.492860921224,2.47086301247279,0.103357950099429,-1.55790221511869,33.5949362704628,49.078010587764,0.00357696988965284,0.0139160104393259,0.0080197137969553,-0.0404175206094532,75.3784201609086,53.8591861936635
2012-04-19,0.486485198140144,340.956346638997,2.29692867596944,0.0240336890171345,-1.57020484684105,33.6046482459047,52.0111148231908,0.00687942847511486,0.0290069252924812,-0.0434762555125513,0.0171867395730171,73.6329871295029,56.8211367571419
2012-04-20,0.479580363631248,341.096380615234,2.57151540120443,-0.0985295614577774,-1.57716674015934,33.6062371677026,52.2572131407888,0.00665412499058179,0.041988764966565,-0.00509865626804811,0.0634968563690221,77.9069044914814,40.9853912928849
2012-04-21,0.491468039155006,341.524784342448,3.19947288036346,-0.198626600401966,-1.58858020413191,33.603615624564,52.2084523824821,0.0262320859789607,0.11646538771305,0.0168654922732061,0.0524987201661544,76.8095795298583,39.11847292547
2012-04-22,0.511629649996758,342.125644938151,3.09700531959534,-0.305461576222477,-1.60100674225872,33.5910065729815,47.8033462933132,0.0955442760817029,0.269037734144009,0.0613972751941896,0.0883682944104636,130.448693530669,64.3219835576643
2012-04-23,0.529573437571526,342.78962504069,2.61007622877757,-0.38812038820601,-1.60255332055845,33.569414124453,42.2388809354682,0.200334199259735,0.512205615579211,0.101695475595674,0.0662205764757735,146.875594037279,76.3175458860311
2012-04-24,0.543963728348414,343.49228515625,2.51577395598094,-0.421391527427542,-1.60027131774372,33.553323100384,40.2775503280468,0.173738406221806,0.490917971273038,0.108363654716571,0.0793917227144304,166.713484859514,101.744757254922
2012-04-25,0.561957692106565,344.215431722005,2.88117941220601,-0.475085747225168,-1.5996253790712,33.5353962891084,37.6645463606469,0.130511332677997,0.392341667567962,0.0749080255907729,0.0918630076418246,155.752303709805,100.032486169032
2012-04-26,0.578980545202891,344.801098632813,2.64823565880458,-0.48761439726765,-1.59230781945967,33.5180086264933,34.5696710643912,0.149211376905441,0.448186109374676,0.0858510912052895,0.0726983020908402,141.423172470105,82.0025605912942
2012-04-27,0.596940941611926,345.346534220378,3.1359205921491,-0.456160599043719,-1.58590696673644,33.5094210259,32.0490255857769,0.137214078036777,0.431622320844326,0.0919754446057,0.0729552999811065,145.078598091549,91.3523833372758
2012-04-28,0.611573186516762,345.823445638021,2.85135409832001,-0.417027150946004,-1.57116514444351,33.5043670969798,29.4962554910129,0.0977427930726359,0.372798125037835,0.0969364236676155,0.0615556041913149,139.489874064796,89.4219396362315
2012-04-29,0.619858408967654,346.200540161133,3.20011199315389,-0.375365945713637,-1.55497312859485,33.5033688652784,27.8785449436733,0.0493116694587198,0.283683419312266,0.0936688776022958,0.0362871960505731,124.038386562461,78.5241652295429
2012-04-30,0.60307208498319,346.210473632813,2.20660083691279,-0.298316117067982,-1.54659545152707,33.5145436910758,30.4502458106306,0.00786805310053751,0.0953703382983804,0.0983659746335413,0.00108535769850688,117.474290883845,76.2844006536617
2012-05-01,0.56556680003802,345.995200602214,1.64908492167791,-0.200545827388988,-1.54829577037266,33.5266191439521,32.7810110615608,0.000133518478833139,0,0.0791599655285814,-0.00834784497107778,100.000093707525,59.7458048927033
2012-05-02,0.552258017659187,345.938936360677,2.59007666508357,-0.1578713139253,-1.54979989851328,33.5266822155257,30.5334259908002,NA,NA,0.0795018640171764,0.0322738974950367,102.730574912197,54.7539868986371
2012-05-03,0.561152637004852,346.110923258464,2.97951687574387,-0.181075473869205,-1.55262113603434,33.5263723932711,30.8971240896928,0.00878360850038007,0.0465407259762287,0.0704380962997675,0.0258718942873236,99.4882406090932,58.972519502341
2012-05-04,0.555757152040799,346.123980712891,2.04609640836716,-0.219374598781193,-1.55498115729569,33.5290570079832,33.353519998995,0.0113508043260398,0.0577770873311568,0.0670971228720102,0.0201284485427957,99.1522230238944,61.303420909723
2012-05-05,0.543744274973869,346.116170247396,1.69482263326645,-0.270362080067844,-1.5514439935971,33.5287816900956,33.8554691694733,0.0225382126831951,0.103704242429768,0.0895477312343909,0.0318975791026999,119.685097465677,73.9341762646006
2012-05-06,0.516819182038307,346.125285847982,0.716097713510195,-0.243212079027093,-1.5461675040704,33.5336691634099,33.870384370474,0.00250390493734316,0.0228888821703466,0.117445779656221,0.011149581759832,139.681072517779,114.925095426191
2012-05-07,0.495679786801338,346.289916992188,1.38251797755559,-0.231509492137378,-1.5409208486851,33.5265385620576,25.8351815159159,0,0,0.0990589512722161,0.0458764330785077,138.455523912281,103.671056192198
2012-05-08,0.488762415448825,346.578128051758,1.31437533895175,-0.282898990507413,-1.54552042125759,33.5213699914459,24.1801834285707,0.0226250243916487,0.0166580198953549,0.0501444350115787,0.0580953099393755,105.985088184186,63.3581452419009
2012-05-09,0.476181881626447,346.583909098307,1.64907566308975,-0.329637742468289,-1.55177671792812,33.5268828313153,29.8828999081949,0.106006041603784,0.054857020949324,0.058930553299816,0.0209017369784135,89.9088071348619,47.1343819587106
2012-05-10,0.471871886650721,346.577295939128,1.92162582874298,-0.37846644158314,-1.5574375565787,33.5347534695962,33.395396885119,0.0575006133943904,0.0658935700507405,0.0720030311915211,0.0230793360956854,98.4176247707162,44.2304245619462
2012-05-11,0.464037984609604,346.62011311849,1.0907763282458,-0.440407542861942,-1.5570187824113,33.5398705417949,34.6425254291162,0.0740795268188461,0.12661404341533,0.105807442624206,0.027074277821116,131.623785858675,68.0185508603411
2012-05-12,0.4421626329422,346.740573120117,0.45618190964063,-0.438598459460457,-1.56286434616361,33.5438632821678,34.2461290538759,0.0518391709521656,0.0527937036696012,0.131755059472936,0.0230334434882367,158.691344779835,102.835642040868
2012-05-13,0.411176617940267,346.730425008138,0.34594753185908,-0.37128793610666,-1.56451532177459,33.5613483629729,36.1655827608324,0.0023651845080571,0.00288230367004871,0.138216722840653,-0.00357732004521037,159.298933693554,114.791151736636
2012-05-14,0.383083958427111,346.550183105469,0.447806243101756,-0.301193574681542,-1.55743296522843,33.583709673774,39.2455430389347,NA,NA,0.138820209533424,-0.00247131086381754,157.844168692052,112.210322008699
2012-05-15,0.369202315807343,346.568400065104,0.597199162840843,-0.318158196075294,-1.55240429568111,33.5891708144568,38.0764315970858,NA,NA,0.0985357767545191,0.017207391153937,114.662210725862,60.8698300228592
2012-05-16,0.35710739394029,346.477896118164,0.603969683249792,-0.2685860396832,-1.55036092880077,33.6089735246242,42.1660267858577,NA,NA,0.13420112984241,0.020484115312198,149.451719329191,101.915977607736
2012-05-17,0.359816573063532,346.711618041992,1.26625679334005,-0.29751483182934,-1.55450158011644,33.6108206985588,39.0763144313841,NA,NA,0.107413680481731,0.0442908472920719,131.088593654186,76.6710481948638
2012-05-18,0.370885198314985,347.134557088216,0.98720828294754,-0.308080204223332,-1.56404148277483,33.6170449077635,40.6446904347355,NA,NA,0.119276889788925,0.0372096352083118,143.709399208457,95.3900247761098
2012-05-19,0.363016080856323,346.962110392253,0.417154243588448,-0.30820135887068,-1.56813280205978,33.6281451892136,42.9886497985151,NA,NA,0.100093827197762,-0.0456217296589586,130.774277108943,76.3092580946349
2012-05-20,0.33590834637483,346.026025390625,0.341005891561508,-0.229042312704531,-1.57152081477015,33.6563232823422,49.5725021577419,NA,NA,0.169933026600489,-0.0270329744772131,214.173834778266,169.01074236352
2012-05-21,0.332362780968348,346.195442708333,0.846971521774928,-0.23080182778544,-1.57808917716033,33.6640504822695,50.699736494767,NA,NA,0.13949712381271,0.0431825435699377,169.275968930421,120.684682572364
2012-05-22,0.336825566490491,346.454478963216,0.638139780362447,-0.275915989134097,-1.57792740701733,33.6657427594178,48.6775983401707,NA,NA,0.0457410502450583,0.0316428755010877,84.0070621994461,46.8982543640853
2012-05-23,0.341340796152751,346.540152994792,0.893956609567006,-0.325229312328244,-1.58194300465118,33.6701885739663,48.6953817561157,0.00230796223816772,0.00788394827395678,0.08406128378627,0.0372555276897169,110.850537091744,63.9726269228085
2012-05-24,0.349634940425555,346.825053914388,0.87897950609525,-0.374696832878473,-1.59480437255443,33.6738082484195,47.9949475589551,0.00200659204274416,0.0062562944367528,0.107769347279144,0.0401651120107425,133.15567456709,85.0404525923785
2012-05-25,0.355985982219378,347.281052652995,0.8665367603302,-0.424263479622235,-1.60617308867605,33.6764701470397,47.0593143369918,0.00151004878981739,0.00505848703206102,0.106555490411426,0.074536296363948,153.501650439818,94.5670373815749
2012-05-26,0.346806682149569,347.546043904622,0.398868325352669,-0.462837957349935,-1.60471829570326,33.6766592757146,48.1337722046931,0.00176807308978424,0.00416838177252652,0.133567812607477,0.122168117405889,240.571170549464,151.464114615546
2012-05-27,0.339562390247981,348.251233927409,0.532966723044713,-0.51415035828836,-1.59123278963835,33.6771067138901,47.7224608112995,0.00506825248458724,0.0288176188224408,0.0640796913828393,0.0588158221173107,117.028482354284,71.0012257988979
2012-05-28,0.339600432912509,348.627140299479,0.695546285311381,-0.571369121537397,-1.56904835629284,33.694345101378,51.1569404530346,0.0203435696097777,0.201496737217881,0.0702292856417204,0.0348324039320749,98.0565632818069,55.3657050160179
2012-05-29,0.340902008612951,348.897068277995,0.633930973211924,-0.643977473833059,-1.56964266165755,33.6961979830175,48.8405166783727,0.0312007140839331,0.268603038565632,0.116280110076742,0.0660874879589878,154.011093646518,91.0775937157867
2012-05-30,0.338422122597694,349.228442382812,0.465116142233213,-0.705800173566081,-1.57841157420237,33.6911900025561,45.4421774247535,0.0139399452672936,0.097502846652584,0.0834233779460192,0.0758855359530763,134.362650569544,77.6735506950238
2012-05-31,0.331797025601069,349.651051839193,0.479652986923854,-0.737474254339485,-1.58002240093131,33.6920218503565,46.7093839573681,0.0108834390281974,0.062527040162069,0.097996540395613,0.109208077234321,184.347621607529,100.41360425709
2012-06-01,0.324803520242373,350.307163492839,0.393406606713931,-0.770478299993994,-1.58641866320058,33.691035019724,46.7822380854671,0.00667158373726342,0.0334698503591611,0.105828094569252,0.102989643574097,188.767268099458,99.4124827549024
2012-06-02,0.318487862745921,351.102645874023,0.359261853496234,-0.792655390568246,-1.59162287649355,33.6903350944806,46.2762732864323,0.00346684080510828,0.0209402339910535,0.149175850898588,0.0876386037894658,229.888473849008,121.441388553685
2012-06-03,0.31075461357832,351.822767130534,0.281263821323713,-0.811941252167064,-1.60161367036346,33.6914536468965,47.4757884749793,0.00625610557652198,0.0264581877065103,0.150593928908719,0.101711537773,247.957676031531,144.994770868064
2012-06-04,0.301782144109408,352.437906901042,0.226020521918933,-0.842340443143271,-1.60228714548556,33.6937596600755,47.8394865380194,0.00513307563085249,0.0423989291828042,0.0783729091342679,0.0464592679102618,128.120931560462,49.7828751934566
2012-06-05,0.291896318892638,352.207917277018,0.351416231195132,-0.889148034323427,-1.58387851670272,33.7156961770882,51.9560437166601,0.0583161675420247,0.313517450277967,0.0273014456593901,0.0435014964550509,95.2947089992328,39.6998148858303
2012-06-06,0.284208785990874,352.158049519857,0.286530762910843,-0.94383628756032,-1.58762678391951,33.7187996914512,50.8018476263921,0.0535482241390483,0.21107966418175,0.156117091193459,0.0548438266535899,213.053792225534,130.747030556755
2012-06-07,0.276902445654074,352.281834920247,0.23994205246369,-0.991954562527345,-1.59987319725797,33.7229475007021,51.1282579128007,0.053811818980997,0.25442225820756,0.0219228447912107,0.0552821000827882,95.8556090179229,45.521536102524
2012-06-08,0.269636190931002,352.427456665039,0.182211366047462,-1.05378553002401,-1.59380162165577,33.7225000481857,49.1927416127427,0.0485148213014245,0.211684871878111,0.119797769695857,0.0778038420511368,178.806829442017,90.3084414755978
2012-06-09,0.262078701456388,352.706604003906,0.169932347287734,-1.08888502082878,-1.59302718478038,33.7225861226706,49.4950586548425,0.0581609936031912,0.253765421394343,0.0126112575705786,0.0315579743425649,85.6283134279721,41.5902175173025
2012-06-10,0.252456813057264,352.231924438477,0.151934661219517,-1.10135860304187,-1.57482392626597,33.7370651933484,54.1812560146016,0.144329459630513,0.386982732193362,0.0299494424204629,0.0026938895225749,75.1107637685876,56.8929390945035
2012-06-11,0.243904469907284,351.911186726888,0.141651148100694,-1.15566411300709,-1.56376957221139,33.7382412243606,54.699841459891,0.193708206554945,0.381931687656202,0.0649149347712895,0.0938983402053889,145.389216684401,82.1737880235131
2012-06-12,0.2375287865599,351.951077270508,0.161501308778922,-1.2233931738183,-1.56028747961933,33.7273934299784,53.9454834765958,0.21394278254374,0.36531573756689,0.0408856242446971,0.0663123612285108,104.930612935339,55.1088664803269
2012-06-13,0.230573858320713,351.637682088216,0.119827602555354,-1.25404569125713,-1.56613877213987,33.7273247224048,54.9327460912834,0.277466026495414,0.391242128257689,0.017094954610207,0.0125057050552135,65.4728081671546,42.540250336966
2012-06-14,0.223793291548888,351.176180013021,0.146519577503204,-1.27976384265979,-1.57098501831069,33.7269746020324,56.0513758336691,0.379136978249465,0.414598540367937,0.0278842801130132,0.0330035882000636,71.0932062770275,40.7285579150457
2012-06-15,0.21789804349343,351.190858968099,0.0746681074301402,-1.33308082931024,-1.57383150131183,33.7184902994256,50.4238083272948,0.384925312135032,0.404381723780381,0.112473327400429,0.0406905809291323,134.750257499585,55.8075832560289
2012-06-16,0.214867915213108,352.04098815918,0.158810638139645,-1.38018029031897,-1.58878901085459,33.711565533975,37.628406166134,0.274201350490549,0.317966155011095,0.147351624430122,0.0801971357567866,208.401943557279,123.018330097598
2012-06-17,0.210814110438029,352.883838907878,0.0700068786740303,-1.39335052366544,-1.58942347899415,33.7173081448204,42.0736682934869,0.166304221361897,0.250116968117794,0.119331961553684,0.043074696345773,147.638296022399,85.711555122726
2012-06-18,0.203092622260253,352.327317301432,0.152637879053752,-1.35796465349377,-1.59518069028854,33.7473737817062,54.6774692320286,0.233609581317164,0.395814168049877,0.0154267623600431,0.0265924065212782,73.0464076070363,35.7270692943372
2012-06-19,0.198298570513725,352.025618489583,0.141185561319192,-1.37114589935855,-1.58902421123103,33.761250574786,55.709476496044,0.256307292974701,0.387507626828843,0.142532912748201,0.0498805531069524,178.742019183423,94.3391879368709
2012-06-20,0.193402638037999,352.494798787435,0.0549391295139988,-1.38269703863259,-1.58952559071376,33.7663676183027,49.5030898008131,0.160605068695099,0.231777404316168,0.166757266506329,-0.0344147821118061,214.972602356742,108.748503123093
2012-06-21,0.188283947606881,353.236309814453,0.0773243837058544,-1.34668611830338,-1.60191197144358,33.7814433018964,55.0933695699936,0.113905201257111,0.131258935088483,0.152445691070498,-0.00910277657658982,182.301813693011,98.9498849774057
2012-06-22,0.183809150507053,353.664584350586,0.102669329941273,-1.33124971972372,-1.60183395478958,33.7867323222913,56.87227775459,0.0782856992306188,0.0682699058856815,0.122397579812914,-0.0496006088849521,155.707332126228,92.2347438345865
2012-06-23,0.181360064446926,354.246653238932,0.15724853699406,-1.33369762556893,-1.6038038874031,33.7936449696247,59.9964097137738,0.0264203096241025,0.0900783635486842,0.146328222104593,0.0458810223560584,183.37972230295,119.029027548889
2012-06-24,0.180178118745486,354.740475463867,0.134263912215829,-1.35723496760641,-1.59411024823225,33.7956814443258,61.3485172780833,0.029743928772355,0.14448433463377,0.114157581869933,0.0206470336709031,134.108746987059,55.5341719861633
2012-06-25,0.178583001593749,355.107588704427,0.16767390097181,-1.35420055048806,-1.58516235772828,33.7984866235489,62.186629026456,0.0233823513800885,0.0872725331485554,0.153239631549196,-0.00489672931625431,178.371288007649,127.177483361908
2012-06-26,0.177352151771386,355.370101928711,0.137598607068261,-1.35431069785491,-1.57826127414417,33.8051065860834,64.6504824788947,0.029915453097608,0.221219037442391,0.115458634156818,0.018435015448166,123.55866235193,82.5507623760026
2012-06-27,0.170769622176886,354.633899943034,0.051315927070876,-1.35061267892221,-1.56936041618648,33.8120305771218,66.9445337137782,0.0533121644774858,0.285743886093728,-0.00170261150968254,-0.0245708419864339,61.7437470709533,40.1817361169661
2012-06-28,0.162376131365697,353.767096964518,0.0603174092248082,-1.34400966741089,-1.56378448233569,33.822017970838,69.5965462914087,0.105524773770747,0.344996834930061,0.042177497934466,-0.0305299825434174,61.6730463497881,40.8914966456594
2012-06-29,0.156390282760064,353.684491984049,0.0430236207942168,-1.35502110970648,-1.56354240412103,33.8165453717225,59.5564152782125,0.129282261813493,0.285539691106871,0.0638226936606312,-0.0538043616465608,79.1903884374764,62.8803587622324
2012-06-30,0.153362677743038,354.10402730306,0.136592819044987,-1.34984719058625,-1.57493177571691,33.8130976454656,59.6803250994001,0.128064795526718,0.214066769137686,0.100717965233371,-0.0353968816536262,107.298697751188,106.97132381776
2012-07-01,0.153071793913841,354.510653686523,0.138371199866136,-1.36106240032311,-1.57671010987203,33.811588947038,60.3578129495893,0.11202491043202,0.18133081031431,0.0928565803775214,0.0139765596031246,96.0984537493745,86.7016299895936
2012-07-02,0.152998831371466,354.698362223307,0.139890552063783,-1.36461998309408,-1.56749604070993,33.8134993933197,63.6087229377345,0.117059450649891,0.255598340549627,0.0886207032752664,0.0293666077987816,99.2215230285025,71.1848723185566
2012-07-03,0.148966890076796,354.321763102214,0.0488632318253318,-1.37004998729641,-1.55567183799313,33.8134763904084,64.7181738480589,0.150591348245376,0.298728594234339,0.0425561108395345,-0.0411862200616222,79.101262874978,53.1328533521886
2012-07-04,0.13976645792524,352.380393473307,0.0556750125562151,-1.33542960792556,-1.55558005490697,33.8163561713427,68.5771593975842,0.190655065889477,0.279215678600664,-0.000709038787990584,-0.0373083043255304,70.0935707118863,55.1502948182009
2012-07-05,0.135320557157199,351.873014322917,0.116732391963402,-1.34058425188961,-1.55813397411117,33.8239860964897,70.9584061615449,0.268520863229563,0.387602280013095,0.0367461211307156,0.00383431776741842,62.491546492826,50.7757180231953
2012-07-06,0.13463957135876,351.810760498047,0.133894595007102,-1.35361129493642,-1.55722759361554,33.831340330884,71.9806616682755,0.330035880768209,0.434771160209986,0.0744628683432825,0.0378268892155554,96.459590703901,71.6847496922081
2012-07-07,0.134210212032,351.940880330404,0.111101711913943,-1.3766777779823,-1.55966678015272,33.832917837272,71.5578769992169,0.351787345792006,0.429307085230834,0.0901190931663701,0.00875399354145043,107.153472301355,93.6542768426817
2012-07-08,0.132876916478078,352.314347330729,0.09724599160254,-1.42110355321626,-1.55549056279032,33.8223969022134,56.0680116065463,0.29238051487329,0.288049984068603,0.104322820285657,-0.0366979341925983,122.247280870557,116.664982965535
2012-07-09,0.130432048688332,352.801694742839,0.0501886600007614,-1.43554592222199,-1.56075443092145,33.8180030449889,50.3521009925613,0.308240079958859,0.228756435007095,0.0604266486501783,-0.0238801598885006,73.8597393943521,61.7038650809136
2012-07-10,0.127722452580929,353.077044677734,0.0837278218319019,-1.43246193980812,-1.55975512409569,33.8185193771707,54.0533309556488,0.308517981208476,0.197726342587843,0.0581687378059877,-0.0227420261423839,71.286316931096,65.5840900448834
2012-07-11,0.127278429518143,353.065725708008,0.15249267667532,-1.43534766507328,-1.56083244936807,33.8186626434326,58.7561646368271,0.392529530464813,0.235219100320881,0.0790612966634501,0.0111381085659552,83.1477493437649,83.8763883310589
2012-07-12,0.128320899605751,352.934265136719,0.149930575241645,-1.44876846379804,-1.56922045013958,33.8199533735003,62.2067066422082,0.245710847512149,0.204930635380813,0.0912595217473301,0.0191256976161236,96.1153308074039,84.3472597074311
2012-07-13,0.127854160964489,352.817566935221,0.119934142629306,-1.44675837244306,-1.58273464710193,33.8243820362521,67.0099304493209,0.178461430123412,0.146778541750142,0.163916520494267,0.00198714499522869,184.60813367479,173.638012138229
2012-07-14,0.127542956918478,353.184613037109,0.112067812308669,-1.44535130755346,-1.60049503817594,33.8302217641271,71.0094616897124,0.105158637157865,0.118150228928579,0.139510891141188,0.0853187381605009,183.055641991728,172.112159293696
2012-07-15,0.126566355675459,353.288669840495,0.0945464971164862,-1.45229025397982,-1.60045603253788,33.8314723108048,72.1407115549073,0.0912695599315492,0.121517590929831,0.0507226805237675,-0.00674619675522908,58.7364205195068,41.7918201457656
2012-07-16,0.126217886805534,353.116764322917,0.151687267174323,-1.45441324370248,-1.60375914493002,33.8371456691197,74.2775808994035,0.117561513983427,0.321164287710772,0.0821016744283357,0.01995864622575,71.6206265935686,52.5736042242197
2012-07-17,0.125317232807477,353.091539510091,0.0746654438475768,-1.45349080266809,-1.60250398449432,33.8389240350938,74.5609672696967,0.0481798862484062,0.101949381564433,0.168088148200983,-0.00140889959507867,169.711916900469,130.840925709653
2012-07-18,0.12228117287159,353.49980875651,0.0476785933598876,-1.42168455150791,-1.61327610024832,33.8409146187001,75.2149354712407,0.14092973930408,0.116496517419301,0.162941304952803,-0.00435290313360834,161.089920683674,125.223568224013
2012-07-19,0.121169602870941,354.31037902832,0.120360827694337,-1.40443631401636,-1.62953122576377,33.8439492533978,76.2262916457384,0.0124860575398136,0.0248364448911489,0.155343802085608,0.0537194605160477,170.438623126374,139.584552425446
2012-07-20,0.121964715917905,354.817045084635,0.144722939034303,-1.41124859609102,-1.6351840307838,33.8492611763173,77.4699784400768,0.0160421520835699,0.0891375678794501,0.139384687731141,0.0392564404755831,143.564169242938,118.875738156137
2012-07-21,0.121496291210254,354.896965535482,0.123138546571136,-1.40006918925092,-1.63151492705022,33.8507756254727,76.9835176324486,0.0194340640245455,0.0320093559914793,0.137273632312067,0.00716381857549786,128.9870721022,97.0235856861593
2012-07-22,0.122209524611632,355.044530232747,0.232490612814824,-1.39400586956426,-1.62666408952914,33.8524564155062,76.4655062130519,0.0569734787195921,0.0614642778038979,0.122918459229675,-0.00400641496132191,108.852678481893,74.9767187387106
2012-07-23,0.123076933374008,355.215347290039,0.139029428114494,-1.37686777383761,-1.62604798186094,33.8514697999883,74.993504301946,0.0412050751891608,0.0390128281277915,0.116465974893225,0.010110116836832,100.157839970643,67.1914188705953
2012-07-24,0.122665764888128,355.604210408529,0.085745469853282,-1.388328046727,-1.62969758591258,33.8545273085286,75.1541279276511,0.0104104257818956,0.0469279446485067,0.0916886166914513,0.0753623615334133,102.734644452169,70.5690129602545
2012-07-25,0.120861549923817,355.995263671875,0.0459332321460048,-1.39567176605526,-1.63164916119181,33.8532939853525,73.9614969949077,0.00989427844314535,0.0587079746725696,0.037367964219442,0.0286782203536285,36.6755294528099,15.5940872871541
2012-07-26,0.118304410080115,355.783943684896,0.0919536696126064,-1.40369285721528,-1.64240750961734,33.8618125772118,77.2210118358297,0.0232451225182784,0.27951398014294,0.00731755850514523,0.124556821707944,110.607195143983,47.9076680907249
2012-07-27,0.119260892520348,355.918170166016,0.183808643122514,-1.42058588418745,-1.63888411279908,33.8686504220604,79.2047146280905,0.0356429803178163,0.362131945130632,0.0206493283096785,0.0505666460813884,36.6163203549189,18.0644514203976
2012-07-28,0.120736361294985,355.698933919271,0.188566386948029,-1.43393784716613,-1.63152984300054,33.8735321303059,79.8317209365673,0.0523824113407137,0.383615368935175,0.0353739354059212,-0.00771452846439709,27.539950915747,11.4943046646835
2012-07-29,0.121351196368535,355.385193888346,0.165745819111665,-1.45064363488577,-1.61980545386336,33.8780639619756,80.4793786751597,0.0611029890351894,0.386409074488215,0.0756927873323062,-0.0169182684188499,53.8945013500237,31.8081827248966
2012-07-30,0.120463827252388,355.471946207682,0.0697204689184825,-1.47187350298229,-1.61227908663284,33.8758210060292,79.8357365005895,0.0407146744664646,0.22855036335304,0.141211208068114,0.0212069220728892,126.57234739958,83.7244977864921
2012-07-31,0.119928917785486,355.098806762695,0.192952844003836,-1.45721911084383,-1.62142546239652,33.8809034591331,82.6489461633496,0.0275360708461052,0.196646474581912,0.162574165283625,0.089265492779756,201.167030555074,128.75719130111
2012-08-01,0.121748735010624,354.548611450195,0.206416980673869,-1.44799196697716,-1.62366845509163,33.8938449916983,85.5671352551396,0.056170550122493,0.374471289826963,0.0906055538277877,0.120543523194422,155.127384060263,90.3001608141733
2012-08-02,0.122201218207677,354.250862630208,0.0685392697031299,-1.46356328828891,-1.60660103568457,33.8998397024054,83.8404301127097,0.0903998981264973,0.415849110685793,0.0689833048254924,0.0139375508979971,60.5143613152667,38.0289705028092
2012-08-03,0.122329326967398,354.433513387044,0.141088505710165,-1.4894989715483,-1.60866161306998,33.8959274148582,78.9368167748129,0.065308319150008,0.289231715888429,0.135912919851174,0.0617368794221403,138.26890536476,112.407776519105
2012-08-04,0.125903171300888,354.627305094401,0.273100578288237,-1.49593677242896,-1.61887842909734,33.8980040299265,80.9641182476417,0.0590556102167619,0.271623339076856,0.064807087337052,0.0630310478347137,67.8355142219131,37.0430369105745
2012-08-05,0.130518009761969,354.476086425781,0.362280927598476,-1.4938688560536,-1.62541811269029,33.9028686293982,82.6678771865099,0.0765770784145067,0.347592628651992,0.0948551988607287,0.0466520160968815,80.8136142817415,52.9864824338782
2012-08-06,0.132992161313693,354.261171468099,0.179474498331547,-1.49590924090909,-1.61948191312919,33.9044174825339,83.125081033635,0.0811740722948391,0.317673589838179,0.0730218443095236,-0.0172326320124076,59.098412382146,40.0685052394618
2012-08-07,0.134049078822136,354.413754272461,0.198390403389931,-1.50981741426583,-1.62420769338321,33.9022490852757,78.7216959824239,0.0491736842783233,0.215087738035527,0.123466874829921,0.0330471859446594,105.523067985744,87.3050667713209
2012-08-08,0.137079916397731,354.44994913737,0.254146362841129,-1.50678575845589,-1.62722053787762,33.9062990747896,80.2596684972146,0.0614711333143252,0.320777070197396,0.0819938266999964,0.0132560472571312,59.9958483174126,43.1478280056445
2012-08-09,0.140602423002323,354.200291951497,0.352183812359969,-1.53050207778027,-1.62501998996376,33.9028228243491,70.8666214799522,0.0778712466301369,0.294569586477193,0.0832673435456547,-0.0147659103701213,63.0102894272321,40.4813834154087
2012-08-10,0.143361573914687,354.057732137044,0.268657511969407,-1.53921155866824,-1.62306840885851,33.9005626162192,71.7925024032593,0.0910079651184649,0.215921355808019,0.094357265229512,-0.0398186237124124,84.3361965525811,48.4572463897828
2012-08-11,0.146846915284793,354.351184082031,0.398246172070503,-1.54845522669025,-1.60958175596438,33.8960135036841,65.4312286914739,0.0620555449811097,0.123671670493327,0.124024468593131,-0.0309957913998374,114.18832052964,62.1595536377617
2012-08-12,0.156252835939328,354.856189982096,0.70897564291954,-1.54881043183176,-1.60157237017065,33.8924682014867,61.4741480762797,0.0797558782648576,0.0683643402848041,0.132087780498808,-0.0207915950734588,123.484937881897,68.507380216503
2012-08-13,0.166916248947382,355.347622680664,0.463075258831183,-1.5711637493363,-1.60460586027991,33.8879536793644,57.5394397391413,0.0377355344887627,0.158151275996483,0.0616841030804286,-0.0269847874550667,58.9665133047229,32.0981651107875
2012-08-14,0.175279473761717,355.684758504232,0.58810824851195,-1.58256344777301,-1.61472859821822,33.885286216449,54.3648263601432,0.0345606224436779,0.165083171806834,0.0722898588676874,0.00290958425100137,65.3484934512873,20.3760162940978
2012-08-15,0.1831431021293,355.643874104818,0.799438997109731,-1.57802835084442,-1.62775632940737,33.8927895682199,66.783909761816,0.0807263336592543,0.314323437701267,0.0696602186426184,0.0692403024216568,93.0110287612614,29.7962625707131
2012-08-16,0.186910052597523,355.22453511556,0.655482619007428,-1.58238171097031,-1.62336671576464,33.8927551498987,68.7429456710815,0.0710808785362659,0.228593388173197,0.176178995113736,0.0234740113601425,202.762468801462,107.015501594064
2012-08-17,0.188789608577887,354.858209228516,0.481902202963829,-1.562107326841,-1.61893464075892,33.8920781988847,70.8786683548662,0.0232246293109545,0.0451795317190276,0.19041255229902,0.0266015850763796,234.38814901971,142.122586892067
2012-08-18,0.191346785922845,355.108693440755,0.468092740078767,-1.53010281360239,-1.60592182596823,33.8930820809271,72.8600770369508,0.0379740862554172,0.0662823866005056,0.187362996329154,0.00216153660382991,229.676182769278,142.795046754949
2012-08-19,0.199938187003136,355.697895304362,0.967750267187754,-1.51166779878444,-1.59916760150651,33.8927206885546,72.7023214863655,0.00417292918136809,0.00475898009026423,0.173292357278498,0.00138365873660808,200.77877811284,122.896814327882
2012-08-20,0.215775325894356,356.40915629069,1.1604904015859,-1.51628275294053,-1.61076578385848,33.8949291974978,74.7038083004772,0.00867023972857435,0.0753669504888524,0.157668257020134,0.0578451958814062,195.793775709803,129.147983825204
2012-08-21,0.225594951709112,356.698903401693,0.562949406107267,-1.52288851702124,-1.6122045153962,33.8947857878262,75.3749859566079,0.00700821432186977,0.0309028590336106,0.175121173010509,-0.014570867292639,206.321395297265,133.963068616201
2012-08-22,0.229342380662759,356.875588989258,0.701498992244403,-1.5229518480767,-1.61069349552456,33.8960019305236,76.096645731675,0.00770262510277667,0.0605178599743018,0.163829324795003,0.0357732002140212,195.667626634595,137.313035616443
2012-08-23,0.234204357365767,356.307344563802,0.960873148838679,-1.51987888624794,-1.6134929410497,33.9064997192612,79.4525341557381,0.0346492642669805,0.395920294343977,0.148035421995516,0.0989648721187859,215.978826433538,149.983808577724
2012-08-24,0.230464096367359,354.042742919922,0.823535774151484,-1.49467840320186,-1.61725727597574,33.9272893030841,84.5322594069001,0.0969572187842507,0.468829127854871,0.100924481028565,0.129487970017625,199.176104055785,113.772066827115
2012-08-25,0.23306885411342,353.129208374023,0.637836459775766,-1.4941359469317,-1.60605147413741,33.9352519673512,83.5662227573251,0.123764602481423,0.420576037713011,0.117253031133485,0.105929058129178,185.157773512856,124.105063984293
2012-08-26,0.235520812372367,353.339777628581,0.251032233734926,-1.53464342508101,-1.5873583160845,33.9166590181508,42.5612760235492,0.0586364110397819,0.218327809888449,0.166296046157192,0.039713070846926,199.18532722337,146.027667476592
2012-08-27,0.236437080303828,354.160741170247,0.515329067905744,-1.53626801689765,-1.58226539676351,33.9031494111943,30.616032618329,0.0182977875835158,0.0637773644653033,0.130233722717914,0.0292931798901549,138.745853648213,92.0566272231761
2012-08-28,0.253015768031279,354.904645792643,1.68855935533841,-1.52631393187028,-1.58773118795309,33.9044344048751,35.3945887644488,0.0146483065151243,0.0318247940758187,0.122126813963952,0.0187080757398354,120.558675773569,81.327318859568
2012-08-29,0.281346747775873,355.482550048828,2.02233180602392,-1.50499870409643,-1.59164467252287,33.9049449289652,36.940592260289,0.00838305286015384,0.0425351709127426,0.114584382455376,0.00438732253317546,111.554632046167,74.0515507765393
2012-08-30,0.315529609719912,355.993156941732,2.38885787725449,-1.5007059215603,-1.595374584198,33.9037689696577,36.1317371318215,0.00195986052858643,0.0217444376321509,0.122135992617087,-0.0011748478544834,120.261216194158,74.8676342768352
2012-08-31,0.338435713946819,355.974830118815,1.60724330147107,-1.49876466819218,-1.59436724418984,33.901457177069,37.1098209108625,2.2888882085681e-05,0,0.100527510803221,-0.0575859033663694,111.057163141993,69.6286453734014
2012-09-01,0.362303015589714,356.36200764974,2.56034058729808,-1.497029926992,-1.59576581833058,33.9032182765186,43.7648067008284,0,0,0.1510803897522,0.042283050743933,162.731943391781,116.716081508659
2012-09-02,0.391522367795308,357.017609659831,2.06141802867254,-1.48692440448847,-1.58960016463932,33.9070904380397,49.2099515190698,0,0,0.156110206884997,0.0584991639129874,181.452367555907,130.218158142046
2012-09-03,0.418029611309369,357.555559285482,2.40200704733531,-1.47855086120448,-1.59170892319285,33.910440559674,54.4784100898226,0.000171121642259615,6.53968059590885e-05,0.142645348899795,0.0411403274681783,157.801416334081,103.657248858824
2012-09-04,0.459331172704697,358.058661905924,3.09802314440409,-1.4942102952111,-1.59885897448188,33.9096087262146,55.1771233852645,0.00617999816225856,0.0573512778015233,0.0874779803076185,0.0627189789359507,109.038787864851,61.4428856751271
2012-09-05,0.4935894181331,358.432941691081,1.86730265021324,-1.51133186611018,-1.58871788279455,33.9062471604885,54.0544782007547,0.00424049553336002,0.0194702221197076,0.129497149104911,0.0184051852281156,133.141458645942,75.4834990963922
2012-09-06,0.526148886481921,358.847635904948,3.23176848888397,-1.51671230837815,-1.59106642455983,33.9032182765186,52.6071436100436,0.00713477114424388,0.0275379634053211,0.106298492591184,0.0276272822507566,103.424313525946,48.8866951592275
2012-09-07,0.586123381058375,359.268530273437,5.39025090535482,-1.53679394542723,-1.59553750430731,33.8952216671822,44.9350653806127,0.0119521957226531,0.0457541060872203,0.0682903279907497,0.000867368121232305,65.1647316642265,29.3668161105027
2012-09-08,0.654612853129705,359.767849731445,6.38938745657603,-1.54994764767195,-1.5950613698565,33.8858138923358,35.8873594398785,0.0119337836822363,0.0321085779614483,0.0800732261452236,0.0298163542397936,75.7531220730244,38.9030567607265
2012-09-09,0.632794056336085,358.58759765625,3.30094864765803,-1.5377521761378,-1.59506825396889,33.9005738308555,52.9329803975901,0.0604285131544715,0.261397917859985,-0.0103028650654662,-0.0270260905328774,46.6560302517722,34.7494186053383
2012-09-10,0.638791824380557,358.028137207031,4.11703062852224,-1.62198326551825,-1.5993316688932,33.8926574448894,44.3332999344159,0.178868725433722,0.399910072971107,0.0334326829901315,0.0408397316512533,45.4065534932114,24.4426582015333
2012-09-11,0.687159541249275,358.393200683594,4.3838084657987,-1.57126838641059,-1.58920319277541,33.9148407556061,54.5432333731113,0.23289466196237,0.388654939438167,0.0894536519129025,0.0618034236805331,91.5769919083747,52.3747600014318
2012-09-12,0.728681167960167,358.749102783203,4.37231551408768,-1.58372820006277,-1.58890948125294,33.9175944077341,63.6666619652196,0.273749882505885,0.378148426574872,0.0638295772548457,0.0791140727390696,90.0347324318999,58.8510113514128
2012-09-13,0.772992663582166,359.086121622721,4.64931193590164,-1.60722423585734,-1.59313503288685,33.9128503727734,52.0380767270138,0.2779556427263,0.375681704148314,0.0899447016978174,0.0544537404846204,95.4872519435306,63.1496324994362
2012-09-14,0.831108499566714,359.520998128255,6.45176823536555,-1.65719840759622,-1.60974008248265,33.8991628374372,43.0953499571721,0.246487445500854,0.365631247583525,0.0850020799281678,0.0489902388080394,88.0559854314807,56.3613071953524
2012-09-15,0.890589687228203,359.821892293294,7.61487216949463,-1.78086583237899,-1.61579444982055,33.8516982372542,36.2728563789138,0.211246310754266,0.352617856255151,0.0814155816779773,0.0249792852235916,77.9898681167774,52.2297668953615
2012-09-16,0.932618267337481,359.969415283203,6.11734418471654,-1.6493094935453,-1.63064182163181,33.9083586958118,54.6986942757341,0.186745742022557,0.334992269824322,0.10162663627836,0.0796280688277089,129.238775103648,85.9076323939863
2012-09-17,0.952117474873861,360.003723144531,5.3768684665362,-1.63654678835905,-1.63207940320323,33.9090757154881,53.2920892005576,0.12729230152331,0.229298984897988,0.140623783944805,0.0729575945358527,174.30895268208,135.632509178599
2012-09-18,0.943049145738284,359.560573323568,3.50191468397776,-1.61280568156924,-1.62195207301835,33.9117374563576,64.3584912701657,0.0403312412870897,0.0494152406532619,0.16670448985651,0.0635060351341963,210.763109822059,176.753247138877
2012-09-19,0.937220917145411,359.687444051107,1.87543400625388,-1.58857444757806,-1.61045486003833,33.9109342904915,63.6878873853755,0.0684877442525186,0.050631785636832,0.151277727552487,0.0029371197202376,167.814999013446,143.658099525011
2012-09-20,0.961097915967306,360.037048339844,4.32110256354014,-1.59341794073134,-1.6000269400446,33.9136994153933,65.0021335128555,0.0382189832310914,0.13888216397508,-0.00543137683176008,-0.0027742013615325,52.7468455333707,46.3003437149243
2012-09-21,0.9744272540013,359.256557210286,4.3385070681572,-1.58926833975584,-1.58899094018721,33.9232738179372,70.8390854964579,0.114459325808023,0.315639978008611,-0.00548874232497879,-0.0368241382608736,56.2586500533164,35.8140666547676
2012-09-22,0.964328427116076,358.282948811849,2.84774396816889,-1.5942137156214,-1.59322911366484,33.9289701648225,73.2484418467471,0.191970889582614,0.366371263854934,0.00505964757692545,-0.0450618413129919,58.2038255822665,33.5618808339138
2012-09-23,0.993755986293157,358.410631306966,4.41271446545919,-1.61470287814176,-1.59868916891571,33.9213176383112,59.8386539193921,0.221989026685294,0.284722778305439,0.0193689277297572,-0.0158833925633278,45.0412354729669,25.9381310627966
2012-09-24,1.04934325416883,359.392697143555,3.20648846228917,-1.632193427785,-1.59680069747724,33.915787632304,49.8880130868209,0.2359181163689,0.222658914370336,0.143079033023433,0.042347300125468,154.024784868306,106.246370676367
2012-09-25,1.07880501548449,359.798779296875,5.70762759844462,-1.62696168431662,-1.6085124567039,33.9181051612797,63.7377951736737,0.287596342305133,0.2114004494176,0.130240607110405,0.132659141870594,224.703785512005,131.514800029121
2012-09-26,1.12412607868512,360.543403116862,4.44191466967265,-1.62310671806335,-1.61032980366757,33.9151909333423,60.264307323255,0.268324002453924,0.175129012932025,0.113028627281126,0.0838501783774087,153.827311836329,102.118977634792
2012-09-27,1.18589162826538,361.292752075195,7.6288210272789,-1.63119939843515,-1.6195358374065,33.9069990430559,48.7992140906198,0.157413647570342,0.116730353097399,0.095823530443853,0.0926018772380693,137.424795228627,85.4809493961685
2012-09-28,1.28173610766729,362.164840698242,8.84602748155594,-1.63304702455836,-1.63166178124292,33.8853724200026,40.5706889145356,0.115483606152078,0.0999276818183716,0.0953416590599861,0.0718217554425162,118.540047768773,77.987003506422
2012-09-29,1.36544631719589,362.707904052734,7.44604545036952,-1.60248537977835,-1.63901949376988,33.8841793088985,36.7421072694592,0.0779545048677034,0.072066902091479,0.136888135434654,0.0106700052668277,144.900186813881,139.279382416149
2012-09-30,1.43014174898465,363.10815226237,8.34965404669444,-1.56609721963567,-1.63591945978036,33.8915733681586,40.3785140209628,0.0440926569323479,0.0368649720891633,0.122929932633625,0.0718102821786153,151.824032801137,101.324970886526
2012-10-01,1.46517130931218,363.245859781901,4.69746175209681,-1.5567984827479,-1.61980201516833,33.8901908272191,40.9739692551749,0.00630417910879907,0.027792274285591,0.0788341285310742,-0.0280242522800327,89.1349079914591,58.5251218889094
2012-10-02,1.49917174180349,363.459266153971,8.96474715868632,-1.53205784191763,-1.61824281726565,33.8918200471347,44.7520691111572,0.0118804195829268,0.0133518479498369,0.157048708556178,0.0334235043790107,175.756184375343,133.974086748491
2012-10-03,1.6062915623188,364.358767700195,10.4929500420888,-1.48716671753647,-1.61592065615762,33.890787468817,45.3957113825289,0.00183576277582111,0.00644796554044616,0.118290201837855,0.00289811111314404,122.031797389227,89.3749818115021
2012-10-04,1.68997719486554,364.860256958008,6.82654805978139,-1.45291530951521,-1.61844244845828,33.8737212589809,25.0750871672666,NA,NA,0.0932283094642978,-0.00822393516344684,90.480435567084,53.7279985668374
2012-10-05,1.76150796810786,365.400822957357,10.2505254745483,-1.4448556734207,-1.62683618382404,33.8661546205219,26.3744184630258,NA,NA,0.13064446175625,0.0249127412312909,134.71449612965,96.4629520373714
2012-10-06,1.87825722297033,366.509676106771,13.9688759167989,-1.44699793292167,-1.63325310694544,33.867737820274,33.3575355845286,0.00271398801233549,0.0118417574549621,0.113863870179407,0.0548025232396628,128.051805145182,86.8963356852318
2012-10-07,1.99241935412089,367.624622599284,13.5599166234334,-1.45003510104086,-1.63841141928407,33.8657987494218,33.9759370581548,0.00316615140083123,0.019252572837725,0.098157164003504,0.047735079058579,108.107282413064,75.6892451907323
2012-10-08,2.06911762158076,368.420222981771,16.0859811147054,-1.46154768708953,-1.64050641006097,33.8658215659005,34.6465411222071,0.00448882271758869,0.0363866420514229,0.0563353328384403,0.0421545514906932,71.7107109992174,48.2501193648933
2012-10-09,2.06713805596034,368.480517578125,16.3049463907878,-1.48656919845065,-1.63975722180273,33.8738586024234,39.7222513471331,0.0126106840605616,0.144208562189251,0.0586758501603639,0.0870947779569411,96.4295842998746,72.8391504737126
2012-10-10,1.98284214337667,367.376755777995,12.3237997372945,-1.50040853606131,-1.63772074037925,33.8821595987879,47.1229902783731,0.007039908794126,0.0733419439328232,0.113992369320608,0.123129565366789,177.570889788544,132.17622761776
2012-10-11,1.92599292993546,366.537956746419,7.53809261322021,-1.49491520707769,-1.63470445405272,33.8925660499056,53.4521391158713,0.00327453311876438,0.0151199837629166,0.135424164326904,0.0804449551759806,165.553881335062,144.272584644486
2012-10-12,1.89443323214849,366.204964192708,6.87666206359863,-1.47722089156172,-1.62512210168337,33.8974996437704,54.5839627452363,NA,NA,0.155479184975077,0.0737056420849902,185.175812170996,164.041028309768
2012-10-13,1.85328150192897,365.413810221354,8.98380908171336,-1.45945499221185,-1.62401724040956,33.9045212967952,58.3798458379014,0.000653968059590885,0.000762962736189365,0.167874747999293,0.0915807692712187,217.140753561941,170.897001427981
2012-10-14,1.80131497979164,364.373056030273,6.67965888182322,-1.45249677018115,-1.63050758749023,33.9147436959403,63.1681545408149,0.00286873988904214,0.0143150883726776,0.137317230098678,0.0990566565073971,178.858503774551,132.330872421494
2012-10-15,1.76884687344233,363.533547973633,8.91398176352183,-1.46472253387136,-1.63531138350193,33.9224879472776,65.7524757851335,0.00899033985867452,0.10259840971111,0.08649358594496,0.1357339391891,171.922689671787,102.613320886263
2012-10-16,1.79788058201472,363.546971638997,8.64938767751058,-1.47092352460202,-1.62880038363593,33.9238187460075,66.5315012358185,0.00527577259476276,0.0436982604100796,0.145274988900786,0.0585611188238052,154.664712504706,136.285661381655
2012-10-17,1.81952099005381,363.28932800293,9.3147095600764,-1.46745129949168,-1.63968379022484,33.9289930099832,68.4521024531888,0.00550853360542341,0.0542592709232822,0.0970901632891562,0.116858355911042,149.191891911456,99.4359557930468
2012-10-18,1.85588917136192,363.160956827799,9.08285976250966,-1.49317220727304,-1.6340975237072,33.9176804391961,48.9885202207063,0.00872272925882047,0.134298651423165,0.0729185861528368,0.0676822522305008,81.8152816190134,72.8805725075456
2012-10-19,1.89230084021886,363.262299601237,9.26219759782155,-1.49669124085204,-1.62641970869294,33.9268187329285,63.8760465284936,0.00668381171430552,0.0691628586150762,0.03493336757603,0.0511448915375579,49.8860893307336,34.5781940554484
2012-10-20,1.9216240644455,363.403739420573,10.5040771325429,-1.58916921364634,-1.62356634695727,33.9070794528588,43.8055361554139,0.0357135398754556,0.34073456841752,0.0238342672390373,0.0575147699844792,44.2176369236643,29.9882045174113
2012-10-21,1.94614832401276,363.656450398763,11.6477130095164,-1.57481770900855,-1.61850784506117,33.9261705212127,49.9149750229111,0.0562233264607034,0.350509669904814,0.0118609153406512,0.0810346737279928,56.7775057011478,29.0036468664314
2012-10-22,1.99076454043388,364.378332519531,12.811367781957,-1.72827028466347,-1.62000049863543,33.8549396400165,33.6965664203902,0.0455042733968397,0.257921560121266,0.0616726299425713,0.0151904160086822,41.1868233561393,36.8759497922121
2012-10-23,1.96567797462145,364.619020589193,7.56535285313924,-1.53506195903721,-1.63173062281501,33.9277652367613,42.9708664972979,0.00703217832606927,0.0382178700278683,0.172613148360436,0.00836390728845184,168.554744639518,99.8502198551261
2012-10-24,1.95349309444427,365.025727335612,10.8588093916575,-1.48975505282108,-1.64192908464518,33.9390836012991,62.9645068269027,0.00211235161801364,0.0134167809614,0.112200267374852,0.00225791083018583,82.8914167308113,73.7615612269653
2012-10-25,2.0075222671032,366.119291178385,12.9586956977844,-1.46565047735558,-1.64286872991046,33.9380567880501,59.6958137203876,0.00112625426421596,0.00391081560847183,0.104371007882003,0.0331297925624408,80.7048603855705,63.6426005344493
2012-10-26,2.0868900736173,367.680911254883,18.4154856046041,-1.4254927092925,-1.63971132846703,33.9234973219104,33.9093929627784,0.00486403086513309,0.0586620822436827,0.0413353706717043,0.0436116384860492,40.5519658943071,27.4336097392849
2012-10-27,2.15645534594854,369.704811604818,22.0940606753031,-1.41586905807481,-1.63419160717412,33.9286086433812,38.033980964718,0.00297347655798878,0.0315635011129168,0.084722135566119,0.0126846857873121,55.4432238140528,57.4356208821296
2012-10-28,2.13562580347061,370.516817220052,14.6869967460632,-1.3783932399929,-1.62333803024507,33.9320907879593,49.7658244147337,0.0019244126420109,0.00877866763845984,0.0901145041409068,-0.0130655934291899,62.3115242818883,70.3991620592408
2012-10-29,2.08068523804347,370.730063883464,17.2668272336324,-1.38575347966718,-1.62467923782822,33.9346033827703,55.14614622575,0.00292358683984516,0.0244378404340373,0.0311013441112705,0.0659773460680381,45.9163682243203,21.6975023061235
2012-10-30,2.0524254322052,371.393174235026,17.251437664032,-1.38490813701673,-1.62281715018409,33.9331980253521,49.0384284069664,0.00615819922868947,0.0757656417878107,0.0435152643297176,0.0567162403822841,46.6118914986331,32.1257785302115
2012-10-31,1.95644437670708,371.165877278646,10.6967558383942,-1.39946065182076,-1.61629697433988,33.9345747868818,57.4786323819842,0.00655574297455413,0.0739471514821333,0.038632302594028,-0.0356447011708541,37.9625348560989,17.6860949237466
2012-11-01,1.74925477703412,369.494130452474,6.6889985481898,-1.40798013237186,-1.61108932728158,33.9238817888991,53.0127186595945,0.00360875592256586,0.0215132370746384,0.10935263830076,-0.0645523842396145,109.768415256903,72.065867544286
2012-11-02,1.69058545430501,369.538217163086,15.4675304412842,-1.36647037411095,-1.60510035027239,33.9173994566265,46.2751264177767,0.00101092562545091,0.00180336646735668,0.113756022983252,0.0103831770864869,91.2398467108676,61.3475998490714
2012-11-03,1.71235402226448,371.516459147135,20.0899995485942,-1.17980448599149,-1.59067748632646,33.9168487061235,34.8065910590322,0.00165663893772837,0.0108273388434421,0.0685106119407075,0.0247429388302161,57.6806775544517,31.7943734868258
2012-11-04,1.68658716678619,373.807169596354,21.8790317217509,-1.09680974147374,-1.58467475229636,33.9092191395007,23.4814701152027,0.000815416424302384,0.00224650138989091,0.0693481498558943,0.0135176347050452,64.446644999447,40.0643627512167
2012-11-05,1.63422111868858,375.892340087891,23.6382486025492,-1.15250854720747,-1.58449003436512,33.908186532501,29.0694552937845,0.00139329829753733,0.0100432992260033,0.0555666335963441,0.0130219955445456,55.5349826965774,26.7293675389571
2012-11-06,1.56208540399869,377.516844685872,22.6795660654704,-1.03137438346569,-1.58913091206013,33.9016583664973,22.5710775762572,0.00182218882705896,0.0147547148498556,0.0751099528646783,-0.00637905666590633,65.4745662399148,39.6183399497065
2012-11-07,1.4815939505895,375.715744018555,15.1078311443329,-1.1463103029961,-1.59270708632648,33.9012738995086,33.3168060259711,0.00135337169347114,0.00821515687113238,0.0714087227737545,-0.0617942451534415,84.2748654772078,42.4187347526633
2012-11-08,1.37943537036578,374.24509379069,13.6850740591685,-1.07723199850635,-1.60266919826206,33.8934376795489,28.6931368462125,0.000373306767349797,0.000544973382992404,0.0911264336646948,-0.0144515468745976,82.1171396589442,49.9209637479143
2012-11-09,1.2569030503432,372.567564900716,8.58571257591248,-1.14825706083075,-1.60101936096536,33.8918715312069,39.1027027144468,0.00124935148837599,0.00507267117752014,-0.0193643385502405,-0.00670030430183375,47.2024840487826,35.646983480645
2012-11-10,1.17821627855301,371.206618245443,10.8819632848104,-1.22888650683532,-1.5906499557029,33.8900415951148,45.2568865431879,0.00646223701428118,0.0758459535917561,0.0212642876361322,-0.0088664300851804,41.3833510594954,20.0169918812172
2012-11-11,1.15356862942378,371.315536499023,9.65261761347453,-1.16763379027073,-1.58388998813199,33.8860489264467,39.6763588898164,0.0023779005316707,0.0180313526031872,0.0927120191570287,-0.0119136917944017,77.3130768868042,49.7096893129082
2012-11-12,1.12237829963366,371.463288370768,6.52880388100942,-1.14151361988003,-1.57918141345332,33.8819357793134,34.8324058253066,NA,NA,0.147363097595989,0.0202271173379027,141.420413040174,80.2833821725973
2012-11-13,1.09258594910304,370.670767211914,9.10143399238586,-1.1414557923948,-1.58216901874184,33.895106896422,52.6197642025195,NA,NA,0.167808204035002,0.0695638445283013,202.357731787664,103.342416735026
2012-11-14,1.15268439551195,370.951648966471,11.0123808542887,-1.07614710344408,-1.58849071380787,33.8999771605757,56.004335916132,NA,NA,0.128675673184986,0.045722693092841,138.726785948628,91.0748292589062
2012-11-15,1.19389531811078,371.738683064779,12.6380536079407,-1.01793981539576,-1.58970227411815,33.8942232777302,46.2332494635331,NA,NA,0.0966151762557657,0.0443505074380708,101.53556021815,63.8621628956976
2012-11-16,1.1927754710118,372.117811075846,11.2559314568837,-1.02011236638055,-1.59151273293603,33.8994205589581,55.4800141377557,0.00175790738540928,0.00626866679825608,0.0940589640653671,0.0559177110321764,102.69823668206,61.5851169200987
2012-11-17,1.20727896889051,372.333000691732,10.8480101267497,-0.964661378945623,-1.58933398553303,33.8994091005254,54.1973186005327,NA,NA,0.133551750836292,0.0502247469485702,143.152666626325,91.3744748043534
2012-11-18,1.22890056173007,372.495885213216,10.4266569932302,-0.894440355941765,-1.58237553404686,33.8968907406456,48.9736052814283,NA,NA,0.148829362740306,0.00972232519459904,155.746002212451,115.053516202624
2012-11-19,1.25600824256738,372.748582967122,10.980571047465,-0.837736505090742,-1.58518989417786,33.8957722169116,45.8850400071395,NA,NA,0.134662349813415,0.045061841214958,145.869382623447,96.596899148639
2012-11-20,1.27894428273042,372.921971638997,10.2616876840591,-0.793401600358854,-1.59237206923334,33.8908904226203,40.7657320373937,NA,NA,0.130596273865803,0.0242679516567772,134.935546608301,94.7382574815534
2012-11-21,1.2784974972407,372.470891316732,10.8105872154236,-0.732980460068561,-1.59117657125444,33.8752298283398,25.4714835353364,NA,NA,0.137666012839715,-0.0169687502478298,146.275797879877,116.809977285218
2012-11-22,1.28479084670544,372.218380737305,13.6634693463643,-0.66499807091808,-1.59998792723606,33.8626611896027,21.895884277229,NA,NA,0.123700927214739,0.0362780177755687,131.998825102669,98.0564693663455
2012-11-23,1.29337259531021,372.360279337565,12.3387818018595,-0.738870303881796,-1.60597345793158,33.8763140628212,41.1879429136004,NA,NA,0.138134116474959,0.0981388068933012,194.296559356831,120.807580553664
2012-11-24,1.35119856695334,372.624299112956,14.6821537812551,-0.748739025982699,-1.60509117563864,33.8789471934613,47.4230124717368,NA,NA,0.105883165479715,0.0803141617181158,146.22835497714,89.7036250780676
2012-11-25,1.37767469783624,373.134043375651,14.7353354612986,-0.724885024494471,-1.60059256168236,33.877295099703,47.9605283486216,NA,NA,0.0847932691720868,0.0738570873898671,123.127952991033,74.5845559200292
2012-11-26,1.34814210534096,373.050703938802,13.7921258767446,-0.701493620732449,-1.59769445030313,33.8718454461349,46.6502975700493,NA,NA,0.0925376278425294,-0.00583752543014243,98.337294135488,80.4173258958643
2012-11-27,1.29803577363491,372.76374206543,15.4733442465464,-0.68457030308874,-1.59103086344282,33.8657016323921,46.3812528696275,0,0,0.0628245316753934,0.0523702212490309,83.5711068170034,60.7786905112981
2012-11-28,1.26640991667906,373.238556925456,16.7353628317515,-0.531883216694109,-1.58154832330861,33.8620762358931,37.079990774169,NA,NA,0.0959221996310958,0.0395363849076561,105.503601129279,100.515794331355
2012-11-29,1.25368595123291,373.448555501302,10.4730604171753,-0.501866771734523,-1.57665847746053,33.8549056089014,36.4013554494184,NA,NA,0.168074379864156,0.0238182050617118,195.700538213072,222.799511448581
2012-11-30,1.27675961057345,373.348729451497,12.9324604352315,-0.507428939825386,-1.58168600466018,33.8523242491529,39.4176399510606,NA,NA,0.175268029514,0.0414386286603329,215.509272465429,224.415117918543
2012-12-01,1.31874169806639,373.609614054362,17.1438447316488,-0.462135804494969,-1.59262447697776,33.8530470625798,41.0755064254417,NA,NA,0.160286424485476,0.0466313645019567,197.078800427274,208.917681847016
2012-12-02,1.32952966292699,374.081641642253,17.8833502133687,-0.384502223111633,-1.60289062817294,33.852484925349,39.73257704785,NA,NA,0.145548049570586,0.0432674447984848,178.30518166515,192.242383603145
2012-12-03,1.33090228537718,374.451219685872,18.6600424289703,-0.349961693713764,-1.60635092115044,33.8503853360513,39.7377399071715,NA,NA,0.131532481122286,0.058421146908873,175.35296028334,134.888233814034
2012-12-04,1.33591442306836,374.347239176432,17.4206309477488,-0.343201729532023,-1.59270708363755,33.8518309772463,42.2274080183273,NA,NA,0.13561461816885,0.0622325181624943,198.592990244494,133.56813948651
2012-12-05,1.36165158053239,374.287909952799,17.3829783916473,-0.313534985751586,-1.58149439992761,33.8514695705328,42.5251355601433,NA,NA,0.106979996274064,0.0633041083084461,179.735150170018,86.355037339658
2012-12-06,1.38014773825804,374.697356160482,19.1935142676036,-0.256148255801291,-1.57485949052008,33.8533625638575,41.3175892543076,NA,NA,0.103170918608855,0.0402293614062824,179.575875561176,82.2400624416018
2012-12-07,1.36827414929867,375.179462687174,20.3287326176961,-0.191456357787426,-1.57413094787669,33.8509876710132,39.8949218118997,NA,NA,0.0836872604668589,0.0227236692842684,159.053681527278,67.1969423231012
2012-12-08,1.35320265690486,375.578915405273,20.2810104529063,-0.120511149301341,-1.56930535628383,33.8485324257299,36.5963986941746,NA,NA,0.104655541241505,0.0386988466983675,195.671135246338,77.3904787433934
2012-12-09,1.34909930725892,375.831085205078,20.3163328488668,-0.0748738165580689,-1.57060181691234,33.847671953359,37.3811602054682,NA,NA,0.111736753591357,0.0553165195103651,221.690179992905,60.7441715457739
2012-12-10,1.34060969750086,376.21387125651,21.2022142569224,0.0153847907886917,-1.57537234053576,33.8449241380046,34.2455553721665,NA,NA,0.111140150884937,0.0422715774380175,218.732390206663,54.4322390310255
2012-12-11,1.30731844902039,377.105454508464,23.9753910859426,0.178144360703409,-1.57133035552233,33.8404496128398,24.6419765716209,NA,NA,0.10622047558707,0.00893297416151018,197.934150013032,78.3184164214311
2012-12-12,1.23904350201289,377.809029134115,24.1705429871877,0.361822648856201,-1.56630972139817,33.8338583465806,16.5700599340568,NA,NA,0.107980452141816,-0.00610599641625146,188.409028299471,82.2842528428431
2012-12-13,1.15360840459665,378.205267333984,22.0841447989146,0.686702968146568,-1.5630605337315,33.8231538901652,11.3939596369751,NA,NA,0.121663299844341,0.00583293616659659,194.847214869438,83.8225385122321
2012-12-14,1.0743789896369,378.164097086589,19.6085333188375,0.876350949805482,-1.56505800324275,33.8124032271536,10.5787939630953,NA,NA,0.133099709868543,0.0145525101544265,201.937687044351,91.9447661851541
2012-12-15,1.00166361927986,377.91955871582,19.2223290761312,1.23622062555829,-1.56855616175142,33.8032700818284,10.570762763346,NA,NA,0.116693142703489,0.0097613339137314,172.469808908295,79.231164470232
2012-12-16,0.931742750604947,376.283681233724,12.4292944828669,0.998812322329758,-1.57319359716616,33.7841959214748,10.5833832016565,NA,NA,0.144972098361057,-0.0128934964033446,202.818568942506,116.162338792058
2012-12-17,0.968627631664276,374.679404703776,18.5985483964284,0.773285582997745,-1.57718395111256,33.7856300038503,11.0032997418167,NA,NA,0.111759699558965,0.0651466918871143,170.528191232624,66.0453021048046
2012-12-18,1.00305669009686,374.022682698568,18.3267823537191,0.806710925765504,-1.58088862358179,33.7860889865043,12.1712639815825,NA,NA,0.132574240025833,0.0409544628477634,182.81361508291,100.37632152577
2012-12-19,1.00932054817677,373.83964436849,19.9052991231283,0.841248699372872,-1.57822456037192,33.7851539411043,13.6455605083838,NA,NA,0.123983165557335,0.0478704620180722,172.317531254221,96.056979019843
2012-12-20,0.990415247778098,372.22289835612,19.3349112669627,0.884818112491665,-1.57192237260646,33.7816718252082,14.9712800836205,NA,NA,0.0585381726181149,0.00828359544949424,99.9245396440395,41.7918224212885
2012-12-21,0.987285625934601,369.914866129557,17.5312675952911,0.778181394912246,-1.56101831771377,33.7776964947693,21.6756003028468,NA,NA,0.0528635652805854,0.0229416583293587,94.8464137317128,37.849458296369
2012-12-22,0.939143304526806,368.611006673177,16.3608251253764,0.865606599060216,-1.55705893980829,33.77486260493,19.4142474339421,NA,NA,0.0946945750567698,0.045924620212693,129.464834478005,56.2798389509513
2012-12-23,0.928432174026966,368.384295654297,15.4795825799306,0.896966777797928,-1.56195108065928,33.7716386551248,20.8615820605056,NA,NA,0.0967872730575334,0.0582582283961146,134.336768988128,55.8365813816846
2012-12-24,0.937721652289232,367.610938517253,16.3204181671143,0.869808515659849,-1.57315917436342,33.7683688572475,23.4235307722163,NA,NA,0.0582536391745833,0.0452270541844287,96.6782693737823,41.5128904464
2012-12-25,0.916846602161725,366.615844726562,17.118420124054,0.975024404830502,-1.57551231644207,33.7616398029758,19.5077533686071,NA,NA,0.0713995445687744,0.0181344194631828,94.7480734072327,34.7701353953405
2012-12-26,0.898756897449493,366.527399698893,17.0419470628103,1.10588134612356,-1.57510502042627,33.7561442726537,16.1954624491527,NA,NA,0.109919410212932,0.047608874584163,142.185298842225,71.6819881682239
2012-12-27,0.894169225295385,367.044024658203,14.5435791333516,1.26154226871361,-1.57842877753695,33.7483655169494,13.5210770520949,NA,NA,0.106826256386432,0.0293459563018908,135.421237215373,84.1953674098689
2012-12-28,0.885827943185965,366.797900390625,13.5953641573588,1.28203694130245,-1.58064768233694,33.7370818575522,12.2980419567653,NA,NA,0.122622453544597,0.0303418232422126,152.123910077718,111.15809410862
2012-12-29,0.857682656248411,365.602182006836,16.3997231006622,1.33585782248275,-1.57967591196075,33.727719873414,12.8998073133311,NA,NA,0.076947946955723,-0.00886413569849237,102.70006437714,59.0622752684466
2012-12-30,0.807642575601737,364.814079793294,16.4027547359467,1.43990620455347,-1.57139117108252,33.7216275724253,14.2249533717794,NA,NA,0.0946050846627108,-0.0108673429830854,114.869593887052,87.7787065151017
2012-12-31,0.797906955579917,364.034723917643,15.4293652693431,1.54862184990618,-1.56848043830771,33.7167343340422,12.7690137597851,NA,NA,0.128487514724073,0.0428498231742839,156.84958330767,103.822962833982
2013-01-01,0.858275165160497,363.249526977539,11.6651580254237,1.46286530064461,-1.57325669831799,33.7149445956811,18.1481882109678,NA,NA,0.135649037820504,0.0500182307192257,169.290491950972,120.119904968883
2013-01-02,0.9427654966712,362.050075276693,16.5017400105794,1.4022569176846,-1.57527367378536,33.7130573244023,21.0629354168598,NA,NA,0.114536195727331,0.0779277519988162,160.45964404905,87.7345072646048
2013-01-03,0.972062031428019,361.412246704102,16.691689602534,1.55040890829904,-1.56748571073202,33.7055309840611,16.096219905337,NA,NA,0.0962503304971116,-0.00129646282727109,110.064530089238,85.5858935947545
2013-01-04,0.892647352814674,358.724658203125,9.91723095575968,1.44074328411791,-1.56129711014884,33.6900022549737,20.5053416194772,NA,NA,0.0892930282489922,-0.0741163798628893,123.17208459224,100.310046905413
2013-01-05,0.790123845140139,354.543626912435,10.7353483517965,1.40418715898256,-1.55597358269799,33.672133108727,18.2256317927425,NA,NA,0.0917322145200762,-0.0372692954523447,92.0855881651552,78.953607661235
2013-01-06,0.722924369573593,352.13905843099,9.9431688229243,1.55553326167558,-1.55471153949436,33.6473107588919,15.2460614577272,NA,NA,0.105678943833126,-0.0336598506603474,103.710848946266,94.9812927123887
2013-01-07,0.673943508168062,350.715931193034,5.88772660096486,1.45625403142513,-1.5691034300883,33.6421479533489,17.9720757742573,NA,NA,0.0176617269565288,-0.0286139709860983,52.7507321647861,32.2169176035237
2013-01-08,0.645649386942387,348.956067911784,7.55704306761424,1.36380910694151,-1.57296642593871,33.6388668978125,22.6198383596607,NA,NA,0.0676088243778935,0.04797601474351,74.6244160570135,52.2836232373539
2013-01-09,0.65863214880228,348.626417032878,10.8905932267507,1.50860176229835,-1.56771632648052,33.6388782845404,17.9468348797103,NA,NA,0.0986390351913029,0.04077548210166,101.50420125178,101.501729676585
2013-01-10,0.654641920824846,348.997569783529,10.879980580012,1.85681565946206,-1.56491229229404,33.6373636346114,11.1977691650391,NA,NA,0.108320056971975,0.00702155188174176,106.444594769989,117.635722664035
2013-01-11,0.636417755484581,348.234772745768,7.62235560417175,1.73121524663796,-1.56174571442425,33.6231537725692,11.1231940455903,NA,NA,0.135610029227415,-0.0270673939187948,143.680366583666,169.706697379258
2013-01-12,0.651780485113462,347.830695597331,9.34889581998189,1.55252914141892,-1.57793428799264,33.6235726148562,17.3221233231681,NA,NA,0.082868079269739,0.050050355438003,91.0112038722057,77.6362703066497
2013-01-13,0.681175861756007,348.017987060547,11.2593506495158,1.52446771340263,-1.58539067399233,33.628810151179,21.7960680911415,0,0,0.115421920454592,0.0650686746729272,125.360098310192,125.90157291246
2013-01-14,0.722178847591082,348.509929402669,12.5375927130381,1.47411630431512,-1.58392555821211,33.6288848962999,24.4859420410673,0.0355794957528512,0.186501997419529,0.111013946620593,0.07667259185722,134.436566080025,115.97869845845
2013-01-15,0.766390641530355,349.260753377279,13.9471520423889,1.45307643277417,-1.58256369649916,33.6014069005063,23.8182061919592,0.112772251479328,0.51404615243276,0.124928550724696,0.0462756976485252,134.584360543356,137.00650473491
2013-01-16,0.809732684493065,349.983795166016,15.4525817076365,1.45411727560642,-1.58419058600763,33.5781221318066,23.1998047900379,0.125105346373927,0.576389002183882,0.114774836619434,0.0566909997198815,133.183412698528,126.012038524009
2013-01-17,0.858999622861544,350.754720052083,15.9756716569265,1.51574171589393,-1.5878849329805,33.5498924111961,19.2983688591118,0.17947880857225,0.726013546543462,0.119549950612779,0.0381206012842126,135.907480525865,137.358597677586
2013-01-18,0.907069829106331,351.578662109375,15.8445062319438,1.80051658050458,-1.59375687739007,33.5259649807349,10.7308129547234,0.103938999317157,0.516173641340664,0.112794574966332,0.0103372844650333,121.276138765849,108.65459596892
2013-01-19,0.968961176276207,351.321911621094,13.0565670172373,1.77425873372004,-1.59471488043778,33.545778998755,11.9366385094205,0.0373978898343113,0.290010616183281,0.16709228131668,0.02933677769077,193.676470849353,179.121411168699
2013-01-20,1.06488117575645,351.247604370117,17.1878452777863,1.61498240723198,-1.59620065214042,33.6046418498333,23.2210300452727,NA,NA,0.153576941530507,0.0850433832300561,202.94105611904,151.301180065152
2013-01-21,1.17960328658422,350.898529052734,18.1587528069814,1.66827735887434,-1.59354347707634,33.6191152271472,24.4107931646189,NA,NA,0.135970285456432,0.0492426475608035,156.628088211402,136.097865884298
2013-01-22,1.24411922097206,350.58740641276,17.2418161551158,1.72366776771115,-1.5874328935953,33.6244558750239,23.015087579426,NA,NA,0.140961094556334,0.0385336337008871,154.061403191838,148.198373355171
2013-01-23,1.25973677833875,350.495307413737,20.4914372762044,1.80407417358312,-1.58486176343789,33.6246050784462,17.7862110819135,NA,NA,0.0818492655075134,0.018274391658212,74.7181141243769,61.2978899564196
2013-01-24,1.25013210674127,349.914202880859,18.0526870727539,1.76021012462171,-1.58487093807163,33.6208706475738,19.6018330423456,NA,NA,0.128948733924811,0.0451765724814924,128.829928427799,126.412484296494
2013-01-25,1.2193192243576,349.368248494466,21.3035922368368,1.67144394144976,-1.60145189887599,33.6232340963263,26.148971539691,NA,NA,0.0307800969375031,0.0653348510482706,74.7314125434183,49.854684593367
2013-01-26,1.19486214617888,349.519213867187,21.5323598702749,1.73835520054165,-1.60865473075021,33.6157536040571,20.8954278078294,NA,NA,0.0952659364985792,0.0267323786322784,94.9795871301947,95.5543474881589
2013-01-27,1.13242671291033,348.607447306315,13.4963491837184,1.67735581380084,-1.60091725193468,33.610476013413,24.615588478576,NA,NA,0.0997794635341804,-0.0308191052644997,98.4857895214461,87.0219943308744
2013-01-28,1.06720418234666,347.006382242839,14.8846829414368,1.62283828070289,-1.59289180291326,33.6170099158036,25.0601719913626,NA,NA,0.145054704488668,0.0153946374732077,143.60549816454,143.26592787393
2013-01-29,1.02273910442988,345.859951782227,9.7066788593928,1.62672079102437,-1.5918041543853,33.6215705011124,25.0687768011165,NA,NA,0.142441127253206,0.0142955124182136,145.812405856919,160.663424764047
2013-01-30,1.00193162858486,345.581705729167,13.1975687185923,1.49973257636665,-1.60587937715358,33.6437422673505,28.3627108631277,NA,NA,0.190001814899252,0.0709704497226871,240.773022401533,176.193994218369
2013-01-31,1.01800245543321,345.045195515951,12.7762820561727,1.4677253181773,-1.61213567247964,33.6441725967522,20.754308367134,NA,NA,0.0883246964137805,0.0179393763997053,99.0520045993945,84.2119407171383
2013-02-01,0.999802765250206,344.563120524089,16.1003049850464,1.48742146106591,-1.61317054893737,33.6323036681441,19.9833144890635,NA,NA,0.0514523715228963,0.00132629318736998,65.4515262778025,37.3040142431068
2013-02-02,0.979864252607028,344.419930013021,15.1624001820882,1.52051086309261,-1.6063497725286,33.6284028677116,24.1864936226293,NA,NA,0.100298048886365,0.0411334435518523,100.507646466412,101.134415382199
2013-02-03,0.970929326613744,344.334092203776,13.8070295810699,1.58775530228937,-1.59946934352244,33.6209683095602,21.3641050059096,NA,NA,0.10496531572557,0.00785908990896734,96.4741503545711,102.464183387251
2013-02-04,0.960812379916509,344.277823893229,15.9310772418976,1.67074178439334,-1.59567173800074,33.6117496920708,17.5768265903444,NA,NA,0.0690085452778223,0.021548821247722,64.31612560113,47.052908725015
2013-02-05,0.961055987079938,344.048793538411,14.2652344703674,1.69855814768856,-1.59586104817857,33.6071145480737,20.4623173054,NA,NA,0.159542965583671,0.02724637449684,164.442353941689,143.399882250015
2013-02-06,0.98377195696036,344.006991577148,14.8887140432994,1.74550616920443,-1.59421580223213,33.6044814317746,22.3083431129169,NA,NA,0.11287259253064,0.0421384893413773,111.811595462097,87.6475219728732
2013-02-07,1.01290964384874,344.247483317057,16.8878955364227,1.78471946985202,-1.59136932191992,33.5985211107068,22.8934724886615,NA,NA,0.11660365236545,0.0656193844777973,132.169861205271,98.2566932386476
2013-02-08,1.04175639748573,344.249575805664,13.8476890881856,1.80457531868067,-1.58168485066048,33.5947865507656,24.4928260602449,NA,NA,0.125527448392004,0.0546900867099377,140.77463144686,105.77273462399
2013-02-09,1.04247397383054,343.811660766602,12.5960499445597,1.83755182547677,-1.57394737587836,33.5875297489023,23.4935168646332,NA,NA,0.14749618514644,0.0244171021688253,164.055676556294,125.954037738508
2013-02-10,1.05620538294315,343.654782104492,18.2628045558929,1.88996289323147,-1.57556967896626,33.5837264957285,22.9112558329016,NA,NA,0.146073518418952,0.0495386542262215,177.072370829067,116.228626492458
2013-02-11,1.07807069122791,343.88686726888,16.7586318333944,2.01996073462909,-1.57994897159419,33.5700620350085,16.9630144735924,NA,NA,0.11129389068854,0.0211725027853609,131.189994675986,71.7869313554664
2013-02-12,1.04009106854598,343.055518595378,10.8399569908778,1.96142301792489,-1.57678009737703,33.5547110048452,19.6305158801545,NA,NA,0.0344927994100223,0.0176686106347724,76.176303835115,44.0509123555059
2013-02-13,0.997778258721034,342.221004231771,14.4018701235453,1.92797289396587,-1.56268765065903,33.5461291119568,23.0317236068553,NA,NA,0.0651352185111745,0.0182193206917298,87.5215977924811,38.0275915106683
2013-02-14,0.956318589051565,341.733095296224,12.1956271966298,1.93399215461616,-1.54541486591325,33.5470295812851,24.330481353559,NA,NA,0.11786569612927,-0.0297819348822411,128.66783309358,107.61618890365
2013-02-15,0.860500864187876,340.54736328125,7.25453968048096,1.88400971889496,-1.54255002916307,33.5559669437265,26.7834353411108,NA,NA,0.169827473749008,-0.0480838619816796,207.055434323808,170.663647662019
2013-02-16,0.781362793842951,339.277069091797,8.43253648281097,1.89358105336813,-1.5608576912629,33.559655497845,25.3831404994305,NA,NA,0.156328196462272,0.00580081140580482,169.050631032573,171.345796018612
2013-02-17,0.774893292784691,339.059805297852,11.3924082756042,1.90241168988378,-1.56969773814194,33.5633726478519,26.0359612873622,NA,NA,0.157096895914441,0.0783797929385551,200.687832275434,192.943858565397
2013-02-18,0.792969522873561,339.117137654622,10.6025191942851,1.87299276518642,-1.57473213780195,33.5660632427474,27.6703078477903,NA,NA,0.170798099956902,0.0686299321066616,225.013080684843,236.503193356779
2013-02-19,0.810910408695539,339.38566792806,11.682737493515,1.85318097539414,-1.57328079427992,33.5624263304517,27.7070218817632,NA,NA,0.0962434466648147,0.0651811111606377,127.851706346617,100.815439354275
2013-02-20,0.815733058253924,339.800141398112,12.0910239378611,1.79933255731611,-1.5684987965383,33.5581759259217,29.2908866459266,NA,NA,0.0623472490789075,0.0753853075430357,109.788428304513,67.9205146013681
2013-02-21,0.816889655590057,340.252586873372,12.6548021793365,1.84537466262516,-1.56522092245575,33.5525484587017,24.6907373406833,NA,NA,0.0999102570620694,0.0434946123986764,111.265497968159,114.687590322729
2013-02-22,0.839446289340655,340.869637044271,12.929181432724,1.83079186104294,-1.55854930330936,33.5468290658822,27.8687929390068,NA,NA,0.141142369647111,0.0758304646644825,181.063611184293,203.952107213767
2013-02-23,0.904611101746559,341.507323201497,12.4792275269826,1.82329394673943,-1.54784372829853,33.5404960087367,28.6856793783661,NA,NA,0.145011107444315,0.111440746855915,235.180223481148,209.742079669618
2013-02-24,0.98719840447108,342.165658569336,14.2736099084218,1.86316534630338,-1.54174690766442,33.5264585394608,26.5969970997115,NA,NA,0.142911525513221,0.0663789052768309,200.237870789785,216.513827132243
2013-02-25,1.04071742594242,342.534541829427,12.4975991805394,1.90572420457252,-1.54344837289107,33.5100461773406,24.7337616834425,NA,NA,0.160687983484196,0.0748414814864334,229.245038304976,238.71532040955
2013-02-26,1.06587032973766,342.375534057617,11.7626014471054,1.89736994316703,-1.55733085664591,33.4960489631595,24.7119627106459,NA,NA,0.185215227515962,0.0807593189375965,279.173151339167,263.917447987374
2013-02-27,1.08276234169801,342.323647054036,14.9014111995697,1.87256046255728,-1.56211514849412,33.4850862976304,25.3997765232746,NA,NA,0.1587467307603,0.084722135748182,250.977537296655,246.158197944777
2013-02-28,1.0932617376248,342.255845133464,12.3492244720459,1.89586099422068,-1.56151625088283,33.4692420099015,24.3683425071544,NA,NA,0.190483686367148,0.0795523462242874,298.881463095956,294.283993089632
2013-03-01,1.09642198979855,342.178958129883,11.4271209160487,1.84846414390363,-1.56428586450735,33.4613885951221,26.6205169419597,NA,NA,0.141410840675235,0.11426542979434,259.546550206496,206.499775157012
2013-03-02,1.12207795381546,342.187362670898,11.6672863324483,1.82615488185022,-1.55807660844989,33.4519461724991,27.0048666179628,NA,NA,0.186931607152398,0.0957248614246684,300.443505030411,299.099103012515
2013-03-03,1.1377189964056,342.142190551758,11.0870715538661,1.8141852074996,-1.55793778654328,33.4478559852543,27.5687706273301,NA,NA,0.176137691923886,0.0673610049586995,261.403069691306,285.043268172116
2013-03-04,1.1173249900341,341.857223510742,10.7253961960475,1.82352249201079,-1.55625926327885,33.4491869704168,27.6439196400176,NA,NA,0.237112755866203,0.0646854724342886,360.851064531528,287.789852177248
2013-03-05,1.11300450265408,341.794723510742,12.963121620814,1.80370244047696,-1.55917573512945,33.4575966999943,29.6740890875795,NA,NA,0.179733368953256,0.0603142121204532,245.811876038545,246.745026982989
2013-03-06,1.11906841496627,342.135724894206,15.0577542384466,1.81671021083244,-1.56018077879024,33.4462728715481,26.9211127309871,NA,NA,0.111293890702545,0.0404680025084574,134.104658954248,140.828717333496
2013-03-07,1.11785139342149,342.592634073893,16.4755894184113,1.82054866166939,-1.56007178161377,33.4388612732851,27.3588124576368,NA,NA,0.116101129204595,0.0623839637194585,152.836168765785,175.249473507309
2013-03-08,1.1127330382665,343.163885498047,15.9612642923991,1.88441724212546,-1.55342998943831,33.4332796828191,22.867657855041,NA,NA,0.122934521757122,0.0407158219136466,146.856537741516,181.812726313661
2013-03-09,1.08866196771463,343.217082722982,11.2000193834305,1.83223472501999,-1.54701766394135,33.4230685556742,24.407924806265,NA,NA,0.139253894147232,0.0218746579931419,165.50853339511,199.33863673225
2013-03-10,1.02027280628681,342.463646443685,12.1895399490992,1.79665334870044,-1.54227696997779,33.4265277403638,27.0960778293753,NA,NA,0.0916060102697378,-0.00568608023730436,97.219134718615,83.9785765343385
2013-03-11,0.972869923710823,342.088393147786,11.6295490026474,1.75556488503191,-1.54528522312193,33.4281627540302,29.0470826823012,NA,NA,0.087831352200163,0.0579392752869237,107.954248491921,108.27624506837
2013-03-12,0.964284491539001,342.32729288737,13.421143690745,1.71966135322599,-1.53814320456713,33.4253689902169,29.7526797925619,NA,NA,0.120694968289227,0.0778979216807319,159.918875599218,164.065866349802
2013-03-13,0.977421621481578,342.883103434245,13.5060092449188,1.69853060720558,-1.54994330952938,33.4193914743294,29.3568570165706,NA,NA,0.111527942569184,0.0788295393235477,162.253984309264,154.415015931067
2013-03-14,1.00765523016453,343.402680460612,11.7239224433899,1.68725757356873,-1.55667803341285,33.4130698756168,28.9065368587809,NA,NA,0.16410467950137,0.0780746079000987,229.546426397859,230.120786592523
2013-03-15,1.02727578282356,343.395671590169,9.62802459398906,1.67890881237231,-1.56437305982848,33.4068113915006,29.05167188501,NA,NA,0.184226244281893,0.0773793365666293,265.919566214351,279.608205806815
2013-03-16,1.06304155190786,343.666263834635,13.1631066004435,1.67552745521517,-1.56664244079948,33.3986194438504,27.896328341692,NA,NA,0.118597680898873,0.0788777266818106,175.088279515677,200.430915393943
2013-03-17,1.07993684907754,343.886100260417,8.35704363187154,1.66929342110354,-1.56299743168336,33.3922346301545,27.8481412615095,NA,NA,0.177445628421199,0.0514661388793834,230.15975155812,279.93269667397
2013-03-18,1.05225709676743,343.543734741211,6.85942794481913,1.65777256703915,-1.55851488185108,33.3890795026507,28.5296448478125,NA,NA,0.178278577226893,0.0505850029955233,226.346803208104,240.84323431368
2013-03-19,1.04515367945035,343.41015625,8.2122908671697,1.66753389826395,-1.5583347552701,33.3847597882264,27.5314830371312,NA,NA,0.158510384745056,0.0497107510840086,193.581687580269,187.882994043863
2013-03-20,1.0207510938247,343.166180419922,6.77428507010142,1.69550445832704,-1.54948667879391,33.3761261531285,23.280116662047,NA,NA,0.161415379214332,-0.0036048555984757,186.976644309608,186.430312499676
2013-03-21,0.985037013888359,342.910562133789,9.11279459794362,1.67367707159286,-1.54213011488879,33.3795565268151,27.7661083336163,NA,NA,0.168218942008969,0.0304955632138745,197.450237980202,175.126578678029
2013-03-22,0.914712353547414,342.280043538411,5.07014096577962,1.65811951267988,-1.54709338514428,33.3917755901365,30.3292043764788,NA,NA,0.227860829155696,-0.00306332408261478,318.078166321697,301.86908523323
2013-03-23,0.88077243467172,341.969458007812,8.31764521598816,1.58579753126417,-1.56375006535896,33.3976101409224,32.2073548754355,NA,NA,0.107220931790937,0.0934233528498868,158.38901870046,108.642166211806
2013-03-24,0.887796133756638,342.266003417969,8.30131834348043,1.53405833333955,-1.56504194315215,33.3967897658958,32.9135255957008,NA,NA,0.0735266615629644,0.0105873986910608,80.6644256050672,51.1872156731304
2013-03-25,0.812748283147812,341.761763509115,2.5282515446345,1.49097904406096,-1.55260507459927,33.4042244674568,34.6901388562712,NA,NA,0.151165290588611,-0.0487263569314229,176.292399816701,169.368396245834
2013-03-26,0.702691198388736,340.872780354818,2.32380018234253,1.4607615883189,-1.56026567821216,33.3904788225217,23.5657975261373,NA,NA,0.168113388793361,-0.000695271333469484,179.809483502892,181.242435219408
2013-03-27,0.707321320970853,341.137302652995,7.25318736235301,1.4134115487113,-1.57353893482595,33.3890273588941,26.7197593997296,NA,NA,0.102739529446104,0.0992861188864125,145.580211902582,111.703543033187
2013-03-28,0.726324374477069,341.526382446289,4.5474679629008,1.35661132667298,-1.5794303865361,33.3851723204878,29.4933873119211,NA,NA,0.112106187479164,0.00439650110228169,114.559975902725,123.995992417047
2013-03-29,0.72168642381827,341.673826090495,6.61469759941101,1.34707027516867,-1.5889358668399,33.3851950939437,28.0517891618542,NA,NA,0.127484763209197,0.0280747340389885,131.168873886868,140.622953877759
2013-03-30,0.721245851119359,341.941823323568,7.50466415882111,1.28282170255381,-1.59460703367577,33.3904727419516,31.9790396762073,NA,NA,0.0879369052056979,0.00389397819351433,80.011612560397,65.3893950357748
2013-03-31,0.714049970110258,342.138842773437,5.80808976491292,1.24562124717504,-1.60134749753135,33.3912125637657,32.5085243569281,NA,NA,0.127750939346458,0.0234946629270575,135.204589333047,124.477901461494
2013-04-01,0.682734170556068,342.099396769206,3.04414893786112,1.23475849135478,-1.59164008610231,33.3907879564099,31.8608665358751,NA,NA,0.189262946535434,0.0476731242597999,246.414319639216,216.588381352114
2013-04-02,0.677742857734362,342.178885904948,6.32198220888774,1.15978208542766,-1.59470225993852,33.4068281847732,33.573804045082,NA,NA,0.220164657801502,0.117530680926783,371.868696128018,245.152922205904
2013-04-03,0.702509885032972,342.563680013021,4.41026163101196,1.0605138598248,-1.59437757282329,33.4232182036665,37.129325092287,NA,NA,0.216582748702818,0.0727877923868653,344.637389667139,258.090222011173
2013-04-04,0.730299812555313,343.079266357422,6.80349547068278,0.982257980881329,-1.59711620413271,33.4301707475705,38.7212211780978,NA,NA,0.132884015336185,0.0569801223009153,191.533325620822,121.43586489891
2013-04-05,0.747227373719215,343.488945515951,3.87008976141612,0.954130469296212,-1.58303868501706,33.422661559026,37.9645687189317,NA,NA,0.166598936724932,0.00565624996123457,220.817699713821,162.267982036619
2013-04-06,0.734348953763644,343.529071044922,5.65465768973033,0.941235597644533,-1.57977458050376,33.4202634624969,37.6186540216432,NA,NA,0.199210143781134,-0.01352910760482,275.340867517094,222.863039057734
2013-04-07,0.746672076980273,343.803571573893,5.40436714490255,0.905315538658235,-1.58229293186862,33.4204582415129,38.2800795010158,NA,NA,0.211367065829218,0.0672898715347948,321.614493207482,249.811966412724
2013-04-08,0.755367068449656,344.136895751953,3.43267146746318,0.848873275339155,-1.57270139321349,33.4176815147687,38.7757185849928,NA,NA,0.172789833361381,0.0551122976817135,261.833021290663,208.344623716956
2013-04-09,0.739276736974716,344.275935872396,3.71237344344457,0.84773606005916,-1.5714565667891,33.4171824060885,38.8353787544078,NA,NA,0.217537312635354,0.0356538797119506,335.561825287709,261.967677040152
2013-04-10,0.71005235016346,344.242251586914,3.00314783652623,0.873930581194118,-1.57664127009256,33.4162644264393,36.1868080268229,NA,NA,0.203742028613176,0.0171293739677596,304.434235937276,246.61387686015
2013-04-11,0.702961481610934,344.36825764974,5.68560746510824,0.86844000197891,-1.58822452887557,33.4157366931887,36.59467763112,NA,NA,0.191910941924032,0.0754747980491335,309.474667616524,238.834079054626
2013-04-12,0.718033264080683,344.699845377604,5.56682473818461,0.848548356191556,-1.58541476771348,33.4122373681319,37.370260883991,NA,NA,0.157000521492017,0.0411908093671826,237.371737409514,172.962784076496
2013-04-13,0.7250490407149,344.979033406576,4.59026313622793,0.839224839456996,-1.58112726399773,33.4074358832567,36.973290719484,NA,NA,0.155561791774922,0.068921349494529,248.360921813892,201.121331719599
2013-04-14,0.709060320258141,344.998155721029,4.31601630846659,0.844643825090917,-1.57053412172131,33.4027778080532,36.7581696115938,NA,NA,0.200029324712162,0.0176938515212527,302.952163128132,255.665436339692
2013-04-15,0.697622147202492,344.978834025065,4.75671311219533,0.82696603574699,-1.57086340690914,33.401796943263,37.8446745800793,NA,NA,0.214632316723578,0.100720259690083,371.013134246212,300.967404653425
2013-04-16,0.713245480259259,345.282194010417,5.25110771656036,0.785178166022874,-1.56882577641566,33.3960374961222,39.4027246998665,NA,NA,0.177184041393431,0.0910231754379837,306.93668447237,248.924043947576
2013-04-17,0.71201439499855,345.459475708008,3.20714139938354,0.755635330327471,-1.5594338806052,33.3865321596762,39.0717250099756,NA,NA,0.148416330715767,0.04100723920348,228.913601495527,167.222523906809
2013-04-18,0.675302718083064,345.398494466146,2.44329249064128,0.769031351110093,-1.55632121804962,33.3765736486679,36.7690691051627,NA,NA,0.200554794022687,0.0357686111185336,307.133161413046,265.709824018204
2013-04-19,0.654920510450999,345.43598429362,4.02347489992778,0.790919318683165,-1.5572172699118,33.3620602170328,28.9702127427983,NA,NA,0.144806885195518,0.0729277643578169,233.434585414616,175.364097839166
2013-04-20,0.651740163564682,345.624447631836,3.6028520822525,0.782193319129765,-1.55235496275407,33.3579470268766,33.7097604902167,NA,NA,0.214008179458236,0.102693636726616,379.720272871533,265.563471068096
2013-04-21,0.633073818683624,345.607052612305,1.51388618747393,0.752391649256075,-1.55155758077937,33.349508486296,35.7611552826444,NA,NA,0.193168396998505,0.0717712737535848,328.949184025306,240.02024284006
2013-04-22,0.621166921655337,345.620676676432,3.31148218313853,0.677530893145647,-1.55931570341713,33.3430376985019,37.7144546759756,0.000601162017997483,0.000762962736189365,0.107328778903063,0.172431872975557,332.777006149618,257.9341939508
2013-04-23,0.624549909432729,346.036255900065,1.36617143154144,0.587682565296055,-1.55793777892464,33.3338936110188,37.7069970073557,NA,NA,0.165866951689236,0.10374686977637,334.9251738407,231.144056888107
2013-04-24,0.617550685008367,346.389338175456,2.50433767239253,0.597972578852248,-1.55915393013703,33.3273999493821,35.8844912464457,NA,NA,0.175644347696264,0.119348023464917,352.484841084387,228.860111990708
2013-04-25,0.614563945929209,346.633013916016,1.70918089946111,0.621606296530568,-1.54880402634915,33.3181465980702,28.2192967708846,NA,NA,0.182957317105922,0.0853531575180534,325.162721667461,183.551235046278
2013-04-26,0.588441277543704,346.647618611654,1.70717224677404,0.633900895966847,-1.54115719320183,33.3205846772158,27.7018589256401,NA,NA,0.155839441134069,0.0420329365039006,249.78462229726,122.407997546091
2013-04-27,0.575188638766607,346.841814168294,2.70055955251058,0.649824675284606,-1.54263263716734,33.3304459277849,33.1418408020995,NA,NA,0.225302322298512,0.132737159028761,459.473233534872,278.604310475964
2013-04-28,0.589312029878298,347.372998046875,3.69902238051097,0.602050587702963,-1.54737447571934,33.3322644341261,35.4685904495698,NA,NA,0.195816394221738,0.0778061366899121,355.362418571324,222.864416903685
2013-04-29,0.596138395865758,347.728091430664,3.07371477286021,0.617247429277216,-1.54903234440581,33.3321267034774,34.6539985542011,NA,NA,0.222009535290693,0.0493872090333835,380.181913566087,280.486436019426
2013-04-30,0.591571829716365,347.942463175456,2.89865633249283,0.621564996085669,-1.55218630760236,33.3314096694602,34.3407822766698,NA,NA,0.225339036252826,0.0366497467363015,386.264648339364,297.882555366994
2013-05-01,0.592736372351646,348.249017333984,3.02453762690226,0.590692197637899,-1.54566727948368,33.3321380185005,35.8517926044034,NA,NA,0.221956759873301,0.113622935278747,436.342367364221,290.169060482589
2013-05-02,0.592715443174044,348.554555257161,2.06095982392629,0.518097610597996,-1.54381207147039,33.3259655084825,36.3692305141822,NA,NA,0.182792103506233,0.0980080132673782,361.444590682552,240.967530030688
2013-05-03,0.593640890717506,348.898612467448,2.76201295455297,0.464532807889514,-1.54041717554394,33.3221334586466,36.1896761844033,NA,NA,0.193354261800983,0.145472326126874,428.000796451867,297.230771671817
2013-05-04,0.594225296378136,349.136258951823,2.01120012998581,0.399430630602559,-1.5347471573299,33.318794809786,35.7674651827131,NA,NA,0.177826535362834,0.0674619682385285,332.213912351093,257.495081364426
2013-05-05,0.563866463303566,348.993464152018,0.923539235194524,0.414745874898998,-1.53065469524914,33.3174180339154,34.4107683655015,NA,NA,0.215970083370917,0.02277185629241,370.118584379398,339.16897603506
2013-05-06,0.521083931128184,348.767955525716,0.849426694711049,0.426195133029294,-1.52700853482225,33.3117158932793,31.3279397684829,NA,NA,0.165091368684867,0.0194354718901161,273.499630276449,209.127582751135
2013-05-07,0.504088291525841,348.799141438802,1.79949388106664,0.367946543583744,-1.52980683217371,33.3046828535266,31.5516658510481,NA,NA,0.138797262977613,0.101608279588303,283.681623389278,204.084675417172
2013-05-08,0.506099007527034,348.939265950521,2.30258691310883,0.301203252677631,-1.52805029539237,33.3015505998655,34.4159313359655,NA,NA,0.148762818888054,0.045245411336646,259.027156849971,179.94717687552
2013-05-09,0.503866102298101,348.97512105306,2.5100670893987,0.244064341922452,-1.51835894405394,33.2968753298422,35.1593896858674,0.000563502478014146,0.000893756348107542,0.177427271086919,0.00921980239787048,291.212784895966,242.387053818702
2013-05-10,0.503478894631068,349.032423909505,2.50920246044795,0.18897407118203,-1.51459346946917,33.2896415308902,34.4692812216909,NA,NA,0.149035878619529,0.034820930934266,240.312353200612,197.183118325374
2013-05-11,0.503923925757408,349.21780090332,1.87050941785177,0.124879694914907,-1.52195806431591,33.2809965807692,33.9185712462977,NA,NA,0.16871458051124,0.051450076786087,274.37675692546,260.13527062628
2013-05-12,0.499736065665881,349.383527628581,1.87747193177541,0.0818912751580539,-1.53068222721717,33.2739235440591,33.4275214905129,NA,NA,0.175568624532648,0.0385451070068026,276.907034271167,264.570608095766
2013-05-13,0.484238165616989,349.433115641276,1.08470066189766,0.0411084532121518,-1.54035407394395,33.2714109062252,34.1210718585136,9.53703420236707e-05,0,0.117776205707201,0.0565418489697508,190.942515050831,125.531507376081
2013-05-14,0.466346629460653,349.596620686849,1.41261144479116,-0.0409693582389588,-1.54426067081609,33.2745316584307,36.5941037665632,0.00435567284444634,0.014912453421167,0.0844192452644719,0.103157151224358,193.601596306722,116.380519396826
2013-05-15,0.460418875018756,349.990317789714,1.29455590248108,-0.154374303394242,-1.53593577433349,33.2795912950559,39.1422849167558,0.00376085914574949,0.0153018103882789,0.121862931681195,0.0896624628510466,218.451209898441,158.775784701614
2013-05-16,0.455157289902369,350.222814941406,1.30927832126617,-0.214922108876526,-1.53418841846007,33.2801994381094,38.6185365906335,0.00370300013636207,0.00784009984084244,0.137913832440972,0.0735312508125054,220.972035716545,182.845601886245
2013-05-17,0.447185575962067,350.459079996745,1.08783025940259,-0.240375922278578,-1.52713932892434,33.2849263212735,38.4997897757623,0.0459943107973017,0.0547537960605148,0.143033140205911,0.0157686614788565,196.739643572828,145.594073488274
2013-05-18,0.436007481813431,350.86499226888,0.784366832176844,-0.244608127589064,-1.51654160470891,33.2886149040738,37.5062171677898,0.0583813209982159,0.0799937084173927,0.178726028917091,0.0605344960844158,270.94389027007,255.164178793999
2013-05-19,0.422473289569219,351.520657348633,0.556222143769264,-0.247116613012732,-1.51400948601558,33.2887582707226,36.9233824615192,0.010353404097259,0.0329599900171161,0.200187654535573,0.0695913801235812,326.470238663223,342.766133143341
2013-05-20,0.408442472418149,352.160631306966,0.68669357697169,-0.223876651320466,-1.51698676177434,33.2918502979709,37.9634213411718,NA,NA,0.216963655308337,0.0508328224847415,351.932944196163,360.414929575665
2013-05-21,0.391762740413348,352.673122151693,0.297469752033552,-0.192232860518353,-1.52638784297427,33.2911332065898,36.3749673742997,NA,NA,0.201633268140985,0.0306837224030405,308.551926844614,295.39420845919
2013-05-22,0.379727732141813,353.104925537109,0.726487686236699,-0.211072646417564,-1.53293210985069,33.2837961670151,32.7609332378646,NA,NA,0.167927524495058,0.0641301729737368,268.40765901965,239.469271154072
2013-05-23,0.368691178162893,353.11549987793,0.64790379802386,-0.26578843349913,-1.53765100823309,33.2871749419019,36.7702163108309,0.0052635823997942,0.0233764898319049,0.0458007106431445,0.0487515979719565,135.51004728509,100.780912601406
2013-05-24,0.36106594701608,353.102987670898,1.15361756881078,-0.398751841816015,-1.53952915372705,33.2994912226397,42.1247237929724,0.0121903375099252,0.132511712106547,0.0543298305649506,0.0808235682631122,152.562848160502,84.162226441998
2013-05-25,0.366211552421252,353.57314860026,1.06345258553823,-0.501833729053799,-1.54342772413913,33.3080558490036,43.6185247593356,0.0173672977301005,0.191495042045678,0.106688578396027,0.0845982260525899,193.977081154148,122.160820349538
2013-05-26,0.364235650499662,354.061885579427,0.612483104070028,-0.608484216958733,-1.54876386984847,33.3139989895928,44.7738683492617,0.0307560031428317,0.208805117924187,0.0517575565333429,0.109600457411848,195.753278558584,89.5420648844907
2013-05-27,0.363528843720754,354.786236572266,1.03924520611763,-0.720619774206465,-1.54069597066793,33.3199706543657,46.0829516962955,0.0507477780793534,0.216391721012113,0.0937836089528593,0.104623416494718,220.377998061845,108.452994183243
2013-05-28,0.369373846054077,355.532306925456,0.829334845145543,-0.79059298230069,-1.53223683869928,33.3174867128071,43.7326819986329,0.0556684165893981,0.199346454823207,0.160525065965782,0.0899561748776893,280.168988218158,206.1173077766
2013-05-29,0.372692723075549,356.5095703125,0.650061635176341,-0.826146817296967,-1.52252942592578,33.3131901016809,42.7867228214006,0.0471747381347035,0.13305640235071,0.173264821179043,0.124380135376539,337.241014685184,254.381223805194
2013-05-30,0.366909970839818,357.305120849609,0.209424969057242,-0.868826839232579,-1.51335666233436,33.3053311943112,40.0538245896648,0.0235710806267856,0.0658828630237966,0.179857278396761,0.0326364482507894,284.765089216735,200.778883951422
2013-05-31,0.357368100682894,357.823808797201,0.386082180341085,-0.889668452308366,-1.5250030352657,33.3012870415709,38.5502716975105,0.00700617781951137,0.0264166765136733,0.128508165044556,0.0857547172310209,230.713003165854,134.317934763878
2013-06-01,0.354381534457207,358.006138102214,0.639968619743983,-0.919709681092124,-1.52708196102228,33.3075168294118,42.2606801341351,0.0238273263666391,0.199225465293663,0.119995107328085,0.0602407842258314,202.515295220613,105.810025361779
2013-06-02,0.351627775033315,358.237379964193,0.525130807360013,-0.960371351527764,-1.52308243244214,33.3125993685615,43.8783906456223,0.0285218946447668,0.209541847033856,0.173432329487532,0.0649539434624122,281.44547224352,212.338084985973
2013-06-03,0.341517526904742,358.456016031901,0.367366167902946,-0.973296513682918,-1.51927220955827,33.3158521150288,45.2809800492193,0.0124710850197718,0.0740744977611704,0.213563022028683,0.0020238591035954,325.288064427376,243.229382938482
2013-06-04,0.333551674087842,358.909600830078,0.410517462094625,-0.960316279048758,-1.52695805416968,33.3167471347895,44.7187969128888,0.0387585068431993,0.0684123267109195,0.173760460857722,0.052115517815477,253.426568971252,194.664422094863
2013-06-05,0.331205685933431,359.166207885742,0.542066858212153,-0.989850855215376,-1.52505121822644,33.3165807939114,43.8164356167155,0.0177114644902758,0.0413192011474166,0.147487007753741,0.0541806799548685,218.322123227597,156.362036799342
2013-06-06,0.328704289595286,359.295882161458,0.619058257341385,-0.98456128541016,-1.52294819695609,33.318680368868,43.6569592468721,0.0208355171565452,0.0353284922387937,0.18837492604901,0.0137493915827875,270.690161995773,206.668270293074
2013-06-07,0.321721974015236,359.38778889974,0.229937180380027,-0.9730707217372,-1.53615376151594,33.319867886995,42.8343362772375,0.0786385703831911,0.105899229645729,0.153556288899224,0.00507570997832861,206.402430944766,128.693674412199
2013-06-08,0.313482176264127,359.384550984701,0.361322461565336,-0.997709483580482,-1.55094032628196,33.3200801906729,42.2216713733243,0.00829943793089411,0.0124912970850981,0.151419994022165,0.0637171406550963,238.015810241443,159.116857961273
2013-06-09,0.306695528825124,359.372739664714,0.33395422399044,-1.00134692094604,-1.55401283009608,33.32611508477,44.0120525969599,0.00511779308192731,0.0165359712341548,0.234076967448892,0.0821521560752526,416.103538182027,333.269938990233
2013-06-10,0.298937269548575,359.888118489583,0.171518647670746,-1.08959818961925,-1.55872483629929,33.3132419586182,31.0852832901747,0.0116953159529602,0.112470025559247,0.111153918227419,0.0534624625837668,192.778031664357,75.3191813062147
2013-06-11,0.29478883544604,360.252963256836,0.461302986741066,-1.14265358862572,-1.55580492799443,33.3211643391086,41.7157067571368,0.0319711503299667,0.258489481292497,0.0995545907408223,0.0952384012954352,216.80307823525,80.1135333616935
2013-06-12,0.290303638577461,360.666825358073,0.170554957787196,-1.19449191646917,-1.54130519736082,33.3215372042548,41.4110953252118,0.0332413118441347,0.184152988306686,0.192358394272457,0.0215166964029011,301.892443155518,175.659589383908
2013-06-13,0.284871608018875,361.483768717448,0.262103186051051,-1.23332522820709,-1.53489975015024,33.320940519634,41.4908334617328,0.0229211503095379,0.112052264385261,0.170061526441933,0.100701902565875,303.144738285254,159.303269005236
2013-06-14,0.281696547567844,362.402851359049,0.182120716075102,-1.28848433136044,-1.53113427287654,33.3219901923846,42.3048516180282,0.0226400588127903,0.133515610524166,0.172181759085646,0.0723793491777173,289.426364959603,155.681263524362
2013-06-15,0.274346853295962,363.06171468099,0.0977699754138788,-1.30107907088179,-1.52893143040793,33.3202749983709,41.4782130234224,0.0216194574055927,0.0883946835285141,0.196752600946036,0.0278429770912219,309.060970629612,182.109596344873
2013-06-16,0.268189025421937,363.639448038737,0.204710186521212,-1.32447598751326,-1.52586581115436,33.3208142187362,40.6246125716016,0.00908829160717393,0.0718705157637316,0.153813287517742,0.0768217427894137,252.505160509767,142.741212544523
2013-06-17,0.265175830324491,363.871923828125,0.272447428603967,-1.35032356009447,-1.52373181384309,33.3300901714124,42.4958792163017,0.0220871975792474,0.221675093849435,0.161631074194845,0.0319870692306667,238.573923734895,130.677985866561
2013-06-18,0.259216676652431,363.770788574219,0.132594011723995,-1.37973972393158,-1.51712214498592,33.3396931411628,43.8279090357902,0.032154003196725,0.232273392928974,0.141128602066546,0.00467644525425775,189.677225537161,96.8399279405875
2013-06-19,0.254704649746418,363.743346150716,0.273956805964311,-1.39832618765365,-1.52121346023746,33.3511949410116,44.5082653734021,0.042215933076183,0.305147807260877,0.148152448362986,0.0497520542318436,208.053810225049,147.861442819737
2013-06-20,0.248052128652732,363.242181396484,0.0971849488715331,-1.41149366439733,-1.52721160605438,33.3644120209199,46.1242547537151,0.0370366780307928,0.267449989445732,0.083223745703025,0.00531894028803012,120.003076750304,59.9805445110863
2013-06-21,0.237616943319639,362.533312988281,0.143463567396005,-1.42780293849178,-1.53771066351941,33.3868536267962,47.9381556977007,0.0581238493288314,0.399726503143521,0.0483913415468725,0.0556217044087729,103.793993532424,47.3953650896123
2013-06-22,0.233234644929568,362.797693888346,0.163444837679466,-1.47700887066977,-1.54468518002589,33.4105114470747,48.9827836402377,0.113971000645814,0.476843104774791,0.118200711065665,0.0914935736279739,182.98242110915,135.339779511811
2013-06-23,0.230425843596458,363.405162556966,0.111052532245715,-1.51609000496398,-1.54466682000268,33.4162709085565,47.0788186403145,0.108510223861532,0.445013791630815,0.158615937568527,0.112530693327798,265.038076061812,240.627839656842
2013-06-24,0.226570909221967,363.56250406901,0.141594175249338,-1.53608352394032,-1.54930081537792,33.4264759264494,47.9473341784083,0.13255645705499,0.465358508484704,0.10099102549703,0.105291152204898,172.124070868765,126.763240639176
2013-06-25,0.2242111419638,363.557769775391,0.181889765212933,-1.55370899698788,-1.53822924992196,33.4363540563368,50.0595365108404,0.164314924109083,0.476954968912261,0.0834600921804295,0.0635312759506523,110.138844509559,65.0027482362246
2013-06-26,0.221524795393149,363.554041544596,0.111160825937986,-1.57352079081356,-1.52747434467301,33.4417520680822,50.3687370916955,0.17477812698195,0.478162514423966,0.0858763321477892,0.0511403024560751,96.5064405583754,68.6606572371527
2013-06-27,0.216892185310523,363.614012654622,0.11057256658872,-1.5944918241716,-1.52450968806905,33.4401000173468,49.3545127632026,0.133760992150502,0.442985917168452,0.170428665326838,0.0507157966214463,208.783101162262,200.72087315362
2013-06-28,0.211364917457104,363.806453450521,0.0831705392648776,-1.63563260951437,-1.53364344288532,33.4179171368592,22.9766525756148,0.0747466848137319,0.373444445151135,0.120906073628063,0.0307800966574061,128.140041330504,122.280949643171
2013-06-29,0.209265272319317,363.950736490885,0.285681560635567,-1.62177949919736,-1.53563747190891,33.4395894932568,46.9560560929148,0.0741453494568516,0.442435205991107,0.0822554141479103,0.0905298310843177,132.574899177529,96.647988033432
2013-06-30,0.208819681406021,363.92973836263,0.211610347529252,-1.6214683512996,-1.52740550623801,33.4557091562371,50.8075840096725,0.0858449241482562,0.472202227752012,0.106477473407312,0.0379645667157899,118.918818402376,103.886472542355
2013-07-01,0.206452118357023,363.575647989909,0.182303387423356,-1.62624851205295,-1.52848053650748,33.4669643344736,51.4787617877014,0.0841983875637888,0.478380504071264,0.0919318469591383,0.0390613976081735,96.5080441036975,80.6009826975153
2013-07-02,0.199844992160797,362.634079996745,0.0978102854142586,-1.62929944346722,-1.52386719391758,33.4815352160232,53.1113873245124,0.0921494059362694,0.476997992485986,0.0433500511921886,-0.0271362325918854,60.0356949807778,38.6337917042209
2013-07-03,0.1911755874753,361.643789672852,0.0460902479787668,-1.62579142599178,-1.52665975084878,33.4927158785942,54.6631275012081,0.0819014679829597,0.430626493815641,0.0614890596668299,-0.0183569981499498,61.2693800534798,46.5392318896132
2013-07-04,0.184728535513083,360.96399230957,0.0613205574452877,-1.64943615431176,-1.53887059724421,33.4941156717171,50.3234182013605,0.0731639675078283,0.378621692671195,0.0931434086558962,0.0165878423678696,78.191704129735,72.3807021290199
2013-07-05,0.181584300100803,360.596303304036,0.134939330319564,-1.67251916173705,-1.54569137006774,33.4982632945355,49.0200713523348,0.062517195302797,0.374749512845804,0.117402181827596,0.0558465779443881,121.873560466695,128.863524436715
2013-07-06,0.179556656380494,360.629001871745,0.110653341561556,-1.67172613583113,-1.54385337524844,33.5044302545992,50.8666706049353,0.0549245687180612,0.369271095229411,0.150628348812461,0.0632100287068607,178.095565655006,190.074437765245
2013-07-07,0.177638656397661,360.708462524414,0.128904208913445,-1.67989316649903,-1.54845639503092,33.5091170260781,50.2666261536734,0.0539112053671502,0.358176584453567,0.0984921789959185,0.0393390469673209,100.194527516357,112.526536175524
2013-07-08,0.175023225943247,360.48828531901,0.0911490684996049,-1.67918550475199,-1.55649216954869,33.5181808758499,52.4832337852707,0.068284878087111,0.393814975437813,0.143698581823505,0.0388112833961508,152.148349633674,150.134347385857
2013-07-09,0.172804773847262,360.56906636556,0.152358210831881,-1.68390784451836,-1.56339325358097,33.5216285447429,51.9095776242421,0.0530624808078366,0.331217613036191,0.14975409697097,0.0893503937562157,189.583934226875,156.341317312424
2013-07-10,0.171510697901249,361.112762451172,0.0992524581650893,-1.695436959428,-1.5612500722247,33.5250074773803,51.7954200658583,0.0552574325846578,0.329556878193989,0.150192369419829,0.0420489988632892,160.884120047451,137.253657625508
2013-07-11,0.172414709130923,361.579942830404,0.321637753645579,-1.70603261271814,-1.55893594295459,33.5269293964357,51.310680414501,0.0341850329642149,0.253108585925591,0.181816888146831,0.0507961087545058,218.938820563325,164.979998278904
2013-07-12,0.176696480313937,361.95068359375,0.345939011871815,-1.71406196651602,-1.56379940724911,33.5344442353213,52.2388562474932,0.0353509890951944,0.366167616127129,0.12311120835462,0.0513376398082066,131.569157033817,91.5180845695057
2013-07-13,0.177709632615248,361.919400024414,0.15366136332353,-1.72035658449159,-1.5660148679762,33.5398940036171,52.1677228024131,0.0429066149859262,0.399215950287486,0.0836321888421487,-0.010165187817319,79.4378755549507,41.1138187273291
2013-07-14,0.178043938179811,361.900930786133,0.288823734223843,-1.72227305532398,-1.56211400300937,33.5475234985352,52.572723865509,0.0495386540931755,0.42131605447459,0.0989442200757059,0.0649608274347576,114.04428667313,66.1861478007581
2013-07-15,0.178046211600304,361.769028727214,0.139992673446735,-1.72548094100522,-1.55758556163401,33.5590710317282,53.964987417809,0.0648942831606093,0.439036293949624,0.126812438011394,0.0183134001812765,129.585619878483,89.4039863423333
2013-07-16,0.174533512194951,361.636700439453,0.0963522544751565,-1.73414360490957,-1.56283106750115,33.5630923106258,53.3884630131542,0.0567500860144951,0.380701196344947,0.103554121351668,0.0138319980885301,96.9599802286793,68.7614602453845
2013-07-17,0.172357471287251,361.50918375651,0.24911470785737,-1.72675032050986,-1.58330485874549,33.5849081770818,56.2664963069715,0.127349666957008,0.472127651137517,0.103948796714159,0.0620833676784558,122.087756256216,87.8049435213106
2013-07-18,0.172523939609528,361.54555460612,0.237356152385473,-1.72749102339709,-1.59090236075839,33.5971040367184,56.7885232760494,0.146873911940738,0.476843105222946,0.133260333266361,0.0768951708100792,167.413587497508,119.462615553423
2013-07-19,0.170903128385544,361.429470825195,0.13949604096512,-1.72568745362131,-1.5899558304844,33.6123458890987,57.9392779966942,0.190952506742643,0.482817734766724,0.0881778411147066,-0.00317576065435445,91.8710982475252,58.4408892381951
2013-07-20,0.169510658085346,360.936477661133,0.297188086807728,-1.71051264481437,-1.58783559467559,33.6404092114671,61.7563869397443,0.318673042174345,0.492569889004965,0.084818510156601,0.0348645287348812,87.2549432316672,64.3371747881949
2013-07-21,0.167006965478261,360.929436238607,0.080382028222084,-1.71204361700474,-1.58376148768834,33.6488304855232,61.4443178571256,0.327798047656179,0.488095372130996,0.212794323080688,0.0395042601188547,275.77095659842,193.453400565053
2013-07-22,0.161394220590591,361.687980143229,0.105820941738784,-1.72289535336028,-1.58551917174705,33.6406156927123,55.6331802274948,0.319833978660461,0.458328352162713,0.19914360053109,0.0843733528530911,289.433095744334,222.299632119666
2013-07-23,0.158958412210147,362.043374633789,0.281429409484069,-1.70941122178745,-1.58794459050759,33.6455894126032,58.1997182530568,0.364094995704473,0.434065562819964,0.139260777181252,0.125187843701893,248.384458037657,188.577566308633
2013-07-24,0.157894985377789,362.316397094727,0.109598788619041,-1.72209131717682,-1.57020943102084,33.6442471267585,55.0876330074511,0.420261960602681,0.424921482913476,0.17842543273604,0.0195341406712182,223.525801111887,201.614298220741
2013-07-25,0.155808235704899,362.40925394694,0.180511125922203,-1.73250524217921,-1.56152772455287,33.6406906242657,53.5301561965082,0.475260818970593,0.388566022262649,0.195265683506552,0.0292977690696716,244.276793441324,193.5914868777
2013-07-26,0.155976776281993,362.627314249674,0.236813182880481,-1.73247495181578,-1.56877873893967,33.6461862836565,53.7819911483535,0.506506867356654,0.388256248674895,0.152590252683127,0.0823724401372492,205.421620465334,183.251568346896
2013-07-27,0.155570018788179,362.236170450846,0.282227652023236,-1.72152684460905,-1.58487782308034,33.6674977496154,56.6760867161858,0.564705578169148,0.40551182616474,0.121454488836173,0.118824848373021,201.481848560823,149.826425477195
2013-07-28,0.1556297570467,362.122254435221,0.177866687873999,-1.72009499561518,-1.58513940859558,33.6864856203696,58.9248193618946,0.562374095593516,0.412048638091051,0.109465074592403,0.0786000767904789,145.525169659548,116.595934280535
2013-07-29,0.156497796873252,361.931719970703,0.250163453569015,-1.72397749988656,-1.58287346766407,33.697138521008,58.8244296733598,0.520765377614731,0.422695697026145,0.0845064409497313,0.0650044252353727,102.664335719625,76.6572388219472
2013-07-30,0.158296570181847,361.486198933919,0.209582622845968,-1.72410416110118,-1.58368461831172,33.7092311973859,59.6373007064475,0.495771894679594,0.438468374479982,0.0746441439802485,0.0334235042809768,74.3674534409336,57.5129492172115
2013-07-31,0.158261360724767,360.985248819987,0.147175710524122,-1.72185175938714,-1.58598842298178,33.7229530363155,61.201661267675,0.49440358132404,0.454361519755277,0.135612323642113,0.0662710579686371,155.563828964275,136.992669724436
2013-08-01,0.155840007464091,359.85059000651,0.243005412568649,-1.70446584726635,-1.5986891720528,33.7419239560464,63.064323188667,0.534761155458321,0.476791475276302,0.0512756851914906,0.0794238472511446,86.6625511362431,48.1134139153734
2013-08-02,0.154334861536821,358.603823852539,0.224631728728612,-1.69854571541449,-1.6104365031522,33.76115884996,64.7537403752033,0.569558853157481,0.496433462303384,0.127491647195547,0.0939373491485988,169.951513424963,144.106864736114
2013-08-03,0.152834920585155,357.402138264974,0.15057501172026,-1.69130663181606,-1.61756016482088,33.7738711278241,66.3530937029903,0.581608644147453,0.504874814049642,0.155385105681599,0.0584808070828816,187.271780849245,183.244672138867
2013-08-04,0.152238939702511,356.385772705078,0.320545720557372,-1.69321484269952,-1.6146414046897,33.7798428356199,66.0851962189925,0.581156460176173,0.506977266050819,0.122464124463443,0.0606790574729667,143.926258756917,145.699008601625
2013-08-05,0.153866082181533,355.308978271484,0.445194244881471,-1.6935067145448,-1.61338623753168,33.7875240010426,66.3267053302966,0.566548734994367,0.511764425532262,0.160564073522512,0.0707341032592874,208.680908688509,204.997421493853
2013-08-06,0.157068138321241,354.651217651367,0.416664510965347,-1.70489540270397,-1.60834724159169,33.7893424213381,62.7786418118871,0.604512156484495,0.501071474269817,0.187913706316087,0.0307089633315353,232.613648594239,208.404005635275
2013-08-07,0.161382671693961,354.537903849284,0.384328759213289,-1.72216291221461,-1.60193835882316,33.7832444413264,55.067554993737,0.695318058525261,0.476123167495978,0.191706720893656,0.00513766484713196,239.00210553455,211.109097975576
2013-08-08,0.168028978010019,354.55087890625,0.594075723489126,-1.74410594898955,-1.58943609770079,33.7774847934121,49.5822543739376,0.745052760368899,0.460812282629479,0.148168510778394,0.0480930405087713,183.130475461471,215.946271334466
2013-08-09,0.175339851280053,354.222575887044,0.624251219630241,-1.73239235053385,-1.58439251309947,33.7847185923641,54.2982820281409,0.734285089978598,0.468441909641252,0.180860029015326,0.0688548056562816,253.362273005808,281.186548676705
2013-08-10,0.180003459254901,354.05358581543,0.332383980974555,-1.73906419868756,-1.57332323995748,33.7842596527329,51.2160270626384,0.752620575907535,0.475618348870062,0.138434712347904,0.0234143513261824,161.646360385128,217.124152014395
2013-08-11,0.184211182097594,354.091005452474,0.625152458995581,-1.74965159740663,-1.57545724085399,33.7821255734092,47.5974038131255,0.78260644486076,0.475325785969433,0.169721921093594,0.0456653275996223,211.135086628417,263.185575174783
2013-08-12,0.187880442539851,353.523805745443,0.695713513344526,-1.74652356536765,-1.57092077032964,33.7866401385544,51.9881685156571,0.811991697863529,0.474425143653289,0.174127600568914,0.068613869845307,228.847311013368,268.880292094317
2013-08-13,0.186143681406975,352.573206583659,0.367986286183198,-1.7455157628633,-1.57224935696537,33.7903402514924,53.0138658186547,0.801601638471274,0.475354467231528,0.120456327075013,0.0577235805725021,145.843617036447,182.323637478571
2013-08-14,0.180459433794022,350.986172485352,0.347293760627508,-1.73343318969684,-1.56693500862982,33.7996392644438,55.787493504976,0.754047833271045,0.488098239540157,0.0881847245968822,0.0289879947536646,108.981504206384,97.8962808158135
2013-08-15,0.177022823194663,349.417862955729,0.3356712171187,-1.70527263557104,-1.54918493722614,33.8014979828569,55.7249651708101,0.796224466391972,0.482057640763154,0.124935434234882,-0.0360990368894168,155.425381850742,146.669759863151
2013-08-16,0.180324327449004,349.085181681315,0.53375375457108,-1.72056860627985,-1.54873863019441,33.7953135124723,47.7161506853606,0.818660594242856,0.476048590657406,0.121344347071267,-0.00272371964459132,125.197415010309,164.417979249656
2013-08-17,0.183854785561562,348.890836588542,0.349008968658745,-1.72553325057926,-1.55671933450197,33.7939767909229,48.5978602323317,0.82450414118462,0.475365939333027,0.106936397815221,-0.0391715394010893,119.218035293591,106.00472332064
2013-08-18,0.190340886016687,348.952030436198,0.736888706684113,-1.73245568024485,-1.56150362948726,33.7921755080833,49.0407229652978,0.847744818468739,0.476556276916561,0.16200739232109,0.0533592043150412,200.460966161539,242.813737457037
2013-08-19,0.192958277960618,348.572929890951,0.289089544117451,-1.7281711572095,-1.55707614941705,33.7935178369508,50.9894330125106,0.888513273314426,0.478687408947407,0.067978258881914,-0.0250550077709937,94.5927141296844,66.7426304660156
2013-08-20,0.195200565457344,348.576095581055,0.482340722282728,-1.709543394415,-1.550331102278,33.7931048601194,52.6943393685764,0.876219247292755,0.481478248547791,0.0923815929099805,0.0145410372126371,104.172819536113,84.3224068175035
2013-08-21,0.201694964369138,348.326361083984,0.715187295774619,-1.7209265684723,-1.55000296974541,33.7918199094615,51.482203698696,0.865763930925973,0.487186126354942,0.0704289183888892,0.038595588513671,85.5445599464901,65.9665886589535
2013-08-22,0.208105855683486,348.053382364909,0.837563155094783,-1.73077050859767,-1.54989971164474,33.7947914439036,52.6203375364605,0.838131344309987,0.497635273332883,0.0964293111731907,0.05286815465617,104.601135456864,102.252910755808
2013-08-23,0.209770981470744,348.396352132161,0.867002307375272,-1.74243729544761,-1.54250987131793,33.798055519735,53.9896551863591,0.802609405557352,0.512570413991921,0.147039555825461,0.101709242742089,217.520450185059,215.422924024123
2013-08-24,0.206660671035449,349.468528238932,0.959385999043783,-1.75257036022674,-1.54024966273989,33.8010557647935,54.7572071319236,0.744606167456149,0.517509592094816,0.152225407218575,0.115008887995903,248.390564422698,250.176501147501
2013-08-25,0.20637905249993,350.56093343099,1.11045438746611,-1.76050333465849,-1.54406104231239,33.8036601417943,55.3520887776425,0.684787452038854,0.517323153807705,0.192567205154582,0.0782467048699246,286.607737230529,311.348724991192
2013-08-26,0.213994057973226,351.345065307617,1.16380024353663,-1.76539914724522,-1.54108491114208,33.8026448013191,54.6768954355914,0.707975494682341,0.509745155622188,0.242805719991824,0.0422302742201583,370.126084167504,342.460969438085
2013-08-27,0.227276574075222,352.312657674154,0.971565176049868,-1.77814808331038,-1.54988479703889,33.7914014256986,43.1240326981795,0.7724547370484,0.490329761366199,0.193205110658716,0.0518309843719454,269.103292973871,272.418060828535
2013-08-28,0.246466286480427,352.451746622721,1.59289669791857,-1.77384704127348,-1.5577197917422,33.7952792232198,51.9181826168433,0.767328404226249,0.490507596529516,0.103147972431174,0.0797886925896532,166.007946613736,127.562751371586
2013-08-29,0.266345478594303,352.046721394857,1.57819880445798,-1.77265750286274,-1.55196143137781,33.7988129522567,53.5703125824606,0.758847613111699,0.502029479334229,0.133099709336359,0.0847175466246847,207.52099007868,169.394610092276
2013-08-30,0.280833877623081,351.234712727865,1.57269747157892,-1.78226188564659,-1.54877764121034,33.7992489893634,52.2749967754335,0.769013230793906,0.520134070313963,0.152461753794013,0.0691255709730593,222.999165749043,195.65863710703
2013-08-31,0.288250209887822,350.481180826823,1.41151831348737,-1.77552395297172,-1.54242267330786,33.8025647356994,53.6276781935441,0.814059297841294,0.533752669181143,0.142553564483174,0.066562475300485,202.304427936359,161.993204348983
2013-09-01,0.288743425408999,349.599877929688,1.02529019912084,-1.77375617332028,-1.55019916269116,33.8073890944173,54.2558319909232,0.821978764314401,0.544018246289483,0.152714162210661,0.0784830510672322,222.808324075007,172.791537445607
2013-09-02,0.292034121354421,348.870843505859,1.45550902585189,-1.78224261138672,-1.55623516910955,33.8101139785652,53.7676503783778,0.831407664217671,0.548923007303611,0.145183204652223,0.0677258499891014,203.950147970536,149.724227109914
2013-09-03,0.298550072312355,349.065938313802,1.2557494143645,-1.77800489771635,-1.55688225505944,33.8138140197983,54.3063136652896,0.836727178830625,0.551303679445632,0.213845260833439,0.0925399226353581,354.762735707253,290.577777224457
2013-09-04,0.305528724193573,349.964542643229,1.45097457865874,-1.77744867837519,-1.54915855029472,33.814680228556,54.1055341376398,0.820046402149855,0.548068258659284,0.216321161058836,0.111153918689579,387.357913893087,302.958602320371
2013-09-05,0.315928765634696,350.589621988932,1.74054715633392,-1.77194709437234,-1.54921476823047,33.8153513858193,54.3034452567423,0.805273752967666,0.543791652958196,0.228620348932376,0.0932581396703433,398.412788641617,344.969991367406
2013-09-06,0.33325122743845,350.777786254883,2.07861498594284,-1.76954048827178,-1.55884415583503,33.8150932770923,53.7034007947248,0.782307713299542,0.541247486171866,0.205118802369089,0.0666909743856667,339.164271972907,326.53271298778
2013-09-07,0.351461219290892,350.864158121745,1.69966937303543,-1.77431789331866,-1.57160112597889,33.8118350810574,52.1298619320518,0.788416579477769,0.538450913097625,0.236041165636222,0.0695546660852387,412.52426592534,406.185040812718
2013-09-08,0.360923963785171,351.119030761719,1.11379833519459,-1.78014165028594,-1.57664470923574,33.8044924198237,48.7361115226172,0.783803380521617,0.521941086851565,0.224414302736409,0.0252913542063837,367.431954303227,384.490270111666
2013-09-09,0.377742109199365,351.779666137695,2.02536956866582,-1.77842068313656,-1.57411029643582,33.8029378733241,48.7068550317807,0.755774392445285,0.516141423605438,0.16736304638137,0.102142926935751,297.867804738298,213.899846997229
2013-09-10,0.372279157737891,350.306328328451,1.66690480510394,-1.76374151159946,-1.56276452899876,33.8192238054777,54.066525140203,0.722860438791209,0.537111424525878,0.154517737084201,0.118829438616907,290.302805972034,197.362611535413
2013-09-11,0.34885849605004,348.043198649089,0.900696395834287,-1.73811972947945,-1.57505109435634,33.8410687554152,57.8538035127453,0.673936602596502,0.546023174112004,0.16759939330693,0.121729844326812,308.955010230929,228.469320107131
2013-09-12,0.330762860675653,346.176019287109,1.03982940912247,-1.71489629395922,-1.59120066363112,33.8617489176585,60.8999179861599,0.672283468067758,0.55384210771636,0.137727967988616,0.12699371310217,266.998579874928,184.842345322676
2013-09-13,0.320696798960368,344.767462158203,0.975560593605042,-1.69600968970392,-1.59070617498312,33.8782532770831,63.2123263545502,0.697019952258333,0.567672957827274,0.132241520274403,0.111169981020958,247.633332384922,176.236812639452
2013-09-14,0.319929703573386,344.15036722819,1.39195242126783,-1.68577475252008,-1.58383836154651,33.8864794709629,63.7871297570996,0.689668836919381,0.569305010868194,0.0872209822632989,0.0777028787573029,164.964522487331,95.1552689425197
2013-09-15,0.332910652458668,344.156683349609,2.00145858625571,-1.7027173436674,-1.57619152212501,33.8840988273907,58.7785372518955,0.707699137158636,0.566344945166344,0.128868422379955,0.0352431417519885,171.152104126886,117.89119906331
2013-09-16,0.35812017172575,345.238733927409,2.62825944324334,-1.71394907038911,-1.56784712282339,33.8781727382115,53.5823592888682,0.719974660783782,0.552235870433033,0.180089035512585,0.0481136924398125,247.496873265827,209.866349057984
2013-09-17,0.39595677057902,346.83866780599,2.99334855675697,-1.72760392490186,-1.57022320059009,33.8673533676262,47.3117232143431,0.765061602220499,0.518983889455186,0.211552929581332,0.0103762931981705,298.044652536904,269.786145131846
2013-09-18,0.447076089183489,348.709654744466,3.8444154938062,-1.75031520325438,-1.56990539982803,33.8533961360616,38.3684226516494,0.812488053078042,0.488717788592317,0.196704413839861,-0.00649149348973332,277.450779100373,285.456168125659
2013-09-19,0.497637929519018,349.703644816081,3.06022398074468,-1.76618391409852,-1.56946368325026,33.8407126261776,32.2475107415278,0.77649542913401,0.457069177152519,0.184659928041405,-0.000582834663695859,249.812955717686,253.301398886311
2013-09-20,0.5509635835886,350.590542602539,4.96698966821035,-1.77082914606969,-1.57331635539693,33.8394390479066,31.6853277701184,0.707358672206563,0.462510303783237,0.0960254573676371,0.0712687505647204,150.269714369445,99.5919889607044
2013-09-21,0.581517405311267,350.811778767904,3.44892296791077,-1.76611231950889,-1.57892671742834,33.8447167532785,39.1497424383809,0.648062126500938,0.476923418448384,0.187154186119262,0.0496625640198476,264.426356594593,264.074891262841
2013-09-22,0.559182753165563,350.009951782227,3.66365075906118,-1.74889161532983,-1.58801113169892,33.8518300450834,49.4296618655212,0.596396784333134,0.471660121042926,0.171768727005088,0.104919422711981,286.912782449272,219.312848943697
2013-09-23,0.571013683080673,350.908899943034,3.47334850430489,-1.74524867041667,-1.58640145672891,33.8522029675935,51.7759157661209,0.546466037007819,0.467168393943991,0.140325483859034,0.107833596338567,242.112123188384,176.18708823402
2013-09-24,0.588140720129013,351.870904541016,1.96218233704567,-1.74460984755279,-1.57845861167836,33.8519448301846,52.1671492748691,0.506885050634917,0.476820157882863,0.148788059284364,0.0529691181460718,209.720818204639,158.960814983584
2013-09-25,0.602474163969358,352.769647216797,2.63256038626035,-1.76984062409939,-1.57395541219783,33.8391753462024,38.903070180936,0.462811187967042,0.495449643834193,0.122383812414412,0.0398874625395563,161.003457292638,104.879318119576
2013-09-26,0.656521663069725,353.662434895833,7.06562627951304,-1.81526318125259,-1.56686502291744,33.8225510819514,30.3785387627164,0.39229722455305,0.490048669614738,0.0835679394886234,0.0285588998095434,109.441976556385,76.2830270722086
2013-09-27,0.731426181395849,354.453484090169,8.17009375890096,-1.78846563387634,-1.56167114094684,33.8415617548433,39.3023348141434,0.377273027900662,0.485092281398917,0.101562386924835,0.0519870188423341,129.895096521225,95.978264528937
2013-09-28,0.801552147666613,354.970035807292,6.38289107282956,-1.78876852361779,-1.55171361587998,33.8433113815193,39.9172944699911,0.389052912999029,0.495808179161154,0.1277807698326,0.0402041206038312,151.642729717459,122.550214429985
2013-09-29,0.868244057893753,355.577926635742,7.09179022908211,-1.80667210611186,-1.55230906852206,33.8287981649987,25.5081974187292,0.408382401887425,0.501318146775764,0.140398910899359,0.0570879694550557,175.759271691239,153.13771386454
2013-09-30,0.942778696616491,356.512284342448,9.22616108258565,-1.81402683482134,-1.55777830333638,33.8173539154512,18.3713404361467,0.411771992168956,0.49481862081789,0.169969739602473,0.0558924703277591,226.195902108363,202.076906870181
2013-10-01,0.998427452643712,356.834296671549,6.80656130313873,-1.8047914303335,-1.56645313331059,33.8142733896585,17.629029306254,0.383605616960212,0.442309002279955,0.195290924701139,0.0347314404701828,263.986231868245,244.516372790779
2013-10-02,1.0337693353494,356.819453938802,4.91796072125435,-1.79083368742376,-1.57503732747601,33.8116803993856,20.367090422408,0.383041974044528,0.402554271350161,0.186087184718677,0.0393803503952528,253.329522092635,247.323618223885
2013-10-03,1.12447105447451,357.182534790039,10.1808871825536,-1.78849867815362,-1.57091847487858,33.7881663903258,15.0556074264354,0.364144089933989,0.391137397100448,0.15842318872368,0.0308558193448567,208.563345028653,202.607132757463
2013-10-04,1.30157737731934,358.728533935547,16.2186326026916,-1.78480065989315,-1.56973673705768,33.7571022922831,13.4344547529866,0.250908074409281,0.299473347025467,0.145793574196952,0.0563077973271895,210.038370712223,182.395456536811
2013-10-05,1.4850192228953,360.254940795898,13.6374634583791,-1.75880990395869,-1.56796414421913,33.7676174622729,14.4808037621634,0.190506488863813,0.288047115115407,0.170224443456172,0.0296236057870818,241.873112409431,223.223430512046
2013-10-06,1.52763794461886,360.18246866862,7.80032029946645,-1.73856305224555,-1.55971382255841,33.7769169197943,15.6826137277417,0.14966006851464,0.228001876443159,0.217339974779047,0.0125309458716695,330.211778396341,324.385474264697
2013-10-07,1.59712388515472,360.948805745443,14.0690528233846,-1.7226998523662,-1.55722760078602,33.7728783313493,18.9260660114145,0.141194638381661,0.231135788598804,0.203462083662923,0.0675835834353938,325.106095570908,338.096041306713
2013-10-08,1.73896445035934,362.302674357096,10.7496038118998,-1.70356543530199,-1.55415394521297,33.7569189860408,16.9807978034916,0.0859816210571586,0.157594605471666,0.192704882990933,0.0168402511906579,277.253502051509,313.60366697591
2013-10-09,1.85033406813939,363.288097127279,12.6148146152496,-1.69425843891345,-1.55919294563451,33.7401566039351,14.0631822213194,0.0646800581131678,0.126298350308322,0.1975557195877,0.0325836717130098,296.006756139939,323.783377066426
2013-10-10,1.8993892788887,363.609943644206,17.3612933794657,-1.65323605214743,-1.5705088816191,33.7501957398608,20.1077978126985,0.0436805468663096,0.0634236028758673,0.235114138167267,0.0472761542585335,377.660896273076,371.318204595352
2013-10-11,1.86178529262543,362.769350179036,14.4946469783783,-1.62445319819271,-1.57723098500331,33.7647841604132,26.1581499881314,0.0271967483731182,0.0495000010177057,0.231681379832719,0.0556882483450542,370.998116286236,296.202074287906
2013-10-12,1.82718100547791,362.020148722331,14.4981313228607,-1.60169511002706,-1.58058687887694,33.7782822802551,34.9867192641237,0.0211390653832543,0.0493960067930766,0.222725458471175,0.0924802619711797,386.821585019404,318.429880439039
2013-10-13,1.8422794342041,362.274282836914,5.80541365941366,-1.57830921510108,-1.57387051053513,33.7720580853914,33.0730020551753,0.0622353194151348,0.108565109603874,0.22304441165039,0.0185061488020465,344.144709645829,306.354195854903
2013-10-14,1.79935530424118,362.009809366862,9.85842065811157,-1.56292237419831,-1.57330717583348,33.7721211139421,37.4293474434014,0.0206714962896798,0.0242590193943906,0.26013702112145,0.0633637682303674,437.896633775374,312.029521914753
2013-10-15,1.7565478682518,361.064728800456,11.854603544871,-1.57548957390893,-1.5661904032069,33.7857796518426,46.0938510249432,0.0225967476004385,0.149027274018224,0.218145387863418,0.0883384645545393,372.678856094372,336.411351058131
2013-10-16,1.74974933862686,360.533349609375,11.1754947026571,-1.58813938162381,-1.57209906138872,33.791768554458,52.3019584211192,0.024321875177828,0.173921084346572,0.198824646651633,0.117622465553476,368.549089282729,373.726460784448
2013-10-17,1.78465665976206,360.568804931641,11.5426263809204,-1.61559503060534,-1.57709331082222,33.7954571229175,50.1501738146732,0.0379302908029211,0.282284739070145,0.154513148478884,0.107225520788391,284.126900317751,322.832006416301
2013-10-18,1.8214623550574,360.78891805013,7.77613657315572,-1.63829254207754,-1.58007058747729,33.7951875414167,51.9657960583393,0.0444734133394869,0.318316084073674,0.16197985721598,0.0425629950639673,236.506954855668,327.81413854615
2013-10-19,1.89733789364497,361.553437296549,14.2355291684469,-1.67101297163426,-1.59758431391608,33.7748170293363,36.3623468176763,0.0305959531797544,0.194546893246024,0.14168160665024,0.0686689411479055,216.203465119413,265.578648628634
2013-10-20,1.95630473097165,362.045829264323,13.4083878040314,-1.64709563900654,-1.60425478533695,33.7917916147332,51.8510646210577,0.0377789890180041,0.288503172366243,0.075591823982453,0.0569502923189473,132.71201549413,101.340165993873
2013-10-21,2.00480849146843,362.625571695964,14.1112074534098,-1.70655028309141,-1.59510037683903,33.7787183890665,38.1142928582385,0.0629787017150145,0.355632419592904,0.118898276953881,0.0837905182874292,196.151852846101,213.830796474954
2013-10-22,2.07558696667353,363.707845052083,13.7965545256933,-1.75257586581366,-1.57654145382401,33.7590589164791,32.9433558184401,0.0653622430623194,0.311681750013416,0.109492609893581,0.0529874751302309,163.48933550504,184.158800443989
2013-10-23,2.0809164027373,364.455268351237,7.63197133541107,-1.68883945215914,-1.55999835720636,33.7903005413543,42.0570321585003,0.0623838202117529,0.292383957080039,0.194558939651439,0.0537928884386792,289.490440551047,342.552084441422
2013-10-24,2.03982498049736,364.652334594727,10.4297714114189,-1.66236682717961,-1.56081524782611,33.7899043721364,45.9188856038832,0.0488271237065902,0.182192387025119,0.18123634814992,0.0855436112619656,285.299113606228,327.731316475205
2013-10-25,2.06438813408216,365.176973470052,13.4325283765793,-1.64983817240349,-1.56869613272803,33.7632293844582,27.3547967788868,0.0244725697733163,0.0918974221358954,0.165442446358782,0.0540705380078993,242.343426932871,302.518125726595
2013-10-26,2.10038285851479,365.92048441569,14.4686746994654,-1.61594473105624,-1.56956120496406,33.769889386973,30.3865700126591,0.0115606806953164,0.0509569347616943,0.201608026974407,0.0422096227092626,296.14904685285,350.823484824966
2013-10-27,2.09478864272435,366.215048217773,16.1824719746908,-1.59452762012195,-1.57227115657993,33.781855776794,45.6940125235938,0.00684644325104143,0.0772112552951881,0.178540164142623,0.0895339635697971,281.007303479537,283.387653298977
2013-10-28,2.05381659865379,365.734244791667,14.0665713151296,-1.6093527293743,-1.57913782408363,33.7925604196419,56.3445138214226,0.0322728934557758,0.272782124382885,0.128650432256492,0.121587577114876,247.861435515223,201.622594136597
2013-10-29,2.01855635643005,365.292655436198,9.07232972383499,-1.60471300299006,-1.57512452279715,33.7888144586319,56.7684456997348,0.0117679373212159,0.0733512373976409,0.205082088428781,0.0554587861481018,312.914323561934,306.2105511984
2013-10-30,1.96575448513031,365.070596313477,8.41068456570307,-1.55548503972534,-1.57737669281493,33.7881203558212,57.752266052074,0.0582394884744038,0.0499740596860647,0.197422631519069,0.03543589023271,290.028176171447,281.697467376123
2013-10-31,1.98340068459511,365.613083902995,13.0047428369522,-1.50396887700361,-1.57155178767398,33.7870074680873,57.9954966459059,0.0846221074461937,0.0720999762415886,0.202665849021615,0.052234837995436,305.250836749826,314.588217547485
2013-11-01,2.0259474615256,366.557562255859,10.9249780098597,-1.44686576253489,-1.56346324198228,33.7860036147268,57.9128898749674,0.00498468987643719,0.0493382563193639,0.199359293873037,0.046103600804743,294.858607710451,319.649107150338
2013-11-02,1.94273560245832,366.27284749349,7.68454703489939,-1.40639684164434,-1.56168261327242,33.7830895301991,57.3862733840942,0,0,0.228751143174512,0.0109614224866369,346.00421115961,356.643811525396
2013-11-03,1.73439724047979,363.15683186849,9.38158934116364,-1.39536887900274,-1.58078077278639,33.7885621579966,62.8595276595955,0.000890520561370067,0.00317901146869796,0.25661936105418,0.120637602922051,490.985155343876,446.874958023392
2013-11-04,1.66360755761464,361.456381225586,9.09218928019206,-1.38787646714906,-1.59270708677464,33.7946427424151,66.3576837554014,0.00316321890005061,0.018151129558382,0.216325749888232,0.0971108150101246,397.434331472302,412.93746534423
2013-11-05,1.66281780600548,360.943336995443,11.0150416294734,-1.37057040508528,-1.59772198630455,33.7989623564527,66.6066502126536,0.0024479343923495,0.0228401212567898,0.170655833445209,0.126571502704593,356.072234552834,321.985507636847
2013-11-06,1.71032981475194,361.285234578451,11.881515399615,-1.34221986339505,-1.58683628157565,33.7990714195079,65.5080983979361,0.000674111379569844,0.00218748176894799,0.222121971960467,0.0891989486754165,413.561480113169,384.825845505811
2013-11-07,1.76347371339798,362.079767862956,12.8808880647024,-1.33011800722968,-1.58002698914449,33.7984404743166,64.8673243881168,0.00183289875894843,0.0188088196555327,0.189171160452236,0.0784165070609267,339.429134935442,257.15124292309
2013-11-08,1.79057568907738,362.952197265625,13.6307553529739,-1.32825385964006,-1.5795129891625,33.795480470012,63.207737040699,0.00413819923037165,0.0514999846536808,0.144357138488414,0.0946601554191202,281.301778923887,157.49985921686
2013-11-09,1.78050823410352,363.479449462891,12.2873328924179,-1.32866413409549,-1.58087714811913,33.7969261972528,64.800780256888,0.0073934243991971,0.0920718189721045,0.178347415731926,0.117186486959121,365.113756981025,218.582352038649
2013-11-10,1.75750609636307,363.862739054362,9.54153720537821,-1.30413826739878,-1.57337487147267,33.7928474397588,55.5878612797959,0.00305322978279018,0.0278067744924242,0.168232710275771,0.0463399471561039,292.363201691986,155.597045706686
2013-11-11,1.76342455148697,364.817219034831,15.9886113405228,-1.21984109237678,-1.5688108609135,33.7909659478897,55.2276050883128,NA,NA,0.186569055962495,0.0512297926260565,320.400352817774,208.658080253469
2013-11-12,1.75174106558164,366.046938069661,20.691326268514,-1.10229205457788,-1.56195796790876,33.7866062221671,30.8718831987309,NA,NA,0.15064441068168,0.0196970590299233,247.033746981396,127.685655269246
2013-11-13,1.69280094901721,366.5865234375,16.626401313146,-1.07089332575189,-1.56055709966143,33.7829463643239,27.0496117692245,NA,NA,0.197055491331713,0.0294239734740634,331.340917037821,238.546876734017
2013-11-14,1.64250485301018,366.935265096029,15.2829724947611,-1.10084093692607,-1.56592652089614,33.7836864586163,40.9171772039026,NA,NA,0.209044905785555,0.0720007362586439,368.938365941707,259.501470211336
2013-11-15,1.65501900911331,368.328920491536,19.5202848434448,-1.05500809949143,-1.56713119619771,33.7854131827677,47.5561005083242,0.000192984692094957,0.000179520643809262,0.177441038905566,0.0737492402357266,310.631486637288,209.050249949286
2013-11-16,1.61773585279783,369.555102539062,19.5957145849864,-0.975312113313747,-1.56384988297197,33.7809501733995,37.7374007504685,NA,NA,0.152434218464825,0.0429048939166885,244.566657456153,144.360958182152
2013-11-17,1.54647813836733,370.718451944987,22.7711313247681,-0.889610630901236,-1.56957956319465,33.7780991891273,30.8558208530111,NA,NA,0.165183153129498,0.0402523079901037,255.076369574729,178.058161596628
2013-11-18,1.47302378118038,370.361727905273,17.0449287573496,-0.869749273796727,-1.57185468234514,33.7760856886555,33.6271540634614,NA,NA,0.2035607529482,-0.0053625379906113,311.981455053418,252.764225161914
2013-11-19,1.42920307815075,370.181964111328,16.583361419042,-0.812935284093807,-1.56544464378429,33.7733034406389,34.3906904091512,NA,NA,0.211176612533461,0.0369664052487316,324.361826663215,276.182285755373
2013-11-20,1.36431046624978,369.981854248047,11.6911649703979,-0.776797698516595,-1.56014979557883,33.7665113864985,31.1977198966464,NA,NA,0.133276395821818,-6.19547707693917e-05,185.672861222422,128.771012776437
2013-11-21,1.28348674476147,369.669772338867,14.1199986934662,-0.757420969748856,-1.56261996174217,33.761113403435,32.4660739002371,NA,NA,0.150389707584242,0.03135375282202,208.189266786729,175.507711767683
2013-11-22,1.23822854459286,370.048060099284,15.2703282356262,-0.645659893751144,-1.55139006752717,33.7583484219429,28.8457293080208,NA,NA,0.181752639045393,0.0213377157128171,250.598368607856,217.560500329302
2013-11-23,1.19777297178904,370.257400512695,12.8998307863871,-0.49860656835643,-1.53848968815983,33.7519522215191,21.6945308706814,NA,NA,0.179001383413386,0.00938272067254647,245.421570610295,207.547863872568
2013-11-24,1.17098254660765,370.418002319336,14.1716739654541,-0.402130448000323,-1.53287359243049,33.7444483104505,17.7609702268041,NA,NA,0.178849938290572,0.0441829999558684,257.429867279596,202.618198203773
2013-11-25,1.19524433116118,370.768178304036,15.9573712825775,-0.404443430217137,-1.53897156079013,33.7455209144076,24.8014530095839,NA,NA,0.172397453702034,0.100798276946285,289.679356869858,187.282321365046
2013-11-26,1.21247361600399,370.139016723633,14.4443148612976,-0.487383099875056,-1.54789994668244,33.751647834491,36.8465126905226,NA,NA,0.150307101092504,0.105128233846193,269.673074784611,172.248857882936
2013-11-27,1.21900604168574,369.584701538086,9.77005603313446,-0.400935406383491,-1.54999723425485,33.7355499984626,25.0119848968391,NA,NA,0.169143675553395,0.0281619298502915,244.580753539297,191.017558414509
2013-11-28,1.21331397593021,369.240331013997,13.1704270998637,-0.42150717606782,-1.55692011924615,33.7349821391859,31.1793629818393,NA,NA,0.0909589256363032,0.096654184232641,176.646007769415,105.739585059699
2013-11-29,1.20838668942451,369.00514831543,14.2936688264211,-0.387489823722526,-1.55608372894445,33.7345348874429,37.3318257367701,NA,NA,0.107773935940481,0.0858396183475292,179.673545172681,123.399454236861
2013-11-30,1.20363050997257,369.047341918945,13.3521468162537,-0.307303701184298,-1.55160691549903,33.7283736064022,35.2351124519692,NA,NA,0.158386474853396,0.0688593946397305,226.787177185834,165.069754601248
2013-12-01,1.22864342729251,369.36748046875,15.4744832515717,-0.27756811922094,-1.54831297639617,33.7250291494499,36.0439675338286,NA,NA,0.158023924699851,0.108443966779606,260.768304301057,176.818134693201
2013-12-02,1.26445264319579,369.710236612956,16.1063332716624,-0.241592991592965,-1.54590706717699,33.7220175033225,37.1247358967487,NA,NA,0.155648987502196,0.0893412153411629,243.946820018418,173.263788859175
2013-12-03,1.25289131402969,369.63737894694,16.0119447867076,-0.146452341620859,-1.55311907682204,33.7152254061591,32.6008830930954,NA,NA,0.118994651726426,0.027696120937852,155.416945619254,99.3876235272221
2013-12-04,1.16157399117947,367.599881998698,12.4224548578262,-0.186568806914235,-1.5577817492019,33.7086054006017,36.0015170699672,NA,NA,0.0434578981782709,0.0419732762878775,86.1531491116772,68.7890798508596
2013-12-05,1.1016368329525,366.300524902344,15.6735376199087,-0.129567574261499,-1.55264752431023,33.7042915086101,32.1918662580332,NA,NA,0.102152105812964,0.0662182815008818,138.278583336186,90.4092546983988
2013-12-06,1.0706299563249,366.788417561849,17.3465581576029,-0.0316045358216852,-1.55179162850057,33.7002186022307,30.1215407471908,NA,NA,0.0996326074368299,0.0494193338081801,126.680507179398,75.9019052758907
2013-12-07,1.07849262654781,367.282605997721,16.8612792650859,-0.0183985117066624,-1.54836575429242,33.6958531544621,32.2693096462049,NA,NA,0.111222757810825,0.0860713750572133,166.145182871772,108.323185295722
2013-12-08,1.08074653247992,367.720721435547,17.1773488839467,0.0651552010803742,-1.54864455344982,33.6909197470299,29.125099999564,NA,NA,0.102900153194043,0.0747634643422706,145.705514330731,89.5186033250948
2013-12-09,1.07402048110962,368.109942626953,18.0882022857666,0.154097610762469,-1.55165624708161,33.6856536435005,26.2602608185962,NA,NA,0.130947351539718,0.0760622219903801,177.182742032131,119.602078835524
2013-12-10,1.07847807010015,368.573458862305,17.9780091603597,0.307349175186758,-1.55109062409939,33.6830090974507,21.9412030815182,NA,NA,0.13123418004217,0.0657272318420105,175.748677814928,122.329281976419
2013-12-11,1.08402946690718,368.890468343099,18.8658453464508,0.366726720859682,-1.55203715078813,33.6804965313216,17.2085393030841,NA,NA,0.138459953276398,0.0580700691229195,181.675499342539,130.064875087047
2013-12-12,1.10690855880578,368.20668741862,15.270508035024,0.314100877430878,-1.55659542764936,33.678718380462,22.5096964298334,NA,NA,0.177128969838745,0.0596005839988925,246.856169484035,212.211033593918
2013-12-13,1.12824431161086,367.065749104818,16.7146456877391,0.288250553568727,-1.56712545846638,33.6810990957389,25.978021901353,NA,NA,0.166888059474024,0.0762939791342146,245.748976638466,204.19513472468
2013-12-14,1.13429868072271,366.84587097168,18.1272024472555,0.35200349163068,-1.56712201573795,33.6828430433919,24.597805062631,NA,NA,0.141651776654268,0.0594629061205271,205.177186413611,165.5502936208
2013-12-15,1.10990391373634,366.455764770508,19.5205101807912,0.411758272831601,-1.5639703515777,33.6825159976357,23.9467052122704,NA,NA,0.0925491009803867,0.0441141613107875,140.899442987105,74.0639720720791
2013-12-16,1.10804697523514,366.579334513346,20.0766867955526,0.452395160675497,-1.55717251892377,33.6823266968691,24.8393142814923,NA,NA,0.115777587266009,0.084354995868932,192.198294027781,128.902198498566
2013-12-17,1.12431533584992,367.163246663411,20.4777043978373,0.549964440048189,-1.54688342711083,33.6796132998359,22.5125648025283,NA,NA,0.126807848663819,0.0736046787631467,200.716522602175,124.196218092912
2013-12-18,1.1395022486647,367.414487711589,20.8089174906413,0.585204371720328,-1.5416172648731,33.6759705937895,23.8681144176569,NA,NA,0.119116266797248,0.0810805662934269,194.947965120355,115.922075923438
2013-12-19,1.14427292148272,367.481305948893,17.8789643764496,0.619973440703593,-1.53757757396626,33.6709969742854,23.26061236948,NA,NA,0.129487970241703,0.06112650912115,192.267817972633,118.389685898649
2013-12-20,1.14902085363865,367.680954996745,20.2504062493642,0.715835523560531,-1.54676410712694,33.6660463290107,20.3011199657182,NA,NA,0.131169930478572,0.0740636036472213,198.523712605376,135.607658463059
2013-12-21,1.13449852863948,367.422274780273,18.1207799752553,0.77168852516583,-1.54665855447153,33.6614111706727,18.3300372998517,NA,NA,0.102156694138185,0.0238985170547227,136.355745245056,70.209988479951
2013-12-22,1.11541557908058,367.087223307292,19.7928427855174,0.782600842024151,-1.55165854208451,33.6572061696447,19.2846011721102,NA,NA,0.11937096990869,0.0619411009146755,167.00724036884,109.646055693721
2013-12-23,1.14445072412491,366.888554890951,20.9459155877431,0.772068515083844,-1.55257753859785,33.6554050015328,22.5395265557712,NA,NA,0.14666323641077,0.087198035539429,224.866719799654,187.488080320304
2013-12-24,1.148304271698,366.007198079427,18.3074838956197,0.807074392872645,-1.55842653521918,33.6501100583184,22.1230520377482,NA,NA,0.161123962008527,0.0320123101311519,217.569076118317,211.174017066961
2013-12-25,1.1374976242582,365.041401163737,17.7448479493459,0.838217040874008,-1.56649099884177,33.6456125876061,21.4547425642946,NA,NA,0.174244626698301,0.0432353198276203,240.81960556744,241.153950631846
2013-12-26,1.11741388191779,364.653203328451,20.2567418893178,0.954089166078352,-1.56959791828815,33.6415453315677,17.495941126257,NA,NA,0.127503120347409,0.0412527641519568,167.708590982515,145.606500548472
2013-12-27,1.10479413469632,364.096465047201,18.2704828262329,0.952012990650378,-1.56857336643047,33.6357285492402,18.4327217044687,NA,NA,0.106821666898808,0.0913444230599063,183.011763466257,137.191508418546
2013-12-28,1.07262674421072,362.057898966471,18.4409308115641,0.889212780204931,-1.56126498817501,33.635613764139,24.1807570027229,NA,NA,0.047338109211366,0.0677350286982561,127.759353156431,88.3711071457699
2013-12-29,1.02003667255243,360.993324788411,18.5675745487213,1.02037536918669,-1.55166542754137,33.63522944056,20.5282878732323,NA,NA,0.102512361859917,0.0462343945006903,151.127109551648,98.3519706199852
2013-12-30,0.97558922568957,361.077230834961,17.6414746284485,1.1240162251139,-1.54848736703844,33.6322349749113,18.483777082056,NA,NA,0.129907886952834,0.0120238336713466,179.854604335899,147.321517617368
2013-12-31,0.917267600695292,359.167678833008,12.2919834136963,1.0400384680221,-1.54593230548658,33.629991990283,24.5754324583183,NA,NA,0.164772415799754,-0.0236644652721129,244.351642065471,223.386370523695
2014-01-01,0.841648092369239,356.912604777018,13.6998223463694,1.08199705956574,-1.54976547750315,33.6212437278346,20.5397609409533,NA,NA,0.128834002196117,0.0301398961503703,194.852311634373,133.424513657852
2014-01-02,0.793444810807705,355.84250386556,13.1167665958405,1.0923311307018,-1.5510412875871,33.6165569133328,23.5801389450417,NA,NA,0.0784509263064404,0.0448484410552826,155.008370803643,85.0611712365105
2014-01-03,0.752348911265532,355.257339477539,13.6666729450226,1.2043565516185,-1.55055253263703,33.6073955736662,19.2587866962404,NA,NA,0.132060244987558,0.0703761415149932,230.197118402009,141.019273377206
2014-01-04,0.716686011354129,355.349034627279,13.2495222250621,1.32245078794938,-1.55042747671443,33.5947004906217,14.7521433758556,NA,NA,0.128703209130388,0.0275836844501415,209.487470406647,116.698127237129
2014-01-05,0.691263649861018,354.339191691081,11.3828575293223,1.2223647617756,-1.55185243913106,33.592767342589,23.6965911549733,NA,NA,0.109042863480579,-0.0080977308150745,186.179341898339,92.4170329711434
2014-01-06,0.643761757016182,352.486405436198,11.3056880315145,1.19812251078455,-1.54315466316123,33.594333490931,26.4857077204195,NA,NA,0.112670665648871,0.00846257611156854,186.839235743268,81.4584997778156
2014-01-07,0.611792001128197,350.96015625,10.4775329907735,1.16506063893325,-1.53519690350482,33.6028236733343,29.4337270600455,NA,NA,0.0887354349899561,-0.00337309834260241,168.927150653156,80.4007522851919
2014-01-08,0.569145527482033,349.333986409505,9.82227703730265,1.16387660991877,-1.53240205112257,33.6101952316169,30.3837016722313,NA,NA,0.0957684594493611,0.0321316307592661,177.131580234435,68.2988738455024
2014-01-09,0.536473775903384,348.824577840169,9.62213616371155,1.19605184116758,-1.52671367826318,33.6179051076559,29.1652560018955,NA,NA,0.112298936169959,0.0333386031924782,199.10136273849,74.1813480504659
2014-01-10,0.514724705616633,348.987228393555,9.9519170443217,1.31984868668076,-1.52276003764088,33.6244791790955,22.5659147169357,NA,NA,0.135252067469116,0.0554266612472615,246.000174937439,108.288669583353
2014-01-11,0.509605392813683,349.185279337565,9.65169588724772,1.31104007430543,-1.52345072102726,33.628397461167,21.8832638245776,NA,NA,0.164464935198202,0.0658465524701247,307.041534681613,178.647794685818
2014-01-12,0.531440494457881,348.599235026042,7.84965864817301,1.25919349345946,-1.52190529179752,33.6329351439512,26.517832408274,NA,NA,0.206449684820005,0.0520030811877179,380.533828286486,268.577878097182
2014-01-13,0.550524787108103,347.672425333659,8.11761234601339,1.28708144193305,-1.52062374218962,33.6369219041408,24.9161842855296,NA,NA,0.187631467007157,0.0644376527630073,356.796902078038,221.076184642135
2014-01-14,0.560576175649961,346.855819702148,7.83098427454631,1.31974129614077,-1.51448676864007,33.6435819353376,25.0940177243455,NA,NA,0.206080250638096,0.0355643893038868,373.544134152761,237.875777254556
2014-01-15,0.553426851828893,345.846919759115,5.89427800973256,1.31834249209641,-1.51678139195406,33.6512171236196,22.7087551310546,NA,NA,0.172890797957666,0.0222509763994835,309.095872622934,154.583495677852
2014-01-16,0.566466757655144,345.527547200521,10.403342405955,1.31349349290805,-1.52599661108246,33.6701132982297,22.2997382422139,NA,NA,0.157496160484458,0.103985510668472,331.291224914298,164.377955625759
2014-01-17,0.585300322373708,345.781093343099,11.5287403583527,1.47641827603032,-1.52427792952473,33.6884246481989,17.2527109017049,NA,NA,0.163886690246207,0.0462183320852823,295.374321472405,145.76253825032
2014-01-18,0.588771688938141,345.669888305664,10.4165535767873,1.55634280837568,-1.53034835650509,33.7047450990605,13.8578133726479,NA,NA,0.160495235675708,0.0185199166767131,270.81311382502,129.425539117186
2014-01-19,0.59359775185585,345.294931030273,9.68104828198751,1.56216381008464,-1.53350117063164,33.7204748454847,16.3641173857495,NA,NA,0.163707710270371,0.0211747974101314,269.055810035135,134.913092873157
2014-01-20,0.589045930902163,344.558829752604,7.06598811944326,1.47119203725256,-1.53302274700394,33.7407018331657,23.2170145135177,NA,NA,0.175495197506327,-0.0257043868611406,288.953597151534,159.136194579234
2014-01-21,0.58046373128891,343.655196126302,9.96529280344645,1.49273855793745,-1.53374326139464,33.7561961726138,21.8763799631506,NA,NA,0.142099227826286,0.0221087098737856,219.842335008736,96.9241605913018
2014-01-22,0.569201076030731,343.29255065918,9.44374928474426,1.55470169262778,-1.52872950152347,33.7751899661874,23.0747478062049,NA,NA,0.110504539669456,0.0138159357151367,175.882495226344,51.6042358990735
2014-01-23,0.568733365337054,342.998708089193,9.83102631568909,1.60903749295643,-1.53300668467256,33.7901051169948,22.6720410791555,NA,NA,0.153423201264744,0.0921819611571561,278.790074899353,136.864246099386
2014-01-24,0.585847966869672,343.200161743164,7.66950434843699,1.62973317167813,-1.53816270693801,33.8000982757798,21.0136009947698,NA,NA,0.163537906678884,0.0717184971597858,282.203248653482,150.877251613049
2014-01-25,0.593404698371887,343.32182413737,10.7260945479075,1.71636810024878,-1.544914642671,33.8031502343658,16.0268075197263,NA,NA,0.126394815897023,0.0535978453752018,212.863816589037,76.6337634745684
2014-01-26,0.579195530215899,342.568711344401,9.65773371060689,1.74172829909432,-1.54213011085539,33.8083016962037,15.9705892075273,NA,NA,0.129336525188913,0.0074506466297951,202.950348556078,69.3828486522931
2014-01-27,0.553837714592616,341.546788533529,8.37860298156738,1.65859862825924,-1.54228499957493,33.8191036425139,21.5717685527371,NA,NA,0.138831682237131,-0.00478888199405563,212.767744652887,91.2999079595443
2014-01-28,0.539457881450653,341.01730855306,9.39298915863037,1.65537422492092,-1.54991577307981,33.8217251139476,22.2154107703302,NA,NA,0.106041494700918,0.0890865122437253,209.947354772434,98.0661359981812
2014-01-29,0.535395814975103,341.139189656576,9.32613925933838,1.72046538223898,-1.55812364995928,33.8249146024087,19.5530723127207,NA,NA,0.126612805432283,0.051303220828785,210.117235966796,95.0517133101261
2014-01-30,0.528015937407811,341.133358764648,8.60052092870077,1.67358895307197,-1.56227691818897,33.8367720008793,25.8638643071167,NA,NA,0.0771039813700923,0.0097796908698808,149.420373403442,90.1717341550924
2014-01-31,0.514352151751518,340.678872680664,8.83988186518351,1.68555312766168,-1.55959106119056,33.8391181974483,25.740528307463,NA,NA,0.0998804266319463,0.0498736695267428,167.440331590226,92.1436159366198
2014-02-01,0.506125495831172,341.066892496745,9.07744045257568,1.89426668694145,-1.55430653803331,33.8329743837055,18.7270072743409,NA,NA,0.12328101025152,0.0519296532230718,196.198428339664,113.196257943879
2014-02-02,0.494523777564367,341.114808146159,7.62441231409709,1.83447060728432,-1.55121912454304,33.8233368235423,17.6932787178154,NA,NA,0.137941367784165,0.0114823023935682,201.033814090875,138.80298443525
2014-02-03,0.4787274847428,340.777598063151,5.38330326875051,1.76236064541609,-1.54922280051654,33.8155293285399,20.4089673157025,NA,NA,0.137379184911462,0.00858189662764395,195.92171094509,124.001503548018
2014-02-04,0.467599068085353,340.550904337565,5.73989621798197,1.74046717102366,-1.5475821396462,33.8078595211631,19.7458207732753,NA,NA,0.153459915079008,0.0119595842758068,215.447918466969,169.188863846235
2014-02-05,0.470797611276309,340.767446899414,7.7299889087677,1.85223925920357,-1.54934785419837,33.8045783939218,14.8611379924573,NA,NA,0.133723847540025,0.0448736822218599,196.378947766056,144.381660021127
2014-02-06,0.477702460686366,340.958061726888,8.47020624478658,1.70473710800472,-1.55133270455482,33.8212891198639,21.7794320278598,NA,NA,0.0783774983417943,0.0812503682463465,175.606604047613,118.573328895461
2014-02-07,0.474830000599225,340.987690226237,7.37849143346151,1.66566148601977,-1.54914248751518,33.8288671307098,21.9538235592663,NA,NA,0.0981135658247578,0.0484808321650091,169.391879435419,121.383389959427
2014-02-08,0.458276315530141,340.579545084635,5.92525194485982,1.57401784111683,-1.54986414694248,33.8234748266693,22.6037761071571,NA,NA,0.126633457503373,-0.000633316422651585,184.176856526933,149.645521973935
2014-02-09,0.461265829205513,340.469883219401,7.12600073814392,1.50989593285367,-1.55209796186677,33.8303185656555,25.0091166818949,NA,NA,0.138567800444544,0.0775032462902311,226.305463835499,155.871827810521
2014-02-10,0.471438725789388,340.718711344401,6.55505194664002,1.45742704411198,-1.54971958192668,33.8367146513516,25.3338060629995,NA,NA,0.11706716697523,0.036867736131513,177.872790628943,115.94278829724
2014-02-11,0.470781724651655,340.97890218099,7.73574614524841,1.46962251564614,-1.54260051250458,33.8372424563071,21.5075190479594,NA,NA,0.106879032952221,0.037730515031214,165.649492655275,100.597259626004
2014-02-12,0.467164005835851,341.204516601562,7.5174698193868,1.43911868580302,-1.53630635523258,33.841154844241,22.3898022551286,NA,NA,0.104421489696978,0.0525170772203377,167.234161399513,99.0009785312345
2014-02-13,0.465036973357201,341.234142049154,6.7715882619222,1.40760706421128,-1.53059159096022,33.8533507469005,22.5951711324821,NA,NA,0.127702752450355,0.0579346862334506,197.275593782394,118.614763132839
2014-02-14,0.473863659302394,341.175082397461,4.64814213116964,1.41105451395637,-1.54120423022966,33.8685467942317,21.6320025042484,NA,NA,0.186917838843581,0.0804564283278428,318.20689812701,252.84155963248
2014-02-15,0.516799230376879,341.38015238444,6.51379102865855,1.38242034916591,-1.55771750077269,33.8939196364324,25.2081753293374,NA,NA,0.176814606329216,0.111140151095009,338.359408591863,243.328793352003
2014-02-16,0.56050145427386,341.271449788411,5.27453784942627,1.36138046885792,-1.55882924660704,33.9069647394625,24.3884206069143,NA,NA,0.208241786653722,0.0673105231017098,363.295717229859,270.932262774134
2014-02-17,0.597383157412211,341.15126953125,7.40933372179667,1.34928137041572,-1.55947403710588,33.9109747463599,24.9873176087114,NA,NA,0.174150546760599,0.0941209187100929,330.82104592975,223.143343619587
2014-02-18,0.626163655519485,341.256400553385,8.2121675491333,1.38933175936677,-1.55873631041749,33.9007693556018,17.637634176957,NA,NA,0.122298910583657,0.0576616257597181,233.49445818365,142.52440673482
2014-02-19,0.646868629256884,341.494831339518,8.57998647689819,1.39329135978132,-1.56940976076556,33.8873169977862,14.8054932633737,NA,NA,0.140346134431604,0.078425685433965,265.883927953068,194.016773892806
2014-02-20,0.667490560809771,341.525554402669,7.57299353281657,1.30029847702586,-1.57544576718395,33.8800028607361,27.5676232997636,NA,NA,0.19923767976855,0.0786253177049689,366.183716790513,335.508325635884
2014-02-21,0.669583915670713,340.964016723633,5.85351494153341,1.22279431497244,-1.57609859041702,33.8647894751757,31.0313596474497,NA,NA,0.112799163949781,0.0367530048789835,216.838537673605,128.884237046497
2014-02-22,0.660195960601171,340.795189412435,9.60072836875915,1.1956635906284,-1.57595632309304,33.8592938874897,35.6923163349467,NA,NA,0.0918171151464147,0.0736597498556725,195.364906377334,120.902851900652
2014-02-23,0.668693319956462,341.172862752279,9.87756873766581,1.19905596411318,-1.56568902372418,33.8440232527883,34.8524836490029,NA,NA,0.129084116716246,0.085160409121361,233.739315783312,191.324116231491
2014-02-24,0.699096139272054,341.573677571615,8.63957940737406,1.18970215051694,-1.5656970555621,33.832246135052,35.5374293112217,NA,NA,0.17411842270005,0.0907707666712148,304.897831989244,281.214144077359
2014-02-25,0.758762353658676,341.834130859375,7.22060601711273,1.1703667291125,-1.5706029673268,33.8301923364625,37.4253318363563,NA,NA,0.240254097191015,0.110639922881037,458.240886399495,400.303946189845
2014-02-26,0.827785757184029,341.75112508138,7.41843382517497,1.12514517988477,-1.58128903414074,33.8230962825001,39.8564869801801,NA,NA,0.198820056967941,0.0856239234510445,369.185444786603,318.668679750346
2014-02-27,0.901559778054555,341.917814127604,10.7241099198659,1.09106725252661,-1.59070846191923,33.8139349141515,39.0373058713468,NA,NA,0.195917357627611,0.128196097070113,408.357165608764,320.110296522453
2014-02-28,0.97559775908788,342.238896687826,10.2250574747721,1.07200167456964,-1.58884523103112,33.8001497455109,35.0085181150221,NA,NA,0.181881137738438,0.078182455264312,352.07417972151,286.707240838476
2014-03-01,1.01323626836141,342.362130737305,9.11288814544678,1.10085060968435,-1.57655751436277,33.7797218839029,26.7851562786819,NA,NA,0.191809979092358,0.0763765854298844,352.27418063272,306.026872383173
2014-03-02,1.05983925859133,342.717092895508,13.2836354096731,1.03255706980712,-1.56920439273791,33.7748974678212,30.8162385682414,NA,NA,0.107500875648811,0.125215378919042,256.8894430579,198.77936931582
2014-03-03,1.11593110164007,343.441754150391,14.8234671115875,1.0520164068032,-1.56374318527996,33.7630285965769,24.6660701565276,NA,NA,0.132789935552536,0.047092584276894,203.976441506942,184.820248664035
2014-03-04,1.12570231854916,343.639712524414,11.7511894782384,1.03842764017277,-1.56833816963927,33.7638891406525,24.348264622509,NA,NA,0.20093799633135,0.0544950438145184,295.395862184367,298.02340925483
2014-03-05,1.09778439601262,343.269159952799,7.67008663018545,1.02370165635769,-1.56680880408538,33.7577223096575,23.2147199049928,NA,NA,0.156612729639711,0.00963054018977441,201.7354297111,227.073268362774
2014-03-06,1.05164737999439,342.890704345703,10.873380613327,1.04509123241095,-1.57774269132686,33.7488650988815,21.9016208612829,NA,NA,0.193982989114142,0.0218677739227625,271.376316011696,284.282446941401
2014-03-07,1.05045660038789,342.851821899414,12.0816474437714,1.01817803499394,-1.59293539945344,33.7451247595307,25.3831404241404,NA,NA,0.191803095190037,0.0933545140367477,322.209070594905,293.759290166039
2014-03-08,1.0244244992733,342.571095784505,7.38378341992696,1.00548692618994,-1.5877919963428,33.7327624299472,24.1205231695247,NA,NA,0.152213934598897,-0.00824688146717118,252.589602937244,247.468630815173
2014-03-09,0.954956778883934,342.009986368815,7.8481430610021,1.01862135843227,-1.58541132319242,33.7181744683058,23.2726593017578,NA,NA,0.176341912898242,-0.0213514831533333,293.239100479568,246.281080958193
2014-03-10,0.923302551110586,341.883810424805,8.1901213089625,1.02248458754747,-1.5945003306059,33.708370739356,21.9389084622376,NA,NA,0.141890417532365,0.0471889587553372,224.298441143344,158.774397231043
2014-03-11,0.874285763502121,341.689318847656,4.51513737837474,1.00665167668708,-1.588167168144,33.7050090875841,22.6961347429376,NA,NA,0.148788059256355,0.00261357764160275,196.840379896426,164.576778037239
2014-03-12,0.866875513394674,341.686971028646,8.12950806617737,0.936838178706348,-1.59539523922411,33.7011081437419,21.8717906672255,NA,NA,0.136204337000959,0.106121805853638,215.378282081379,169.840637714524
2014-03-13,0.907089140017827,342.177000935872,8.89436549345652,0.835554361343384,-1.60562697075363,33.7334621687581,31.6015738508755,NA,NA,0.107783115139805,0.11139255966571,180.180146346518,150.03217040849
2014-03-14,0.947808966040611,342.880491129557,11.0699040095011,0.800140954946217,-1.6010962370643,33.7480273282618,32.1826875586259,NA,NA,0.0675766995470775,0.0532628300746805,105.95050161868,70.6629115854311
2014-03-15,0.966028500596682,343.624680582682,10.7238839785258,0.797384651980006,-1.5869693751622,33.7600225864496,30.8420531014751,NA,NA,0.0753898966385234,0.0350962856966526,114.018235507319,79.6965153438503
2014-03-16,0.959098142385483,344.064786783854,8.67647536595662,0.76919656207687,-1.57496733952286,33.7682430296016,30.8018970704616,NA,NA,0.0869272701806368,0.0225974647398282,104.713034158872,61.2150431581263
2014-03-17,0.899353534976641,343.790477498372,5.50082568327586,0.734689076816229,-1.57958757025855,33.7731251967581,31.4851215835801,NA,NA,0.0462848761756169,-0.00578933839399115,68.0960199230728,42.8840883400532
2014-03-18,0.843681450684865,343.448447672526,6.46868875821431,0.733105785640559,-1.58776675937767,33.777393111609,30.3601817941307,NA,NA,0.0728726933913347,0.0357525486190964,101.084968490368,45.8184172922252
2014-03-19,0.798189261555672,343.203359985352,3.17284550666809,0.709907129182851,-1.58925597291244,33.7786033601689,28.5055511947861,NA,NA,0.126635751890061,0.0284304008364005,147.078703365863,87.5356796784173
2014-03-20,0.734590708216031,342.773733520508,3.97540531555812,0.702544139292007,-1.59604117162246,33.7749776911915,28.4045876954731,NA,NA,0.0721820110133044,0.00245295385164874,73.1645167460614,45.2039325267199
2014-03-21,0.712086696426074,342.735004679362,5.91188678741455,0.672965506637903,-1.6093821202902,33.7902770078272,32.6892260644669,NA,NA,0.054981504377902,0.0996876788374625,109.628701730753,83.9150543021625
2014-03-22,0.690679524342219,342.755707804362,4.4343057791392,0.632953677746586,-1.60736285071624,33.8000865448686,35.5259560319714,NA,NA,0.0528865116123194,0.00541072513880138,57.317047040163,40.3087784743527
2014-03-23,0.661293212572734,342.654216512044,6.47305444081624,0.581867067213345,-1.60765083078155,33.8092190448503,38.7963701154953,NA,NA,0.0251422034002336,0.0345524598781328,53.9792987612513,37.4572931684533
2014-03-24,0.643506639202436,342.730167643229,4.36074241797129,0.537961718059124,-1.61764621241648,33.810159898342,35.8202417595942,NA,NA,0.0858097879874303,0.00545891225898176,77.7910431603191,62.5282443622191
2014-03-25,0.642174758513768,343.038741048177,6.16872595151265,0.507579050117866,-1.63272993053709,33.81711902475,36.4575737006682,NA,NA,0.0929621331729835,0.0592540954344703,108.35705942356,81.0414760290259
2014-03-26,0.669145171840986,343.602217610677,7.04178263346354,0.480159200895998,-1.6306831240654,33.8343574122379,37.8406588547212,NA,NA,0.142177245502633,0.110715645106327,220.636242533275,177.228247518914
2014-03-27,0.708402692278226,344.348701985677,7.7607558409373,0.444676960769453,-1.62448075525743,33.8526511371584,39.9350776313839,NA,NA,0.0848965270486765,0.0720833425543138,117.793305394455,98.6668099917448
2014-03-28,0.728789303700129,344.959580485026,7.41860545476278,0.438302492064641,-1.62241673559174,33.8574582580337,39.1158966265227,NA,NA,0.0657134641073924,0.0334257991438297,62.5164485012883,49.7732066400684
2014-03-29,0.734862342476845,345.342428588867,5.92976451714834,0.432511778478336,-1.62015194148946,33.856861516049,39.1755568855687,NA,NA,0.107376966163292,0.0164524596184492,102.107973106311,74.0902091794222
2014-03-30,0.724686539173126,345.446291097005,4.57127908070882,0.43544705985184,-1.63854106252355,33.8576702748923,38.1177348624495,NA,NA,0.0920052748117456,0.0308994172715155,110.200308825143,89.5047728825219
2014-03-31,0.720519396662712,345.608628336589,6.72204243342082,0.40656507889131,-1.63868333343276,33.872372978612,42.9014541152725,NA,NA,0.0275997467675155,0.0896257486586508,97.79218454172,74.331867187968
2014-04-01,0.740457342068354,345.926288859049,6.94586177666982,0.352204498827906,-1.6437923164296,33.8906667895783,48.8938668867699,NA,NA,0.0623931421065017,0.137613236469994,157.961885990339,108.349428841952
2014-04-02,0.793992920716604,346.584877522786,6.32746380964915,0.309447379600733,-1.64897816297703,33.9058630090011,52.268686477403,NA,NA,0.0859635274969321,0.115678918204809,157.878446263374,130.716641235414
2014-04-03,0.847456898291906,347.228204345703,5.80526562531789,0.270837105418506,-1.65063029527664,33.9129132005505,53.7469985359593,NA,NA,0.0914453864517741,0.106151636381795,149.876910528695,101.427163286881
2014-04-04,0.896415118376414,347.796397908529,6.65445354779561,0.233708241352237,-1.65250730021556,33.9131311975924,55.669894265053,NA,NA,0.0833315932493013,0.0653486185448062,120.675771276101,98.0467946269064
2014-04-05,0.911215511957804,348.122725423177,3.78925972382228,0.213579793033519,-1.64741323182457,33.9086221680605,54.5621639660427,NA,NA,0.132638490359698,0.0353142752459175,171.019090895865,126.056235701252
2014-04-06,0.880852211515109,348.165399169922,3.23580507238706,0.18682079610968,-1.63575998060685,33.9080600164887,54.4887361705751,NA,NA,0.0871475539485315,0.0663100664636918,140.946662252545,87.0233781774642
2014-04-07,0.859427180886269,348.261747233073,4.53018293380737,0.181145730295352,-1.62357437745073,33.9073487045173,53.9913760092025,NA,NA,0.130008850204653,0.0458603705370561,164.734940326957,103.16705581552
2014-04-08,0.85773053864638,348.586991373698,4.17381487290065,0.174837348156406,-1.62265308638264,33.9107962586826,55.7266860868698,NA,NA,0.12549532333711,0.0522233651236708,158.645007965053,102.157639594233
2014-04-09,0.842349596818288,348.811308797201,3.05656331380208,0.182753802886359,-1.6254938271709,33.9106242818044,55.0319883733764,NA,NA,0.133182316164213,0.0330127668111844,162.649421011261,103.10490048993
2014-04-10,0.807923119266828,348.846875,2.55566355784734,0.186963981087495,-1.63463446699587,33.9091672251995,53.3201982132474,NA,NA,0.124712856094304,0.0176479590678574,136.241389751287,85.0473539245475
2014-04-11,0.776270823677381,348.862050374349,3.11590216954549,0.175299943949943,-1.64317046923745,33.9055703815661,48.7263592956658,NA,NA,0.11325579471326,0.0482261288154842,110.089929556436,69.6990594311175
2014-04-12,0.773779839277267,349.061700439453,5.44646182060242,0.146382164658236,-1.65831843713172,33.9176515995112,58.3941876081596,NA,NA,0.111351256153749,0.110823492638599,158.645707895583,96.3400546797329
2014-04-13,0.792949120203654,349.326938883464,5.42159272829692,0.105191814720182,-1.66522410892902,33.924082289961,61.8298144842449,NA,NA,0.155766013113404,0.081280198830523,210.548268624888,175.637490163197
2014-04-14,0.820050875345866,349.629825846354,6.61389485994975,0.0502474832075431,-1.67424083697168,33.9301975651791,64.3848791982895,NA,NA,0.126153880646242,0.110038730841046,210.697639523873,169.547891967375
2014-04-15,0.854361900687218,350.081169637044,6.18205663363139,0.00891945544714318,-1.65979388199354,33.9347180674847,64.7560350733592,NA,NA,0.0984371082395091,0.0269801980234627,136.691561426978,101.351218528697
2014-04-16,0.808881188432376,349.68955078125,2.39432868162791,-0.0322901691149052,-1.63663538192448,33.9285626375586,61.6376398129571,NA,NA,0.0611242146644377,-0.0359085829354318,121.840233334031,74.6163236604172
2014-04-17,0.750911246736844,349.416296386719,3.66232504447301,-0.0772914330762132,-1.63670307084134,33.9231415225151,56.558487745156,NA,NA,0.104862057498859,0.0197223000144376,137.656925974103,98.1448372067761
2014-04-18,0.736082707842191,349.771050008138,3.96236135959625,-0.102219318704946,-1.65144947955483,33.9298992156982,59.4583198540193,NA,NA,0.0635312763287833,0.0237218308353559,101.009688051543,68.7117491728318
2014-04-19,0.69606691300869,349.854006958008,2.88215537865957,-0.134595556002586,-1.64642769008651,33.9346892995046,60.7737137177833,NA,NA,0.0350251524548109,0.0552545645575326,109.557166439005,58.4519410313671
2014-04-20,0.674690953890483,350.067809041341,4.46755432287852,-0.150241225845832,-1.64079783151024,33.9389689165847,60.5012270059801,NA,NA,0.0798368796818238,0.0224919122244631,120.758055261553,69.3414282534657
2014-04-21,0.674111989140511,350.256744384766,4.26282493273417,-0.163628984438746,-1.63341257939661,33.9454684723589,61.2194446155003,NA,NA,0.111202105851774,0.038751623334181,156.830078955842,82.3809102108094
2014-04-22,0.673329523205757,350.448072306315,3.34073688586553,-0.175557361593596,-1.62196584482838,33.9530292883851,62.9593438958763,NA,NA,0.126410878242407,0.0301697263564158,180.604790383637,89.1443829115134
2014-04-23,0.643910308678945,350.28244527181,2.15481569369634,-0.19103506403534,-1.61407806998805,33.9558975248409,62.7356179136979,NA,NA,0.161289175468168,0.00152592541635933,228.959105265056,118.113500766408
2014-04-24,0.615537627538045,350.302420043945,2.42904351154963,-0.200377858923118,-1.61306270351984,33.9552722730135,62.2525994508786,NA,NA,0.175268029387956,0.010605755857283,254.942791362419,136.611559929395
2014-04-25,0.604906663298607,350.557702636719,2.62451205650965,-0.201983178664643,-1.61674901238061,33.9545209067208,63.3993382131247,NA,NA,0.161573708645607,0.0532880709191462,247.490935800818,101.515538594397
2014-04-26,0.580003947019577,350.626424153646,1.36936852534612,-0.199348030289761,-1.62263358087468,33.9507118454553,62.1740084447359,NA,NA,0.171084927857146,0.0088274215201014,258.440504728806,126.29650327262
2014-04-27,0.560443895061811,350.788879394531,2.35093367894491,-0.205761049138872,-1.61627173378952,33.9473444286146,62.571552509652,NA,NA,0.148342902078888,0.0555895797600199,233.216552395494,118.018232588296
2014-04-28,0.571712047855059,351.343466186523,2.9282609184583,-0.22345535952906,-1.61285733145879,33.9451817103795,64.290799969121,NA,NA,0.123393446809255,0.0922347371207368,211.267769091295,112.889710661726
2014-04-29,0.56991125245889,351.741999308268,2.00809188485146,-0.266622758393449,-1.61132108134435,33.938521564455,63.1870855209523,NA,NA,0.118193827387422,0.0173083545738145,173.236977995781,87.5052963240023
2014-04-30,0.557214364409447,351.965189615885,2.34930261770884,-0.270246429971062,-1.61136123381163,33.9317465904064,60.0239449336116,NA,NA,0.146268561244347,0.0522876146872689,239.747965725509,122.055874161976
2014-05-01,0.522396771113078,351.424286905924,1.54368586937586,-0.263401105131646,-1.60453587725647,33.9167912562091,53.3402760441142,NA,NA,0.140731632191324,-0.0438411010751375,223.23890964776,113.067832043306
2014-05-02,0.501167885462443,351.22532043457,2.32943269014359,-0.263431394178616,-1.60040210960503,33.9043830928946,51.1202267381482,NA,NA,0.224937477240101,0.056624455335445,372.339252814334,216.762392844422
2014-05-03,0.505201828479767,351.449577840169,2.25241707960765,-0.264488757552957,-1.59505792712807,33.9002585590334,51.4036128287925,NA,NA,0.178609003025786,0.00860943218090929,271.268878604661,147.166882505676
2014-05-04,0.486098197102547,351.222226969401,1.33611243565877,-0.255933478754714,-1.5931556825351,33.8863531557241,48.9592637549666,NA,NA,0.158829337574149,-0.0426501904971393,227.960176950946,111.504688865521
2014-05-05,0.475579622387886,351.194114176432,2.22700749635696,-0.286988012324598,-1.60501430671018,33.8632350434038,38.9994445026369,NA,NA,0.152145095337602,0.0514523712007847,224.625087507328,95.7062368359695
2014-05-06,0.484845444560051,351.442047119141,2.08385748068492,-0.297905837346737,-1.61281029353464,33.8570338371105,39.2736521125736,NA,NA,0.126190594936672,0.041617609434446,198.670072679175,122.757366047377
2014-05-07,0.491880399982135,351.840086873372,2.11992953618368,-0.302556582271381,-1.62024602585269,33.8592540769649,46.426571544848,NA,NA,0.137670602803504,0.0865968440876419,238.794423445341,160.061366637346
2014-05-08,0.495956981182098,352.139956665039,1.9619509935379,-0.32895210909104,-1.61449225325333,33.8597819679662,50.3635741212314,NA,NA,0.127684395802312,0.0238227943532673,197.202274872442,108.513759172789
2014-05-09,0.471826347708702,351.923275756836,0.720445315043131,-0.338625330085817,-1.60677886995158,33.8432030928762,45.5884598502539,NA,NA,0.192163350984902,-0.00961906698189284,311.168604308469,182.592920166164
2014-05-10,0.461724484960238,352.092327880859,1.89361318349838,-0.347745085709301,-1.61194866357889,33.8337548191386,42.5934007042333,NA,NA,0.168407100623936,0.0598759386912548,275.293611920121,180.460859677848
2014-05-11,0.467543940742811,352.434878540039,1.3289794186751,-0.356622530665613,-1.62056956255346,33.8315174561694,42.287641887378,NA,NA,0.153127194907432,0.0411609791191225,233.852446559146,149.579234711784
2014-05-12,0.441178926825523,352.269529215495,0.513612084587415,-0.360926329445346,-1.62329672691517,33.8177322301649,40.9068513561908,NA,NA,0.143340620247269,-0.029088958271576,226.184112763127,124.255595257917
2014-05-13,0.423756726582845,352.203512573242,1.47195760011673,-0.387555909280042,-1.63216545393592,33.8043946861324,40.7370491242947,NA,NA,0.157239161977979,0.0212665822048833,249.238357492819,158.059122756473
2014-05-14,0.423182402054469,352.329639689128,1.32056390841802,-0.428545249612036,-1.62251196902497,33.8087716783796,43.5795156328302,0.00129183463286608,0.00398821431127461,0.0880654039967777,0.0725904544185203,173.767849612781,108.426755895999
2014-05-15,0.423339056968689,352.549779256185,1.354172539711,-0.490034768007752,-1.61275063062969,33.8134412550388,46.5774431336195,0.00201108001227326,0.00773285174851908,0.110511422983574,0.0855344331130049,214.378813580211,138.598612866284
2014-05-16,0.427456016341845,352.837221272786,1.34955408175786,-0.550031864581476,-1.61423181501546,33.8138485958702,47.6381334147059,0.00221315019582285,0.010138100026766,0.13806986658925,0.0594629062325659,242.351988692391,159.917767238465
2014-05-17,0.423962715268135,353.199199422201,0.710671478509903,-0.586353936533731,-1.61563038153756,33.8085079049706,45.9274906359221,NA,NA,0.184026612599093,0.0516841285126774,308.845158515379,186.25496391856
2014-05-18,0.418272379040718,353.712768554688,0.829105854034424,-0.599923432265457,-1.61733184900499,33.8062648916603,45.5402726517584,NA,NA,0.167099164770846,0.0920006858002871,313.88094207857,196.521682578564
2014-05-19,0.416430894533793,354.179536946615,0.748560410737991,-0.614112472063617,-1.62011637813167,33.8051920295658,45.3962850570679,NA,NA,0.161681556345937,0.0762848005090889,289.862895444636,184.255485859881
2014-05-20,0.409827664494514,354.540080769857,0.624919948975245,-0.627665444984472,-1.62510030341328,33.7998512956433,43.8726539934488,NA,NA,0.194942142282213,0.0610324298136665,321.056935985016,197.02430578352
2014-05-21,0.401972194512685,354.821551513672,0.734414486090342,-0.651128441879624,-1.64035726445062,33.8021401283436,46.2062875632953,0.000625783577561378,0.00179565977305174,0.160724697032369,0.108320056943965,295.551605087247,178.667100002698
2014-05-22,0.396737003326416,354.975993855794,0.67341049015522,-0.709002551167531,-1.62968496272438,33.8045493678043,47.8073620437679,0.00262452339264877,0.0143012746483622,0.107881783514767,0.0616427997785403,186.276618241736,139.614935240477
2014-05-23,0.392493248979251,354.98657023112,1.03011704881986,-0.775129047215433,-1.61962762094082,33.8025874661324,48.1481138351268,0.0101357878735499,0.0926454751227135,0.0713674195979099,0.0475606874919924,127.926216053804,96.6397013713694
2014-05-24,0.391361221671104,354.984946695964,0.958313945929209,-0.852126557351951,-1.61652414243024,33.8071709826477,50.4043037335675,0.014688323390201,0.196058476819916,0.102023606419675,0.0696212100915443,181.582312637124,121.633328663109
2014-05-25,0.374017211794853,354.591533406576,0.244939898451169,-0.904033722510015,-1.60732384463002,33.7957494491921,47.3449951759855,0.00824042779211431,0.0539494966632946,0.133505858564959,-0.0489787657262015,213.282042855032,92.1394600986407
2014-05-26,0.350560603539149,354.332494099935,0.257571436961492,-0.900242086191823,-1.60858014965416,33.7779316722899,44.3711612529324,0.00443739117123187,0.0212408826500177,0.124683025790224,-0.0270444475870607,174.755286569635,78.1899872677029
2014-05-27,0.336080184578896,354.209855143229,0.302832805116971,-0.915438924965106,-1.59667334520727,33.7656266922341,41.2889063949872,0.0277146208100021,0.155644398182631,0.151894981013541,-0.00117484795251735,208.333860812051,95.7711343520269
2014-05-28,0.324915050466855,354.223465983073,0.264575530091921,-0.983349720786389,-1.59902877601466,33.7549912875756,35.0905510070629,0.00168217049584665,0.00569787067658407,0.103788172966219,0.00300825310212777,147.780711889446,63.9243001350945
2014-05-29,0.31439476509889,354.24162495931,0.295075804491838,-0.946548530929967,-1.58689938900166,33.7321770316676,29.5702572155716,0.00119530828669667,0.00541703555112084,0.14862973023122,-0.00779025101179915,206.610038971792,97.0360102348538
2014-05-30,0.31160085350275,354.403898111979,0.605112168192864,-0.986684272163793,-1.58274726311963,33.7325958739546,33.7562266041462,0.00271265642532973,0.0106454894895542,0.10118606833643,0.0642770290430775,165.331982461086,95.1124625901367
2014-05-31,0.313044814765453,354.617151896159,0.572909599542618,-1.01217939262103,-1.57545494854002,33.7406212512712,43.5961516566743,0.0179742260545464,0.257637601191724,0.100031872160901,0.038297287363531,147.640164362789,76.9734532247526
2014-06-01,0.311774883667628,354.723897298177,0.411100478967031,-1.08045089939483,-1.57127758882996,33.7358772019695,43.1160014518222,0.0232150056303122,0.305325639889316,0.123264948298272,0.0411862199495834,176.307337856495,87.3754984095582
2014-06-02,0.307516055305799,354.918789672852,0.434096093972524,-1.07775792905263,-1.5732463701327,33.7353723569024,46.9572036355958,0.0243624614803751,0.274635033709998,0.0730585579837399,0.0394170642795419,123.415959345694,64.6009223254098
2014-06-03,0.303418042262395,355.178021240234,0.363564105828603,-1.10904926487378,-1.57608137677487,33.73449466103,49.3998317754358,0.035616878860392,0.282307685590944,0.116351243416618,0.0666496712238269,186.105111860759,91.4020948817888
2014-06-04,0.301841190954049,355.278513590495,0.54030118783315,-1.12164125160167,-1.58384868659471,33.7310698659796,48.6202329119345,0.0487959821641977,0.288524479088278,0.126119461120631,0.0287332913481203,186.642839483815,81.8119947375522
2014-06-05,0.301505366961161,355.447331746419,0.389374843239784,-1.16401562722106,-1.58744092139983,33.7170325544544,38.961009549019,0.0430792330737416,0.248737835934805,0.163117991424257,0.0387860425796948,245.848915731437,118.969639056836
2014-06-06,0.295753405491511,355.72021891276,0.191950101653735,-1.18137400378858,-1.58488700264379,33.7074868912087,35.6653545386809,0.0289430156970029,0.153846332809301,0.136548530954616,0.00907983004878786,201.076364365478,110.604372596521
2014-06-07,0.287608352303505,355.806155395508,0.215464054544767,-1.16924186801552,-1.58706001590069,33.7048823564572,39.0499263885326,0.0214644005995598,0.0888659780605712,0.115906086547258,0.0420627666539267,187.499499730713,85.6756525128808
2014-06-08,0.281072058777014,355.815602620443,0.31963230073452,-1.16598166178044,-1.58680072269942,33.7101141133703,44.6975717867227,0.03048193867798,0.2092095452914,0.0885335076040119,0.0434946123986764,161.780520944793,71.7123646455031
2014-06-09,0.276656281451384,355.635063680013,0.363361957669258,-1.1803331626089,-1.58506368963342,33.715839099167,48.1492611985458,0.0505099973721864,0.321170025028961,0.130772960155194,0.00912113343470527,192.612513315316,91.7624940897349
2014-06-10,0.272886670132478,355.486073811849,0.276559960345427,-1.21047902465763,-1.59100791206934,33.7141582947925,48.2932490800556,0.0577617778918949,0.332572706727529,0.137353943982967,0.017491924555454,200.507263069912,86.7071578077323
2014-06-11,0.261766764024893,355.184853108724,0.0860018958648046,-1.23003473653829,-1.59783098034393,33.7085881340773,48.6144965035575,0.0449828107256486,0.223533062462321,0.083258165200626,-0.0193826954783802,134.287145969592,60.6571717749747
2014-06-12,0.250567329923312,355.14621480306,0.11880865842104,-1.24180340677276,-1.60967698177897,33.7024844176787,48.6076125238175,0.0449980308778656,0.221111762247404,0.0891048691578602,0.0229668992998681,125.30264018664,50.6638681099517
2014-06-13,0.244234449664752,355.174357096354,0.171731856962045,-1.26440454268814,-1.60813958573162,33.7031842998992,49.2931317745295,0.0429668487916189,0.256473078441463,0.102032785030796,0.0306424192692104,131.015503818791,63.7737826325978
2014-06-14,0.240212587515513,355.174001057943,0.236636410156886,-1.28884229624182,-1.60976417530748,33.71213900057,51.7019141813866,0.0834054516390302,0.405520430072806,0.102471058319946,0.0267277892426889,125.187442775116,69.214385963502
2014-06-15,0.237433507541815,355.163568115234,0.252485454579194,-1.31184545293786,-1.60293193239915,33.7223672078068,53.5789173205096,0.119980478792318,0.434252001513216,0.140364492466127,-0.010851280413624,163.073557224936,101.869029896442
2014-06-16,0.23134476095438,355.286474609375,0.0760313242673874,-1.34006933565427,-1.59580138527361,33.7099877694496,47.5360225914116,0.0635506369626934,0.194971398485446,0.188946287126694,-0.0270742777650966,237.56376802806,171.055800653813
2014-06-17,0.226365232964357,356.007061767578,0.17073318362236,-1.36108993654861,-1.59302833295406,33.7067638483263,47.0415310644566,0.0372210770322468,0.115855285879372,0.179708127996751,0.0750893009896565,253.296286659026,215.652193942907
2014-06-18,0.225198253492514,356.967143758138,0.152377732098103,-1.37868787516329,-1.59136472832888,33.7151564978119,51.268803618008,0.0386104346109528,0.134661114827611,0.155153348425725,0.0925261546486526,235.905598286106,192.884489339439
2014-06-19,0.222515574594339,357.634766642253,0.112299409012,-1.39515134557746,-1.59090924397447,33.7162349815655,51.1093272087269,0.0464634135272354,0.15030365905414,0.177147326892928,0.0334051474928856,231.507723059354,224.394400639724
2014-06-20,0.217856323222319,358.066683959961,0.109354364375273,-1.39599668643528,-1.58635556742661,33.7136191461319,48.8560055646681,0.0179240311481955,0.04696236464328,0.224111411958597,0.0388847113187824,316.642572986617,278.221858805088
2014-06-21,0.209245928625266,357.295114135742,0.193106624980768,-1.39302560597434,-1.59286770829581,33.7344140791355,56.3657391089246,0.0239356611330146,0.199242268990081,0.215212857420731,0.123003361060431,379.253337442256,280.153649388117
2014-06-22,0.202673133214315,357.571967569987,0.0666176063319047,-1.4097864584143,-1.6124741264752,33.7620010949615,61.3663003139926,0.0443469223520838,0.282413812487253,0.193214289717992,0.129139187416636,362.305165439609,314.158782077207
2014-06-23,0.195631895462672,358.220586140951,0.0359543330967426,-1.4218001952745,-1.61449110328703,33.7644793431562,57.2090137883237,0.0227490056435474,0.109086716625219,0.220162363302775,0.0481641738486469,348.301765160612,359.985467035093
2014-06-24,0.191455239057541,358.673209635417,0.127612300713857,-1.42670151613709,-1.60899318698654,33.7641868447899,53.4481235984573,0.00714318595507609,0.0206632228794595,0.177374495109333,0.0270742776110432,248.165451865109,257.99082280671
2014-06-25,0.189353106419245,358.821324666341,0.129261015852292,-1.45232054658402,-1.59882111253595,33.7624773297991,52.0988841307791,0.0128658674041295,0.152129426203552,0.140350723821194,0.0093092926658858,179.616926677948,183.511168389715
2014-06-26,0.187290875613689,359.186033121745,0.139461630582809,-1.46445544008026,-1.59994088707114,33.7604466631897,49.9614410758915,0.010560700437953,0.128056962355885,0.183101878676535,0.0390361566936835,254.924010699274,283.401463025864
2014-06-27,0.187248708804448,359.467109171549,0.252630339066188,-1.47908780225238,-1.60530686781819,33.7696824324758,57.0070867144076,0.0275618854517999,0.323329840219559,0.135208469696511,0.0485106621609819,184.054416581242,186.555991237343
2014-06-28,0.186572181681792,359.438812255859,0.216931596398354,-1.50534289806409,-1.60581857100465,33.7651047814161,53.6787332197777,0.0352259322456469,0.28155619641976,0.183781087244476,0.00588571245228886,240.425002156625,254.3839952572
2014-06-29,0.184705574810505,359.600210571289,0.147922033071518,-1.52755027471628,-1.61740413106474,33.7669921387407,54.9115203663819,0.0262407091386377,0.220860859453977,0.155671934282085,0.0698805026485956,210.680603003776,203.196775622974
2014-06-30,0.18137112557888,359.511776733398,0.0796197937180599,-1.54664889493383,-1.60747873155694,33.7684721839159,55.701445167226,0.0303079776511409,0.267300839045722,0.142663706234075,0.0101514199566572,169.683038192865,180.761900835181
2014-07-01,0.174900008738041,358.874812825521,0.061487969259421,-1.54021660501796,-1.60254758282712,33.7564770978196,47.3191807180419,0.0117222590361843,0.0862106429109269,0.204212426747146,-0.0187241381132289,265.725239131183,243.228008497387
2014-07-02,0.170656954745452,358.735314941406,0.135844863454501,-1.54539052212149,-1.60699227205793,33.7545611302655,45.494953829543,0.00490852269854605,0.0169788254566755,0.198661728503,0.0340407584282689,257.51068003366,252.529469092343
2014-07-03,0.166295018792152,358.512721761068,0.0824861537665129,-1.53305186813039,-1.61410560957471,33.7567180834318,49.4365457520449,0.00297658567669222,0.00810390149520056,0.225692408341438,0.0197819602164559,304.492651506955,254.059456974892
2014-07-04,0.163495643436909,358.573472086589,0.174885237713655,-1.53879577011094,-1.62718726548933,33.7574581060194,50.2861305502124,0.0078797414531245,0.053806082440078,0.184295083011003,0.0720925210814055,256.058387485571,272.195739488517
2014-07-05,0.161816282570362,358.849901326497,0.0810890865822633,-1.55836525044047,-1.62869827146817,33.7580776501419,51.7489537726668,0.00946833889343237,0.10995555061959,0.180855440297969,0.0266360042518691,231.487189712497,272.699747113157
2014-07-06,0.161305951575438,358.998708089193,0.251358236372471,-1.55558416180145,-1.63431436764567,33.7574465758818,51.6703630246614,0.00895032731998236,0.0825089699329626,0.188198239927677,0.0566887049410576,245.580243163141,256.332360883638
2014-07-07,0.163202135264874,359.071673583984,0.220142057538033,-1.57135649910547,-1.63416865848957,33.7637968708698,54.8564498334899,0.0298407347032562,0.29598364852985,0.173303830332326,0.0486345719826177,217.354537369546,249.63238597431
2014-07-08,0.164227965970834,359.187814331055,0.186911030610402,-1.58178143931511,-1.64009337586568,33.7809605419188,58.0993282310945,0.0914435220070015,0.446869569053327,0.0668424193544271,0.0938868671095461,131.990161016914,74.9822473827798
2014-07-09,0.163694826761882,359.434719848633,0.0852260238180558,-1.60170337221676,-1.64541805686807,33.7919864654541,58.8272981894644,0.139453956031037,0.459140074712441,0.147133634852848,0.0826913929803479,210.071283388367,238.165743391528
2014-07-10,0.162887145082156,359.551017252604,0.194714070359866,-1.61478273043955,-1.65207591003045,33.8006086564602,59.5369108099686,0.136225561996488,0.434254869314513,0.148028538793437,0.143319968232199,276.770990716943,232.824577156757
2014-07-11,0.164964130024115,360.007087198893,0.209153078496456,-1.62494332942748,-1.64975374802611,33.8151911828751,60.8735298500921,0.165982687012538,0.456260319939233,0.143182291544246,0.0765716286194056,206.491881412279,225.229820387155
2014-07-12,0.164237956206004,360.345825195312,0.0747229343901078,-1.65438703486794,-1.64567275916723,33.8064429347676,53.7659293368347,0.147154860429578,0.416199040816243,0.213445996473494,0.0144010650876321,287.436504558601,253.284808588471
2014-07-13,0.160091228783131,360.513971964518,0.0911617840329806,-1.66560499963904,-1.64260599532522,33.7954401145304,47.4987350872585,0.0962109067105465,0.265458814551905,0.235398671148639,0.0431481243524336,341.94433565535,233.017895263834
2014-07-14,0.159846226374308,361.017217000326,0.250810152292252,-1.66841637595256,-1.64164454551568,33.7946655302119,51.2699509168926,0.0528010373516708,0.182379645246424,0.196894868213991,0.0609337607664721,276.033171832776,224.605690649421
2014-07-15,0.163604465126991,361.70178120931,0.305869352817535,-1.67313045352921,-1.63251653067151,33.8057257429998,58.6552010693945,0.0515953549499014,0.339303297655923,0.170894474617409,0.0965119179170159,256.446009215952,238.563431516845
2014-07-16,0.166263983150323,362.14392191569,0.233721312383811,-1.67054211331489,-1.62871892604613,33.8272782089119,63.3976169994899,0.0913748264564831,0.449726376766549,0.159352511251555,0.0816909367764803,233.040197957984,251.785199812695
2014-07-17,0.166846151153247,362.214194742839,0.226602592567603,-1.68138559599568,-1.62729855184268,33.8367149811938,64.3384133102302,0.097498319812007,0.455460070443333,0.150160245233236,0.0882214384251519,220.603819511367,223.835149101387
2014-07-18,0.167674387494723,362.166540527344,0.224446111917496,-1.68526258728558,-1.61900233460548,33.8480391394823,64.9459152831171,0.119952227030986,0.469566275862823,0.130564149343094,0.0250182939147143,154.778585916568,177.4712823115
2014-07-19,0.166607380410035,361.947127278646,0.131364245216052,-1.70856588092962,-1.61646447952529,33.8416027413275,56.6141323146963,0.110270774762209,0.451157648872612,0.141440670923295,-0.00301743157320005,155.260493932234,165.912089805946
2014-07-20,0.166707209746043,361.706908162435,0.255178922911485,-1.72397749585317,-1.60441770410179,33.8399907879363,56.7093593303422,0.0897155261171379,0.440022982712975,0.125697250344924,0.0428268768845644,140.349894115347,149.848499802001
2014-07-21,0.168782154222329,361.442196655273,0.216568347314994,-1.72125974812902,-1.59383030224563,33.8419984659754,59.3315419182742,0.0737838028558999,0.442154115304015,0.124221807065651,0.0304840900620123,128.29203270576,148.185953610358
2014-07-22,0.168485060830911,361.12184753418,0.214014164110025,-1.72344330916727,-1.5996173449925,33.8429449411263,60.6228420393808,0.0638181042745429,0.450162355865079,0.129019866872551,0.0101583038589784,125.145796733335,141.937541608502
2014-07-23,0.169526422520479,360.787220255534,0.294302405416966,-1.73049239870301,-1.59975043409749,33.842325325299,60.2419344213672,0.0497897721378875,0.445312093187096,0.14503864256343,0.0232812628654161,144.200671549079,126.741139446346
2014-07-24,0.171957726279895,360.530244954427,0.300052316486836,-1.72879346151997,-1.6051290353438,33.8496853104211,62.6094133656724,0.0564618238871147,0.473590474939884,0.0636505968868732,0.0473128680587935,66.1100678805159,44.9222392301158
2014-07-25,0.173701955378056,359.964979044596,0.346744059026241,-1.7238618588089,-1.61482038399331,33.8644164953017,65.8695015477059,0.0973507467783371,0.489549590792871,0.0836207157182962,0.0593275234271261,90.922567989076,79.0392244956535
2014-07-26,0.176975227395693,359.499606323242,0.432307564715544,-1.72178016434935,-1.61621321726562,33.874839696669,67.1137617333491,0.117044363909618,0.492148251573842,0.133643535981165,0.0798368796958287,161.152862781473,147.137870440336
2014-07-27,0.179001554350058,358.989756266276,0.371774189670881,-1.71588756849891,-1.61962418090132,33.887110086312,68.780806692023,0.121405011529621,0.482591141491456,0.124618776492718,0.114563731070524,190.059511002007,144.476955016696
2014-07-28,0.180928053458532,359.094567871094,0.325245123604933,-1.71823909945954,-1.61433277811323,33.8929900979637,69.4152703823003,0.104384632184191,0.472167807190042,0.164981225771563,0.0730493798067695,208.293691911889,174.909774284207
2014-07-29,0.183569673200448,359.36186726888,0.356776964664459,-1.73013994747535,-1.60388649227028,33.892422210005,68.2398490224566,0.0708944402263969,0.449442418222141,0.166550749184606,0.00952269279755148,184.814240160421,163.864275672048
2014-07-30,0.185725476841132,359.747866821289,0.266200851400693,-1.74140196366418,-1.60018985253528,33.8896974405848,64.0475694003858,0.0464490853517869,0.330586590065404,0.164214821602393,0.0486070366954445,192.011150265278,172.991764537352
2014-07-31,0.185468107461929,360.117384847005,0.20246764694651,-1.74688978795718,-1.60931557730625,33.8889287647448,59.290812201966,0.0455275065671737,0.299244883855371,0.0912641107167741,-0.00175079875590658,86.6354286742333,81.0773753520049
2014-08-01,0.181564842164516,359.956717936198,0.160640984525283,-1.75267775076673,-1.62078411014457,33.884580454432,55.4209274456913,0.0426760052708923,0.333750305235162,0.0876408986943333,-0.0128912019606372,77.7442574617551,68.7200343178793
2014-08-02,0.184191358586152,360.237164306641,0.54119751850764,-1.7641022263613,-1.6331922958668,33.882578398052,53.1911256582217,0.0389998728563463,0.34123938583902,0.143147871584484,0.0473266358914456,147.515282645793,141.070360155033
2014-08-03,0.190981031457583,360.473118082682,0.491751807928085,-1.75929177614083,-1.64551901772506,33.8894163863103,59.4021015059679,0.0436751707597055,0.404266992457827,0.0760209185204336,0.012491937264576,59.9295175346898,59.2666518604187
2014-08-04,0.188968442380428,359.465564982096,0.42256281375885,-1.74397377591384,-1.65183727185529,33.9091962369761,67.3306041767723,0.116563639750606,0.479874877889354,0.0530058323524724,-0.00286828099112762,41.2931619534936,30.8540098779239
2014-08-05,0.187565672397614,358.453514607747,0.345839483042558,-1.73604080282656,-1.65355364630993,33.9256773353519,70.7668046341803,0.194347116900118,0.489982698981027,0.111181454396898,-0.0405574928885116,96.6264136210938,86.0678198151849
2014-08-06,0.184635049104691,357.705680338542,0.181306652228038,-1.74236845656445,-1.64637262301337,33.9268303777938,69.9889270165809,0.223126874718451,0.490900550345729,0.163274025894645,-0.0376777388295509,164.249286299912,116.271431985199
2014-08-07,0.182807185252508,357.557513427734,0.263150231540203,-1.75898063003569,-1.62978707309952,33.9197399598315,64.3711119630283,0.204007344278402,0.484601805868902,0.166105592231217,-0.00365763194018737,165.802602112727,130.981788193908
2014-08-08,0.184544173379739,357.836585489909,0.333239606022835,-1.77049596820559,-1.62328525100436,33.9127643126294,56.2211779221556,0.165765988111804,0.435772189940501,0.1667457925842,-0.0177581011828847,169.129881494312,139.80962045641
2014-08-09,0.184821490446726,357.357326253255,0.406495670477549,-1.7619241695655,-1.62392086238789,33.9024556669077,53.6225151979834,0.102440798240259,0.29732026811339,0.18075677175495,-0.0288709689323839,195.397071821498,142.817156240796
2014-08-10,0.190559310217698,357.148733520508,0.584360599517822,-1.75911279370014,-1.63557067804767,33.9070335044,58.4945774150074,0.0836438054877116,0.37467493643438,0.0848460455418081,0.0369824676081202,69.6021873250679,54.0842632255848
2014-08-11,0.1991346458594,357.236868286133,0.478637799620628,-1.75319266319275,-1.62723774703822,33.9191719141222,65.3228075163705,0.104717639442953,0.451229356621441,0.0728864611399577,0.0230931036762501,52.5978109315103,44.18485601135
2014-08-12,0.202272099256516,357.149831136068,0.341073667009672,-1.75546158704543,-1.61708747354665,33.9241799519474,66.5997662185726,0.123205718129201,0.465748594443601,0.0958327088729107,-0.0344514963602213,75.9930815546789,62.7519401938995
2014-08-13,0.208046032488346,357.320368448893,0.626307208339373,-1.7695597620835,-1.60968960183007,33.9221893253183,61.8487454643823,0.126664004659742,0.467285993291919,0.105412767457783,0.0133868409250688,78.0988604527233,65.4197744965173
2014-08-14,0.219798786441485,357.616907755534,0.829625242948532,-1.76125780845943,-1.59102856843991,33.9283332968117,66.4202115589515,0.132611671770762,0.469029908341573,0.0792356878098913,-0.00835472881737956,55.3870189683816,44.4361777525464
2014-08-15,0.223912620047728,357.1470703125,0.684038760264715,-1.7552936216046,-1.58461967670828,33.9264287590084,62.6403907869095,0.138863807362049,0.457889505122837,0.146924823844679,-0.0438846987637138,144.581184872802,73.2865460813128
2014-08-16,0.234664227068424,357.40954691569,1.20139738519986,-1.76100448423758,-1.59963226228728,33.9198088108149,53.5318774675068,0.103572478486379,0.387734220510251,0.169944499444245,0.0261587223556257,174.386243784806,126.036891262235
2014-08-17,0.253835781415304,358.075724283854,1.22379480799039,-1.76001045130249,-1.61372470317927,33.9259182636003,59.6120597222694,0.0831438640685738,0.366807242869435,0.142583393778904,0.0472922163938445,142.127350357333,114.005438342155
2014-08-18,0.267279917995135,358.274033610026,0.853033244609833,-1.74277047420803,-1.62526551359578,33.9412233309638,66.9537119793713,0.102395048841162,0.429972525377919,0.102663806842682,0.0707341032872971,111.433238131954,81.9956498030635
2014-08-19,0.271299225091934,358.220561726888,0.667115659515063,-1.73120281481205,-1.63477903245983,33.9548647170676,69.5839254802331,0.138691137037135,0.450827796096192,0.14448334336897,0.088836397905659,175.455334498486,119.886527267792
2014-08-20,0.265102898081144,356.903945922852,0.727670999368032,-1.69620795088603,-1.63639674330116,33.9761586440237,73.012668978899,0.200080667951501,0.463066751795604,0.123549481587751,0.119749582995822,189.013159337371,113.335722911552
2014-08-21,0.267413887381554,356.224261474609,0.751120521624883,-1.68300468200131,-1.62730429360741,33.9936725788547,74.7210173965397,0.241563898231134,0.479849063812342,0.0614867653501661,0.0481113974509159,70.9201097662703,41.5142661179632
2014-08-22,0.270021817584833,356.138661702474,0.458229665458202,-1.68726166432961,-1.62455647466774,34.0011190113268,74.5219585124711,0.257653806638673,0.486655494772402,0.137452612974142,0.0367805404882682,136.805035568013,89.6124913311646
2014-08-23,0.272570489843686,356.336701456706,0.813305323322614,-1.68054025177669,-1.63458743041619,34.0041191129756,74.8736099085413,0.269991718222128,0.481377857436139,0.116709205511033,0.103969448071001,163.381008899827,98.3505972576563
2014-08-24,0.28011137098074,356.883059692383,0.848938751220703,-1.68027315753743,-1.63563492378794,34.0060293154609,74.714133510016,0.258372454461116,0.466620552738694,0.152801358148007,0.0935656198097351,204.772988350552,145.07900844065
2014-08-25,0.289800942937533,357.325510660807,0.878584233919779,-1.69145256863501,-1.62147708943016,34.002294640792,70.1707762632155,0.239325060896905,0.442704825136895,0.164288249398981,0.0506561364054232,198.45570016367,157.048333661674
2014-08-26,0.304252518216769,357.503604125977,1.34256737232208,-1.69467697399003,-1.60764164987363,34.002340517546,70.6767410801766,0.216292048449089,0.411876542423677,0.165118903930026,0.0893320366600178,224.729388687229,156.428313931202
2014-08-27,0.320016844073931,357.408918253581,1.02167819241683,-1.68550765536782,-1.60415726272683,34.0115650578549,75.5642921440583,0.180437961862864,0.458170595641871,0.0806835961241023,0.034531808101145,90.4146375353455,51.0325607053947
2014-08-28,0.330577391386032,356.652235921224,1.18938125570615,-1.68320844182395,-1.60127291777976,34.0219199101728,78.7515261262879,0.185458887760576,0.485284454952505,0.0653348513703821,0.0103372846330915,65.2910143332817,33.5825931740047
2014-08-29,0.342177564899127,355.930871582031,1.22873721023401,-1.68053750391293,-1.59871440946608,34.0311442066852,80.7742382888507,0.194748676704117,0.490137587028338,0.103531174879885,0.0393344578438235,101.458024021218,76.240206780141
2014-08-30,0.354821801185608,355.569174194336,1.43667497932911,-1.67180599081785,-1.60120751714348,34.03929574149,82.7929344858442,0.19763660557302,0.483569224974267,0.154253855361638,0.0733889840767348,191.733913762642,142.263410911558
2014-08-31,0.369693861405055,355.504639689128,1.62807386914889,-1.66556093970636,-1.60937753207701,34.0444357305541,84.166267430872,0.212106509292603,0.474109633748693,0.162266684934161,0.0625813013516871,205.607209063682,178.327430344537
2014-09-01,0.386651941140493,355.357530721029,1.71017853220304,-1.72448966019136,-1.61494773267803,34.0133780572647,51.0284416980313,0.201838923687346,0.45428120644581,0.155534256613792,0.0138159358411803,185.675873327095,178.179665061665
2014-09-02,0.400205379724503,355.501794433594,1.29570608933767,-1.71786737128308,-1.60775867619909,34.0031036577727,14.5123550192754,0.186919273654545,0.422414606255024,0.184327207659756,-0.0387883371904604,246.666118935926,219.1222511315
2014-09-03,0.420662326614062,356.0130859375,3.07552125255267,-1.75536521126453,-1.60520705558304,33.9748912180277,15.7577627368439,0.180358223849908,0.371525564808679,0.1804125781094,0.0476501780401047,255.283241775819,218.37107473817
2014-09-04,0.455071927110354,356.31645304362,2.97027236620585,-1.80430130313214,-1.60979171220521,33.9447629397973,11.4065799247053,0.166885286261205,0.32991372450905,0.142817445617533,0.0125034105424818,201.584154972352,158.248297414529
2014-09-05,0.491506583491961,356.685018920898,3.36808156172434,-1.80087863592277,-1.61574282233876,33.9369095967228,11.3394621655457,0.169943517044771,0.320246876104205,0.180082151750313,0.0358282712645325,270.719377390042,212.658443343472
2014-09-06,0.526040410002073,357.532158406576,4.32903524637222,-1.7646309020824,-1.61541583842801,33.9588863401485,14.1199741686197,0.193264021194137,0.32234403384314,0.19681685000546,0.0661081398760242,315.568453956662,221.524945673018
2014-09-07,0.567464456955592,358.556127929687,4.42127780914307,-1.76717794389653,-1.61157119677479,33.9541594139615,18.7757681186934,0.233913379949091,0.344669248697279,0.177803589857386,0.0400618540361187,262.539024394309,197.905312555421
2014-09-08,0.621115815639496,358.958953857422,5.43493916193644,-1.8117937051264,-1.6054973261697,33.9169464684967,14.9770163019797,0.224954518399101,0.329171129502356,0.147321794658227,0.0236392243156084,196.64875539983,146.60761913462
2014-09-09,0.671958516041438,358.848187255859,4.40258684158325,-1.76327616065965,-1.60971025551172,33.9424052274317,17.3617054358461,0.189181217385175,0.300184088769668,0.139313554083158,-0.0271293486335448,180.864850749606,158.753686795649
2014-09-10,0.726429828008016,358.872469075521,5.10550529559453,-1.77062813814421,-1.62056038881603,33.935492723508,18.1906388684323,0.167848478352729,0.287379740229384,0.143668752163649,0.0108994676318384,181.796069734345,164.438699073688
2014-09-11,0.794191706180573,359.036692301432,6.57694526513418,-1.77794156710904,-1.62931437913637,33.9302666742999,17.0031704364863,0.158554413123932,0.278051156578656,0.132404438339006,0.0183776498289037,173.073552527283,176.641395674906
2014-09-12,0.800388031204541,358.103277587891,6.39492994944255,-1.75816282517928,-1.62787450390651,33.9455258935914,26.7765513542003,0.165373894091892,0.374310664328417,0.135323201131104,-0.035933823835917,188.554009535815,201.300837284884
2014-09-13,0.808382016420364,357.521425374349,6.44390736420949,-1.76360658640252,-1.61721941582242,33.9521514491031,33.0253886387761,0.17468361718286,0.399451148129047,0.111429272975801,-0.0102753296662542,144.359334235444,150.454699607872
2014-09-14,0.84220608373483,357.540193684896,4.80942645470301,-1.77754781075886,-1.60162055268324,33.9380223840699,26.7977766022646,0.163214221985352,0.361274328783042,0.162936715451174,-0.0200274848428212,210.270121600688,220.311192453857
2014-09-15,0.898077987631162,358.183043416341,8.25322674115499,-1.79856290001618,-1.59806273709562,33.9197630201067,21.9389085267719,0.148764682744623,0.298484789977845,0.17869160939148,0.0100825812415521,234.567612523995,253.541668547788
2014-09-16,0.946168713768323,358.671212768555,6.46995654900869,-1.77858589690431,-1.59888077140751,33.9096207582861,21.7260820811852,0.109962004578245,0.174595130607486,0.202447859402326,-0.0129783975338577,286.491951413537,297.540098395591
2014-09-17,0.987525848547618,359.162955729167,5.33803164958954,-1.78338533057306,-1.60713224348269,33.9051117000723,24.0212805862714,0.0922163802486165,0.25154824008731,0.1469156450655,0.000346488508402853,203.5789579656,223.25103927929
2014-09-18,1.02328722278277,359.643982950846,6.66610506375631,-1.80449955714376,-1.61383369632233,33.9074924583722,26.9647106514838,0.128258195135014,0.314693445998027,0.0847198407172709,0.0445203100492183,146.139613890855,86.9419016569021
2014-09-19,1.05039681196213,359.907879638672,7.451566974322,-1.78176074189351,-1.61172952508568,33.9308518001011,39.644807729506,0.196798636977162,0.368232777468244,0.099256288960464,0.0617667094321179,165.331093012106,85.9973894579827
2014-09-20,1.08265181779861,360.150597127279,8.36748113632202,-1.79299522297723,-1.6027288593744,33.9382346303839,39.8673864629932,0.25625738430124,0.379212557821345,0.0962939282837219,0.0572761286302169,152.096625534917,76.836747808944
2014-09-21,1.12872659067313,360.411144002279,7.70296029249827,-1.78987820524918,-1.59536770322269,33.9402080048296,37.5899712304424,0.283129876731594,0.371241604363112,0.147610916777101,0.00262734541823541,194.203505555171,160.877445316905
2014-09-22,1.0751194636027,359.158603922526,4.10595866441727,-1.78192319995479,-1.59463571336933,33.9328938390976,45.3371983936855,0.272659506186619,0.345521729467507,0.173872898115699,-0.0620214129216913,261.233294422588,226.415994589427
2014-09-23,1.03723250627518,358.347232055664,4.13200938304265,-1.78192320309187,-1.60422839526843,33.9011418909059,36.0095482517902,0.203577384477221,0.232591260599998,0.193849900863448,-0.0161243283602976,279.416606859014,218.165330245123
2014-09-24,1.10043014883995,358.840582275391,8.9823344707489,-1.7988134721168,-1.60703013355571,33.8782186149655,22.241798906398,0.157040964316619,0.176072295215961,0.167275851368344,0.0362596605113126,238.442215029968,189.649122617934
2014-09-25,1.22038101156553,360.591349283854,12.2659000555674,-1.79851058327166,-1.60246268743859,33.8799510468218,24.0579945234428,0.140665230780658,0.18688858252831,0.137429666600393,0.0791897955665687,212.192664214557,145.458737288286
2014-09-26,1.22706408898036,360.641320800781,8.5994971593221,-1.77596176566934,-1.61002920355116,33.9165042934561,47.432764591131,0.197052908844237,0.376717153572498,0.059196729437077,0.0800915828492857,135.373406751483,86.9391407060126
2014-09-27,1.17668735782305,359.854518636068,5.1461437702179,-1.74601691109794,-1.61272424190564,33.9497191493673,59.389480823861,0.264454214938713,0.424519924180848,0.04378144032693,0.119715163456206,158.643970931907,111.153959138028
2014-09-28,1.15897329449654,359.657763671875,5.16766159534454,-1.7189522708269,-1.61332198730985,33.9760902662923,67.3237203476124,0.30182533393635,0.438261858502725,0.0242794244585181,0.0974205890740443,121.596575512241,76.1228415725623
2014-09-29,1.20542055765788,360.385661824544,7.65123442808787,-1.71657320476116,-1.62293417650954,33.9886475039604,58.5611215677476,0.334914969868566,0.422494917323715,0.0366313896260988,0.0966610682049864,111.534638606502,70.8065141194774
2014-09-30,1.29788049459457,362.057074991862,10.7337994416555,-1.72241072950507,-1.63723427908761,33.9907815259202,56.3491031567853,0.326769195908428,0.377703841894697,0.0817460075749042,0.0728382740617919,108.645829442724,82.6322334353097
2014-10-01,1.3966112335523,363.993108113607,9.81776172717412,-1.71824736299371,-1.64345730202539,33.9945217218614,64.6189312755613,0.286972228140934,0.339905634564453,0.111091963680727,0.0817069989818155,140.167098474415,121.869454285614
2014-10-02,1.39935774604479,364.441330973307,4.68654614885648,-1.70462830712024,-1.6440768474923,33.994286515659,61.5429865112878,0.195102478601599,0.240688928444975,0.152672859412947,0.0772921408533602,191.251208526437,155.483791618848
2014-10-03,1.22833869457245,362.115784708659,2.85334686040878,-1.64128564936774,-1.64190039912561,33.9985717400572,63.2346989122548,0.155628763779532,0.177438866232568,0.20367089478313,0.0888226302970845,293.793924869181,194.638156686758
2014-10-04,1.1509065469106,361.324018351237,2.00365398824215,-1.60848536728916,-1.63656425296812,34.0041993650279,61.5211877715319,0.114472519840058,0.146861722160663,0.131323670002079,0.0514546658115504,146.191182950226,137.930275989573
2014-10-05,1.11262413462003,360.956177775065,2.31569661299388,-1.61603009095766,-1.62648280984477,33.9890662745426,42.5148100100066,0.135421349359928,0.155796991092329,0.155105161431589,0.0228338111051939,163.754289335493,160.87193897296
2014-10-06,1.135672412316,360.932537841797,5.30133547782898,-1.58963731581107,-1.63064985257342,33.9855153650269,44.6476639840836,0.117776834597481,0.139991355631801,0.194930668836249,0.0516061111164272,239.086756441413,188.317985144225
2014-10-07,1.2375002861023,361.658538818359,7.43995784918467,-1.56567592526737,-1.64583108658181,33.9868117167537,50.89650098184,0.023645027626497,0.036697637371209,0.142574215657953,0.055878702313044,153.993643209546,135.740225958524
2014-10-08,1.37633868455887,362.951648966471,7.94418552716573,-1.55951072622959,-1.65873720592126,33.9924794964324,56.3072263280252,0.016485444733985,0.113451985089122,0.150887640319148,0.0751994428525966,179.040975626857,145.777726632233
2014-10-09,1.46595388054848,364.057887776693,7.20793890953064,-1.5292437112421,-1.66410892305518,34.0010613893208,61.9319259708089,0.00645640488048166,0.0107115952526791,0.185086729117018,0.094063553510976,258.223180956194,186.288107397934
2014-10-10,1.55864939490954,365.027159627279,10.2289627790451,-1.49660037670817,-1.66272640990135,34.013171360905,66.8906104403331,0.00992023652853598,0.076766671665377,0.151064327112714,0.0744835200782557,194.988553089828,183.148002044829
2014-10-11,1.6915970146656,366.004431152344,12.8006521542867,-1.50733371291842,-1.66135651903941,34.0015146642699,41.1833537108916,0.0100901821502169,0.103886268192664,0.114104806438537,0.0485221352988392,127.139194836438,124.044322963588
2014-10-12,1.77350048820178,366.38745320638,10.9526719252268,-1.48281060058371,-1.66146092352114,34.0142211914062,62.6317861743439,0.00743802620318571,0.0838857450928623,0.179776966753871,0.0290728959962165,208.166528315454,186.48558051706
2014-10-13,1.84159797032674,366.729090372721,13.15841477712,-1.46378907919826,-1.66686706076887,34.0150071481117,60.7983809700586,0.00363941829655095,0.0251490874285985,0.143914276313849,0.0604266486501783,169.991743654934,150.686680685734
2014-10-14,1.92735127210617,367.398111979167,14.2952712059021,-1.4857403772666,-1.66522066978584,34.0147318015421,47.4958668328766,0.0188897813414749,0.202081866821456,0.0837400362203668,0.0837400363604153,124.331827171477,74.8041181295759
2014-10-15,1.96044793526332,367.721139526367,7.92536512215932,-1.50272978046783,-1.65266677849275,34.016613365116,45.8999549894405,0.00812670045105138,0.0939734890825934,0.154572808694907,0.035309686038391,174.960528101546,165.351455078391
2014-10-16,1.97512771685918,367.96113688151,10.1614624261856,-1.43232151350581,-1.64386459848935,34.0204338991552,47.8262927478417,0.00256791458066021,0.0151938580774835,0.136156150062842,0.0556423560597171,166.10877457296,144.775213529822
2014-10-17,2.06777022679647,368.795078531901,16.6794231414795,-1.44492450580561,-1.63685451862507,34.0149440191742,33.7590949589149,0.000497560698672065,0.00134063450885671,0.150389707766305,0.0667781702529891,200.822448262272,177.131607074095
2014-10-18,2.07470759153366,368.815117390951,18.5527714888255,-1.45920166350845,-1.63912505090685,34.0276676550844,58.8571281074581,0.00515286676337088,0.0515630867549295,0.113687184352176,0.0837675719136806,175.190389121164,112.619048931424
2014-10-19,2.16460208098094,369.509979248047,19.9587116559347,-1.45254083101014,-1.64261746944341,33.9981245456782,34.4687077694369,0.00744577055565901,0.0930499026334767,0.137757797928569,0.0296396682585092,174.790546420595,168.345166336564
2014-10-20,2.24951625665029,370.16496887207,14.7454148610433,-1.39933673981437,-1.64671796649919,34.0113070638556,23.6306207592326,0.00147347178426571,0.00534073903691024,0.17007988307597,0.00266635398331441,221.998970386506,225.514291996045
2014-10-21,2.15370198090871,369.098779296875,7.87219817638397,-1.39508801721092,-1.64292380012068,34.0087083085139,32.0008386382483,NA,NA,0.203767268365263,-0.0145433318794222,285.063390021844,278.127911972538
2014-10-22,2.15676010052363,368.894165039062,15.6574813206991,-1.39306139923576,-1.64181664698106,34.0136187273757,41.5304158468892,0.00029910350744815,0.000265378343022388,0.186860472958227,0.0617277011751456,273.834686030921,249.390786758532
2014-10-23,2.17427529493968,368.594705200195,14.9193454106649,-1.38918990793085,-1.64251191409907,34.0228086772718,51.142025861525,NA,NA,0.210545590105362,0.0771223385083048,337.235329445114,279.137345875481
2014-10-24,2.10592999855677,367.381072998047,9.9564190864563,-1.4121627749357,-1.65092401128066,34.0423072585486,65.0193429495159,0.00239271998030827,0.016286099333092,0.153606771596504,0.0824711087923077,261.758031162644,180.324154009204
2014-10-25,1.86942183375359,363.769984944661,9.30625439484914,-1.38622708988369,-1.65869590528029,34.0665387892185,71.4792859894889,0.00356125764118129,0.026462759987164,0.161465861533481,0.129391595903308,323.343701868748,208.669130951019
2014-10-26,1.78236124714216,361.968547566732,7.7460986773173,-1.36022807377622,-1.65250729752662,34.0804327054131,74.9533481920572,0.000944004741386842,0.00295486415625881,0.210440037898103,0.0924435481289052,387.484378963708,257.816806948769
2014-10-27,1.75708091656367,361.628138224284,4.8521488626798,-1.36899262263363,-1.64339075590435,34.0831518244923,71.0306870417487,0.00191932813613676,0.00832583084702492,0.167753133152549,0.0273702841644224,265.598927280989,135.092605012174
2014-10-28,1.79836506446203,362.18073425293,9.52114992141724,-1.37291368147484,-1.64095042298611,34.0787289698321,65.034832291137,NA,NA,0.193269360474402,0.0408351422196492,304.49396093759,170.921861161333
2014-10-29,1.90873433550199,363.278989664714,11.5257987737656,-1.36674021823066,-1.64109269255086,34.0813103152397,70.4054017712299,0.000942065005616869,0.00386977286109606,0.137597175146964,0.0735817325714612,230.225467986375,84.9700393943043
2014-10-30,1.98722510139147,364.174004109701,11.5977764209112,-1.40809853879133,-1.64085978359208,34.0779889185626,72.0489264502561,0.0030983171042377,0.0305730067648666,0.0510967039132029,0.0763513447534769,141.832376345469,56.8736095896588
2014-10-31,2.02665987610817,364.678595987956,12.6827854712804,-1.44033434045942,-1.64113972957869,34.0735201584665,64.0274916232977,0.0106953894474397,0.133931511256816,0.0996624371667105,0.0809405942244413,179.084855904954,52.9919998857459
2014-11-01,2.0015468498071,364.566933186849,9.09245526790619,-1.41742205821482,-1.64947036513709,34.0834156552652,75.2424707663687,0.00152842698954656,0.00396490471101687,0.148762818173806,0.116580706327817,271.021991644043,128.885632793229
2014-11-02,1.98763371904691,364.682448323568,9.8959815343221,-1.36782236565325,-1.65181776813995,34.0945676215609,77.7843418013781,NA,NA,0.18167003253965,0.0934761292896324,295.924920914406,185.559016336197
2014-11-03,2.00846589008967,364.981011962891,11.6881071726481,-1.32244661540017,-1.64926843580447,34.1031494570854,78.4669925610822,NA,NA,0.205715405369612,0.068827270131026,316.50800680652,242.856546068087
2014-11-04,2.04410300850868,365.356536865234,12.3258332570394,-1.30248062839185,-1.65706787118338,34.1131597533262,79.5626754366366,0.000695280557979019,0.00215762580234197,0.159772427472517,0.0868790828503836,247.831944820431,183.411773550884
2014-11-05,2.08468599716822,365.882942708333,12.9247562408447,-1.29341869896516,-1.65406765166978,34.122074256266,80.3141655204888,0.00190195710664349,0.0130277321274791,0.113207607607084,0.0760323919103782,171.160527170897,98.3119358544542
2014-11-06,2.13613368670146,366.732427978516,15.4445199012756,-1.21709305249659,-1.64474228898385,34.1219422763452,71.8693719770675,NA,NA,0.0994949301326633,0.00825835466104791,124.670450661011,63.3029083064736
2014-11-07,2.12395573457082,367.204993693034,10.8669554233551,-1.20107565428081,-1.64390589957847,34.1146682509802,63.3987643127155,NA,NA,0.0272257230839783,-0.00160164807580019,73.2874944736185,31.2544519927161
2014-11-08,2.09268489281336,367.648530069987,14.3979614893595,-1.19459930286372,-1.65029757497902,34.1081456779537,61.5682271835499,NA,NA,0.0339512679221711,0.0430586337623067,80.3121675247677,34.5091503934534
2014-11-09,2.1022488673528,368.833602905273,16.4765522638957,-1.16671686020113,-1.65134622279863,34.1059657935809,62.4195329372148,NA,NA,0.0514477820632825,0.05814579181037,94.8239419024188,48.610522331666
2014-11-10,2.05464832385381,369.602206420898,13.0576897621155,-1.15360996104721,-1.64849973890118,34.097584645551,60.4931955516787,NA,NA,0.0923402900702523,-0.0228154542050639,106.207401152581,83.2329114405359
2014-11-11,2.00240960518519,370.520431518555,19.1397720654805,-1.09751739918737,-1.64657913742209,34.0853026970885,53.1641637077905,NA,NA,0.13586932191051,0.00966266500658559,145.629820665978,102.616091478628
2014-11-12,1.95595923264821,371.896808878581,20.4155243237813,-1.01196460997252,-1.64812342295969,34.076938801242,49.4101574295445,NA,NA,0.143310790335325,0.0129370943300034,161.611171600269,115.089429852969
2014-11-13,1.89012264808019,373.177005004883,20.4039803504944,-0.936371410475638,-1.64926155393285,34.0691829480623,45.7267109612773,NA,NA,0.124999684022557,0.0285818461692871,154.793851401244,96.0845923549883
2014-11-14,1.81990847190221,374.404196166992,20.7739844957987,-0.881958517925184,-1.64280906610919,34.0640200421326,50.7932428811726,NA,NA,0.0852636673340672,0.0479966665345027,125.140370706696,47.782009714774
2014-11-15,1.73978089690208,374.715050252279,18.8590824127197,-0.907635367006288,-1.63730426883339,34.0611575277228,60.7754345657234,0.000537200811792348,0.00127577375559533,0.128537995404655,0.0590934716025017,169.456473170096,94.5766964957571
2014-11-16,1.67703500787417,375.190685017904,18.0127216339111,-0.867824547048798,-1.64119479799629,34.0558856878066,61.7661388476092,NA,NA,0.07027517816514,0.0209522187233643,99.2675598537574,61.8999513699866
2014-11-17,1.5499070763588,374.377124023437,10.7614218393962,-0.836522189522148,-1.63957479080759,34.0381196244319,49.0126138809032,7.62962736189365e-06,0,0.114992825468456,-0.0272991509786002,141.348108327303,108.441949823446
2014-11-18,1.4639089345932,373.797030639648,17.3867345809937,-0.720765714414586,-1.63001653215939,34.0147260651553,22.2555667511503,NA,NA,0.136798644620449,0.0304359029698417,169.069572689698,93.4996261731558
2014-11-19,1.4377001106739,374.50908203125,16.6877037684123,-0.730940082691666,-1.61944405611296,34.0174968547391,31.6262411031508,NA,NA,0.124309001910619,0.0811952977560293,177.387841306096,91.5760808208171
2014-11-20,1.36813324491183,373.49069519043,9.13177947998047,-0.754301196762494,-1.60317057326324,34.0221376347363,52.020293461649,NA,NA,0.205162400575845,0.052289909157986,292.958841483189,194.509760856798
2014-11-21,1.34645240902901,372.318209838867,10.2522169907888,-0.729700983578997,-1.59200607565113,34.0199290397472,55.0945169907763,NA,NA,0.207899887899035,0.075422021511354,315.299341743716,222.077303666532
2014-11-22,1.37087723612785,372.36813659668,12.7657799243927,-0.685388108617381,-1.58281151334146,34.0152652424977,55.256288166333,NA,NA,0.174189555437717,0.0813788673315281,259.569526045352,202.607145517247
2014-11-23,1.378565655152,373.153674316406,15.7178694725037,-0.559578419964116,-1.57545494764371,34.0077732487729,43.6552383379829,NA,NA,0.163847682045254,0.0720053255081849,237.838233257397,185.873836660988
2014-11-24,1.31022604902585,372.768211873372,10.8633364200592,-0.565344355076103,-1.56946253059502,33.983553477696,32.7569175591146,NA,NA,0.145699494651386,-0.00584670380318075,182.074830994791,149.468775454843
2014-11-25,1.22513013482094,371.742504882813,12.5894302209218,-0.53967576221864,-1.56947056825896,33.9568497363786,24.3895678914579,NA,NA,0.14067197113501,0.00479117646477276,161.915359825153,139.902152360413
2014-11-26,1.1616703192393,371.480602010091,13.4503897507985,-0.512294465353838,-1.56691550401817,33.9447454868403,34.3568446403159,NA,NA,0.126920285179539,0.0432720337539239,149.967590058182,128.516931179973
2014-11-27,1.11186646024386,371.300860595703,9.57226742108663,-0.479050858632514,-1.56186847399948,33.933570589338,34.0338760784694,NA,NA,0.21295494663256,0.0224345465351764,298.293118378715,282.485947890689
2014-11-28,1.06690289974213,370.709868367513,7.78322100639343,-0.466189027616852,-1.56341046184525,33.9193841174133,30.1559602156618,NA,NA,0.258349507724992,0.0174850408492008,410.026530535236,361.095699546922
2014-11-29,1.07217602729797,370.551052856445,12.8453169504801,-0.413243774380675,-1.56517961912585,33.9172615682272,28.6753534876314,NA,NA,0.241541382401509,0.0648438014874333,409.70846506297,398.849897486236
2014-11-30,1.07009322245916,370.732047526042,11.4623443603516,-0.306306916912247,-1.55873745724671,33.9056281182999,18.7860938803594,NA,NA,0.186546110288989,0.0470214507549553,295.966672640003,270.823172025073
2014-12-01,1.0327921807766,370.645172119141,13.3037663141886,-0.282381323383267,-1.56429618731477,33.8956637848589,15.7095754953255,NA,NA,0.156392446081889,0.0282950180869802,234.188317611686,167.642301240537
2014-12-02,1.0069955577453,370.960711669922,14.0291916211446,-0.225674720102907,-1.57470804990682,33.8924397920307,18.6025239040977,NA,NA,0.205976992327356,0.0545202845469453,322.523897505981,242.61766096114
2014-12-03,1.03839147686958,371.180224609375,13.3554662863413,-0.268093154002401,-1.57604811110891,33.9076130228831,32.7442969953207,NA,NA,0.19329460158496,0.121319106198791,358.618604987191,243.117505718964
2014-12-04,1.05834283034007,370.960809326172,10.8812612533569,-0.307914991211846,-1.57805246562886,33.9180820436406,42.6777281151678,NA,NA,0.195293219199866,0.0849561873067142,336.383690324264,262.579399084917
2014-12-05,1.055756264925,370.681934611003,9.40254191557566,-0.274663122524893,-1.5722367355698,33.9136477448886,39.2954510781998,NA,NA,0.223491863676704,0.0402982001774069,362.784287070996,362.754111813028
2014-12-06,1.05360226134459,370.440511067708,11.8773670196533,-0.158956210724169,-1.56616974818079,33.9115825308893,28.6908422090057,NA,NA,0.201451992686082,0.0426065929206018,309.502333135886,316.274261218073
2014-12-07,1.01757742762566,369.760582478841,9.3146164894104,-0.128463400177714,-1.5661961382493,33.8946654527707,23.1607962479269,NA,NA,0.18884073496145,-0.00344652633525823,259.660199992601,276.408750948949
2014-12-08,0.979188600182533,369.201249186198,11.5142452557882,0.0766595323899187,-1.58001666275182,33.8750408143925,11.1283567471612,NA,NA,0.19527486291595,0.0582857638793556,279.993018780179,293.996775919129
2014-12-09,0.995380237698555,369.337922159831,13.8641228675842,0.0247688876899113,-1.5899890997356,33.883714360402,18.9145929616197,NA,NA,0.206507051853757,0.101488958988199,341.413578905736,356.010005784043
2014-12-10,1.02198023398717,368.563106282552,10.5921603361766,-0.0158294493654617,-1.5930134174519,33.8874317685464,29.1945123349814,NA,NA,0.28376018253148,0.0647015347236529,500.493423792566,492.255627410872
2014-12-11,1.02297236820062,367.367329915365,12.3787311712901,-0.115703451202104,-1.59724814685664,33.8981246087784,39.2323488364542,NA,NA,0.261323341259495,0.08151654508385,459.192530083803,460.319033416172
2014-12-12,1.06109452744325,366.972209676107,13.0183140595754,-0.105939363906706,-1.59911711233899,33.9053813819598,44.4285269572323,NA,NA,0.166757265596013,0.123703221097252,317.027539749697,309.951287697817
2014-12-13,1.0950056552887,367.178502400716,13.8049816131592,-0.0380891453950925,-1.59176399519569,33.9081119594717,44.9855470513939,NA,NA,0.153595298584691,0.0977601937361454,276.263670545901,277.784099033914
2014-12-14,1.10798829297225,367.297204589844,11.2934755802155,0.0133581774911486,-1.57765893201183,33.8990081414244,37.7867352765306,NA,NA,0.180582380370426,0.0484487074182222,278.431998059762,284.340427685446
2014-12-15,1.13606879214446,367.042868041992,14.1485194842021,0.0448367579426981,-1.58026448228305,33.8971438013521,36.5132184853231,NA,NA,0.200724596227694,0.0776776377307741,330.330447171714,322.566882398449
2014-12-16,1.16727915108204,367.241611735026,16.2245447635651,0.335256400833228,-1.58214492502069,33.8929561098715,21.4685103660239,NA,NA,0.166493384167552,0.0570581394450781,258.157688581359,246.343217085113
2014-12-17,1.18674366970857,367.776164754232,18.1502348423004,0.401589414230863,-1.59092415858032,33.890850784187,13.5600856049617,NA,NA,0.174451142353447,0.0783361949978914,291.698936031272,305.221842715591
2014-12-18,1.20179842809836,368.492242431641,20.9187101364136,0.6542000643965,-1.59199345649633,33.8891241030585,14.6322492370032,NA,NA,0.151888097811462,0.0718722371454526,252.810136566337,245.419439155582
2014-12-19,1.21483997205893,368.049788411458,21.537740278244,0.556283836638121,-1.59079451399638,33.8842366154033,17.2194388396758,NA,NA,0.0945500137522481,0.0611310984127055,172.845518921169,116.439899764419
2014-12-20,1.2543288876613,366.76913655599,21.333159716924,0.459094547575578,-1.59268299081272,33.8796301533405,27.7942175148125,NA,NA,0.103455452500541,0.0856858782918382,208.209295532663,129.860510833465
2014-12-21,1.26495524744193,366.639248657227,21.9334326585134,0.563569730273763,-1.58880966632886,33.8765208452268,26.2115000423632,NA,NA,0.172128982407818,0.0782076959827341,303.73864718286,317.714517438202
2014-12-22,1.27085813979308,366.557441202799,20.8009850502014,0.701258230030088,-1.58355497193516,33.8713178419529,20.0865725897309,NA,NA,0.175827917691908,0.0303372342867735,283.812171017667,330.005585840946
2014-12-23,1.27280362546444,364.720914713542,17.5655853589376,0.675619928460372,-1.58163781318449,33.8615427805965,23.034018211795,NA,NA,0.229177943045708,0.0430586337202922,398.964390135325,480.512716563416
2014-12-24,1.27547165354093,363.527332560221,21.360422595342,0.771669252698583,-1.59058340734109,33.8670440759874,19.7911396636102,NA,NA,0.166144601076393,0.0703784363918511,283.805363317811,305.152799727825
2014-12-25,1.26222388446331,363.756313069661,20.9470134735107,0.818465829567802,-1.59017381452976,33.861433803587,16.6933960663645,NA,NA,0.174659953529673,0.042760332682191,285.80364802111,319.465451815135
2014-12-26,1.27189801534017,363.597971598307,19.0788483301798,0.876169218380648,-1.58838630708537,33.851509667877,15.7537471369693,NA,NA,0.215283990466505,0.0531733397646506,368.447030531814,412.110308290021
2014-12-27,1.29366382161776,362.858705647786,20.0740725835164,0.73107090995724,-1.59368803492166,33.8636136592779,29.4365952893307,NA,NA,0.185107379563545,0.143085916631652,395.628342917673,402.667981654251
2014-12-28,1.3622767051061,362.262337239583,18.1766137123108,0.677208727575783,-1.59032296865506,33.8711630168714,35.6085626487445,NA,NA,0.181943092425179,0.100470145800172,362.552015710185,326.85858389213
2014-12-29,1.41743555366993,362.700162760417,22.9076857884725,0.760957940740693,-1.58788263663313,33.8710769710684,30.2856065635394,NA,NA,0.165637489408255,0.0897748992687329,325.747508119744,247.284975378836
2014-12-30,1.45175469517708,364.161067708333,26.209619029363,1.05410635269674,-1.58529315227853,33.8665622625136,20.1858150869384,NA,NA,0.170793510525298,0.0585817706568125,313.965354067389,210.421446089944
2014-12-31,1.45661110977332,365.972775268555,28.0998374780019,1.33608086216719,-1.5859780956928,33.8613133251219,11.086479947083,NA,NA,0.167131289727706,0.0543757232284187,311.838315602401,181.535171561063
2015-01-01,1.47586071987947,367.317439778646,30.1999752839406,1.2045878449777,-1.5882015873615,33.8558063793899,14.401065736785,NA,NA,0.1891206787493,0.0790750645801313,377.047570462301,241.575096928558
2015-01-02,1.52464151978493,368.406694539388,32.8194453557332,1.31084732767335,-1.59185922190659,33.8502706513369,15.7457159372201,NA,NA,0.170995437841218,0.0677189663528724,333.49408472877,187.976891438572
2015-01-03,1.62132003406684,368.167461140951,31.6819275856018,1.23462907196884,-1.58551917085074,33.8456183412021,22.5228905211714,NA,NA,0.172808191045783,0.104694549554497,367.111039729211,212.141994128999
2015-01-04,1.67612763543924,367.759004720052,28.4480469703674,1.2786445675936,-1.5786983980272,33.8411667042209,21.0853080857069,NA,NA,0.182620006844513,0.0708212990425807,359.608716221218,249.603437303351
2015-01-05,1.65994819204013,367.525608317057,25.5326388041178,1.41176492782464,-1.57628101020827,33.8300262967447,14.5932406231873,NA,NA,0.156351142794006,0.0502889963161004,298.153389791934,164.750787102322
2015-01-06,1.55537896653016,365.550261433919,22.6529160340627,1.31618370866417,-1.57932483253622,33.8166599703911,13.2549006132255,NA,NA,0.132060245267655,0.00141119420584431,234.531570315238,110.848794421429
2015-01-07,1.40158863564332,362.367520141602,23.8714099566142,1.26194704161551,-1.57596779586677,33.8106886641423,19.5484830454776,NA,NA,0.112000635033823,0.00361173948679203,188.618519795136,76.2167402651618
2015-01-08,1.2491296629111,360.207341512044,22.3121388276418,1.29298505343889,-1.57928353503234,33.8094036130977,22.6731883995515,NA,NA,0.106991468543621,0.0278728070591849,173.933690451901,69.5278364993773
2015-01-09,1.14381492535273,359.755440266927,21.3447460492452,1.41338676527927,-1.5886306825437,33.8079235535815,18.647842769336,NA,NA,0.166094119261418,0.0657800083517804,274.46490191453,207.052145067523
2015-01-10,1.06737368603547,360.194149780273,18.4870925585429,1.69881422851319,-1.59373392780921,33.8047340077565,14.6110239889389,NA,NA,0.1587008382929,0.0510898207951533,267.242510680097,203.859585052372
2015-01-11,0.980463923017184,359.517134602865,16.3006525357564,1.676626120743,-1.59318780899048,33.8012805451128,11.7915035513111,NA,NA,0.114627980382035,0.0260026877591933,206.58542445872,117.251849794282
2015-01-12,0.927571551005046,358.132743326823,16.5810241063436,1.53857966114704,-1.58675483026003,33.800764227272,19.8789090751705,NA,NA,0.102505477327377,0.024754411912054,195.57394837811,99.5491845130183
2015-01-13,0.852581390738487,356.978112792969,13.7342837492625,1.59027205015484,-1.58261990860889,33.800511768886,19.859978360341,NA,NA,0.142939060632336,0.0591462483083395,258.592796924383,154.808551791819
2015-01-14,0.793513984481494,355.99735921224,12.1546434561412,1.59643449415838,-1.57909422395821,33.8008846340323,20.5265668424449,NA,NA,0.158535625533502,0.0633477060530419,286.560636855359,192.745017781177
2015-01-15,0.740124267339706,354.148624674479,10.9082712650299,1.62884377133577,-1.58239503910667,33.7936966974932,16.2740534373692,NA,NA,0.123923504837137,0.0392105477280859,223.70073718494,114.473555931321
2015-01-16,0.721608699361483,353.107269287109,12.3315492153168,1.54635017796567,-1.58177663553926,33.798566932965,23.5394093255351,NA,NA,0.0733889841047445,0.05668411584557,164.669730666065,84.8554166637407
2015-01-17,0.716594953338305,352.14802347819,12.1570423920949,1.48775739508464,-1.5863257332852,33.8008500292785,28.5927469569041,NA,NA,0.0836092428185214,0.111853778922468,204.189201999376,116.811358721439
2015-01-18,0.703651462992032,351.674670410156,10.4132077376048,1.49170322660217,-1.585322983731,33.8009762154486,28.0649832675332,NA,NA,0.128882189596394,0.0603142120784387,198.775766382623,164.743887691705
2015-01-19,0.689202476541201,351.29872639974,9.85452755292257,1.4907009381997,-1.58926055843669,33.7976259934275,29.0889595755957,NA,NA,0.149198797440394,0.0842953355968895,243.034573398299,244.316127191448
2015-01-20,0.741542187333107,351.07922261556,11.1854167461395,1.44470013711686,-1.60568663007335,33.7983371046253,30.1307193748933,NA,NA,0.143409458780311,0.14848516924881,319.483323393076,285.776511818677
2015-01-21,0.796630991498629,350.136846923828,6.1490287065506,1.40307747511039,-1.60204850193253,33.7908106782383,30.2666758522952,NA,NA,0.16471963919195,0.0870947779709459,312.380336716272,369.132302345246
2015-01-22,0.800371542572975,348.898541259766,5.67586542765299,1.39219820589051,-1.60383027881608,33.7740772935681,26.4426835174847,NA,NA,0.193804008536097,0.07147067790865,348.376192160237,413.692777432949
2015-01-23,0.848222277561824,348.313396199544,10.9781751950582,1.36771639442085,-1.61497756861206,33.7695799232426,29.1119059118113,NA,NA,0.184412109308449,0.107133735839586,358.297265929342,370.799037260387
2015-01-24,0.923803752660751,348.102503458659,12.76473792394,1.46153533996496,-1.62429603777434,33.7506262700361,21.0652300325551,NA,NA,0.160720108553095,0.0810094328975319,298.848424328456,288.698424127489
2015-01-25,0.987000970045726,348.528116861979,17.9187665144602,1.47155000034132,-1.63091832130475,33.7450504159569,20.2150715024848,NA,NA,0.12900839358064,0.0958189412223217,275.499411879331,244.90849314989
2015-01-26,1.04096041222413,348.668323771159,14.2612309296926,1.56129919182985,-1.62548465791502,33.7360610961914,19.1096361095744,NA,NA,0.171208838168952,0.0494904673301188,290.977392998993,250.212391688647
2015-01-27,1.07992319762707,348.161653645833,13.0627072811127,1.58047216503244,-1.62241329465594,33.7295958726926,21.5224341055504,NA,NA,0.189125268110879,0.0522554899264771,307.569830848321,270.834223599121
2015-01-28,1.12382092277209,347.718383789062,15.2041691462199,1.60897415831573,-1.62108815030048,33.7260679230654,23.7510884471406,NA,NA,0.172677397811995,0.0707180407318406,289.887894512223,257.297614481918
2015-01-29,1.15768622954686,347.204255167643,13.5551568349202,1.65865920808979,-1.6130512258164,33.7217598248245,24.7027841725744,NA,NA,0.18718172150447,0.0735679647528139,321.052264467006,284.236873199242
2015-01-30,1.16820614536603,346.382857259115,13.0770302931468,1.68515936772626,-1.60958978466522,33.7181457290076,26.1529871072984,NA,NA,0.200653462649736,0.0659337482254084,339.544513262694,297.973708767673
2015-01-31,1.17922903796037,345.579241943359,15.6706543922424,1.74328955806288,-1.61111227014011,33.7062479033506,22.4121748737823,NA,NA,0.178815518722946,0.0353486943793924,283.206422534138,232.348167309428
2015-02-01,1.19253490666548,345.065019734701,17.1010762532552,1.8180704609792,-1.61373043418827,33.6981020762508,21.7914789027738,NA,NA,0.179157418009818,0.0711700816435697,291.614145709575,234.755021515174
2015-02-02,1.20273057123025,344.607772827148,17.354764286677,1.88618227279276,-1.61948650447946,33.6887342840209,20.9740187207559,NA,NA,0.158264859320414,0.0700319479254628,259.977532599923,199.600998804725
2015-02-03,1.20901604791482,344.362435913086,19.3616977532705,1.86668438839733,-1.6203378084907,33.683416452623,25.7772423199245,NA,NA,0.124391608794493,0.130187831314883,272.643495831707,182.545965442889
2015-02-04,1.21735317309697,343.984760538737,13.6239286343257,1.86222638223404,-1.60621438842071,33.669149699964,25.6894728474151,NA,NA,0.127578842642724,0.0176318969045367,199.545526763787,113.352289476532
2015-02-05,1.20161387821039,343.563905843099,18.9319899876912,1.93538269781529,-1.59460129908153,33.6616922392881,21.7283766215905,NA,NA,0.166548455120029,0.0144033596983978,235.317863516295,170.346037040522
2015-02-06,1.18901187280814,343.213092041016,19.0658106644948,2.03600565965911,-1.5904950705686,33.6549346464917,19.648872830814,NA,NA,0.175995425636271,0.0204841153682175,249.905121733065,180.169501654106
2015-02-07,1.17126579085986,342.661963907878,15.7006390253703,2.07102255982564,-1.59915497921463,33.6528408652858,23.9799772742996,NA,NA,0.199675952805612,0.0553119300367465,312.927349611183,234.083907320665
2015-02-08,1.17426282068094,342.236894734701,17.4328616937002,2.09154200867603,-1.60750282393362,33.6476492917627,25.6498905805717,NA,NA,0.178820109471006,0.0603004446239176,285.727482930095,208.692612535016
2015-02-09,1.18420870800813,342.194316609701,17.0318775653839,2.12535559906995,-1.61128321939841,33.6389986052549,25.5299963843554,NA,NA,0.151456707752401,0.0701604469826347,249.856807164264,151.332932854512
2015-02-10,1.15496281584104,341.933898925781,14.4429396470388,2.14904163251246,-1.61184540054852,33.6315869496281,25.1846554082139,NA,NA,0.159106986723224,0.0113354463942517,241.280875442208,140.425502536229
2015-02-11,1.09351483682791,341.710823567708,14.4139235496521,2.19379507464574,-1.60967812816003,33.6245883568785,22.5240377770331,NA,NA,0.131107975637778,0.0137975788710261,192.743649175047,89.9010908649534
2015-02-12,1.05223641792933,341.934967041016,18.0226276397705,2.27631621253222,-1.60968501540951,33.617383168156,16.527035731122,NA,NA,0.119022186509425,0.0631320114226494,186.778120839029,83.6982565832077
2015-02-13,1.02935028771559,342.011481730143,16.969348748525,2.25208772304363,-1.61238578925455,33.6112736580067,21.5516905605345,NA,NA,0.0942884266824651,0.0935931550408889,183.774920354375,77.0507836668001
2015-02-14,1.0134766270717,341.826442464193,13.2432276725769,2.24940300973734,-1.601978515772,33.6009878000819,22.0697021305113,NA,NA,0.134708241916689,0.0327351170739061,188.263307662315,125.001255800674
2015-02-15,0.989300666252772,341.382538859049,11.8907963116964,2.26169485436346,-1.59817402568975,33.5965820972185,22.5171539120208,NA,NA,0.192780605398287,0.0424780935133086,280.012302939313,232.120336877982
2015-02-16,0.991423026720683,341.100399780273,15.0384810288747,2.29704217355054,-1.60301797865029,33.590856996694,20.7284939378724,NA,NA,0.160061550907847,0.0478406317420024,226.963676917034,187.336163750498
2015-02-17,0.982629198829333,341.161026000977,15.2477761427561,2.32265294494485,-1.60317860151592,33.5774793553173,20.6017158838143,NA,NA,0.137675191618894,0.0444652388586586,195.81080704481,156.751451039236
2015-02-18,0.961111688613892,341.478217569987,15.4907968680064,2.45452869565863,-1.60267608327077,33.5589961431977,15.1714860299476,NA,NA,0.1088776507772,0.0458213621960547,152.888662712303,116.923206156891
2015-02-19,0.93516401052475,341.869045003255,16.2619858582815,2.42032961379317,-1.59796521627813,33.5506838891739,13.3908570977978,NA,NA,0.0841714260413459,0.0594973258001912,127.909606345285,74.1136884710409
2015-02-20,0.905190381407738,341.793067423503,10.7669768730799,2.37976982629389,-1.58988240562884,33.5464216963689,15.7835772413956,NA,NA,0.134793142613052,0.0329439277599629,167.610927347402,148.99512369293
2015-02-21,0.879738948742549,341.055577596029,9.13486201763153,2.26824004130256,-1.59077042341232,33.5482976096017,21.5993040163714,NA,NA,0.159659991222889,0.0782903025164864,228.142109208238,213.854270743567
2015-02-22,0.915493309497833,340.39253133138,12.421529563268,2.15043768443559,-1.5965138687227,33.553638443911,25.7376600100582,NA,NA,0.193955453925003,0.106225064388455,314.821868623364,261.900032647735
2015-02-23,0.959713201721509,340.482205200195,13.4415808836619,2.08231211201589,-1.59349413921959,33.5510744080508,25.6768523875932,NA,NA,0.0923357007086725,0.0414615750480863,123.853875352018,95.8084295228717
2015-02-24,0.986473737160365,340.688681030273,13.9862548192342,1.9849658603955,-1.59546292948544,33.5479077360684,27.8148692066508,NA,NA,0.111860663034862,0.129520095380625,200.699492052144,138.297579631142
2015-02-25,1.01875391602516,340.442583211263,9.5051473458608,1.83342976319162,-1.60046062209552,33.5499267721535,30.7468261109259,NA,NA,0.112007519216242,0.106615150725483,187.38890376328,127.934202608684
2015-02-26,1.04437929491202,340.463126627604,12.6185871283213,1.7659622865512,-1.60466666642885,33.5514984704498,30.2259462363738,NA,NA,0.0694353456251827,0.0646854725183177,117.074323023497,72.4483659055204
2015-02-27,1.06860244770845,340.983197021484,14.0705263614655,1.71204227836509,-1.5968511772335,33.5572581327051,30.1295719541105,NA,NA,0.0469067193483724,0.0365327209430306,90.0731643784733,59.7734221215212
2015-02-28,1.03400093019009,340.912760416667,8.60835944811503,1.64179096410149,-1.58432711470396,33.5787073436536,32.6152242574477,NA,NA,0.0850250260218194,-0.0408741509807961,101.221215318801,82.3201520983992
2015-03-01,1.00757707258066,340.963751220703,12.3746335665385,1.62669049483493,-1.58911944152717,33.5988541653282,31.9096271220903,NA,NA,0.102656923066405,0.0285359536318627,109.078913831365,60.0578779871643
2015-03-02,0.992280831933022,341.109162394206,10.6261623938878,1.63859409183488,-1.58629131630847,33.6127307432935,26.2298570647276,NA,NA,0.108343002995602,-0.0170215264354881,116.65786303772,68.0682624385655
2015-03-03,0.964232867956161,341.054327392578,10.0727199633916,1.64369091458787,-1.58858134961666,33.6236759845476,25.0739396496823,NA,NA,0.124710561217446,0.0205942573151866,145.910500932302,78.3446532253713
2015-03-04,0.952168410023054,341.227866617839,11.1993673324585,1.62535227331004,-1.5949581090669,33.6353209502715,27.2962839800612,NA,NA,0.138017090597659,0.0340361692067376,176.118084550895,104.170933397292
2015-03-05,0.933590584993362,341.47126566569,11.9542534192403,1.62184149699104,-1.5945118047241,33.6430192101271,26.0485817041612,NA,NA,0.0951282590263544,0.0284235170181084,132.714438104131,63.1537775666072
2015-03-06,0.881662248571714,341.315780639648,11.2102269013723,1.59787459974002,-1.59464833431674,33.6641528624341,30.5454728083503,NA,NA,0.0543160629003568,0.0220811742645009,105.688132062126,53.9130412546208
2015-03-07,0.839364882310232,341.147494506836,8.83987054030101,1.59304211798467,-1.59241911208719,33.6778234324061,31.2677059747223,NA,NA,0.124276877429925,0.0241922288993023,170.604850183649,78.242466471684
2015-03-08,0.777148567636808,340.614692179362,6.03565464019775,1.59319907292388,-1.58865822347483,33.6910693519994,29.764153039545,NA,NA,0.116626599075315,-0.0113377410470319,168.195436539286,86.0609075942176
2015-03-09,0.727842552463214,340.174247233073,8.28649222056071,1.63432058086969,-1.58883834781503,33.6833995446227,11.8878776722385,NA,NA,0.0906606244161389,0.0351008750582324,164.609595400174,66.6791186506773
2015-03-10,0.67774784664313,339.634982299805,4.89670527776082,1.60253360553792,-1.58727226804074,33.6961576562179,20.9074746146238,NA,NA,0.0920924703289468,-0.0131091912578147,171.536663703942,83.7617706235014
2015-03-11,0.639771250883738,339.232406616211,7.73987507820129,1.56859610985993,-1.59154370808064,33.7201881695511,33.8984934584539,NA,NA,0.05672771366019,0.0346947263057967,151.45702795024,61.7632459204667
2015-03-12,0.626587913433711,338.867330932617,5.25646048386892,1.56428129309998,-1.5831832437587,33.7311563850345,36.976732842008,NA,NA,0.1768559096171,-0.0117393003538587,266.816618256986,129.710000949756
2015-03-13,0.598477913935979,338.224096679687,2.94420728683472,1.57543316640352,-1.58928350532862,33.7278863863837,29.5301013423088,NA,NA,0.172383685477246,0.00350159742778405,249.188483057828,122.032394212985
2015-03-14,0.607360790173213,338.249695841471,6.43276787598928,1.51723964814853,-1.59911138357076,33.7240774398459,33.8743998771323,NA,NA,0.152223112621814,0.068095284479117,249.142403893192,100.720159731126
2015-03-15,0.641328390439351,338.746950276693,7.46033309300741,1.45826687747823,-1.59984795760391,33.7161786789285,35.4984207655254,NA,NA,0.0941415698848721,0.0560943972515432,175.517938824691,71.3726724175273
2015-03-16,0.632814993460973,338.604216512044,4.47326067288717,1.41753086066784,-1.59571877816566,33.7004429953439,28.2709259162272,NA,NA,0.136989098420381,-0.0189191812047161,195.488394361564,98.6778552617512
2015-03-17,0.631953492760658,338.608534749349,7.33981168270111,1.40333906387476,-1.59122705056255,33.696926704923,30.1708752875938,NA,NA,0.15599318118976,0.0413216028950716,220.319356572087,106.314029581563
2015-03-18,0.666033604741097,339.129732259115,7.86872546672821,1.36888940475489,-1.58431678786314,33.6957334504092,34.6964491722279,NA,NA,0.153765100915741,0.0576432689156075,217.103633117644,115.13222150716
2015-03-19,0.703838824232419,339.552220662435,8.39490388234456,1.29387444605057,-1.5830065603543,33.6996628610711,36.5017452706072,NA,NA,0.192681936421117,0.0662504065417706,282.395325197186,176.305824494694
2015-03-20,0.75752680003643,340.196742757161,8.91376622517904,1.15162882522533,-1.59465866250203,33.7004199350687,38.339739792329,NA,NA,0.121052929767428,0.0959267886145447,211.836969006278,131.166799412053
2015-03-21,0.80658560693264,341.015417480469,9.44820622603098,1.05609717035204,-1.60730204591177,33.6999610097785,37.342725305629,NA,NA,0.09235635251367,0.0529576449241853,154.219932672698,90.8124617420317
2015-03-22,0.840596335132917,341.672377522786,8.02556965351105,1.02001740755443,-1.60689245578938,33.7044756896514,36.5568162731658,NA,NA,0.12876975249247,0.0321752283638133,189.637237675649,88.749454000946
2015-03-23,0.873223165671031,342.259614054362,9.2278534412384,0.990617758349368,-1.59805814753798,33.7105106554533,35.3590220867243,NA,NA,0.116319119230025,0.0504197901941108,182.73719648106,91.867441962869
2015-03-24,0.899592355887095,342.616827392578,8.59682853221893,0.986999593731156,-1.59615475970103,33.7225687987822,36.3296484409418,NA,NA,0.178826992435003,0.0698552620562172,294.538559607493,175.264669356308
2015-03-25,0.914269791046778,342.441212972005,8.77667761643728,0.919617476319908,-1.61427885025067,33.7426407892901,40.9716745211666,NA,NA,0.138485194807102,0.141199735098315,341.250425688467,241.275448500782
2015-03-26,0.963255329926809,342.784575398763,7.478480219841,0.85751391521522,-1.61535273593171,33.7506776680624,42.6513400328787,NA,NA,0.147780719262205,0.0824366898408958,303.758215087954,200.624218583704
2015-03-27,0.983710776766141,343.187288411458,6.342755540212,0.828574109906541,-1.60161367170793,33.7562192185481,41.2418666280302,NA,NA,0.138751370846329,0.0369113339741427,259.358804344143,107.823306034229
2015-03-28,1.01199784576893,343.735488891602,9.37007809480031,0.800306168041731,-1.59719766396329,33.7598447297749,39.724545941317,NA,NA,0.0975720340708145,0.0590246330974694,208.625564693149,74.3304755371775
2015-03-29,1.02718228399754,344.189793904622,6.57802396217982,0.767850078250233,-1.5964484671901,33.767296869952,39.0086228901282,NA,NA,0.0999997474421236,0.0071248098843752,179.442296733485,56.3060775247426
2015-03-30,1.0078639626503,344.335544840495,6.70134589672089,0.778327333859931,-1.60147943353294,33.7763433241306,36.3525947628165,NA,NA,0.122962057450436,0.00187929774305426,200.869450651868,55.6045963764387
2015-03-31,0.991802414258321,344.479604085286,8.00870834986369,0.777325040527752,-1.60347346479731,33.7819994015801,36.5740260934471,NA,NA,0.126722947813402,0.0109797794848008,214.907909510275,56.219085625567
2015-04-01,0.960613629221916,344.428936767578,6.34702945550283,0.787306657747219,-1.60822677926013,33.7859059240585,34.1801585792599,NA,NA,0.109547681084141,-0.00148003303298825,194.664152459927,49.8477780022117
2015-04-02,0.916231306393941,344.201409912109,6.37764246463776,0.757177315596351,-1.61838737645544,33.7920267492309,36.1334579618354,NA,NA,0.0405116003931017,0.0694651757331943,167.628183167169,74.0529257064506
2015-04-03,0.88544676999251,344.071026611328,5.8874147494634,0.699033362748928,-1.61567053893455,33.7977462424371,38.7659663903086,NA,NA,0.0597772701202255,0.0850433830900076,195.463172046133,89.4854577893222
2015-04-04,0.876847897966703,344.17456258138,7.31145348548889,0.63579809379981,-1.60916413400406,33.8036547639316,40.7542588836268,NA,NA,0.0505574678063841,0.0628176477170528,173.143623595795,84.7311392520506
2015-04-05,0.863143633802732,344.238712565104,4.55175535678864,0.599555870980248,-1.60326465404123,33.8083414350237,41.3795442617029,NA,NA,0.087819879314393,0.0882329118150966,200.506857923988,61.1266638726587
2015-04-06,0.868016533056895,344.519061279297,7.18957210381826,0.57148343066972,-1.60718157596158,33.8108140185363,41.1535236674144,NA,NA,0.0675583420867534,0.0740704875355376,166.393242865558,56.6692445270025
2015-04-07,0.898454977075259,345.104126993815,8.1521809498469,0.56683268633328,-1.60474812760389,33.8148525496174,40.6544428301933,NA,NA,0.0788042987871887,0.0442472495054616,150.638282449116,37.3758222439919
2015-04-08,0.922558738787969,345.697320556641,6.66604888439178,0.56954493317613,-1.59878669331845,33.8178126399678,40.6521481929865,NA,NA,0.116516456568151,0.0539122090667934,185.361037719693,49.6461698787825
2015-04-09,0.922349714239438,346.099788411458,4.74023224115372,0.587321850142085,-1.59704048292977,33.8214094118964,40.0985698484837,NA,NA,0.128567825750749,0.0121775736850231,183.29574232097,51.6139019072474
2015-04-10,0.90149801770846,346.281592814128,4.57186135053635,0.617115258246212,-1.59836562818154,33.8238417546552,38.0988041583757,NA,NA,0.140183215876831,0.0218907203665353,192.678660522299,68.472857070759
2015-04-11,0.83695017794768,345.761158243815,3.61514584620794,0.631034453784613,-1.60502004220073,33.8285457639766,40.7628637830118,NA,NA,0.194958204473544,0.043584102918779,284.499963660706,142.331085711702
2015-04-12,0.824571126699448,345.625821940104,6.35851021607717,0.576291130561578,-1.61754180838291,33.8300315742206,46.0795094447028,NA,NA,0.108739973360995,0.099166798566405,206.60404435971,97.9487621773272
2015-04-13,0.854874764879545,346.012228393555,5.54941076437632,0.518942951175727,-1.62102734415155,33.8257750604386,46.0668890171481,NA,NA,0.0954265605266157,0.0687354850421723,163.065909101454,67.3750756048234
2015-04-14,0.870701702435811,346.336791992188,4.45274152755737,0.463128496913758,-1.63004636585264,33.8184436998869,45.9269167857063,NA,NA,0.0919203734711597,0.0953600161841937,180.317541008362,83.4676569415669
2015-04-15,0.857965739568075,346.608565266927,2.33515576720238,0.405287432043176,-1.6416950266164,33.8109288179785,45.6377940823261,NA,NA,0.0903531446408733,0.0717529169374839,152.335815262242,60.7634963310155
2015-04-16,0.81948171655337,346.803015136719,2.13866961797078,0.405061639761342,-1.6409515720561,33.8039129443635,46.5843268480516,NA,NA,0.163501193480832,0.0859818846351446,253.204241554272,121.065800862691
2015-04-17,0.790481090545654,347.250404866536,1.69724538723628,0.386863431200049,-1.6470197035854,33.7937992927723,47.8968520738128,NA,NA,0.113120412383985,0.0897542479679101,202.156023256588,112.674282091169
2015-04-18,0.774999328454336,347.628600056966,2.6254394253095,0.381056194718843,-1.65939690878517,33.7855845860073,46.2194814502745,NA,NA,0.10281984136909,0.0538548435035505,164.017365486494,54.0276506860172
2015-04-19,0.759886953234673,347.769500732422,2.850075451533,0.416502640015425,-1.65858001995804,33.7865024652696,46.4655800654476,NA,NA,0.156195108519685,0.00134923937905552,218.402984421382,91.0748275059108
2015-04-20,0.764654505252838,348.010326131185,5.4301727771759,0.42305884204973,-1.65509334453066,33.7859345773109,46.824688689153,NA,NA,0.107744105804459,0.0601329366655502,178.854672094277,55.0881515275987
2015-04-21,0.772409694393476,348.135663859049,3.75420116186142,0.421610473858235,-1.64003027426569,33.7822172695533,47.1138114893347,NA,NA,0.133661893217411,0.0243620311323189,207.601917417357,54.7125635500577
2015-04-22,0.769189023971558,348.17006632487,4.45426043669383,0.414393421038425,-1.6420036549855,33.77520720403,45.0067722528501,NA,NA,0.0876638445078878,0.0530586086381647,166.660941626324,56.0147106854558
2015-04-23,0.775404889384905,348.330535888672,4.57141929864883,0.36875884069648,-1.63102043436882,33.7657075179251,42.7465667975576,NA,NA,0.0923379952914285,0.0722508500365162,177.997194991883,63.0585002189812
2015-04-24,0.77766468723615,348.614884440104,3.98971126476924,0.302838860037632,-1.62138645093244,33.7563110150789,42.4964528406473,0.00109675893327221,0.00171666615642607,0.0881480105025204,0.0824688147557409,185.404666152048,70.207223938792
2015-04-25,0.783560253183047,349.067385864258,3.74732502698898,0.285747577205188,-1.61432130354688,33.7496795941116,42.420156496808,NA,NA,0.117301218533762,0.0730149599310375,201.64435837823,77.262055725149
2015-04-26,0.782713754971822,349.42419128418,3.15247573455175,0.277723732915588,-1.60697046975444,33.7432833650058,40.0257154012981,NA,NA,0.119079552940968,0.0411357381906276,185.300023420862,46.7325488167899
2015-04-27,0.77244785229365,349.708510335286,3.72584517796834,0.25576692760775,-1.60589085127178,33.741327128016,41.7971658742517,NA,NA,0.0966289438503353,0.0990933707558123,197.378893292604,83.850151628253
2015-04-28,0.754333404699961,349.818933105469,3.12062481641769,0.250345187443764,-1.59501433103604,33.7440520408458,41.0846848201035,NA,NA,0.155242838679736,-0.00339833934112151,222.857876350391,96.6024226011449
2015-04-29,0.712510456641515,349.456889851888,2.91813326279322,0.283407059239042,-1.59611918962091,33.7539074833232,40.6555899569863,NA,NA,0.177285005289473,0.00937583681223984,246.669084430437,149.692471320234
2015-04-30,0.694787767529488,349.559176635742,2.62009470065435,0.321089388452526,-1.59938788414001,33.7502418317293,37.3685398460331,NA,NA,0.128118079407771,0.0181826067234116,174.669649349479,53.0251464665733
2015-05-01,0.674676552414894,349.510367838542,1.68150319258372,0.353674895025061,-1.59412745873731,33.7194996883995,20.7904487229828,NA,NA,0.101566976202386,0.000481871187798959,147.119845829677,61.4442665719651
2015-05-02,0.668550178408623,349.88515218099,3.02692388693492,0.328972799801513,-1.59716209836472,33.698549672177,12.8034331206989,NA,NA,0.0964820873608491,0.0613169632011786,155.777471786667,70.0042344802759
2015-05-03,0.654903121789296,350.002862548828,2.4901691476504,0.294878348259998,-1.59646223989644,33.6983201880204,19.4182630481577,NA,NA,0.0577350537943885,0.00715922924192776,105.518278511861,82.4913793283494
2015-05-04,0.628145225842794,349.958954874674,3.0662670135498,0.248786679392022,-1.60017379289283,33.6992379382141,27.9307476703386,0.000621610264975711,0.00154636197424095,0.0218953097141103,0.0782398209535986,120.289871909508,83.0561545551731
2015-05-05,0.62543018758297,350.170374552409,2.45080143610636,0.185042003155651,-1.59375343466164,33.696948990786,33.4280954088484,0.00054094057995826,0.00112155522219837,0.0841415960873876,0.0707708171155668,147.437929584029,89.0270072533852
2015-05-06,0.624853822588921,350.476516723633,2.18520119190216,0.160562945935959,-1.58933627963962,33.6869330011812,33.6546895808743,NA,NA,0.0919869176035089,0.0809750134559502,162.224858460174,114.810482876486
2015-05-07,0.626878797014554,350.86665242513,2.2911670088768,0.13663184525151,-1.58415042726617,33.6767504986067,33.4143276608976,NA,NA,0.0826363221399094,0.0722003684316139,138.707228308272,85.4699010921316
2015-05-08,0.624367821216583,350.896592203776,2.2424413005511,0.106959593363274,-1.58209444481627,33.6708131517683,32.5853943215277,NA,NA,0.0935770929615973,0.0225171529008706,116.417483848208,80.9075323057589
2015-05-09,0.615342905124029,350.900308227539,1.9383855342865,0.0760041873033782,-1.58870296863685,33.6660002658242,32.592851846738,NA,NA,0.125121299065369,0.0422348636377575,155.698360696166,155.972638302695
2015-05-10,0.603033417463303,351.031550089518,1.54307325879733,0.0620271687893043,-1.5897194837269,33.6604301624728,32.696683647041,NA,NA,0.126094220626287,0.0325653146588265,160.42600168911,165.082191404055
2015-05-11,0.572035598754883,351.000898234049,0.576377076903979,0.0796003231036484,-1.59440625341315,33.6579003011374,32.8458342803152,NA,NA,0.13701663409969,0.00825605995224831,168.032373406668,173.470943931991
2015-05-12,0.538337550560633,350.92754313151,0.801837169130643,0.0846861296410399,-1.61225155107957,33.6541600621733,31.9578144532397,NA,NA,0.0793848387840995,0.0282055276088921,101.902166358294,93.144744754192
2015-05-13,0.509728330373764,350.688315836589,0.728393821914991,0.106246423088294,-1.61183966416165,33.6509133102302,27.8504357732328,NA,NA,0.0873953737458564,-0.0315258496097828,111.17502175434,83.15007155309
2015-05-14,0.48513525724411,350.635891723633,0.742087337374687,0.130887940554018,-1.61011984921936,33.6554853396308,30.4772076535046,NA,NA,0.112080947054844,0.0149265342300996,125.849752050588,123.994602300127
2015-05-15,0.475823720296224,350.740898640951,1.11837156414986,0.105244131324659,-1.60470338781973,33.6503970784352,29.3505467651482,NA,NA,0.0658465524701247,0.0114845970183387,86.4434736439697,78.6539685883862
2015-05-16,0.456435898939768,350.669447835286,0.495668903986613,0.0863024635534538,-1.5949948273207,33.6488424602308,29.6677786676507,NA,NA,0.0569594707620099,-0.0303349396199884,79.9860732942129,63.6453604234282
2015-05-17,0.430301668246587,350.508165486654,0.778939837217331,0.0683933757245541,-1.59136816971284,33.657843238429,33.2428043193387,NA,NA,0.031661232653305,-0.0325033600421104,61.8989653081531,43.8161772544574
2015-05-18,0.42333457171917,350.949677530924,1.05952134331067,0.0299868649782095,-1.58654945640636,33.6628225369561,35.1077607162017,NA,NA,0.110513718238563,0.0498415447099316,120.343513969133,108.425375032873
2015-05-19,0.431277118126551,351.725453694661,1.33855372865995,-0.0483626395015788,-1.60214143229606,33.659902486586,36.6359809466771,0.00098167872056365,0.00193283893167973,0.0593045772214357,0.068967241975934,93.9655180071062,70.0277156091685
2015-05-20,0.421830220023791,351.845745849609,0.379125647743543,-0.125748401773827,-1.60609966157971,33.6600114205726,37.5871028290655,0.000717184972018003,0.000559506006538868,0.0771865881419272,-0.0473105736160861,93.074552366817,58.9559479986341
2015-05-21,0.392532535890738,351.690340169271,0.231818597515424,-0.122661670992025,-1.60948194283292,33.6579235478451,28.1194806815986,NA,NA,0.0584991636889097,-0.0193574546479193,66.7286852873914,47.1537140424811
2015-05-22,0.381738685071468,352.124095662435,0.72886768480142,-0.162125546317127,-1.61081741044396,33.6592771487128,33.6374796924734,NA,NA,0.111973099242476,0.0593114609977132,124.810807835175,105.20380966096
2015-05-23,0.387863506873449,352.883756510417,1.10709982911746,-0.242039066340242,-1.61132681817937,33.6536896641093,36.9405922638743,0.00259838571124103,0.00742727637533908,0.0685565042680592,0.0565120189877829,91.6292545494406,63.6936899249141
2015-05-24,0.38726907769839,352.908883666992,0.998285585641861,-0.356264571106075,-1.60870865278674,33.6531043805574,39.6436603625018,0.00833565470958619,0.043408564120335,-0.0369572265815914,0.0223725914563003,57.3787986698306,32.4654749721185
2015-05-25,0.379121521115303,352.933091227214,0.63362983862559,-0.474948070831317,-1.60031376745468,33.6541770705603,43.0448680856174,0.00949329291855482,0.0444153305913385,-0.039547858185562,0.0707685227008691,74.0980542270224,50.1833332200532
2015-05-26,0.377437213559945,353.293209838867,0.874813588460286,-0.551006620063593,-1.59452442656782,33.6582844096019,45.9033971083792,0.00830080508888188,0.0818578704169258,0.0016658978074565,0.0140362197351187,29.7075091506416,21.0940651198589
2015-05-27,0.381732724606991,353.665595499674,0.916652361551921,-0.607749018033868,-1.59600446053914,33.6629310837366,46.5286822390736,0.0108230967052306,0.142188034671014,0.0601444099294512,0.0165304769306703,44.5932072080735,31.195076782975
2015-05-28,0.384960026542346,354.137808227539,0.638766580820084,-0.634362078754974,-1.59819009205452,33.6675145715699,46.7564238067856,0.00535405500581101,0.0445541446975801,0.066110434374751,0.0033409736798446,51.60617213212,37.9488781322401
2015-05-29,0.381754110256831,354.666323852539,0.545737220843633,-0.643300100824887,-1.6129950083288,33.6722128588454,48.349467116191,0.00261802343770694,0.0140660498046169,0.083898365511594,0.0264662021729059,76.1910453783947,46.7725912011086
2015-05-30,0.37648993730545,355.119772338867,0.693899912635485,-0.698412398310532,-1.61382451138102,33.6797219326622,51.5590737708529,0.0230885144993593,0.203817177367838,0.0350182686505237,0.0615877284759418,71.1778566189439,46.9590120719582
2015-05-31,0.369125916560491,355.648129272461,0.544253838062286,-0.760025826779971,-1.61572217134605,33.6795555057382,55.2981650990651,0.0169402107673424,0.12240102175007,0.112585763958164,0.0912273970845723,154.510621162882,119.073216230846
2015-06-01,0.366211531559626,356.765255737305,0.522804224491119,-0.800260692890874,-1.61419739669427,33.6818042984582,58.2152069349934,0.0156755856907037,0.140453982124931,0.0710255201429801,0.0660507740186793,101.167902711846,85.2862438185203
2015-06-02,0.364576072990894,357.60539855957,0.519318750500679,-0.86103153671313,-1.60241563920688,33.6907360392406,58.7676374715074,0.0296649089856844,0.215057970395774,0.0921498361722867,0.0394767245515845,96.4298779235568,86.5055517238457
2015-06-03,0.362496886650721,358.287446085612,0.464695013562838,-0.908326506782743,-1.58841843174812,33.697912459983,58.7056824963792,0.0331328804657426,0.21683113066093,0.0732237710792543,0.0390728706900114,75.851406928944,62.5420549993151
2015-06-04,0.359071166316668,358.475621541341,0.462229041258494,-0.935338829412944,-1.57875691589556,33.7088807184893,59.5420733537889,0.0457477182411564,0.282164550246259,0.0669456778052158,0.00717299694853618,61.9666126190766,44.1627622013266
2015-06-05,0.351674822469552,358.54608968099,0.258567962050438,-0.956888107652951,-1.57988701323818,33.7188680835236,59.2724550433625,0.04786621578484,0.270441679175322,0.0747749374801279,0.0122670640090578,71.0019733780503,48.3205453901742
2015-06-06,0.338953493038813,358.622941080729,0.16343036343654,-0.962130870361973,-1.58181450331121,33.7332153033493,61.5762584155664,0.0567530977567728,0.283698802519786,0.0952062763945949,0.00472692697119892,96.0166117600805,72.9316697696338
2015-06-07,0.326607546706994,358.833067830404,0.201044612874587,-0.978519995409743,-1.59885668082345,33.7383552637315,61.1523264117707,0.0397007371853911,0.194340376417972,0.0715441057612573,0.0373427235990539,93.2949248832824,62.7243266564854
2015-06-08,0.315277220805486,359.034122721354,0.149816208084424,-0.995770988495726,-1.61267376259754,33.7459333176003,61.6152668967283,0.0313044184507256,0.163339996101209,0.130899164503566,0.0273243918370708,160.515441101609,136.675074424793
2015-06-09,0.306958970427513,359.233944702148,0.30429331411918,-0.997902229316252,-1.6203699286719,33.7505111981155,61.9887173910786,0.012833235558708,0.0826398464956914,0.146917940474542,0.0428475285074989,196.742208278702,172.752887672855
2015-06-10,0.294794165094694,359.170054117839,0.140443470577399,-0.9939949464305,-1.61915837284318,33.7600969443644,62.9863057244093,0.00576104187023114,0.0318020821001162,0.16032543263041,-0.0169503930956125,213.24062710874,205.636751058538
2015-06-11,0.283829048275948,359.204282633464,0.263204846779505,-1.01253734876339,-1.62504867010547,33.7756430977269,63.8221229538882,0.0167161980363771,0.197572929000384,0.060034267702385,0.0784601046654739,132.224433985082,99.0575936497279
2015-06-12,0.276714860399564,358.751459757487,0.22376443768541,-1.04783235199021,-1.61759114130995,33.7967768360798,65.5189980600113,0.0427739569791278,0.381360900805409,0.0371820996130319,0.000337309841262667,88.760100889951,78.8514239921454
2015-06-13,0.268372750778993,358.186586507161,0.127555312588811,-1.09317505538912,-1.60495464514969,33.8088352375461,64.286784347735,0.0560201087343345,0.377333835187487,0.0617254059761763,-0.00349471341342406,96.2552406634639,60.8173546788391
2015-06-14,0.258482498923937,357.719003295898,0.110301499565442,-1.12546593309345,-1.5949707371848,33.8204172464242,63.247319375662,0.0606106489658692,0.328730813710761,-0.0114226419674723,-0.0220972365398604,76.9827944738172,52.047492928957
2015-06-15,0.248022593557835,357.098116048177,0.132163284098109,-1.15479949699309,-1.58294116240695,33.8375868689745,65.3038768158819,0.0852979433169603,0.363044058105775,-0.0148898203178008,-0.00969249497454865,69.0667070014313,47.9919004380362
2015-06-16,0.240815881888072,356.866812133789,0.135674893856049,-1.18493159283373,-1.57246964094334,33.8571890350571,68.3385180387282,0.138623445077722,0.435468151941335,-0.0126961589671839,0.0421476677284205,73.759781041345,45.5891921085354
2015-06-17,0.234838551282883,356.910948689779,0.0961052753031254,-1.20934456295537,-1.57183288317874,33.876039017412,72.035158666453,0.188172568780671,0.45156781296981,0.0527993158570358,0.0810897445824361,109.855942946242,68.8567380818267
2015-06-18,0.229874444007874,356.808693440755,0.144628712038199,-1.22206871670888,-1.57914814509844,33.8902080794026,73.8048878899194,0.205578015101863,0.44873682022991,0.0445662021384876,0.0337034486570304,80.8490418048759,46.5364640110207
2015-06-19,0.222213834027449,356.352735392253,0.0475913525869449,-1.24542432530482,-1.58099990903883,33.8972009501063,73.7389174619115,0.192444012752433,0.416293695008844,0.0864155687027632,-0.0454702845361448,112.455269282036,63.5763243970767
2015-06-20,0.21398037870725,356.102657063802,0.102534167654812,-1.30850539462907,-1.57906553619786,33.88141971961,40.8288340855362,0.118284341953925,0.268179831459137,0.108361359937747,0.011819612220826,125.64825785707,95.4839267555757
2015-06-21,0.208988213042418,356.077856445312,0.103157810121775,-1.30181702433672,-1.57887967367818,33.8985833189541,61.4408756844083,0.0845583571240138,0.255770349847083,-0.00381137191184929,0.0327259385608193,76.3382590306431,52.7061664944098
2015-06-22,0.204341650009155,355.961180623372,0.11326387686034,-1.2785963371284,-1.59601019871862,33.9205717932909,76.4620639435331,0.112383693950321,0.370553216987983,0.0549103706178809,0.0644078226409908,115.427216555172,86.6312070489104
2015-06-23,0.198862021168073,356.032770792643,0.0611675232648849,-1.31916713849046,-1.61205076902433,33.9144907643024,54.9086521729491,0.0623684748665857,0.203051346256153,0.165474570867486,0.0239306417875048,230.302224488214,140.75414558367
2015-06-24,0.195969005425771,356.705810546875,0.172854269420107,-1.32779125813255,-1.62136695169865,33.9231014251709,65.5545644509165,0.00913837855399783,0.0371602369746958,0.16671825788523,0.0635611059746348,257.722420405363,178.395093885058
2015-06-25,0.194147248566151,357.417693074544,0.0711446546639005,-1.32923962478351,-1.6121356769612,33.9363588892428,73.3769410391499,0.0041165308159014,0.0157361065397378,0.113051573038661,0.0170995438457432,177.741660833821,71.5383779985342
2015-06-26,0.190810307363669,357.992642211914,0.0836093634366989,-1.33546815398044,-1.60474927622573,33.9451071660321,71.8567521733449,0.00644158530936,0.0229978768953255,0.16254892394899,0.0383294122083519,262.827631068155,141.599224512706
2015-06-27,0.18748600234588,358.507923380534,0.080356477200985,-1.33916066598175,-1.61435916325203,33.9566432264514,72.5749700159058,0.0168996245289842,0.0684123237927755,0.171424532799344,0.0178590644907234,278.695851210114,122.098686312729
2015-06-28,0.18563784211874,358.97490234375,0.140129567682743,-1.36514591543298,-1.634227173669,33.9658676233507,70.7799992023554,0.00699874897543481,0.0346861215539389,0.14691564561169,0.0562986188981318,266.807983924925,108.395000140032
2015-06-29,0.184547249476115,359.163213094076,0.117918373520176,-1.370966914453,-1.63764731104213,33.9860200810253,76.1970349541284,0.0405639464462778,0.354034787282012,0.0563881092501762,0.0851672932057452,199.578657770755,83.0672085395893
2015-06-30,0.181486709415913,358.868470255534,0.0937349278479815,-1.3755047677603,-1.63565443377746,34.0100219124242,81.1373621180542,0.0972185188176152,0.442446679325032,0.0811700565334325,0.0984646434426532,232.226732994997,67.4883101400201
2015-07-01,0.178522237638632,358.681883748372,0.115645548080405,-1.38672823520531,-1.62438552720206,34.0320044639415,86.0713788118578,0.14895198156679,0.446990036202553,0.0887836216479764,0.108030934082834,235.760828679995,56.5877688155153
2015-07-02,0.176089911162853,358.844915771484,0.0965268976986408,-1.41992227475446,-1.62131416618376,34.040580634784,86.375416766432,0.10783718152784,0.398854544904447,0.156635676377586,0.0852361314306806,278.614702436142,125.440370881695
2015-07-03,0.172072946528594,358.342673746745,0.0892286771287521,-1.3992486251028,-1.62941648906335,34.0691831344949,93.0080302245635,0.157692780837249,0.449732113713609,0.079520221617549,0.137909243415509,243.546895421079,72.0865865255326
2015-07-04,0.168614368140697,357.779480997721,0.105622783799966,-1.3790100342349,-1.62329558008596,34.0941601946838,98.861618572608,0.252085899422996,0.449643197476416,0.0399723635580307,0.100571108897938,169.351367445306,47.1606147678441
2015-07-05,0.166308192908764,357.220169067383,0.129748585199316,-1.37521289076124,-1.61765310145859,34.1096201588337,101.893965599232,0.311765790608873,0.435350553769814,0.0522164812213496,0.0815096609574512,147.610191790648,30.6206398293317
2015-07-06,0.164260783791542,356.592273966471,0.118076132424176,-1.37892467769465,-1.60738006704732,34.1187125758121,103.945933851084,0.328227716161961,0.429791825214275,0.0882627416290063,0.0622141613744031,155.355781455955,18.1721587442618
2015-07-07,0.162027772267659,356.025940958659,0.126362789049745,-1.38847674104504,-1.6086845550322,34.1251776702422,105.179868443568,0.3001417953493,0.436776088648721,0.120506808932002,0.0856973510935791,202.354713282355,46.1277309696676
2015-07-08,0.159582083920638,355.444831339518,0.140966938932737,-1.40446660393163,-1.62446125064577,34.1303807308799,105.974956024858,0.240381591883313,0.44711624097107,0.134953767243297,0.0928038043719261,226.813474668747,69.3800898083692
2015-07-09,0.15871253212293,355.239175415039,0.212084642549356,-1.43418567028261,-1.62932470373641,34.1312125356574,103.988384332872,0.195778820103497,0.447514932854731,0.147363097371912,0.0365510779131848,211.612946988255,70.1740860386629
2015-07-10,0.158227588733037,355.263041178385,0.192961860944827,-1.49450492903702,-1.63757159297628,34.1185289970914,81.9181083808268,0.174769522034024,0.408724300395277,0.15370314585087,-0.000406148626392049,224.538848438296,85.4422816552138
2015-07-11,0.156108090281487,355.232602945964,0.197690344105164,-1.54958418213335,-1.65045016869566,34.1032009411575,63.9833204011272,0.170617828600781,0.351000146422171,0.174891710659503,0.0520214380458333,290.96152215395,146.216834836119
2015-07-12,0.152231372644504,354.849618530273,0.119503780982147,-1.56263049563071,-1.6612934196802,34.1081515720912,77.2760821285104,0.205053261922378,0.353403765736218,0.155811906211022,0.0901810482032317,291.550233173325,156.924056469108
2015-07-13,0.148167497416337,354.582987467448,0.0766786452382803,-1.62397408126888,-1.66397239346253,34.09274897181,47.8836583983629,0.221059704244074,0.371967280325585,0.0840544001780506,0.0558052744184222,184.442586997886,69.5775479764674
2015-07-14,0.145555852601926,353.796826171875,0.178195109466712,-1.5710976652633,-1.65624409869201,34.1154541790037,89.9028294821431,0.251535907394736,0.422460497770094,0.0836666087038759,0.102877206918328,205.871911182769,67.1016651777439
2015-07-15,0.143394292642673,353.21213277181,0.133945049718022,-1.59367952759105,-1.64599859759324,34.1110829948483,79.2775688601616,0.275566365363258,0.418421958958296,0.135747706811679,0.0174345591182547,210.571938804856,88.6030825095409
2015-07-16,0.140601483484109,352.880603027344,0.140934139428039,-1.61594197355715,-1.64849055933773,34.112155770897,79.4261458045558,0.301793208669633,0.38184850819801,0.152156568545484,0.076197605061912,253.972385343083,169.194409346029
2015-07-17,0.13648428072532,352.725174967448,0.0671454347670078,-1.63975192191906,-1.6431601446374,34.1023576062425,63.9402959436402,0.326176609977015,0.33088489215737,0.171383229609495,0.00897427763145669,261.716791282393,169.169532824375
2015-07-18,0.133260261267424,352.820666503906,0.119258639340599,-1.65082669706273,-1.63277352618096,34.1087311049153,74.251766531091,0.33797714763314,0.359561965093577,0.0959979217863621,0.0718814151263551,185.121013806109,62.0352762597832
2015-07-19,0.130709931254387,352.12766418457,0.121114922501147,-1.648957034699,-1.6316537503013,34.119303538387,84.1651196910026,0.386102167441321,0.374164383438297,0.142585688557728,0.10042425303867,253.193534126304,151.462743006213
2015-07-20,0.127423801769813,350.945880126953,0.126752931500475,-1.62073590567237,-1.63800068053984,34.1407867661096,97.9156593129151,0.425683584760987,0.426676870848899,0.0517850916104433,0.110802840875616,170.773107728952,67.4965877168469
2015-07-21,0.124967628965775,350.001202392578,0.127544671793779,-1.62612460206326,-1.6412819955582,34.1472576829724,97.8255955581378,0.447403644659746,0.426883387722467,0.156943155718701,0.093852447892042,242.575815744103,142.28137696524
2015-07-22,0.123271015783151,349.405151367188,0.125000496829549,-1.61559503060534,-1.65146324419437,34.158099597558,101.998944605204,0.492685482802248,0.428228611000498,0.147186411194559,0.0821590400055835,215.127714721895,101.413352818342
2015-07-23,0.120390562961499,348.118493652344,0.0973499399920305,-1.59179885136454,-1.65844005346298,34.1741046475289,109.638898035637,0.535146221518517,0.443794771244651,0.110536664108137,0.132870247461518,225.14872583921,104.554802525074
2015-07-24,0.117477210611105,346.88747660319,0.0955678844203552,-1.55906740749689,-1.67075760248012,34.1927887909394,117.41480811915,0.550357575591345,0.47317744108071,0.0929162410416998,0.128297060125865,200.92492061908,80.7763552137608
2015-07-25,0.116567762196064,346.35781656901,0.126674563189348,-1.56317019910741,-1.66807403510674,34.1978944477282,116.887044655649,0.56253615499271,0.486638283819184,0.0969065936856476,0.0676042350163137,137.070325577199,33.1503828131529
2015-07-26,0.116692780206601,346.039926147461,0.124014901618163,-1.56807977409291,-1.67094805590192,34.1961103166853,112.196257390474,0.532089207685532,0.487309462817988,0.0513927109287422,0.0292541711430128,76.2596518882424,16.1588603058778
2015-07-27,0.11575346638759,345.696039835612,0.0671735350042582,-1.60859275401983,-1.66391617507863,34.1839660558485,86.6392991847562,0.475496160636719,0.477597464408193,0.0282697771304756,0.00909130345273735,65.3770929048095,27.0055365571248
2015-07-28,0.1148270872732,345.35021870931,0.14331291342775,-1.67451548486724,-1.65632670311103,34.1665326885711,50.9406723653464,0.424107894833599,0.472664019555078,0.0904678760474562,0.0467873990003552,112.398027423478,19.8927141998355
2015-07-29,0.115355871369441,345.281950887044,0.193202317754428,-1.63982626549283,-1.64409520661921,34.1793825393333,90.2940628761636,0.434434710630685,0.475767499522159,0.0936000387471421,0.0880057439628176,140.52756286837,47.7198679243312
2015-07-30,0.115730948746204,345.392733764648,0.125822299222151,-1.64533061192448,-1.64389786639608,34.1787687602796,91.5859362379949,0.488290846347809,0.480766913496462,0.106390277876106,0.0206126142573312,116.527639049732,38.4390888572003
2015-07-31,0.117283897846937,345.612485758464,0.249125787119071,-1.68527084589005,-1.6437074188003,34.1651615630415,65.7759960576108,0.547339571821958,0.487547530939704,0.121436132342184,0.0323174953516713,130.272446061763,53.3744975390398
2015-08-01,0.120569877574841,346.003333536784,0.269993673761686,-1.69713865186935,-1.65587466193321,34.1613810833235,67.1424450372395,0.592229313980368,0.492360504274081,0.103120437087981,0.0653394403118164,123.611240532366,49.7718269905541
2015-08-02,0.123879643281301,346.322320556641,0.329946401218573,-1.6953571062339,-1.6635765697723,34.1603656854845,72.7229725507865,0.611362326820206,0.495248864579918,0.117594930588415,0.0380609409701555,127.226828496812,62.2865859659921
2015-08-03,0.127214216937621,346.294074503581,0.428654589752356,-1.70286878921036,-1.67901824918905,34.1567573690773,71.3559500794662,0.664818337145156,0.500454794195362,0.142883989959955,0.049772705756744,167.512692183678,112.277990723927
2015-08-04,0.130869943151871,346.438583374023,0.432793307304382,-1.70846124519979,-1.67863275099518,34.1534128404201,69.7789692018265,0.726406495093851,0.511050223407889,0.156686157688386,0.0351972492845883,193.145801028759,163.99682835133
2015-08-05,0.132896101474762,346.593848673503,0.393393856411179,-1.72692930922472,-1.66268740874484,34.1436892918178,57.6633496678861,0.804674855300358,0.517673084722426,0.147606327331492,-0.035474898797789,183.684540590284,150.772289833942
2015-08-06,0.129416576276223,345.683874511719,0.288613849257429,-1.73157454567744,-1.64740749498955,34.1282064681663,51.0215579549173,0.801062544709758,0.52337522905572,0.194038059730503,-0.00511012926585692,248.368714870847,202.422096154597
2015-08-07,0.131705199927092,345.949473063151,0.416159863273303,-1.75821513520148,-1.64795361918614,34.1218159754473,45.5001166781088,0.78558974438592,0.532375892862341,0.133216736137979,0.00864614614922749,153.05562646409,114.753875343069
2015-08-08,0.137801936268806,346.702665201823,0.463969839612643,-1.77367907045479,-1.65288246843152,34.1181905215844,44.9901362791994,0.762529053298154,0.538967202256497,0.133661892923309,0.0405414304871084,167.110714186422,114.298186921066
2015-08-09,0.139436660706997,346.419651285807,0.415389778713385,-1.76257400360323,-1.66174430954725,34.1210644227221,55.4656726256349,0.768653692719632,0.527230196205297,0.184375394779937,0.0427236187138728,253.587010023883,194.634029031551
2015-08-10,0.141372729092836,346.542394002279,0.36764627546072,-1.7626456017781,-1.6717718252562,34.1216725370938,59.4072643939714,0.760950780228565,0.528454951997986,0.138152473445113,0.0637515600686683,198.103884264425,109.548011158587
2015-08-11,0.143169114241997,346.551874796549,0.325541675339142,-1.77224447180454,-1.6639723907736,34.1148976777729,57.7832436633289,0.720487941252558,0.529163418071611,0.174549811386636,0.0285359537158918,240.154887024934,132.825228095635
2015-08-12,0.141360555340846,345.440422566732,0.306344123433034,-1.75805543015774,-1.66406647289606,34.1230953044461,64.0165924237187,0.696461211777943,0.532599619680778,0.14273713338644,0.111007062326136,252.611091408893,134.098372250929
2015-08-13,0.136579198638598,344.629838053385,0.103660365566611,-1.74470346986799,-1.66532622288941,34.1263710681657,66.9898531526551,0.661203298931311,0.528004633304768,0.19295958568223,0.0660117652715373,292.275067334071,171.062698463135
2015-08-14,0.133352873971065,344.644040934245,0.18977037332952,-1.73427301824541,-1.6723363005129,34.1257514810204,67.5365471947462,0.615836558639443,0.506810905902009,0.168799482215952,0.0476226425708685,241.769214109811,148.819749036008
2015-08-15,0.134382960945368,344.885392252604,0.222874480237563,-1.73415737358251,-1.66775393261945,34.1262218790843,68.2060039742549,0.564858889165229,0.491127144349249,0.176837552492892,0.0212987070356993,251.201670449775,140.513881012622
2015-08-16,0.132978324343761,343.543418375651,0.186049119879802,-1.69701198572503,-1.67368668900397,34.146362950031,77.2709189644434,0.523764024327572,0.519979182266651,0.0979919508379653,0.074836892278907,187.302032874727,89.9218091382595
2015-08-17,0.133298441022634,342.859299723307,0.267586902777354,-1.69634838480698,-1.6897972495036,34.1498223641761,78.7194010117897,0.498940054411279,0.542325960850357,0.021422617053403,0.0673082282808714,139.737228124905,77.3366202944354
2015-08-18,0.134969425449769,342.294251505534,0.26952752272288,-1.69072838385302,-1.69127039667359,34.1658616030127,82.3368774535961,0.539978128542801,0.57484652807838,0.0394652513857175,0.0780585455267053,140.826816026922,40.9467312381408
2015-08-19,0.136104281495015,341.912508138021,0.242113584776719,-1.69155720795008,-1.67921099447666,34.177827820742,85.0382244102937,0.558628695155669,0.588760557591467,0.0800411014684609,0.064433063443442,144.597593551256,25.9850823137932
2015-08-20,0.137749657034874,341.645061238607,0.341863871614138,-1.68315887854512,-1.66972272333346,34.1862948281424,86.719610622951,0.600715268893461,0.593946412541813,0.122145170836072,0.0893343317749581,205.062695095955,67.9564188293631
2015-08-21,0.1400053995351,340.839138793945,0.368245024482409,-1.67420433383239,-1.66294554570564,34.1967123361458,89.7232747113794,0.637973664118383,0.60197759851029,0.0325056544568082,0.0668561872430986,122.458339861672,41.3568506375867
2015-08-22,0.13979311188062,338.984434000651,0.325979790091515,-1.67342783499481,-1.6635295305037,34.2063209849193,92.4997708134185,0.675535092634478,0.61183874869257,0.0730264331389191,0.0712664561500227,139.430741194076,31.5389117014645
2015-08-23,0.139302694797516,337.141681925456,0.331726711491744,-1.67272843274855,-1.66779294139461,34.2127288015265,93.424504839388,0.697781482543376,0.612590238900113,0.084201255533144,0.0755918237723802,156.503086141889,39.0784243719561
2015-08-24,0.14320584833622,336.345685831706,0.499373073875904,-1.67732135335306,-1.67473074502515,34.2157750380667,91.5589748181795,0.699224084223572,0.602118144358011,0.0841415953171208,0.0740268895668643,156.566840049601,54.307963658878
2015-08-25,0.152427395184835,336.458740234375,0.718250256280104,-1.69184632767412,-1.67894940403171,34.2151153392361,88.1250686322836,0.706181528396848,0.59173783570304,0.122301205628573,0.0542265726883609,181.822034640755,73.9990818376948
2015-08-26,0.165406104177237,337.16952718099,0.836029841999213,-1.72184625424837,-1.67484662272876,34.2073480993285,70.091038148206,0.72334345777456,0.585229705935134,0.113471489651759,0.0219825054273794,166.377075123962,66.1295351263448
2015-08-27,0.177727588266134,338.993090820312,0.639704942703247,-1.74584894610527,-1.66981795183698,34.1923066332824,38.4590603426883,0.747524070112329,0.578773206001834,0.145297935344559,0.000672325337851854,222.078851750893,120.952558843553
2015-08-28,0.186505298813184,340.60146077474,0.605480837076902,-1.78018020418354,-1.6705682923023,34.1704963598036,23.3696070864685,0.740640769439532,0.570739148814875,0.0893802241583292,0.0303303500063213,171.174763948788,60.443137248721
2015-08-29,0.194564607242743,341.882166544596,0.720629144708316,-1.78981762362602,-1.66205867609583,34.1601305509868,21.0124536923,0.695296257958376,0.569958979249897,0.0166475031160771,-0.0236988843635733,138.599237169476,85.7433260488461
2015-08-30,0.203994036217531,342.896538289388,0.954739715655645,-1.79564689245439,-1.66324499944099,34.1541471839847,28.2571581933731,0.659498247661089,0.570670312620643,0.04752856278722,0.0070835066945257,139.721645911727,56.3392128459457
2015-08-31,0.21666883379221,342.910642496745,1.72012474139531,-1.79963127876583,-1.66842970095183,34.1612949658157,37.4999070848737,0.610798137472536,0.579573454377346,0.0926294126512861,0.0851168111526876,202.731970879361,55.0508662510644
2015-09-01,0.204272615412871,340.472541300456,0.487314541637898,-1.7732660402929,-1.68556481017206,34.1705709471738,61.647965707277,0.586608920778547,0.579432912114868,0.166475027071354,0.0867414056162413,306.784559473349,149.084882981882
2015-09-02,0.170693143208822,335.028970336914,0.445085896551609,-1.693283682479,-1.71088026116665,34.1891859671227,85.156971404427,0.58088282625282,0.579252207413652,0.0831044251029205,0.130387463179746,274.028686792263,121.681668463443
2015-09-03,0.169762956599394,333.894200642904,0.596003270645936,-1.70588668217336,-1.69538924927102,34.1907060809602,77.0167894578518,0.583927075917784,0.593745631943072,0.0474528405619295,0.0599631346986258,185.471397129738,91.8218861214895
2015-09-04,0.177742020289103,334.93567199707,0.455882586042086,-1.7118288386137,-1.67958846172892,34.1878608330748,76.595152507151,0.61556034311092,0.59052455279612,0.145685726902763,0.0268907077414425,242.523645759398,94.3792318550606
2015-09-05,0.188591299951077,336.292547607422,0.791788489619891,-1.71597293176149,-1.67772293538976,34.19041352523,82.6013328473371,0.629546082851694,0.586663845450358,0.103076839525449,0.102588084449333,236.091189055597,100.443988875684
2015-09-06,0.19629615843296,336.321381632487,0.784371530016263,-1.71343140494555,-1.67303960395039,34.1954847350156,85.7306275403589,0.626518754078481,0.585266995922963,0.07006407264424,0.0950433577838025,202.350021103354,92.2264623303756
2015-09-07,0.205620041986307,337.312783813477,0.904650756716728,-1.73431156945408,-1.67007150327353,34.1856235991743,69.3171757612013,0.663724804059007,0.585854992942702,0.130626103721727,-0.00295318206562135,210.111800046749,92.2858383660471
2015-09-08,0.224311375617981,339.523356119792,1.3452077349027,-1.76034638397676,-1.68173508043576,34.1760664774959,58.5094927056391,0.750618801977401,0.595265820846522,0.121922592471417,0.0456309083260988,202.298578710543,52.9422940721794
2015-09-09,0.242455653846264,340.332280476888,1.40273590286573,-1.76667679700636,-1.69169031542943,34.1776440986117,69.8105201183405,0.742707509127327,0.599069162755084,0.00651673439021846,0.0413560222106096,116.2300245224,64.6768711458233
2015-09-10,0.245982702076435,339.498336791992,0.962798448403676,-1.77517700150497,-1.69309691871916,34.183678892322,75.1351971841396,0.696793358829012,0.597161755525976,0.0680539817234179,0.0691645797482111,148.155673183562,57.945161381626
2015-09-11,0.251601880292098,339.254569498698,1.12077096501986,-1.78240782470631,-1.70437844310488,34.1856292781973,77.9828263117855,0.684661391492289,0.608046880117933,0.0534693463460395,0.0628635401984579,139.725441847811,54.5938081244254
2015-09-12,0.261223521828651,339.038185628255,1.11029556194941,-1.78814346853055,-1.7244242792739,34.1876256698953,78.501411671029,0.646918543033246,0.607324075429959,0.060954412627489,0.0506217172719482,130.037157067468,52.2339070406609
2015-09-13,0.26686524450779,338.748996988932,0.900107418000698,-1.78927242083657,-1.73968009393018,34.1898284424516,79.0326173717814,0.624789466731306,0.611660914873718,0.0429966789635276,0.0233386286667415,109.234664242549,44.7178714873992
2015-09-14,0.258991240958373,337.388676961263,1.00269276201725,-1.77726969862343,-1.73329185812097,34.1995232947787,83.1652367132947,0.58850270218419,0.601068353182391,-0.0170697136256928,0.0507112073859102,107.734484801027,56.3046960042428
2015-09-15,0.25203714966774,336.430313110352,0.638299677769343,-1.75940467316405,-1.734994470625,34.2130851028557,89.1260986148863,0.587247973363987,0.588146747727143,0.0836987327084057,0.0781227948942355,153.590850786988,65.1118420193159
2015-09-16,0.24750123967727,336.056818644206,0.67595619459947,-1.74051531678752,-1.73002087173605,34.2212253369783,92.6127813202994,0.574734092094844,0.577482482320384,-0.0637722119016755,0.0354358903867634,124.249901335924,83.6513095124306
2015-09-17,0.249191024899483,336.037624104818,1.04751077443361,-1.72146350683126,-1.71754614885588,34.2292965480259,95.3978822034104,0.576049915479874,0.541780984491334,-0.0314753680749047,0.0400893894493356,105.5668156385,66.3325260344533
2015-09-18,0.261486401160558,336.254335530599,1.49136372407277,-1.72225102670211,-1.71769185621936,34.2322393718519,95.7443707114772,0.619173944962764,0.529791570135525,0.000151445066794417,-0.000881135799831018,101.92213836661,48.1175516840155
2015-09-19,0.277162553866704,336.254223632813,1.45348478506009,-1.72453371922773,-1.72378867416454,34.2357673071381,97.2674280431934,0.685396675552641,0.530307860974979,0.00283845082709664,0.0192151878001098,108.66561227272,48.698899880994
2015-09-20,0.283760923147202,335.953952026367,1.03292634834846,-1.72215740169798,-1.72257252474477,34.2407178233441,97.4825490650378,0.701744012702677,0.528254172967789,0.0780883756907363,0.0855849146058685,177.16297985586,66.0798253685387
2015-09-21,0.295544465382894,337.053255208333,1.51986605226994,-1.72553325730159,-1.73121407740098,34.2418364761467,93.8059863147879,0.66548994332692,0.516210263048796,0.0223542343320927,0.0909176227825701,163.470000719399,77.8654921529061
2015-09-22,0.320282702644666,339.027507527669,1.99569471081098,-1.749516673106,-1.73246808742222,34.2335299585099,79.1582483779219,0.651989375199086,0.50112310242384,0.070915378378074,0.0670925333563771,170.365779304623,55.9926162686263
2015-09-23,0.33362251718839,338.977668253581,2.11223911643028,-1.7502849124428,-1.73337102787835,34.2314361055991,80.8436503768864,0.633220921396593,0.501777072037969,0.104669308569983,0.0991507363750746,230.89895027543,110.93025836762
2015-09-24,0.310491606096427,335.552821858724,0.999850704272588,-1.70825473168739,-1.73454128351427,34.2412569863456,92.8141347698699,0.626637359366829,0.532054645226414,0.0831755591850532,0.107553651920499,227.548836263052,105.419224713226
2015-09-25,0.307224212090174,335.136092122396,1.37060200969378,-1.70248053755079,-1.73238203893031,34.2356925763582,89.874146479413,0.6294266185023,0.561316847465092,0.0773586848596657,0.101323746088752,205.889320068669,93.0660252234243
2015-09-26,0.323753097156684,336.25100402832,0.975035100181897,-1.69854296284511,-1.734513747961,34.2391230217496,92.2284314184261,0.596564292487569,0.586488882065716,0.0191348762272444,0.05825134433974,136.182062031793,50.6597255205724
2015-09-27,0.342525923748811,338.170053100586,1.90313926339149,-1.72834462778909,-1.74039831331798,34.2297037024247,73.2341005497409,0.599839007495937,0.613011874426576,0.0284097492554806,0.0259912146493456,116.921632177688,45.8943668711463
2015-09-28,0.376203361650308,340.402332560221,3.93639739751816,-1.79472170512479,-1.74762523443179,34.2056964357993,48.4900131297291,0.571437145254218,0.589747249519915,-0.020236295991038,0.0194836589122625,98.2291982352194,58.6411172738613
2015-09-29,0.421519376834234,341.910656738281,4.66187766393026,-1.76818023453978,-1.74983151828436,34.221294030211,48.6689937527018,0.562881065154434,0.589893530410035,0.0554977950212875,0.0212023329493919,101.840528130947,28.1627034642264
2015-09-30,0.47519537905852,342.642626953125,3.8936377565066,-1.74914769929154,-1.74299468133683,34.2224354994924,55.9618855168049,0.607010428114493,0.665822663589528,0.0965761672285266,-0.00834555031829759,118.246074591275,50.0314352084001
2015-10-01,0.524688751498858,344.747005208333,5.37779127756755,-1.75673372628994,-1.7434295129059,34.2152418409075,56.3032108285373,0.628368364114847,0.714629334726728,0.0663421912945079,0.0716106495574901,106.859345042034,39.1005156030536
2015-10-02,0.570119179288546,346.61731262207,4.78979013760885,-1.76056116505673,-1.7404797727004,34.206992816208,54.5931415020075,0.594054689143322,0.696952119091512,0.060268319653053,0.0459475663343542,77.8246987846696,37.3537266641175
2015-10-03,0.573342970013618,347.421002197266,2.29075189431508,-1.75975988054634,-1.74839852358166,34.1978201328364,52.8641415610349,0.659246912327503,0.764115849428697,0.098446286276431,0.0338709563212959,95.203810985655,56.4483033758822
2015-10-04,0.582059632738431,348.287683105469,4.33424212932587,-1.80025082736983,-1.74761605083494,34.1602910407504,31.7874385468046,0.672249335609201,0.776440788596112,0.00871727954512252,-0.00512160251575305,46.8046100285921,39.7398628662496
2015-10-05,0.618231581648191,349.42761332194,4.32997851371765,-1.78522470571045,-1.74329412790169,34.1632509016453,30.5512093457961,0.691725105039348,0.76315204163355,0.0629484414410098,-0.0618699676448241,85.5630541344657,38.4832714205296
2015-10-06,0.683319520950317,351.823700968424,7.77922517458598,-1.79112005637104,-1.74358669797281,34.1534415223545,29.7486643647789,0.721044244164167,0.759185210234465,0.0555253301123927,0.0389260147607192,78.0964861330221,23.8019334295001
2015-10-07,0.756470861037572,353.711260986328,6.74539598623912,-1.78195073550805,-1.7404866568128,34.1563041801739,38.7797340988217,0.70064330995573,0.743857117677878,0.0529645288405114,0.0389306038141923,81.9217240508792,32.9363472924113
2015-10-08,0.797461183865865,354.659146118164,6.70803119341532,-1.77563133947831,-1.73754150257971,34.1542275077418,43.1974608199041,0.694096601200535,0.740102537326459,0.0484441175664726,0.0755092175187249,99.5587939103878,35.2299609454674
2015-10-09,0.799933234850566,354.822957356771,4.51356408993403,-1.76119722818073,-1.74532257838357,34.1545659975898,49.2070831893978,0.643813197394217,0.710857545648862,0.0358236820710109,0.0741393263626816,89.151343939773,45.750757105994
2015-10-10,0.773366888364156,354.317546590169,3.67991465727488,-1.7514661859749,-1.75271012729272,34.1509979075955,51.9319502823335,0.641768591192112,0.746186324991143,0.0682834439343752,0.0702820622495243,97.2694781351416,46.3679955744274
2015-10-11,0.75863582889239,354.105029296875,3.99644055565198,-1.74734963331007,-1.7605588893245,34.1443665009692,53.3213457666842,0.675739725040971,0.801034870650262,0.0628956649032302,0.0441371074604585,76.316662025653,32.6297956783363
2015-10-12,0.81411319176356,354.960233561198,9.32935587565104,-1.7654184224014,-1.75211925479702,34.1293883072703,43.0311003986158,0.616321297236403,0.783141091921108,-0.00214317932556894,0.0294377410966427,49.8588482069447,33.5784486462169
2015-10-13,0.933152161041896,356.830112711589,9.44997526009877,-1.77962949401454,-1.73359819148716,34.1203646982523,39.663738422824,0.542748314952583,0.734916684392812,-0.0543045899585674,-0.0233065038219206,69.6692044071943,53.2336543883006
2015-10-14,1.05370569030444,357.800853474935,11.1060565471649,-1.83981107545078,-1.72316797469792,34.095164162772,32.3788780484881,0.442920950633523,0.690621821811997,-0.0392816812780343,-0.000135382819444613,70.0038078476431,49.4252410997643
2015-10-15,1.14927252729734,358.637715657552,8.18699868520101,-1.79538805413067,-1.72080221884233,34.1200548042928,46.1890777932074,0.408919631912289,0.69234852616052,0.0442449549647202,0.0142473252980333,76.6868756308341,20.7101869068417
2015-10-16,1.17781920631727,358.863282267253,6.59407260020574,-1.7890741672731,-1.72675906267381,34.1150295142841,48.3827393180446,0.441360319355377,0.705622930583873,0.0747267503599475,0.0244079236977531,104.011530594293,24.1153936405614
2015-10-17,1.25803133646647,359.685360717773,10.3465616861979,-1.81879047657314,-1.73149287700653,34.0933742092964,36.1386208713503,0.442684028465721,0.697557325874056,0.00682650862219638,0.028292723336166,79.4139255942495,41.4300331638457
2015-10-18,1.30320689876874,359.402084350586,7.38722142378489,-1.79698236185805,-1.72930265817427,34.1062469482422,49.5231678575501,0.41227207778904,0.736325011441582,-0.00147085457592082,-0.115435688427292,144.006720533445,79.906403454475
2015-10-19,1.39229992628098,360.168966674805,12.4725328445435,-1.81875743812188,-1.7340536744971,34.0961506061984,41.5625404737946,0.402897962291998,0.745411726092934,-0.00371499753144003,-0.00979575313123545,61.5650900283918,38.9486282273631
2015-10-20,1.51057387590408,360.985979207357,13.546734158198,-1.81874641977755,-1.72972372017409,34.1006939680056,46.8992642173193,0.356649798362103,0.667360065462894,0.0180334561973586,0.0348071631576334,64.2967209073187,29.6609399564395
2015-10-21,1.61678987145424,361.717299397786,13.6417299429576,-1.80897958162136,-1.7195355856329,34.1057995961125,55.8431384904044,0.360436073703957,0.63743241949189,0.061477587425283,0.0690383757359551,113.225563514929,56.3626927780818
2015-10-22,1.7267617503802,362.819737752279,9.05054858922958,-1.80804061979279,-1.71600645377224,34.1003784093642,52.1797699318793,0.317036401293997,0.584635971488669,0.0701627417054391,0.0621613850466963,133.410459245523,83.8860552494419
2015-10-23,1.7940213461717,363.535589599609,7.82881584962209,-1.79955968462435,-1.71845825498265,34.0948828216782,53.5594131462556,0.270434293720899,0.549330302545647,0.0942081145634104,0.0745271180609339,184.741411743963,119.588273979942
2015-10-24,1.88584543863932,364.407184855143,10.6108254353205,-1.79354042487037,-1.71893095566814,34.0882397845275,51.7902571635139,0.240653791917397,0.546074803256871,0.0798368799339112,0.0715647574822257,187.35003126698,99.6914098921976
2015-10-25,1.98399713635445,365.067132568359,11.6426790475845,-1.7872788529647,-1.71399750879833,34.0778395860715,45.3882538573186,0.219518774112616,0.548193045055388,0.0754105480513851,0.0831090144084809,210.192256730677,125.53287072611
2015-10-26,2.10399451653163,365.839524332682,15.2935770750046,-1.81530723894449,-1.72722487207642,34.0325665438086,27.8429783519946,0.186455675809845,0.549240418907036,0.0926592430814092,0.0227144904070555,201.49091273948,144.718594315387
2015-10-27,2.2416382710139,366.948153686523,13.9688540617625,-1.79688323574855,-1.73036621342924,34.0138766496701,15.2959692352696,0.149226516601121,0.523708950984393,0.109421477071885,0.014724607068233,212.466490510651,141.731780765402
2015-10-28,2.34619488716125,367.795002237956,17.4233135700226,-1.78247115576178,-1.72982238916526,34.0147832139094,19.0557123592922,0.119830555703895,0.483627224102023,0.0849883119834769,0.0238755706249547,170.830972369208,130.52055991878
2015-10-29,2.46242272456487,368.824674479167,19.8481347719828,-1.75645286561851,-1.72062897458112,34.0359682785837,25.6734105303772,0.0913579038290055,0.404677154825426,0.0508947775075982,0.0739121581182668,153.813605976871,81.1906036168719
2015-10-30,2.50937983592351,369.245376586914,12.0995781977971,-1.73932853990928,-1.71003468995704,34.0418368891666,31.9991176468985,0.0734128849925473,0.313235876936465,0.101840037222307,0.0120582532949914,153.35557999853,108.644936871593
2015-10-31,2.6070530295372,370.292848714193,21.6712399800618,-1.74433724727846,-1.71336648742059,34.0250745070608,31.1449435026126,0.0573231685675569,0.31180508621037,0.0413468440616489,0.0224276623667631,112.024867296989,67.3308810233622
2015-11-01,2.80219549735387,372.471291097005,24.0668642044067,-1.73326522470417,-1.71446905234703,34.017416100753,23.8250901286763,0.0494792806859919,0.320656601696702,0.0393115115961186,0.0214478577998348,114.682127971352,58.0404389315206
2015-11-02,2.89999337593714,373.58844909668,23.0534829139709,-1.71829142337455,-1.71999106416129,34.0181331777931,30.9430165577652,0.0514010288323717,0.295146110201521,0.0921498361162673,0.0458741383416984,172.703857698068,74.0874452450695
2015-11-03,2.97027810017268,374.490236409505,28.0951800982157,-1.69568202414907,-1.7123522637482,34.0298645765262,33.6896825051845,0.0484284858623716,0.329482302031151,0.021374429807179,0.054114135668466,161.715968346432,82.5756119790637
2015-11-04,3.05460864702861,376.273225911458,29.848268032074,-1.68405653301038,-1.68581951516015,34.0243400631094,29.4807667839796,0.0370917488826103,0.279878250771391,0.0161380960388963,0.00351536513439247,159.789070130554,91.6147445501094
2015-11-05,3.11470285256704,378.085824584961,24.797169415156,-1.65317272198828,-1.67840443831637,34.0278681418053,31.5814959339629,0.0333201028739235,0.251614210847065,0.0667162150340645,0.0213537781842445,190.641286548836,67.970228421404
2015-11-06,3.08611927827199,378.097624715169,25.8817295392354,-1.60983185122784,-1.6801449051477,34.0317922032865,35.9160423422218,0.0407228975818725,0.264719457563478,0.106796425774245,0.0783476681357488,265.04918113552,107.10663611633
2015-11-07,3.0917119661967,377.976758829753,24.8017600377401,-1.58038539097721,-1.67715501337123,34.0325953691526,39.2013713650237,0.0266273995875416,0.16723512094888,0.0860277771305545,0.0326157965578307,246.975189366193,110.607138705262
2015-11-08,3.11789549191793,378.328403727214,32.364443620046,-1.5494960671977,-1.68104554836015,34.0201413577661,36.6784314643171,0.0345671344269496,0.201112758325336,0.084412362090403,0.0480723890959096,268.664806173648,89.13747962408
2015-11-09,3.04742175340652,377.653015136719,31.4654751777649,-1.50409829258022,-1.67722500087623,34.0258607362446,33.9856891560375,0.0254106896630717,0.141277664984172,0.136385612960037,0.0109201191287292,307.973183330531,159.086478770223
2015-11-10,2.91876966158549,375.832823689779,24.8599355061849,-1.4479644303035,-1.67779521207164,34.0329683777085,39.0854929551146,0.0314644866098379,0.175355878800059,0.138145589514783,0.0506125385207789,292.449151591303,135.330106053407
2015-11-11,2.82404002745946,373.960959879557,17.9832277774811,-1.39861255884171,-1.66825990210798,34.0305934992052,37.3432990196056,0.00619077916591145,0.0424107763430347,0.152154274382874,-0.00130105231489454,267.847888011403,152.653029642972
2015-11-12,2.61894424756368,370.799841308594,16.4709381262461,-1.36548459933216,-1.67346181188311,34.0577789249277,50.8288093473678,0.00291932829240539,0.012100160140619,0.144921616448047,0.0891094580852896,284.058767249389,141.325816394861
2015-11-13,2.58439476490021,369.44700012207,24.9835712750753,-1.29037326888034,-1.66705637049854,34.0503327936158,46.39444673151,0.0303633738541976,0.198700929805636,0.133255744422961,0.0150389706197762,242.849292021421,138.475716048029
2015-11-14,2.667888879776,370.569236246745,28.7921868642171,-1.21896546362038,-1.66547766663974,34.0343220215991,32.7333975842125,0.0133722843851761,0.121583561911913,0.109855160915426,0.0253877283487105,211.770714638871,97.9639449462842
2015-11-15,2.67707854111989,371.365758260091,26.4315930048625,-1.23414853999489,-1.66214701779803,34.0270940307388,26.3411462898541,0.00206284020640986,0.006111818514368,0.0778176103459489,0.009412550878592,169.247755526826,85.3497720681902
2015-11-16,2.67158445715904,372.936830647786,39.4257239659627,-1.18177602568963,-1.66207703208565,34.0246216623407,25.3963345513308,0.000756685194689073,0.00173839610777324,0.104426078750451,0.0549080761471637,202.178998636665,72.547786567322
2015-11-17,2.53098841110865,372.612811279297,28.1325882911682,-1.12315019561832,-1.65244993500243,34.0227974052716,24.2266494994773,NA,NA,0.0638662914752512,0.00692058858790792,137.174745406057,56.1251839157927
2015-11-18,1.99161221782366,365.795910644531,17.19248975118,-1.16569804562662,-1.65953802614284,34.0311381547971,43.6053302521096,NA,NA,-0.026608468208434,0.026204614907055,123.656261808053,71.650231063798
2015-11-19,1.91384644905726,365.001625569661,23.1761930147807,-1.03119264845561,-1.65235585512075,34.0371384441404,40.0371885765764,0.000746559037361294,0.00290688802488148,0.0572348256784498,0.0621659742822324,152.657757666431,38.8326306680226
2015-11-20,1.90150430401166,365.704546101888,19.2302347977956,-1.05569097847867,-1.65772642721807,34.0368918368691,48.3884758268084,NA,NA,0.136043712622801,0.0188870563458903,208.553251583907,160.588846204509
2015-11-21,1.87557431856791,366.220599365234,17.4060640176137,-1.00975075745045,-1.67194162589267,34.0381712232317,47.0977493264621,NA,NA,0.173652613521519,0.0588984283149466,282.356102098613,237.864729776449
2015-11-22,1.88814539114634,367.132122802734,16.7467615445455,-0.938147450300088,-1.6750336307332,34.0379477049175,45.9963294115282,NA,NA,0.162257506925249,0.0648644527322368,281.472846195072,298.468035652236
2015-11-23,1.84890707135201,367.531619262695,10.0535699526469,-0.921204859264811,-1.67304878216937,34.0345001220703,45.7049121175493,NA,NA,0.165697149106098,0.0678291088040162,297.373531190817,328.362359360972
2015-11-24,1.79230418403943,367.225279744466,15.4923693815867,-0.899688621548782,-1.67695882311441,34.0292511703376,44.8059927431264,NA,NA,0.188152346900083,0.0531228581737531,321.93091627978,380.593509394982
2015-11-25,1.77305444379648,366.739416503906,16.4233938217163,-0.862050349775114,-1.6690951402026,34.0240652614966,45.7605567372831,NA,NA,0.213351916927928,0.0798873612867262,387.91259642361,441.776816552051
2015-11-26,1.75359492401282,366.126777140299,10.3333053509394,-0.854450554551935,-1.66673168159069,34.0226482161902,51.5378482646512,NA,NA,0.191289099073388,0.101780376320047,369.160313008619,415.31253650459
2015-11-27,1.7801702251037,366.499130249023,15.4875732262929,-0.805255634892256,-1.65991319973666,34.0171238605241,51.4885140612609,NA,NA,0.178590645943593,0.0974710711551116,339.255444472114,379.254051328636
2015-11-28,1.79221168756485,367.304111735026,12.6631952842077,-0.735984584134548,-1.65157797820586,34.0069758623166,46.8809073347794,NA,NA,0.169630136158793,0.0682765603681704,289.972755687087,349.203714089163
2015-11-29,1.76734335323175,367.677789306641,13.7343686342239,-0.692294010794476,-1.64845728605313,33.9968161762209,44.5140018821659,NA,NA,0.190963262397992,0.0992654675015606,340.720215180646,370.778336230487
2015-11-30,1.77611922820409,368.182377115885,16.6055957794189,-0.641568116479574,-1.65310849372606,33.9893415637482,45.2958951928562,NA,NA,0.177115202342209,0.104662425073802,321.114099035292,344.684146632167
2015-12-01,1.78781361381213,368.903867594401,17.1886293570201,-0.590368612816459,-1.65296966733789,33.9823544724543,45.0027567820441,NA,NA,0.165288705756902,0.119352612140259,317.475875446687,312.862172789104
2015-12-02,1.74149923423926,368.913215128581,11.1329438606898,-0.553650028219349,-1.65169500273869,33.9715182799146,41.531563135018,NA,NA,0.174246921603169,0.0864775236135811,305.14921252506,323.025319230681
2015-12-03,1.70885867873828,368.187616984049,15.251140387853,-0.534196199078981,-1.65233979278937,33.9671355656215,41.6526045082207,NA,NA,0.219047175776353,0.13273256977922,437.689294553009,429.980074258506
2015-12-04,1.71486637691657,366.803210449219,13.1627103328705,-0.555037817980786,-1.65395061682938,33.9746732209858,50.190903556078,NA,NA,0.173058306364189,0.168407101338183,416.956488403391,350.893895359836
2015-12-05,1.7211935043335,366.087342325846,11.1870009104411,-0.528620260802651,-1.65020120233521,33.9726883450845,49.5329197582446,NA,NA,0.167057861595001,0.0998138827236747,332.065606180639,307.38566071287
2015-12-06,1.65600336988767,365.453229777018,10.0049944877625,-0.472480887813228,-1.64304885693959,33.9624657451658,41.7375057263482,NA,NA,0.16619967254705,0.0487768386903786,277.417824771092,254.857634849279
2015-12-07,1.62206844687462,365.101831054688,15.8040589968363,-0.408372744077579,-1.63711955045399,33.9556393157271,38.6082108935019,NA,NA,0.195084408541819,0.0896165703696416,341.89936283648,324.661651221911
2015-12-08,1.60643075704575,365.118723551432,16.4200849612554,-0.3070889252301,-1.63255783086433,33.9489620323468,36.1260005477676,NA,NA,0.166059699875856,0.0764477188117746,277.609337384202,283.046544372603
2015-12-09,1.57470429042975,365.194849650065,17.8535218715668,-0.234351156405488,-1.62863861707816,33.9400188761546,33.8319493343956,NA,NA,0.165091368320741,0.0868010659302984,282.964642857331,303.864465117364
2015-12-10,1.54926848510901,365.308790079753,18.2679824988047,-0.212069431333838,-1.63062346026413,33.9351829586172,37.3220737321036,NA,NA,0.157698087240184,0.118019435946879,306.507540932257,319.38259126257
2015-12-11,1.5150331373016,365.040659586589,13.0108957688014,-0.204194279541647,-1.6285342099075,33.9240771558948,35.7841014646946,NA,NA,0.0912847627458492,0.117204844363426,228.500537598775,181.660831656298
2015-12-12,1.44412929962079,363.973323567708,13.2764569203059,-0.223774771101045,-1.62455647825298,33.920532011448,39.6247297731557,NA,NA,0.0533936236725938,0.135896857449771,230.856065528217,143.689861837856
2015-12-13,1.39651682724555,363.289262898763,16.2006086031596,-0.183625263098935,-1.61612947005078,33.9144570200067,40.1226634333904,NA,NA,0.0511517752718208,0.0835771180437248,159.862726753802,100.836148946882
2015-12-14,1.32909760425488,363.287034098307,17.5813239892324,-0.0686425328870913,-1.61273342191725,33.909380145539,36.4025027411325,NA,NA,0.107266824090279,0.0866243800190382,191.99071619049,153.275807610561
2015-12-15,1.26022088925044,364.010856119792,20.4637032826742,0.130103178518383,-1.61273915875227,33.9047909356598,24.6603336441786,NA,NA,0.100802866223835,0.0656813396967219,166.273719685728,108.725019988369
2015-12-16,1.19997141162554,364.915785725911,21.1722320715586,0.27748141995162,-1.61323135284553,33.9015726792185,16.6383250709763,NA,NA,0.125043281795163,0.08043807121764,201.273829076479,155.848357115323
2015-12-17,1.2531682352225,365.24797668457,21.6090084711711,0.258636126364756,-1.6149156098079,33.8997598805822,24.2054242155606,NA,NA,0.143457645508356,0.111493522763476,255.169583130974,206.983087988371
2015-12-18,1.33094736635685,364.849038696289,19.8756889502207,0.249469559387605,-1.61629697478803,33.8987329669465,30.5936599243852,NA,NA,0.165045475797322,0.0902751277768074,267.942235393559,234.923479636064
2015-12-19,1.36591410140196,363.581436157227,14.9488719383876,0.270916958024403,-1.62317052461151,33.8921473653693,30.5477673523408,NA,NA,0.199026574457723,0.0578474902961039,303.27474554169,280.830282113261
2015-12-20,1.39911838968595,362.661015828451,17.5576624234517,0.301181223075417,-1.62457712879755,33.8884300719526,31.87233966096,NA,NA,0.18062827250171,0.0855091920724713,289.238778472725,234.053547749678
2015-12-21,1.41078775326411,362.562694295247,18.4696158885956,0.398896442208075,-1.6197262908283,33.8838809450766,28.7556654026634,NA,NA,0.153755921688407,0.0681319987275323,233.867122883725,166.276633373122
2015-12-22,1.38384096225103,362.423063151042,17.8706555684408,0.512813548956599,-1.6152150590617,33.8763545617125,22.0851908483003,NA,NA,0.152048720929183,0.0443757484505947,219.233899441975,154.330778543894
2015-12-23,1.32395336329937,361.463188680013,16.0743653615316,0.596215815136307,-1.60770589740653,33.8608716663561,12.7133691364661,NA,NA,0.111222757446699,0.0254427993992218,157.458773875007,65.8878840792136
2015-12-24,1.26620055238406,360.339003499349,16.8086112976074,0.615903695835207,-1.60587593487331,33.8579919427857,18.6243228374567,NA,NA,0.12466925820966,0.0182881595048689,171.940238441044,84.3113599124918
2015-12-25,1.20614955027898,359.179985555013,15.2755833148956,0.630249691973055,-1.60773802162113,33.8538787956525,21.7817266507256,NA,NA,0.0665555914961978,0.0270536261701718,111.928970088181,46.6786972281121
2015-12-26,1.16662947436174,358.752465820313,19.054555384318,0.696610237870898,-1.61896447265955,33.8507409346731,20.3877420568825,NA,NA,0.113478373273983,0.0823311367793415,178.314060127955,84.4301160123532
2015-12-27,1.18840102156003,359.061952718099,18.5522414843241,0.737442628109365,-1.63277008434884,33.8488994254205,22.4993705857069,NA,NA,0.152503056353644,0.08327652219879,233.986857653098,163.583958198709
2015-12-28,1.24960781435172,359.25300394694,20.5799801667531,0.710746962773173,-1.63632789904014,33.8483027838227,25.8495229957695,NA,NA,0.132498518472775,0.121426953534995,248.018980072461,161.545798712226
2015-12-29,1.27250947554906,359.663862101237,19.5840611775716,0.807589306643135,-1.63187403293481,33.8426752018749,21.2883823581208,NA,NA,0.121282392594599,0.0682880327217561,188.861176496026,112.657711396537
2015-12-30,1.24987959265709,360.232261149089,21.0332696437836,0.889945224935847,-1.63654015431727,33.8375580866534,20.2408861145937,NA,NA,0.123611436344515,0.0734647069462484,191.473975475231,121.167979188516
2015-12-31,1.22650872369607,360.616494750977,21.1119377613068,1.03040655282207,-1.63693253527907,33.8294637436257,12.4907905929967,NA,NA,0.141470500387083,0.0723678759138163,209.542110864417,159.493837319913
2016-01-01,1.22442959646384,360.269744873047,21.0412792364756,1.0929644443935,-1.6334320866972,33.822407571893,16.3067517567398,NA,NA,0.156523239035579,0.0584532713755629,223.393810255399,177.503050287868
2016-01-02,1.20793751577536,358.355651855469,16.4233280499776,1.144543936154,-1.63063034975439,33.8138770913719,18.4854982024745,NA,NA,0.169090899449766,0.0147727943284619,224.463182879325,169.94972347429
2016-01-03,1.17339350481828,355.905536905924,16.6487648010254,1.1518050544244,-1.63323245281564,33.8065056047942,21.1983182806718,NA,NA,0.201240887515303,0.027565327409963,285.981396404918,239.037073232745
2016-01-04,1.19558849930763,354.771955362956,17.0169122536977,1.07463406664985,-1.63682583265735,33.8094025375251,25.881074023426,NA,NA,0.169072541961432,0.0961447780797804,261.947029534571,200.281753588975
2016-01-05,1.24644485314687,354.91430867513,17.2581072807312,1.13612633786703,-1.63847222588116,33.8051402873563,24.4102195510291,NA,NA,0.13748703226167,0.0779231623711443,217.227456090365,148.873604383512
2016-01-06,1.27903975347678,355.17741394043,21.2570852279663,1.17226391896269,-1.64922369198692,33.7993636023729,26.0646439100567,NA,NA,0.122739478805684,0.0951259645136227,211.760637094185,124.813447594099
2016-01-07,1.29677034318447,355.144960530599,21.9599026203156,1.22785534513624,-1.65714818239212,33.7950498107681,25.5844938020061,NA,NA,0.107741810843573,0.0845018520363067,184.795115731254,95.8581419944497
2016-01-08,1.28701900839806,355.056526692708,23.1947511672974,1.30238567035001,-1.64940152087606,33.7894510398234,23.3610022587884,NA,NA,0.0791599649123679,0.0781182056727042,149.470639086871,65.5330068741812
2016-01-09,1.26651004354159,354.970905558268,20.0024504820506,1.3897365268908,-1.63694400939726,33.781035559518,20.8598611050082,NA,NA,0.0904586976324033,0.0583385400249994,142.075235621501,62.4771521905599
2016-01-10,1.20572500725587,353.755336507161,13.4524878819784,1.31911899496738,-1.62835293470469,33.7660059534517,22.1947592003901,NA,NA,0.0518424569776184,0.00471545398739496,95.2557159547493,54.5924267219157
2016-01-11,1.13689819475015,352.238945515951,16.55785835584,1.27221778035164,-1.62838850075141,33.7535920394094,23.2399607923694,NA,NA,0.0428750640607642,0.0234510652104715,93.1396439701122,41.4742263462819
2016-01-12,1.07201562225819,351.35680847168,17.2247852325439,1.21558001592643,-1.62237887409397,33.7561046485614,30.1307193246999,NA,NA,-0.00128269509265297,0.0550503425608228,96.2747293014965,49.2291512878447
2016-01-13,1.04034212927024,350.741753133138,17.1916189988454,1.20784254226469,-1.6197067866648,33.7543435777937,32.6806210682804,NA,NA,0.0424895669872824,0.0668102946076402,122.579062189461,43.4737138104555
2016-01-14,1.04116407533487,350.995981852214,16.8845903396606,1.22907240610374,-1.6169130797673,33.7512802755026,33.3678612099554,NA,NA,0.0594055402491774,0.0740406578476716,140.385447248833,43.9073048321651
2016-01-15,1.06197715004285,351.376312255859,14.9495475927989,1.27046101590745,-1.61785502765412,33.7483317152898,32.6840631119291,NA,NA,0.0863696761513339,0.0670076326179997,149.144923165514,45.9937865721716
2016-01-16,1.10347887078921,351.734205118815,16.781485191981,1.29791390358057,-1.61937291684904,33.7452970805921,31.3445757672303,NA,NA,0.0855849145218394,0.0749608021845719,147.965223005518,56.7741847982047
2016-01-17,1.14640366832415,352.348280843099,21.403990983963,1.34901703838119,-1.61273342012463,33.7427557751648,28.8290932519095,NA,NA,0.0877946381898303,0.065353207808352,139.156809739449,53.4642609407888
2016-01-18,1.14827785789967,353.25426940918,23.0697483698527,1.47943616495993,-1.60870749744258,33.7407766786733,22.2148371029617,NA,NA,0.0683912916907242,0.0493527895357824,115.847179069876,44.3919877895538
2016-01-19,1.1292864193519,354.056621297201,22.4979117552439,1.55424185310091,-1.60143698471829,33.7390843871841,18.8503434711829,NA,NA,0.0844353080019915,0.0652247093533887,132.080569118357,57.9396298720837
2016-01-20,1.11684947411219,354.324582926432,17.6442172527313,1.56673195039419,-1.5946116254742,33.7364053654491,19.9718413317114,NA,NA,0.0976569357195071,0.0474046532596861,129.354750164524,51.5186264643183
2016-01-21,1.14496939778328,353.141400146484,18.701207669576,1.5237435339985,-1.60224583901857,33.7354817641409,24.6161620814101,NA,NA,0.137888591050317,0.0839855610007854,197.777934277678,116.524123650156
2016-01-22,1.17124197483063,351.540712483724,17.5187785466512,1.47308648080754,-1.60866046355183,33.7375813677795,30.8758987233155,NA,NA,0.139584319764062,0.118329210248881,243.6163850368,160.083458441539
2016-01-23,1.21111065347989,350.954282633464,19.589643462499,1.47396210889171,-1.60710241382283,33.7377477229986,31.4363608467848,NA,NA,0.090119093362438,0.110176408187227,191.818858644516,116.474431894264
2016-01-24,1.1444454818964,349.44179280599,11.1352611541748,1.45152067734783,-1.59920546121167,33.7344147961839,30.687739440373,NA,NA,0.0544720973147261,-0.0169022062275195,102.590063609195,58.8192457348462
2016-01-25,0.992235193649928,347.023744710286,11.0991572141647,1.34918775751178,-1.60182821616194,33.7405701544052,35.6131516650207,NA,NA,0.0122624747595169,0.00389168356874383,72.60975112767,37.2570683185192
2016-01-26,0.947264652450879,346.441736857096,15.416906897227,1.4684412425622,-1.60038375137444,33.7432664139827,26.282633379886,NA,NA,0.0598438139164582,0.042930135251324,96.5706356766705,36.3733194235733
2016-01-27,0.940421296159426,346.87932027181,14.6319323221842,1.4267524937938,-1.59694640304809,33.7421765148191,30.9946457174488,NA,NA,0.123671097176752,0.060619397214929,173.758033214431,130.575799214008
2016-01-28,0.935059412320455,347.062694295247,13.7648927847544,1.55989488802458,-1.59373048821786,33.7342313895548,21.3262436551259,NA,NA,0.0774757105408979,0.0189581900779018,121.509299435194,74.1357754713514
2016-01-29,0.924092984199524,346.555383300781,9.75073948701223,1.54624554044322,-1.59579909027071,33.72023975401,16.5012211763769,NA,NA,0.143035434788667,0.032755768654826,194.846184227353,157.005511161506
2016-01-30,0.947884015242259,345.780811564128,11.1238381783168,1.51306251386054,-1.60081055110559,33.7185932819108,27.358812489904,NA,NA,0.18058467416891,0.0805206779054457,275.05262940829,218.224711809473
2016-01-31,0.988635080059369,344.995743815104,12.0916712284088,1.51277338965495,-1.60912168474126,33.7190465138371,32.0473047521778,NA,NA,0.166179020251883,0.0610920898756362,238.089731602059,183.467002850668
2016-02-01,1.01720513701439,344.59569905599,14.9475152174632,1.55876868739164,-1.6169153788036,33.713097636861,32.3645366869475,NA,NA,0.106254894874598,0.0847772069947612,177.387373735261,106.278133798286
2016-02-02,1.04045653740565,344.63151550293,16.9013898531596,1.59532756464822,-1.62213105456273,33.7046821135327,32.3702732996833,NA,NA,0.0832857009219496,0.0938983400513355,160.669301844058,80.777733211414
2016-02-03,1.05155917704105,344.557592773437,13.2108413060506,1.64060693620739,-1.61406545262588,33.6915741253616,28.4671164276008,NA,NA,0.114940049462861,0.0146993662657818,148.044124765408,97.2017171980301
2016-02-04,1.0727194160223,344.57687886556,16.4075874169668,1.68751641054799,-1.61998214085299,33.6794353140924,24.4377550433453,NA,NA,0.11126176529753,0.0573059590183254,158.973845790445,81.2996991698143
2016-02-05,1.1288327952226,344.519588216146,17.6827550888062,1.70071968055309,-1.61757278756091,33.6769628453075,29.2243424788454,NA,NA,0.130802790361239,0.138806441518709,266.482049348173,155.135829972216
2016-02-06,1.21975377102693,344.516446940104,17.511418390274,1.6255532823559,-1.60268181472793,33.6830552180011,36.0215951338746,NA,NA,0.0919020170191849,0.10340267610281,213.351098419881,125.965097656139
2016-02-07,1.27921537061532,344.651399739583,12.5170707066854,1.67094279635221,-1.58958983555772,33.6737963597577,34.451497999349,NA,NA,0.138487489081751,0.0225745186181669,201.321604575209,140.646434888661
2016-02-08,1.28393229146798,344.436460367839,11.7473914464315,1.69868756371333,-1.5863590065698,33.6641245533649,31.5465028554873,NA,NA,0.143352093469155,0.0122418231365824,201.582846116324,139.373282726898
2016-02-09,1.28542984922727,344.263479614258,15.6395144462585,1.73477558354686,-1.58764169762905,33.6546536208992,29.6092658544842,NA,NA,0.150509028534468,0.0155942698282407,223.896471049744,154.463357079859
2016-02-10,1.27757753431797,344.36483968099,18.4060708840688,1.77881035007032,-1.59744319207686,33.645630083586,28.5881578330707,NA,NA,0.0948827338958145,0.0370077081304744,169.633911142865,71.9816307470635
2016-02-11,1.24465109507243,344.415754191081,14.8727440992991,1.79103611151975,-1.59287115012793,33.6322639149831,26.4564513156289,NA,NA,0.0960988849961668,0.011406579762137,163.788986890777,75.9447126396172
2016-02-12,1.210443080465,344.57844543457,19.9810218334198,1.80417605226201,-1.58736519885242,33.6236533401604,25.8128090299162,NA,NA,0.0566244555315129,0.0317369552427217,132.798864731475,49.8933439064592
2016-02-13,1.15895223716895,344.537397257487,17.2915005366007,1.81565560568544,-1.57827389464342,33.6169644405967,27.9364842651482,NA,NA,0.0747795265896204,-0.0125171779829981,147.850768373032,94.8155823275002
2016-02-14,1.05612257222335,343.560635375977,14.0542110602061,1.75873146559063,-1.58251894909636,33.6150769828854,32.8808272046254,NA,NA,0.0403395037593922,-0.0215557050940238,128.507769307788,85.243447427871
2016-02-15,0.957917855183284,342.517131551107,10.671951063474,1.70983668511971,-1.58667566498419,33.6097016155272,33.7441796467717,NA,NA,0.0907225793689714,-0.016030248590654,157.220844150002,112.889703177784
2016-02-16,0.836096914609273,341.043816121419,6.19248225688934,1.64870513157737,-1.59188560435646,33.5900768624212,27.8819869120318,NA,NA,0.0861012052772637,-0.0293000636804373,155.064561076268,96.3082935973564
2016-02-17,0.750365603963534,340.068445841471,9.7576852162679,1.60865199296994,-1.59819352761247,33.5796017754347,23.4550818393105,NA,NA,0.0659360423179946,0.0213170640058535,124.371301519046,65.5951410964033
2016-02-18,0.723640644550324,340.256524658203,10.1409697214762,1.57405639591074,-1.59507398901129,33.5802154684425,28.6879739797205,NA,NA,0.126640341153606,0.0492954238885103,187.420296978256,79.4728088593519
2016-02-19,0.719669522841771,340.316462198893,7.06842478116353,1.54248144035053,-1.58950952569345,33.5807949152208,32.0754139082772,NA,NA,0.17402893192786,0.0279301726224279,250.915885336032,153.596171378747
2016-02-20,0.698483869433403,339.707457478841,5.65043012301127,1.50305611657021,-1.585508847147,33.5750412044669,32.6467755038039,NA,NA,0.148622845782709,-0.0449058069686468,217.853174165222,144.844256787279
2016-02-21,0.668510059515635,339.137818400065,6.27409682273865,1.49985098569913,-1.58757171505376,33.5653693837331,23.7992755667608,NA,NA,0.14123644937474,0.00275354948651074,187.104874279579,118.552626146278
2016-02-22,0.651542539397875,338.875607299805,5.39796730677287,1.46311862755539,-1.59057078953076,33.5457218715123,16.1725162025681,NA,NA,0.116814758614602,0.0165350661662064,158.547950229524,102.476614341121
2016-02-23,0.651617794235547,338.97883199056,6.56676286061605,1.38114545399085,-1.58561784342716,33.5363253399842,21.4903093137239,NA,NA,0.100190201242055,0.0803439921762486,170.174680213977,101.813802787902
2016-02-24,0.674235721429189,339.360952758789,6.39136370023092,1.28382674711091,-1.58863642341212,33.5458765245022,28.0724408034991,NA,NA,0.102126864716411,0.113354464082566,208.629697757922,149.082117024842
2016-02-25,0.707297073801359,339.845815022786,9.14917537371318,1.19219687334577,-1.58796409601556,33.5663677731851,31.2545118654581,NA,NA,0.0616382105990236,0.0843320498593096,148.922457528987,100.330752941463
2016-02-26,0.730810172359149,340.411939493815,10.0716567675273,1.15971599911389,-1.59535393365344,33.5852011200181,31.2373021204669,NA,NA,0.0931640603208452,0.052764896331425,138.174226119871,83.397225943847
2016-02-27,0.749923249085744,340.961873372396,10.5222260316213,1.13556186216218,-1.59230323035018,33.6062254798143,31.1839522096447,NA,NA,0.123154806211255,0.0359223506840548,161.56558966126,126.582345496355
2016-02-28,0.76760441660881,341.224954223633,7.6303568204244,1.12856233792197,-1.59008891734862,33.6231539016379,25.8575541883483,NA,NA,0.132509991092453,0.0462435729997723,177.505825871403,173.099471170132
2016-02-29,0.785610487063726,341.266877237956,9.02141580581665,1.06562720474444,-1.5847722726657,33.6414935463353,31.41284113002,NA,NA,0.119878081814911,0.0903072519774051,196.828810477396,171.169034565348
2016-03-01,0.803427552183469,341.329084269206,8.61932446956635,1.03656073217105,-1.58362036988251,33.659317260398,32.7224980727174,NA,NA,0.157365366704482,0.0464822141159522,214.148337342593,213.648530565586
2016-03-02,0.837161068121592,341.609050496419,11.5448397000631,1.01758051725259,-1.59672841183225,33.6745305455717,32.7104513591393,NA,NA,0.111220462401783,0.0992379321863777,199.552914269636,178.914297206996
2016-03-03,0.867311076323191,341.864653523763,10.1546491146088,1.05834406591896,-1.60240875688711,33.6762687998607,28.627166482739,NA,NA,0.147358508094361,0.0374758116536795,205.05927794315,184.813329043405
2016-03-04,0.891629280646642,341.686837768555,8.00955332914988,1.05577500108489,-1.59983992307706,33.6861357294527,29.7050664442822,NA,NA,0.184283610223267,0.112631657181826,323.443577967758,275.406235571016
2016-03-05,0.899156289299329,341.256717936198,5.68177402019501,1.03317386741029,-1.5983380944209,33.677364435411,24.2427118021743,NA,NA,0.140268118015694,0.0435841029047742,218.335315869562,155.036403663747
2016-03-06,0.893796948591868,341.024864705404,8.51128194332123,1.04647902079991,-1.6034941171345,33.6756319605318,22.7139180405696,NA,NA,0.133565518865012,0.0962985180934569,245.362769994156,202.9440602083
2016-03-07,0.880571449796359,340.84696858724,5.1014276266098,1.02186503894347,-1.59871899857557,33.6779494608255,25.6997986736154,NA,NA,0.144728867589195,0.0862205259053779,250.168090305896,217.546704828647
2016-03-08,0.883286842703819,340.83334757487,9.64719758033752,1.01196602815972,-1.59652878153593,33.6853266837902,25.0980332453448,NA,NA,0.127528360463623,0.088868522918538,226.135770909763,165.285176867765
2016-03-09,0.893331083655357,340.938022867839,6.61803832848867,0.986459897200864,-1.59602167149235,33.6941495766317,26.4449781260096,NA,NA,0.107583482742758,0.104169080972223,225.853642004836,162.187892598946
2016-03-10,0.847427542010943,340.572731526693,4.18764850298564,0.949485230714755,-1.59259235276315,33.7053246318846,25.5879357416827,NA,NA,0.124501750825491,0.0531458043514338,200.784457183159,116.565566585088
2016-03-11,0.806485125422478,340.186785888672,7.04881100654602,0.856927410328299,-1.60125226857967,33.7399734267615,30.3923065357638,NA,NA,0.188946287574849,0.136495754598899,376.725468026311,307.210282651091
2016-03-12,0.850284051895142,340.450680541992,10.1191514650981,0.73506631483709,-1.61246035869857,33.7560297600309,35.4364657617153,NA,NA,0.0953095346773253,0.151846794173458,292.17955747032,189.914258653919
2016-03-13,0.865835280219714,340.546409098307,5.81042608420054,0.682991180765001,-1.61822445813875,33.7572747424133,31.1248656215524,NA,NA,0.134253906380189,0.046424848482685,231.049310249272,138.187115654598
2016-03-14,0.849921544392904,340.44997660319,6.3310822168986,0.634203788033105,-1.6207221553738,33.7702564870505,30.9808778547703,NA,NA,0.0900250135787896,0.0838754193479181,202.14277974116,89.1968563676921
2016-03-15,0.82884006301562,340.371801757812,3.64667000373205,0.591559563140224,-1.60515657627493,33.7834334552736,30.107199457355,NA,NA,0.132188743568565,0.0627442194863145,229.268566453524,132.999209163359
2016-03-16,0.76813134153684,340.066065470378,2.66594182650248,0.563242059677167,-1.59495352219818,33.8000293100687,30.8971241112042,NA,NA,0.177996337763909,0.0734211092016527,298.095882696112,202.823941028102
2016-03-17,0.764145950476328,340.114438883464,6.56023013591766,0.520016834139824,-1.60003955830309,33.8221609215987,35.388278566805,NA,NA,0.154141418691865,0.096963958646682,277.780968885721,182.660579003938
2016-03-18,0.811329747239749,340.579827880859,8.53135199546814,0.462203303590081,-1.61153792035311,33.8316492353167,37.1603025637175,NA,NA,0.108264985851439,0.131821603521257,278.657264393921,161.200568181851
2016-03-19,0.856238716840744,341.047175089518,9.65043904781342,0.341752024129369,-1.61625796556473,33.8400821255562,39.3895307698644,NA,NA,0.084228791394516,0.118953348270484,259.172885627566,135.393626060627
2016-03-20,0.883040605982145,341.228787231445,8.35600910981496,0.291565828277428,-1.61117537218825,33.855404531149,40.5643787706705,NA,NA,0.194850356983287,0.0879116641511594,368.424397887281,258.110935632299
2016-03-21,0.927300620079041,341.678114827474,9.95093922615051,0.228683012516651,-1.61465975664612,33.877375466483,45.3876802652402,NA,NA,0.149393839929673,0.119595843122194,329.217497444769,170.816917569553
2016-03-22,0.96925605336825,342.21133219401,8.50751283963521,0.194712469676383,-1.61326462747459,33.8919465057832,47.5951092261121,NA,NA,0.120483862600268,0.0681572399081144,257.806118378878,85.8358285227536
2016-03-23,0.977682417631149,342.449063110352,7.1777599811554,0.209821196819158,-1.61466893934666,33.8997367055793,44.7159287947461,NA,NA,0.175880693823547,0.0492449420175158,333.784463123256,185.013564765281
2016-03-24,0.988645313183467,342.765661621094,8.08781828085582,0.231945969108352,-1.62122926900261,33.9023640568095,42.3094408709304,NA,NA,0.16460261285249,0.0806537658340277,341.903577210937,219.646987901389
2016-03-25,0.942201452453931,342.673816935221,2.83976369698842,0.231899158903083,-1.63222511235933,33.9074121346151,45.4771705426668,NA,NA,0.233787844475723,0.0927166085746279,484.894646649219,376.137465350064
2016-03-26,0.8867249528567,342.829755655924,3.83002649943034,0.177166850859285,-1.63496833546717,33.9197801719035,49.2759219685892,NA,NA,0.201759472293289,0.117544448017178,455.824880631887,284.825121902459
2016-03-27,0.893548405170441,343.17891031901,8.05563001632691,0.182891479840404,-1.63685336955508,33.925551091818,51.2900289449477,NA,NA,0.201075673705541,0.0712320364983682,407.57992338833,273.891449689807
2016-03-28,0.909690342346827,343.501205444336,9.49950331846873,0.19648024974797,-1.63127858208534,33.9322859111585,53.0448432685737,NA,NA,0.213524012987439,0.0732811367545361,430.95106228017,288.655631799069
2016-03-29,0.936123261849085,344.01916809082,8.82988700866699,0.188640892169529,-1.63066821035586,33.9404665151037,51.5739886993752,NA,NA,0.152227702361525,0.0847267253058297,310.917190169773,165.261702733998
2016-03-30,0.936936975518862,344.276231892904,4.67362500826518,0.194723484211398,-1.62221825346911,33.9305192043907,42.03810139527,NA,NA,0.173866013667189,0.0472922162257863,331.58592590825,195.401779136689
2016-03-31,0.938018957773844,344.609327189128,6.95153793493907,0.181349492442787,-1.61093902722337,33.9354696345509,47.5916673402141,NA,NA,0.187188605196718,0.0730402010556002,360.769062862787,219.459200326222
2016-04-01,0.97587910592556,345.27809753418,9.12601307233175,0.144300481150473,-1.61099639109203,33.9431163386295,54.6424759707056,NA,NA,0.144031302177144,0.0892127164380443,289.836031213618,146.952827162602
2016-04-02,0.997788582245509,345.835239664714,8.05733318328857,0.104616322239539,-1.61874533730342,33.9443612206251,57.8658502155677,NA,NA,0.103847833504354,0.0628130588596477,215.083443828008,77.6459336010517
2016-04-03,0.988114973902702,346.190532430013,8.78083068529765,0.0581859671475744,-1.6249477110411,33.9454626212443,61.115039151414,0,0,0.0844077720705952,0.0874733908620096,210.340094345293,58.3621800736982
2016-04-04,0.967142408092817,346.458006795247,4.89195800622304,0.0118877821903032,-1.6221436759583,33.9465584288862,63.4182689028575,NA,NA,0.125571046024561,0.0622462863452677,238.076455648693,105.112685268984
2016-04-05,0.892822366952896,346.215614827474,2.98849629561106,0.0268891204456638,-1.62566936464238,33.9403229476814,57.6140153210862,NA,NA,0.17380864817397,0.0311151119299177,283.027550706695,209.429971464683
2016-04-06,0.80010823905468,345.362701416016,3.49880402882894,0.0540749172967179,-1.6354031674844,33.9376954673824,59.6791775961568,NA,NA,0.206858129289589,0.0475836338377313,348.978136751028,294.384835725673
2016-04-07,0.791303781668345,345.347025553385,5.3123257001241,0.0406513627814619,-1.6479777097702,33.9378733527391,60.3572392320274,NA,NA,0.187872403112233,0.0588754821092563,326.762374562017,281.258347069827
2016-04-08,0.816285781065623,345.719835408529,6.33734766642253,0.0136886044944588,-1.66185216258343,33.9384124296948,62.3403689628257,NA,NA,0.148051484761045,0.0835885913076257,287.945295986506,251.942625187382
2016-04-09,0.844601937135061,346.246763102214,5.27315786679586,-0.0205930905850758,-1.65840218972443,33.9427778918044,67.0150934197849,NA,NA,0.141392484097216,0.114120868027658,302.311326290599,186.953673126042
2016-04-10,0.851909990111987,346.66882425944,3.61790782610575,-0.0371171422302723,-1.65178105167876,33.9466558327352,66.6961406980242,NA,NA,0.184412109294444,0.10964176083978,362.87739101833,240.475932441963
2016-04-11,0.87289927303791,347.066614786784,5.98497103850047,-0.0892170569334263,-1.64904471044254,33.9637393808006,72.3931203031898,NA,NA,0.143124925532847,0.151107924689252,351.712838702413,215.340084170389
2016-04-12,0.910197585821152,347.729112752279,4.34886965751648,-0.132323877927952,-1.63844927988554,33.9730843278698,73.317280529137,NA,NA,0.176112450967382,0.100568814959405,341.8444835847,239.153080231292
2016-04-13,0.907201406359673,348.211663818359,2.9171213666598,-0.191145206892625,-1.62986394785401,33.9785110358905,71.1414026712117,0.000601566772764692,0.000821652177434701,0.132367723838503,0.083416494043698,252.23664180241,173.999795428745
2016-04-14,0.906286033987999,348.637236531576,5.40517117977142,-0.222563209334262,-1.6264782265613,33.974191407512,66.2332001019241,NA,NA,0.134761018272405,0.0876707285362527,256.452732366977,169.477468150194
2016-04-15,0.893942547837893,348.841838582357,5.14292403856913,-0.265504816505022,-1.61706452217317,33.9689826104874,62.8170772817798,NA,NA,0.148315366441594,0.0323496204625843,225.281702952317,200.189252834351
2016-04-16,0.868828023473422,348.977932739258,4.78526668548584,-0.312001258106832,-1.62331393831655,33.9698430971992,65.7065835931247,0.000720412891286497,0.00327193635390498,0.0738226681163437,0.0847290196505032,161.505918400303,101.253174381245
2016-04-17,0.821282743414243,348.742003377279,4.01864541371663,-0.41000009224491,-1.62722168246606,33.9763540827242,72.3007619040353,0.00916688252044351,0.0441371074464536,0.0389902643243173,0.126794080915196,187.035238310796,103.978983646393
2016-04-18,0.81257229745388,349.194080607096,4.20348387161891,-0.502560667861673,-1.63103075896887,33.9860602500743,75.2677116573305,0.00635467649742093,0.031335969585085,0.0569204622669552,0.10765461595659,171.720861124051,102.504223833161
2016-04-19,0.809995672106743,349.756218465169,2.78714600006739,-0.563705992205699,-1.61846195217362,33.9847179785707,73.5008505304953,0.00489988075627723,0.0251203086616853,0.132812881898275,0.105800558637856,233.790547740408,135.446111602361
2016-04-20,0.803433122237523,350.295808919271,3.28222961425781,-0.628753094716852,-1.61582427768779,33.979807516686,71.1459914795438,0.00306289382471486,0.0191371704143633,0.0930539182758421,0.079965378528923,171.762232790474,94.8901556786192
2016-04-21,0.789052288730939,350.598143513997,3.40899184942245,-0.703842399095682,-1.61484447636999,33.976491756009,71.0352757963023,0.0116274373245222,0.0929064886028269,0.0656102061327687,0.117723429169422,175.719622805499,83.246718993034
2016-04-22,0.794630436102549,351.332192993164,4.06916305224101,-0.781886255606673,-1.61454388118328,33.9736809407858,70.2103584189164,0.00964531179734583,0.0669255994708466,0.0766106369744118,0.115557303512119,183.697314157809,87.7883736694647
2016-04-23,0.805547477801641,352.041254679362,3.44148442745209,-0.848599260014699,-1.61750394912591,33.9683229259979,66.8957727080897,0.0116592753009829,0.0575606622838212,0.0707203352025577,0.0920534618899114,153.48592843851,73.9535026848475
2016-04-24,0.788306429982185,352.285670979818,1.71616049408913,-0.931563715065332,-1.60482843881263,33.9464551739227,56.9118597740518,0.0194641085869919,0.0868799363513692,0.111741342574806,0.0482307180370155,153.864258323129,124.97225936059
2016-04-25,0.766854322950045,352.550022379557,2.81440835396449,-0.962706362842617,-1.5983633385565,33.9288095459902,51.7621480862897,0.021104264533538,0.0923321156754225,0.102035079739596,0.0640705127297039,143.027784805382,108.001447406699
2016-04-26,0.758730392654737,353.094934082031,2.51988602479299,-0.973899541716827,-1.60211733902307,33.913716595872,46.4741850293669,0.0300819862500897,0.115828643340085,0.165935789914171,0.0743504319255961,230.900112710268,189.080211055205
2016-04-27,0.750058410565058,353.630422973633,2.86380260785421,-0.937734419690039,-1.61628779343196,33.9196137019566,55.4278112067316,0.00254982148918013,0.01006093531847,0.171924760929288,0.12475186450533,295.722250524993,201.692993529832
2016-04-28,0.741290600101153,354.413057454427,1.22504261136055,-0.943494844257383,-1.62204156468685,33.9367088088416,64.2936677896887,0.00288089077393697,0.0089966022512979,0.154923886004695,0.128863832430172,282.297578942471,211.62279775162
2016-04-29,0.719103147586187,355.214335123698,1.43789561986923,-0.949120344524097,-1.62549612441457,33.9565859056057,66.6164020416432,NA,NA,0.146901877793042,0.110779894529877,247.594486977774,188.467098876666
2016-04-30,0.712106582522392,355.852443440755,2.23749567270279,-0.974645750303017,-1.63674552413754,33.9831060108386,69.6103137561253,0.00482115005948266,0.0187356112230765,0.147670577217202,0.135568726373682,279.931127263992,199.344160740994
2016-05-01,0.71230567197005,356.534502156576,2.11692923307419,-1.04280161319819,-1.63764615838689,34.0049278718188,71.9955764748996,0.0154170101837612,0.131963870509114,0.0835656451439499,0.0919111953081941,156.192083777448,97.8106778368006
2016-05-02,0.712084315220515,356.87058207194,2.64163219928741,-1.13009740087323,-1.63392313396124,34.0080599964113,70.6142125846748,0.0480094302578696,0.363832835416148,0.0885748106398081,0.0565854469244193,126.530673995706,81.0759976071874
2016-05-03,0.700768531362216,356.877890014648,1.47815449635188,-1.20126840517037,-1.62771617738824,33.9964319817106,48.9753259967144,0.0311608611828388,0.155110897947999,0.119754172077304,0.0489741763926314,150.552118455136,103.579923979166
2016-05-04,0.676160168647766,356.462096150716,1.90281599362691,-1.22776581089299,-1.62630613137009,33.9957090678968,57.9541933697865,0.0475087716188142,0.267025484290338,0.0676684841597663,0.0152454871432226,87.6581808980365,36.9505146311901
2016-05-05,0.669100937247276,355.94853515625,2.85487300157547,-1.2644348337238,-1.63062920292517,33.994246303587,58.6942099592739,0.0570034989754536,0.278994819975661,0.102787717000434,0.0525262557614343,130.022332623781,75.925378145478
2016-05-06,0.671123466889064,355.791710408529,2.38240951498349,-1.27830996773297,-1.6313221768329,33.9958008500866,60.4300936182639,0.0443135068456019,0.17095815028323,0.115623847350366,0.0610094833979033,150.274686476464,101.174457631671
2016-05-07,0.657047574718793,356.015519205729,1.15238485435645,-1.27534990427189,-1.63954611425113,34.0011760023303,55.334878925094,0.0497943391402562,0.158487140856407,0.125493028628311,0.0736413924653727,169.007947737276,109.749628704367
2016-05-08,0.637355867028236,356.121253458659,1.58397127290567,-1.27766563614508,-1.65063488752322,34.0008548793936,48.5169748112671,0.0418617476147315,0.136053281166583,0.103432506420895,0.0213606619185075,120.515770282876,78.7271494290728
2016-05-09,0.628785740335782,356.468927001953,1.79843799471855,-1.26355369781193,-1.64891621313597,34.0034134226634,49.7704137536816,0.0514081065562672,0.145091871586694,0.131323670282176,0.0702109287555953,170.047928198551,116.80721206983
2016-05-10,0.615657152732213,357.208465576172,1.42546126246452,-1.23124079058941,-1.64582650374649,34.0145022887036,54.377446669385,0.0471560423503871,0.116337687622204,0.117771616737757,0.0902774223595633,171.830708087902,113.377148400809
2016-05-11,0.600914025306702,358.122788492839,1.28537520567576,-1.20636797959643,-1.64350204449847,34.0250518196507,56.8057335444859,0.0199263535167386,0.0686666457573088,0.136179095806372,0.0769112330714339,185.870340510914,139.131639079431
2016-05-12,0.589522097508113,358.783457438151,1.44146614472071,-1.18319960801225,-1.6440550483259,34.0342762452319,58.5221129395908,0.000654876348562539,0.00445061611632506,0.14167931199746,0.0462871708844165,177.304067172855,147.840720248221
2016-05-13,0.58272275129954,359.270654296875,1.44310093820095,-1.17422854138496,-1.64932121549334,34.0399553255927,58.3534579492153,NA,NA,0.131745881267956,0.0483362707484486,160.953876529712,119.69045796929
2016-05-14,0.580261023839315,359.537373860677,1.7016661554575,-1.18542172518888,-1.64579897088216,34.0434374845118,57.8245469824712,0.0064636407967876,0.0544845154947218,0.114141520112753,0.0309980860666225,130.99273117781,99.5187988156577
2016-05-15,0.577360020081202,359.69621480306,1.47195144593716,-1.19509494730404,-1.64302935456871,34.0530978754947,59.8409486247185,0.00463932204681138,0.0277718432371815,0.123772060442576,0.0543137685416785,151.989119617419,113.970916983118
2016-05-16,0.5730350146691,360.189357503255,1.09754429658254,-1.19585217031321,-1.64713673439241,34.0647028442612,60.6624244281224,0.000331595343036147,0.000469515529962686,0.14428141610907,0.0390728707180211,174.270668855299,162.860373396638
2016-05-17,0.555614507198334,360.540541585286,0.674666731556257,-1.19157590767495,-1.6437854323172,34.0837195547004,65.0864609345458,0.000658055359963328,0.000572222052142024,0.131755059935097,0.0840452213988716,188.629318908738,149.652425345646
2016-05-18,0.541459785898527,361.170685831706,0.834079402685165,-1.18774847294155,-1.6393350089403,34.102116706676,69.5254127853795,0.00437306600596598,0.0180854405420767,0.112884065290367,0.0661838621433292,160.699601986312,132.249406351481
2016-05-19,0.526114461819331,361.324970499674,0.487621820469697,-1.24445507714623,-1.63498898780436,34.0857331268769,27.5446770316676,0.00406542925213445,0.0654227917841235,0.105970361024926,0.0112918485096075,142.163477677475,115.068695415023
2016-05-20,0.498761938512325,361.116139729818,0.309813305487235,-1.28357200335739,-1.64275744042002,34.0875859941755,31.8230051815062,0.0104271573622504,0.137767757629734,0.114327384355037,-0.0146534737983817,153.765251188969,135.457138516483
2016-05-21,0.476640741030375,361.03171488444,0.650266362229983,-1.24349133502272,-1.65215048664495,34.1016748901597,55.691693288043,0.00492664113175124,0.0599383526202291,0.118746832321237,0.0416635019578656,173.391594937256,140.486244871681
2016-05-22,0.467954997718334,361.215370686849,0.9709675659736,-1.2610589790165,-1.66173972447116,34.1075262055361,63.8812093412069,0.0273793192818425,0.276777640041104,0.0704633375643788,0.0419296785292769,126.480464003944,72.3848480389771
2016-05-23,0.452132384479046,361.304404703776,0.310118935505549,-1.27389327341453,-1.66557633742354,34.1095970268536,67.39657489877,0.0198658574871453,0.132219147927975,0.138973949154965,0.0589007230377511,210.721301146338,152.956831650061
2016-05-24,0.427503980199496,360.920537312826,0.578137140969435,-1.25207414752559,-1.67371307055753,34.1189188993067,74.6343952014034,0.0196335265707029,0.128929229341167,0.0636047042234052,0.0772806672953573,154.782401773288,96.7612232597134
2016-05-25,0.416245693961779,361.070814005534,0.55789367655913,-1.25971800492222,-1.6586373887564,34.1173642524203,75.3824428077927,0.0191687214813244,0.11789208442617,0.118207595164054,0.0602774980260914,192.30611033529,125.427944327169
2016-05-26,0.409173673888048,361.249961344401,0.736771883567174,-1.24212006585939,-1.66141159373118,34.121976393506,77.2410889998415,0.0307038701825942,0.152778396382928,0.119272300749457,0.0780516614703307,217.323227075492,135.274870129323
2016-05-27,0.406391089161237,361.501022338867,0.818510191639264,-1.2336886926253,-1.65124410839009,34.1257797040437,78.6706406299333,0.0106615982851355,0.0642822969337584,0.155369042635972,0.0432651498516027,254.916311395022,181.471644171035
2016-05-28,0.399828903873762,361.520929972331,0.464246772726377,-1.22275434804142,-1.64657684197103,34.1264853226511,76.5647485811908,0.00141488713312096,0.0093054205977491,0.145880769728158,0.0188457531980554,236.125522630508,144.146923959302
2016-05-29,0.388121809065342,361.334694417318,0.424793671568235,-1.22033673323187,-1.65301440981098,34.1214485598686,70.4117117645149,0.0022888882085681,0.00114444410428405,0.152535182150795,-0.00460531229251309,243.48690970782,142.126721845803
2016-05-30,0.375048078596592,361.171321614583,0.209491373350223,-1.21746202765551,-1.64685219929631,34.1160390036447,66.655984788909,0,0,0.16604134307376,0.0105690416648872,260.235119830764,180.395959346885
2016-05-31,0.361765379210313,361.254600016276,0.227600382516781,-1.2070894050867,-1.6364954046737,34.1137329617837,68.6528820632992,0,0,0.18751214657511,0.0355047291158734,296.936817832361,220.704743737597
2016-06-01,0.349267949163914,361.467385864258,0.182966701189677,-1.19818718204821,-1.63564754787244,34.1100385708916,70.3187795760936,0.000987491769982236,0.00172211586364678,0.205990760496124,0.0318929896710959,326.252336465614,245.375240292767
2016-06-02,0.341184747715791,361.400314331055,0.502957190573216,-1.19580811418985,-1.6407668536767,34.1142550160114,77.9174298774031,0.00629616352375877,0.0456917158475048,0.191821452006137,0.0721292351757673,316.076084408384,248.186672477251
2016-06-03,0.33842891852061,361.381443277995,0.422813817858696,-1.21995949453877,-1.64862135792137,34.1120981345499,80.9371562362614,0.0127143723972464,0.140752282861928,0.139393865656024,0.0456768005554165,216.288150436871,164.373797680814
2016-06-04,0.332889017959436,361.079429117839,0.332475252697865,-1.25094519006579,-1.64289282318345,34.1043424964847,80.5700161761807,0.0224025649932402,0.261954363547546,0.140536588679691,0.0327488847104903,201.491066313629,195.657243736956
2016-06-05,0.326687082151572,360.549901326497,0.493945082028707,-1.27541323734405,-1.63638526559772,34.0958870765858,75.9773244104887,0.045799419549959,0.392899994675378,0.163104223437551,-0.0385152765346649,233.147280224324,262.090582960499
2016-06-06,0.322227964301904,360.250474039714,0.375885733465354,-1.30696616338608,-1.62913424897015,34.0850279528396,70.6010184431435,0.0475011711127888,0.350850995083837,0.190674140055041,-0.00249884626302952,276.649288508639,319.537283009498
2016-06-07,0.318276543418566,360.396556599935,0.307611809670925,-1.32332224662143,-1.62425243495999,34.0770943577128,71.2458079524506,0.0384561902733128,0.302488909754202,0.207571756977,0.0520719200288667,322.076066628661,329.939313074718
2016-06-08,0.31509288897117,360.736233520508,0.355920029183229,-1.30705427316795,-1.62336671397202,34.0782818184759,78.9643525754599,0.0287080504108725,0.199706929791859,0.202564885363655,0.0914499760374315,340.771911278848,313.852248498758
2016-06-09,0.310778945684433,361.383009847005,0.127012245481213,-1.284056628333,-1.6183242753036,34.0784595891049,82.4475931045704,0.0162918359834239,0.107744105811462,0.203081176665268,0.0829483908285996,333.314491368313,316.634668145941
2016-06-10,0.30366212973992,361.922758992513,0.143678397933642,-1.26607869946419,-1.6209126087956,34.0666766776178,72.3001880287228,0.022021572875982,0.182157354004791,0.197404274352847,0.0304817954512467,296.688357560947,346.371582442362
2016-06-11,0.298568196594715,362.481361897786,0.23339956899484,-1.24462028732873,-1.62572099660572,34.0520426384488,61.2286229097754,0.0164064900529366,0.139343048536741,0.232264213908212,0.051817216567303,379.867192429182,434.016358701921
2016-06-12,0.290433647235235,362.165658569336,0.315437642236551,-1.18487376232344,-1.63773794505829,34.0636478079889,78.4274103516027,0.0049420481082052,0.0181648232694015,0.262277905388098,0.0972278409294392,489.332718138399,515.756504546599
2016-06-13,0.283219956854979,362.334870402018,0.203735640645027,-1.15989080889333,-1.63888525828383,34.0650188761546,71.9169857950139,0.00409819981634465,0.0298995753959277,0.22847578937846,0.0170788924048718,389.913489217176,436.391425918041
2016-06-14,0.279222424328327,362.518629964193,0.245747895290454,-1.17970260014211,-1.64979390452679,34.0660915374756,80.4839678205046,0.0127741760518262,0.0872645799798849,0.188005490508631,0.0879460834106781,339.817167250033,323.824819765377
2016-06-15,0.274227134386698,362.944681803385,0.0989892678956191,-1.20641478414374,-1.6385227119116,34.0607738351463,75.2866424976435,0.00533752357569377,0.0353593764990797,0.258365571372827,0.0166819220114695,454.880725068324,391.04247434429
2016-06-16,0.269337047139804,363.602485148112,0.218995830416679,-1.21168232322636,-1.63088849388567,34.0585537960655,75.1260186209715,0.00134692269449051,0.013557260354551,0.230306898194708,0.0478291587581984,393.224984884986,308.234870246865
2016-06-17,0.264754775166512,364.281359863281,0.0895693677167098,-1.23340232703919,-1.62080820834726,34.0458646645223,61.91299489387,0,0,0.229531315190339,0.0190476803739268,380.942955033107,331.802057248269
2016-06-18,0.258719847599665,364.740921020508,0.164604192972183,-1.25313426498184,-1.61839081649493,34.0395200342164,60.6733237424291,0.000991851557046175,0.00214356197310346,0.231321123435645,0.0485496708240948,385.441177309555,319.466832947953
2016-06-19,0.251631416877111,364.874405924479,0.106702036658923,-1.2391131903444,-1.62013014546014,34.0420613539846,70.0893167158715,0.000501647999044508,0.00118259224109352,0.266591800824928,0.0578773206141882,477.041138566821,469.686774261298
2016-06-20,0.244242340326309,364.742291259766,0.22910488396883,-1.20237808164797,-1.63109271373964,34.0487500384338,74.9413017222756,0.002214771832916,0.00899569393978232,0.24847114845214,0.0728015602055125,445.427003424927,446.456544191394
2016-06-21,0.24022587587436,364.872974650065,0.163547820101182,-1.18742906195777,-1.62449796396987,34.0544176316799,77.1682349362768,0.00326668518154245,0.0224792915151307,0.228645590575118,0.0495088242722633,388.621605967416,463.013054832053
2016-06-22,0.239519885182381,365.12087097168,0.309231767555078,-1.1813960359957,-1.61908150122578,34.0552550867984,78.1904904250812,0.00470613200599118,0.0319325719798978,0.20669979976028,0.0763605231825346,343.609104932772,397.647156196458
2016-06-23,0.23866812835137,365.092526245117,0.213420243064562,-1.18539418694668,-1.60525523899193,34.0519450051444,72.745345284168,0.00738030203640284,0.0584120639112024,0.208372581021902,-0.00739787013403007,301.299947332862,326.523008514842
2016-06-24,0.234747245907784,364.931525675456,0.225002238154411,-1.16982286160154,-1.61092640089809,34.0385386244695,61.4322710646723,0.00178342536673881,0.0168805501889437,0.260132431017613,0.0174643891702469,407.248764984132,398.443955516954
2016-06-25,0.229701515038808,364.483922322591,0.255635999639829,-1.14557510143832,-1.61665723153523,34.0350965628947,64.2064727661305,0.000133518478833139,0,0.306970312883307,0.0314478322555472,536.679204688888,394.467025500171
2016-06-26,0.224125980337461,363.828380330404,0.19885197331508,-1.11944666975423,-1.62236969946022,34.0431678313062,74.6303803257476,0.00109176334392812,0.0030155193858913,0.302186020502919,0.079724443222123,553.755046249158,377.157912766826
2016-06-27,0.219940670331319,363.901073201497,0.0998718234399954,-1.12893815977233,-1.62087131039541,34.0428867770317,73.9253564311149,0.00368819435305418,0.0135547633659332,0.248932368913315,0.0472187885412372,405.939277818436,305.199689253158
2016-06-28,0.218193551898003,364.175331624349,0.227974320948124,-1.14867560150928,-1.61987314278022,34.0416246571935,78.7813563705387,0.0075376989237642,0.0442977310158312,0.21560982815025,0.0631457786951074,340.994954222531,276.991412990691
2016-06-29,0.217169626553853,364.41408589681,0.172235877315203,-1.18390726908705,-1.61058336182644,34.0205713860074,60.311920556807,0.00141009386261982,0.0129195022876516,0.227865417676985,0.0169664555670399,364.452547021113,311.192679670556
2016-06-30,0.215009008347988,364.765905761719,0.187737246354421,-1.19732807565452,-1.60847230334031,34.0224643506502,69.6074458925348,0.00725789814032054,0.0424276119889341,0.230412451298277,0.0950066442636395,436.675250965533,461.951167194131
2016-07-01,0.214776341120402,364.991822306315,0.263199639817079,-1.2214629349852,-1.62267144057984,34.0281606401716,77.26288844589,0.0186481286537014,0.204172843941172,0.159607214783143,0.069701522196594,286.12676612164,294.783921974379
2016-07-02,0.212977869311968,364.985227457682,0.180196937918663,-1.25112417452317,-1.63433731453759,34.0282007948797,77.9455392486171,0.0154548715082298,0.138887900985161,0.2340999134165,0.0802935099691377,443.482353100019,375.709336678858
2016-07-03,0.208657850821813,364.550938924154,0.243730471034845,-1.25461567389338,-1.63774483320408,34.0283499409382,75.6199369358837,0.0120201050181334,0.0950318847859937,0.276995629212238,0.06407739664603,541.224678175659,452.414934904346
2016-07-04,0.205228575567404,363.838659667969,0.215661759674549,-1.26193461203037,-1.6592925056479,34.0463456031971,83.4509176706013,0.0495063859122084,0.323605194841897,0.194077067903446,0.10954997587697,388.731051298416,333.870634356856
2016-07-05,0.201759289205074,362.802346801758,0.221545852224032,-1.26586392477043,-1.66098134903083,34.0723726516379,90.3118462132332,0.119355624520633,0.407706060383777,0.140300241754131,0.111172275659733,290.719453801254,200.992915595346
2016-07-06,0.198773742218812,361.897810872396,0.184320030858119,-1.28527094300528,-1.64884164010672,34.0891693803601,93.8748253306052,0.170817460791257,0.437811538128925,0.11843246818149,0.0914821003220583,232.489018097347,143.739569033592
2016-07-07,0.195588871836662,361.335119628906,0.154316188891729,-1.30807033651753,-1.64050182588118,34.100671122845,94.5832906342987,0.173675989868694,0.435602961234132,0.0859635277210097,0.0768102696095418,172.16305512503,93.560384285566
2016-07-08,0.193122357626756,361.084975179036,0.185318899154663,-1.33053929913313,-1.62975379891862,34.1072625181729,92.1836866722967,0.161040638307376,0.425110789842175,0.152934446426711,0.0683499880807292,237.758126637978,114.115913258064
2016-07-09,0.191923568149408,360.787605794271,0.226570311188698,-1.35149656583492,-1.62451746902968,34.1102857231198,89.0199723422975,0.142261142569377,0.404175206612712,0.168430047627903,0.0634670263310348,255.670702734301,121.140370185292
2016-07-10,0.192332556843758,360.244459025065,0.289765385041634,-1.3626594603958,-1.62491787824416,34.1129474639893,86.4941639900208,0.135319185922889,0.435000622939122,0.155910574473945,0.0442724905459953,216.659455074931,120.516211978238
2016-07-11,0.192556577424208,359.490142822266,0.212958107640346,-1.37411422612972,-1.62869942233078,34.1167279293663,84.5488956315177,0.125799217816316,0.438978929408735,0.152090024077018,0.0393941180878564,204.002785531974,135.783030507345
2016-07-12,0.190332817534606,358.840352376302,0.13744880395631,-1.4500323421973,-1.64865347630996,34.0982790925449,48.1142682527241,0.103036826942991,0.393387603072828,0.166936246748257,0.0135635268363289,213.750063727514,141.952734440326
2016-07-13,0.190008986492952,358.345700073242,0.346745356420676,-1.48851595740569,-1.66859261882036,34.0991624961222,48.9541007710579,0.0778157455090405,0.378699135395901,0.145502156851099,0.0563789306950748,193.5135987406,138.814031340262
2016-07-14,0.191739596426487,357.844830322266,0.428020082662503,-1.44775791230955,-1.67335626191663,34.1142609961947,70.0004002492231,0.0778029816141142,0.403673258182922,0.175899050695668,0.0660783095579398,251.672415796308,210.776328317983
2016-07-15,0.192202604313691,357.694922892253,0.389202473064264,-1.46370096493484,-1.66179823561719,34.1153050186042,64.4015157097264,0.0683355031436995,0.288666664633228,0.166346527678066,0.0770626780121846,250.412419742747,218.248191724753
2016-07-16,0.192104807992776,357.64096883138,0.515582950909932,-1.47421677220137,-1.64802589586803,34.1171178028996,59.8960196452033,0.0677855105149819,0.261526989705048,0.206243169837092,0.0302156190618985,295.610271213224,263.14279231928
2016-07-17,0.188994723061721,356.988627115885,0.415651247402032,-1.47399648911971,-1.63668586347336,34.1156664109768,52.2635237650764,0.0565184725437986,0.194845194490696,0.231015937780975,0.00673013454989383,341.586930634607,274.452118752473
2016-07-18,0.182228597998619,356.626475016276,0.110342510913809,-1.45439672156384,-1.64587239125617,34.1087939757154,46.2120240864001,0.0228234232036453,0.0522138172421943,0.244611589924285,-0.00448140212075603,371.736923577991,271.889171271553
2016-07-19,0.177211083471775,357.004409790039,0.179158771534761,-1.43644358094474,-1.66537096536249,34.1067344981029,43.0821556937426,0.0975603733452097,0.132894982854205,0.225972352675477,0.0101422416256335,329.702425027679,249.113225803027
2016-07-20,0.1749770835042,357.61477355957,0.122584588204821,-1.44402410145989,-1.67096411509621,34.1006997617564,38.7854706040002,0.0862863164624691,0.135738488616577,0.221346388816049,0.0238824545973002,322.827274117731,249.513690892172
2016-07-21,0.174038090308507,358.206688435872,0.230636995534102,-1.47589919329586,-1.67255543900612,34.0869263383679,31.9624036165108,0.0537103625434351,0.109202447567701,0.209685105662373,0.0269090645995579,298.575842191126,222.157418303514
2016-07-22,0.177113842964172,358.219714355469,0.414994983375072,-1.49566692517216,-1.68078740467703,34.1032524539116,48.6362953580412,0.0492383449100294,0.281292313415753,0.216387705415263,0.0574895291120038,319.126346512892,247.848375422912
2016-07-23,0.180731071035067,357.853614298503,0.36098698079586,-1.48825437077006,-1.67548452060025,34.1271624027338,65.1065390056237,0.0802955178761001,0.426421594070761,0.122503132846459,0.0769640094551601,173.016949086942,113.248725938803
2016-07-24,0.181690100332101,356.832297770182,0.323386091490587,-1.47553297048225,-1.66797881108478,34.1427831004437,73.3763672857356,0.124127727502579,0.44553295080375,0.126105693862178,0.0716565420529,174.127174003553,104.210986400718
2016-07-25,0.180262216925621,355.312397257487,0.300118458271027,-1.45044813030644,-1.6670621059891,34.1601306083507,81.2589773844956,0.150774773973551,0.440057402182567,0.140043244732166,0.0757019656353203,202.724675600329,124.975022418446
2016-07-26,0.181143934031328,354.541839599609,0.33673074344794,-1.43532839036526,-1.6687325924859,34.1707317237567,84.6183079705202,0.164166060727986,0.44233481720426,0.135935866098879,0.0605872725801809,195.06535361204,101.735084807861
2016-07-27,0.1802211150527,353.71545715332,0.216049497574568,-1.41925867181972,-1.68670753518442,34.1789064479053,86.3329660910413,0.142645778785691,0.35865558784357,0.162085409969428,0.10548849001919,283.940687253208,152.480433837719
2016-07-28,0.180461086829503,353.860656738281,0.256009888648987,-1.41434909481751,-1.6898339628277,34.1788202873746,78.2105680408334,0.113462524013404,0.254789069644651,0.17754888670393,0.0849424195020719,305.834343816232,162.76923604261
2016-07-29,0.183204421897729,354.551157633464,0.229288607214888,-1.43732746718521,-1.68662148938143,34.1750455870664,64.472075369125,0.0893497487330543,0.233424209764168,0.184111513351475,0.030073352214089,294.888366674704,162.678095924242
2016-07-30,0.186737421154976,354.885166422526,0.391122930993636,-1.46569178180587,-1.68561414399541,34.1745177104061,62.1401626687301,0.0704941714289283,0.244647155554363,0.126589859002515,0.0392702083502497,202.441043958891,93.0190832262206
2016-07-31,0.189215292533239,354.508139038086,0.458234700808922,-1.4592264498535,-1.67265410351574,34.1833809300473,71.8860081765885,0.0716738953654255,0.292590472609141,0.145139605829254,0.0579025615426831,226.964363314143,112.893851009294
2016-08-01,0.182160792499781,352.401583862305,0.31326515947779,-1.40607192372917,-1.6807472486245,34.1968849153447,83.5415551895486,0.0605006503594227,0.19251041361866,0.201676865577474,0.112801458896663,366.498753470122,180.633474108678
2016-08-02,0.175882414728403,350.26770324707,0.356879124293725,-1.31188950704453,-1.6944473054176,34.2262158931646,99.8247871721598,0.0853950344936404,0.266767339549847,0.144928500910563,0.128565531181998,298.575263781901,155.61775882214
2016-08-03,0.175029771278302,350.168659464518,0.173126875733336,-1.32015291304517,-1.68971464553274,34.2335531478538,96.0340667452131,0.101089550674144,0.251545371809848,0.186628716794732,0.0432995694892523,276.632593657705,160.394160162646
2016-08-04,0.173765225956837,350.656909179687,0.172114369521538,-1.35654657787846,-1.67725253149979,34.2268815434965,79.8856443139843,0.123349126096662,0.252927373435569,0.170600762548751,0.0654358146362063,264.279800259012,142.786765385584
2016-08-05,0.175072708477577,351.176033528646,0.424588106572628,-1.41661526878974,-1.65948525407261,34.2105092213566,54.1227434631577,0.102653469306083,0.219022129574474,0.164857316958277,0.00408213725663666,233.673376676178,129.895032580184
2016-08-06,0.179954491058985,351.82582804362,0.685253106554349,-1.46570279835758,-1.65218376351478,34.1913490869049,37.8888460173643,0.167572790393481,0.263629285885948,0.214522174790614,0.00508718299014228,332.143582953113,201.463782926345
2016-08-07,0.181220899770657,352.026899210612,0.349506076425314,-1.49297670560672,-1.65697149271356,34.1747934728637,34.3763489579796,0.236595829274567,0.327614752430098,0.22662632059502,0.0043322516227127,362.652156019913,233.880881133525
2016-08-08,0.182482137779395,351.990173339844,0.640589459737142,-1.50862788190519,-1.66342053915325,34.1722462876399,45.2729488817373,0.169157156142182,0.269380343244656,0.245832329405878,0.0704564535360139,441.839496072131,313.581589010267
2016-08-09,0.188653223713239,352.123415120443,0.668007835745811,-1.53266362005607,-1.66488680041822,34.1702557900794,48.5290215571124,0.103243199706645,0.262132196872726,0.196986653050758,0.0597864485352783,346.153786927631,244.988608798215
2016-08-10,0.183891854186853,349.539045206706,0.517450861632824,-1.40757811495236,-1.67257608865437,34.2102451754692,84.0578464099339,0.122943844089523,0.424631786637736,0.161860537022016,0.146436068796574,379.11818915099,219.247931352471
2016-08-11,0.184701925019423,348.269021606445,0.529492756227652,-1.36311929700966,-1.66603066957087,34.220519245119,93.947105454323,0.165594034635679,0.432571188343647,0.143783482379819,0.0746074296478042,305.481824696704,155.733729749435
2016-08-12,0.188003166516622,347.410918172201,0.558046075205008,-1.39800677442909,-1.65079894684311,34.2059254467039,88.7721526533141,0.15941647428291,0.439397696937834,0.103308596879356,0.0407663035325538,238.67891862403,60.7193133631488
2016-08-13,0.187353681027889,345.973492431641,0.383366610109806,-1.42007097041697,-1.63841600749726,34.2062409623225,91.3226283403268,0.157891552905811,0.446485219481296,0.0728933449582498,0.0882397957454275,254.785408520453,92.5730616888896
2016-08-14,0.185617295900981,345.378415934245,0.276812892407179,-1.42001314360396,-1.63241441895191,34.215534253228,96.1562554890052,0.158210648608891,0.442268844833948,0.0954747475907767,0.116043763963464,309.874624419335,101.918749413712
2016-08-15,0.187957871456941,345.740851847331,0.380562243610621,-1.42606820065276,-1.6408070070403,34.2206054343317,95.7426490927101,0.162259514377053,0.434776896428793,0.0746739742563183,0.0835426986441576,243.568541507671,81.2665521001709
2016-08-16,0.191424242655436,345.791985066732,0.397869724780321,-1.43720906793623,-1.64679368142795,34.2265315235109,92.6018815327408,0.229702121823242,0.457175302886425,0.0637676224280569,0.0866656830828441,224.364967723599,72.0852006056887
2016-08-17,0.196358848114808,345.510149129232,0.566532577574253,-1.46854446077705,-1.64632213743109,34.2235657971604,85.6967819794676,0.259916737101468,0.467420803312968,0.143081327704223,0.0567759008643995,280.568708648007,131.843432221475
2016-08-18,0.204744884868463,345.426718139648,0.685871523121993,-1.47778812566198,-1.65061882564,34.2244778683311,85.1873749180844,0.304985604900167,0.471467946705065,0.15514187511981,0.0655643137774073,290.364270594325,159.782425661501
2016-08-19,0.213068743546804,344.803834025065,0.606230547030767,-1.49421580303881,-1.65563143106332,34.2247588939236,82.4573452132089,0.35951248788856,0.474336228312406,0.135206175407857,0.0500228199547619,240.881236605243,121.532528587773
2016-08-20,0.213704532881578,343.241493733724,0.548955525457859,-1.48915478116588,-1.65934872447996,34.2315395183133,85.7776673037307,0.444103254411454,0.481288940610742,0.0769984286026399,0.0517346101175798,156.761351583154,53.5512578629705
2016-08-21,0.207713552812735,340.907026163737,0.435891117652257,-1.50136402092482,-1.65207132316173,34.239719878462,87.4751158585226,0.531439685983989,0.492865322563881,0.113758317790085,0.0438663418215692,169.58635636254,70.2279405096698
2016-08-22,0.204219934840997,339.236898803711,0.483791061242421,-1.50513087179428,-1.64159750983231,34.2409130325891,87.3110504257948,0.601028627919075,0.496780526593215,0.126447592350773,0.0130678878718973,156.564886683221,79.5031945061453
2016-08-23,0.209580441315969,339.166412353516,0.704495251675447,-1.54446532986218,-1.64761172111769,34.230466570173,73.0981438715655,0.650970274904617,0.494035581336882,0.0811494050645515,0.0124070363021211,98.5017911613321,35.9024412880552
2016-08-24,0.22171505043904,339.83227742513,0.97381953895092,-1.60424489679193,-1.64310048711031,34.2166128230274,59.7984981680275,0.686140420909663,0.492962844837877,0.121677067803037,0.0358581012465004,140.954765927917,72.5740204889332
2016-08-25,0.235330366094907,340.486363728841,1.0286391283075,-1.61781164040243,-1.64867068860764,34.2124022290223,65.1971764958891,0.725083787190287,0.495349253142687,0.155655871404517,0.0428727693099501,193.889644927165,121.140360392116
2016-08-26,0.2471010496219,341.481706746419,1.21772832473119,-1.64394282846523,-1.65899190777227,34.2046865305506,67.5640821922991,0.740973201685382,0.497750003647087,0.156454400670596,0.0738089004657546,215.305166938009,131.220673435701
2016-08-27,0.257536518573761,342.333232625326,1.60741430719694,-1.65993268776657,-1.66674430208995,34.1979918372362,69.1955604051289,0.721898418578102,0.501071474269817,0.141539339872455,0.0715899982566672,199.175727194813,130.132558820726
2016-08-28,0.266205748418967,343.471348063151,1.35215582251549,-1.68847047789653,-1.67372225146545,34.1813729508479,58.0901498830408,0.727199145389679,0.499711909352389,0.19617206101915,0.00931617666624094,262.77650503619,144.323654971127
2016-08-29,0.260786180694898,344.680362955729,0.633456487456957,-1.7174983997094,-1.68252787643805,34.1515199331413,37.9725997896123,0.746480303487383,0.488775153245245,0.209581847435662,0.013758569843787,290.623920826956,188.073576028534
2016-08-30,0.259237034122149,346.606592814128,1.33609843452772,-1.75330279913164,-1.68082296937928,34.1224814680286,25.7106981456728,0.786585038433314,0.486692780390718,0.19620648062879,0.0196878804888268,257.653070754805,167.984761852777
2016-08-31,0.272100147108237,348.181903076172,1.75248526334763,-1.76631057083159,-1.68854094179053,34.1198368789558,34.5358254246246,0.829961763792916,0.500738753524042,0.0941048565047576,0.0788478965177796,127.442487685101,73.751897207767
2016-09-01,0.282456113398075,348.285527547201,1.79949922362963,-1.76353774931198,-1.68799252841706,34.1209326292339,43.8215988381465,0.84016825481409,0.509966012566609,0.095059420339259,0.0752246838791254,116.096220559777,59.2252278713217
2016-09-02,0.279631614188353,347.726043701172,1.38938246965408,-1.75170574421273,-1.6897502111313,34.1226765482049,52.4218527069665,0.794228002590064,0.510413463794647,0.115724810882282,0.114311322373779,176.015359763993,107.462911360473
2016-09-03,0.279023755590121,348.207342529297,1.04440623223782,-1.73192149266264,-1.68763341446568,34.1213457781569,58.4458165814106,0.712079862013627,0.48925702520331,0.13878808505273,0.104593586176634,194.703747947553,122.119387915723
2016-09-04,0.274296705921491,349.106216430664,0.52176641424497,-1.72619686001226,-1.68577821362287,34.104061556938,52.9369959436861,0.766481542707722,0.500586737003317,0.247782760684876,0.0501008373230023,359.860075867381,190.115857456133
2016-09-05,0.273980738719304,349.535188802083,1.26276466051737,-1.70990135033328,-1.69612467378602,34.0976538693995,59.1588715467238,0.880886084491149,0.527551446082,0.229701118515734,0.0906307945182001,344.641121458339,204.098487790407
2016-09-06,0.292238110303879,350.834649658203,1.03135034441948,-1.7116581214998,-1.68572887442166,34.0919917830847,60.6956968881134,0.912541866974723,0.547127462419352,0.225329857823768,0.0521178123702232,305.020121162141,194.535974248137
2016-09-07,0.303727518518766,352.04045715332,0.770593339204788,-1.72752132137915,-1.66509676248507,34.0760382888909,52.5228163138368,0.936206045455502,0.545552776272136,0.230630441211668,0.0310485678395831,306.435510212213,169.87518695293
2016-09-08,0.325037620464961,353.205151367188,2.11188674767812,-1.74163601048907,-1.67329201124665,34.0685003753892,52.1499396983842,0.865713023937734,0.544895939472923,0.179790734208392,0.0877785759284756,237.289207073536,156.754206613149
2016-09-09,0.35227335592111,353.679412841797,2.40978562831879,-1.72238594853788,-1.68811987575732,34.0790326254708,59.4434050653214,0.74349829630184,0.554553441535261,0.196669995070512,0.0970282087284595,277.029580432626,157.509530045771
2016-09-10,0.359538286924362,352.812668863932,2.07726676066717,-1.67307813297537,-1.69975820968026,34.0971086401688,67.677092921465,0.658674333314586,0.548139964503453,0.173003234389357,0.141626535375652,291.373941253047,160.576436067459
2016-09-11,0.373919459680716,352.822842407227,1.77925047179063,-1.64360138415394,-1.70708150612681,34.1109795391111,71.334150995527,0.581914980200827,0.535467900615886,0.184067914668555,0.0931870067786229,252.083987110247,152.588155236113
2016-09-12,0.396009628971418,353.105744425456,1.89537340601285,-1.6549707904346,-1.7054649470444,34.1047955419784,67.7241323944321,0.540621771258337,0.496726028855778,0.185339137155535,0.0901558072047126,248.595537849357,159.714779853203
2016-09-13,0.426814421017965,353.484773763021,2.39826571345329,-1.67880000756647,-1.69286860379958,34.0930872322025,53.5972742962658,0.491122556073045,0.471901057788724,0.18346672345485,0.0397429010669764,213.136369010883,165.252026039294
2016-09-14,0.457429324587186,353.715460205078,2.33285584251086,-1.7065695591439,-1.68170984436695,34.0688675901944,34.8547783184769,0.384730366184838,0.388193692304621,0.206438212536443,0.0102294372548734,248.774665257912,167.495936019462
2016-09-15,0.495107509195805,354.272109985352,3.02283692757289,-1.72316245028847,-1.68296614939109,34.0611117513556,33.5273378092544,0.272699086785078,0.298040206144963,0.195880643715312,0.0644812504935982,249.294654299204,204.334554856125
2016-09-16,0.532446995874246,354.653688557943,2.53927147189776,-1.71170492952031,-1.67034800697986,34.0774436176271,56.3852438102091,0.242220590530047,0.294337255880237,0.167436475312351,0.0650067198601432,199.811019747912,192.380470320328
2016-09-17,0.555491064985593,354.659565226237,2.25135254263878,-1.7230908610767,-1.66300865178718,34.072550379244,54.6510809095282,0.208366412652789,0.228140199273349,0.181229464121555,0.0307778020186308,203.777741706159,173.916941163366
2016-09-18,0.55507062325875,353.94021097819,1.95986722211043,-1.70526988591467,-1.67265296116807,34.0749253007702,59.5306011536964,0.174168113571921,0.162126292855928,0.206052714636675,0.0650273715531019,269.579865698062,217.855986631914
2016-09-19,0.580335402985414,354.061377970378,3.15419571797053,-1.68468159145879,-1.66950013942288,34.0782697433816,63.4773558566445,0.103980634218831,0.0972548021297706,0.180272605522235,0.0363537403229708,209.074286709162,187.510172259342
2016-09-20,0.613908610741297,354.560986328125,1.41118170817693,-1.68966827177464,-1.67270114368066,34.0649379787588,54.3969511698959,0.115898952426064,0.0799087865814341,0.162135891714378,-0.00593848880800538,173.161536645978,142.912422143385
2016-09-21,0.643603670597076,355.269900512695,2.49905841350555,-1.69594636335409,-1.67321973008321,34.0602454135292,52.8911033967384,0.0604717521503753,0.0616524469786586,0.138932646063149,0.0202018764234127,139.723656835406,115.887558778332
2016-09-22,0.695687930782636,355.788133748372,3.99962678750356,-1.68405653950863,-1.66702424493947,34.0607674964388,57.0225755935325,0.0310618919655681,0.0301095613054931,0.183349697507526,0.04890533780357,223.718813580869,160.500472060038
2016-09-23,0.70948355893294,355.575936889648,1.6353108505408,-1.66950127303152,-1.64615693038568,34.0672669805082,65.3698474446634,0.0318673183070146,0.0933453357372349,0.195609877978389,-0.0016360673633285,233.318289814946,161.284813170956
2016-09-24,0.703014100591342,354.515485636393,3.57996228138606,-1.62446696350449,-1.65019087594255,34.0732444390318,70.6216701923456,0.17366666666099,0.122373774348359,0.212144943514377,0.0446419247559139,283.316499964526,197.319809885777
2016-09-25,0.733995508154233,354.407434082031,2.79529387752215,-1.58289111646494,-1.65566470658869,34.0788319092944,73.681552607314,0.105351886145123,0.0926170409049677,0.186569055850457,0.0302087351315676,231.361089600841,195.640681942147
2016-09-26,0.756286154190699,354.943494669596,1.929097032547,-1.57846891588735,-1.65240633711779,34.0640029333588,57.2623637600949,0.149834433943033,0.109408855065703,0.154407595501358,-0.0240316050533289,180.255223254775,145.393844963792
2016-09-27,0.82773912747701,356.226560465495,5.97126233577728,-1.56168878616247,-1.66092627926877,34.0546868546565,48.2037585086392,0.171304206887726,0.0999481175094843,0.140543472231891,0.0292472872266868,159.043405925272,132.549057931278
2016-09-28,0.937587349613508,357.479430135091,5.55054794947306,-1.54783292439647,-1.66591135093144,34.055788097525,62.5136130483527,0.00736128763727299,0.00992595920021214,0.12241823132381,0.0237814910933936,128.809450954001,108.349421695125
2016-09-29,0.988165251413981,357.917944335937,4.89684476057688,-1.54185772098993,-1.66417661062757,34.0565568163879,66.5062604201467,0.0793971699063799,0.0598925757887108,0.163067509203141,0.0288457279338648,181.937280507388,164.745266801836
2016-09-30,1.04109420180321,358.391971842448,5.39735786914825,-1.530576429869,-1.66184298346813,34.0574574864897,68.9827343790155,0.0822791733856623,0.0727993633287648,0.166224912985375,0.022133950662232,185.57773419971,167.471073032954
2016-10-01,1.09421342015266,358.664383951823,5.89339156150818,-1.51024972372933,-1.65827942790842,34.0615648685541,72.2841258156569,0.0630764776052764,0.0826934227863183,0.159595742499582,0.048964997935564,188.855882603382,175.590548536819
2016-10-02,1.17829879124959,359.239583333333,6.29584053357442,-1.48274176170055,-1.65919727983331,34.0618058111435,73.1446102292914,0.0299726973753422,0.0556375915184617,0.129992788335434,0.0123909737466645,139.411988624148,128.555591554976
2016-10-03,1.28239011565844,359.954924519857,6.22646117210388,-1.46761376012985,-1.65603643476515,34.0579623602387,72.1779995538238,0.00200277718249708,0.0199324013665318,0.145174025116782,0.00153739863824575,159.006669716217,142.342136898068
2016-10-04,1.37116440733274,360.525053914388,6.03077141443888,-1.45207823622496,-1.65447494275588,34.0533042420122,70.4880085565094,0,0,0.149127664100519,-0.0251628552612505,170.39699965259,130.690422197408
2016-10-05,1.47470626036326,361.298770141602,9.66053771972656,-1.4346482665243,-1.66489598042983,34.0559545387899,72.1177657062846,0.010948515497148,0.0858333110809326,0.151218067028357,0.0559980229131485,191.885469755994,166.101263756061
2016-10-06,1.61967329184214,362.386639404297,10.9500712394714,-1.39572958872282,-1.67375208560685,34.0572510912902,72.0661364999929,0.0163401191433271,0.0567135612169902,0.126408584135816,0.0231022822033418,153.657051519326,111.651065565345
2016-10-07,1.7580873131752,363.304378255208,11.0940412839254,-1.36453463002703,-1.66739367632041,34.0540785968752,68.2387024908138,NA,NA,0.160830250107928,-0.0101651877753044,205.723309924679,140.569104412902
2016-10-08,1.90802033344905,364.332295735677,13.0047738711039,-1.32165084185457,-1.65545359993339,34.0532008579799,64.7956176772153,NA,NA,0.12569954484365,-0.0118563262871782,161.862404471567,85.4022417823981
2016-10-09,2.01641643842061,364.997069295247,9.47950614293416,-1.30617038513485,-1.65525282011893,34.0462251534139,56.1414397963904,NA,NA,0.0878405306852402,-0.0391004062992962,127.694254108515,65.5136719080817
2016-10-10,2.1175891160965,365.741377766927,14.3387989997864,-1.22806594952157,-1.66279524968083,34.0375743665193,42.4379399414349,NA,NA,0.101110345971091,-0.00113583912134619,129.804746558099,63.1910583932301
2016-10-11,2.2278759320577,366.652828979492,11.9106228669484,-1.21652582086119,-1.66729271591158,34.0292046625811,37.1872645069782,NA,NA,0.107757873693131,-0.029552472559245,139.831017074889,67.799006399873
2016-10-12,2.31330872774124,367.456648763021,16.6208255449931,-1.19726474314256,-1.67356966133404,34.0225157773584,34.5805705973977,NA,NA,0.122028145168845,-0.0205690163586821,151.312138396282,79.5266668363496
2016-10-13,2.41078458229701,368.606248982747,17.7039170265198,-1.13908499053546,-1.67019541281507,34.0133487443279,25.5242598469096,NA,NA,0.104845995097456,-0.0189811360455097,130.085329555185,70.4613002425583
2016-10-14,2.53588606913884,370.600634765625,27.6549396197001,-1.0794678805466,-1.66843428871685,34.0091553738243,16.5052366830353,NA,NA,0.0888593439713008,0.0326570997196705,116.227179819781,43.399145027238
2016-10-15,2.63217428922653,372.173842366536,22.6006985028585,-1.0889483578223,-1.67102721355911,34.0245638969249,31.1110977983116,NA,NA,0.0860782592956509,0.0364983018095556,110.222964242912,44.7302970811489
2016-10-16,2.63450140158335,372.446272786458,20.2136336008708,-1.12722819998748,-1.66999693517398,34.0327156038213,40.9923262022492,0.00053647965368991,0.00129909871297108,0.0971108147440324,0.0463353579345726,118.227258368495,61.2302333267465
2016-10-17,2.67555270989736,373.062140909831,22.3679492632548,-1.14088305965402,-1.66223880491759,34.0411199411951,48.2605506782245,0.00192872981854011,0.0161021786770381,0.0792402774095535,0.0358076195715738,95.5093606160649,51.8016972866151
2016-10-18,2.70093057155609,373.44001566569,14.5707612037659,-1.11448752835281,-1.65807405898446,34.0475909154218,49.1336554477089,NA,NA,0.143469119038349,0.0442564280885727,165.608371036236,124.425428072738
2016-10-19,2.54364809989929,371.623676554362,6.55391347408295,-1.09424343100168,-1.66133586670223,34.0580486354971,50.4025830397929,NA,NA,0.176259307134756,0.0458695491061623,222.467761458249,186.753445326356
2016-10-20,2.33148308992386,368.69538269043,9.63682208855947,-1.08259040318934,-1.67815317247147,34.0786257578914,56.7294374372726,NA,NA,0.150414948414703,0.0822875391327797,215.402542054946,169.141932198446
2016-10-21,2.37058203220367,367.925270589193,15.5925096988678,-1.06113750011401,-1.69200582522199,34.0979522475623,59.9837889384506,NA,NA,0.165029413521962,0.0837147952638622,254.391238686175,183.953055900375
2016-10-22,2.45342074632645,367.744553629557,15.7041837374369,-1.05584793588273,-1.70156982115337,34.1185350202976,63.3213211396583,0.00142943312633125,0.00587930108475334,0.0763582286277884,0.083735447517015,166.13079910176,69.7114969587205
2016-10-23,2.49843707084656,367.848387654622,11.474273276329,-1.04333856074434,-1.69376121203702,34.1278167954065,61.5928949162476,0.00117361620890305,0.00200165517847328,0.123581606586625,0.0392059588986904,183.004298952364,86.2942823792685
2016-10-24,2.45779337088267,367.483990478516,8.78501544793447,-1.00396004139929,-1.68605700829872,34.1394676552679,59.5719038059837,NA,NA,0.183817801478886,0.0475446252166329,274.604043262238,134.722532092988
2016-10-25,2.38126253684362,366.244448852539,12.9910680135091,-0.945072629846128,-1.69337112473366,34.16172548165,62.7832313516086,NA,NA,0.163689352585969,0.0699883502929058,262.941554378906,138.076646503347
2016-10-26,2.34996361335119,365.189825439453,12.2195495049159,-0.904254005927789,-1.69101110436863,34.1806559885355,67.1292509028786,5.34073915332556e-05,0,0.115495348769359,0.113831745418615,254.947209689123,125.676502487983
2016-10-27,2.32704522808393,364.717232259115,10.1654717604319,-0.861158200896772,-1.68387711720359,34.1890256207688,65.6784741322797,NA,NA,0.125341583365448,0.0427052615896652,225.920846334941,78.1651402772792
2016-10-28,2.33472626606623,364.815037027995,19.93639793396,-0.805872429582409,-1.67663987193789,34.1838800674094,50.9601765431856,NA,NA,0.0980837358427899,-0.0076456895112095,199.998121790433,53.5747232991831
2016-10-29,2.38379169305166,366.02858988444,28.8338201840719,-0.631762726806608,-1.67634042537302,34.1723207889643,24.5094620267251,NA,NA,0.120743155773533,0.0283753300379766,252.510939747487,53.6700071362632
2016-10-30,2.37204312880834,366.225594075521,21.5966173171997,-0.629871038117803,-1.67819792166688,34.1703532082694,27.3760221990428,NA,NA,0.181938503315686,0.0184854972211266,356.571572283275,104.645945441491
2016-10-31,2.32081041534742,365.812772623698,15.7317848364512,-0.619776525079532,-1.68369584065631,34.1626374237519,31.3176140211579,NA,NA,0.194958204137427,0.0191463491690338,397.377504029573,136.161386194921
2016-11-01,2.28346365292867,365.772080485026,13.2117837587992,-0.600286899428619,-1.69539613159079,34.1579678327517,34.832979431726,NA,NA,0.222642851713345,0.0707478707278133,493.17507824465,199.66313703861
2016-11-02,2.21480477452278,365.679109700521,10.5373551686605,-0.594823856999103,-1.69220660279568,34.1646624400203,45.0010358803254,NA,NA,0.205407925104176,0.0814591791564809,474.735620186975,193.641202450731
2016-11-03,2.18246867656708,366.069530232747,13.7715213457743,-0.559746386721394,-1.68292254971382,34.1497703925111,39.1721149996707,NA,NA,0.195653475919052,0.0603256854123639,453.925521021172,197.539391968223
2016-11-04,2.19697152574857,367.107019042969,18.6921238740285,-0.52482586945022,-1.67728695430254,34.1445444150079,41.7042335926142,NA,NA,0.209556606941317,0.0928978840435358,484.19575611022,291.134288713004
2016-11-05,2.18120603362719,367.976564534505,17.6628117879232,-0.490238531219556,-1.67999001866893,34.1381653520398,42.8320417690994,NA,NA,0.222502880260572,0.0943503808510259,503.121518871708,440.488445937761
2016-11-06,2.14656874140104,368.789950561523,18.6952255249023,-0.478048566364704,-1.6753135798569,34.1432365761664,50.1197703332829,NA,NA,0.187867814296843,0.126975356496142,460.883268181318,477.04680713891
2016-11-07,2.10911162892977,369.667913818359,19.3213358402252,-0.466871909236998,-1.66906416685061,34.1371215304038,51.7925519620566,NA,NA,0.201394626730703,0.123168573679781,507.530793860094,523.412011321007
2016-11-08,2.06331211924553,370.624932861328,20.4500584125519,-0.407802759844782,-1.65784918500068,34.1356413991828,51.1988176869271,NA,NA,0.184194120137315,0.0987193468201878,473.106936727389,324.46277286628
2016-11-09,1.96511681874593,371.428978474935,23.0949436187744,-0.364481161523582,-1.65375328243227,34.1253615501232,45.6102587764424,NA,NA,0.136514111597063,0.0392679138515229,357.172005742764,153.010684941166
2016-11-10,1.83001057505608,371.599068196615,20.7548682530721,-0.334459209016391,-1.64796623834094,34.1055761208212,38.6248469854656,NA,NA,0.140320894287381,0.0373886157583473,351.319342223426,155.25734965246
2016-11-11,1.72153569062551,372.155704752604,21.3439294338226,-0.279368940656795,-1.63971706037235,34.0927605162886,35.00737085199,NA,NA,0.178395602558004,0.0846968950857794,431.591208773531,305.948166033582
2016-11-12,1.61693633794785,373.25727742513,22.0943572203318,-0.228207986437737,-1.6343533795579,34.0853833076649,33.3495044170466,NA,NA,0.172305668935292,0.0629071385172525,399.377052609553,332.551889641944
2016-11-13,1.51075116097927,373.651778157552,20.27916320165,-0.196484339836621,-1.62329557829333,34.0787689954715,32.9330299814841,NA,NA,0.154712780301732,0.0651604599018294,361.906303249297,307.779201360648
2016-11-14,1.40104220310847,372.863246663411,16.0324090003967,-0.210590774767605,-1.60994774865029,34.0714834399689,35.306245714202,NA,NA,0.128570120459549,0.0556033475366526,305.111122946119,232.196267561635
2016-11-15,1.30752756893635,372.204038492839,14.9472307999929,-0.199816134779301,-1.60472403612352,34.0676455677004,37.2555295506814,NA,NA,0.153850002060259,0.0856675206494511,368.596304769762,326.244108970368
2016-11-16,1.24760914444923,372.239519246419,14.6979207674662,-0.166275145780099,-1.60793421501504,34.0687585845029,38.2221401938818,NA,NA,0.188608977635552,0.100653715627758,446.052414487573,411.740234072945
2016-11-17,1.19324810306231,372.72192586263,16.3873344262441,-0.0838366202673966,-1.60621668835332,34.0727225999187,36.8889632834528,NA,NA,0.169875660729139,0.0777969580787913,389.103736508607,324.072011205018
2016-11-18,1.11009484430154,373.190559895833,17.6391009807587,0.0281502464996245,-1.60957372726354,34.0691314783311,28.7723014946271,NA,NA,0.164311196052826,0.0463491258092393,342.845133148263,283.085232626975
2016-11-19,1.0310120344162,373.130581665039,16.7543136755625,0.119259699618906,-1.61218730623561,34.0598668980419,22.0892063800554,NA,NA,0.162466318185504,0.0521591157701455,334.649949075783,311.031143732367
2016-11-20,0.982629482944806,372.736846923828,14.8170509974162,0.202706024414839,-1.61087133203234,34.0519676925544,18.9788424197892,NA,NA,0.222349140302915,0.0660507739906697,465.649688736131,547.028896719459
2016-11-21,0.987982514500618,372.135747273763,13.3617643038432,0.235074001875587,-1.61482841000521,34.0427376309732,17.4821733496243,NA,NA,0.220667179463837,0.0771636420342707,473.485065673195,540.294489095351
2016-11-22,0.991109704971313,371.827001953125,14.6687517325083,0.320673602332074,-1.6176117949916,34.0439366362149,20.7491454612044,NA,NA,0.185437805754574,0.0916541972498697,425.747641871473,393.365091213431
2016-11-23,0.995779054363569,370.571425374349,9.02537723382314,0.284712242172625,-1.61215976978603,34.0366799347383,24.8955326976633,NA,NA,0.287899686107622,0.0428498229642112,621.458511898801,711.455175610085
2016-11-24,1.02099238932133,368.843908691406,9.74126440684001,0.258137734928974,-1.62459318888815,34.041888660058,30.4014850738353,NA,NA,0.267858433222076,0.0865509517322806,597.932126945384,597.826771171696
2016-11-25,1.08213169872761,368.075352986654,11.6337441921234,0.264195543090652,-1.6291606426239,34.0507459568798,35.969392238703,NA,NA,0.261059460027101,0.108503627121673,609.382505749853,627.663064782825
2016-11-26,1.12935173908869,367.701986694336,12.398081612587,0.286895807356315,-1.62576918404801,34.059935878094,40.9447128826514,NA,NA,0.2070761178165,0.120908368238829,509.592848103266,390.248477119509
2016-11-27,1.12717355142037,367.104762776693,8.21724553108215,0.338081543298816,-1.61472285824611,34.0561899457659,37.0759752746811,NA,NA,0.230104972139225,0.0600824547385363,495.731050984875,387.620726025776
2016-11-28,1.1210680603981,366.575941975911,12.5411400000254,0.531892893457771,-1.60967927409294,34.0534536175262,25.1467941793284,NA,NA,0.198294589043896,0.0721430030084194,412.211802332846,377.047431715433
2016-11-29,1.10769128650427,366.475937906901,13.7354688485463,0.550517905475502,-1.60752691810292,34.0406954629081,12.9158697845344,NA,NA,0.198964618720618,0.0386047670407627,366.419136538961,339.653672847855
2016-11-30,1.11155585795641,365.474318440755,8.83600611686706,0.493001757483733,-1.6074925011262,34.0381198538873,24.5834636688232,NA,NA,0.284657381334923,0.0615326579856245,570.461757115237,659.530615402077
2016-12-01,1.14738229860862,364.663995361328,15.4757171948751,0.559453173239428,-1.62012899952724,34.0502066504686,27.5119787553199,NA,NA,0.195401067334346,0.105564212552587,392.691420367358,462.083766192945
2016-12-02,1.15696689436833,364.793379720052,18.0244129339854,0.734479809053858,-1.61886695229021,34.0497764931586,21.3474689139459,NA,NA,0.196477246407728,0.098879970582132,381.687641126399,459.003038409382
2016-12-03,1.13819709767898,364.905235799154,18.3061284780502,0.918538086172333,-1.61964713137849,34.0489676769515,20.7847121604403,NA,NA,0.191844397637629,0.0701420901805387,351.267378012792,423.068823565714
2016-12-04,1.10202433168888,363.822927856445,14.4297044833501,0.838360224899493,-1.62319691423187,34.037110235458,23.2451237449072,NA,NA,0.16868475026318,0.00512848636205483,267.297277858622,300.658072502108
2016-12-05,1.04386451592048,362.374226888021,11.7445772488912,0.866058182895632,-1.63176159661515,34.0224017523285,23.3483818742566,NA,NA,0.219246806506824,0.0539420391327905,369.418351875616,368.621378454264
2016-12-06,1.03451796472073,361.943899536133,15.7989653031031,0.954042356265219,-1.63583570136163,34.0188392839934,21.5522641848801,NA,NA,0.213962286710739,0.0943503812431617,392.765873455148,326.092209205719
2016-12-07,1.02837721953789,361.963814290365,17.1271335442861,1.05593746474811,-1.63891508435844,34.0201758477921,20.7657815495828,NA,NA,0.174850407595697,0.0801351810700463,311.238646981161,303.977680875283
2016-12-08,1.00405890146891,362.319421386719,18.0814272721608,1.24835826983129,-1.63187862338876,34.0187646105773,18.6604631968907,NA,NA,0.155389695043178,0.0612527134415126,264.651973433832,272.353164273254
2016-12-09,0.967452736695607,362.456032307943,18.4626585801442,1.33470133148638,-1.62276666773889,34.0122479460293,13.3679109372591,NA,NA,0.16640389405359,0.0264914428633183,257.442263845703,276.255500948028
2016-12-10,0.948676964640617,361.832397460938,17.7898017088572,1.31569357967018,-1.62174096905199,34.005541865987,18.2262055569125,NA,NA,0.145013402377192,0.022326699002905,219.032282812458,206.542593932064
2016-12-11,0.905216543873151,361.144283040365,16.567507648468,1.3814318242826,-1.61936488725189,34.0003503211459,18.0908225819581,NA,NA,0.160910561484726,0.0236644653141274,246.0132698095,243.080245877718
2016-12-12,0.865491876006126,360.845591227214,16.7419133027395,1.54096148291925,-1.62087474953859,33.9964494633495,15.8977348607286,NA,NA,0.154900940121116,0.0464753300595777,245.729432335009,228.415468788145
2016-12-13,0.899262446165085,360.483503214518,15.1485226154327,1.49870825754969,-1.62213106083691,34.0013598535294,19.007525121359,NA,NA,0.175570919927686,0.103017179407459,331.465981899303,302.489126775009
2016-12-14,0.944747724135717,359.491853841146,12.009873565038,1.47606857244233,-1.62154363286226,34.0067579800025,23.2325032779149,NA,NA,0.196162882267981,0.0652040574363524,346.887543899976,349.296254876133
2016-12-15,0.963393902778625,358.215053304036,15.7472860018412,1.51930205938511,-1.6150831190267,34.0041879782999,20.1427908947593,NA,NA,0.208971477512802,0.0448484409992632,365.079099022195,382.072381187597
2016-12-16,0.960600364208221,357.226565551758,16.5793981870015,1.64614432377923,-1.61731693663991,34.0019506296717,15.5942707384439,NA,NA,0.187925180098168,0.0414822264049286,326.847104465565,296.374658546987
2016-12-17,0.949423533678055,356.366650390625,14.6415455023448,1.76204122995075,-1.62037452450372,33.993948025811,12.6508406051119,NA,NA,0.179728779703715,0.0604335323004122,317.866159780982,263.050288244079
2016-12-18,0.949209226171176,355.96298421224,15.2958880265554,1.75349696462316,-1.62649772982848,34.0032929585392,17.9565869991044,NA,NA,0.132537526715743,0.0889947271408667,265.578653509491,150.385670762059
2016-12-19,0.907520305116971,355.000325520833,13.9068418502808,1.79328851905981,-1.62578983414442,34.000654234922,18.7987144011304,NA,NA,0.128570120011393,0.014192254149488,208.164461071905,106.099991835866
2016-12-20,0.833702457944552,353.358713785807,12.6103137811025,1.8041457627949,-1.62358011294128,33.989703285963,18.8698477028008,NA,NA,0.146218080129614,-0.00864385141241819,220.844452011602,123.123279808006
2016-12-21,0.774511468410492,351.520977783203,11.2596000989278,1.79972356737108,-1.62935453922229,33.9804731956998,21.1937290134287,NA,NA,0.108276458947282,0.018999493015664,163.714533851968,72.7659665315726
2016-12-22,0.755470236142476,350.537218221029,10.8784618854523,1.70466827136233,-1.63666750345015,33.9880341264538,27.0863256920549,NA,NA,0.0598851173023756,0.0859635278750631,165.863317408059,111.439802457386
2016-12-23,0.744216874241829,349.909647623698,11.7861378510793,1.671947840013,-1.63291464398678,33.9953138451827,30.561535121803,NA,NA,0.0934853079287629,0.0715073915968712,187.298201674003,114.325797980688
2016-12-24,0.718503971894582,350.086622111003,12.6258273442586,1.81666064889807,-1.62580016457049,33.9945336392051,22.2538457275333,NA,NA,0.139841317472265,0.0226066432389102,207.369170115497,136.143438058875
2016-12-25,0.683159204324086,350.107281494141,12.3290174643199,1.88788120952764,-1.62040550233726,33.9909310305029,19.6488728236435,NA,NA,0.144400737059296,0.0105621578045806,200.991181920014,161.402186233302
2016-12-26,0.647427769502004,349.536640421549,11.6706025123596,1.97944499585862,-1.62254638510539,33.9860549008936,15.2879382936578,NA,NA,0.155938110181264,0.0128269524390536,223.227570835201,204.602489313275
2016-12-27,0.632024831573168,349.000009155273,10.8196967283885,1.86395286931131,-1.61788829600901,33.9841617928412,27.5136996211862,NA,NA,0.12674818892396,-0.0313514581412301,186.20651467143,141.070373437344
2016-12-28,0.58826752603054,348.023230997721,9.94013058344523,1.93375534222538,-1.61956222433793,33.9804157027625,23.6925754941496,NA,NA,0.128969385141605,0.0189421275224453,174.845225052193,166.725413518397
2016-12-29,0.552854805191358,347.438012695313,8.46524833043416,1.93085861295686,-1.61496265579883,33.9743177370918,26.544794251148,NA,NA,0.133923479979088,0.00357043615689403,182.944696290685,174.673649571911
2016-12-30,0.529149734973907,346.954069010417,9.41986943880717,1.92695958497829,-1.61354686801595,33.9701356816113,27.8320789480568,NA,NA,0.112411372769708,0.0284900611364528,164.961629856084,155.409236573046
2016-12-31,0.514452471335729,347.249576822917,10.6146798610687,2.20427783897945,-1.60679149358792,33.9686900404163,19.5519250102509,NA,NA,0.154701307079846,0.0514225412048119,234.28179046804,269.892454382888
