"date","lon.x","lat.x","chla","o2","productivity","distance_km.x","lon.y","lat.y","temp","ssh","u","v","salinity","mixed_layer","distance_km.y","EKE"
2010-01-01,-57.9617647058824,-61.4735294117647,0.990285423834149,360.736763558737,22.155993601171,66.6130743362869,-57.9391505155601,-61.4613211630531,1.32137746688647,-1.59173054685477,0.0552776284093558,0.0589480866073516,33.9702350189168,11.3608346571002,66.7976519008478,21.2441165526382
2010-01-02,-57.9617647058824,-61.4735294117647,0.961140735120308,361.582433560999,22.0441076639222,66.6130743362869,-57.9391505155601,-61.4613211630531,1.55167829572109,-1.59404929253736,0.0550799378710478,0.0401740551407118,33.9715344664539,10.6934223059218,66.7976519008478,22.2571694418921
2010-01-03,-57.9617647058824,-61.4735294117647,0.945939716042542,361.283841016816,19.9992841743841,66.6130743362869,-57.9391505155601,-61.4613211630531,1.34460909743058,-1.58914573826449,0.0621580901918945,0.0021877775720337,33.9721275926762,11.4738891050722,66.7976519008478,30.4616796271115
2010-01-04,-57.9617647058824,-61.4735294117647,0.966262994016089,358.066039294731,11.2577856953551,66.6130743362869,-57.9391505155601,-61.4613211630531,1.0176345273229,-1.60116657039575,0.0747971186180588,-0.0247088725478784,33.9633653874983,19.9354656299277,66.7976519008478,41.5386752252829
2010-01-05,-57.9617647058824,-61.4735294117647,0.887173686812564,354.12600856874,14.081732883686,66.6130743362869,-57.9391505155601,-61.4613211630531,0.852825680443472,-1.61007789465097,0.00469021307110947,-0.0120237161695716,33.960420539022,26.4994166215904,66.7976519008478,88.7948601296304
2010-01-06,-57.9617647058824,-61.4735294117647,0.828008135280958,351.967446303949,14.7646774257102,66.6130743362869,-57.9391505155601,-61.4613211630531,0.764672410250836,-1.61024057623828,0.00133523632057122,0.0158935126304305,33.9637420952883,31.3216295975905,66.7976519008478,78.1186579798599
2010-01-07,-57.9617647058824,-61.4735294117647,0.792540018878332,351.213789777058,14.8011899052597,66.6130743362869,-57.9391505155601,-61.4613211630531,0.835153115423102,-1.60618050169205,0.0122164646251562,0.0554390759452393,33.9593311314962,25.9219948540815,66.7976519008478,58.409120871119
2010-01-08,-57.9617647058824,-61.4735294117647,0.764328474315201,350.708688875524,14.75339198694,66.6130743362869,-57.9391505155601,-61.4613211630531,0.900537352973794,-1.60081361083367,0.00303784761371722,0.0191356407656924,33.9524841360074,24.8538469824231,66.7976519008478,74.9160650423315
2010-01-09,-57.9617647058824,-61.4735294117647,0.733172669279866,349.757730623571,14.3360048910467,66.6130743362869,-57.9391505155601,-61.4613211630531,0.879584112067615,-1.59558345351303,-0.00386732518572395,0.00897516004550151,33.949047212176,29.6006903590461,66.7976519008478,87.3372629415257
2010-01-10,-57.9617647058824,-61.4735294117647,0.706618458396051,349.045262034346,14.3636099943301,66.6130743362869,-57.9391505155601,-61.4613211630531,0.962288037565877,-1.5911790705242,0.00885654570642914,0.0343339408367028,33.9441502631595,24.841285388962,66.7976519008478,64.0775437904703
2010-01-11,-57.9617647058824,-61.4735294117647,0.693468624135343,349.075545892483,14.4680843178819,66.6130743362869,-57.9391505155601,-61.4613211630531,1.08403786047589,-1.59343274434408,0.045389795698497,0.0231479394089999,33.9368522376345,19.8063488392695,66.7976519008478,32.8955504367741
2010-01-12,-57.9617647058824,-61.4735294117647,0.673628486147741,348.067768748214,13.5414096902056,66.6130743362869,-57.9391505155601,-61.4613211630531,1.00700766210131,-1.59554021175091,0.0141184143520962,-0.0268488747901038,33.9322846962212,28.02307695448,66.7976519008478,89.26737590997
2010-01-13,-57.9617647058824,-61.4735294117647,0.639671735647248,346.161603974133,11.2002663496064,66.6130743362869,-57.9391505155601,-61.4613211630531,0.921062595086542,-1.59373916562913,-0.0156777001233638,-0.00715311021919836,33.9350750674764,34.9109524869726,66.7976519008478,111.304560095184
2010-01-14,-57.9617647058824,-61.4735294117647,0.594429318497821,344.009916724228,7.21342503442997,66.6130743362869,-57.9391505155601,-61.4613211630531,0.874381880548641,-1.59320128140984,0.0439688936278083,-0.0275144337270504,33.9316772018206,35.325073440387,66.7976519008478,62.5712331080958
2010-01-15,-57.9617647058824,-61.4735294117647,0.586408591851955,342.948409662014,11.2661187358019,66.6130743362869,-57.9391505155601,-61.4613211630531,0.915689362104927,-1.60411257589394,0.0887005444761873,0.068013855078925,33.9263498046298,28.2320938020261,66.7976519008478,5.93457201928399
2010-01-16,-57.9617647058824,-61.4735294117647,0.609107478726201,343.150923938286,12.4152139163599,66.6130743362869,-57.9391505155601,-61.4613211630531,1.0293042101519,-1.61138636010539,0.0868414276544704,0.0549654417775581,33.9237940655707,20.8452549688568,66.7976519008478,5.59732790876163
2010-01-17,-57.9617647058824,-61.4735294117647,0.627293385383559,343.107090647628,11.8687272885951,66.6130743362869,-57.9391505155601,-61.4613211630531,1.08542466292336,-1.60523405827974,0.0848463985028296,0.00714652052252238,33.9215886505992,20.1648693007496,66.7976519008478,17.3859791826901
2010-01-18,-57.9617647058824,-61.4735294117647,0.646779586992613,342.730487358279,11.0631053680327,66.6130743362869,-57.9391505155601,-61.4613211630531,1.12243434766687,-1.60119251828445,0.0921593089958756,0.0129462729199373,33.9185636059636,19.4243526252819,66.7976519008478,12.4962763174845
2010-01-19,-57.9617647058824,-61.4735294117647,0.672898500067432,342.617942996141,13.2341062441105,66.6130743362869,-57.9391505155601,-61.4613211630531,1.24599205458212,-1.60163526560774,0.0883232846041681,0.014367998792575,33.9101597197786,12.6532381304845,66.7976519008478,13.0716290977626
2010-01-20,-57.9617647058824,-61.4735294117647,0.702276037960518,342.79799410192,13.6614925861359,66.6130743362869,-57.9391505155601,-61.4613211630531,1.45813992888982,-1.59975720063234,0.0779774686655937,0.0172864087730365,33.9066713155523,11.6435736824787,66.7976519008478,15.7923389958277
2010-01-21,-57.9617647058824,-61.4735294117647,0.711890465239199,342.23350301603,10.0661040748038,66.6130743362869,-57.9391505155601,-61.4613211630531,1.41927590358917,-1.59553032429756,0.0703886150408853,-0.0360480843918768,33.9004956038214,12.3845022564475,66.7976519008478,53.2401569162938
2010-01-22,-57.9617647058824,-61.4735294117647,0.715990081066039,341.270300516268,10.8184704780579,66.6130743362869,-57.9391505155601,-61.4613211630531,1.38644639208571,-1.60068387444685,0.0951263172886311,0.00831701457701553,33.8927197424185,13.7753391600492,66.7976519008478,13.72577317661
2010-01-23,-57.9617647058824,-61.4735294117647,0.751911208033562,341.293796446265,14.0774272011548,66.6130743362869,-57.9391505155601,-61.4613211630531,1.48854081101424,-1.60907420375247,0.085919694344082,0.0511854297346995,33.8842129005916,11.0117868868767,66.7976519008478,5.95511654694516
2010-01-24,-57.9617647058824,-61.4735294117647,0.78104284987217,341.883537850729,15.1254650150857,66.6130743362869,-57.9391505155601,-61.4613211630531,1.49037241694416,-1.61057418013713,0.0978495078048243,0.0890753332188657,33.8899128614006,14.1631014086457,66.7976519008478,8.5750219033841
2010-01-25,-57.9617647058824,-61.4735294117647,0.803481433449722,342.181054092035,14.1218212755715,66.6130743362869,-57.9391505155601,-61.4613211630531,1.47167680186299,-1.60574434965085,0.0932507267254486,0.0472505602347143,33.8933539396999,17.8063773684173,66.7976519008478,3.90279160454933
2010-01-26,-57.9617647058824,-61.4735294117647,0.828063031158796,342.24466351765,14.2133296931662,66.6130743362869,-57.9391505155601,-61.4613211630531,1.51710712547727,-1.60566979863866,0.127527007730062,0.0243003115098164,33.8885373412839,16.0145989185081,66.7976519008478,4.75302712222476
2010-01-27,-57.9617647058824,-61.4735294117647,0.855140305510381,342.425887317192,14.911961090274,66.6130743362869,-57.9391505155601,-61.4613211630531,1.66567468755802,-1.61095802809706,0.103784348569338,0.0395554480081306,33.8738773876195,12.4961151027808,66.7976519008478,2.44542357608278
2010-01-28,-57.9617647058824,-61.4735294117647,0.85948144662671,342.695954113472,16.3701592945471,66.6130743362869,-57.9391505155601,-61.4613211630531,1.73839621971815,-1.6095375395336,0.05758896262439,0.0234032897995068,33.8733399220002,12.0333950670785,66.7976519008478,24.4229771481251
2010-01-29,-57.9617647058824,-61.4735294117647,0.828645327105755,342.563117794874,14.0637943163151,66.6130743362869,-57.9391505155601,-61.4613211630531,1.54991687212878,-1.60373037273263,-0.00543320067880446,0.0198580358584641,33.8890564695865,21.0291485651302,66.7976519008478,84.9563587552831
2010-01-30,-57.9617647058824,-61.4735294117647,0.815083222418297,341.785204631526,13.4258987263935,66.6130743362869,-57.9391505155601,-61.4613211630531,1.50803608466417,-1.59734043048622,0.0430990543100837,0.0633327027936133,33.8954813773172,24.2688059118273,66.7976519008478,30.2047835533554
2010-01-31,-57.9617647058824,-61.4735294117647,0.807015591278309,341.618352750453,9.73694058453165,66.6130743362869,-57.9391505155601,-61.4613211630531,1.48441203950066,-1.59238004153557,0.0935917435548244,0.0285720791964315,33.8958768188229,24.5115948315413,66.7976519008478,6.86698028731265
2010-02-01,-57.9617647058824,-61.4735294117647,0.801068089357237,341.651410730874,12.6491585591944,66.6130743362869,-57.9391505155601,-61.4613211630531,1.69679813201611,-1.58627551882534,0.0787978853814193,0.0300053372406043,33.8942953307941,17.082334961164,66.7976519008478,11.5532978008164
2010-02-02,-57.9617647058824,-61.4735294117647,0.790479122138605,341.610860312857,11.5825903939038,66.6130743362869,-57.9391505155601,-61.4613211630531,1.62884490306561,-1.59901915388069,0.0367054061187424,0.0190623304863208,33.8977672252578,14.0934977319076,66.7976519008478,41.1325449363882
2010-02-03,-57.9617647058824,-61.4735294117647,0.764695972204208,341.094230093607,9.85248120238141,66.6130743362869,-57.9391505155601,-61.4613211630531,1.60469302201239,-1.60094993429789,0.0712576306722907,-0.00132370431493973,33.9014780505305,17.7894912313031,66.7976519008478,27.4762718485278
2010-02-04,-57.9617647058824,-61.4735294117647,0.708793475133617,340.039684760861,6.12110109445525,66.6130743362869,-57.9391505155601,-61.4613211630531,1.55046842688652,-1.58427554473542,0.00428577055010879,-0.0184742005921488,33.899703037401,20.2250002514817,66.7976519008478,93.7476268070325
2010-02-05,-57.9617647058824,-61.4735294117647,0.628052412373264,339.264798792397,5.77971452910726,66.6130743362869,-57.9391505155601,-61.4613211630531,1.30921059082716,-1.58139420070468,-0.0441937669709466,0.0273801687295459,33.9138542926907,33.557800453845,66.7976519008478,138.894605461528
2010-02-06,-57.9617647058824,-61.4735294117647,0.61795182453423,338.488171461152,9.32240764106192,66.6130743362869,-57.9391505155601,-61.4613211630531,1.25594479593671,-1.58432290766403,0.00886313541315989,0.0329451635228558,33.9163686157721,36.6238605239292,66.7976519008478,64.3567318772647
2010-02-07,-57.9617647058824,-61.4735294117647,0.61961555480957,338.375854120022,8.75990528595157,66.6130743362869,-57.9391505155601,-61.4613211630531,1.30127528498852,-1.57484528362027,0.0468568260481081,-0.0120195976877019,33.914739657671,34.813342694168,66.7976519008478,48.9366159086779
2010-02-08,-57.9617647058824,-61.4735294117647,0.597455451764711,337.77470918981,5.99007412573186,66.6130743362869,-57.9391505155601,-61.4613211630531,1.29583187125794,-1.57412412324254,0.0255630612172257,-0.0467283272670831,33.9158886949382,37.3256626965707,66.7976519008478,95.8732503297203
2010-02-09,-57.9617647058824,-61.4735294117647,0.557885864158956,336.662945258908,4.8134240842447,66.6130743362869,-57.9391505155601,-61.4613211630531,1.29278545610496,-1.5813357191369,0.0150327341336953,-0.0176908509019013,33.9163273284953,38.0696801161155,66.7976519008478,81.2911116699078
2010-02-10,-57.9617647058824,-61.4735294117647,0.520622985028639,335.815165822099,4.75919904359957,66.6130743362869,-57.9391505155601,-61.4613211630531,1.26887080724905,-1.59069102238386,-0.025862892227456,-0.00930629198046027,33.914929048896,37.7682016941539,66.7976519008478,127.01785516238
2010-02-11,-57.9617647058824,-61.4735294117647,0.5210663000258,335.739865186738,8.1196352214348,66.6130743362869,-57.9391505155601,-61.4613211630531,1.2876306681337,-1.59348134505443,0.0489004543063692,0.0535980806297619,33.9148137070711,31.1307345157371,66.7976519008478,25.4864918562337
2010-02-12,-57.9617647058824,-61.4735294117647,0.538189534733935,336.378501333841,9.84401948859052,66.6130743362869,-57.9391505155601,-61.4613211630531,1.5398613307801,-1.58967332318727,0.0759050107778486,0.0319204664614439,33.9149331570315,20.184638351564,66.7976519008478,12.3491438835653
2010-02-13,-57.9617647058824,-61.4735294117647,0.551688909167197,336.962830706341,9.80257419842046,66.6130743362869,-57.9391505155601,-61.4613211630531,1.55191255975188,-1.57822414641438,0.0559390686281458,0.0149470679713325,33.9158310163037,11.39872543371,66.7976519008478,28.4389511330522
2010-02-14,-57.9617647058824,-61.4735294117647,0.569370866548724,337.141518569574,9.67271436714545,66.6130743362869,-57.9391505155601,-61.4613211630531,1.37591935756557,-1.56709086235396,0.0134627399576499,0.02059855237201,33.9206106003158,26.0474049108714,66.7976519008478,62.7324651662345
2010-02-15,-57.9617647058824,-61.4735294117647,0.579746492388772,337.346150840201,9.53708862676853,66.6130743362869,-57.9391505155601,-61.4613211630531,1.32351747110949,-1.56475728919149,0.0303010495930066,0.0499539813542093,33.9258245964925,34.2507477501626,66.7976519008478,40.5856393940027
2010-02-16,-57.9617647058824,-61.4735294117647,0.600705719575649,337.860892319098,9.19661505629377,66.6130743362869,-57.9391505155601,-61.4613211630531,1.36010113233819,-1.56757314822934,0.0950604206687606,0.0499004400944822,33.9279992622242,32.8314927663559,66.7976519008478,3.27885464985727
2010-02-17,-57.9617647058824,-61.4735294117647,0.629667274835633,338.368783346037,8.46290104563643,66.6130743362869,-57.9391505155601,-61.4613211630531,1.37199618402924,-1.57228107008374,0.126905105560616,0.0688976974562112,33.9310779700234,34.5878516582021,66.7976519008478,1.28825803532969
2010-02-18,-57.9617647058824,-61.4735294117647,0.663485628802602,338.889427371141,8.56227485145011,66.6130743362869,-57.9391505155601,-61.4613211630531,1.36238248419022,-1.57208132068155,0.100482912983006,0.0575518958501809,33.9352110374955,36.6493956930081,66.7976519008478,2.0159339477033
2010-02-19,-57.9617647058824,-61.4735294117647,0.702817732967981,339.54385003811,10.9741588801872,66.6130743362869,-57.9391505155601,-61.4613211630531,1.367260502498,-1.56652085597698,0.0869007349999649,0.0514926742485821,33.9392019315609,36.4937141729913,66.7976519008478,5.61370648053422
2010-02-20,-57.9617647058824,-61.4735294117647,0.740669909046917,340.151853607922,11.4882453883567,66.6130743362869,-57.9391505155601,-61.4613211630531,1.37013096936479,-1.56058930900255,0.0814485887716576,0.0554810850585681,33.9428427434965,37.1413573253493,66.7976519008478,7.55161967583076
2010-02-21,-57.9617647058824,-61.4735294117647,0.769909618831262,340.697225431117,12.4297567635048,66.6130743362869,-57.9391505155601,-61.4613211630531,1.36236172520358,-1.56514072836491,0.0627396304597739,0.0180137458329017,33.9454765783148,38.0400266068184,66.7976519008478,23.1348548680312
2010-02-22,-57.9617647058824,-61.4735294117647,0.77374699639111,340.683307182498,10.4909949506201,66.6130743362869,-57.9391505155601,-61.4613211630531,1.30227164467658,-1.56771070641866,0.0763391064789131,-0.0351560051011251,33.9503508502173,41.7732929971054,66.7976519008478,49.6459207321419
2010-02-23,-57.9617647058824,-61.4735294117647,0.786773507188006,340.746740945956,10.6235435706813,66.6130743362869,-57.9391505155601,-61.4613211630531,1.34903934585903,-1.57263279508161,0.0863290791086822,0.000186982420090883,33.9553816019282,34.4741795008321,66.7976519008478,20.3932698683327
2010-02-24,-57.9617647058824,-61.4735294117647,0.788282915586379,340.729146073504,5.57384776196829,66.6130743362869,-57.9391505155601,-61.4613211630531,1.26888266756789,-1.57567723350808,0.145670899716627,0.0168333672711,33.949504466192,40.7652759461911,66.7976519008478,10.2283309370204
2010-02-25,-57.9617647058824,-61.4735294117647,0.794097064835269,340.693810811857,9.48699945066033,66.6130743362869,-57.9391505155601,-61.4613211630531,1.25740573007246,-1.57998894889023,0.0867359924925725,0.0534423991746185,33.9463105607129,39.1479184733711,66.7976519008478,5.63368141237418
2010-02-26,-57.9617647058824,-61.4735294117647,0.803178025091567,340.537861149486,7.21289941741199,66.6130743362869,-57.9391505155601,-61.4613211630531,1.25756487029123,-1.58142838770883,0.144123146041484,0.0274501842988326,33.9401307151063,36.6839914720872,66.7976519008478,6.4363665555508
2010-02-27,-57.9617647058824,-61.4735294117647,0.803967699045088,340.395739671661,8.61860221769752,66.6130743362869,-57.9391505155601,-61.4613211630531,1.20334225461671,-1.58543739112926,0.126223072635862,0.0872458699743757,33.9339857937997,39.6942450488627,66.7976519008478,5.61241014872947
2010-02-28,-57.9617647058824,-61.4735294117647,0.804642489407121,339.951662761409,7.0868206692905,66.6130743362869,-57.9391505155601,-61.4613211630531,1.18567660609801,-1.58602922905473,0.0886346477557693,0.016169455907887,33.9099685833683,26.813662566315,66.7976519008478,12.2699556164468
2010-03-01,-57.9617647058824,-61.4735294117647,0.792622328894894,339.916070333341,10.5595982132888,66.6130743362869,-57.9391505155601,-61.4613211630531,1.09924423353754,-1.5979384452547,0.0423214710022193,0.0658096031269483,33.9168115067579,40.5004527572035,66.7976519008478,31.0631644709988
2010-03-02,-57.9617647058824,-61.4735294117647,0.800737196715867,340.137784260075,9.88826541784333,66.6130743362869,-57.9391505155601,-61.4613211630531,1.08833466918684,-1.58834097340361,0.0924031272852308,0.0405233087930602,33.9113049423486,39.3678495044168,66.7976519008478,4.83418366425517
2010-03-03,-57.9617647058824,-61.4735294117647,0.802395742840883,340.050624940454,7.69455588445431,66.6130743362869,-57.9391505155601,-61.4613211630531,1.07918257900739,-1.56788986398463,0.142975715907761,0.00873216514584989,33.9030410622456,37.616844813029,66.7976519008478,12.9417429275946
2010-03-04,-57.9617647058824,-61.4735294117647,0.816318579926723,340.15425556462,9.35164961582277,66.6130743362869,-57.9391505155601,-61.4613211630531,1.06746643400586,-1.56883260434777,0.126898515431585,0.105010855113446,33.900248672959,39.1738653710657,66.7976519008478,13.0906213630031
2010-03-05,-57.9617647058824,-61.4735294117647,0.837384956638987,340.476120367283,7.93934015820666,66.6130743362869,-57.9391505155601,-61.4613211630531,1.05543299977556,-1.57373986343945,0.0940332523724328,0.0365019493589276,33.8956481686488,39.6442046339213,66.7976519008478,5.02655519453245
2010-03-06,-57.9617647058824,-61.4735294117647,0.846132012402139,340.56797567228,7.482337175346,66.6130743362869,-57.9391505155601,-61.4613211630531,1.06599067269187,-1.59340103306429,0.150893230664867,0.0456344383327585,33.8922936649297,37.9234713813071,66.7976519008478,5.05496937537137
2010-03-07,-57.9617647058824,-61.4735294117647,0.848172721339435,340.528922104254,7.47644651517635,66.6130743362869,-57.9391505155601,-61.4613211630531,1.10071703049577,-1.61051075226865,0.105687121937351,0.0211463205506284,33.8894559574513,34.3267350898259,66.7976519008478,6.55297913447022
2010-03-08,-57.9617647058824,-61.4735294117647,0.82143836195876,340.087108705102,6.41945127743046,66.6130743362869,-57.9391505155601,-61.4613211630531,1.12281094787092,-1.60231688292886,0.148615668619532,-0.0101563623187593,33.8890770154122,33.0648090681727,66.7976519008478,24.7656862813837
2010-03-09,-57.9617647058824,-61.4735294117647,0.826291349966352,339.945733791444,9.74086982447927,66.6130743362869,-57.9391505155601,-61.4613211630531,1.12161294237161,-1.6011109696387,0.178079003360067,0.0846075222308417,33.8952136380791,37.0861686649915,66.7976519008478,21.2977008356855
2010-03-10,-57.9617647058824,-61.4735294117647,0.858395056753624,340.253473421422,9.52630749562891,66.6130743362869,-57.9391505155601,-61.4613211630531,1.11884329744518,-1.59766497447906,0.128700796595188,0.0854633585091142,33.8991757494557,40.2310990708077,66.7976519008478,5.21815935019419
2010-03-11,-57.9617647058824,-61.4735294117647,0.864017257966646,340.32641899295,6.91021702929241,66.6130743362869,-57.9391505155601,-61.4613211630531,1.13277950476699,-1.59348134312392,0.124568235973718,0.034087651317459,33.8934735235093,35.5534474453945,66.7976519008478,2.12833297497501
2010-03-12,-57.9617647058824,-61.4735294117647,0.856402429502185,340.299042492378,9.781986951828,66.6130743362869,-57.9391505155601,-61.4613211630531,1.1299732831406,-1.58751396692073,0.049674743145463,0.0328389045187899,33.8913174782366,34.2120332357533,66.7976519008478,27.2312115815792
2010-03-13,-57.9617647058824,-61.4735294117647,0.837594031560712,340.309460895817,9.20112338298705,66.6130743362869,-57.9391505155601,-61.4613211630531,1.10492883214423,-1.57415336426775,0.041772879061871,0.0378388331174931,33.8947255421586,38.9584647910958,66.7976519008478,32.176923733796
2010-03-14,-57.9617647058824,-61.4735294117647,0.826714620357606,340.490197158441,9.24820056194212,66.6130743362869,-57.9391505155601,-61.4613211630531,1.0893705689151,-1.55533279243268,0.0606424610825524,0.0383767167133921,33.8950447669396,40.3635107663318,66.7976519008478,19.0539358821719
2010-03-15,-57.9617647058824,-61.4735294117647,0.822529845848316,340.955571616568,8.17144725671629,66.6130743362869,-57.9391505155601,-61.4613211630531,1.1078121510514,-1.54425016878105,0.0836932025296807,0.0369138052227043,33.893232595261,38.556699541738,66.7976519008478,8.20403604457904
2010-03-16,-57.9617647058824,-61.4735294117647,0.757130403707667,340.421234503025,3.20970121244105,66.6130743362869,-57.9391505155601,-61.4613211630531,1.06196173502688,-1.53628529340793,0.115337725582956,-0.0515939908330901,33.8884819380828,41.4788160684459,66.7976519008478,56.1602189542464
2010-03-17,-57.9617647058824,-61.4735294117647,0.680631885441338,339.525492226205,4.19831228837734,66.6130743362869,-57.9391505155601,-61.4613211630531,1.04005364741874,-1.55120270567545,0.040402223219072,0.000102963962173655,33.8819211427017,42.7839869590584,66.7976519008478,46.5835246745722
2010-03-18,-57.9617647058824,-61.4735294117647,0.668460956797367,339.47984388398,5.52235190752076,66.6130743362869,-57.9391505155601,-61.4613211630531,1.00402747247464,-1.55372243982899,0.0846594159922458,0.0679916148394467,33.8794767299966,44.4674473555304,66.7976519008478,7.2898491329114
2010-03-19,-57.9617647058824,-61.4735294117647,0.661026937932503,339.699866690287,3.2532138766312,66.6130743362869,-57.9391505155601,-61.4613211630531,0.966341687037073,-1.55251199369006,0.124080598877187,0.0694990066281053,33.8764412966174,44.0461189434757,66.7976519008478,1.23113464679314
2010-03-20,-57.9617647058824,-61.4735294117647,0.628714417175549,339.601203360209,2.70057236130645,66.6130743362869,-57.9391505155601,-61.4613211630531,0.930660482822803,-1.56359214966114,0.13985879178311,0.0203539100092271,33.8600741037634,32.3803048500648,66.7976519008478,7.66616963038999
2010-03-21,-57.9617647058824,-61.4735294117647,0.623960150814638,339.758330554497,5.16785026759636,66.6130743362869,-57.9391505155601,-61.4613211630531,0.898458637045784,-1.58017181207937,0.0856503408839587,0.0617379973392416,33.8585131512641,37.4623988121949,66.7976519008478,6.27919257905029
2010-03-22,-57.9617647058824,-61.4735294117647,0.61686193615925,339.826799346179,4.0979753383776,66.6130743362869,-57.9391505155601,-61.4613211630531,0.889857112959168,-1.57693215742124,0.132012116593307,0.00776512802712991,33.8563551188481,40.0848902060114,66.7976519008478,11.5009221441225
2010-03-23,-57.9617647058824,-61.4735294117647,0.618591696750827,340.002347992688,6.50382096592973,66.6130743362869,-57.9391505155601,-61.4613211630531,0.877380848685016,-1.5674615326198,0.0817278268094729,0.0494441039025703,33.8515261136569,38.8299658797209,66.7976519008478,7.55274271542683
2010-03-24,-57.9617647058824,-61.4735294117647,0.631036335375251,340.432086107208,6.06916186867691,66.6130743362869,-57.9391505155601,-61.4613211630531,0.85204282476392,-1.55572364655262,0.141148723883104,0.0624842799335276,33.8499033846836,40.612271574023,66.7976519008478,2.51213255420888
2010-03-25,-57.9617647058824,-61.4735294117647,0.639218467764738,340.814960014529,4.66841486895957,66.6130743362869,-57.9391505155601,-61.4613211630531,0.846187225921273,-1.54927110189368,0.136262467550805,0.0516055225873524,33.8445575266232,39.0255972969065,66.7976519008478,1.31071208001277
2010-03-26,-57.9617647058824,-61.4735294117647,0.645067820825228,341.164019700958,4.89726041293726,66.6130743362869,-57.9391505155601,-61.4613211630531,0.853430614850701,-1.55086416078483,0.152540653330675,0.0743152475067478,33.8464130139061,41.2094624335306,66.7976519008478,7.20843824864302
2010-03-27,-57.9617647058824,-61.4735294117647,0.644335089660272,341.337778603158,3.4158137876813,66.6130743362869,-57.9391505155601,-61.4613211630531,0.850899184170442,-1.54142977850318,0.157351952086375,0.0337524006593163,33.8444814180073,41.5527442296346,66.7976519008478,8.97211898457828
2010-03-28,-57.9617647058824,-61.4735294117647,0.652660524699746,341.554303052949,5.48645343431612,66.6130743362869,-57.9391505155601,-61.4613211630531,0.848378624882695,-1.55424673161526,0.136311890625278,0.0677304982475424,33.8452618865349,42.8690352111693,66.7976519008478,2.18881036378269
2010-03-29,-57.9617647058824,-61.4735294117647,0.67632437079418,341.971754492783,5.75528796416957,66.6130743362869,-57.9391505155601,-61.4613211630531,0.812744869444615,-1.56340969622376,0.144268942954127,0.096403893872633,33.8497243101298,47.1500697348282,66.7976519008478,11.7500263864283
2010-03-30,-57.9617647058824,-61.4735294117647,0.707003345940171,342.447989859232,5.96148005927481,66.6130743362869,-57.9391505155601,-61.4613211630531,0.774690388617647,-1.56903935250966,0.170107123913311,0.093552204972578,33.8559556309833,49.872230253078,66.7976519008478,20.1222980884323
2010-03-31,-57.9617647058824,-61.4735294117647,0.729968214543854,342.73681640625,4.1223792622729,66.6130743362869,-57.9391505155601,-61.4613211630531,0.767084238490193,-1.57236550130986,0.1572736993975,0.0241141529017293,33.8565815914015,47.5201221754355,66.7976519008478,11.3853060646022
2010-04-01,-57.9617647058824,-61.4735294117647,0.749768888441528,342.999991440191,5.9914055771944,66.6130743362869,-57.9391505155601,-61.4613211630531,0.784055986284566,-1.56165395590619,0.148530826103269,0.0438881700961535,33.8525227329187,42.4637690980425,66.7976519008478,4.52603726546634
2010-04-02,-57.9617647058824,-61.4735294117647,0.776679434427401,343.487622889077,6.4389984375093,66.6130743362869,-57.9391505155601,-61.4613211630531,0.748556660807487,-1.56069309798329,0.126683526862207,0.0900794373279721,33.8580456526495,48.9366999148679,66.7976519008478,6.61527492794401
2010-04-03,-57.9617647058824,-61.4735294117647,0.793446573542386,343.880658033417,4.99888846060125,66.6130743362869,-57.9391505155601,-61.4613211630531,0.692084321307267,-1.55662355329665,0.141814282804969,0.0568599782119959,33.8647568480045,52.7025029224905,66.7976519008478,2.34940666833581
2010-04-04,-57.9617647058824,-61.4735294117647,0.775241600304115,343.954896880359,3.08836991757881,66.6130743362869,-57.9391505155601,-61.4613211630531,0.694823327214129,-1.55460834149246,0.192765778667129,0.0549011922638748,33.8640279113522,50.631486344434,66.7976519008478,26.2637581282844
2010-04-05,-57.9617647058824,-61.4735294117647,0.770251614291493,344.142486944431,5.18322982439181,66.6130743362869,-57.9391505155601,-61.4613211630531,0.674500717083935,-1.55996740749169,0.1591221076787,0.0844856129051783,33.8738321878328,54.2961788473502,66.7976519008478,12.1031125085602
2010-04-06,-57.9617647058824,-61.4735294117647,0.760723320085828,344.269620569741,2.3934943152637,66.6130743362869,-57.9391505155601,-61.4613211630531,0.687714366274968,-1.55201859174952,0.153338829781885,0.0103211044943445,33.8684142417753,48.080246015438,66.7976519008478,15.1184179582378
2010-04-07,-57.9617647058824,-61.4735294117647,0.736691337896556,344.335517697218,3.33768360062343,66.6130743362869,-57.9391505155601,-61.4613211630531,0.697140262103998,-1.55449055161392,0.149569526123695,0.0641827729911457,33.8653705972731,44.2263057608353,66.7976519008478,4.77684989601553
2010-04-08,-57.9617647058824,-61.4735294117647,0.717020963386792,344.41515034001,2.3745442599785,66.6130743362869,-57.9391505155601,-61.4613211630531,0.673317537687005,-1.55986773903392,0.160134449244229,0.0522175403550649,33.8700636581853,49.0093924938104,66.7976519008478,7.95793951828073
2010-04-09,-57.9617647058824,-61.4735294117647,0.697950032062647,344.574265270698,2.96913004212263,66.6130743362869,-57.9391505155601,-61.4613211630531,0.649801233499317,-1.57172630351243,0.139474942561304,0.088033338096219,33.8750039433983,50.2266321851496,66.7976519008478,7.53912648319872
2010-04-10,-57.9617647058824,-61.4735294117647,0.704019322991371,344.861632184284,4.32985177272704,66.6130743362869,-57.9391505155601,-61.4613211630531,0.605290176032687,-1.58223685915814,0.131494002308641,0.0402696056243701,33.8816575115992,53.3388201665943,66.7976519008478,1.60761088110528
2010-04-11,-57.9617647058824,-61.4735294117647,0.699303041144115,344.948521683856,3.14604238184487,66.6130743362869,-57.9391505155601,-61.4613211630531,0.606336947233893,-1.58336575665133,0.171975301440388,0.0168028901181562,33.8793985467208,48.9951836358198,66.7976519008478,20.3749513800804
2010-04-12,-57.9617647058824,-61.4735294117647,0.701575322122109,345.180248353539,4.50620202901887,66.6130743362869,-57.9391505155601,-61.4613211630531,0.582417354711637,-1.59075074060726,0.169880602961248,0.0930966926529983,33.8879672062059,52.5602069988585,66.7976519008478,19.8318232167014
2010-04-13,-57.9617647058824,-61.4735294117647,0.708429206798716,345.506595890696,3.08494135810108,66.6130743362869,-57.9391505155601,-61.4613211630531,0.550348950029626,-1.59076556808714,0.157467271494158,0.0552850418627343,33.8952777002826,55.4911784044644,66.7976519008478,6.91490094822666
2010-04-14,-57.9617647058824,-61.4735294117647,0.709833500588812,345.775911656822,4.40458489918127,66.6130743362869,-57.9391505155601,-61.4613211630531,0.537760990803782,-1.59177255646581,0.166841931917608,0.0585527053296405,33.8971597926337,54.0597737051054,66.7976519008478,10.925825945033
2010-04-15,-57.9617647058824,-61.4735294117647,0.719663741385065,345.979123371403,5.25405439225639,66.6130743362869,-57.9391505155601,-61.4613211630531,0.519362902693581,-1.58529818186715,0.192886040620154,0.0461682034769522,33.9027465068699,53.7898021162602,66.7976519008478,26.6773186048163
2010-04-16,-57.9617647058824,-61.4735294117647,0.723355263471603,346.089688929116,4.12245117745748,66.6130743362869,-57.9391505155601,-61.4613211630531,0.49815068379869,-1.58009850319259,0.106655806730352,-0.00534506344240204,33.9005307649311,47.4519599677741,66.7976519008478,18.7004630207448
2010-04-17,-57.9617647058824,-61.4735294117647,0.720964858444726,346.18651078387,5.11463024267336,66.6130743362869,-57.9391505155601,-61.4613211630531,0.509372598467729,-1.57913064345335,0.138026857213211,-0.00431624797453121,33.8938688877945,43.5154427413837,66.7976519008478,18.7351058887404
2010-04-18,-57.9617647058824,-61.4735294117647,0.725551315197131,346.404812324338,4.72263599023586,66.6130743362869,-57.9391505155601,-61.4613211630531,0.495917766502029,-1.58081019021239,0.139669338158268,0.017174383854134,33.8894208272298,42.6064771248101,66.7976519008478,8.75824445801896
2010-04-19,-57.9617647058824,-61.4735294117647,0.728103993142523,346.631242705554,4.25406858106939,66.6130743362869,-57.9391505155601,-61.4613211630531,0.452769784138672,-1.57297051580329,0.0935439678077434,0.0340357574555073,33.8872791707274,43.7337263251445,66.7976519008478,5.6248759628644
2010-04-20,-57.9617647058824,-61.4735294117647,0.714108910139014,346.722266220465,3.51045377661542,66.6130743362869,-57.9391505155601,-61.4613211630531,0.408676838605349,-1.56166178301761,0.0489317552964536,0.0508650062145733,33.8864081018528,46.6142453941417,66.7976519008478,25.5199025860105
2010-04-21,-57.9617647058824,-61.4735294117647,0.702910208847465,346.851731091011,4.1360785350567,66.6130743362869,-57.9391505155601,-61.4613211630531,0.316133846668338,-1.55325045244575,0.0685558571013925,0.0737814826641971,33.8920567006717,50.8122911337416,66.7976519008478,15.2866822318102
2010-04-22,-57.9617647058824,-61.4735294117647,0.684838839057015,347.049106132693,1.48948993333956,66.6130743362869,-57.9391505155601,-61.4613211630531,0.249447813441075,-1.55484268829407,0.122807140865548,0.0639990852660576,33.8910064697266,49.940392544395,66.7976519008478,0.504747419737776
2010-04-23,-57.9617647058824,-61.4735294117647,0.652339321084139,347.307561734828,1.64929486338685,66.6130743362869,-57.9391505155601,-61.4613211630531,0.221016917895531,-1.56231745679369,0.143475708847064,0.0994582160724159,33.8978659389151,50.05509431996,66.7976519008478,12.8964891807628
2010-04-24,-57.9617647058824,-61.4735294117647,0.635534101143116,347.707744319264,2.07180064480479,66.6130743362869,-57.9391505155601,-61.4613211630531,0.168352102501351,-1.57548571968207,0.107883960300209,0.050791695729079,33.8945052215123,41.3929441325899,66.7976519008478,0.830420933365726
2010-04-25,-57.9617647058824,-61.4735294117647,0.631173366817032,347.864876723871,3.47967727882106,66.6130743362869,-57.9391505155601,-61.4613211630531,0.0976440532587961,-1.58198686199471,0.0628631872234316,0.0533699127625518,33.9056212287522,51.3382309412988,66.7976519008478,16.4947771792536
2010-04-26,-57.9617647058824,-61.4735294117647,0.595516423626644,347.391597840844,1.514078196229,66.6130743362869,-57.9391505155601,-61.4613211630531,0.0261472156635824,-1.57524190113129,0.0161958147498921,-0.0367778927469865,33.9004214720527,51.5935813412171,66.7976519008478,95.6306690466531
2010-04-27,-57.9617647058824,-61.4735294117647,0.564412755573668,347.330033837295,2.30649510534798,66.6130743362869,-57.9391505155601,-61.4613211630531,-0.0529360033461118,-1.58140079067786,0.0449837063528426,0.04935926149691,33.8954337373597,51.9518959840782,66.7976519008478,28.4778296574158
2010-04-28,-57.9617647058824,-61.4735294117647,0.551310923768253,347.444322911704,1.3861572131878,66.6130743362869,-57.9391505155601,-61.4613211630531,-0.109413284974301,-1.57388978062371,0.127260948914668,0.0233653992334036,33.8926969160113,48.87718683441,66.7976519008478,5.01870760181107
2010-04-29,-57.9617647058824,-61.4735294117647,0.539674189396021,347.591439596037,2.04415353623832,66.6130743362869,-57.9391505155601,-61.4613211630531,-0.13246204840791,-1.5706373549666,0.119496644669377,0.0501146049524045,33.8890149300559,44.5137811421383,66.7976519008478,0.0895650849892252
2010-04-30,-57.9617647058824,-61.4735294117647,0.539568746235312,347.839875384075,2.56115583239532,66.6130743362869,-57.9391505155601,-61.4613211630531,-0.168872731940145,-1.56556164462235,0.026011984086471,0.0383618899876209,33.8944308066014,47.5930206656617,66.7976519008478,45.7097866679841
2010-05-01,-57.9617647058824,-61.4735294117647,0.543589598158511,348.141361515696,2.87232155916167,66.6130743362869,-57.9391505155601,-61.4613211630531,-0.259656276900759,-1.56164242381509,0.0480215541726825,0.0430669297040635,33.8991816182207,50.3485416149803,66.7976519008478,26.7432599861289
2010-05-02,-57.9617647058824,-61.4735294117647,0.54878733652394,348.45068694324,2.57473745578673,66.6130743362869,-57.9391505155601,-61.4613211630531,-0.351048711330382,-1.55743614301669,0.049404565677268,0.0338512460139358,33.9005738746139,50.1700020891774,66.7976519008478,27.21052379851
2010-05-03,-57.9617647058824,-61.4735294117647,0.550275439532792,348.719577696265,2.19687688350677,66.6130743362869,-57.9391505155601,-61.4613211630531,-0.447611745321236,-1.54979663001381,0.0801248844215262,0.0295259371430044,33.8989368907192,47.4943811414052,66.7976519008478,11.128948280045
2010-05-04,-57.9617647058824,-61.4735294117647,0.533664371182279,348.843359226134,1.29962728154369,66.6130743362869,-57.9391505155601,-61.4613211630531,-0.49441700738411,-1.54969160839935,0.0309880250479207,0.00467126771264713,33.8941964987319,46.763131325705,66.7976519008478,52.1774687686454
2010-05-05,-57.9617647058824,-61.4735294117647,0.503041483643578,349.101911591321,0.846435177616957,66.6130743362869,-57.9391505155601,-61.4613211630531,-0.557880680620992,-1.54910347497093,0.0836116552815424,-0.0167468775581574,33.885380728203,44.8430598010579,66.7976519008478,31.9454927478344
2010-05-06,-57.9617647058824,-61.4735294117647,0.483901016232444,349.546600341797,1.28667283421609,66.6130743362869,-57.9391505155601,-61.4613211630531,-0.579192732117678,-1.54097138371384,0.114196061489754,0.0327853633043094,33.8671210542542,35.2676195075155,66.7976519008478,2.4941022930011
2010-05-07,-57.9617647058824,-61.4735294117647,0.48749404636825,350.099336205459,1.96850558025081,66.6130743362869,-57.9391505155601,-61.4613211630531,-0.616617567907622,-1.53584789714993,0.0626234870338649,0.0613253179600766,33.8683935929889,35.2948020183445,66.7976519008478,16.877444024003
2010-05-08,-57.9617647058824,-61.4735294117647,0.487125637327752,350.825821295017,1.48538399614939,66.6130743362869,-57.9391505155601,-61.4613211630531,-0.632541557143011,-1.5264551192321,0.114786662478075,0.0335382356706821,33.8667750184835,35.1838069007143,66.7976519008478,2.30091109539952
2010-05-09,-57.9617647058824,-61.4735294117647,0.468456072051351,351.602515616068,0.588323098493785,66.6130743362869,-57.9391505155601,-61.4613211630531,-0.607615720666694,-1.53400278590147,0.175583981701478,0.10413772115602,33.8789761500803,37.7500801382438,66.7976519008478,27.7188820345301
2010-05-10,-57.9617647058824,-61.4735294117647,0.444374015055052,352.264670023104,0.696222182454132,66.6130743362869,-57.9391505155601,-61.4613211630531,-0.574310758376089,-1.55224470136619,0.176419224806241,0.090139568334649,33.8958662756381,42.4059033889359,66.7976519008478,22.1835724937451
2010-05-11,-57.9617647058824,-61.4735294117647,0.444809239085128,352.714165664301,1.8492815305547,66.6130743362869,-57.9391505155601,-61.4613211630531,-0.601047443756369,-1.56336315762498,0.0943643846241167,0.0758045179249063,33.9067083814366,46.5345513373412,66.7976519008478,5.67973757104557
2010-05-12,-57.9617647058824,-61.4735294117647,0.45026553476729,353.054671869045,1.22648772015804,66.6130743362869,-57.9391505155601,-61.4613211630531,-0.624299830391339,-1.55981955177549,0.0302252680183905,0.0130096985713432,33.9072562306516,46.8525039696018,66.7976519008478,49.0733248758568
2010-05-13,-57.9617647058824,-61.4735294117647,0.447815560713047,353.054281095179,1.65938285647369,66.6130743362869,-57.9391505155601,-61.4613211630531,-0.668768387212444,-1.55739701662952,0.0448609730844636,0.0321527529362081,33.9053761357399,48.7974927801835,66.7976519008478,30.8958707277873
2010-05-14,-57.9617647058824,-61.4735294117647,0.45311015953378,353.266380496141,1.44966442555916,66.6130743362869,-57.9391505155601,-61.4613211630531,-0.711761184107115,-1.55225870322924,0.0988107790187625,0.0884814371785976,33.9088810291368,50.1259333949018,66.7976519008478,8.1589674008636
2010-05-15,-57.9617647058824,-61.4735294117647,0.448611440455041,353.617888659966,0.677750961809624,66.6130743362869,-57.9391505155601,-61.4613211630531,-0.761595067204895,-1.54901204418074,0.136338249085202,0.022386006357377,33.9007963368445,45.095733232022,66.7976519008478,6.37071608495589
2010-05-16,-57.9617647058824,-61.4735294117647,0.434438522269086,354.099650313215,0.774046703809645,66.6130743362869,-57.9391505155601,-61.4613211630531,-0.734263332216283,-1.56376512925795,0.16246308165121,0.100985376875692,33.9062184270738,46.8906005390903,66.7976519008478,19.802681117251
2010-05-17,-57.9617647058824,-61.4735294117647,0.422770499092777,354.80520108851,0.459036682073663,66.6130743362869,-57.9391505155601,-61.4613211630531,-0.721755439362787,-1.57729994285444,0.162705252909789,0.0384846229241927,33.9105244068964,49.1253298438995,66.7976519008478,10.2402667002963
2010-05-18,-57.9617647058824,-61.4735294117647,0.411669828542849,355.2315718488,0.66677117929226,66.6130743362869,-57.9391505155601,-61.4613211630531,-0.715044827515941,-1.58480436583119,0.103122084789913,0.0192015376821784,33.9074457557256,45.7590269135077,66.7976519008478,7.62363614922155
2010-05-19,-57.9617647058824,-61.4735294117647,0.41273730884238,355.787408223966,1.22527427644264,66.6130743362869,-57.9391505155601,-61.4613211630531,-0.731649860277189,-1.59413866588139,0.116261929756234,0.0902985448065477,33.9060434194712,45.2499731079287,66.7976519008478,6.57098944218649
2010-05-20,-57.9617647058824,-61.4735294117647,0.418955908679381,356.173940519007,1.21377441359729,66.6130743362869,-57.9391505155601,-61.4613211630531,-0.774646609760167,-1.59149784887368,0.0944714670631326,0.0445924434413714,33.9084445680523,50.4350309796662,66.7976519008478,3.80208253063899
2010-05-21,-57.9617647058824,-61.4735294117647,0.411724576862847,356.304087196908,0.461936579608336,66.6130743362869,-57.9391505155601,-61.4613211630531,-0.762913664222246,-1.58737311076861,0.14993113543783,0.0109759552225812,33.9040191331212,44.439646948687,66.7976519008478,13.7647018622179
2010-05-22,-57.9617647058824,-61.4735294117647,0.399548062827529,356.634237149867,0.777773015382813,66.6130743362869,-57.9391505155601,-61.4613211630531,-0.754773747683698,-1.59363249535503,0.170645831160338,0.0784090936596175,33.9079461760527,47.6006398529176,66.7976519008478,15.5903446873198
2010-05-23,-57.9617647058824,-61.4735294117647,0.391703314897491,357.045612242164,0.608454457143458,66.6130743362869,-57.9391505155601,-61.4613211630531,-0.747144862828467,-1.60218138717286,0.174864881625462,0.0633738883814992,33.9134301354206,51.2187924700388,66.7976519008478,15.3049163668311
2010-05-24,-57.9617647058824,-61.4735294117647,0.383450489218642,357.327869322242,0.617932947670541,66.6130743362869,-57.9391505155601,-61.4613211630531,-0.732670934858271,-1.60045859398629,0.122903515337168,0.0144355432274934,33.9100981440782,48.0425609480514,66.7976519008478,7.96858243145334
2010-05-25,-57.9617647058824,-61.4735294117647,0.379721487077271,357.768460901772,0.706764050373217,66.6130743362869,-57.9391505155601,-61.4613211630531,-0.730785951521072,-1.60005044100577,0.128889426392944,0.0963305837088912,33.9057654047463,47.0077733748998,66.7976519008478,9.21437488200085
2010-05-26,-57.9617647058824,-61.4735294117647,0.375363916158676,358.205597668159,0.604065740253867,66.6130743362869,-57.9391505155601,-61.4613211630531,-0.774323386701978,-1.59638657518405,0.130766664766147,0.119717399153592,33.9082015239597,54.411909937376,66.7976519008478,21.9643836331677
2010-05-27,-57.9617647058824,-61.4735294117647,0.362624778616719,358.32042042802,0.291401687010032,66.6130743362869,-57.9391505155601,-61.4613211630531,-0.777723667110026,-1.59249577316356,0.190678494018421,0.0837113241616048,33.9032613468556,53.0272510930112,66.7976519008478,29.1043680457779
2010-05-28,-57.9617647058824,-61.4735294117647,0.338062211144261,356.609726324314,0.619547976226341,66.6130743362869,-57.9391505155601,-61.4613211630531,-0.80916638109285,-1.60191656075991,0.16218301993713,0.180554256557051,33.9251989758449,61.5366027783125,66.7976519008478,88.5107476301289
2010-05-29,-57.9617647058824,-61.4735294117647,0.327199427274669,356.615682090201,0.323240920356134,66.6130743362869,-57.9391505155601,-61.4613211630531,-0.865196881707702,-1.59065477905968,0.130718065860622,0.0649372925039245,33.9210226802852,62.6879457262685,66.7976519008478,1.11224744526689
2010-05-30,-57.9617647058824,-61.4735294117647,0.322607248658087,357.362782920279,0.519172405324331,66.6130743362869,-57.9391505155601,-61.4613211630531,-0.896078154303928,-1.60562944106567,0.060064215484539,0.138208897912551,33.9229748631939,61.0415522038695,66.7976519008478,53.3647906581959
2010-05-31,-57.9617647058824,-61.4735294117647,0.319193484943088,357.976861721132,0.261443849380423,66.6130743362869,-57.9391505155601,-61.4613211630531,-0.928519206491077,-1.60963226651695,0.110533840230361,0.0614612303101099,33.9202215681192,60.1778908754006,66.7976519008478,0.734635749984613
2010-06-01,-57.9617647058824,-61.4735294117647,0.312010217003706,358.398423729873,0.282113919170891,66.6130743362869,-57.9391505155601,-61.4613211630531,-0.916204061062552,-1.60478801685467,0.129182667771855,0.0495808399389228,33.9230180500973,55.4030411922336,66.7976519008478,0.505171830344942
2010-06-02,-57.9617647058824,-61.4735294117647,0.308284693738309,358.616365758384,0.547120144817887,66.6130743362869,-57.9391505155601,-61.4613211630531,-0.891609354862157,-1.61386614289844,0.155588385698042,0.0206339719696486,33.9307630129671,52.7537790998595,66.7976519008478,11.8863476694106
2010-06-03,-57.9617647058824,-61.4735294117647,0.308425353067677,358.759570982398,0.570391503412549,66.6130743362869,-57.9391505155601,-61.4613211630531,-0.886766920567524,-1.62206042311613,0.136284707760119,0.0289032113827594,33.9391999032333,53.9195367926367,66.7976519008478,4.49646915341003
2010-06-04,-57.9617647058824,-61.4735294117647,0.308198513054266,358.945896427806,0.426670826789809,66.6130743362869,-57.9391505155601,-61.4613211630531,-0.887657515634248,-1.63099316257214,0.133750147655023,0.0569102246007617,33.9403695532507,51.7086952430838,66.7976519008478,0.940337377212902
2010-06-05,-57.9617647058824,-61.4735294117647,0.305339225181719,359.041517676377,0.359365149242122,66.6130743362869,-57.9391505155601,-61.4613211630531,-0.896252122746627,-1.62523871587838,0.0839576139221629,0.0451904578629615,33.9388807299327,52.7939350344392,66.7976519008478,7.01349505477308
2010-06-06,-57.9617647058824,-61.4735294117647,0.30459210930801,359.021665991806,0.556325921198217,66.6130743362869,-57.9391505155601,-61.4613211630531,-0.90987696837478,-1.61927092574064,0.0433939430616323,0.0398289199702331,33.9393110905903,53.2115568348914,66.7976519008478,30.6099860990736
2010-06-07,-57.9617647058824,-61.4735294117647,0.305369404031009,359.083744700362,0.43637385273852,66.6130743362869,-57.9391505155601,-61.4613211630531,-0.931509279006245,-1.60069870305287,0.116028819539849,0.0708540120336771,33.94037572575,54.0447408647833,66.7976519008478,1.46580708773735
2010-06-08,-57.9617647058824,-61.4735294117647,0.300541990777341,359.315564783608,0.160653029182335,66.6130743362869,-57.9391505155601,-61.4613211630531,-0.947285001094525,-1.59522102171915,0.160151747199889,0.0621523242569485,33.9342452807304,52.0081141905585,66.7976519008478,8.25428053460538
2010-06-09,-57.9617647058824,-61.4735294117647,0.288311112036065,359.551251295136,0.0594184359581005,66.6130743362869,-57.9391505155601,-61.4613211630531,-0.924577251569382,-1.60410063131618,0.195006273732132,0.073177702046237,33.9287099851127,52.5847123232287,66.7976519008478,29.6978622886932
2010-06-10,-57.9617647058824,-61.4735294117647,0.277825757315973,360.017315376096,0.121657585679758,66.6130743362869,-57.9391505155601,-61.4613211630531,-0.943276820284555,-1.60794159790121,0.162099001609925,0.0799560237942357,33.9270831119676,57.4281360314764,66.7976519008478,12.0373425724976
2010-06-11,-57.9617647058824,-61.4735294117647,0.269832333050123,360.523871445074,0.0822868067316893,66.6130743362869,-57.9391505155601,-61.4613211630531,-0.94751333190925,-1.6051912275564,0.175275913948714,0.0438543980370569,33.9208682082121,56.3109774711805,66.7976519008478,15.6583744913752
2010-06-12,-57.9617647058824,-61.4735294117647,0.261162963400527,360.888587765577,0.0581434352277983,66.6130743362869,-57.9391505155601,-61.4613211630531,-0.925254342386275,-1.60541239296376,0.174859939004809,0.0260128078532283,33.912853534405,49.851637584156,66.7976519008478,18.8807033095476
2010-06-13,-57.9617647058824,-61.4735294117647,0.253723141805428,361.294584320813,0.132403514370686,66.6130743362869,-57.9391505155601,-61.4613211630531,-0.93969367517915,-1.60894899747954,0.190331711354647,0.0667675795352813,33.9109157763029,52.4362382168068,66.7976519008478,25.308119528371
2010-06-14,-57.9617647058824,-61.4735294117647,0.247963230239182,361.335992580507,0.235455952039579,66.6130743362869,-57.9391505155601,-61.4613211630531,-0.969092267546577,-1.61376606211489,0.188405050520311,0.112833642660968,33.9195070305334,59.560725192792,66.7976519008478,40.3441479915873
2010-06-15,-57.9617647058824,-61.4735294117647,0.245262640096792,361.788235548066,0.222351360430078,66.6130743362869,-57.9391505155601,-61.4613211630531,-1.01991460457263,-1.61489536807283,0.121929888290513,0.116298172954726,33.9254892223116,61.6628369139595,66.7976519008478,19.2499717003022
2010-06-16,-57.9617647058824,-61.4735294117647,0.243148814432505,362.313274476586,0.205476603675179,66.6130743362869,-57.9391505155601,-61.4613211630531,-1.05353092735032,-1.61087442345304,0.155308323848223,0.0727411350951745,33.9256210378629,59.8941222498452,66.7976519008478,7.8361341784962
2010-06-17,-57.9617647058824,-61.4735294117647,0.241468433926745,362.624757348037,0.227706358381888,66.6130743362869,-57.9391505155601,-61.4613211630531,-1.07379126464307,-1.61802506189436,0.128477570835838,0.0722897410513418,33.9276988844157,59.6659539900972,66.7976519008478,1.95825824041822
2010-06-18,-57.9617647058824,-61.4735294117647,0.23737847041793,362.622896520103,0.140825918534907,66.6130743362869,-57.9391505155601,-61.4613211630531,-1.09915992875009,-1.63254214990155,0.0177806354908325,0.0672634537262633,33.9343915210883,60.6601739116365,66.7976519008478,53.3875209937422
2010-06-19,-57.9617647058824,-61.4735294117647,0.230962065843547,362.369173003406,0.169733853965271,66.6130743362869,-57.9391505155601,-61.4613211630531,-1.12239254705417,-1.63938184032234,0.0167921816530498,0.0636004090118103,33.9427006730506,63.2585717624659,66.7976519008478,53.9968768439263
2010-06-20,-57.9617647058824,-61.4735294117647,0.228083611443275,362.439799238996,0.226383079025077,66.6130743362869,-57.9391505155601,-61.4613211630531,-1.14119689130349,-1.63547374265879,0.13604665552134,0.100479618358387,33.944700253959,63.427432752653,66.7976519008478,11.9169161224362
2010-06-21,-57.9617647058824,-61.4735294117647,0.226437969178688,362.637364829459,0.17750552969008,66.6130743362869,-57.9391505155601,-61.4613211630531,-1.16903471390688,-1.63108212246425,0.160460639252314,0.0672313292057086,33.9465144951495,63.5036259624157,66.7976519008478,8.90713041432796
2010-06-22,-57.9617647058824,-61.4735294117647,0.223712399783658,362.817772842035,0.17505962955879,66.6130743362869,-57.9391505155601,-61.4613211630531,-1.18252809675518,-1.62543681790793,0.182223095615142,0.020025249148308,33.943839450275,58.1076979746542,66.7976519008478,25.0409163437935
2010-06-23,-57.9617647058824,-61.4735294117647,0.220239964200229,362.977428157155,0.106982304919057,66.6130743362869,-57.9391505155601,-61.4613211630531,-1.18342561036469,-1.62094759024107,0.139864557778385,0.000634257816150282,33.9419572909995,53.3557062548021,66.7976519008478,16.30004324128
2010-06-24,-57.9617647058824,-61.4735294117647,0.213666833573725,362.620088902915,0.0459176042775919,66.6130743362869,-57.9391505155601,-61.4613211630531,-1.15802828034489,-1.61215982713841,0.103806589045103,-0.04088821302843,33.9364899031707,51.56763450916,66.7976519008478,46.6357620841087
2010-06-25,-57.9617647058824,-61.4735294117647,0.209390127985943,362.417173059975,0.149644994608513,66.6130743362869,-57.9391505155601,-61.4613211630531,-1.17085346957611,-1.60999470136748,0.115930797760947,0.062854126492935,33.9336459820087,49.1508649203137,66.7976519008478,0.463439845105996
2010-06-26,-57.9617647058824,-61.4735294117647,0.207265962914723,362.421094196599,0.0874051069159333,66.6130743362869,-57.9391505155601,-61.4613211630531,-1.19700795408042,-1.61156798873031,0.126778253639436,0.0217187999975183,33.9344965513901,49.8985891252072,66.7976519008478,5.50869222189621
2010-06-27,-57.9617647058824,-61.4735294117647,0.203537126321618,362.512176885837,0.0731941123561161,66.6130743362869,-57.9391505155601,-61.4613211630531,-1.19712558243921,-1.6137071669343,0.140070485536829,0.0222756289217154,33.9278224631038,43.8222753560817,66.7976519008478,7.07447915813196
2010-06-28,-57.9617647058824,-61.4735294117647,0.201377722366554,362.678718008646,0.133516333724667,66.6130743362869,-57.9391505155601,-61.4613211630531,-1.21886661877999,-1.62572140877063,0.131308667120422,0.042715204957566,33.9237697668243,40.5525524857556,66.7976519008478,1.27449822320473
2010-06-29,-57.9617647058824,-61.4735294117647,0.198691531652358,362.743632991139,0.0656751593711173,66.6130743362869,-57.9391505155601,-61.4613211630531,-1.21920467142956,-1.63338151473587,0.0574538739455937,-0.000748753602969663,33.9221491022149,42.7117062387196,66.7976519008478,34.8796725600191
2010-06-30,-57.9617647058824,-61.4735294117647,0.195247841862644,362.42075254859,0.120271371359505,66.6130743362869,-57.9391505155601,-61.4613211630531,-1.22437527337377,-1.63871010369778,0.05796292796731,0.0389178950797048,33.9249352726698,49.6829826738509,66.7976519008478,20.603627297529
2010-07-01,-57.9617647058824,-61.4735294117647,0.193773157531168,362.199482615401,0.124460272581839,66.6130743362869,-57.9391505155601,-61.4613211630531,-1.25516165497332,-1.62694915377016,0.105903758130736,0.0121596285698787,33.9231025500175,49.5038253858826,66.7976519008478,9.90222988016447
2010-07-02,-57.9617647058824,-61.4735294117647,0.191203336708429,362.028864418588,0.0590523520439136,66.6130743362869,-57.9391505155601,-61.4613211630531,-1.26606825331927,-1.62071283529645,0.0736463940608115,-0.00699413400369617,33.9190704922284,48.498485495687,66.7976519008478,29.6467255910009
2010-07-03,-57.9617647058824,-61.4735294117647,0.188446559920544,361.986548074862,0.100236633747089,66.6130743362869,-57.9391505155601,-61.4613211630531,-1.27069322879498,-1.6251485177219,0.105136882815404,0.0447300031288513,33.9145483153391,47.755909555515,66.7976519008478,1.6036821782883
2010-07-04,-57.9617647058824,-61.4735294117647,0.18773780726805,362.168720524486,0.172465177207458,66.6130743362869,-57.9391505155601,-61.4613211630531,-1.28985440505822,-1.63176910066412,0.107405384356475,0.100995261418192,33.9249085183086,52.5752396062318,66.7976519008478,11.745978040467
2010-07-05,-57.9617647058824,-61.4735294117647,0.187855538253377,362.12448976098,0.202840937982972,66.6130743362869,-57.9391505155601,-61.4613211630531,-1.30924193386124,-1.63143590635616,0.0644916646363523,0.0739989423076151,33.94057749801,58.2096321927069,66.7976519008478,17.5146160631448
2010-07-06,-57.9617647058824,-61.4735294117647,0.188039057320211,361.988510876167,0.168609896629322,66.6130743362869,-57.9391505155601,-61.4613211630531,-1.3185472384236,-1.62714148886934,0.106968817098742,0.0510561071869172,33.9548586125959,63.1533426717225,66.7976519008478,0.939314291797002
2010-07-07,-57.9617647058824,-61.4735294117647,0.187188595533371,361.946372427591,0.121467846650176,66.6130743362869,-57.9391505155601,-61.4613211630531,-1.34667171383033,-1.62208884351167,0.151865210052323,0.00314657782253466,33.9544034795722,61.4945936807898,66.7976519008478,18.0528994035546
2010-07-08,-57.9617647058824,-61.4735294117647,0.184697154818512,362.144382755931,0.0626878331801513,66.6130743362869,-57.9391505155601,-61.4613211630531,-1.39203580856001,-1.61616553533093,0.175852511646213,0.0026861231185888,33.9284957134128,38.0593838209083,66.7976519008478,28.7397259073703
2010-07-09,-57.9617647058824,-61.4735294117647,0.181828131581225,362.564119664634,0.0835724266745695,66.6130743362869,-57.9391505155601,-61.4613211630531,-1.43426848370858,-1.6157380278133,0.151062915300229,0.0281421018012783,33.8980103362749,22.2972523294158,66.7976519008478,8.14776298999033
2010-07-10,-57.9617647058824,-61.4735294117647,0.181184877709645,363.008282172971,0.157859065547222,66.6130743362869,-57.9391505155601,-61.4613211630531,-1.44851803401543,-1.61632698026263,0.149097539419145,0.0917622800237737,33.9239755957394,38.7278256113873,66.7976519008478,11.176419530078
2010-07-11,-57.9617647058824,-61.4735294117647,0.180446630570947,363.523312452363,0.0995217718002273,66.6130743362869,-57.9391505155601,-61.4613211630531,-1.4709391300334,-1.62241338460873,0.146007797938449,0.083983972723949,33.936990210241,50.9327588358067,66.7976519008478,7.72051400142992
2010-07-12,-57.9617647058824,-61.4735294117647,0.179248593565894,364.013164241139,0.156492792524216,66.6130743362869,-57.9391505155601,-61.4613211630531,-1.47452128593095,-1.63671878169262,0.108370773916544,0.101236609161383,33.9434027729729,55.8480513182729,66.7976519008478,11.7392837501772
2010-07-13,-57.9617647058824,-61.4735294117647,0.179873713814631,364.150053070813,0.200310642944603,66.6130743362869,-57.9391505155601,-61.4613211630531,-1.47004754316469,-1.63695683299128,0.0956699672920501,0.0602446084442409,33.9547185807736,61.9210703138076,66.7976519008478,3.2097741951641
2010-07-14,-57.9617647058824,-61.4735294117647,0.179770369355271,364.257361435309,0.133625733597976,66.6130743362869,-57.9391505155601,-61.4613211630531,-1.48674252753959,-1.6311476090659,0.164251358784966,0.104267867465532,33.956417449251,62.2573503193102,66.7976519008478,22.1600488842128
2010-07-15,-57.9617647058824,-61.4735294117647,0.17791137589914,364.596383071527,0.085029076148824,66.6130743362869,-57.9391505155601,-61.4613211630531,-1.47411404350991,-1.62944829560484,0.174733911378261,0.109492669246498,33.9555566764554,61.6515105410948,66.7976519008478,30.0661699182751
2010-07-16,-57.9617647058824,-61.4735294117647,0.175792785861143,364.60384536371,0.0770881071505023,66.6130743362869,-57.9391505155601,-61.4613211630531,-1.46166842451945,-1.62678688080848,0.169608778582934,0.0356971833518079,33.9584766547529,64.635405500569,66.7976519008478,13.8854227805137
2010-07-17,-57.9617647058824,-61.4735294117647,0.173282355433557,364.375633797994,0.108818757007035,66.6130743362869,-57.9391505155601,-61.4613211630531,-1.44224432010239,-1.62185490919672,0.195892587530347,0.128075599620136,33.9629452662912,68.61949217046,66.7976519008478,55.8120153320485
2010-07-18,-57.9617647058824,-61.4735294117647,0.171132156034795,364.60765633932,0.0830538549528616,66.6130743362869,-57.9391505155601,-61.4613211630531,-1.41679459842432,-1.61749294573157,0.221373277677376,0.0571598090663773,33.9629596190253,68.6888899397754,66.7976519008478,51.128184137025
2010-07-19,-57.9617647058824,-61.4735294117647,0.170350128557624,364.916327499762,0.177343237963392,66.6130743362869,-57.9391505155601,-61.4613211630531,-1.38913469766637,-1.63060519634149,0.215604002809959,0.0880440464658052,33.9625251450841,69.8960389331607,66.7976519008478,51.1242140948321
2010-07-20,-57.9617647058824,-61.4735294117647,0.169578796843203,364.943099231255,0.175309291382025,66.6130743362869,-57.9391505155601,-61.4613211630531,-1.39881956762309,-1.64560498254984,0.193604316602633,0.10916400832525,33.9719648785919,74.0366306974177,66.7976519008478,41.9389679358737
2010-07-21,-57.9617647058824,-61.4735294117647,0.169989455218722,364.910472218583,0.295734426778991,66.6130743362869,-57.9391505155601,-61.4613211630531,-1.40486791717861,-1.65109666478135,0.187410830300145,0.110881446600564,33.9751217284827,74.5250915457845,66.7976519008478,38.5477096772674
2010-07-22,-57.9617647058824,-61.4735294117647,0.173011192461339,364.909448018888,0.32100152315163,66.6130743362869,-57.9391505155601,-61.4613211630531,-1.44041963185054,-1.63896380889754,0.128539349215153,0.0687601376531015,33.9744689467787,71.1328418090759,66.7976519008478,1.3896502915148
2010-07-23,-57.9617647058824,-61.4735294117647,0.175567890812711,364.948915807212,0.252180644924321,66.6130743362869,-57.9391505155601,-61.4613211630531,-1.45568432145112,-1.63762568783985,0.178919189256414,0.0908331334611021,33.9793967634399,73.7489496249097,66.7976519008478,23.8691400296117
2010-07-24,-57.9617647058824,-61.4735294117647,0.17429854484593,364.860039315573,0.131274400051774,66.6130743362869,-57.9391505155601,-61.4613211630531,-1.47697462774964,-1.64143453114107,0.223600592886509,0.0785466533722343,33.9802184523198,72.7895315957938,66.7976519008478,56.3090864949289
2010-07-25,-57.9617647058824,-61.4735294117647,0.171124088509781,364.779510125881,0.12722617932936,66.6130743362869,-57.9391505155601,-61.4613211630531,-1.47993702492733,-1.641319621108,0.228538743342184,0.0524671249061461,33.9764911739128,69.9796458114336,66.7976519008478,58.6023667089194
2010-07-26,-57.9617647058824,-61.4735294117647,0.170554255566946,364.744599877334,0.213421190066672,66.6130743362869,-57.9391505155601,-61.4613211630531,-1.48922255816247,-1.64045060597933,0.17948919748347,0.0527587187264049,33.9743907892431,68.5632738249826,66.7976519008478,17.5326007875062
2010-07-27,-57.9617647058824,-61.4735294117647,0.17240040822,364.874887605993,0.265692025241328,66.6130743362869,-57.9391505155601,-61.4613211630531,-1.49824022418253,-1.63114143238377,0.198415615333196,0.0322170024800558,33.968443547505,60.5440306335326,66.7976519008478,32.947986530719
2010-07-28,-57.9617647058824,-61.4735294117647,0.175451355009544,365.080902099609,0.36812727489486,66.6130743362869,-57.9391505155601,-61.4613211630531,-1.52400624776176,-1.62905620305966,0.156957394273778,0.100401365805251,33.9748932996742,66.8507777856268,66.7976519008478,17.3613625627768
2010-07-29,-57.9617647058824,-61.4735294117647,0.174609924416716,364.244760652868,0.300549843144126,66.6130743362869,-57.9391505155601,-61.4613211630531,-1.53114288514442,-1.63155040406344,0.17413342552066,0.174060938982909,34.0008010658336,75.7559225118434,66.7976519008478,86.241750765163
2010-07-30,-57.9617647058824,-61.4735294117647,0.174612032385861,363.53031809737,0.313933986352711,66.6130743362869,-57.9391505155601,-61.4613211630531,-1.51406240093242,-1.6326414089293,0.0923883009314859,0.0848463983520081,34.0362785020177,84.4510211339685,66.7976519008478,8.5673980723424
2010-07-31,-57.9617647058824,-61.4735294117647,0.177087930099266,363.106169909966,0.381780912418191,66.6130743362869,-57.9391505155601,-61.4613211630531,-1.52291993798836,-1.63393710628051,0.108639303816032,0.111355904600358,34.0552898103248,88.1865527877602,66.7976519008478,16.972173935061
2010-08-01,-57.9617647058824,-61.4735294117647,0.180124849353622,362.844694928425,0.33373400432671,66.6130743362869,-57.9391505155601,-61.4613211630531,-1.53192771382017,-1.63273078259508,0.0997325119571245,0.0731480483433254,34.0668215783823,89.7170086460397,66.7976519008478,3.89522435569696
2010-08-02,-57.9617647058824,-61.4735294117647,0.1820607754152,362.783937779868,0.237183694705004,66.6130743362869,-57.9391505155601,-61.4613211630531,-1.55291555284971,-1.63159076758885,0.166623648437049,0.0967984515193262,34.0686357372042,85.2123363523187,66.7976519008478,19.7755365321555
2010-08-03,-57.9617647058824,-61.4735294117647,0.18099111527568,362.76110058296,0.1269640678131,66.6130743362869,-57.9391505155601,-61.4613211630531,-1.58231315776887,-1.63934312497395,0.22157508645624,0.0862384709490616,34.0543092632422,57.3653278518141,66.7976519008478,56.4001150408766
2010-08-04,-57.9617647058824,-61.4735294117647,0.180678763585847,362.716598882908,0.266280090663491,66.6130743362869,-57.9391505155601,-61.4613211630531,-1.5781280434566,-1.65172804013277,0.177364845703609,0.124314533101644,34.0570337189997,70.7813229798949,66.7976519008478,40.8163444287721
2010-08-05,-57.9617647058824,-61.4735294117647,0.185139687686432,362.714703443574,0.414963231581013,66.6130743362869,-57.9391505155601,-61.4613211630531,-1.58799775377137,-1.65343477095348,0.143082798412133,0.0733564474925339,34.0557919706893,67.7838367778763,66.7976519008478,4.4181401349488
2010-08-06,-57.9617647058824,-61.4735294117647,0.192514016497426,362.71668559749,0.508289383133737,66.6130743362869,-57.9391505155601,-61.4613211630531,-1.59777553699277,-1.64129367370194,0.151167526393727,0.0328611448789254,34.0494946725616,57.6350934058227,66.7976519008478,7.0582982412006
2010-08-07,-57.9617647058824,-61.4735294117647,0.201189642090623,362.575533983184,0.556764052226776,66.6130743362869,-57.9391505155601,-61.4613211630531,-1.62750723986169,-1.62696892047218,0.131705695650114,0.0692049417840807,34.042845310309,49.8065393720722,66.7976519008478,1.76633376864676
2010-08-08,-57.9617647058824,-61.4735294117647,0.207541857550784,362.578768846465,0.354851318386997,66.6130743362869,-57.9391505155601,-61.4613211630531,-1.62615503376795,-1.62635113851905,0.163839503675297,0.0459375642491417,34.0412864015813,49.1354204260225,66.7976519008478,9.82891301197782
2010-08-09,-57.9617647058824,-61.4735294117647,0.213917595947661,362.806020224967,0.604344041881765,66.6130743362869,-57.9391505155601,-61.4613211630531,-1.63648536234249,-1.62908091815377,0.172460467739385,0.0414491604546062,34.0368074373356,47.923122941402,66.7976519008478,14.4294646273149
2010-08-10,-57.9617647058824,-61.4735294117647,0.222068997418008,362.84278609113,0.583036697674088,66.6130743362869,-57.9391505155601,-61.4613211630531,-1.64701239525387,-1.6438933070372,0.115878080614866,0.0868999110321123,34.0453286576368,59.7036388824504,66.7976519008478,5.42052271598983
2010-08-11,-57.9617647058824,-61.4735294117647,0.220388270914555,361.94414873821,0.264367893883368,66.6130743362869,-57.9391505155601,-61.4613211630531,-1.6390177809436,-1.64086699357078,0.0372680011990904,0.0138894225874169,34.0499537438355,66.4790778887256,66.7976519008478,42.6190002559672
2010-08-12,-57.9617647058824,-61.4735294117647,0.221944148220667,361.281282378406,0.554097066565258,66.6130743362869,-57.9391505155601,-61.4613211630531,-1.62285557562201,-1.64298187093696,0.0659290412026137,0.0776710479234957,34.0718912956042,82.1477181824595,66.7976519008478,17.5147120779488
2010-08-13,-57.9617647058824,-61.4735294117647,0.227484583672954,361.279754266506,0.318265887386188,66.6130743362869,-57.9391505155601,-61.4613211630531,-1.64198413101124,-1.6435024574218,0.149590118985508,0.0597141382866382,34.0718934114484,75.6747871790177,66.7976519008478,4.43982383642034
2010-08-14,-57.9617647058824,-61.4735294117647,0.233535224889837,361.604080200195,0.563646778100874,66.6130743362869,-57.9391505155601,-61.4613211630531,-1.65324064304954,-1.64545836091524,0.118688583786269,0.0949360402137564,34.0755465683828,79.5942124072035,66.7976519008478,8.2809076358657
2010-08-15,-57.9617647058824,-61.4735294117647,0.238499289969119,361.853335869022,0.377242312743896,66.6130743362869,-57.9391505155601,-61.4613211630531,-1.6718304923028,-1.62502290378859,0.197663567050306,0.0672370950752987,34.0683595912177,66.3822917513519,66.7976519008478,30.7718367920276
2010-08-16,-57.9617647058824,-61.4735294117647,0.242937318798972,362.113274551019,0.724140791994769,66.6130743362869,-57.9391505155601,-61.4613211630531,-1.67449042012013,-1.63028271204708,0.14479858944552,0.117144124705581,34.0755547537656,73.3445070912803,66.7976519008478,22.7675696443833
2010-08-17,-57.9617647058824,-61.4735294117647,0.25191752885173,361.98987597954,0.905105346223203,66.6130743362869,-57.9391505155601,-61.4613211630531,-1.66027942038419,-1.61784219838347,0.095220220676157,0.0727641988349588,34.0953981654364,87.3187727754415,66.7976519008478,4.85304031446714
2010-08-18,-57.9617647058824,-61.4735294117647,0.262045873737917,361.634995623333,0.937194811316525,66.6130743362869,-57.9391505155601,-61.4613211630531,-1.65860794848598,-1.62012264249135,0.130294677594051,0.0557405541923686,34.1000007186663,87.7847874019793,66.7976519008478,0.510994513818368
2010-08-19,-57.9617647058824,-61.4735294117647,0.271739752736033,361.323466975514,0.814639900879162,66.6130743362869,-57.9391505155601,-61.4613211630531,-1.65285514578646,-1.62692114505691,0.152194694669945,0.0487950192550738,34.1043108632529,89.8210022677938,66.7976519008478,5.23866048846633
2010-08-20,-57.9617647058824,-61.4735294117647,0.276121054844158,360.711509518507,0.62752769106045,66.6130743362869,-57.9391505155601,-61.4613211630531,-1.65813348907852,-1.62591374789172,0.170122774425949,-0.0224560217004315,34.101703793092,84.1548969819639,66.7976519008478,41.8507370163154
2010-08-21,-57.9617647058824,-61.4735294117647,0.284164760170913,360.515426263577,0.953783979957424,66.6130743362869,-57.9391505155601,-61.4613211630531,-1.69960703235245,-1.62262919830729,0.167642579206571,0.030867763140142,34.0700732242723,43.454488039982,66.7976519008478,13.9487450892175
2010-08-22,-57.9617647058824,-61.4735294117647,0.297710856104769,360.604444178139,0.985095437161806,66.6130743362869,-57.9391505155601,-61.4613211630531,-1.70538750737302,-1.62049825358809,0.144648674357677,0.00886395900395879,34.0604851500065,18.5248596201702,66.7976519008478,13.2752840848941
2010-08-23,-57.9617647058824,-61.4735294117647,0.31577341767346,360.760068567788,1.6390130600733,66.6130743362869,-57.9391505155601,-61.4613211630531,-1.72389630380108,-1.62754469522741,0.150276270512788,0.0392622065688917,34.0456336583847,17.1642941424721,66.7976519008478,5.62147654632399
2010-08-24,-57.9617647058824,-61.4735294117647,0.336205959683511,360.943083228135,2.08742810840287,66.6130743362869,-57.9391505155601,-61.4613211630531,-1.72107822483207,-1.62329146350444,0.165780167493783,0.0292104557206837,34.0471698642581,20.4659357907479,66.7976519008478,13.4858417178862
2010-08-25,-57.9617647058824,-61.4735294117647,0.353271595225102,361.016903388791,1.73907064174007,66.6130743362869,-57.9391505155601,-61.4613211630531,-1.71915963481151,-1.62904714588855,0.173962917631334,0.0250432994191544,34.0497274617595,26.8258123372087,66.7976519008478,18.6739159567475
2010-08-26,-57.9617647058824,-61.4735294117647,0.361695977064168,361.027198977587,0.866782210494687,66.6130743362869,-57.9391505155601,-61.4613211630531,-1.72713645765817,-1.64128831845385,0.144575363831964,0.00500734199678045,34.0424109032923,28.6235626274758,66.7976519008478,15.0830160999771
2010-08-27,-57.9617647058824,-61.4735294117647,0.373896070733303,361.220095006431,1.68344988074245,66.6130743362869,-57.9391505155601,-61.4613211630531,-1.74445910862422,-1.64819967280194,0.0919006635333121,0.0498905554061879,34.0364411337334,29.1869812629484,66.7976519008478,4.12648454437866
2010-08-28,-57.9617647058824,-61.4735294117647,0.387749795143197,360.973280371689,1.93430215738169,66.6130743362869,-57.9391505155601,-61.4613211630531,-1.74711706249016,-1.64909175066491,0.0849378304593718,0.0719874390977838,34.0470196547618,37.4430415723649,66.7976519008478,7.81909518445482
2010-08-29,-57.9617647058824,-61.4735294117647,0.401904877911254,360.804049236018,1.86361527152178,66.6130743362869,-57.9391505155601,-61.4613211630531,-1.75857422773333,-1.63597373441163,0.136892606870004,0.0687420159709035,34.04871655154,34.0201084571972,66.7976519008478,2.42477933154779
2010-08-30,-57.9617647058824,-61.4735294117647,0.408510901033878,360.733682027677,1.09067423114689,66.6130743362869,-57.9391505155601,-61.4613211630531,-1.75041157707029,-1.62843471677036,0.179153946558876,0.0259955099277329,34.0466696601487,37.8501609925799,66.7976519008478,21.3209091823077
2010-08-31,-57.9617647058824,-61.4735294117647,0.413807098821896,360.991212426162,1.35223752223864,66.6130743362869,-57.9391505155601,-61.4613211630531,-1.75341548932548,-1.64500202421556,0.0955521761818051,0.0960678196840199,34.0420198376201,37.7599645722733,66.7976519008478,11.7951346903145
2010-09-01,-57.9617647058824,-61.4735294117647,0.424615735687861,360.891402453911,1.78157290634586,66.6130743362869,-57.9391505155601,-61.4613211630531,-1.74696582547727,-1.65748289963494,0.106332911864707,0.0797723358630249,34.0607056559821,51.2027303332742,66.7976519008478,4.22584548807161
2010-09-02,-57.9617647058824,-61.4735294117647,0.432926984458435,360.727613123452,1.38670976605357,66.6130743362869,-57.9391505155601,-61.4613211630531,-1.75282933274422,-1.66341197957233,0.168079146499495,0.0407663037982869,34.0492622540226,36.5725845177325,66.7976519008478,12.3296939784845
2010-09-03,-57.9617647058824,-61.4735294117647,0.443958564502437,360.904744962367,2.33365499137378,66.6130743362869,-57.9391505155601,-61.4613211630531,-1.7532484393049,-1.66805112120594,0.159794256810034,0.0875778258017763,34.0469332552149,38.4356139488066,66.7976519008478,13.3484583238699
2010-09-04,-57.9617647058824,-61.4735294117647,0.462591119474027,360.971055937976,2.54834546294154,66.6130743362869,-57.9391505155601,-61.4613211630531,-1.76815729006099,-1.66503509834871,0.124623424560837,0.0403989283280012,34.0436445743288,35.9337962416985,66.7976519008478,1.05601318575432
2010-09-05,-57.9617647058824,-61.4735294117647,0.475094489753246,360.753509521484,2.17006206548795,66.6130743362869,-57.9391505155601,-61.4613211630531,-1.74273425943938,-1.66715368198158,0.0929953760684904,0.0806429990430271,34.0626268940255,51.4924707103837,66.7976519008478,7.20299629570177
2010-09-06,-57.9617647058824,-61.4735294117647,0.472700050509557,359.841475323933,1.89261515620278,66.6130743362869,-57.9391505155601,-61.4613211630531,-1.72022222362549,-1.67079160618879,0.0426970834161347,0.060341806386003,34.0879764942988,66.6845937399407,66.7976519008478,30.289601987582
2010-09-07,-57.9617647058824,-61.4735294117647,0.46752606441335,358.821255939763,1.79821153384883,66.6130743362869,-57.9391505155601,-61.4613211630531,-1.70826588725915,-1.68400146700593,0.100720965629004,0.110891331062626,34.0998008717731,73.5220170542296,66.7976519008478,17.9443052186671
2010-09-08,-57.9617647058824,-61.4735294117647,0.47544397086632,358.561598987114,2.17007205835203,66.6130743362869,-57.9391505155601,-61.4613211630531,-1.70807906908867,-1.67842205767689,0.0905176520236993,0.0720483935846571,34.1042344611988,74.2188770188655,66.7976519008478,6.01284890856788
2010-09-09,-57.9617647058824,-61.4735294117647,0.494867842008428,358.564134551258,2.29660554230213,66.6130743362869,-57.9391505155601,-61.4613211630531,-1.71965485368824,-1.6817992708461,0.12886636244201,0.0548476509136549,34.1021381537763,63.3835699941143,66.7976519008478,0.36920313621857
2010-09-10,-57.9617647058824,-61.4735294117647,0.516437036235158,358.575346411728,2.11497034386891,66.6130743362869,-57.9391505155601,-61.4613211630531,-1.73600189759825,-1.68631568418341,0.147628038417794,0.0484095223740688,34.0937733772473,51.0390176515669,66.7976519008478,3.90792983128101
2010-09-11,-57.9617647058824,-61.4735294117647,0.548466933573165,358.691424858279,3.50713664111568,66.6130743362869,-57.9391505155601,-61.4613211630531,-1.78313137259078,-1.68347552495125,0.122427410195995,0.0360678536880274,34.0623715100823,28.0601439160696,66.7976519008478,1.67964155707649
2010-09-12,-57.9617647058824,-61.4735294117647,0.595385961416291,359.124629695241,4.91884207362082,66.6130743362869,-57.9391505155601,-61.4613211630531,-1.77431041476858,-1.66844567708802,0.154002741104879,0.0403989283983846,34.0584239161771,19.0370022121229,66.7976519008478,6.64408771918367
2010-09-13,-57.9617647058824,-61.4735294117647,0.650739947833666,359.666714551972,5.95203604494653,66.6130743362869,-57.9391505155601,-61.4613211630531,-1.77940292461359,-1.66895349386089,0.149003636463974,0.0182485036381021,34.0494660546101,19.7950227559819,66.7976519008478,10.6098700822177
2010-09-14,-57.9617647058824,-61.4735294117647,0.698653059761699,359.849926832246,3.45190952827291,66.6130743362869,-57.9391505155601,-61.4613211630531,-1.7558767374067,-1.66902268447696,0.15699446136974,-0.00298595405340838,34.0496492578916,20.8843812672233,66.7976519008478,23.1271707991477
2010-09-15,-57.9617647058824,-61.4735294117647,0.751047430968866,360.086597721751,5.28046104384632,66.6130743362869,-57.9391505155601,-61.4613211630531,-1.79055169638995,-1.68042985340844,0.0986130881285378,0.0412366428235282,34.0122858580307,12.6567387625917,66.7976519008478,3.19954760668404
2010-09-16,-57.9617647058824,-61.4735294117647,0.829919546842575,360.717255755169,6.47623353905794,66.6130743362869,-57.9391505155601,-61.4613211630531,-1.76835201497664,-1.67757198765532,0.155819025001264,0.0129808689368318,34.0234491294212,15.0133774959446,66.7976519008478,14.8351806338483
2010-09-17,-57.9617647058824,-61.4735294117647,0.909851216688389,361.291584294017,9.09119340413954,66.6130743362869,-57.9391505155601,-61.4613211630531,-1.79035795861088,-1.66433206260928,0.0934887791100221,0.0418445417825912,34.0124525000692,18.0541086132549,66.7976519008478,4.3643770458309
2010-09-18,-57.9617647058824,-61.4735294117647,0.947388265191055,361.031028933641,4.98065262233339,66.6130743362869,-57.9391505155601,-61.4613211630531,-1.75662993789524,-1.65200027586156,0.168011602170152,-0.0265268037414905,34.0195179062816,20.4018922695103,66.7976519008478,44.0272870598223
2010-09-19,-57.9617647058824,-61.4735294117647,0.960940258895479,360.962571306926,4.78183169408542,66.6130743362869,-57.9391505155601,-61.4613211630531,-1.74283507607083,-1.65738775984317,0.171894577411022,0.00753695985324952,34.015034787568,23.8678643281965,66.7976519008478,24.2343620246427
2010-09-20,-57.9617647058824,-61.4735294117647,1.01606551285197,361.428641714701,6.46080350294346,66.6130743362869,-57.9391505155601,-61.4613211630531,-1.74596452294734,-1.66266692746506,0.155020024868761,0.0206389143791517,34.0004756479611,22.185227656654,66.7976519008478,11.6856932968859
2010-09-21,-57.9617647058824,-61.4735294117647,1.09769306095635,362.148144605683,6.72535625608956,66.6130743362869,-57.9391505155601,-61.4613211630531,-1.75341548739496,-1.6630989662227,0.085986415339023,0.0268002759700442,33.9752989651864,14.5465389745921,66.7976519008478,9.65791538791414
2010-09-22,-57.9617647058824,-61.4735294117647,1.18063103571171,363.014125172685,9.54061444212751,66.6130743362869,-57.9391505155601,-61.4613211630531,-1.75674756496702,-1.6586603963906,0.0964763804958497,0.0772501315202629,33.9927903972013,21.9941266043144,66.7976519008478,5.47617029080828
2010-09-23,-57.9617647058824,-61.4735294117647,1.23876711071991,363.577996975038,5.89388673479964,66.6130743362869,-57.9391505155601,-61.4613211630531,-1.75854160911159,-1.64665397812641,0.151809197688392,0.0374846372818738,33.9991804012242,27.1664169918992,66.7976519008478,6.37545156178779
2010-09-24,-57.9617647058824,-61.4735294117647,1.30409394459027,364.079681396484,10.5811758215834,66.6130743362869,-57.9391505155601,-61.4613211630531,-1.79937166659295,-1.64824291794245,0.1020916213612,0.0461220756555215,33.9699880211299,22.2408281807636,66.7976519008478,1.98844826215246
2010-09-25,-57.9617647058824,-61.4735294117647,1.38534040930795,364.672352488448,10.9983470468986,66.6130743362869,-57.9391505155601,-61.4613211630531,-1.76132608071352,-1.64165446021457,0.031168417711007,0.0336189594235417,34.003134327218,29.2396988411825,66.7976519008478,41.8482675487801
2010-09-26,-57.9617647058824,-61.4735294117647,1.45458292743055,365.246488989853,9.27570957672305,66.6130743362869,-57.9391505155601,-61.4613211630531,-1.76840341107244,-1.64264538494038,0.110108805124053,0.0613870964298847,34.0109760835264,29.676471836332,66.7976519008478,0.771714791338438
2010-09-27,-57.9617647058824,-61.4735294117647,1.53772489908265,366.019521573695,10.0362286276934,66.6130743362869,-57.9391505155601,-61.4613211630531,-1.77363924973729,-1.65259540756704,0.117017273091071,0.0340810613995782,33.9925908231542,25.0649230534892,66.7976519008478,2.0919002276338
2010-09-28,-57.9617647058824,-61.4735294117647,1.61828025666679,366.769638433689,9.98992730059275,66.6130743362869,-57.9391505155601,-61.4613211630531,-1.73011466832618,-1.6586797536626,0.149600003583309,0.0156455754419329,33.9930624350523,22.8625244701761,66.7976519008478,11.7543989883611
2010-09-29,-57.9617647058824,-61.4735294117647,1.66719979193152,367.342591820694,10.9290063962704,66.6130743362869,-57.9391505155601,-61.4613211630531,-1.69441864075448,-1.66840119448751,0.146908114313597,0.0999145523950397,34.0093986264125,31.2991834915923,66.7976519008478,13.9583777760881
2010-09-30,-57.9617647058824,-61.4735294117647,1.63873119252484,367.053007172375,5.90336904293153,66.6130743362869,-57.9391505155601,-61.4613211630531,-1.66247181226367,-1.66705895757225,0.19924344533147,0.0582619350297972,34.0224750379802,36.8295823971109,66.7976519008478,31.2457637731924
2010-10-01,-57.9617647058824,-61.4735294117647,1.52611640531842,365.778783658656,7.60161121589381,66.6130743362869,-57.9391505155601,-61.4613211630531,-1.62356034279191,-1.67564120627286,0.192694115569355,0.111245527049067,34.0377178681202,44.3751916177521,66.7976519008478,42.4400890583628
2010-10-02,-57.9617647058824,-61.4735294117647,1.57092578672781,366.070698063548,11.8266653374928,66.6130743362869,-57.9391505155601,-61.4613211630531,-1.59435647669752,-1.66939294611716,0.123695101744813,0.0786578544137771,34.0422235455429,41.0494564419333,66.7976519008478,3.0313659996437
2010-10-03,-57.9617647058824,-61.4735294117647,1.71293904795879,367.500534429783,16.9104663773281,66.6130743362869,-57.9391505155601,-61.4613211630531,-1.52808658096954,-1.65649156403123,0.107964684585972,0.0451517434597176,34.0304279250172,29.101727125294,66.7976519008478,1.17573874698072
2010-10-04,-57.9617647058824,-61.4735294117647,1.87274002883492,369.359963021627,20.7996269551719,66.6130743362869,-57.9391505155601,-61.4613211630531,-1.53082558669542,-1.65327002677197,0.11577676352762,0.0428264059588896,34.0281111939877,27.4297987221063,66.7976519008478,0.75691164728515
2010-10-05,-57.9617647058824,-61.4735294117647,2.02313924708018,371.220497689596,23.269802965769,66.6130743362869,-57.9391505155601,-61.4613211630531,-1.48758963261217,-1.65148463342515,0.127550895437699,0.046360128014958,34.0324789502843,35.1685682005889,66.7976519008478,0.576356424226706
2010-10-06,-57.9617647058824,-61.4735294117647,2.11758235460374,372.132058492521,20.8038912749872,66.6130743362869,-57.9391505155601,-61.4613211630531,-1.47951791901016,-1.64888129253619,0.138358813201488,-0.0117733077511855,34.0278845824372,33.8454817155434,66.7976519008478,23.4414853548871
2010-10-07,-57.9617647058824,-61.4735294117647,2.07018646670551,371.517156089224,14.043456298549,66.6130743362869,-57.9391505155601,-61.4613211630531,-1.4673569710792,-1.65294713336929,0.16660223176826,-0.00414903455397539,34.0183439319111,32.0228140595471,66.7976519008478,27.7876568146428
2010-10-08,-57.9617647058824,-61.4735294117647,2.03750685947697,370.98526298709,11.2127325244066,66.6130743362869,-57.9391505155601,-61.4613211630531,-1.4470590760029,-1.64884999100818,0.188050030847551,-0.00490849656675026,34.0109778853402,32.6105321621605,66.7976519008478,40.4666496323743
2010-10-09,-57.9617647058824,-61.4735294117647,1.90215764539998,369.37043427258,7.04522109322432,66.6130743362869,-57.9391505155601,-61.4613211630531,-1.44159589074401,-1.65461391411651,0.231611187173891,0.0304970930351822,34.0113074422365,39.1821024775022,66.7976519008478,64.7851901621904
2010-10-10,-57.9617647058824,-61.4735294117647,1.86144064112407,368.736005085271,10.7373362169033,66.6130743362869,-57.9391505155601,-61.4613211630531,-1.43667339265105,-1.65974769338101,0.207053877750107,0.0594802041828391,34.0175656718925,45.5889305650142,66.7976519008478,37.7732126137962
2010-10-11,-57.9617647058824,-61.4735294117647,1.90006994546914,368.930265100991,11.8948546153743,66.6130743362869,-57.9391505155601,-61.4613211630531,-1.43242501890772,-1.6725073969155,0.188844088676125,0.0993387777705183,34.0271948635498,50.4630374046151,66.7976519008478,33.6518199636615
2010-10-12,-57.9617647058824,-61.4735294117647,1.84781397842779,368.157974987495,6.25228235052853,66.6130743362869,-57.9391505155601,-61.4613211630531,-1.42061892397169,-1.68388202975475,0.233121050328177,0.0768901697446702,34.0313072770874,51.7737683606373,66.7976519008478,66.2092762245122
2010-10-13,-57.9617647058824,-61.4735294117647,1.82915225915793,367.740577139506,11.9174205529981,66.6130743362869,-57.9391505155601,-61.4613211630531,-1.41736493580415,-1.69381104789765,0.166667304621373,0.117393709085731,34.0410167627167,54.801525796795,66.7976519008478,30.6751401077347
2010-10-14,-57.9617647058824,-61.4735294117647,1.90577315411917,368.359328851467,13.1131610463305,66.6130743362869,-57.9391505155601,-61.4613211630531,-1.41866475367836,-1.68554015729109,0.136659497050782,0.109685417551261,34.0519824677955,57.5179204065629,66.7976519008478,16.6929055627485
2010-10-15,-57.9617647058824,-61.4735294117647,1.91185673199049,368.365805649176,8.18073718140765,66.6130743362869,-57.9391505155601,-61.4613211630531,-1.39346412447622,-1.67948958619564,0.210090078051515,0.0693054343253253,34.0535619686811,55.5939363036883,66.7976519008478,41.4479973349937
2010-10-16,-57.9617647058824,-61.4735294117647,1.81555796541819,366.607709931164,10.8464256932096,66.6130743362869,-57.9391505155601,-61.4613211630531,-1.38270184305194,-1.67832279993616,0.19361584934729,0.133581286786418,34.069109521575,62.581274977258,66.7976519008478,58.3317085553509
2010-10-17,-57.9617647058824,-61.4735294117647,1.80661182650706,366.035573819789,9.10266967808328,66.6130743362869,-57.9391505155601,-61.4613211630531,-1.34395148606114,-1.66957663138386,0.189638146172892,0.01250311611635,34.0712945091258,60.8514807143836,66.7976519008478,32.7669629851537
2010-10-18,-57.9617647058824,-61.4735294117647,1.82218261826329,366.228365270103,10.7308160822566,66.6130743362869,-57.9391505155601,-61.4613211630531,-1.29446059626285,-1.66871750081277,0.188909161333171,0.00634422555425067,34.0660783816607,56.4114698096004,66.7976519008478,35.0262278201385
2010-10-19,-57.9617647058824,-61.4735294117647,1.8235985229655,366.218008273985,10.476627983698,66.6130743362869,-57.9391505155601,-61.4613211630531,-1.2342657425143,-1.6647348543893,0.167695296840307,-0.0206496223917937,34.0583025408499,53.459699719541,66.7976519008478,39.300895827462
2010-10-20,-57.9617647058824,-61.4735294117647,1.85643899295388,366.697664586509,15.643654875639,66.6130743362869,-57.9391505155601,-61.4613211630531,-1.15361285829029,-1.67084926793128,0.144123145976128,0.0231858301510615,34.0532821058101,46.800610230841,66.7976519008478,7.67104407895976
2010-10-21,-57.9617647058824,-61.4735294117647,1.92499543617411,367.807199989877,13.7445964580629,66.6130743362869,-57.9391505155601,-61.4613211630531,-1.08195885585548,-1.66981345053144,0.157165792819701,0.0532084651613123,34.0527446093025,46.0893353244715,66.7976519008478,6.80379476441161
2010-10-22,-57.9617647058824,-61.4735294117647,1.87651882665913,367.924889913419,6.45026024667228,66.6130743362869,-57.9391505155601,-61.4613211630531,-1.05943693854066,-1.66020032638802,0.184708233425009,0.0313282178390605,34.0506894656038,48.1687949086651,66.7976519008478,23.3788005425164
2010-10-23,-57.9617647058824,-61.4735294117647,1.7845340727306,367.489146907155,9.84728315981423,66.6130743362869,-57.9391505155601,-61.4613211630531,-1.03498555830455,-1.65637994890432,0.212343752695883,0.0402383047649976,34.04942094234,51.6681272414049,66.7976519008478,43.3516783277413
2010-10-24,-57.9617647058824,-61.4735294117647,1.81133099954303,367.812905288324,13.1137322216499,66.6130743362869,-57.9391505155601,-61.4613211630531,-0.983385305575192,-1.65606035089042,0.203201379214744,0.0505865917323652,34.0488690158777,52.8452110316268,66.7976519008478,34.4371818511697
2010-10-25,-57.9617647058824,-61.4735294117647,1.85566536391654,368.459436556188,12.9914880845605,66.6130743362869,-57.9391505155601,-61.4613211630531,-0.931041738402988,-1.66201372442619,0.192045031500007,0.0904410467929283,34.0486754135564,53.6668632677209,66.7976519008478,32.2832215635585
2010-10-26,-57.9617647058824,-61.4735294117647,1.88741297402033,369.167727214534,14.3578543372271,66.6130743362869,-57.9391505155601,-61.4613211630531,-0.89705968767847,-1.66141488629314,0.15837582516988,0.0897450105522165,34.053098701755,57.4063074289546,66.7976519008478,13.5435087536198
2010-10-27,-57.9617647058824,-61.4735294117647,1.87025334195393,369.409101160561,12.2715537024707,66.6130743362869,-57.9391505155601,-61.4613211630531,-0.841321770157087,-1.65487543951001,0.20322279579304,0.0198868656337422,34.0470711197126,52.6623470780016,66.7976519008478,40.2985491139926
2010-10-28,-57.9617647058824,-61.4735294117647,1.84329270189855,369.576649363448,12.3073740238097,66.6130743362869,-57.9391505155601,-61.4613211630531,-0.764141324882404,-1.65256616412869,0.175784967040364,0.0683861723202362,34.0432264093767,49.8747014870689,66.7976519008478,16.3931151115524
2010-10-29,-57.9617647058824,-61.4735294117647,1.82488584518433,370.094266193669,14.8069428583471,66.6130743362869,-57.9391505155601,-61.4613211630531,-0.691907101676532,-1.65019511098643,0.159786843321463,0.0476031089239275,34.0375716329104,43.4563414307258,66.7976519008478,8.02129255448918
2010-10-30,-57.9617647058824,-61.4735294117647,1.76939173188151,370.224628355445,13.7725852059155,66.6130743362869,-57.9391505155601,-61.4613211630531,-0.684321706915996,-1.65928641633305,0.208210368513779,0.0677420300571059,34.0362866050319,47.257358112155,66.7976519008478,39.5549122527677
2010-10-31,-57.9617647058824,-61.4735294117647,1.72505134162379,369.764464215534,11.9723143635727,66.6130743362869,-57.9391505155601,-61.4613211630531,-0.676303369615242,-1.65233181909672,0.213685578879034,0.0859419346690258,34.0372297413114,52.9990391518906,66.7976519008478,48.6262966906332
2010-11-01,-57.9617647058824,-61.4735294117647,1.70660650839166,369.558842728778,12.4512569788026,66.6130743362869,-57.9391505155601,-61.4613211630531,-0.644046170830566,-1.63966272588362,0.194445326331093,0.0659026823455264,34.0377568799635,55.1929947239185,66.7976519008478,28.1695277821088
2010-11-02,-57.9617647058824,-61.4735294117647,1.68090284270484,369.655830569384,11.2383507577384,66.6130743362869,-57.9391505155601,-61.4613211630531,-0.576544664146607,-1.62881938745136,0.190440441141164,0.0665740072928299,34.033533289365,52.1079892327107,66.7976519008478,25.360330288207
2010-11-03,-57.9617647058824,-61.4735294117647,1.62133938146801,369.411784846608,9.74918597500499,66.6130743362869,-57.9391505155601,-61.4613211630531,-0.520828492024489,-1.6166976516546,0.185276593997894,0.0266305913849559,34.0280967743291,48.7297424053856,66.7976519008478,24.934654553211
2010-11-04,-57.9617647058824,-61.4735294117647,1.58486907511223,369.347354051543,14.5733835580872,66.6130743362869,-57.9391505155601,-61.4613211630531,-0.429487457300326,-1.6035318569294,0.181252763610378,0.0717238512961005,34.0243426694883,40.7098813809847,66.7976519008478,20.103610838253
2010-11-05,-57.9617647058824,-61.4735294117647,1.5521016978636,369.637065980493,16.6380199571935,66.6130743362869,-57.9391505155601,-61.4613211630531,-0.33318142076092,-1.59040230794152,0.156967278760977,0.0352976833961592,34.024824525985,35.5791884189353,66.7976519008478,8.52516367832143
2010-11-06,-57.9617647058824,-61.4735294117647,1.45641495069353,368.88776193014,7.89202974191526,66.6130743362869,-57.9391505155601,-61.4613211630531,-0.348597345785734,-1.58840645550073,0.193309428308576,0.0257862870922053,34.0205391898007,42.1818537615571,66.7976519008478,30.7142768582219
2010-11-07,-57.9617647058824,-61.4735294117647,1.41100440519612,368.147620224371,10.9718354097227,66.6130743362869,-57.9391505155601,-61.4613211630531,-0.344967743223495,-1.59208268385667,0.196987300145964,0.0773786306481773,34.023216304187,46.0448547857493,66.7976519008478,32.0800582876776
2010-11-08,-57.9617647058824,-61.4735294117647,1.4152660115463,368.095370781131,12.6065952370806,66.6130743362869,-57.9391505155601,-61.4613211630531,-0.323156522705085,-1.61257538782601,0.176849202186312,0.0886461797965924,34.0306049969837,49.9570723635304,66.7976519008478,21.9013292414761
2010-11-09,-57.9617647058824,-61.4735294117647,1.41672704823133,368.229824903535,13.3790416950133,66.6130743362869,-57.9391505155601,-61.4613211630531,-0.322861964111788,-1.62811511505631,0.145261515384382,0.126130816595837,34.0401745383073,56.265672843305,66.7976519008478,28.9360618092436
2010-11-10,-57.9617647058824,-61.4735294117647,1.4107256528081,368.304547193574,11.8959474708976,66.6130743362869,-57.9391505155601,-61.4613211630531,-0.276984860368988,-1.62962662642784,0.187538505962946,0.0859304029952016,34.0435765120986,55.6021733213211,66.7976519008478,27.6214738949014
2010-11-11,-57.9617647058824,-61.4735294117647,1.39098748237621,368.063218651748,11.830704930352,66.6130743362869,-57.9391505155601,-61.4613211630531,-0.226685414792072,-1.6253873952809,0.213028256604184,0.0620435944402668,34.0445999732384,52.8365619752089,66.7976519008478,43.3014987751773
2010-11-12,-57.9617647058824,-61.4735294117647,1.37461747592542,367.847886248333,12.3900598142205,66.6130743362869,-57.9391505155601,-61.4613211630531,-0.161724234208485,-1.61963335849978,0.193227880728631,0.0589620897875704,34.0442890265049,47.4472236762002,66.7976519008478,26.7077531030648
2010-11-13,-57.9617647058824,-61.4735294117647,1.36210475571272,367.895772050067,11.6296660900116,66.6130743362869,-57.9391505155601,-61.4613211630531,-0.120648050095067,-1.61492214045222,0.196071332685056,0.0872203348337719,34.0434632655258,44.1980936266633,66.7976519008478,34.1401907945473
2010-11-14,-57.9617647058824,-61.4735294117647,1.34286684488378,367.641673762624,10.9722261603286,66.6130743362869,-57.9391505155601,-61.4613211630531,-0.129358304244706,-1.61157210667928,0.195692425274495,0.0797525667176958,34.0484755718113,52.3899044803923,66.7976519008478,31.6720694257434
2010-11-15,-57.9617647058824,-61.4735294117647,1.3181891270527,367.111277882646,10.1018121300674,66.6130743362869,-57.9391505155601,-61.4613211630531,-0.0930573405363621,-1.61812184761089,0.20013634905762,0.0657651227686489,34.0474583192071,48.3724575325867,66.7976519008478,32.535607154478
2010-11-16,-57.9617647058824,-61.4735294117647,1.29050110462235,366.734661567502,11.5055727348095,66.6130743362869,-57.9391505155601,-61.4613211630531,-0.0281495367266067,-1.63132841320012,0.163771135458539,0.0335440014346972,34.0414225311897,31.9820402727114,66.7976519008478,11.6000321185414
2010-11-17,-57.9617647058824,-61.4735294117647,1.25528760109006,366.064180327625,11.3735043711779,66.6130743362869,-57.9391505155601,-61.4613211630531,-0.0267716322933775,-1.64193040365793,0.213618033916241,0.0358149741855469,34.0370239123964,34.4373183321213,66.7976519008478,45.2513491453227
2010-11-18,-57.9617647058824,-61.4735294117647,1.23800675534621,365.212992970536,10.3703574901674,66.6130743362869,-57.9391505155601,-61.4613211630531,-0.0378818525939013,-1.65154641086434,0.194871184962843,0.0699981759866642,34.0428001722987,43.9758974222037,66.7976519008478,29.0464416815136
2010-11-19,-57.9617647058824,-61.4735294117647,1.22796392077353,364.629228173233,12.712105047412,66.6130743362869,-57.9391505155601,-61.4613211630531,0.0183690735987324,-1.64977790163918,0.184434761116017,0.0186620067086136,34.0370218583286,34.230566767385,66.7976519008478,26.9112190268365
2010-11-20,-57.9617647058824,-61.4735294117647,1.20707055235781,364.224433712843,12.3026783030208,66.6130743362869,-57.9391505155601,-61.4613211630531,0.0365398188452167,-1.64600736425634,0.20262230975948,0.0684092363214445,34.0420897222563,41.0430726902044,66.7976519008478,34.8902525723195
2010-11-21,-57.9617647058824,-61.4735294117647,1.16029693931341,363.163533280535,7.85470917748242,66.6130743362869,-57.9391505155601,-61.4613211630531,0.0716585917008711,-1.63312163430187,0.133559046396118,-0.00674372556017317,34.0350634720322,35.3631700909572,66.7976519008478,19.4942481070909
2010-11-22,-57.9617647058824,-61.4735294117647,1.12859647321265,362.353914214344,11.7448837088376,66.6130743362869,-57.9391505155601,-61.4613211630531,0.10508809742416,-1.63415950995225,0.15865918221744,0.0752946403777471,34.0344394833131,32.4278742021877,66.7976519008478,9.56982744215917
2010-11-23,-57.9617647058824,-61.4735294117647,1.12273910496293,361.910194955221,10.4783096197175,66.6130743362869,-57.9391505155601,-61.4613211630531,0.177569434298114,-1.63429377661382,0.140021063090778,0.0557767973355597,34.0262209059578,20.4679951300988,66.7976519008478,1.9573826195223
2010-11-24,-57.9617647058824,-61.4735294117647,1.11178239380441,361.712328654964,13.0261192321777,66.6130743362869,-57.9391505155601,-61.4613211630531,0.179575006619558,-1.63822370260833,0.119616906436389,0.0565947431985505,34.033687884991,26.7016377905924,66.7976519008478,0.029271462113601
2010-11-25,-57.9617647058824,-61.4735294117647,1.10978265651842,361.877354319503,15.4897687725905,66.6130743362869,-57.9391505155601,-61.4613211630531,0.245263688457318,-1.64286202329051,0.118334387558514,0.0955727692095213,34.0354053172988,24.3097855327261,66.7976519008478,8.54816676211482
2010-11-26,-57.9617647058824,-61.4735294117647,1.11886871369874,362.04957952732,14.3077848771723,66.6130743362869,-57.9391505155601,-61.4613211630531,0.252655345981742,-1.64596494119338,0.160576782311224,0.10168965031643,34.0454690652659,32.1298965436083,66.7976519008478,19.3564848334782
2010-11-27,-57.9617647058824,-61.4735294117647,1.12546513066059,361.84594093881,13.8538790679559,66.6130743362869,-57.9391505155601,-61.4613211630531,0.258443730864448,-1.64699869969918,0.144752461382775,0.0868043607545768,34.0562041536195,36.8497634197858,66.7976519008478,8.28336288440561
2010-11-28,-57.9617647058824,-61.4735294117647,1.12723179252409,361.615027078768,13.5255465623809,66.6130743362869,-57.9391505155601,-61.4613211630531,0.32432417280962,-1.64228789413828,0.157182267290137,0.0723399874853541,34.0589286248211,33.8176813318662,66.7976519008478,8.43658042556129
2010-11-29,-57.9617647058824,-61.4735294117647,1.13714782094083,361.680319065001,16.4349793660931,66.6130743362869,-57.9391505155601,-61.4613211630531,0.430383283237697,-1.64349051477455,0.118264372200377,0.084604227314634,34.0576477102262,24.1110651618556,66.7976519008478,4.62095492713298
2010-11-30,-57.9617647058824,-61.4735294117647,1.13294308941539,361.44593066704,14.3213949668698,66.6130743362869,-57.9391505155601,-61.4613211630531,0.440523830482513,-1.63975498116451,0.128583005555326,0.0253777260440886,34.0576847864066,26.7187298428514,66.7976519008478,4.51788814632628
2010-12-01,-57.9617647058824,-61.4735294117647,1.10395405187113,360.429518536824,9.96040349181106,66.6130743362869,-57.9391505155601,-61.4613211630531,0.457915674417447,-1.63267476935136,0.103977097050059,0.0353133337680306,34.0409962529274,18.939598463164,66.7976519008478,3.12803732701055
2010-12-02,-57.9617647058824,-61.4735294117647,1.08618875592947,359.604577785585,10.8992223187191,66.6130743362869,-57.9391505155601,-61.4613211630531,0.465719516641698,-1.63656598401938,0.0721422967710878,0.0854435893537303,34.026241405451,14.3552320611622,66.7976519008478,16.4507902193494
2010-12-03,-57.9617647058824,-61.4735294117647,1.09075601762388,359.605604962605,14.8375376084956,66.6130743362869,-57.9391505155601,-61.4613211630531,0.437121572714505,-1.63494944781588,0.116274285332555,0.121248679248146,34.0464471515856,29.296740869118,66.7976519008478,22.5104791157077
2010-12-04,-57.9617647058824,-61.4735294117647,1.10810400036777,359.629132898842,15.6263978423142,66.6130743362869,-57.9391505155601,-61.4613211630531,0.461150883411669,-1.62527948786855,0.115375616113868,0.0971032248586215,34.0569433348703,35.6541461803009,66.7976519008478,9.29368854935746
2010-12-05,-57.9617647058824,-61.4735294117647,1.11274095951784,360.006287737591,16.9182975408508,66.6130743362869,-57.9391505155601,-61.4613211630531,0.607930333628828,-1.61183651642278,0.0849963141436841,0.0678754714487294,34.0592889052171,28.2498035302207,66.7976519008478,7.15450133106653
2010-12-06,-57.9617647058824,-61.4735294117647,1.08424251581111,359.572751301091,14.6177540988457,66.6130743362869,-57.9391505155601,-61.4613211630531,0.590938814135216,-1.58645055458131,0.07679626674928,-0.00957976433972598,34.053463275616,30.8883574301736,66.7976519008478,29.8445656206135
2010-12-07,-57.9617647058824,-61.4735294117647,1.02482920994119,358.435895221989,14.4716907419809,66.6130743362869,-57.9391505155601,-61.4613211630531,0.537125415959258,-1.57262167628156,0.0672263869017805,-0.0106036375237782,34.0458459892736,36.6769898668153,66.7976519008478,35.1240268809812
2010-12-08,-57.9617647058824,-61.4735294117647,0.966251509582124,357.280925099443,11.0755540132523,66.6130743362869,-57.9391505155601,-61.4613211630531,0.535446033082832,-1.56773294707542,0.0789725121749155,-0.015811964919773,34.0383811260846,37.3509917664624,66.7976519008478,33.0951955569559
2010-12-09,-57.9617647058824,-61.4735294117647,0.905040457117848,356.143566596799,8.71132096720905,66.6130743362869,-57.9391505155601,-61.4613211630531,0.536890163173077,-1.57434652771866,0.0714281391850126,-0.000160623608250045,34.0244933320121,34.169200273017,66.7976519008478,26.7529555552089
2010-12-10,-57.9617647058824,-61.4735294117647,0.869602279692161,355.428082349824,10.179033648677,66.6130743362869,-57.9391505155601,-61.4613211630531,0.53126586125045,-1.588388747371,0.0426666059012194,0.0643145666984331,34.0185564223893,34.4000454335078,66.7976519008478,30.6333304754244
2010-12-11,-57.9617647058824,-61.4735294117647,0.871391997104738,355.543595476848,13.2946474435853,66.6130743362869,-57.9391505155601,-61.4613211630531,0.557341271586585,-1.6002485465746,0.123032014480165,0.0850070226188452,34.0206135944155,37.302804768005,66.7976519008478,4.76089638853705
2010-12-12,-57.9617647058824,-61.4735294117647,0.874903105381059,356.188773550638,14.8304997827949,66.6130743362869,-57.9391505155601,-61.4613211630531,0.694517894232,-1.60058379591557,0.08929032164245,0.0486434565231144,34.0199195666191,28.0224591768705,66.7976519008478,4.96409218717091
2010-12-13,-57.9617647058824,-61.4735294117647,0.843450118128846,355.483193746427,8.18243723671611,66.6130743362869,-57.9391505155601,-61.4613211630531,0.670160416568983,-1.60586296241132,0.0802764472892249,0.00960941792700777,34.0101625954735,28.9812593820446,66.7976519008478,17.9799681770601
2010-12-14,-57.9617647058824,-61.4735294117647,0.815814391141985,354.513641357422,9.4900801501623,66.6130743362869,-57.9391505155601,-61.4613211630531,0.604430218799072,-1.61310503341248,0.0711843203175084,0.119757761175816,34.0120221497076,39.2539713624035,66.7976519008478,33.5004195948227
2010-12-15,-57.9617647058824,-61.4735294117647,0.836367152813004,354.49411866723,13.4847517246153,66.6130743362869,-57.9391505155601,-61.4613211630531,0.675642381393314,-1.60561914546931,0.127618439530755,0.0648071463301516,34.0147898078126,34.5071279433092,66.7976519008478,0.823340292651485
2010-12-16,-57.9617647058824,-61.4735294117647,0.84757944360012,354.31676129597,12.775857326461,66.6130743362869,-57.9391505155601,-61.4613211630531,0.715357464495619,-1.59721893385837,0.185232937290722,0.0320127220741409,34.0061696524884,35.1265590129754,66.7976519008478,23.5634634962825
2010-12-17,-57.9617647058824,-61.4735294117647,0.87566220833034,354.336456670994,13.7326695046774,66.6130743362869,-57.9391505155601,-61.4613211630531,0.790148817575895,-1.60250016150043,0.140980687118091,0.0999672697522701,34.0074484666832,33.8456875212923,66.7976519008478,12.5805129253513
2010-12-18,-57.9617647058824,-61.4735294117647,0.916793803979711,354.999417188691,15.3270525874161,66.6130743362869,-57.9391505155601,-61.4613211630531,0.876905402995636,-1.60301580329334,0.124852416345626,0.0906181448967512,34.0084884684739,31.8673384997204,66.7976519008478,6.70936699443657
2010-12-19,-57.9617647058824,-61.4735294117647,0.938232262686985,355.114966415777,11.2788343923848,66.6130743362869,-57.9391505155601,-61.4613211630531,0.923355810555369,-1.60049813269925,0.118243779383811,0.0237484247286712,33.9994522022654,24.524568266875,66.7976519008478,4.67926605611211
2010-12-20,-57.9617647058824,-61.4735294117647,0.962854743730731,354.972442999119,14.8271360048434,66.6130743362869,-57.9391505155601,-61.4613211630531,0.963438595354798,-1.59903068741967,0.142185776671659,0.0598665248909299,33.9921808024006,21.4828076484876,66.7976519008478,2.55307005192837
2010-12-21,-57.9617647058824,-61.4735294117647,0.981197780952221,354.852224954745,15.4554565069152,66.6130743362869,-57.9391505155601,-61.4613211630531,1.01428762379928,-1.59766703482099,0.150837218356237,0.0545181664518821,33.9899423370155,24.6952825049479,66.7976519008478,4.66515904139333
2010-12-22,-57.9617647058824,-61.4735294117647,1.00246108886672,354.87512058165,16.6658663517091,66.6130743362869,-57.9391505155601,-61.4613211630531,1.04511453056464,-1.60402443791852,0.108921837051589,0.10940782683581,33.9960501152172,30.8523200661869,66.7976519008478,15.8465740570493
2010-12-23,-57.9617647058824,-61.4735294117647,1.02305727615589,354.86996199445,12.8007665087537,66.6130743362869,-57.9391505155601,-61.4613211630531,1.10349755071596,-1.6037559071694,0.118938991882902,0.0277697844192004,33.9872610990496,24.890913974901,66.7976519008478,3.52085453067364
2010-12-24,-57.9617647058824,-61.4735294117647,1.03019609356799,354.599646963724,14.2849309444427,66.6130743362869,-57.9391505155601,-61.4613211630531,1.13277456200557,-1.60538397723364,0.11244567465565,0.02615201519488,33.9774053627663,21.0347086047998,66.7976519008478,4.26138913826132
2010-12-25,-57.9617647058824,-61.4735294117647,1.03781147228508,354.411197197147,17.4949776254049,66.6130743362869,-57.9391505155601,-61.4613211630531,1.25799979106617,-1.60415293588008,0.118037028054678,0.0265383357521493,33.9653421111113,18.3893591241154,66.7976519008478,3.8710684835345
2010-12-26,-57.9617647058824,-61.4735294117647,1.03885958325572,354.637254668445,19.1522060894385,66.6130743362869,-57.9391505155601,-61.4613211630531,1.53683765021413,-1.60473859712341,0.10369044558903,0.0566161593193548,33.9591601290684,11.2133902859913,66.7976519008478,1.40565337893401
2010-12-27,-57.9617647058824,-61.4735294117647,0.978242637544144,353.539818368307,11.2859219719724,66.6130743362869,-57.9391505155601,-61.4613211630531,1.39152802983437,-1.60386669764474,0.0765293841017724,-0.0259609140465778,33.9452745435048,15.0436489797636,66.7976519008478,41.762280150735
2010-12-28,-57.9617647058824,-61.4735294117647,0.929298880987051,351.948991356826,16.0739204243916,66.6130743362869,-57.9391505155601,-61.4613211630531,1.35731171419424,-1.60299686156465,0.0887417299987173,0.0687222468054648,33.9349391129014,16.6976617035756,66.7976519008478,6.02142825010118
2010-12-29,-57.9617647058824,-61.4735294117647,0.927477218028976,351.651910549257,14.9267087913141,66.6130743362869,-57.9391505155601,-61.4613211630531,1.45770797491395,-1.59131909993335,0.150016801695713,0.0291470299888397,33.9318091048885,14.5170914319202,66.7976519008478,7.57381094866055
2010-12-30,-57.9617647058824,-61.4735294117647,0.927818428452422,351.491617714486,13.6456596444293,66.6130743362869,-57.9391505155601,-61.4613211630531,1.47387808923297,-1.59465389631377,0.145571231218646,0.0448535599377554,33.9310080647951,17.8420028544952,66.7976519008478,3.63851823386998
2010-12-31,-57.9617647058824,-61.4735294117647,0.938347056871507,351.571769156107,15.0389691620338,66.6130743362869,-57.9391505155601,-61.4613211630531,1.53672101558783,-1.59511435466257,0.129596994352727,0.0713194089259213,33.9306127211021,17.40193498022,66.7976519008478,1.88601826786632
2011-01-01,-57.9617647058824,-61.4735294117647,0.941928856256532,351.744848856112,16.3978880324015,66.6130743362869,-57.9391505155601,-61.4613211630531,1.75126687766087,-1.59528732991572,0.114844322400658,0.0427028494566558,33.9255161105219,13.3307409170668,66.7976519008478,0.817584251663539
2011-01-02,-57.9617647058824,-61.4735294117647,0.943431796460617,351.590992997332,18.3339437159096,66.6130743362869,-57.9391505155601,-61.4613211630531,1.68569680875451,-1.60177241082777,0.139526012440321,0.100329702792943,33.9302360081641,17.7892853316025,66.7976519008478,12.4564231326095
2011-01-03,-57.9617647058824,-61.4735294117647,0.941683636932838,351.242985050853,18.8738847709284,66.6130743362869,-57.9391505155601,-61.4613211630531,1.77103891868179,-1.60471264907384,0.118016435218002,0.0376567928354267,33.934640825197,17.9219028817819,66.7976519008478,1.40614060921539
2011-01-04,-57.9617647058824,-61.4735294117647,0.936180257215733,350.998440254025,14.9002303670092,66.6130743362869,-57.9391505155601,-61.4613211630531,1.91644244010632,-1.60419082850741,0.129961898713781,0.0677494435255666,33.9188215381864,11.2080362888805,66.7976519008478,1.37575321721222
2011-01-05,-57.9617647058824,-61.4735294117647,0.938785232421828,350.95927950231,16.3420529307389,66.6130743362869,-57.9391505155601,-61.4613211630531,1.86709882598496,-1.60593833212267,0.139801955793189,0.101837094581602,33.9280408635313,17.7273010647731,66.7976519008478,13.2155164539068
2011-01-06,-57.9617647058824,-61.4735294117647,0.948192114510187,350.472289666897,15.9803263443272,66.6130743362869,-57.9391505155601,-61.4613211630531,1.90874930255004,-1.61091025252091,0.147066267013711,0.0625040490738293,33.9268362222895,18.5312434491197,66.7976519008478,3.92301214072456
2011-01-07,-57.9617647058824,-61.4735294117647,0.953924994279699,350.294814319145,17.3901250246094,66.6130743362869,-57.9391505155601,-61.4613211630531,1.89856131147598,-1.61091931532269,0.141430433346876,0.102030666713451,33.9297129879435,23.5155217097356,66.7976519008478,13.6387420654257
2011-01-08,-57.9617647058824,-61.4735294117647,0.971783410485198,350.290927793921,17.852586089111,66.6130743362869,-57.9391505155601,-61.4613211630531,1.9607755819313,-1.61038966812746,0.131644741022474,0.0776380994753075,33.9291755995448,22.8604651913147,66.7976519008478,3.37435082017534
2011-01-09,-57.9617647058824,-61.4735294117647,0.985705312795755,350.44802633146,19.6717891634964,66.6130743362869,-57.9391505155601,-61.4613211630531,1.98777815607074,-1.61363509180736,0.119117737364391,0.0919533810162271,33.9292249743916,24.674895676524,66.7976519008478,7.10653989228097
2011-01-10,-57.9617647058824,-61.4735294117647,0.993314741224777,350.477295294041,18.9870124619182,66.6130743362869,-57.9391505155601,-61.4613211630531,2.0300207162193,-1.60188402370242,0.111555242571633,0.0848043893392269,33.9299416329697,23.9963632807558,66.7976519008478,5.04301151816451
2011-01-11,-57.9617647058824,-61.4735294117647,0.999133091147353,349.900488504549,19.0059998093582,66.6130743362869,-57.9391505155601,-61.4613211630531,1.98242963518691,-1.58996944903684,0.115785824398883,0.103031476288431,33.9279523944726,30.084003147326,66.7976519008478,11.9892556933388
2011-01-12,-57.9617647058824,-61.4735294117647,0.995142345748297,349.093336896199,16.7424057169658,66.6130743362869,-57.9391505155601,-61.4613211630531,1.98636961063714,-1.58007503006301,0.0964038941139473,0.0147971525466555,33.9246678526102,28.5753755067524,66.7976519008478,10.6444648309264
2011-01-13,-57.9617647058824,-61.4735294117647,0.951992539734375,348.275173652463,15.8396641742892,66.6130743362869,-57.9391505155601,-61.4613211630531,1.96669048432879,-1.58254575101953,0.064971065126088,-0.0169552766922836,33.9143467798889,28.468910851781,66.7976519008478,40.6686225142328
2011-01-14,-57.9617647058824,-61.4735294117647,0.868836670750525,346.528456525105,11.8908592753294,66.6130743362869,-57.9391505155601,-61.4613211630531,1.85799319267916,-1.58457537588642,0.0132905844543707,0.0102461468825537,33.9044663484602,34.0779742319413,66.7976519008478,66.9383438028118
2011-01-15,-57.9617647058824,-61.4735294117647,0.819993681660513,345.011181715058,14.3096663486667,66.6130743362869,-57.9391505155601,-61.4613211630531,1.79551501055317,-1.58726726418082,0.0712016181474836,0.074881961154431,33.9024976557887,34.6811369794261,66.7976519008478,14.1736096255813
2011-01-16,-57.9617647058824,-61.4735294117647,0.793772056698799,344.702655699195,14.2997903242344,66.6130743362869,-57.9391505155601,-61.4613211630531,1.81509133485647,-1.58589249197771,0.0603961713320491,0.0254691581765891,33.8987476127511,35.2688551644082,66.7976519008478,22.0857994141168
2011-01-17,-57.9617647058824,-61.4735294117647,0.762438365235561,344.323941114472,13.6884670083116,66.6130743362869,-57.9391505155601,-61.4613211630531,1.81444785019003,-1.58635912443462,0.0470223920105601,0.0212105699738188,33.8921415094744,35.832273825621,66.7976519008478,32.3077606040584
2011-01-18,-57.9617647058824,-61.4735294117647,0.732446176976692,343.567795916301,13.0024128367261,66.6130743362869,-57.9391505155601,-61.4613211630531,1.77842068865232,-1.5853393655396,0.0280284297108328,0.0415784833140862,33.8875308480823,38.4588839830818,66.7976519008478,43.3689850304143
2011-01-19,-57.9617647058824,-61.4735294117647,0.709557078597022,342.671109083222,12.5101351098316,66.6130743362869,-57.9391505155601,-61.4613211630531,1.75942261112846,-1.57322339796023,0.0371971617675262,0.0319105819440805,33.885685744395,40.5513169408327,66.7976519008478,37.0243400945912
2011-01-20,-57.9617647058824,-61.4735294117647,0.692206369667518,342.0885914128,12.3256838321686,66.6130743362869,-57.9391505155601,-61.4613211630531,1.76220213819934,-1.57360477357419,0.0400768573095522,0.0409763501240657,33.8831363837568,41.5364759846737,66.7976519008478,33.0566622659991
2011-01-21,-57.9617647058824,-61.4735294117647,0.680803407256196,341.971994539586,13.083221179683,66.6130743362869,-57.9391505155601,-61.4613211630531,1.92160612095384,-1.57578307880886,0.0801668937962789,0.0401938241553291,33.881696986766,32.4107822606116,66.7976519008478,9.04127809007086
2011-01-22,-57.9617647058824,-61.4735294117647,0.655459351655914,341.260281446503,9.81133782282108,66.6130743362869,-57.9391505155601,-61.4613211630531,1.85563869531016,-1.5778777766646,0.0860589018164456,-0.0436600019926565,33.8736637697207,34.0081647224272,66.7976519008478,53.8125970382492
2011-01-23,-57.9617647058824,-61.4735294117647,0.609838980363636,340.253653549566,6.98354953672828,66.6130743362869,-57.9391505155601,-61.4613211630531,1.74496844937766,-1.57780693915852,0.0815993281038586,-0.0371864537297473,33.8590758113887,40.7201777791526,66.7976519008478,49.3086090741194
2011-01-24,-57.9617647058824,-61.4735294117647,0.593644094903295,339.524396570717,9.43196072229525,66.6130743362869,-57.9391505155601,-61.4613211630531,1.76080347458843,-1.58202104787273,0.116145786516338,0.00324048091344505,33.8487506047917,36.615623328689,66.7976519008478,13.1067836258375
2011-01-25,-57.9617647058824,-61.4735294117647,0.602844288436378,339.339752569431,10.8330499602527,66.6130743362869,-57.9391505155601,-61.4613211630531,1.82635871971506,-1.59060947389899,0.0802830373277629,0.0462522220504992,33.8456739510602,29.2335209930152,66.7976519008478,8.32538412354661
2011-01-26,-57.9617647058824,-61.4735294117647,0.615920094455161,339.491753927091,11.4162664006396,66.6130743362869,-57.9391505155601,-61.4613211630531,1.81289301002235,-1.5902606300336,0.10105127422956,0.0857401255985745,33.8525355772773,38.1637891468249,66.7976519008478,6.80253804411487
2011-01-27,-57.9617647058824,-61.4735294117647,0.632104127872281,339.826563393197,11.6518749667377,66.6130743362869,-57.9391505155601,-61.4613211630531,1.79621285336864,-1.58882160740182,0.113634290241519,0.0797517430263492,33.8628092519989,42.5302837207089,66.7976519008478,3.46789392419205
2011-01-28,-57.9617647058824,-61.4735294117647,0.647805845955523,339.975057090201,10.1202146251027,66.6130743362869,-57.9391505155601,-61.4613211630531,1.81703759977209,-1.57823362073757,0.121158070641088,0.0167073393529646,33.8670657746061,42.0646808498141,66.7976519008478,7.05905861970692
2011-01-29,-57.9617647058824,-61.4735294117647,0.654179743150385,339.783745742426,9.1746439410419,66.6130743362869,-57.9391505155601,-61.4613211630531,1.82168036433849,-1.5676777589659,0.13523118099884,0.00814733013772128,33.8655789693197,39.8544570160942,66.7976519008478,11.7529735805444
2011-01-30,-57.9617647058824,-61.4735294117647,0.668836903281328,339.66388199969,11.8428595240523,66.6130743362869,-57.9391505155601,-61.4613211630531,1.87820608380996,-1.5640044173731,0.132366312293187,0.0151768834927143,33.8655892653987,34.5390467605127,66.7976519008478,8.37079466561361
2011-01-31,-57.9617647058824,-61.4735294117647,0.687233175082904,339.43343185797,10.0809174339946,66.6130743362869,-57.9391505155601,-61.4613211630531,1.92814770851702,-1.57245034164424,0.147115690208841,0.0372770620502441,33.8648087711308,32.7662136332709,66.7976519008478,5.0414255942214
2011-02-01,-57.9617647058824,-61.4735294117647,0.704615112484955,339.247423125476,11.3944409300641,66.6130743362869,-57.9391505155601,-61.4613211630531,1.89745226257082,-1.57616981144054,0.128407555447537,0.0594637299989641,33.8722612584329,38.232774986751,66.7976519008478,0.464057444500252
2011-02-02,-57.9617647058824,-61.4735294117647,0.726691931122687,339.090928984851,12.3079130940321,66.6130743362869,-57.9391505155601,-61.4613211630531,1.93666916820202,-1.5737909342435,0.144663500862244,0.0233448064821934,33.872580364809,34.1624046215001,66.7976519008478,7.75198085255065
2011-02-03,-57.9617647058824,-61.4735294117647,0.746555891705722,338.794577621832,11.9011564371062,66.6130743362869,-57.9391505155601,-61.4613211630531,1.95872057996459,-1.57691239007571,0.151931930489225,0.0180837612563943,33.8709390925975,34.3277646127822,66.7976519008478,11.55296761762
2011-02-04,-57.9617647058824,-61.4735294117647,0.772687406801596,338.714895481017,13.5079087338796,66.6130743362869,-57.9391505155601,-61.4613211630531,1.95348177956827,-1.5890143561138,0.129101943988831,0.0843925335156692,33.8801172954029,37.8279207695512,66.7976519008478,4.92441565510007
2011-02-05,-57.9617647058824,-61.4735294117647,0.803541089339954,338.892069374643,13.3472070345064,66.6130743362869,-57.9391505155601,-61.4613211630531,1.92427494458341,-1.5938520137115,0.13278640549273,0.0747979425959661,33.8899277134946,42.6272757165989,66.7976519008478,2.88715373906204
2011-02-06,-57.9617647058824,-61.4735294117647,0.822962645350433,338.716384887695,9.89477077053814,66.6130743362869,-57.9391505155601,-61.4613211630531,1.91516931385164,-1.59986140145625,0.142272266947668,0.0457736455436982,33.8911797064036,41.5245320549217,66.7976519008478,2.77658263674909
2011-02-07,-57.9617647058824,-61.4735294117647,0.838226000710231,338.770496275367,13.0789149272733,66.6130743362869,-57.9391505155601,-61.4613211630531,1.98376503437959,-1.60148575769262,0.113009093467563,0.058018116333224,33.8945053965457,31.007177773114,66.7976519008478,0.335438004765567
2011-02-08,-57.9617647058824,-61.4735294117647,0.863231026908246,339.018860607612,13.5966350974106,66.6130743362869,-57.9391505155601,-61.4613211630531,1.96684962663895,-1.59419344150425,0.125824395763247,0.0750022228460322,33.898850434544,38.1442258869588,66.7976519008478,2.30182505092001
2011-02-09,-57.9617647058824,-61.4735294117647,0.869596590719572,338.930626473776,10.2887668115337,66.6130743362869,-57.9391505155601,-61.4613211630531,1.94364172131748,-1.58774007267637,0.121544391102837,0.0567182998465784,33.9026456876644,42.6239809159808,66.7976519008478,0.0377695929276545
2011-02-10,-57.9617647058824,-61.4735294117647,0.862718963041538,338.449464007122,11.5138411754515,66.6130743362869,-57.9391505155601,-61.4613211630531,1.9345805672338,-1.58089503424692,0.159948290379746,0.0689141716803053,33.9032531923611,42.872535915349,66.7976519008478,8.93489672369776
2011-02-11,-57.9617647058824,-61.4735294117647,0.868727228626972,338.193996522485,12.0620638975283,66.6130743362869,-57.9391505155601,-61.4613211630531,1.94218375357861,-1.58464415594634,0.13274522006572,0.0716464223438188,33.9095030616009,44.237631732153,66.7976519008478,2.28478058867396
2011-02-12,-57.9617647058824,-61.4735294117647,0.880956331040801,338.523186660394,14.6335402058392,66.6130743362869,-57.9391505155601,-61.4613211630531,2.05373866387546,-1.5827735062392,0.101404646328586,0.0684627776264179,33.9144597227274,33.2629116659383,66.7976519008478,2.79075076045491
2011-02-13,-57.9617647058824,-61.4735294117647,0.835939916895657,337.523875911061,7.86102648479183,66.6130743362869,-57.9391505155601,-61.4613211630531,2.0287426451118,-1.57925090165595,0.0739223373030764,-0.0373264846471157,33.9033807247435,30.5349851368893,66.7976519008478,52.7019398080502
2011-02-14,-57.9617647058824,-61.4735294117647,0.761681491645371,335.991728619831,7.11120840979785,66.6130743362869,-57.9391505155601,-61.4613211630531,1.97390323499275,-1.575662819641,0.127163750957823,0.015325975241127,33.8888339661715,37.2128141894836,66.7976519008478,7.81981232043751
2011-02-15,-57.9617647058824,-61.4735294117647,0.76622504322994,335.881924885075,11.4299080953365,66.6130743362869,-57.9391505155601,-61.4613211630531,1.99027696698301,-1.58249467925022,0.143081974791169,0.0880588732870967,33.895543133199,40.2733142469254,66.7976519008478,8.30471595603509
2011-02-16,-57.9617647058824,-61.4735294117647,0.796762886570721,336.145635837462,12.4476886202649,66.6130743362869,-57.9391505155601,-61.4613211630531,2.03337553364706,-1.58561860501525,0.14388097507952,0.0715179235024652,33.9002053264664,41.3396087690243,66.7976519008478,4.26924993090643
2011-02-17,-57.9617647058824,-61.4735294117647,0.813506154752359,336.153224665944,10.7975732611447,66.6130743362869,-57.9391505155601,-61.4613211630531,2.03641107658304,-1.59012018910304,0.142703067571649,0.05610792963249,33.9044886703594,43.1107944560598,66.7976519008478,2.52799832673977
2011-02-18,-57.9617647058824,-61.4735294117647,0.806067485271431,335.720496945265,7.01676043649999,66.6130743362869,-57.9391505155601,-61.4613211630531,2.03802917199901,-1.593356139425,0.161834590192306,0.0614669962400286,33.902734141279,42.313235810572,66.7976519008478,8.8875450055247
2011-02-19,-57.9617647058824,-61.4735294117647,0.808435380458832,335.448032286109,10.5825256370917,66.6130743362869,-57.9391505155601,-61.4613211630531,2.00476078047604,-1.60065134125039,0.158593285094831,0.11011374729727,33.9054338143744,45.0666974179658,66.7976519008478,22.9265032374708
2011-02-20,-57.9617647058824,-61.4735294117647,0.844073985771435,335.573131282155,11.2978036519958,66.6130743362869,-57.9391505155601,-61.4613211630531,1.99033133333672,-1.60810057241746,0.13955731369183,0.11705763521887,33.9105758512551,47.8117160513977,66.7976519008478,21.5661595472676
2011-02-21,-57.9617647058824,-61.4735294117647,0.865286355338446,335.597525619879,8.81218086800924,66.6130743362869,-57.9391505155601,-61.4613211630531,2.01105624187974,-1.6010129490362,0.12432606481066,0.0432366142439054,33.9042105372296,42.1816478798747,66.7976519008478,0.69018088485622
2011-02-22,-57.9617647058824,-61.4735294117647,0.885389378884944,335.565106275605,11.6362844182224,66.6130743362869,-57.9391505155601,-61.4613211630531,2.03631321315662,-1.60415046514287,0.1361562088333,0.0836528406482235,33.9009774603181,41.1773376709376,66.7976519008478,5.57459243240179
2011-02-23,-57.9617647058824,-61.4735294117647,0.89367522699077,335.647016943955,10.4999790366103,66.6130743362869,-57.9391505155601,-61.4613211630531,2.01150698008647,-1.60109861530917,0.150413006574277,0.0881914908415795,33.9037945241581,46.3107078130107,66.7976519008478,10.2890250626179
2011-02-24,-57.9617647058824,-61.4735294117647,0.882066080482995,335.321650435285,7.95453477196577,66.6130743362869,-57.9391505155601,-61.4613211630531,1.99378103733706,-1.60601164470961,0.208014325182206,0.0678021611241113,33.8904009830614,42.9476996356176,66.7976519008478,39.3908656635372
2011-02-25,-57.9617647058824,-61.4735294117647,0.901295745154706,335.36869365413,12.204808735266,66.6130743362869,-57.9391505155601,-61.4613211630531,1.93792153900934,-1.61811155314066,0.219131958810424,0.0907202849815651,33.8859467191091,45.0926443156604,66.7976519008478,55.488635589177
2011-02-26,-57.9617647058824,-61.4735294117647,0.94951335177189,335.933642875857,12.442202818103,66.6130743362869,-57.9391505155601,-61.4613211630531,1.94275013396614,-1.61690234494435,0.157336301784887,0.0715689935775501,33.8801807038054,42.1260474136806,66.7976519008478,8.35718667264066
2011-02-27,-57.9617647058824,-61.4735294117647,0.988095819586661,336.347655877834,12.5538038218894,66.6130743362869,-57.9391505155601,-61.4613211630531,1.95481816589752,-1.60417394197261,0.190165321364013,0.0588747764788015,33.8717789180205,41.9713955826444,66.7976519008478,24.5169071398314
2011-02-28,-57.9617647058824,-61.4735294117647,1.00949792891014,336.549847858708,12.154644797488,66.6130743362869,-57.9391505155601,-61.4613211630531,2.00413706814229,-1.59946190007785,0.175137530072176,0.0316074560377521,33.857232221225,36.7062316861069,66.7976519008478,17.6080910944027
2011-03-01,-57.9617647058824,-61.4735294117647,0.997871689316703,336.396650360852,9.75895479248791,66.6130743362869,-57.9391505155601,-61.4613211630531,2.03610761509894,-1.5990360417025,0.16581970551799,0.0140937030536604,33.8402905946801,31.5032580191629,66.7976519008478,18.4348246915912
2011-03-02,-57.9617647058824,-61.4735294117647,0.972674226615487,336.203723442264,10.775816519086,66.6130743362869,-57.9391505155601,-61.4613211630531,2.02554203431133,-1.5979623345711,0.199879350464957,0.0684594828811413,33.8266149513152,34.507333866176,66.7976519008478,32.6767188905075
2011-03-03,-57.9617647058824,-61.4735294117647,0.960433824033272,336.095617899081,7.83800057085549,66.6130743362869,-57.9391505155601,-61.4613211630531,2.01833225519229,-1.5920427323353,0.206948441869294,0.0397201901686336,33.8135262050448,34.7985158577943,66.7976519008478,38.6048318722953
2011-03-04,-57.9617647058824,-61.4735294117647,0.951371436075466,336.013242395913,9.59012577591873,66.6130743362869,-57.9391505155601,-61.4613211630531,1.98555413914113,-1.59225360005491,0.232239679633244,0.0990191777758351,33.8059543141148,37.6158150596979,66.7976519008478,72.6724860463533
2011-03-05,-57.9617647058824,-61.4735294117647,0.965043587655556,335.971775334056,8.5239964054852,66.6130743362869,-57.9391505155601,-61.4613211630531,1.95417468058757,-1.59761019644306,0.182162140831653,0.0954492124207268,33.8070683035291,40.0327904877553,66.7976519008478,27.6172110187787
2011-03-06,-57.9617647058824,-61.4735294117647,0.955404478965736,335.700429404654,7.30413657281457,66.6130743362869,-57.9391505155601,-61.4613211630531,1.94984426833036,-1.5975397744803,0.206097548020634,0.0485676748077316,33.7876597158661,33.8261243611695,66.7976519008478,36.9750721583319
2011-03-07,-57.9617647058824,-61.4735294117647,0.943773101015789,335.640956227372,8.6816506502105,66.6130743362869,-57.9391505155601,-61.4613211630531,1.85364399667372,-1.59918966467081,0.169598894146008,0.0877055010322215,33.7952625053292,39.6551188882063,66.7976519008478,17.7447081290521
2011-03-08,-57.9617647058824,-61.4735294117647,0.947094652347448,335.730345563191,8.58757675566324,66.6130743362869,-57.9391505155601,-61.4613211630531,1.84471233074482,-1.58552017096083,0.187820215109992,0.0732534834700316,33.7811482181111,36.3761293717563,66.7976519008478,24.6014504828411
2011-03-09,-57.9617647058824,-61.4735294117647,0.947519235858103,335.795298506574,10.2968157239077,66.6130743362869,-57.9391505155601,-61.4613211630531,1.87573198380901,-1.57588027749467,0.12227667041133,0.0115385500716697,33.7647892930086,29.7139507594861,66.7976519008478,9.15018747416379
2011-03-10,-57.9617647058824,-61.4735294117647,0.930212039773057,335.721274399176,9.72642489177425,66.6130743362869,-57.9391505155601,-61.4613211630531,1.89636595432575,-1.56815798321234,0.206904785881038,0.0147633803618743,33.7425635900253,28.5601368233582,66.7976519008478,45.3127541532384
2011-03-11,-57.9617647058824,-61.4735294117647,0.923007914205877,335.760784242211,9.77270046385323,66.6130743362869,-57.9391505155601,-61.4613211630531,1.8443357284896,-1.5756245138835,0.191484907443425,0.0847632037412863,33.7383812146309,34.9208370188148,66.7976519008478,29.9904247202366
2011-03-12,-57.9617647058824,-61.4735294117647,0.933623881601706,336.124828059499,10.8050513732724,66.6130743362869,-57.9391505155601,-61.4613211630531,1.81299877681552,-1.58112567204695,0.118481832261068,0.0645386163200605,33.7354034289979,33.011061925798,66.7976519008478,0.543468256858022
2011-03-13,-57.9617647058824,-61.4735294117647,0.939035252463527,336.655914306641,10.6361347843961,66.6130743362869,-57.9391505155601,-61.4613211630531,1.78226181949198,-1.5793472797121,0.115648264887362,0.0645056678065163,33.7266762459326,33.7276909631274,66.7976519008478,0.631546936263016
2011-03-14,-57.9617647058824,-61.4735294117647,0.940189617436107,337.091946857732,10.7457597837216,66.6130743362869,-57.9391505155601,-61.4613211630531,1.73964562782874,-1.57335065878355,0.147624743295464,0.0628228251408791,33.7172138919393,33.4811952155933,66.7976519008478,4.10084757781947
2011-03-15,-57.9617647058824,-61.4735294117647,0.9154018036476,337.12381428044,5.90430776811228,66.6130743362869,-57.9391505155601,-61.4613211630531,1.70965692525611,-1.57572747933881,0.167389699910213,0.0407325315079306,33.7045678822135,31.8939031685895,66.7976519008478,12.0071749606228
2011-03-16,-57.9617647058824,-61.4735294117647,0.842357704552208,336.714080066216,3.45247829105796,66.6130743362869,-57.9391505155601,-61.4613211630531,1.67708144649642,-1.58741347461577,0.147807607208548,0.0182155550742841,33.6855257989263,29.4730150387516,66.7976519008478,10.2855051316486
2011-03-17,-57.9617647058824,-61.4735294117647,0.79148192340281,336.522193722609,5.7939344411943,66.6130743362869,-57.9391505155601,-61.4613211630531,1.68599828671508,-1.59222147677109,0.114771011849808,0.0363182617645515,33.6650504242232,24.4636136465549,66.7976519008478,1.76402786688795
2011-03-18,-57.9617647058824,-61.4735294117647,0.795380478951989,336.847285945241,8.9928216730676,66.6130743362869,-57.9391505155601,-61.4613211630531,1.732442763492,-1.58131141749471,0.109589042913737,0.0673655940021178,33.6519534771259,18.8763785085537,66.7976519008478,1.43011794129652
2011-03-19,-57.9617647058824,-61.4735294117647,0.792125016814325,337.102968913753,7.68611487818927,66.6130743362869,-57.9391505155601,-61.4613211630531,1.69865345938807,-1.56990301705565,0.10255948960399,0.0334962263512306,33.6435495497566,19.8485640012301,66.7976519008478,3.7303746272357
2011-03-20,-57.9617647058824,-61.4735294117647,0.765159315452343,337.088563872547,6.99605938283409,66.6130743362869,-57.9391505155601,-61.4613211630531,1.64334057651551,-1.56561559736326,0.0858060225804164,0.0644595396884701,33.6396965871134,23.815764550738,66.7976519008478,6.46562111907902
2011-03-21,-57.9617647058824,-61.4735294117647,0.745333810768476,337.09054118831,8.29388379178396,66.6130743362869,-57.9391505155601,-61.4613211630531,1.59464045051943,-1.57038859333265,0.0809996661336718,0.0329822303222017,33.638399183348,25.6862074830111,66.7976519008478,9.98584644538321
2011-03-22,-57.9617647058824,-61.4735294117647,0.698853384794259,336.57822027439,5.34188016449533,66.6130743362869,-57.9391505155601,-61.4613211630531,1.53692463333951,-1.5738514769576,0.0713688317037787,0.036391572305347,33.6360887535188,28.5420152957623,66.7976519008478,13.5661486717169
2011-03-23,-57.9617647058824,-61.4735294117647,0.67867044413962,336.448311782465,7.60553613523158,66.6130743362869,-57.9391505155601,-61.4613211630531,1.47637887691197,-1.5658837136952,0.0874583874546323,0.0612561260167806,33.6341550984042,29.7069491915375,66.7976519008478,5.63437061576538
2011-03-24,-57.9617647058824,-61.4735294117647,0.673432709967218,336.582656488186,7.1817958558478,66.6130743362869,-57.9391505155601,-61.4613211630531,1.41493758177146,-1.55696045017114,0.0861437440310654,0.0233406877740916,33.6351434344705,31.1159077456445,66.7976519008478,10.6142990161659
2011-03-25,-57.9617647058824,-61.4735294117647,0.619241647240592,335.918490898318,4.11585196489241,66.6130743362869,-57.9391505155601,-61.4613211630531,1.36323354082552,-1.5542327271782,0.109281798942811,-0.0533773260651088,33.6345997706116,33.4389799815601,66.7976519008478,58.5474937080683
2011-03-26,-57.9617647058824,-61.4735294117647,0.589579519702167,335.480909394055,6.44400490493309,66.6130743362869,-57.9391505155601,-61.4613211630531,1.3554000469998,-1.55602059431887,0.137628180958964,0.0230993402722152,33.6300734907348,32.8403476426798,66.7976519008478,6.36110757271178
2011-03-27,-57.9617647058824,-61.4735294117647,0.603608825584737,335.761779412991,6.34114125298291,66.6130743362869,-57.9391505155601,-61.4613211630531,1.39750422261826,-1.55720632648983,0.111615373648693,0.0535503054960215,33.6226559380288,27.8480382564097,66.7976519008478,0.379075499794755
2011-03-28,-57.9617647058824,-61.4735294117647,0.607538000839512,335.94795375917,5.23214938582444,66.6130743362869,-57.9391505155601,-61.4613211630531,1.34398340559521,-1.55893488403274,0.0882277341758111,0.0293282463432726,33.6218466044438,31.5944840550905,66.7976519008478,8.25161085484363
2011-03-29,-57.9617647058824,-61.4735294117647,0.598622205780774,335.940171776748,4.41578369024323,66.6130743362869,-57.9391505155601,-61.4613211630531,1.33976369629666,-1.55115657666756,0.121027100579901,0.028770593702592,33.6192766053152,29.6173706106168,66.7976519008478,3.2541666845829
2011-03-30,-57.9617647058824,-61.4735294117647,0.562160045635409,335.63862460997,2.72476290638854,66.6130743362869,-57.9391505155601,-61.4613211630531,1.31055686316188,-1.55869889371952,0.034321585064314,0.0254905747850495,33.6093716228861,26.6332697089706,66.7976519008478,41.0968112604545
2011-03-31,-57.9617647058824,-61.4735294117647,0.553443335905308,335.65754029809,6.43799092129963,66.6130743362869,-57.9391505155601,-61.4613211630531,1.26650148219908,-1.56448505442796,0.0736579259206489,0.069444641732333,33.6028066936292,26.8665859708902,66.7976519008478,12.0251132913402
2011-04-01,-57.9617647058824,-61.4735294117647,0.558009299563199,335.919794222204,4.84076313856171,66.6130743362869,-57.9391505155601,-61.4613211630531,1.24122078819314,-1.57465953752901,0.0447588330147318,0.0632882223096293,33.6097978908523,31.8776348502691,66.7976519008478,28.9332945006287
2011-04-02,-57.9617647058824,-61.4735294117647,0.562555289486559,336.210617809761,5.18976581968912,66.6130743362869,-57.9391505155601,-61.4613211630531,1.20638668923243,-1.58403378733096,0.0816792282810015,0.0563871678412363,33.6107471481509,32.9311619448437,66.7976519008478,7.47736108961908
2011-04-03,-57.9617647058824,-61.4735294117647,0.566960231560033,336.521363421184,5.7616449012989,66.6130743362869,-57.9391505155601,-61.4613211630531,1.15093146984474,-1.58938791072964,0.0493510243722945,0.0266528315590783,33.6114698659714,34.4984789512418,66.7976519008478,28.977509642982
2011-04-04,-57.9617647058824,-61.4735294117647,0.562740047166987,336.665621873809,5.50855715972621,66.6130743362869,-57.9391505155601,-61.4613211630531,1.10100269275397,-1.58476400632768,0.0488205542448561,0.0197237708106858,33.6135661476537,36.3538891384315,66.7976519008478,31.5090113334911
2011-04-05,-57.9617647058824,-61.4735294117647,0.561627827403022,336.881021639196,5.05192328371653,66.6130743362869,-57.9391505155601,-61.4613211630531,1.04967920964787,-1.57288197065011,0.0413017161642974,0.0589752691909771,33.6137432505084,37.4992599976368,66.7976519008478,31.3084638022691
2011-04-06,-57.9617647058824,-61.4735294117647,0.559814884531789,337.091986679449,3.93147008593489,66.6130743362869,-57.9391505155601,-61.4613211630531,0.983281806131445,-1.56338828005771,0.0619208611869699,0.0416534410063152,33.613623800548,38.3816609273234,66.7976519008478,17.8323972677025
2011-04-07,-57.9617647058824,-61.4735294117647,0.546320783655818,337.144500732422,3.74942381789045,66.6130743362869,-57.9391505155601,-61.4613211630531,0.913092694502932,-1.57484528394202,0.0309377785787167,0.08290079217932,33.6166262092539,40.7998718784245,66.7976519008478,44.0196558752522
2011-04-08,-57.9617647058824,-61.4735294117647,0.551879545173994,337.398794778963,4.45760099190037,66.6130743362869,-57.9391505155601,-61.4613211630531,0.840310868242813,-1.58430602241624,0.0866083173274833,0.0874064937485294,33.6202341252171,41.8159199520322,66.7976519008478,11.1628238221892
2011-04-09,-57.9617647058824,-61.4735294117647,0.560793027281761,337.667540759575,3.58583395655562,66.6130743362869,-57.9391505155601,-61.4613211630531,0.780221776139398,-1.58443163795832,0.0937795492841808,0.0531442155319991,33.616731285888,41.5782791696258,66.7976519008478,3.52107464950454
2011-04-10,-57.9617647058824,-61.4735294117647,0.564651050945608,337.975827845132,3.83562963764842,66.6130743362869,-57.9391505155601,-61.4613211630531,0.70936545948831,-1.59305919101525,0.0841602468297549,0.0947391730802342,33.6088298226175,41.2611502893219,66.7976519008478,14.7159322537286
2011-04-11,-57.9617647058824,-61.4735294117647,0.572252798371199,338.302593324243,4.34972706655177,66.6130743362869,-57.9391505155601,-61.4613211630531,0.603856916721614,-1.59484993864489,0.0508551214408135,0.0577792400159897,33.6219289576316,44.7979613843395,66.7976519008478,24.1693714051225
2011-04-12,-57.9617647058824,-61.4735294117647,0.581280875496748,338.636591469369,3.69868825412378,66.6130743362869,-57.9391505155601,-61.4613211630531,0.519203760926379,-1.58775819779729,0.100743205933838,0.0867409349171578,33.61767864356,44.2868485071077,66.7976519008478,7.182238625593
2011-04-13,-57.9617647058824,-61.4735294117647,0.591441522647695,339.020614624023,4.42298311721988,66.6130743362869,-57.9391505155601,-61.4613211630531,0.434997386315413,-1.57833864540867,0.0433502862287758,0.0604291197852648,33.6166324692699,44.6437214942757,66.7976519008478,29.7902173128133
2011-04-14,-57.9617647058824,-61.4735294117647,0.603589618351401,339.345087190954,3.96146799587622,66.6130743362869,-57.9391505155601,-61.4613211630531,0.355883523671009,-1.57228395234235,0.0734206971017375,0.0629422634679135,33.6119291019826,44.1974757898513,66.7976519008478,11.3608122738127
2011-04-15,-57.9617647058824,-61.4735294117647,0.605392862747355,339.558161665754,3.2797309291072,66.6130743362869,-57.9391505155601,-61.4613211630531,0.286338884619727,-1.57138034206653,0.0594546692533853,0.0392465560160346,33.6085621657481,43.9771329298032,66.7976519008478,19.6350345677144
2011-04-16,-57.9617647058824,-61.4735294117647,0.599758063511151,339.723079402272,2.63935600548256,66.6130743362869,-57.9391505155601,-61.4613211630531,0.213449317313399,-1.57017690015708,0.0909929334081699,0.0506096555676698,33.5998699687592,43.2364104009672,66.7976519008478,4.3594094573405
2011-04-17,-57.9617647058824,-61.4735294117647,0.584117487072945,339.859390258789,1.89136929337571,66.6130743362869,-57.9391505155601,-61.4613211630531,0.173373447085119,-1.56549821675387,0.0986847508794222,0.0199626471681392,33.5822878385845,39.1559496556538,66.7976519008478,8.21997688866727
2011-04-18,-57.9617647058824,-61.4735294117647,0.580893442398164,340.050421365877,3.34281555908482,66.6130743362869,-57.9391505155601,-61.4613211630531,0.12561333987877,-1.57099155166693,0.0611473964564955,0.0525214899979864,33.5715672059259,38.7982529396953,66.7976519008478,17.5061142017565
2011-04-19,-57.9617647058824,-61.4735294117647,0.571869256292901,340.13887507741,2.44097910130896,66.6130743362869,-57.9391505155601,-61.4613211630531,0.0910461229472025,-1.57026956422448,0.0252920602889437,0.019739421403762,33.5719687324143,39.8066817205123,66.7976519008478,51.0878624101361
2011-04-20,-57.9617647058824,-61.4735294117647,0.562443149889388,340.191448304711,3.35868302205714,66.6130743362869,-57.9391505155601,-61.4613211630531,0.0366574448713085,-1.56246078320039,0.0421031873205654,0.0468560026584045,33.5707228090438,40.6060937322907,66.7976519008478,30.8429013619911
2011-04-21,-57.9617647058824,-61.4735294117647,0.566650375360396,340.389243893507,3.25253125807134,66.6130743362869,-57.9391505155601,-61.4613211630531,-0.00739892769237923,-1.55984673438928,0.0940167782237494,0.028633033909537,33.5642855357223,40.3871923464673,66.7976519008478,6.7387490669861
2011-04-22,-57.9617647058824,-61.4735294117647,0.541815334703864,340.397779139077,1.1737065962175,66.6130743362869,-57.9391505155601,-61.4613211630531,0.0284443838011559,-1.55951230567798,0.0848678149252768,-0.0323092581681636,33.5450786225065,38.1368125189654,66.7976519008478,43.7556922617758
2011-04-23,-57.9617647058824,-61.4735294117647,0.498056278723042,340.272290485661,1.76336954279644,66.6130743362869,-57.9391505155601,-61.4613211630531,0.115720894283209,-1.54584816866397,0.137013692554594,-0.0243069014427794,33.5352373676583,38.633716592261,66.7976519008478,32.2707573847403
2011-04-24,-57.9617647058824,-61.4735294117647,0.4872958053176,340.329620733494,2.41694672223998,66.6130743362869,-57.9391505155601,-61.4613211630531,0.158863935755332,-1.54446433333733,0.113621110722483,0.0321412210964803,33.5275336457328,38.6538974810869,66.7976519008478,2.6712830699804
2011-04-25,-57.9617647058824,-61.4735294117647,0.495903478889931,340.478354849466,2.75889833671291,66.6130743362869,-57.9391505155601,-61.4613211630531,0.114207572179285,-1.53864810856087,0.0789197945864255,0.0452464703073305,33.5121919577904,37.537150697026,66.7976519008478,8.96581560944036
2011-04-26,-57.9617647058824,-61.4735294117647,0.47657711549503,340.390012043278,1.44289029444136,66.6130743362869,-57.9391505155601,-61.4613211630531,0.0751577190421371,-1.53378779878501,0.0196150410090863,-0.0203967429798061,33.5082195915191,39.0449545097094,66.7976519008478,78.556598790276
2011-04-27,-57.9617647058824,-61.4735294117647,0.45373294411636,340.318662317788,1.96170133788411,66.6130743362869,-57.9391505155601,-61.4613211630531,0.0328163130965471,-1.53461851040844,0.0177658087952256,0.0332581736901511,33.5107587693352,40.6775507611624,66.7976519008478,54.7665509423086
2011-04-28,-57.9617647058824,-61.4735294117647,0.452227104364372,340.648509327958,2.15899600924515,66.6130743362869,-57.9391505155601,-61.4613211630531,-0.0289274494637523,-1.53778321105942,0.151936872808235,0.0654389328208932,33.507404116323,41.2609443381409,66.7976519008478,5.63034850090707
2011-04-29,-57.9617647058824,-61.4735294117647,0.450864617417498,341.294681456031,1.97406910832335,66.6130743362869,-57.9391505155601,-61.4613211630531,-0.0864001061973462,-1.55633566527553,0.143446878996375,0.154682303222045,33.5123072790231,43.3161045066741,66.7976519008478,53.0922851733856
2011-04-30,-57.9617647058824,-61.4735294117647,0.461460295973754,342.22108012874,2.23020946543391,66.6130743362869,-57.9391505155601,-61.4613211630531,-0.177958596844664,-1.56059013510201,0.0792130359603085,0.11451895639059,33.5216811021813,43.9643654379285,66.7976519008478,26.5864788186862
2011-05-01,-57.9617647058824,-61.4735294117647,0.466467629482106,342.767972248357,1.27126012633486,66.6130743362869,-57.9391505155601,-61.4613211630531,-0.257423359744864,-1.56339281258474,0.0434071227063534,0.0424796235364297,33.5249018598343,44.0716538371345,66.7976519008478,30.2521543552741
2011-05-02,-57.9617647058824,-61.4735294117647,0.46224894501814,343.135975535323,1.39287764560886,66.6130743362869,-57.9391505155601,-61.4613211630531,-0.322834287095166,-1.56374741887596,0.0906247345582355,0.0776628108793183,33.5235324607365,43.7514361357078,66.7976519008478,7.13670236255536
2011-05-03,-57.9617647058824,-61.4735294117647,0.465552318386915,343.594588116902,1.93390709743267,66.6130743362869,-57.9391505155601,-61.4613211630531,-0.348258306230852,-1.55809346448716,0.147994589744269,0.0208382524962206,33.5102520941401,41.6349092977732,66.7976519008478,9.42588367591292
2011-05-04,-57.9617647058824,-61.4735294117647,0.475939242578134,344.135137046256,2.08315206300922,66.6130743362869,-57.9391505155601,-61.4613211630531,-0.376358068735413,-1.57033464348751,0.116031290548533,0.0602759094192431,33.4950690739229,40.0109621709497,66.7976519008478,0.27106310414846
2011-05-05,-57.9617647058824,-61.4735294117647,0.486453156282262,344.584723495856,2.11070006649669,66.6130743362869,-57.9391505155601,-61.4613211630531,-0.418090586881084,-1.55857327367291,0.032710405647272,0.0642025421716665,33.4965250012685,40.5027179087383,66.7976519008478,38.8463760260514
2011-05-06,-57.9617647058824,-61.4735294117647,0.493459581238468,344.705763281845,1.99059247098318,66.6130743362869,-57.9391505155601,-61.4613211630531,-0.47173100760189,-1.54955322427145,0.0960464031258334,0.0515577474686942,33.4991300173617,40.7249140604305,66.7976519008478,2.97622233925775
2011-05-07,-57.9617647058824,-61.4735294117647,0.494219834484705,344.807142676377,1.90897341472347,66.6130743362869,-57.9391505155601,-61.4613211630531,-0.486558800062992,-1.553672191746,0.0736052083673506,-0.00821240323214878,33.4988562343253,42.2907896131961,66.7976519008478,30.4197463689253
2011-05-08,-57.9617647058824,-61.4735294117647,0.485861138599675,344.944090680378,1.23686917671343,66.6130743362869,-57.9391505155601,-61.4613211630531,-0.506699533356346,-1.56336192241725,0.0908734953224498,0.00761521233600161,33.4982776152782,43.3605848677889,66.7976519008478,15.2114566995102
2011-05-09,-57.9617647058824,-61.4735294117647,0.478689649483053,345.247955694431,1.64985985145336,66.6130743362869,-57.9391505155601,-61.4613211630531,-0.550623452001818,-1.57218881528548,0.10504627472114,0.0795762925465339,33.4882757107095,41.4532809881707,66.7976519008478,4.36393317139756
2011-05-10,-57.9617647058824,-61.4735294117647,0.477465211254794,345.454946750548,1.71374699836824,66.6130743362869,-57.9391505155601,-61.4613211630531,-0.579595031586253,-1.56989601491756,0.0430471605838713,0.0244189260650662,33.4889799676604,41.4228036522704,66.7976519008478,34.2901918993612
2011-05-11,-57.9617647058824,-61.4735294117647,0.472031538442868,345.430274032965,1.63874254430213,66.6130743362869,-57.9391505155601,-61.4613211630531,-0.606979157237711,-1.55372779266393,0.0571005017460197,0.0139676752059083,33.4976496265324,43.4995861761322,66.7976519008478,28.0882082649471
2011-05-12,-57.9617647058824,-61.4735294117647,0.462520899932559,345.47180361864,1.00640919368442,66.6130743362869,-57.9391505155601,-61.4613211630531,-0.636657479109793,-1.54256197476355,0.117279213354213,0.0228093940357448,33.498090283269,43.8323656164522,66.7976519008478,4.99471017230823
2011-05-13,-57.9617647058824,-61.4735294117647,0.455341467406692,345.47272621713,1.25905282177576,66.6130743362869,-57.9391505155601,-61.4613211630531,-0.673180845454235,-1.54948979736822,0.101061158525719,0.0526524599284617,33.4873017428214,39.9493896777813,66.7976519008478,1.86235614335374
2011-05-14,-57.9617647058824,-61.4735294117647,0.45151913638522,345.685113302091,1.034218373822,66.6130743362869,-57.9391505155601,-61.4613211630531,-0.663964501709028,-1.55115122576313,0.121064991377264,0.0437110720476319,33.4851910105923,39.883286839072,66.7976519008478,0.560591002567108
2011-05-15,-57.9617647058824,-61.4735294117647,0.436382874483015,345.924756678139,0.541773944729712,66.6130743362869,-57.9391505155601,-61.4613211630531,-0.647255680449659,-1.55405151184432,0.150557156179638,0.00693400298696459,33.4861134877893,40.9909729397731,66.7976519008478,15.7838747667706
2011-05-16,-57.9617647058824,-61.4735294117647,0.416360028269814,346.209906229159,0.542688812424497,66.6130743362869,-57.9391505155601,-61.4613211630531,-0.587928685753049,-1.55293538116733,0.165917727503016,0.0457489343508374,33.4953102132409,43.574338015918,66.7976519008478,10.7714073851097
2011-05-17,-57.9617647058824,-61.4735294117647,0.399342765168446,346.627329756574,0.3865617068439,66.6130743362869,-57.9391505155601,-61.4613211630531,-0.555803939871058,-1.5418976503506,0.151383338870629,0.0186858943056481,33.4962594911315,41.8266282577103,66.7976519008478,11.1648166738165
2011-05-18,-57.9617647058824,-61.4735294117647,0.383079517905305,347.03242306593,0.467821101589901,66.6130743362869,-57.9391505155601,-61.4613211630531,-0.526605014657846,-1.54849063352696,0.134951118867487,0.0574258679722646,33.4889819033233,32.6630437647605,66.7976519008478,1.12410584780243
2011-05-19,-57.9617647058824,-61.4735294117647,0.383412268467066,347.422039869355,1.44240377007461,66.6130743362869,-57.9391505155601,-61.4613211630531,-0.568297994673735,-1.54358419956949,0.11478007266577,0.0519951383725271,33.487291127564,32.7913368510814,66.7976519008478,0.177850367138235
2011-05-20,-57.9617647058824,-61.4735294117647,0.388546219686183,347.587810237233,1.19121262431145,66.6130743362869,-57.9391505155601,-61.4613211630531,-0.587772509890047,-1.53800272941589,0.0747361641864867,0.0317450157101499,33.4918524141093,38.2385411230337,66.7976519008478,12.9141671403825
2011-05-21,-57.9617647058824,-61.4735294117647,0.380570417133773,347.488567073171,0.988011526625331,66.6130743362869,-57.9391505155601,-61.4613211630531,-0.611464759096121,-1.54216700189027,0.0804494269262602,0.0770960975232234,33.5024411951804,41.6575614592003,66.7976519008478,10.5422318587723
2011-05-22,-57.9617647058824,-61.4735294117647,0.375723033053119,347.721535659418,0.645447973071075,66.6130743362869,-57.9391505155601,-61.4613211630531,-0.654061183856245,-1.54377983005745,0.106203589241514,0.0747089815827516,33.5067079984225,42.7502147350234,66.7976519008478,3.08097002902311
2011-05-23,-57.9617647058824,-61.4735294117647,0.362941038317797,347.854408078077,0.233443483346846,66.6130743362869,-57.9391505155601,-61.4613211630531,-0.659138870504704,-1.54764427282871,0.117376411416632,-0.0103112199820085,33.5036952627493,42.9133096352602,66.7976519008478,20.8971314564545
2011-05-24,-57.9617647058824,-61.4735294117647,0.345936950750467,348.009291486042,0.215282000056127,66.6130743362869,-57.9391505155601,-61.4613211630531,-0.623931136671026,-1.55245968800003,0.0921477768896965,-0.00716711328881472,33.4953366432756,41.0043582517287,66.7976519008478,22.8341562885599
2011-05-25,-57.9617647058824,-61.4735294117647,0.340375142126549,348.305115490425,0.746113447154441,66.6130743362869,-57.9391505155601,-61.4613211630531,-0.64428241054217,-1.55288183946519,0.109637642337082,0.0427860441226789,33.4855448044585,35.4263899876521,66.7976519008478,1.22721872589389
2011-05-26,-57.9617647058824,-61.4735294117647,0.335448128421132,348.793027924328,0.429550550696326,66.6130743362869,-57.9391505155601,-61.4613211630531,-0.62970963718719,-1.55170022749547,0.161858477864751,0.0621910385998637,33.4900916301609,41.3884137291336,66.7976519008478,8.95219121769793
2011-05-27,-57.9617647058824,-61.4735294117647,0.32478998528748,349.241492294684,0.363737190823729,66.6130743362869,-57.9391505155601,-61.4613211630531,-0.605270118164791,-1.55682124074815,0.161824705036465,0.0110237303915133,33.4956989931835,43.3667628150559,66.7976519008478,17.9763882149487
2011-05-28,-57.9617647058824,-61.4735294117647,0.31218638598192,349.338235250333,0.407937068401313,66.6130743362869,-57.9391505155601,-61.4613211630531,-0.578019438464793,-1.56264982274991,0.197471642331314,0.0570659060508777,33.5070663997841,45.5683376476993,66.7976519008478,29.8220326850406
2011-05-29,-57.9617647058824,-61.4735294117647,0.305006077195086,349.767242803806,0.383523087312536,66.6130743362869,-57.9391505155601,-61.4613211630531,-0.585501043812225,-1.56132653029824,0.141259101198109,0.053649974496741,33.5159296146449,47.0551369084038,66.7976519008478,2.19989254749072
2011-05-30,-57.9617647058824,-61.4735294117647,0.301696044097586,350.096003834794,0.487645352395569,66.6130743362869,-57.9391505155601,-61.4613211630531,-0.591149069037032,-1.5451632551497,0.163254668043773,0.00263587657397414,33.5174781912573,47.4297196610897,66.7976519008478,22.5598416300178
2011-05-31,-57.9617647058824,-61.4735294117647,0.300702138463172,350.381538949362,0.476734929695362,66.6130743362869,-57.9391505155601,-61.4613211630531,-0.592112811098778,-1.5364199682125,0.135880265500542,0.0299229660648325,33.519424237703,47.6900125071105,66.7976519008478,4.17911401136866
2011-06-01,-57.9617647058824,-61.4735294117647,0.297099957378899,350.544708624119,0.286792271747822,66.6130743362869,-57.9391505155601,-61.4613211630531,-0.613776751737363,-1.53654681847967,0.0717073769513493,-0.00784914647499238,33.5184357935279,46.9760606150556,66.7976519008478,31.0974869765022
2011-06-02,-57.9617647058824,-61.4735294117647,0.294675972766993,350.680304922709,0.522975335760814,66.6130743362869,-57.9391505155601,-61.4613211630531,-0.655500372110108,-1.54876205136097,0.0341090676996872,0.0624554502236055,33.5276510879578,48.4297055464524,66.7976519008478,37.472934174766
2011-06-03,-57.9617647058824,-61.4735294117647,0.291685695146642,350.906555175781,0.169559382538243,66.6130743362869,-57.9391505155601,-61.4613211630531,-0.710727261236081,-1.54750959368048,0.128260934592178,0.0451904579635091,33.5346175900355,49.0925873693345,66.7976519008478,0.729790679188193
2011-06-04,-57.9617647058824,-61.4735294117647,0.284757620132551,351.302481674566,0.235281343140253,66.6130743362869,-57.9391505155601,-61.4613211630531,-0.739439865556645,-1.54795357331573,0.152526650286195,0.0810326143958469,33.5333038155045,47.0182758104785,66.7976519008478,8.77595371606136
2011-06-05,-57.9617647058824,-61.4735294117647,0.275604328912933,351.291380347275,0.18223019743838,66.6130743362869,-57.9391505155601,-61.4613211630531,-0.782058035826635,-1.55396461100713,0.0622511697372525,0.11224304166762,33.5417427649865,49.5612790961015,66.7976519008478,33.6475889113823
2011-06-06,-57.9617647058824,-61.4735294117647,0.264833840473396,351.009585496856,0.228524607129213,66.6130743362869,-57.9391505155601,-61.4613211630531,-0.864960641533579,-1.56566213644468,0.00223390540854651,0.076923941622781,33.5543290523061,51.5882270030486,66.7976519008478,72.2550061699539
2011-06-07,-57.9617647058824,-61.4735294117647,0.260296386916463,350.85182227158,0.385190924856721,66.6130743362869,-57.9391505155601,-61.4613211630531,-0.927126472898823,-1.57107103932724,0.0335094057797742,0.0215853587315794,33.5627328921587,52.4722753221046,66.7976519008478,42.9985576840435
2011-06-08,-57.9617647058824,-61.4735294117647,0.259822645020194,350.815203782989,0.290948817461002,66.6130743362869,-57.9391505155601,-61.4613211630531,-0.981192915505565,-1.55766224925496,0.103431800247124,0.0448206115448684,33.5649486958739,51.7169319737135,66.7976519008478,1.8680326670479
2011-06-09,-57.9617647058824,-61.4735294117647,0.259184761381731,351.092872805712,0.266264850955184,66.6130743362869,-57.9391505155601,-61.4613211630531,-1.02851316252379,-1.5467917303003,0.111561008390949,0.0697922478210025,33.562673226381,49.0553141682737,66.7976519008478,1.58568251095841
2011-06-10,-57.9617647058824,-61.4735294117647,0.258047375737167,351.210301096846,0.246598731090383,66.6130743362869,-57.9391505155601,-61.4613211630531,-1.0714931109978,-1.54203232660306,0.0732889032436286,0.0240474322888693,33.5605068798812,48.0054938706309,66.7976519008478,15.6142165069532
2011-06-11,-57.9617647058824,-61.4735294117647,0.251304061311047,351.040623734637,0.102905169083941,66.6130743362869,-57.9391505155601,-61.4613211630531,-1.09058509479489,-1.54806312970948,0.0276445802376579,-0.0395035539098919,33.5615426757236,50.4642727539124,66.7976519008478,86.8870810365007
2011-06-12,-57.9617647058824,-61.4735294117647,0.243520978383902,351.183248380335,0.0928054097131258,66.6130743362869,-57.9391505155601,-61.4613211630531,-1.10657135557067,-1.54583210774601,0.043233319317643,-0.00933017975848053,33.5558754924821,46.9791493576709,66.7976519008478,49.9165381631045
2011-06-13,-57.9617647058824,-61.4735294117647,0.238551418228847,351.470850502572,0.112774702606768,66.6130743362869,-57.9391505155601,-61.4613211630531,-1.13644341555362,-1.53448218758772,0.0471352408118496,0.013933903006045,33.5479307856798,41.7695860071221,66.7976519008478,34.8956195657968
2011-06-14,-57.9617647058824,-61.4735294117647,0.233543403810117,351.850733315072,0.0764485076978439,66.6130743362869,-57.9391505155601,-61.4613211630531,-1.16348454529135,-1.52542588778353,0.0465256941181767,0.0203909772007089,33.5404598066199,40.2100942047984,66.7976519008478,32.947249235639
2011-06-15,-57.9617647058824,-61.4735294117647,0.229626044631004,352.236295374428,0.162124769080703,66.6130743362869,-57.9391505155601,-61.4613211630531,-1.21381463277356,-1.5225416653552,0.0797706885557426,0.0360719720190755,33.529224406048,37.45642669513,66.7976519008478,9.86625075454099
2011-06-16,-57.9617647058824,-61.4735294117647,0.225885259123837,352.39783198659,0.0952006763801342,66.6130743362869,-57.9391505155601,-61.4613211630531,-1.22563456387011,-1.52527638582083,0.0730656773183751,-0.00773135560606173,33.5316234542291,39.0278623004352,66.7976519008478,30.3736749748006
2011-06-17,-57.9617647058824,-61.4735294117647,0.221110463324116,352.52530204959,0.0854752946917604,66.6130743362869,-57.9391505155601,-61.4613211630531,-1.23253199381706,-1.5226664562457,0.0925505717615528,0.00659463389219864,33.5336414651189,40.605063896591,66.7976519008478,15.2135094473416
2011-06-18,-57.9617647058824,-61.4735294117647,0.217757240119504,352.694321050877,0.110667162688404,66.6130743362869,-57.9391505155601,-61.4613211630531,-1.25492145875205,-1.51368717883441,0.0599818444344518,0.0168630208432996,33.5349944574148,40.8375564773395,66.7976519008478,25.1839181447487
2011-06-19,-57.9617647058824,-61.4735294117647,0.213298604437491,352.691099957722,0.08329362931048,66.6130743362869,-57.9391505155601,-61.4613211630531,-1.26543069826929,-1.50758759663333,0.0247171095618915,0.0146711247893963,33.5426673992121,43.1122358324718,66.7976519008478,53.5143458342667
2011-06-20,-57.9617647058824,-61.4735294117647,0.207900734027711,352.546581361352,0.0802731105558029,66.6130743362869,-57.9391505155601,-61.4613211630531,-1.29436965992576,-1.51353232210625,0.078569717142183,-0.0126752719212721,33.5481265398816,44.7382422832021,66.7976519008478,31.1133347180254
2011-06-21,-57.9617647058824,-61.4735294117647,0.203526093102083,352.906070244022,0.108193119533542,66.6130743362869,-57.9391505155601,-61.4613211630531,-1.29810403957058,-1.52734925695437,0.121807979110643,0.0759470200068072,33.5514564205278,45.8908206782682,66.7976519008478,2.36063183589539
2011-06-22,-57.9617647058824,-61.4735294117647,0.199595939640592,353.244506835938,0.0878106448799372,66.6130743362869,-57.9391505155601,-61.4613211630531,-1.32540117769267,-1.53899983146734,0.101116347148029,0.0205548957603583,33.5496524342319,44.8364699887521,66.7976519008478,7.52268379791548
2011-06-23,-57.9617647058824,-61.4735294117647,0.195024094203623,353.284854423709,0.140484227912455,66.6130743362869,-57.9391505155601,-61.4613211630531,-1.3365805893131,-1.55076654864709,0.130214778326864,0.0606605827044218,33.5548891795952,46.9420824630058,66.7976519008478,0.696348398729272
2011-06-24,-57.9617647058824,-61.4735294117647,0.18963918507826,352.85840178699,0.166114133578248,66.6130743362869,-57.9391505155601,-61.4613211630531,-1.36695972788833,-1.54992554110554,0.0938545068356431,0.0881676031540521,33.5643597755998,51.0865866201609,66.7976519008478,9.2396202290457
2011-06-25,-57.9617647058824,-61.4735294117647,0.185628534453671,352.968804336176,0.0755597347984227,66.6130743362869,-57.9391505155601,-61.4613211630531,-1.40687843115545,-1.54268882631773,0.177625962079335,0.0263159335986805,33.5601176726512,46.4814219030774,66.7976519008478,20.3431018542236
2011-06-26,-57.9617647058824,-61.4735294117647,0.182310052852078,353.568805601539,0.0849376713811624,66.6130743362869,-57.9391505155601,-61.4613211630531,-1.40679243460358,-1.55838547126163,0.157107309834195,0.0261899056453534,33.561837184767,50.5145191432011,66.7976519008478,10.7194646051229
2011-06-27,-57.9617647058824,-61.4735294117647,0.180627046652683,354.099418081888,0.138221360743046,66.6130743362869,-57.9391505155601,-61.4613211630531,-1.42540403303669,-1.56423135019346,0.148153566316715,0.0528542693407751,33.5670430624855,51.4245143457946,66.7976519008478,3.8911966641774
2011-06-28,-57.9617647058824,-61.4735294117647,0.177820427842983,354.394578142864,0.0806831768373164,66.6130743362869,-57.9391505155601,-61.4613211630531,-1.44972987720358,-1.56454024108959,0.183400178918874,0.0336033089662049,33.5722962764272,52.7430704943082,66.7976519008478,22.0486652244191
2011-06-29,-57.9617647058824,-61.4735294117647,0.175023716033959,354.71705664658,0.0928688042501851,66.6130743362869,-57.9391505155601,-61.4613211630531,-1.45646322585954,-1.56753608218411,0.10703553758089,0.0564349430202231,33.5756735138887,53.396685496033,66.7976519008478,0.902157937055604
2011-06-30,-57.9617647058824,-61.4735294117647,0.174110476836199,354.882730623571,0.126152325648724,66.6130743362869,-57.9391505155601,-61.4613211630531,-1.47283201814502,-1.56095668564924,0.0758168734961998,0.070285651214451,33.592106575908,54.9679151424351,66.7976519008478,11.1727438468393
2011-07-01,-57.9617647058824,-61.4735294117647,0.172621419607866,354.469436645508,0.131278785445341,66.6130743362869,-57.9391505155601,-61.4613211630531,-1.48655373469377,-1.55557908525995,0.0489416397987348,0.059277571235028,33.6143116558451,57.2285912394041,66.7976519008478,25.5801359618176
2011-07-02,-57.9617647058824,-61.4735294117647,0.169533968335245,353.988444258527,0.0413872978263875,66.6130743362869,-57.9391505155601,-61.4613211630531,-1.50098120739907,-1.54967307207877,0.104857644687096,0.0207286987519055,33.6288109906772,58.3084769783071,66.7976519008478,6.81677861176561
2011-07-03,-57.9617647058824,-61.4735294117647,0.166080870915477,354.133774920208,0.0460276161888387,66.6130743362869,-57.9391505155601,-61.4613211630531,-1.55488257626934,-1.56213541632561,0.129071466720257,0.0488831562954083,33.6126890555728,32.9466064133947,66.7976519008478,0.53050732467549
2011-07-04,-57.9617647058824,-61.4735294117647,0.165796584290702,354.878687044469,0.147131667358846,66.6130743362869,-57.9391505155601,-61.4613211630531,-1.58346569248539,-1.56695660132306,0.105291740649585,0.0858719193460809,33.6056731632042,29.1122294167275,66.7976519008478,6.11808252992035
2011-07-05,-57.9617647058824,-61.4735294117647,0.165942236326817,355.357666759956,0.109386462354805,66.6130743362869,-57.9391505155601,-61.4613211630531,-1.58088879192728,-1.56180716719222,0.120558408716148,0.0667601661070397,33.6070692703309,37.7667601864669,66.7976519008478,0.78019271201088
2011-07-06,-57.9617647058824,-61.4735294117647,0.165766926709472,355.321117121999,0.198683341011042,66.6130743362869,-57.9391505155601,-61.4613211630531,-1.58162222442678,-1.5509868926204,0.0729289411261738,0.0196257492027141,33.6098039809831,41.4415430913248,66.7976519008478,17.2182269300295
2011-07-07,-57.9617647058824,-61.4735294117647,0.165092699229717,354.790457748785,0.201323148226593,66.6130743362869,-57.9391505155601,-61.4613211630531,-1.5687881431438,-1.53656947210572,0.0570510791843398,-0.0310926362620755,33.6261216857334,52.3458358079959,66.7976519008478,56.4326185823562
2011-07-08,-57.9617647058824,-61.4735294117647,0.162181972094425,354.094047360304,0.125247152840219,66.6130743362869,-57.9391505155601,-61.4613211630531,-1.55405919191487,-1.52942501099003,0.0799000112292094,-0.0320028373607096,33.6440539083339,59.6105593180689,66.7976519008478,45.3740918126021
2011-07-09,-57.9617647058824,-61.4735294117647,0.160255212700222,353.767846084223,0.1589574325012,66.6130743362869,-57.9391505155601,-61.4613211630531,-1.55472837655972,-1.52714827395322,0.0621976284021147,0.000724042379944592,33.6551389861525,61.7847461494518,66.7976519008478,31.2117817960873
2011-07-10,-57.9617647058824,-61.4735294117647,0.158578183229377,353.206859309499,0.135876740169961,66.6130743362869,-57.9391505155601,-61.4613211630531,-1.55525621164505,-1.52411783578103,0.0495544811773558,0.0285144195754921,33.6706822404334,63.8644120027179,66.7976519008478,28.3365636316254
2011-07-11,-57.9617647058824,-61.4735294117647,0.156282277732361,352.764121823195,0.099299235360288,66.6130743362869,-57.9391505155601,-61.4613211630531,-1.55411454620953,-1.51726043964365,0.111790000356724,0.0182839232910419,33.6807066985631,65.3641851041642,66.7976519008478,6.83698694748073
2011-07-12,-57.9617647058824,-61.4735294117647,0.154978840452869,352.802402775462,0.11742175770242,66.6130743362869,-57.9391505155601,-61.4613211630531,-1.5624768668019,-1.51605246906821,0.0774725337189782,0.030576992870463,33.6831633893424,65.5942065307164,66.7976519008478,11.9749474008166
2011-07-13,-57.9617647058824,-61.4735294117647,0.154658847465748,353.020384253525,0.149737033720424,66.6130743362869,-57.9391505155601,-61.4613211630531,-1.56449430078952,-1.52591517483175,0.10429010760949,0.0699800541737543,33.6868864978373,65.3279417568212,66.7976519008478,2.51420655155466
2011-07-14,-57.9617647058824,-61.4735294117647,0.15419605219873,353.106186657417,0.134767640064039,66.6130743362869,-57.9391505155601,-61.4613211630531,-1.57391327788473,-1.54360025887869,0.111839422948568,0.0483741026356635,33.690774323004,64.4375096101027,66.7976519008478,0.531178650578244
2011-07-15,-57.9617647058824,-61.4735294117647,0.153251702011358,352.915628200624,0.124984637765986,66.6130743362869,-57.9391505155601,-61.4613211630531,-1.58003872415797,-1.55464952645192,0.0510000948883422,0.0300012185676941,33.6969273473248,65.1926470961165,66.7976519008478,26.9525095441332
2011-07-16,-57.9617647058824,-61.4735294117647,0.15090961627117,352.597599680831,0.0883928080339257,66.6130743362869,-57.9391505155601,-61.4613211630531,-1.58520537140238,-1.55467959164608,0.118622686869783,0.0576746287666432,33.705580352289,66.2710913093145,66.7976519008478,0.071851774341808
2011-07-17,-57.9617647058824,-61.4735294117647,0.148058111256943,352.422222230493,0.0845372920810449,66.6130743362869,-57.9391505155601,-61.4613211630531,-1.60441300695242,-1.56563413223596,0.0947004587976476,0.0814658867725638,33.703434572207,62.2449952922208,66.7976519008478,6.97248573106446
2011-07-18,-57.9617647058824,-61.4735294117647,0.145208955083678,352.048165670255,0.0672279372357014,66.6130743362869,-57.9391505155601,-61.4613211630531,-1.60617146366521,-1.56623708847885,0.0635921716559352,-0.0138531792079389,33.7125430396694,63.9900278909969,66.7976519008478,39.2795473080371
2011-07-19,-57.9617647058824,-61.4735294117647,0.14265506787271,352.063642548352,0.0658496105362002,66.6130743362869,-57.9391505155601,-61.4613211630531,-1.62006319309214,-1.55821784063872,0.132968445548564,0.0557117243617894,33.7144540640024,63.4200192707592,66.7976519008478,0.813751439679162
2011-07-20,-57.9617647058824,-61.4735294117647,0.141481939067201,352.53951616985,0.0873452526767079,66.6130743362869,-57.9391505155601,-61.4613211630531,-1.65179947658106,-1.55250952423986,0.105433419155769,0.0167633519230182,33.7036345169129,45.1538049965574,66.7976519008478,8.13827188732937
2011-07-21,-57.9617647058824,-61.4735294117647,0.14123576343423,353.074925864615,0.121942952547858,66.6130743362869,-57.9391505155601,-61.4613211630531,-1.68207186082436,-1.54389762170563,0.0790622966180527,-0.00403700987135994,33.6880047858646,25.0321805325919,66.7976519008478,25.4990934852574
2011-07-22,-57.9617647058824,-61.4735294117647,0.142470742961982,353.131330164467,0.201237398449604,66.6130743362869,-57.9391505155601,-61.4613211630531,-1.68246032528871,-1.54476046015216,0.0412036944557781,0.00071333407068703,33.6962046861327,35.9218523756534,66.7976519008478,45.6176721837742
2011-07-23,-57.9617647058824,-61.4735294117647,0.140667498929472,352.567065355254,0.0811534635041182,66.6130743362869,-57.9391505155601,-61.4613211630531,-1.66222371038316,-1.53729227872995,0.0443148526454825,-0.0573097244256984,33.70981233934,54.0426817661033,66.7976519008478,91.1149225956751
2011-07-24,-57.9617647058824,-61.4735294117647,0.138614176522668,352.057307173566,0.135171357633137,66.6130743362869,-57.9391505155601,-61.4613211630531,-1.6562564165486,-1.54201296852668,0.0142518557839387,-0.00571161517609469,33.7189122147245,61.9253949424033,66.7976519008478,74.2130886016128
2011-07-25,-57.9617647058824,-61.4735294117647,0.138240456762837,351.566351169493,0.123187872649329,66.6130743362869,-57.9391505155601,-61.4613211630531,-1.65688803562751,-1.54633868931115,0.0472505601291393,0.0259073726259745,33.7265297069884,64.3176591296588,66.7976519008478,30.6983368134378
2011-07-26,-57.9617647058824,-61.4735294117647,0.137616547233448,351.221379722037,0.14757155109106,66.6130743362869,-57.9391505155601,-61.4613211630531,-1.66001451578539,-1.54591242118403,0.0730211967991994,0.0647206565920721,33.7315936120737,64.2064580569866,66.7976519008478,11.718878328416
2011-07-27,-57.9617647058824,-61.4735294117647,0.137540274549548,350.757728390577,0.185200140425345,66.6130743362869,-57.9391505155601,-61.4613211630531,-1.66920219532713,-1.54093720266211,0.0394318911187884,0.0509111339153468,33.7344149590826,62.663646297738,66.7976519008478,32.748766634216
2011-07-28,-57.9617647058824,-61.4735294117647,0.137187962034127,350.113336330507,0.157729681467683,66.6130743362869,-57.9391505155601,-61.4613211630531,-1.6749124909863,-1.53978935845307,0.0342812232582675,0.0344047801476098,33.7414664398482,64.2896526326374,66.7976519008478,38.9632474225128
2011-07-29,-57.9617647058824,-61.4735294117647,0.136432050477441,349.763635030607,0.112863942685469,66.6130743362869,-57.9391505155601,-61.4613211630531,-1.68313741458733,-1.5462851484134,0.029364489662422,0.046657488046669,33.745482034207,64.5322356127534,66.7976519008478,41.6295099040908
2011-07-30,-57.9617647058824,-61.4735294117647,0.135546777942559,349.370420502453,0.128426768876635,66.6130743362869,-57.9391505155601,-61.4613211630531,-1.68558581541424,-1.53549247087255,0.0076193308329534,0.0296396093038332,33.7514579917094,65.8081646969444,66.7976519008478,66.5100180361834
2011-07-31,-57.9617647058824,-61.4735294117647,0.135470887328066,348.933636921208,0.152643982752612,66.6130743362869,-57.9391505155601,-61.4613211630531,-1.68787408405953,-1.5267755430237,0.0589604421283713,0.0231051062976542,33.7579591161648,66.8299788463454,66.7976519008478,23.6649021138878
2011-08-01,-57.9617647058824,-61.4735294117647,0.136160476087797,348.843894400248,0.163134537046639,66.6130743362869,-57.9391505155601,-61.4613211630531,-1.69019101924098,-1.53225857719236,0.0431344741037902,0.0203621471891439,33.762874536347,67.0688549922063,66.7976519008478,35.5161226163659
2011-08-02,-57.9617647058824,-61.4735294117647,0.136360475929772,348.574960103849,0.167108059974342,66.6130743362869,-57.9391505155601,-61.4613211630531,-1.69119924282738,-1.53490681091623,0.055025572613304,0.016970103433137,33.7697175009209,67.996148231702,66.7976519008478,28.2559079398693
2011-08-03,-57.9617647058824,-61.4735294117647,0.136405125532935,348.264355543183,0.157526488938346,66.6130743362869,-57.9391505155601,-61.4613211630531,-1.69519852803625,-1.54022634013301,0.0649537668637579,0.0270169121734848,33.7742046093651,68.2131961366908,66.7976519008478,19.0260077931661
2011-08-04,-57.9617647058824,-61.4735294117647,0.136109402812109,348.038020808522,0.15856724087058,66.6130743362869,-57.9391505155601,-61.4613211630531,-1.69890325481271,-1.54540831003434,0.04403067226352,0.0423783070323599,33.7799333528629,68.8567209050723,66.7976519008478,29.7866774859915
2011-08-05,-57.9617647058824,-61.4735294117647,0.135357919171816,347.649214581745,0.161767853423953,66.6130743362869,-57.9391505155601,-61.4613211630531,-1.70127652885138,-1.54418386026272,0.0687378972477195,0.0586136598165138,33.7855963198601,68.637819658246,66.7976519008478,13.3837339727882
2011-08-06,-57.9617647058824,-61.4735294117647,0.134285180852181,347.244852577768,0.162516780061329,66.6130743362869,-57.9391505155601,-61.4613211630531,-1.70978711780749,-1.54116989999969,0.0982605395398722,0.107194514072899,33.788368137581,66.6242568804989,66.7976519008478,16.4313194856267
2011-08-07,-57.9617647058824,-61.4735294117647,0.135346162791659,347.531907988758,0.300690354052477,66.6130743362869,-57.9391505155601,-61.4613211630531,-1.71856359656845,-1.54376418162615,0.094381682403818,0.0826594447377722,33.7872932217864,63.9395753291615,66.7976519008478,7.38627988532064
2011-08-08,-57.9617647058824,-61.4735294117647,0.138535091971479,348.025645186261,0.383982385667722,66.6130743362869,-57.9391505155601,-61.4613211630531,-1.73130674256004,-1.54754295683744,0.107910319252817,0.0691168047085545,33.7867392155162,61.9087145750017,66.7976519008478,1.86853207700681
2011-08-09,-57.9617647058824,-61.4735294117647,0.142603738369738,348.333710088962,0.34534009491525,66.6130743362869,-57.9391505155601,-61.4613211630531,-1.74573816751179,-1.551920567286,0.101112228520365,0.0396732384748707,33.7857383748619,59.31381742063,66.7976519008478,2.90498153122701
2011-08-10,-57.9617647058824,-61.4735294117647,0.146102795331943,348.79225195908,0.208475133040693,66.6130743362869,-57.9391505155601,-61.4613211630531,-1.77032496378972,-1.55707700435932,0.0828653725665993,-0.0203473203929893,33.7653143930371,33.4072671573654,66.7976519008478,34.8438117244559
2011-08-11,-57.9617647058824,-61.4735294117647,0.151272401849671,349.532284248166,0.535924621562405,66.6130743362869,-57.9391505155601,-61.4613211630531,-1.78334487691099,-1.57008258260374,0.0461171332711552,0.0467250323207111,33.7630389081,24.9187143070978,66.7976519008478,27.7947753978114
2011-08-12,-57.9617647058824,-61.4735294117647,0.157699623849334,349.20895906774,0.583109762110725,66.6130743362869,-57.9391505155601,-61.4613211630531,-1.78765849047183,-1.56607769986718,0.0551433635325084,0.0117131770712885,33.7741529024564,39.049278992873,66.7976519008478,30.278179571241
2011-08-13,-57.9617647058824,-61.4735294117647,0.161245587304598,348.78154773247,0.497150846370837,66.6130743362869,-57.9391505155601,-61.4613211630531,-1.7923289360466,-1.56541790556811,0.0654191639470427,0.0672247393129647,33.7777648235944,45.6612112621869,66.7976519008478,15.8944327025716
2011-08-14,-57.9617647058824,-61.4735294117647,0.163838862191613,348.442384673328,0.406960812664205,66.6130743362869,-57.9391505155601,-61.4613211630531,-1.79425345467813,-1.55091193555659,0.0606614062952207,0.0200227780642136,33.7784237417615,48.9348465627343,66.7976519008478,23.6442826035481
2011-08-15,-57.9617647058824,-61.4735294117647,0.166376244731066,347.998543343893,0.436775764177849,66.6130743362869,-57.9391505155601,-61.4613211630531,-1.79809853760337,-1.53800561424853,0.0775277222507959,0.012645618303826,33.7813540624703,50.2461953246803,66.7976519008478,17.8077445129853
2011-08-16,-57.9617647058824,-61.4735294117647,0.168844345775319,347.72491380645,0.376142892532232,66.6130743362869,-57.9391505155601,-61.4613211630531,-1.80326024449949,-1.53193403529091,0.10995147607004,0.0218497701089794,33.7833309147844,50.0011412701626,66.7976519008478,5.79052707150936
2011-08-17,-57.9617647058824,-61.4735294117647,0.171689904408484,347.784128700815,0.399526204277829,66.6130743362869,-57.9391505155601,-61.4613211630531,-1.80678507094441,-1.54215794246689,0.17394973808716,0.0228695249871204,33.7843728728301,49.2163499685434,66.7976519008478,19.3258239711956
2011-08-18,-57.9617647058824,-61.4735294117647,0.176274266093969,348.136894412157,0.507265627384186,66.6130743362869,-57.9391505155601,-61.4613211630531,-1.80375842768171,-1.57031445931166,0.126080570629372,0.0679314838377972,33.7867945157565,50.0371784925783,66.7976519008478,1.10048237470354
2011-08-19,-57.9617647058824,-61.4735294117647,0.182239819590638,348.285352381264,0.662224676914331,66.6130743362869,-57.9391505155601,-61.4613211630531,-1.80673367243547,-1.58050788832419,0.0630271057981631,0.0689322930256687,33.7865741899622,50.2134527394324,66.7976519008478,17.4714109868806
2011-08-20,-57.9617647058824,-61.4735294117647,0.188344129520219,348.111875952744,0.467509323503913,66.6130743362869,-57.9391505155601,-61.4613211630531,-1.80893594533326,-1.56630339651455,0.107444922380682,0.0329336316026898,33.7868295636093,51.2978690040578,66.7976519008478,3.10183340035712
2011-08-21,-57.9617647058824,-61.4735294117647,0.192182221427196,348.135626071837,0.354513923296841,66.6130743362869,-57.9391505155601,-61.4613211630531,-1.8197703884359,-1.5580304500706,0.121752790322429,0.0509465536939712,33.7833348427385,46.7027944083478,66.7976519008478,0.0659349510654307
2011-08-22,-57.9617647058824,-61.4735294117647,0.199390663697225,348.613580098966,0.736844452961189,66.6130743362869,-57.9391505155601,-61.4613211630531,-1.82930896639341,-1.55894971360401,0.129920713447648,0.0310506269375966,33.7786891129014,41.8599884970146,66.7976519008478,3.15953269221428
2011-08-23,-57.9617647058824,-61.4735294117647,0.209083926659532,349.032427531917,0.792696618997469,66.6130743362869,-57.9391505155601,-61.4613211630531,-1.82348994140522,-1.56731985615976,0.171391290113551,0.0362260061317449,33.7817038820501,43.00927199365,66.7976519008478,14.6835485685413
2011-08-24,-57.9617647058824,-61.4735294117647,0.213871069615934,349.699022618736,0.844604510359648,66.6130743362869,-57.9391505155601,-61.4613211630531,-1.81899247574903,-1.57728099790823,0.158767088357857,0.111573364108037,33.781386737077,43.5347999400295,66.7976519008478,23.8189579332334
2011-08-25,-57.9617647058824,-61.4735294117647,0.213029283303313,349.564714757408,0.802077350093097,66.6130743362869,-57.9391505155601,-61.4613211630531,-1.80631950863621,-1.58228627872853,0.106972935505201,0.118828614743856,33.7807586711106,46.3409792389143,66.7976519008478,21.7252079032273
2011-08-26,-57.9617647058824,-61.4735294117647,0.215562173869552,349.472175039896,0.902178603338032,66.6130743362869,-57.9391505155601,-61.4613211630531,-1.80807895747274,-1.56857931099118,0.115714985434866,0.0826446178310152,33.7782648423744,45.4009183479546,66.7976519008478,4.1299567763107
2011-08-27,-57.9617647058824,-61.4735294117647,0.221928885706314,349.416373276129,1.07996909084117,66.6130743362869,-57.9391505155601,-61.4613211630531,-1.8130607635547,-1.55733276523559,0.14654485790333,0.0579901102643747,33.7786519646484,44.0582686165566,66.7976519008478,3.51503532147721
2011-08-28,-57.9617647058824,-61.4735294117647,0.231121512629637,349.419067754978,1.20357605778589,66.6130743362869,-57.9391505155601,-61.4613211630531,-1.81817897772178,-1.55745879326433,0.107306538690158,0.0539588664536454,33.7792244420843,43.1317991328786,66.7976519008478,0.843683384898006
2011-08-29,-57.9617647058824,-61.4735294117647,0.242413400331648,349.043357663038,1.33357195701541,66.6130743362869,-57.9391505155601,-61.4613211630531,-1.8175117712111,-1.55492135065931,0.11890027743944,0.0324525838861099,33.7851551328754,45.1410375033956,66.7976519008478,2.3900090629932
2011-08-30,-57.9617647058824,-61.4735294117647,0.252955731640502,348.677506981826,1.23331114359018,66.6130743362869,-57.9391505155601,-61.4613211630531,-1.81984749014078,-1.54818792124348,0.149978910827967,0.0701612707594467,33.7919280738161,47.2001103865795,66.7976519008478,5.6688030668196
2011-08-31,-57.9617647058824,-61.4735294117647,0.263145633768745,348.527791837367,1.18665199345205,66.6130743362869,-57.9391505155601,-61.4613211630531,-1.8249785514013,-1.54708661997688,0.157636132468337,0.0736430989837276,33.7949037281608,47.7279034574666,66.7976519008478,8.84898316802433
2011-09-01,-57.9617647058824,-61.4735294117647,0.276099936082596,348.625714930092,0.952888803692853,66.6130743362869,-57.9391505155601,-61.4613211630531,-1.826710323734,-1.55204330282173,0.168799069728929,0.0177130909402843,33.7960548349399,47.6760096762344,66.7976519008478,18.4469358513549
2011-09-02,-57.9617647058824,-61.4735294117647,0.29232427405148,349.048089004144,1.29830651257823,66.6130743362869,-57.9391505155601,-61.4613211630531,-1.82309949928932,-1.56878276859057,0.176478531895339,0.041831362610444,33.7944136039126,43.9884591070425,66.7976519008478,16.5580487058011
2011-09-03,-57.9617647058824,-61.4735294117647,0.323472619783588,350.04810537943,1.879865978004,66.6130743362869,-57.9391505155601,-61.4613211630531,-1.82640983009467,-1.57329258745016,0.134592804600272,0.000340192851468458,33.7893148980803,38.9634070441469,66.7976519008478,15.5653778075456
2011-09-04,-57.9617647058824,-61.4735294117647,0.366479175301587,350.950453223252,2.44216566914465,66.6130743362869,-57.9391505155601,-61.4613211630531,-1.83072146680834,-1.57608620583126,0.0980290765151402,-0.00043903821614268,33.7825419674357,31.3387216266833,66.7976519008478,17.44452266507
2011-09-05,-57.9617647058824,-61.4735294117647,0.415190542979938,351.462540045017,3.5589581858821,66.6130743362869,-57.9391505155601,-61.4613211630531,-1.84586359051719,-1.57736460609153,0.0822451177195177,0.0408091366029622,33.7683599834983,18.1669569568917,66.7976519008478,8.14424182964874
2011-09-06,-57.9617647058824,-61.4735294117647,0.448717588513363,351.662374729063,2.75890823035705,66.6130743362869,-57.9391505155601,-61.4613211630531,-1.83267168509654,-1.57837076949687,0.050923489667626,0.0651489864788477,33.779749696554,29.616134946002,66.7976519008478,24.6520022701177
2011-09-07,-57.9617647058824,-61.4735294117647,0.467786912692756,351.873569395484,2.74703086004025,66.6130743362869,-57.9391505155601,-61.4613211630531,-1.83117121578711,-1.5835424413887,0.0921362448589281,0.0664216204974976,33.7824267079795,34.4051936055645,66.7976519008478,4.70204707897587
2011-09-08,-57.9617647058824,-61.4735294117647,0.458830737304397,350.725534578649,2.45669455571872,66.6130743362869,-57.9391505155601,-61.4613211630531,-1.82497361073127,-1.58687682592595,0.0662404038112575,0.054477804650863,33.7894404845038,41.8083006682505,66.7976519008478,14.6084369653347
2011-09-09,-57.9617647058824,-61.4735294117647,0.463320953635181,350.136227491425,2.36251972070554,66.6130743362869,-57.9391505155601,-61.4613211630531,-1.82632976730182,-1.58316065087492,0.0999425584035605,0.0314954311691235,33.7916913309239,42.3525681412011,66.7976519008478,4.66436643167199
2011-09-10,-57.9617647058824,-61.4735294117647,0.469366896261529,349.811170996689,2.23088125593779,66.6130743362869,-57.9391505155601,-61.4613211630531,-1.82682201672501,-1.57460311244213,0.118127636078559,0.0480775666120242,33.7957378083717,43.4991745401812,66.7976519008478,0.21525757439637
2011-09-11,-57.9617647058824,-61.4735294117647,0.479350339893888,349.731312821551,2.26114645636663,66.6130743362869,-57.9391505155601,-61.4613211630531,-1.83324993107161,-1.56836885221896,0.12918349150342,-0.0111934150620672,33.7940945799051,40.5894136853546,66.7976519008478,21.8234816036807
2011-09-12,-57.9617647058824,-61.4735294117647,0.490086776272553,349.915868619593,1.54198371128338,66.6130743362869,-57.9391505155601,-61.4613211630531,-1.82308664946099,-1.55483939113565,0.147773835194698,-0.0703161285433531,33.7977909134467,41.1688947252899,66.7976519008478,81.3864084943242
2011-09-13,-57.9617647058824,-61.4735294117647,0.518771833581169,350.478786189382,3.08340130673676,66.6130743362869,-57.9391505155601,-61.4613211630531,-1.82399503727834,-1.55285013075943,0.110976173342601,0.0190911603872834,33.796827159269,37.740813384011,66.7976519008478,6.62224879616885
2011-09-14,-57.9617647058824,-61.4735294117647,0.567809446555812,351.24543427258,2.8582766481289,66.6130743362869,-57.9391505155601,-61.4613211630531,-1.82491331480132,-1.54680161694927,0.10599519021799,-0.0630987686445678,33.7936270401063,32.4081051784006,66.7976519008478,69.9009327707235
2011-09-15,-57.9617647058824,-61.4735294117647,0.616884223026473,352.188163571241,2.97092864789614,66.6130743362869,-57.9391505155601,-61.4613211630531,-1.82348994027909,-1.54345899394006,0.122093807000984,-0.0348800616276007,33.7787819011652,27.3185977073494,66.7976519008478,39.7561852482148
2011-09-16,-57.9617647058824,-61.4735294117647,0.661336776686878,353.168618551115,2.484481078459,66.6130743362869,-57.9391505155601,-61.4613211630531,-1.81651640163581,-1.54643753424347,0.111934149967112,-0.0659776403645353,33.76669619891,18.2728039874078,66.7976519008478,72.648546561091
2011-09-17,-57.9617647058824,-61.4735294117647,0.695466987970399,353.58976112924,3.74673750633147,66.6130743362869,-57.9391505155601,-61.4613211630531,-1.80189914484577,-1.54612658380979,0.107480341988376,0.0230639208002612,33.7805877819396,29.2285787270941,66.7976519008478,5.6903264494156
2011-09-18,-57.9617647058824,-61.4735294117647,0.731802437545323,353.994970926424,4.65790009353219,66.6130743362869,-57.9391505155601,-61.4613211630531,-1.80366353499584,-1.54298083051818,0.103870014530605,0.0556408850810467,33.7760595303637,29.06610162892,66.7976519008478,1.35789070884507
2011-09-19,-57.9617647058824,-61.4735294117647,0.768622420909928,354.480238007336,4.33260503629359,66.6130743362869,-57.9391505155601,-61.4613211630531,-1.79961878101514,-1.54456276610474,0.0815935619678172,0.0735220136560811,33.774061993227,30.4149292393735,66.7976519008478,9.34101536146408
2011-09-20,-57.9617647058824,-61.4735294117647,0.780129511908787,354.095456379216,3.77820640584318,66.6130743362869,-57.9391505155601,-61.4613211630531,-1.7931928445614,-1.54312621453191,0.0549086056368151,0.0347062584148486,33.7754642368167,33.8298311671104,66.7976519008478,23.2893477618065
2011-09-21,-57.9617647058824,-61.4735294117647,0.764491310570298,353.094339882455,3.34569206179642,66.6130743362869,-57.9391505155601,-61.4613211630531,-1.78006123488973,-1.55485216133025,0.113635114144016,0.0886173497096167,33.7797680081304,35.2138723870199,66.7976519008478,6.11981612195203
2011-09-22,-57.9617647058824,-61.4735294117647,0.735069648158259,352.173250524009,3.302032229377,66.6130743362869,-57.9391505155601,-61.4613211630531,-1.77975876852568,-1.55746167600557,0.137281398456066,0.12707808491109,33.7837835458609,39.8077113760306,66.7976519008478,27.9471156667971
2011-09-23,-57.9617647058824,-61.4735294117647,0.730604507574221,352.302930506264,3.28808967223982,66.6130743362869,-57.9391505155601,-61.4613211630531,-1.7905368693927,-1.5656567818401,0.16161960140675,0.0956955021561479,33.7818375560436,39.3357247637029,66.7976519008478,17.1193450263394
2011-09-24,-57.9617647058824,-61.4735294117647,0.749224893567039,352.973512975181,2.87471166035024,66.6130743362869,-57.9391505155601,-61.4613211630531,-1.78175841157253,-1.56614647767483,0.205574491964942,-0.00543320093017358,33.7806453267251,37.7669662920891,66.7976519008478,54.1881963595234
2011-09-25,-57.9617647058824,-61.4735294117647,0.789486668822242,353.861773235042,4.55832469972168,66.6130743362869,-57.9391505155601,-61.4613211630531,-1.77545899458421,-1.571227131424,0.16807008572878,0.0846750665601851,33.7838640714947,36.9714667826046,66.7976519008478,16.0353171232218
2011-09-26,-57.9617647058824,-61.4735294117647,0.800046715431097,353.58271268519,3.46893127298937,66.6130743362869,-57.9391505155601,-61.4613211630531,-1.77622900076723,-1.58000089346799,0.196383519326909,0.107509171738517,33.7937135426139,43.5967842982366,66.7976519008478,43.1203781002348
2011-09-27,-57.9617647058824,-61.4735294117647,0.714038131077115,350.544115020008,2.82581004863832,66.6130743362869,-57.9391505155601,-61.4613211630531,-1.75389488698983,-1.59156209592394,0.146589338065561,0.170385538284917,33.8113429729755,50.6318982287779,66.7976519008478,70.8699822610833
2011-09-28,-57.9617647058824,-61.4735294117647,0.671684839740032,349.144694630693,1.96327573424432,66.6130743362869,-57.9391505155601,-61.4613211630531,-1.73958899456802,-1.58620838195528,0.139382686586636,0.13564550779589,33.826021588283,54.9541183258036,66.7976519008478,34.9308309503568
2011-09-29,-57.9617647058824,-61.4735294117647,0.66581932909605,348.971278492997,2.30719189818312,66.6130743362869,-57.9391505155601,-61.4613211630531,-1.75308929699474,-1.57637244535361,0.106678870746642,0.131730407199919,33.8256695035659,53.5010913727898,66.7976519008478,30.9261208914549
2011-09-30,-57.9617647058824,-61.4735294117647,0.689042944006804,349.356095104683,2.97206199169159,66.6130743362869,-57.9391505155601,-61.4613211630531,-1.76183711396538,-1.58041727880717,0.0671827299633489,0.103277766310413,33.829503938415,54.6991797265736,66.7976519008478,26.111408429872
2011-10-01,-57.9617647058824,-61.4735294117647,0.723888608013711,349.667712327911,3.23040061689368,66.6130743362869,-57.9391505155601,-61.4613211630531,-1.77551830104488,-1.58761075279812,0.0882219679291673,0.106271957186794,33.8336966356285,54.6303997799131,66.7976519008478,18.6629030298333
2011-10-02,-57.9617647058824,-61.4735294117647,0.765615171775585,350.080480063834,4.14524477011547,66.6130743362869,-57.9391505155601,-61.4613211630531,-1.78843047358246,-1.58475411951783,0.0841363595494455,0.0955991278403764,33.8364828009354,52.6359882985371,66.7976519008478,15.0762678353971
2011-10-03,-57.9617647058824,-61.4735294117647,0.807491511833377,350.543959454792,4.60407656690151,66.6130743362869,-57.9391505155601,-61.4613211630531,-1.79751139855095,-1.57771179824062,0.0763003919298752,0.105782672596967,33.8412870440567,51.3100187144621,66.7976519008478,22.943619632547
2011-10-04,-57.9617647058824,-61.4735294117647,0.848676546317775,351.102458302568,5.15275384267656,66.6130743362869,-57.9391505155601,-61.4613211630531,-1.80413799392067,-1.56946850402152,0.0555239181397495,0.0977926715987253,33.8455847149436,51.1166524771254,66.7976519008478,30.4454217016623
2011-10-05,-57.9617647058824,-61.4735294117647,0.89381686652579,351.767979319503,5.66038087700925,66.6130743362869,-57.9391505155601,-61.4613211630531,-1.80807994493106,-1.5706184058376,0.041615550440212,0.0821355642265717,33.8495509035674,50.6246907534065,66.7976519008478,34.8324692926
2011-10-06,-57.9617647058824,-61.4735294117647,0.94794073846282,352.740505311547,6.91401255675932,66.6130743362869,-57.9391505155601,-61.4613211630531,-1.80964071161834,-1.56293729780174,0.108454792540365,0.092142010844148,33.8507370633474,45.4824657787678,66.7976519008478,7.87156890036294
2011-10-07,-57.9617647058824,-61.4735294117647,1.00806011077834,353.782616592035,6.10992926141111,66.6130743362869,-57.9391505155601,-61.4613211630531,-1.81053724012233,-1.55472283710835,0.138603455498915,0.0666637919621992,33.8492255526194,43.399093533978,66.7976519008478,2.44427895812446
2011-10-08,-57.9617647058824,-61.4735294117647,1.04812328190338,354.569537651248,4.96012012987602,66.6130743362869,-57.9391505155601,-61.4613211630531,-1.80855835738935,-1.56484913085958,0.167317212995408,0.0408083129166431,33.8427615300847,36.4749747287889,66.7976519008478,11.9628307579332
2011-10-09,-57.9617647058824,-61.4735294117647,1.06563437966312,355.4328583508,3.65885051285348,66.6130743362869,-57.9391505155601,-61.4613211630531,-1.80320884389916,-1.58151817160901,0.153566174284529,0.0226117031907665,33.8367834670341,35.4844616466527,66.7976519008478,10.5473379797815
2011-10-10,-57.9617647058824,-61.4735294117647,1.12371698021889,356.634197328149,8.49009101274537,66.6130743362869,-57.9391505155601,-61.4613211630531,-1.80381377891973,-1.60342518585092,0.13596098910258,0.047922708712488,33.8257025488314,28.4569670487995,66.7976519008478,1.42901786255118
2011-10-11,-57.9617647058824,-61.4735294117647,1.23301138092832,358.225073465487,11.091574683422,66.6130743362869,-57.9391505155601,-61.4613211630531,-1.80213242117693,-1.61939983779763,0.109783439129068,0.0820012990179171,33.8226321448199,28.1643434851437,66.7976519008478,4.39693839964896
2011-10-12,-57.9617647058824,-61.4735294117647,1.31107220562493,359.341289613305,7.88731678375384,66.6130743362869,-57.9391505155601,-61.4613211630531,-1.79699344931022,-1.62905702883737,0.12000652172888,0.0658820897049186,33.8214233491102,31.1610058914473,66.7976519008478,0.67444355785864
2011-10-13,-57.9617647058824,-61.4735294117647,1.34944076145568,359.992315524962,7.64776786943761,66.6130743362869,-57.9391505155601,-61.4613211630531,-1.7868944152325,-1.63163524407607,0.13199070040212,0.0455784259235811,33.817514859713,31.1673895916958,66.7976519008478,1.0620662106969
2011-10-14,-57.9617647058824,-61.4735294117647,1.43682041691571,361.003734309499,13.8154941768181,66.6130743362869,-57.9391505155601,-61.4613211630531,-1.78499362166272,-1.62596646526404,0.0615963187677014,0.0544242632553967,33.8086847776343,25.5871561310391,66.7976519008478,17.2264105094581
2011-10-15,-57.9617647058824,-61.4735294117647,1.56488464809046,362.405703660918,16.6359071091908,66.6130743362869,-57.9391505155601,-61.4613211630531,-1.7894248565038,-1.62023343457545,0.0911082529315823,0.0406139171236118,33.8026367681712,22.7638850051221,66.7976519008478,5.19128546252608
2011-10-16,-57.9617647058824,-61.4735294117647,1.67601093431798,363.553986340034,17.2089455680149,66.6130743362869,-57.9391505155601,-61.4613211630531,-1.77172461614596,-1.61396416478794,0.132155442266007,0.00373717894156774,33.7902194034715,18.6253525416056,66.7976519008478,13.4721948961453
2011-10-17,-57.9617647058824,-61.4735294117647,1.71271057463274,363.772070163634,16.7803427795085,66.6130743362869,-57.9391505155601,-61.4613211630531,-1.73520718106696,-1.61683644489077,0.152803417526477,0.0584250298528536,33.7890517303014,24.5198319096636,66.7976519008478,5.37101247745809
2011-10-18,-57.9617647058824,-61.4735294117647,1.74834122599625,364.066300554973,11.2129213809967,66.6130743362869,-57.9391505155601,-61.4613211630531,-1.70339083028065,-1.61400699695917,0.136691621098763,0.018054107689222,33.7840785748563,26.8612319068548,66.7976519008478,7.90311316006156
2011-10-19,-57.9617647058824,-61.4735294117647,1.75775858105683,363.882414654988,14.2653408166839,66.6130743362869,-57.9391505155601,-61.4613211630531,-1.67504395582737,-1.60835304273124,0.147320794130144,-0.0112411903617112,33.7789078685436,27.9188774291642,66.7976519008478,25.1121374639117
2011-10-20,-57.9617647058824,-61.4735294117647,1.77430561548326,363.734680175781,14.5115646792621,66.6130743362869,-57.9391505155601,-61.4613211630531,-1.64836460199112,-1.61272118352203,0.158496087278753,0.0347515626052613,33.7797871794295,32.4336401750202,66.7976519008478,9.20264582514154
2011-10-21,-57.9617647058824,-61.4735294117647,1.85248346590414,364.477891503311,16.2106939670516,66.6130743362869,-57.9391505155601,-61.4613211630531,-1.62135114698758,-1.61582369312101,0.125598699095761,0.0459392116167526,33.7776824601105,34.3920142911224,66.7976519008478,0.487902408314669
2011-10-22,-57.9617647058824,-61.4735294117647,1.95147769916348,365.494189378692,14.7202292477212,66.6130743362869,-57.9391505155601,-61.4613211630531,-1.60208124203881,-1.62076719875439,0.11150499606221,0.0562347812118077,33.774113746468,33.8897561782446,66.7976519008478,0.405387152576104
2011-10-23,-57.9617647058824,-61.4735294117647,1.94081980426137,365.265083126905,10.0447351888912,66.6130743362869,-57.9391505155601,-61.4613211630531,-1.57499761040877,-1.62262384000256,0.15315596567776,0.0638013945769282,33.7759114830439,36.1971779577484,66.7976519008478,5.85408789152071
2011-10-24,-57.9617647058824,-61.4735294117647,1.95892863520762,365.239795591773,14.5288156358207,66.6130743362869,-57.9391505155601,-61.4613211630531,-1.55179958851875,-1.62883709879861,0.133213087685115,0.0858579162664098,33.7801082729489,39.1876624824225,66.7976519008478,5.82321192032655
2011-10-25,-57.9617647058824,-61.4735294117647,1.99943886515571,365.532275316192,9.85120341545198,66.6130743362869,-57.9391505155601,-61.4613211630531,-1.53940240252517,-1.62542322708367,0.121958718488091,0.0328051325200219,33.7820830351589,40.8177875706702,66.7976519008478,2.31789394189445
2011-10-26,-57.9617647058824,-61.4735294117647,1.97126915614779,365.012768629121,12.6660649660157,66.6130743362869,-57.9391505155601,-61.4613211630531,-1.5142185781327,-1.61683397447532,0.153393194622356,0.0644315338156886,33.7839034025164,42.4131107304582,66.7976519008478,5.99436785520973
2011-10-27,-57.9617647058824,-61.4735294117647,2.01340201206324,365.12157272711,12.9180433808303,66.6130743362869,-57.9391505155601,-61.4613211630531,-1.45686750405552,-1.59802946355822,0.150507733849218,0.0384195497442997,33.7813518333692,42.225098573888,66.7976519008478,5.82117232839142
2011-10-28,-57.9617647058824,-61.4735294117647,2.09971934702338,365.834559370832,15.3232541811175,66.6130743362869,-57.9391505155601,-61.4613211630531,-1.38635219921146,-1.58032831875419,0.124751100027569,0.0198819234655534,33.7739261107245,39.0507204477925,66.7976519008478,6.01258838956344
2011-10-29,-57.9617647058824,-61.4735294117647,2.19867621035111,366.853166905845,17.9510384536371,66.6130743362869,-57.9391505155601,-61.4613211630531,-1.33270288422684,-1.57650341839604,0.113868224491113,0.0249090345221975,33.7637924163448,34.3613309486997,66.7976519008478,4.51712451334344
2011-10-30,-57.9617647058824,-61.4735294117647,2.16864522201259,366.72881075231,12.8607438977172,66.6130743362869,-57.9391505155601,-61.4613211630531,-1.33332956352054,-1.58553705942615,0.130699120753529,0.104775273486188,33.7720377171731,38.2506906970149,66.7976519008478,13.294652206258
2011-10-31,-57.9617647058824,-61.4735294117647,2.18019098843016,366.611162883479,14.4932667394964,66.6130743362869,-57.9391505155601,-61.4613211630531,-1.31388964231519,-1.58755597267074,0.13543957985646,0.0595485724247338,33.7726781384343,39.354258210392,66.7976519008478,1.28638798493462
2011-11-01,-57.9617647058824,-61.4735294117647,2.21864980895345,366.757801707198,18.4991385529681,66.6130743362869,-57.9391505155601,-61.4613211630531,-1.27897152654555,-1.5894529816271,0.120913428409018,0.0925826964379563,33.7758740928331,42.0632392970817,66.7976519008478,7.34068306978564
2011-11-02,-57.9617647058824,-61.4735294117647,2.25579347843077,367.094680413967,16.0916721646379,66.6130743362869,-57.9391505155601,-61.4613211630531,-1.22915939015416,-1.56941208424356,0.0880687577290493,0.00515808113291357,33.7734565117099,39.3583766767371,66.7976519008478,17.2525119825981
2011-11-03,-57.9617647058824,-61.4735294117647,2.25514030674609,367.29497248952,16.6156282483078,66.6130743362869,-57.9391505155601,-61.4613211630531,-1.19180868600222,-1.55751521786858,0.135435461771754,0.0397852633937731,33.7772558523737,38.9699967457698,66.7976519008478,2.1957731445845
2011-11-04,-57.9617647058824,-61.4735294117647,2.24893264872272,367.256506570956,14.9547808809978,66.6130743362869,-57.9391505155601,-61.4613211630531,-1.15434134915451,-1.55033945699452,0.147447645402791,0.0568558595994143,33.7816482626314,40.1264876354079,66.7976519008478,3.72036588886654
2011-11-05,-57.9617647058824,-61.4735294117647,2.20915049605253,366.944912421994,13.0628042075692,66.6130743362869,-57.9391505155601,-61.4613211630531,-1.10370187576001,-1.54668382433584,0.140572126215769,0.0337392213514298,33.7879084485423,41.5309157789799,66.7976519008478,4.16414976035783
2011-11-06,-57.9617647058824,-61.4735294117647,2.15326903433335,366.635372999238,13.9538909516683,66.6130743362869,-57.9391505155601,-61.4613211630531,-1.06286291772055,-1.5543945863662,0.120958732639649,0.00880465181431307,33.7909768190783,41.486435397273,66.7976519008478,10.3383691917969
2011-11-07,-57.9617647058824,-61.4735294117647,2.13871805987707,366.897238010313,19.022927836674,66.6130743362869,-57.9391505155601,-61.4613211630531,-1.03523464941303,-1.56559706506459,0.127052549845897,0.0702732954370348,33.7972534735676,44.2425740920259,66.7976519008478,1.50877607798503
2011-11-08,-57.9617647058824,-61.4735294117647,2.1515640718181,367.680471280726,17.4012614633979,66.6130743362869,-57.9391505155601,-61.4613211630531,-0.972119899976913,-1.57095942596997,0.132936320831941,0.0332235779296531,33.7990410221733,43.5770150839719,66.7976519008478,3.01437823744268
2011-11-09,-57.9617647058824,-61.4735294117647,2.11284984321129,368.03605354123,12.1850604138723,66.6130743362869,-57.9391505155601,-61.4613211630531,-0.927788736929617,-1.57804622469965,0.142048216994233,0.0242854848594559,33.7989010418314,42.2308646393852,66.7976519008478,6.86231643407231
2011-11-10,-57.9617647058824,-61.4735294117647,2.01381449946543,367.63116380645,9.45824997599532,66.6130743362869,-57.9391505155601,-61.4613211630531,-0.910980081509965,-1.58881089964055,0.160061962756752,0.039034038495559,33.7978693901608,41.8144785357229,66.7976519008478,9.06888730981793
2011-11-11,-57.9617647058824,-61.4735294117647,1.94017746971875,367.275237292778,11.1600937610719,66.6130743362869,-57.9391505155601,-61.4613211630531,-0.902523860516336,-1.59448421178398,0.16148286515422,0.0632165594380877,33.7988249332155,43.0302766074053,66.7976519008478,8.88324553996957
2011-11-12,-57.9617647058824,-61.4735294117647,1.84543009247722,366.172719815882,10.0187597449233,66.6130743362869,-57.9391505155601,-61.4613211630531,-0.880839161504457,-1.59098714630292,0.206791113765455,0.0564003472396156,33.80106749644,45.1974615619572,66.7976519008478,37.4325861287303
2011-11-13,-57.9617647058824,-61.4735294117647,1.77454100113089,365.129344288896,11.1180742775522,66.6130743362869,-57.9391505155601,-61.4613211630531,-0.855798663800223,-1.5893874980821,0.170421781402971,0.0396015757943696,33.8038207091461,47.8193353403274,66.7976519008478,13.6406781568978
2011-11-14,-57.9617647058824,-61.4735294117647,1.75318008443204,365.028146139005,15.0704192940782,66.6130743362869,-57.9391505155601,-61.4613211630531,-0.821114810251514,-1.58440157340767,0.159247311820023,0.0946337382149519,33.8072803152396,49.9523361736303,66.7976519008478,15.7328998547665
2011-11-15,-57.9617647058824,-61.4735294117647,1.73720398290855,365.664576460676,20.8495965701778,66.6130743362869,-57.9391505155601,-61.4613211630531,-0.724469733061256,-1.57272752254759,0.111366612452124,0.0281890534749317,33.8048729735669,42.6250105856562,66.7976519008478,3.79982858668469
2011-11-16,-57.9617647058824,-61.4735294117647,1.71624811175393,366.93670393781,22.7407577968225,66.6130743362869,-57.9391505155601,-61.4613211630531,-0.588220279980526,-1.56849034659454,0.0913133573355141,0.0487554810549084,33.8000831346602,26.2078227700814,66.7976519008478,4.35112548930422
2011-11-17,-57.9617647058824,-61.4735294117647,1.67560906998995,368.150573358303,23.3712111449823,66.6130743362869,-57.9391505155601,-61.4613211630531,-0.398255285021425,-1.56260781442588,0.0936634059336826,0.0313249229178255,33.7993438247084,18.4095400747178,66.7976519008478,6.17829856076913
2011-11-18,-57.9617647058824,-61.4735294117647,1.54947987489584,366.142637671494,9.81315290637133,66.6130743362869,-57.9391505155601,-61.4613211630531,-0.535440803519306,-1.55294073818505,0.0771471676385274,-0.0554020088140862,33.794780448059,29.4017640820399,66.7976519008478,69.4490042372257
2011-11-19,-57.9617647058824,-61.4735294117647,1.44264819672922,364.42854309082,11.5090101230435,66.6130743362869,-57.9391505155601,-61.4613211630531,-0.537306016705699,-1.55828950714003,0.0942021132460651,0.0259848016084206,33.7858884865456,28.8006606172775,66.7976519008478,7.40425304106244
2011-11-20,-57.9617647058824,-61.4735294117647,1.41986638671014,364.802092389363,14.7335245144076,66.6130743362869,-57.9391505155601,-61.4613211630531,-0.525357586863311,-1.56201803555534,0.0672634537664824,0.0465487581545766,33.7932195058558,36.4698264885206,66.7976519008478,14.3586759981509
2011-11-21,-57.9617647058824,-61.4735294117647,1.37477066531414,364.788804589248,12.9282394211467,66.6130743362869,-57.9391505155601,-61.4613211630531,-0.547694665368511,-1.56406413704438,0.0317260704924542,0.0112049469570962,33.7950481152245,41.6042260840515,66.7976519008478,48.4938113412531
2011-11-22,-57.9617647058824,-61.4735294117647,1.3426323565768,364.859869980231,13.9233732572416,66.6130743362869,-57.9391505155601,-61.4613211630531,-0.539258211177451,-1.56043198330682,0.0870078173937344,0.0690031324522054,33.798402670424,44.6373378094713,66.7976519008478,6.62451049711142
2011-11-23,-57.9617647058824,-61.4735294117647,1.33109216537417,365.553371150319,14.2293483629459,66.6130743362869,-57.9391505155601,-61.4613211630531,-0.48678910999726,-1.55883233347724,0.141337354067969,0.0699388685657589,33.7984850339079,43.1437429384342,66.7976519008478,3.44173811395136
2011-11-24,-57.9617647058824,-61.4735294117647,1.30736966794584,366.530603920541,18.1005302347788,66.6130743362869,-57.9391505155601,-61.4613211630531,-0.261035170501623,-1.55172987907683,0.105323865512001,0.0269485439215353,33.7969014145906,28.1042125202544,66.7976519008478,4.85302911686271
2011-11-25,-57.9617647058824,-61.4735294117647,1.2630913817301,366.792607377215,14.4341204573468,66.6130743362869,-57.9391505155601,-61.4613211630531,-0.288296725093192,-1.53917610564856,0.065122627682089,0.00136488989277085,33.7942346683559,34.1416059499167,66.7976519008478,29.2141772408398
2011-11-26,-57.9617647058824,-61.4735294117647,1.21705945490337,366.628026450553,14.4502644945936,66.6130743362869,-57.9391505155601,-61.4613211630531,-0.244614977062794,-1.53063421854284,0.0840894078305456,0.00135582903156235,33.7915473248151,34.2754590990733,66.7976519008478,20.5536892333533
2011-11-27,-57.9617647058824,-61.4735294117647,1.18216192940386,366.741947825362,14.6691677919248,66.6130743362869,-57.9391505155601,-61.4613211630531,-0.1557302506447,-1.52642216824005,0.118019730043717,0.000752872270852448,33.786815185135,29.8323592418923,66.7976519008478,14.3470240537939
2011-11-28,-57.9617647058824,-61.4735294117647,1.1644064911255,367.303911534751,17.2848908552309,66.6130743362869,-57.9391505155601,-61.4613211630531,0.0372831359023025,-1.52278877881214,0.109674709201784,0.0467225612014251,33.7825134112607,19.0812767816459,66.7976519008478,0.848631804122389
2011-11-29,-57.9617647058824,-61.4735294117647,1.15407392637032,367.509195095155,17.0592719868916,66.6130743362869,-57.9391505155601,-61.4613211630531,0.136654368286271,-1.52915483302916,0.113710895623112,0.046360951857126,33.7776720559227,12.2284089807878,66.7976519008478,0.529477423116237
2011-11-30,-57.9617647058824,-61.4735294117647,1.14290729237766,365.714349514101,12.4273302322481,66.6130743362869,-57.9391505155601,-61.4613211630531,-0.0467413632593818,-1.54996590398745,0.151052206860259,0.11989861594038,33.7803284854863,31.8708392862688,66.7976519008478,26.2653745811113
2011-12-01,-57.9617647058824,-61.4735294117647,1.15370776195352,364.071257428425,10.454535484314,66.6130743362869,-57.9391505155601,-61.4613211630531,-0.174360626752962,-1.55864452591792,0.112084889163574,0.109757904204642,33.7886664819138,45.7339037343075,66.7976519008478,15.7305666906997
2011-12-02,-57.9617647058824,-61.4735294117647,1.17912283612461,363.457523252906,10.0277101702806,66.6130743362869,-57.9391505155601,-61.4613211630531,-0.149407111983068,-1.55787188546699,0.133102710435466,0.0788604873917524,33.7893852202998,45.363233546979,66.7976519008478,3.84359148032376
2011-12-03,-57.9617647058824,-61.4735294117647,1.2073989703161,363.465643161681,12.9710812859419,66.6130743362869,-57.9391505155601,-61.4613211630531,-0.0711690206658824,-1.55235713567489,0.115328664857487,0.0662552309140824,33.7904828440966,40.3227368726743,66.7976519008478,0.84125997035592
2011-12-04,-57.9617647058824,-61.4735294117647,1.2158229878036,363.302064849109,12.0316078401193,66.6130743362869,-57.9391505155601,-61.4613211630531,0.000344619376134937,-1.53486851062852,0.146075342091834,0.00606581122286407,33.7907197053938,37.6172566484665,66.7976519008478,14.9426575852545
2011-12-05,-57.9617647058824,-61.4735294117647,1.20528429673939,362.814933962938,8.99613063800626,66.6130743362869,-57.9391505155601,-61.4613211630531,0.0187130554223511,-1.53095958396973,0.154451663793139,0.0249576333975583,33.7879808557178,34.4935366608675,66.7976519008478,10.1306933144658
2011-12-06,-57.9617647058824,-61.4735294117647,1.20927691605033,362.4026195247,11.4759894347772,66.6130743362869,-57.9391505155601,-61.4613211630531,0.0543082634567732,-1.5330188623485,0.156766293226024,0.03625565978941,33.7856003713672,31.1237329400664,66.7976519008478,8.27447928974822
2011-12-07,-57.9617647058824,-61.4735294117647,1.20157552383295,361.578438363424,9.12284965340684,66.6130743362869,-57.9391505155601,-61.4613211630531,0.0485653472352929,-1.54066578836737,0.192790490257153,0.0667338073454727,33.7899641327852,39.2066078610748,66.7976519008478,27.0562387636633
2011-12-08,-57.9617647058824,-61.4735294117647,1.22593394576049,360.842305997523,12.6808303449212,66.6130743362869,-57.9391505155601,-61.4613211630531,0.0260938393723788,-1.55604036262965,0.161113842261023,0.0795935905122483,33.7990702681857,47.2322349895833,66.7976519008478,11.5379034025878
2011-12-09,-57.9617647058824,-61.4735294117647,1.24760755242371,360.642179163491,12.9731690069524,66.6130743362869,-57.9391505155601,-61.4613211630531,0.0973574006464961,-1.56755996667422,0.166860877210714,0.061192700420676,33.802853119679,46.81275978423,66.7976519008478,11.0825193148906
2011-12-10,-57.9617647058824,-61.4735294117647,1.25004530243757,360.393430384194,13.8549154008307,66.6130743362869,-57.9391505155601,-61.4613211630531,0.237974830615295,-1.56268153660371,0.134531849851975,0.0215211091072936,33.8030445701198,31.787644450642,66.7976519008478,6.37670041492424
2011-12-11,-57.9617647058824,-61.4735294117647,1.26092527843103,360.009326469607,14.2997286494185,66.6130743362869,-57.9391505155601,-61.4613211630531,0.322707062760587,-1.57028439122173,0.161842003022289,0.0698177831224826,33.7999474529313,20.7324065402774,66.7976519008478,9.84018725955717
2011-12-12,-57.9617647058824,-61.4735294117647,1.24810603951536,359.487747564548,11.0824161971488,66.6130743362869,-57.9391505155601,-61.4613211630531,0.241365227089157,-1.5791392921597,0.171619457910378,0.0696118552383543,33.8082605997721,44.6774936848485,66.7976519008478,14.3488478913618
2011-12-13,-57.9617647058824,-61.4735294117647,1.24125811784733,358.433658506812,12.757909024634,66.6130743362869,-57.9391505155601,-61.4613211630531,0.236680945162831,-1.58818734995267,0.191462667354768,0.0911980373194182,33.8138123176359,49.7746202788051,66.7976519008478,32.1437226918987
2011-12-14,-57.9617647058824,-61.4735294117647,1.26784819873368,357.634931610852,12.67416968869,66.6130743362869,-57.9391505155601,-61.4613211630531,0.277038522698136,-1.59835771607001,0.169188685780554,0.0931354069707767,33.8190592355252,51.74143734699,66.7976519008478,19.5061477851785
2011-12-15,-57.9617647058824,-61.4735294117647,1.276052618899,357.132386370403,9.95426050918858,66.6130743362869,-57.9391505155601,-61.4613211630531,0.336521692463422,-1.59123302294336,0.16412450768325,0.0496796853991173,33.8231735744296,50.9786805797685,66.7976519008478,9.71158251578392
2011-12-16,-57.9617647058824,-61.4735294117647,1.26000219728889,356.396162451767,10.2003595799935,66.6130743362869,-57.9391505155601,-61.4613211630531,0.382950353407265,-1.58377431584434,0.190690849554523,0.0356864751179611,33.827069703384,49.6739215953791,66.7976519008478,26.5065431261778
2011-12-17,-57.9617647058824,-61.4735294117647,1.24285010084873,355.638636147104,13.4086280305211,66.6130743362869,-57.9391505155601,-61.4613211630531,0.36271967089329,-1.58317424218182,0.150319927365754,0.124944672380623,33.8356835163235,54.1705627248355,66.7976519008478,29.4817068092173
2011-12-18,-57.9617647058824,-61.4735294117647,1.2353763027889,355.242206852611,10.8979114235901,66.6130743362869,-57.9391505155601,-61.4613211630531,0.398517511704592,-1.57450344334086,0.122281613137558,-0.000713334015385825,33.8381093188658,52.2025099418424,66.7976519008478,15.1364149236448
2011-12-19,-57.9617647058824,-61.4735294117647,1.22927466543709,355.221256907393,16.0911156491535,66.6130743362869,-57.9391505155601,-61.4613211630531,0.496585961215087,-1.57557962265735,0.131059082348136,0.0046103129191035,33.8403231869181,41.5506849057279,66.7976519008478,12.9107258533347
2011-12-20,-57.9617647058824,-61.4735294117647,1.20947222338944,355.815430431831,20.5134198200412,66.6130743362869,-57.9391505155601,-61.4613211630531,0.889228454002967,-1.58996821366824,0.104570169137557,0.0147139576342907,33.8414497066606,19.8901615026991,66.7976519008478,9.05995916411127
2011-12-21,-57.9617647058824,-61.4735294117647,1.18390337977468,356.352096557617,19.2008131480798,66.6130743362869,-57.9391505155601,-61.4613211630531,1.08536634552978,-1.60079960704011,0.105280208845048,0.0219255514724454,33.8422076164791,10.5640995228982,66.7976519008478,6.3581535285034
2011-12-22,-57.9617647058824,-61.4735294117647,1.20694400987974,356.830168933403,21.8789547129375,66.6130743362869,-57.9391505155601,-61.4613211630531,1.02441037795161,-1.60551082380066,0.0998379471692962,0.0768053272635991,33.8529243572199,11.5655270034646,66.7976519008478,4.63085044349825
2011-12-23,-57.9617647058824,-61.4735294117647,1.24428779141205,357.181530836152,24.324015977906,66.6130743362869,-57.9391505155601,-61.4613211630531,1.01000959461356,-1.60587284745153,0.0639430728267159,0.0544374426286391,33.8636760119645,17.1607934575975,66.7976519008478,15.8765093642129
2011-12-24,-57.9617647058824,-61.4735294117647,1.26922571113924,357.349364117878,17.9707596418334,66.6130743362869,-57.9391505155601,-61.4613211630531,1.07258959112541,-1.60364676487108,0.106566845792548,0.0449622899203407,33.8636987405589,12.9017930552062,66.7976519008478,1.37529061007809
2011-12-25,-57.9617647058824,-61.4735294117647,1.32289125316027,356.941167319693,21.2137811823589,66.6130743362869,-57.9391505155601,-61.4613211630531,0.99108169484235,-1.60536379144903,0.0978107932708685,0.0980941499765666,33.8717218622988,20.8901472529258,66.7976519008478,12.1293114588978
2011-12-26,-57.9617647058824,-61.4735294117647,1.35492814495796,356.153350085747,16.4466529590328,66.6130743362869,-57.9391505155601,-61.4613211630531,0.936186926849136,-1.6080836882958,0.117276742003667,0.0537414064935023,33.8812026102372,32.4667945493732,66.7976519008478,0.0468831198370454
2011-12-27,-57.9617647058824,-61.4735294117647,1.36449280417547,355.372538496808,18.7536234681199,66.6130743362869,-57.9391505155601,-61.4613211630531,0.915560863479751,-1.62205754327066,0.106750533733814,0.0845819871405117,33.889491113413,37.9172934906685,66.7976519008478,5.51058581133628
2011-12-28,-57.9617647058824,-61.4735294117647,1.3764302025481,354.51998491985,16.5942437125415,66.6130743362869,-57.9391505155601,-61.4613211630531,0.973009792899313,-1.62290678960592,0.123044370111787,0.0133111771351976,33.89327600353,33.7359280451107,66.7976519008478,8.42658164373574
2011-12-29,-57.9617647058824,-61.4735294117647,1.39309758783841,354.604942880026,21.3087815889498,66.6130743362869,-57.9391505155601,-61.4613211630531,1.14807088510228,-1.63226621031922,0.0832179209793064,0.0388454085168166,33.8981152172835,21.5843301096104,66.7976519008478,8.06249043353746
2011-12-30,-57.9617647058824,-61.4735294117647,1.41224980899474,354.408757279559,19.2515768016257,66.6130743362869,-57.9391505155601,-61.4613211630531,1.13616495866042,-1.62726710634193,0.135604322182867,0.0164890559779809,33.9047295368313,19.5779748484191,66.7976519008478,8.30978551262334
2011-12-31,-57.9617647058824,-61.4735294117647,1.3961699248814,353.429508860518,17.4195635522284,66.6130743362869,-57.9391505155601,-61.4613211630531,1.04546938557052,-1.62923412783104,0.145672547305443,0.081217949503628,33.9160616639172,38.2261852825541,66.7976519008478,6.85126502927242
2012-01-01,-57.9617647058824,-61.4735294117647,1.4312542840475,353.089860125286,19.4046168966991,66.6130743362869,-57.9391505155601,-61.4613211630531,1.0903540833598,-1.62319755924215,0.115584839019779,0.0385496961543595,33.9219758809819,35.6630010386067,66.7976519008478,1.3466856623505
2012-01-02,-57.9617647058824,-61.4735294117647,1.464647358874,353.662349793969,22.2434324404088,66.6130743362869,-57.9391505155601,-61.4613211630531,1.2394346520003,-1.61609510323297,0.102198704142078,0.023674290954021,33.9255508134561,24.114154053764,66.7976519008478,6.31788568905696
2012-01-03,-57.9617647058824,-61.4735294117647,1.47448907356437,354.72917845191,26.3977723005341,66.6130743362869,-57.9391505155601,-61.4613211630531,1.58241129951117,-1.6126330482815,0.0731216897124704,0.0256997974245091,33.9303304129123,14.3058091883074,66.7976519008478,15.2071932692335
2012-01-04,-57.9617647058824,-61.4735294117647,1.48556439941976,356.143450481136,26.4665050273988,66.6130743362869,-57.9391505155601,-61.4613211630531,1.62027896399762,-1.61534923644844,0.0922169686067603,0.044211888633035,33.9386932949627,10.6411165695602,66.7976519008478,4.44719246505566
2012-01-05,-57.9617647058824,-61.4735294117647,1.51111722464969,357.035817960414,29.6910899732171,66.6130743362869,-57.9391505155601,-61.4613211630531,1.59106620217142,-1.62109091487812,0.0655460154861413,0.0502776999765562,33.9456352923724,11.3077052112533,66.7976519008478,15.0657177786998
2012-01-06,-57.9617647058824,-61.4735294117647,1.55392434684242,356.193398452387,26.1585727726541,66.6130743362869,-57.9391505155601,-61.4613211630531,1.49475027659,-1.62830703895584,0.103570183570649,0.0537743549014714,33.9501554151939,18.0306327577866,66.7976519008478,1.39943917692586
2012-01-07,-57.9617647058824,-61.4735294117647,1.5414524601727,354.205790449933,25.7933605240612,66.6130743362869,-57.9391505155601,-61.4613211630531,1.38724407340512,-1.63628097922213,0.128647255094146,0.0837475676014114,33.9559233970488,29.4001167287067,66.7976519008478,4.69320367622005
2012-01-08,-57.9617647058824,-61.4735294117647,1.54718548313874,353.39596148235,25.4279122410751,66.6130743362869,-57.9391505155601,-61.4613211630531,1.37154149526527,-1.63614630441756,0.105056983020343,0.0830844796580663,33.9585179677698,33.9735687966289,66.7976519008478,5.31157906118619
2012-01-09,-57.9617647058824,-61.4735294117647,1.52334893585705,352.726959228516,15.266905522928,66.6130743362869,-57.9391505155601,-61.4613211630531,1.40475650620364,-1.62806075095487,0.0825144713656542,-0.021355543361019,33.9558388250559,30.4837091023784,66.7976519008478,35.7331663291858
2012-01-10,-57.9617647058824,-61.4735294117647,1.43575110195613,351.268303847894,14.542294816273,66.6130743362869,-57.9391505155601,-61.4613211630531,1.41106877273876,-1.62602824334674,0.0974911931756376,-0.0411682748229478,33.9556308391123,27.3997332589668,66.7976519008478,48.1432409726367
2012-01-11,-57.9617647058824,-61.4735294117647,1.41950649604565,350.215372225133,18.9099637706105,66.6130743362869,-57.9391505155601,-61.4613211630531,1.43406910178793,-1.63405242960463,0.101460658496449,0.0737707745811717,33.9556679307369,26.4485524006379,66.7976519008478,3.67433601587755
2012-01-12,-57.9617647058824,-61.4735294117647,1.41908490003609,350.094480933213,22.1933536413239,66.6130743362869,-57.9391505155601,-61.4613211630531,1.38531164392608,-1.63698236887593,0.100832990779166,0.0998222962494402,33.9565657127885,34.8749150534873,66.7976519008478,12.2677865976937
2012-01-13,-57.9617647058824,-61.4735294117647,1.43540251945577,350.187395793636,19.6207418470848,66.6130743362869,-57.9391505155601,-61.4613211630531,1.46339257349048,-1.6304766985408,0.110717528055996,0.0451805734662553,33.9489463414901,29.3403976237082,66.7976519008478,0.871634963108283
2012-01-14,-57.9617647058824,-61.4735294117647,1.4500584602356,350.244481156512,23.7621823578346,66.6130743362869,-57.9391505155601,-61.4613211630531,1.48275143817047,-1.63045322074581,0.108487741194675,0.0759173664094707,33.9441893882597,31.0176800922183,66.7976519008478,3.0395062730808
2012-01-15,-57.9617647058824,-61.4735294117647,1.47057222847531,350.370906178544,25.7710509939892,66.6130743362869,-57.9391505155601,-61.4613211630531,1.56719504274659,-1.62426591080371,0.094251536044032,0.0728399804095749,33.9394180256667,28.284399448297,66.7976519008478,5.11464759545289
2012-01-16,-57.9617647058824,-61.4735294117647,1.4808729381823,350.638572506788,25.6304412178877,66.6130743362869,-57.9391505155601,-61.4613211630531,1.63840819129094,-1.62298174216519,0.083651193325859,0.0705788923470195,33.9346878267975,26.4891202272835,66.7976519008478,8.04264263394261
2012-01-17,-57.9617647058824,-61.4735294117647,1.44815253593573,349.897225356684,16.0512632247878,66.6130743362869,-57.9391505155601,-61.4613211630531,1.69497542230063,-1.62254394355573,0.134390171642406,0.0232294867174667,33.9268995946557,22.6815138429444,66.7976519008478,5.81172012714118
2012-01-18,-57.9617647058824,-61.4735294117647,1.38780203134548,348.582101961461,21.4386501893765,66.6130743362869,-57.9391505155601,-61.4613211630531,1.65175923564334,-1.62565222137209,0.144022653072912,0.060825325116294,33.9223917550564,30.6157088093108,66.7976519008478,3.03033242449162
2012-01-19,-57.9617647058824,-61.4735294117647,1.39744183675545,348.161781869284,22.4886663774165,66.6130743362869,-57.9391505155601,-61.4613211630531,1.72278853321848,-1.62958049806345,0.103636904203618,0.0724462461676675,33.913833355614,29.08587076339,66.7976519008478,3.03868378334331
2012-01-20,-57.9617647058824,-61.4735294117647,1.39751500945266,348.479106996118,22.9483753297387,66.6130743362869,-57.9391505155601,-61.4613211630531,1.80163254943776,-1.63125386765772,0.0946609205220714,0.0650600257723035,33.9068997598048,25.7654896490326,66.7976519008478,3.86689290937372
2012-01-21,-57.9617647058824,-61.4735294117647,1.36925142022168,348.027492244069,18.9050512023088,66.6130743362869,-57.9391505155601,-61.4613211630531,1.83230525778051,-1.63469286277066,0.140960093904362,0.0870498267986514,33.9000938662633,27.2333435413808,66.7976519008478,7.50782553581732
2012-01-22,-57.9617647058824,-61.4735294117647,1.34336169064045,347.278082126524,20.5726397095657,66.6130743362869,-57.9391505155601,-61.4613211630531,1.82436797139455,-1.63817551518902,0.108904539030573,0.0839098386225189,33.8938172478103,30.3202023975923,66.7976519008478,5.04061382809958
2012-01-23,-57.9617647058824,-61.4735294117647,1.32764475083933,347.1776078387,22.0183578758705,66.6130743362869,-57.9391505155601,-61.4613211630531,1.86537694303613,-1.63081606663512,0.0994788087331332,0.0842203776051721,33.887009300201,29.3478109575959,66.7976519008478,6.65076887985399
2012-01-24,-57.9617647058824,-61.4735294117647,1.30548989373009,347.129092332793,20.1899726739744,66.6130743362869,-57.9391505155601,-61.4613211630531,1.87164571523345,-1.63254709459349,0.0901321551678313,0.0929014727362657,33.8828598825555,30.6801643011219,66.7976519008478,12.0096672943597
2012-01-25,-57.9617647058824,-61.4735294117647,1.26665109614047,346.815374234828,15.0588293366316,66.6130743362869,-57.9391505155601,-61.4613211630531,1.90991666715959,-1.6281892484338,0.11828578880381,0.0541746788601644,33.8751437332627,28.4359623591105,66.7976519008478,0.020184193334669
2012-01-26,-57.9617647058824,-61.4735294117647,1.23846861756429,346.462914815763,19.8204142814729,66.6130743362869,-57.9391505155601,-61.4613211630531,1.93778414201801,-1.62279393991478,0.118001608185561,0.0705097006852569,33.8693304383642,27.825592088635,66.7976519008478,1.34464741677622
2012-01-27,-57.9617647058824,-61.4735294117647,1.20985089278803,346.573258562786,20.9014722603123,66.6130743362869,-57.9391505155601,-61.4613211630531,2.01226215275676,-1.61064666791162,0.0851594088611654,0.0203176668006801,33.8628581583741,21.9556180681133,66.7976519008478,11.9360200912826
2012-01-28,-57.9617647058824,-61.4735294117647,1.17204172364095,346.98825259325,21.6600975525088,66.6130743362869,-57.9391505155601,-61.4613211630531,2.2772171856099,-1.60522499773023,0.0916304860651171,0.0293842588178059,33.8556631142311,15.6159225430405,66.7976519008478,7.20445946572545
2012-01-29,-57.9617647058824,-61.4735294117647,1.12849348747149,347.02634188024,18.9058325348831,66.6130743362869,-57.9391505155601,-61.4613211630531,2.35353174093764,-1.60268261188116,0.0794560308549327,0.00556334719946671,33.8478975386111,10.5729544198143,66.7976519008478,20.200544096243
2012-01-30,-57.9617647058824,-61.4735294117647,1.08076282390734,345.718985580816,15.6568363585123,66.6130743362869,-57.9391505155601,-61.4613211630531,2.22072211096966,-1.60211466198508,0.0564580071119242,0.0185606901794069,33.833464160461,12.5090886397883,66.7976519008478,26.750598698368
2012-01-31,-57.9617647058824,-61.4735294117647,1.03759883634928,345.077693660085,19.0501036178775,66.6130743362869,-57.9391505155601,-61.4613211630531,2.25712785193151,-1.60367683119137,0.0860160690167977,0.0491838109668209,33.8282665710861,13.6606373973543,66.7976519008478,6.00383901197687
2012-02-01,-57.9617647058824,-61.4735294117647,0.995565974494306,345.403509744784,18.5695061567353,66.6130743362869,-57.9391505155601,-61.4613211630531,2.44427773215671,-1.60209242293709,0.099051302457266,0.0276923554417817,33.8198462266188,10.7624082037634,66.7976519008478,5.78821582533674
2012-02-02,-57.9617647058824,-61.4735294117647,0.953086133410291,344.827077726039,13.5636355237263,66.6130743362869,-57.9391505155601,-61.4613211630531,2.37433573559389,-1.5937803518756,0.124600360851217,0.00517785017769507,33.8122927399299,12.0854950272924,66.7976519008478,12.1436920977727
2012-02-03,-57.9617647058824,-61.4735294117647,0.916706169523844,343.305755243069,12.2273487056174,66.6130743362869,-57.9391505155601,-61.4613211630531,2.3138047994068,-1.59296940872383,0.165647550160505,0.0530124217291914,33.8082421389025,18.1541895100623,66.7976519008478,10.2932627830247
2012-02-04,-57.9617647058824,-61.4735294117647,0.899176173457285,341.981288630788,12.7248288596549,66.6130743362869,-57.9391505155601,-61.4613211630531,2.31735136891827,-1.59194718263088,0.156261358224107,0.0338800757892138,33.8022475763854,20.9183593317565,66.7976519008478,8.54778321028698
2012-02-05,-57.9617647058824,-61.4735294117647,0.882922780949895,341.294620048709,15.2093675485471,66.6130743362869,-57.9391505155601,-61.4613211630531,2.34545014551294,-1.59255919942328,0.142681651013462,0.0186883656260295,33.7972229559895,20.8899413159019,66.7976519008478,8.83711902408474
2012-02-06,-57.9617647058824,-61.4735294117647,0.871713361725575,341.108078747261,15.7434041325639,66.6130743362869,-57.9391505155601,-61.4613211630531,2.40402689797354,-1.59387219483071,0.115763584576678,0.0652363000792048,33.7884504907688,19.2750549535198,66.7976519008478,0.70370112561279
2012-02-07,-57.9617647058824,-61.4735294117647,0.870783350089701,341.294688899343,15.823258440669,66.6130743362869,-57.9391505155601,-61.4613211630531,2.44242338452101,-1.58670137591368,0.093680704030109,0.0493938575238593,33.7832054055815,18.9494830065893,66.7976519008478,3.65993186950386
2012-02-08,-57.9617647058824,-61.4735294117647,0.869247521205646,341.618273851348,15.7362951127494,66.6130743362869,-57.9391505155601,-61.4613211630531,2.47796620724172,-1.57887776531832,0.0988247819677217,0.0443955764033695,33.7786585489909,19.0472987248347,66.7976519008478,2.79201064802881
2012-02-09,-57.9617647058824,-61.4735294117647,0.852909997105598,340.785813866592,9.31340059710712,66.6130743362869,-57.9391505155601,-61.4613211630531,2.49277324972526,-1.56694671451321,0.179651468906768,0.0343924244506317,33.7690767090008,19.4379439012885,66.7976519008478,19.5932289057929
2012-02-10,-57.9617647058824,-61.4735294117647,0.854933986576592,339.876084118355,13.9285577157649,66.6130743362869,-57.9391505155601,-61.4613211630531,2.37684640453251,-1.56758385454273,0.138237727637555,0.0773819253079885,33.7739901420398,26.0614080068714,66.7976519008478,4.28059915088235
2012-02-11,-57.9617647058824,-61.4735294117647,0.872248271979937,339.444935868426,11.388275053443,66.6130743362869,-57.9391505155601,-61.4613211630531,2.39035460678672,-1.56336192354339,0.156255592072983,0.0324385808567126,33.7699601074301,27.4948719374725,66.7976519008478,8.85003959827741
2012-02-12,-57.9617647058824,-61.4735294117647,0.878119124508486,339.056616434237,12.2202906317827,66.6130743362869,-57.9391505155601,-61.4613211630531,2.52530622611001,-1.56683263057961,0.123764293713246,0.0367095246559132,33.7535558538398,19.2715541888506,66.7976519008478,1.6023686497011
2012-02-13,-57.9617647058824,-61.4735294117647,0.885835803136593,339.185612748309,13.6961410510831,66.6130743362869,-57.9391505155601,-61.4613211630531,2.49765620830088,-1.57462535454677,0.0822607683678951,0.0630098078827224,33.752058706142,18.6216458180334,66.7976519008478,7.61391240517355
2012-02-14,-57.9617647058824,-61.4735294117647,0.883411766552344,339.0305146008,13.87186613897,66.6130743362869,-57.9391505155601,-61.4613211630531,2.44807339100703,-1.56545126792069,0.129760089462344,0.0969928476894111,33.7516365205711,25.3892594632189,66.7976519008478,9.57374958055322
2012-02-15,-57.9617647058824,-61.4735294117647,0.89526901412301,338.816118938167,12.782467906068,66.6130743362869,-57.9391505155601,-61.4613211630531,2.37123396136017,-1.55366724994984,0.111399561020969,0.106084974832059,33.7496164041331,31.7322498069279,66.7976519008478,13.8186390766601
2012-02-16,-57.9617647058824,-61.4735294117647,0.926706181430235,339.107182572528,14.6407952134202,66.6130743362869,-57.9391505155601,-61.4613211630531,2.36262749869492,-1.5415043272631,0.0857327120496757,0.0701653891809878,33.7413236538247,29.6385811382299,66.7976519008478,7.23503070430515
2012-02-17,-57.9617647058824,-61.4735294117647,0.958792932513284,339.807575504954,15.0857246852503,66.6130743362869,-57.9391505155601,-61.4613211630531,2.39884542952343,-1.53682194016723,0.0979870675375507,0.0568995161557648,33.7344415281144,26.2852516444588,66.7976519008478,2.52222753705968
2012-02-18,-57.9617647058824,-61.4735294117647,0.978965766909646,340.329723823361,15.3609907743407,66.6130743362869,-57.9391505155601,-61.4613211630531,2.4299767805658,-1.53198057614196,0.0910019942844606,0.0279501771627248,33.722590422019,21.0192640255659,66.7976519008478,7.75375945223002
2012-02-19,-57.9617647058824,-61.4735294117647,0.948104377563407,340.098421050281,14.5082738225053,66.6130743362869,-57.9391505155601,-61.4613211630531,2.3491934169481,-1.53796607682258,0.00455265304679491,0.036991234029192,33.7295775368468,27.4930185711818,66.7976519008478,68.4717591988122
2012-02-20,-57.9617647058824,-61.4735294117647,0.93708415656555,340.023092130335,14.2229003092138,66.6130743362869,-57.9391505155601,-61.4613211630531,2.27469069014998,-1.53745084252917,0.0614505218701404,0.0813851631252791,33.7308460240744,30.8543792832718,66.7976519008478,20.9877433826583
2012-02-21,-57.9617647058824,-61.4735294117647,0.943287698597443,340.673847105445,14.7605538193772,66.6130743362869,-57.9391505155601,-61.4613211630531,2.29494806018114,-1.53901589640722,0.0595889339442195,0.050565998810224,33.7265462579354,25.702887632908,66.7976519008478,18.4933548949571
2012-02-22,-57.9617647058824,-61.4735294117647,0.937029517641882,341.310477652201,13.1614474610585,66.6130743362869,-57.9391505155601,-61.4613211630531,2.2759658049958,-1.53641749827968,0.0580609494294876,0.021830000908349,33.7230373181795,28.3299095022534,66.7976519008478,24.6261594963859
2012-02-23,-57.9617647058824,-61.4735294117647,0.917054113454935,341.536521353373,13.8278624836991,66.6130743362869,-57.9391505155601,-61.4613211630531,2.23925660496299,-1.5331469518453,0.0386732528576886,0.0261478964968329,33.7231650307433,30.5154220861623,66.7976519008478,37.2632987688814
2012-02-24,-57.9617647058824,-61.4735294117647,0.898674967085443,341.985237307665,14.1251124754185,66.6130743362869,-57.9391505155601,-61.4613211630531,2.25742932659412,-1.53242167110546,0.0562438420126876,0.0378569548851565,33.7209718732538,27.6219294865926,66.7976519008478,21.858425052747
2012-02-25,-57.9617647058824,-61.4735294117647,0.891593357775269,342.463471947647,13.8053573631659,66.6130743362869,-57.9391505155601,-61.4613211630531,2.23866847796961,-1.52868078675186,0.0923322882055834,0.0619068582882846,33.7174092960744,30.1651387542848,66.7976519008478,4.20040479011499
2012-02-26,-57.9617647058824,-61.4735294117647,0.893253709121448,342.428427347323,12.7303347587585,66.6130743362869,-57.9391505155601,-61.4613211630531,2.22486373158762,-1.53377091176758,0.117798151450883,0.0950900743867543,33.7125061539664,31.5495918829914,66.7976519008478,8.36191105782234
2012-02-27,-57.9617647058824,-61.4735294117647,0.901496058193649,342.210187958508,11.519956646896,66.6130743362869,-57.9391505155601,-61.4613211630531,2.21410045803961,-1.53957725359522,0.131493178330734,0.0619711077718037,33.7061410098262,31.8399502075957,66.7976519008478,0.923682983889288
2012-02-28,-57.9617647058824,-61.4735294117647,0.879353350982433,341.680731424471,7.11382727797438,66.6130743362869,-57.9391505155601,-61.4613211630531,2.20501953419725,-1.54479052228966,0.149449264452203,0.0504342050275259,33.6993660302619,31.5306465017651,66.7976519008478,4.32416462018122
2012-02-29,-57.9617647058824,-61.4735294117647,0.865165886719052,341.023957043159,10.526912491496,66.6130743362869,-57.9391505155601,-61.4613211630531,2.18663725453993,-1.55440488389307,0.151020081947569,0.111488521993965,33.6960443607387,33.9315595253598,66.7976519008478,21.0898407464295
2012-03-01,-57.9617647058824,-61.4735294117647,0.853721036053285,340.452825034537,5.90303865293177,66.6130743362869,-57.9391505155601,-61.4613211630531,2.16221059076538,-1.54610187305934,0.126913342373534,0.05533281719757,33.6857005800152,34.4447318217372,66.7976519008478,0.224800598566593
2012-03-02,-57.9617647058824,-61.4735294117647,0.837167538157323,340.019925001191,10.9452286173658,66.6130743362869,-57.9391505155601,-61.4613211630531,2.20173292636228,-1.53331004463227,0.123007302849922,0.00654438738780305,33.6777126502733,29.8253576687956,66.7976519008478,11.4262116058446
2012-03-03,-57.9617647058824,-61.4735294117647,0.845575451124005,340.089265404678,13.423339646037,66.6130743362869,-57.9391505155601,-61.4613211630531,2.29917370693886,-1.52105651451991,0.111945682108483,0.0290959597126595,33.6725417637793,22.9127708285765,66.7976519008478,3.51738671795067
2012-03-04,-57.9617647058824,-61.4735294117647,0.833491504555795,339.60948292802,11.0925447679147,66.6130743362869,-57.9391505155601,-61.4613211630531,2.31976517861993,-1.51832714463696,0.0770129026108586,-0.0242879559988515,33.6650089773572,21.5940087121508,66.7976519008478,40.2235857063408
2012-03-05,-57.9617647058824,-61.4735294117647,0.805466971019419,338.699011825934,12.2205355051087,66.6130743362869,-57.9391505155601,-61.4613211630531,2.33476595132135,-1.52384436709678,0.13873689661906,0.0190219686249731,33.6643747080032,22.1864632427612,66.7976519008478,7.91358337701296
2012-03-06,-57.9617647058824,-61.4735294117647,0.787840906439758,338.353630996332,10.8849481751279,66.6130743362869,-57.9391505155601,-61.4613211630531,2.39683294038863,-1.53046041863811,0.115202636823722,0.0150648589056191,33.6530322127658,16.2139370798582,66.7976519008478,7.81532670774145
2012-03-07,-57.9617647058824,-61.4735294117647,0.762246322704525,337.946964915206,9.43661378360376,66.6130743362869,-57.9391505155601,-61.4613211630531,2.40931711344906,-1.53739524193299,0.106066853059368,0.0063837637242518,33.6515042077192,19.995184704038,66.7976519008478,12.478020570409
2012-03-08,-57.9617647058824,-61.4735294117647,0.748139197506556,337.756548253501,10.4924882156093,66.6130743362869,-57.9391505155601,-61.4613211630531,2.42614652093766,-1.54306772765521,0.123505648170245,0.0714816800626586,33.6451245409596,21.1028707288055,66.7976519008478,1.53257621889477
2012-03-09,-57.9617647058824,-61.4735294117647,0.742876038318727,337.713649842797,10.0025303712705,66.6130743362869,-57.9391505155601,-61.4613211630531,2.41553250514222,-1.5458461099308,0.164143452976356,0.095165855574262,33.6412695191006,25.3085357624831,66.7976519008478,17.9762267659402
2012-03-10,-57.9617647058824,-61.4735294117647,0.736542752966648,337.625325644889,9.67601040805258,66.6130743362869,-57.9391505155601,-61.4613211630531,2.33054821436544,-1.55970917636084,0.0801075863954831,0.102193761863287,33.6347314111295,31.8636317748612,66.7976519008478,19.5569324181194
2012-03-11,-57.9617647058824,-61.4735294117647,0.74581251566003,337.830823944836,10.1587857589489,66.6130743362869,-57.9391505155601,-61.4613211630531,2.3176103434582,-1.56305509009342,0.0738374950432102,0.0568533883946627,33.6284546845677,31.7394573517978,66.7976519008478,10.8237368466155
2012-03-12,-57.9617647058824,-61.4735294117647,0.761144684582222,338.274619125738,10.3212903999701,66.6130743362869,-57.9391505155601,-61.4613211630531,2.32457004851497,-1.55717790979445,0.0967770354236588,0.0746661486875834,33.625724082051,30.7176432358591,66.7976519008478,4.84463725648877
2012-03-13,-57.9617647058824,-61.4735294117647,0.78164111259507,338.666377742116,9.50816187625978,66.6130743362869,-57.9391505155601,-61.4613211630531,2.31710129549951,-1.55262648898419,0.128217277754294,0.0736060318123554,33.625147419259,31.2439947990593,66.7976519008478,2.18312835319828
2012-03-14,-57.9617647058824,-61.4735294117647,0.793625272992181,338.749338289586,7.77968231352364,66.6130743362869,-57.9391505155601,-61.4613211630531,2.31252771849253,-1.55016730108403,0.140544943436075,0.0407061728519386,33.625402777462,32.0417593584048,66.7976519008478,2.97086225387243
2012-03-15,-57.9617647058824,-61.4735294117647,0.776148123712074,338.372838090106,5.11421958702367,66.6130743362869,-57.9391505155601,-61.4613211630531,2.32693838590552,-1.54285274134313,0.157267933653595,0.0197707224039011,33.627980920789,31.7277193262509,66.7976519008478,12.787362384696
2012-03-16,-57.9617647058824,-61.4735294117647,0.722319825029955,337.559521930974,3.80446751815517,66.6130743362869,-57.9391505155601,-61.4613211630531,2.30788396518079,-1.54115136528787,0.189974220396697,0.039445894218569,33.6299145604596,33.2861815206757,66.7976519008478,25.3765957418783
2012-03-17,-57.9617647058824,-61.4735294117647,0.713878890363182,337.157496010385,6.53924783555473,66.6130743362869,-57.9391505155601,-61.4613211630531,2.27645805538425,-1.55195804951805,0.148554713755605,0.0760219778850494,33.6239076374996,33.3971766357319,66.7976519008478,6.3591488503487
2012-03-18,-57.9617647058824,-61.4735294117647,0.739953431050952,337.340266530107,8.53233728466964,66.6130743362869,-57.9391505155601,-61.4613211630531,2.178484491652,-1.55677470005797,0.148873489882983,0.107728279212065,33.6183805169686,35.4908453571973,66.7976519008478,18.3724838042583
2012-03-19,-57.9617647058824,-61.4735294117647,0.767933290906069,337.663507973276,7.72549135801269,66.6130743362869,-57.9391505155601,-61.4613211630531,2.03768617469772,-1.55725533598669,0.124961146710292,0.123522946070603,33.6142826003102,37.9553901077765,66.7976519008478,24.0878198004449
2012-03-20,-57.9617647058824,-61.4735294117647,0.790772396616819,338.007474573647,6.99997807421335,66.6130743362869,-57.9391505155601,-61.4613211630531,1.95958942922986,-1.55059274697272,0.0947136381960269,0.0610444321524598,33.6056645453861,36.7369150092245,66.7976519008478,3.5007941455951
2012-03-21,-57.9617647058824,-61.4735294117647,0.813648861719341,338.432059311285,8.80683961147215,66.6130743362869,-57.9391505155601,-61.4613211630531,1.88853047942987,-1.54888066379969,0.092218616155357,0.0611704602163893,33.602674497123,36.7208526099098,66.7976519008478,4.17873695388905
2012-03-22,-57.9617647058824,-61.4735294117647,0.833029592546021,338.900970458984,9.55800652213213,66.6130743362869,-57.9391505155601,-61.4613211630531,1.79022579283206,-1.54155333531209,0.0647849059398519,0.080366231903293,33.6018899101638,36.860265792301,66.7976519008478,18.8102326412366
2012-03-23,-57.9617647058824,-61.4735294117647,0.854247185878637,339.422317504883,9.84007937152211,66.6130743362869,-57.9391505155601,-61.4613211630531,1.68454328231644,-1.53221903976641,0.0709050821188169,0.0680443322570057,33.6015397971458,37.2618251072089,66.7976519008478,13.1441177766061
2012-03-24,-57.9617647058824,-61.4735294117647,0.870352042157476,339.877001878692,9.5410396994614,66.6130743362869,-57.9391505155601,-61.4613211630531,1.62157877809123,-1.53669879423623,0.0993115952321392,0.0280654967313836,33.6014944120296,37.0801966560353,66.7976519008478,5.63478348452228
2012-03-25,-57.9617647058824,-61.4735294117647,0.878722386389244,340.191854337367,8.90524074798677,66.6130743362869,-57.9391505155601,-61.4613211630531,1.5875571874874,-1.53108108429774,0.11125211663514,0.0437852061591168,33.6036896081428,36.863560590345,66.7976519008478,0.958462838978903
2012-03-26,-57.9617647058824,-61.4735294117647,0.867218041928803,340.175231933594,6.30872667417294,66.6130743362869,-57.9391505155601,-61.4613211630531,1.54017961447538,-1.53375237753839,0.150300981786087,0.0806224061560776,33.6041035928868,37.0684588454191,66.7976519008478,7.97436449463442
2012-03-27,-57.9617647058824,-61.4735294117647,0.841930428292693,339.936461285847,5.40793191514364,66.6130743362869,-57.9391505155601,-61.4613211630531,1.51753512624143,-1.54104098971234,0.169278470454951,0.064578978231682,33.6040665939269,37.4129761349656,66.7976519008478,12.5292805229965
2012-03-28,-57.9617647058824,-61.4735294117647,0.828412967120729,339.789731653725,6.63285422906643,66.6130743362869,-57.9391505155601,-61.4613211630531,1.49844017725403,-1.54424110726628,0.149683198716879,0.0213835494399232,33.5995423835621,35.1514762229765,66.7976519008478,9.72709471015931
2012-03-29,-57.9617647058824,-61.4735294117647,0.834413310376609,339.999078145841,8.22282359658218,66.6130743362869,-57.9391505155601,-61.4613211630531,1.4582437132856,-1.55123936019928,0.0654372854733918,0.0455199424755557,33.5969291151616,34.7974862460344,66.7976519008478,15.4284973552355
2012-03-30,-57.9617647058824,-61.4735294117647,0.832073393754843,340.317426728039,7.27645297457532,66.6130743362869,-57.9391505155601,-61.4613211630531,1.39144104606549,-1.53762258595301,0.0761603613392866,0.0494605781417466,33.5976353592557,36.7309430195735,66.7976519008478,9.85401511646863
2012-03-31,-57.9617647058824,-61.4735294117647,0.797176108127687,340.205446196765,4.64213640660774,66.6130743362869,-57.9391505155601,-61.4613211630531,1.34343975452598,-1.52408365295966,0.0852615493180057,-0.0172155694571021,33.6003639128527,37.4490135555808,66.7976519008478,31.6878615628452
2012-04-01,-57.9617647058824,-61.4735294117647,0.760891075904776,340.048751086724,5.35909385215945,66.6130743362869,-57.9391505155601,-61.4613211630531,1.30124661811048,-1.52768286214023,0.0668623062672644,0.00239288172962373,33.5990788386418,33.937737368379,66.7976519008478,27.7309373348961
2012-04-02,-57.9617647058824,-61.4735294117647,0.720591258348488,339.859976047423,3.55593313531178,66.6130743362869,-57.9391505155601,-61.4613211630531,1.28601257193346,-1.52508281583567,0.0760483363298913,-0.0175911818157163,33.6020731494816,35.2513513333402,66.7976519008478,35.6089870387743
2012-04-03,-57.9617647058824,-61.4735294117647,0.634537221454992,338.999314843155,2.42363322798799,66.6130743362869,-57.9391505155601,-61.4613211630531,1.25449473435982,-1.52644811725488,0.058794052741024,-0.0568089079257609,33.6099704685803,37.3917656240836,66.7976519008478,80.6046192721862
2012-04-04,-57.9617647058824,-61.4735294117647,0.596909367456669,338.543255317502,4.80842205082498,66.6130743362869,-57.9391505155601,-61.4613211630531,1.22060658533362,-1.54078358194606,0.0713564759816638,0.00588788955840665,33.6148633557936,39.2609729264912,66.7976519008478,23.6785902370265
2012-04-05,-57.9617647058824,-61.4735294117647,0.574827728475012,338.320109669755,3.06473690416755,66.6130743362869,-57.9391505155601,-61.4613211630531,1.16471348029238,-1.54745893922412,-0.0164585789255848,0.0037874252297859,33.6191178758135,42.224686804088,66.7976519008478,106.247672837117
2012-04-06,-57.9617647058824,-61.4735294117647,0.558726181344288,338.252677731398,4.1198587911885,66.6130743362869,-57.9391505155601,-61.4613211630531,1.04662291073164,-1.54080746643617,-0.0278076752919739,0.0482299532464802,33.6261379586862,45.0664915234132,66.7976519008478,109.851023535772
2012-04-07,-57.9617647058824,-61.4735294117647,0.570734754568193,338.687721438524,4.6038763668479,66.6130743362869,-57.9391505155601,-61.4613211630531,0.901312304170508,-1.53570127792847,0.00577339361573842,0.0585914196675284,33.6265250397758,46.7740452736817,66.7976519008478,65.6666055473598
2012-04-08,-57.9617647058824,-61.4735294117647,0.586382688909042,339.227408804545,4.75560438923719,66.6130743362869,-57.9391505155601,-61.4613211630531,0.744838097005801,-1.53359504942952,0.0187501438796601,0.0585642371040124,33.6222540923619,47.3603218518771,66.7976519008478,51.6465379031065
2012-04-09,-57.9617647058824,-61.4735294117647,0.597169125952372,339.657349377144,4.35669506468424,66.6130743362869,-57.9391505155601,-61.4613211630531,0.594239259890297,-1.53984207920378,0.0242517127802497,0.0382597497519855,33.6143649946823,46.975030792226,66.7976519008478,47.4011771004975
2012-04-10,-57.9617647058824,-61.4735294117647,0.592509375839699,339.872485649295,2.89608540767577,66.6130743362869,-57.9391505155601,-61.4613211630531,0.476795140095809,-1.53716130826155,0.0567652511482055,-0.0166537982138947,33.6115911228937,47.0992053156761,66.7976519008478,45.3306065705734
2012-04-11,-57.9617647058824,-61.4735294117647,0.562905629960502,339.98247248952,1.40631575846091,66.6130743362869,-57.9391505155601,-61.4613211630531,0.439788420251024,-1.54059041962128,0.12280384583371,0.000675443328625438,33.6069125897489,45.1045880723096,66.7976519008478,14.3941928228272
2012-04-12,-57.9617647058824,-61.4735294117647,0.544135005372327,340.37270783215,2.97869944281694,66.6130743362869,-57.9391505155601,-61.4613211630531,0.447371836696398,-1.55368578417903,0.173789113981199,0.0587380401860525,33.6075571860701,46.408523392259,66.7976519008478,14.4091127217
2012-04-13,-57.9617647058824,-61.4735294117647,0.557736816202722,341.070363486685,3.92952579696004,66.6130743362869,-57.9391505155601,-61.4613211630531,0.416981827442543,-1.55818407094752,0.117459606434572,0.0639027109251492,33.6041367720013,47.5812826311057,66.7976519008478,0.503936027687739
2012-04-14,-57.9617647058824,-61.4735294117647,0.56621926041638,341.508124002596,2.70669355188928,66.6130743362869,-57.9391505155601,-61.4613211630531,0.377089811209966,-1.55554860613124,0.0630246347190961,0.00054941547584598,33.5941844070167,44.3735441627451,66.7976519008478,30.8284126946814
2012-04-15,-57.9617647058824,-61.4735294117647,0.568293672145867,341.826445044541,3.47067882084265,66.6130743362869,-57.9391505155601,-61.4613211630531,0.353558682206913,-1.55281635704633,0.10194747206251,0.0401518149062609,33.5920530517413,44.0424121426828,66.7976519008478,2.67954805204744
2012-04-16,-57.9617647058824,-61.4735294117647,0.58211946887214,342.16501710473,4.32659022110265,66.6130743362869,-57.9391505155601,-61.4613211630531,0.311184656543609,-1.54660927798906,0.0670426992319937,0.034310053209504,33.5896231513596,44.547553196288,66.7976519008478,16.170071545494
2012-04-17,-57.9617647058824,-61.4735294117647,0.576367030783397,342.180172803925,3.15277754533582,66.6130743362869,-57.9391505155601,-61.4613211630531,0.23693695508557,-1.54557469595782,-0.000669677479144854,0.00866379699444803,33.5907165949483,46.5104576090248,66.7976519008478,83.5597099060906
2012-04-18,-57.9617647058824,-61.4735294117647,0.55346739437522,341.966145213057,2.59488648176193,66.6130743362869,-57.9391505155601,-61.4613211630531,0.146951091414199,-1.54574767635901,0.0123309606130709,-0.0378651918086767,33.5945860004296,48.7499232877765,66.7976519008478,100.724434993851
2012-04-19,-57.9617647058824,-61.4735294117647,0.529867664706416,341.72052262469,2.44476047812439,66.6130743362869,-57.9391505155601,-61.4613211630531,0.0683363984450798,-1.55845713245402,-0.0358899318677211,0.0163234899602277,33.6015834628168,50.9848585218875,66.7976519008478,129.165227239722
2012-04-20,-57.9617647058824,-61.4735294117647,0.52699038022902,341.959526248095,2.78641836236163,66.6130743362869,-57.9391505155601,-61.4613211630531,-0.0572496144938083,-1.56522721639368,0.00189453634394486,0.0640468604701814,33.5988383943092,50.4755987213691,66.7976519008478,70.5683538410154
2012-04-21,-57.9617647058824,-61.4735294117647,0.540012541340619,342.405255945717,3.4711318597561,66.6130743362869,-57.9391505155601,-61.4613211630531,-0.166866171034242,-1.57565087474149,0.0222467991464373,0.048991886363459,33.592180748861,49.4896159654687,66.7976519008478,48.2043089752762
2012-04-22,-57.9617647058824,-61.4735294117647,0.556101894233285,342.910553350681,3.31304837290834,66.6130743362869,-57.9391505155601,-61.4613211630531,-0.273883092580376,-1.58725120326285,0.0638994162452285,0.0852664913202909,33.578921036199,46.5129284813658,66.7976519008478,20.7044429014776
2012-04-23,-57.9617647058824,-61.4735294117647,0.566251836535407,343.396456834747,2.71812011119796,66.6130743362869,-57.9391505155601,-61.4613211630531,-0.350814447731946,-1.58827260341721,0.103393085703113,0.0644076461633529,33.5599200136748,43.2434116175622,66.7976519008478,1.94168746258594
2012-04-24,-57.9617647058824,-61.4735294117647,0.572741453967443,343.930560228301,2.59646957676585,66.6130743362869,-57.9391505155601,-61.4613211630531,-0.377493802835102,-1.58578458408273,0.109495963619748,0.0808209207577583,33.5469054352095,42.1357256262569,66.7976519008478,4.10721241499443
2012-04-25,-57.9617647058824,-61.4735294117647,0.583779968866488,344.557582203935,2.90049146297501,66.6130743362869,-57.9391505155601,-61.4613211630531,-0.413442877069739,-1.58500617670144,0.0767822633176921,0.0922161446891816,33.532531578692,40.6095942086697,66.7976519008478,16.6647641985731
2012-04-26,-57.9617647058824,-61.4735294117647,0.594178333515074,345.103600850919,2.50075567786287,66.6130743362869,-57.9391505155601,-61.4613211630531,-0.431390230281231,-1.57744738737099,0.0829815158567689,0.0715879390365601,33.5146344039443,38.3859850720034,66.7976519008478,8.45990505757694
2012-04-27,-57.9617647058824,-61.4735294117647,0.604620469779503,345.585141065644,2.85218670891552,66.6130743362869,-57.9391505155601,-61.4613211630531,-0.413622774676434,-1.57088364521984,0.0864378090409937,0.0735590805057009,33.5014426762919,36.6823436940408,66.7976519008478,7.59081224255794
2012-04-28,-57.9617647058824,-61.4735294117647,0.614877960667378,346.013798039134,2.63696713854627,66.6130743362869,-57.9391505155601,-61.4613211630531,-0.394588122312759,-1.55602347529047,0.089202184898731,0.0624010851116557,33.4909753580647,35.0633387958151,66.7976519008478,5.16353809980193
2012-04-29,-57.9617647058824,-61.4735294117647,0.622960695406286,346.386386406131,2.95759534835815,66.6130743362869,-57.9391505155601,-61.4613211630531,-0.369567392225529,-1.5397230515435,0.086207993534694,0.0349154811448012,33.4867744136918,34.1554028167416,66.7976519008478,7.68208600301902
2012-04-30,-57.9617647058824,-61.4735294117647,0.611595797466069,346.490318484423,2.07928541084615,66.6130743362869,-57.9391505155601,-61.4613211630531,-0.296516707149434,-1.53138914973791,0.0902590064052869,-0.00131629083139694,33.5034277603211,35.7270444131251,66.7976519008478,19.9600846090073
2012-05-01,-57.9617647058824,-61.4735294117647,0.58215364486706,346.419929318312,1.71523668562494,66.6130743362869,-57.9391505155601,-61.4613211630531,-0.20104393555045,-1.53333187473287,0.0691505769285274,-0.0113235614017436,33.5228014854606,36.3081729788529,66.7976519008478,34.5910864969418
2012-05-02,-57.9617647058824,-61.4735294117647,0.572933879567356,346.441774321765,2.73237178529181,66.6130743362869,-57.9391505155601,-61.4613211630531,-0.160734792841993,-1.5347787222238,0.071495683212713,0.029285413483296,33.5248730411092,33.8819308042848,66.7976519008478,15.0272288397138
2012-05-03,-57.9617647058824,-61.4735294117647,0.583747502507233,346.645760512934,3.11807167093928,66.6130743362869,-57.9391505155601,-61.4613211630531,-0.185840528141632,-1.53718066424654,0.0612833084898037,0.0232871465696658,33.5249821743984,34.6716641659035,66.7976519008478,22.2106459256167
2012-05-04,-57.9617647058824,-61.4735294117647,0.579751512262879,346.696202347918,2.16985766189854,66.6130743362869,-57.9391505155601,-61.4613211630531,-0.211836861695355,-1.53918475483754,0.0571350976623665,0.0177740458142661,33.5310508480921,36.4136079577138,66.7976519008478,26.6046834169363
2012-05-05,-57.9617647058824,-61.4735294117647,0.567701247043726,346.702441703982,1.76862921583943,66.6130743362869,-57.9391505155601,-61.4613211630531,-0.243114504173861,-1.53572434082366,0.0780120645316667,0.0286412710592895,33.5338947589581,36.6926402981304,66.7976519008478,12.2227691327829
2012-05-06,-57.9617647058824,-61.4735294117647,0.539347714767223,346.697012924566,0.747165049358112,66.6130743362869,-57.9391505155601,-61.4613211630531,-0.20137308989419,-1.53061115275189,0.104095711580172,0.00564654205653027,33.5395556615914,36.4784754406907,66.7976519008478,13.1336139692717
2012-05-07,-57.9617647058824,-61.4735294117647,0.518252754356803,346.906235485542,1.48132385277167,66.6130743362869,-57.9391505155601,-61.4613211630531,-0.191455933960424,-1.52557992822567,0.0876832606419217,0.0425422255517902,33.525882036258,28.8803545968574,66.7976519008478,6.00473393124735
2012-05-08,-57.9617647058824,-61.4735294117647,0.512842670083046,347.230285644531,1.39725345736597,66.6130743362869,-57.9391505155601,-61.4613211630531,-0.227199410298254,-1.53033274034096,0.0413832635783393,0.0548344717213982,33.5203281253295,28.2302403160435,66.7976519008478,31.1350375797574
2012-05-09,-57.9617647058824,-61.4735294117647,0.500579540322467,347.232644057855,1.72342784375679,66.6130743362869,-57.9391505155601,-61.4613211630531,-0.262913232189119,-1.53678199073725,0.0465825302337828,0.0137988142970844,33.5264935976098,32.7575646347684,66.7976519008478,35.3560784467282
2012-05-10,-57.9617647058824,-61.4735294117647,0.494375778771028,347.200117529892,1.9476268262398,66.6130743362869,-57.9391505155601,-61.4613211630531,-0.30367607718859,-1.54237869780073,0.0589093724755864,0.0148762288916851,33.5352208424515,35.6259340615729,66.7976519008478,26.5994500176825
2012-05-11,-57.9617647058824,-61.4735294117647,0.484481433542763,347.186420719798,1.16108324324212,66.6130743362869,-57.9391505155601,-61.4613211630531,-0.356383395943082,-1.54195201396942,0.0932466078715527,0.0185425686178661,33.5406037869885,36.9257507195518,66.7976519008478,10.0402072188118
2012-05-12,-57.9617647058824,-61.4735294117647,0.45982077463371,347.211824370594,0.492440876437397,66.6130743362869,-57.9391505155601,-61.4613211630531,-0.360377737646483,-1.54793627719004,0.122514723208148,0.0139701462900027,33.5431511553354,36.7161161085533,66.7976519008478,8.14566545458254
2012-05-13,-57.9617647058824,-61.4735294117647,0.427308460561241,347.170751432093,0.398161560115291,66.6130743362869,-57.9391505155601,-61.4613211630531,-0.315030443965987,-1.54933534942658,0.12624695976535,-0.0123218996965612,33.5527824062085,37.7474029414889,66.7976519008478,22.3506435614242
2012-05-14,-57.9617647058824,-61.4735294117647,0.397676538403441,346.964159337486,0.493694027749504,66.6130743362869,-57.9391505155601,-61.4613211630531,-0.258703407769905,-1.54196807665703,0.127577254078609,-0.011937226431492,33.5696541069329,39.6627381256557,66.7976519008478,22.1832749194721
2012-05-15,-57.9617647058824,-61.4735294117647,0.382175476449292,346.967305997523,0.6483994533376,66.6130743362869,-57.9391505155601,-61.4613211630531,-0.275540730047483,-1.53697967883225,0.0959006062131903,0.00659133905642911,33.5730436018765,38.698377875664,66.7976519008478,14.3418250066948
2012-05-16,-57.9617647058824,-61.4735294117647,0.368677179442673,346.88198182641,0.620900658572592,66.6130743362869,-57.9391505155601,-61.4613211630531,-0.230479099248585,-1.53528489081966,0.125259330021104,0.00998173536438691,33.5911096735039,41.6509717060969,66.7976519008478,9.93123598527719
2012-05-17,-57.9617647058824,-61.4735294117647,0.367550668193073,346.987468068193,1.30244678186207,66.6130743362869,-57.9391505155601,-61.4613211630531,-0.250479472652782,-1.53989644266172,0.106301611010362,0.0325744931514447,33.5937125480127,39.726163898885,66.7976519008478,3.33253591165837
2012-05-18,-57.9617647058824,-61.4735294117647,0.374790205824666,347.245703348299,0.998059665284506,66.6130743362869,-57.9391505155601,-61.4613211630531,-0.251543049699301,-1.54955569581303,0.116042822307823,0.0282944883653509,33.6016800091495,41.8616358941061,66.7976519008478,3.46431888219889
2012-05-19,-57.9617647058824,-61.4735294117647,0.362595285584287,346.920869036419,0.420766404489192,66.6130743362869,-57.9391505155601,-61.4613211630531,-0.250308470074062,-1.5535758194814,0.093768017484672,-0.0528517980656402,33.6120526652265,43.410007655701,66.7976519008478,60.8947358426093
2012-05-20,-57.9617647058824,-61.4735294117647,0.332058824962232,345.805728447147,0.349340504262506,66.6130743362869,-57.9391505155601,-61.4613211630531,-0.179188234080509,-1.55757987997953,0.151061267339387,-0.033661792358929,33.6405674912508,49.1710457782514,66.7976519008478,43.3948202082157
2012-05-21,-57.9617647058824,-61.4735294117647,0.325678632935373,345.84000229254,0.816918087441747,66.6130743362869,-57.9391505155601,-61.4613211630531,-0.179363189971479,-1.56526592948981,0.13045447813435,0.0353998236066578,33.6531517656869,51.4774377748229,66.7976519008478,2.29700653365136
2012-05-22,-57.9617647058824,-61.4735294117647,0.329755407099317,346.199462890625,0.613081103417932,66.6130743362869,-57.9391505155601,-61.4613211630531,-0.227635318169549,-1.56548462769924,0.0491698079977521,0.0300349907826396,33.6547950353378,49.1827835502573,66.7976519008478,28.229320867952
2012-05-23,-57.9617647058824,-61.4735294117647,0.333895901172626,346.329311836057,0.882463991641998,66.6130743362869,-57.9391505155601,-61.4613211630531,-0.278824373003844,-1.56983094225046,0.0812920835849486,0.0340670582897428,33.6578839311072,48.072626426635,66.7976519008478,9.64630725523261
2012-05-24,-57.9617647058824,-61.4735294117647,0.341335025138971,346.565833487162,0.872239080871024,66.6130743362869,-57.9391505155601,-61.4613211630531,-0.323971009869807,-1.58279080526066,0.0993231274187565,0.0343570049133217,33.661891309195,48.0656249320459,66.7976519008478,4.18152996092257
2012-05-25,-57.9617647058824,-61.4735294117647,0.346596131964428,346.914866749833,0.84382674243392,66.6130743362869,-57.9391505155601,-61.4613211630531,-0.369245156042489,-1.59411807163202,0.0971897147173582,0.070162918091866,33.6646116722611,47.6428550663586,66.7976519008478,3.93142005476638
2012-05-26,-57.9617647058824,-61.4735294117647,0.337734029060457,347.054785007384,0.389889110152314,66.6130743362869,-57.9391505155601,-61.4613211630531,-0.401960996943608,-1.59270128788736,0.128743629238987,0.113089816943917,33.6665061353511,49.2144964001922,66.7976519008478,17.6550943216865
2012-05-27,-57.9617647058824,-61.4735294117647,0.330897662697769,347.710142182141,0.523131975313512,66.6130743362869,-57.9391505155601,-61.4613211630531,-0.451423224368398,-1.57914299826551,0.0613310838698858,0.0543633087433865,33.6652355219832,48.6343974886957,66.7976519008478,17.3823708325445
2012-05-28,-57.9617647058824,-61.4735294117647,0.330702649020567,348.059730343702,0.662992668224544,66.6130743362869,-57.9391505155601,-61.4613211630531,-0.516840082662389,-1.55763671658782,0.0545074582130079,0.0279979523115473,33.675540110682,50.4027000535355,66.7976519008478,25.0899388603125
2012-05-29,-57.9617647058824,-61.4735294117647,0.332069152375547,348.303838218131,0.595860839616962,66.6130743362869,-57.9391505155601,-61.4613211630531,-0.57854232980333,-1.55900654796003,0.0994598634249447,0.0600098506440679,33.6781738785758,49.4696408914008,66.7976519008478,2.33466994785897
2012-05-30,-57.9617647058824,-61.4735294117647,0.330882399183948,348.676972179878,0.455507987156147,66.6130743362869,-57.9391505155601,-61.4613211630531,-0.635971492460543,-1.56803689794502,0.0725244988565422,0.0695607851331051,33.6737834966456,47.0866436063841,66.7976519008478,12.5777972087538
2012-05-31,-57.9617647058824,-61.4735294117647,0.325816076703188,349.082364710366,0.46319820204886,66.6130743362869,-57.9391505155601,-61.4613211630531,-0.675765652214548,-1.57028645413768,0.086086908227157,0.102597380587366,33.6725314728483,47.2478851351822,66.7976519008478,17.5271378092795
2012-06-01,-57.9617647058824,-61.4735294117647,0.319361810640591,349.570153585294,0.380534366681808,66.6130743362869,-57.9391505155601,-61.4613211630531,-0.719063878159935,-1.57741649881226,0.0946189113283045,0.0967498526992666,33.667414254666,46.6642854654515,66.7976519008478,12.3177745632908
2012-06-02,-57.9617647058824,-61.4735294117647,0.313213177025318,350.164370653106,0.348229579809235,66.6130743362869,-57.9391505155601,-61.4613211630531,-0.750652884141958,-1.58332662994241,0.136519465399416,0.0806405279488779,33.662393793886,45.7279314306262,66.7976519008478,4.7931885644223
2012-06-03,-57.9617647058824,-61.4735294117647,0.305609729958744,350.725169112043,0.283868809480493,66.6130743362869,-57.9391505155601,-61.4613211630531,-0.773213351886926,-1.59412960581451,0.139427166944935,0.0943314361206272,33.6613806597134,47.3926525128837,66.7976519008478,9.85466013884146
2012-06-04,-57.9617647058824,-61.4735294117647,0.297591488899254,351.344990800067,0.225993491164068,66.6130743362869,-57.9391505155601,-61.4613211630531,-0.808659303988683,-1.59530339517735,0.0738136072149161,0.0415340028301022,33.661147932292,47.7314039570117,66.7976519008478,11.6127183213276
2012-06-05,-57.9617647058824,-61.4735294117647,0.288707247049343,351.226876607755,0.326444118306404,66.6130743362869,-57.9391505155601,-61.4613211630531,-0.854235917701815,-1.57764507916614,0.0198843945747847,0.0400060179182071,33.6750417701628,50.8635670086633,66.7976519008478,51.4265975297022
2012-06-06,-57.9617647058824,-61.4735294117647,0.281328712294741,351.326667599562,0.262187577965783,66.6130743362869,-57.9391505155601,-61.4613211630531,-0.905507014267519,-1.58231058020984,0.137425548423398,0.0506706101550908,33.6788185263774,50.5139015792352,66.7976519008478,1.53251225045841
2012-06-07,-57.9617647058824,-61.4735294117647,0.274209858440771,351.517326541063,0.221513577714199,66.6130743362869,-57.9391505155601,-61.4613211630531,-0.954236792267254,-1.59432564846739,0.0142032564510862,0.0522406041853421,33.6786642447818,50.3749003172243,66.7976519008478,56.2954139286713
2012-06-08,-57.9617647058824,-61.4735294117647,0.267482451731112,351.749847412109,0.158684775869294,66.6130743362869,-57.9391505155601,-61.4613211630531,-1.00972364726256,-1.58812351394118,0.104398837099392,0.0762320240650341,33.6770579895349,49.2198507074724,66.7976519008478,3.67439873051684
2012-06-09,-57.9617647058824,-61.4735294117647,0.260722955007379,352.122124648676,0.15307391080551,66.6130743362869,-57.9391505155601,-61.4613211630531,-1.049864752653,-1.5873665215998,0.0106308198962537,0.0336725006028306,33.6731948337735,48.4305292404937,66.7976519008478,62.2501643356188
2012-06-10,-57.9617647058824,-61.4735294117647,0.252705295456619,351.808465352873,0.140215900340458,66.6130743362869,-57.9391505155601,-61.4613211630531,-1.07213165177668,-1.56900516856215,0.0209486298011704,0.0071852351017246,33.6817593851231,51.8584045237697,66.7976519008478,60.4317274905715
2012-06-11,-57.9617647058824,-61.4735294117647,0.244346126005417,351.403808965916,0.13215660658188,66.6130743362869,-57.9391505155601,-61.4613211630531,-1.12394639634491,-1.55823020092067,0.0583830205937307,0.100395599568662,33.682844648477,52.5008995864395,66.7976519008478,29.8011918646742
2012-06-12,-57.9617647058824,-61.4735294117647,0.237351611620042,351.328206876429,0.145631663864706,66.6130743362869,-57.9391505155601,-61.4613211630531,-1.18430434583652,-1.55484722033847,0.0405982665908642,0.0740664867928073,33.6713250555329,51.7029291492725,66.7976519008478,33.7151864846385
2012-06-13,-57.9617647058824,-61.4735294117647,0.230501671208114,351.126673256479,0.102841471412742,66.6130743362869,-57.9391505155601,-61.4613211630531,-1.22056972787448,-1.56009878932062,0.00988453750306295,0.0161414495474494,33.6701986490474,51.8369883023776,66.7976519008478,68.2192378357928
2012-06-14,-57.9617647058824,-61.4735294117647,0.224275437251824,350.842637597061,0.124793275475229,66.6130743362869,-57.9391505155601,-61.4613211630531,-1.25166055109659,-1.56499575152893,0.0167419352039554,0.0389335457481916,33.6723629981078,52.9737103291047,66.7976519008478,54.7900050913658
2012-06-15,-57.9617647058824,-61.4735294117647,0.218245204447246,350.780587545255,0.0624134947727548,66.6130743362869,-57.9391505155601,-61.4613211630531,-1.30823470191595,-1.56775807111691,0.0978972827374694,0.0479762499671877,33.6672683592267,48.2970880799287,66.7976519008478,2.70590934147724
2012-06-16,-57.9617647058824,-61.4735294117647,0.213675327235606,351.245928880645,0.124551335008951,66.6130743362869,-57.9391505155601,-61.4613211630531,-1.34227902477409,-1.58309681421993,0.131443755522712,0.0864699337375067,33.6623937475537,39.7226631844092,66.7976519008478,5.80544654976501
2012-06-17,-57.9617647058824,-61.4735294117647,0.208956860369299,351.889900765768,0.0562686553542934,66.6130743362869,-57.9391505155601,-61.4613211630531,-1.35415727350554,-1.58392587943598,0.108612121710008,0.0525379641516971,33.6607732425334,43.2920110988231,66.7976519008478,0.697198107394931
2012-06-18,-57.9617647058824,-61.4735294117647,0.20297779070168,351.688890410633,0.128991241271539,66.6130743362869,-57.9391505155601,-61.4613211630531,-1.33770643667332,-1.58989861040463,0.0139717937531339,0.0393931767507362,33.6782318763887,51.6724518519825,66.7976519008478,57.6274331719021
2012-06-19,-57.9617647058824,-61.4735294117647,0.198040185723363,351.328399658203,0.119363937867669,66.6130743362869,-57.9391505155601,-61.4613211630531,-1.35477802137293,-1.58414169216928,0.132733687773528,0.0598871176924139,33.6910427005989,52.889073603549,66.7976519008478,0.931576039257177
2012-06-20,-57.9617647058824,-61.4735294117647,0.192093592591402,351.395704688095,0.0493751704329398,66.6130743362869,-57.9391505155601,-61.4613211630531,-1.35617371746081,-1.58452801585358,0.155534021139105,-0.0178209973270433,33.7024264213366,50.0635372398675,66.7976519008478,32.196381053482
2012-06-21,-57.9617647058824,-61.4735294117647,0.186864143646345,351.919285844012,0.0741378178183989,66.6130743362869,-57.9391505155601,-61.4613211630531,-1.31641514460568,-1.59602784756546,0.142614106452859,0.00448181398222964,33.7266847144576,54.3898759885677,66.7976519008478,14.8862797558944
2012-06-22,-57.9617647058824,-61.4735294117647,0.183055161702924,352.362788502763,0.0977660592236533,66.6130743362869,-57.9391505155601,-61.4613211630531,-1.29874257906246,-1.59507481353647,0.116736387544878,-0.0351238800526952,33.737959296758,55.829311938421,66.7976519008478,40.0208642385656
2012-06-23,-57.9617647058824,-61.4735294117647,0.18105159963413,352.955774074647,0.147117625422231,66.6130743362869,-57.9391505155601,-61.4613211630531,-1.29973301207006,-1.59675065435057,0.1367723450678,0.0590395185186474,33.7490341042378,57.8651148053477,66.7976519008478,1.47157468005201
2012-06-24,-57.9617647058824,-61.4735294117647,0.179847276610572,353.394307578482,0.121976700543267,66.6130743362869,-57.9391505155601,-61.4613211630531,-1.32136729741708,-1.58671537809848,0.11066645759883,0.0345884675760823,33.7539702298348,58.3385430720814,66.7976519008478,2.40041736443707
2012-06-25,-57.9617647058824,-61.4735294117647,0.17826649891894,353.749782655297,0.149981817321443,66.6130743362869,-57.9391505155601,-61.4613211630531,-1.31849583778304,-1.57777852053263,0.145262339141084,0.0116225687156,33.7612683686168,58.6544364628039,66.7976519008478,12.2120654312254
2012-06-26,-57.9617647058824,-61.4735294117647,0.176989189644412,353.970120313691,0.130650642532401,66.6130743362869,-57.9391505155601,-61.4613211630531,-1.32062002948099,-1.57133791900357,0.108488564498914,0.032086032373622,33.7725078464359,60.5613285610389,66.7976519008478,3.15764644328966
2012-06-27,-57.9617647058824,-61.4735294117647,0.172116740265997,353.513879543397,0.05401678583244,66.6130743362869,-57.9391505155601,-61.4613211630531,-1.32481601347647,-1.56331867566797,0.00104528979753998,-0.00837879295130329,33.7826003410556,61.7565339895395,66.7976519008478,90.7249266662103
2012-06-28,-57.9617647058824,-61.4735294117647,0.165747163953578,352.861561472823,0.0600580006338111,66.6130743362869,-57.9391505155601,-61.4613211630531,-1.32712009850784,-1.55961238630066,0.0345728171941562,-0.0138474132076368,33.793975814634,63.1673457934628,66.7976519008478,59.940345510397
2012-06-29,-57.9617647058824,-61.4735294117647,0.160533149431391,352.667138820741,0.0392579971926241,66.6130743362869,-57.9391505155601,-61.4613211630531,-1.33914167171548,-1.56103576130552,0.0460495891579893,-0.0404656491067648,33.7921554369804,56.0070277251374,66.7976519008478,72.4357511489498
2012-06-30,-57.9617647058824,-61.4735294117647,0.157659212899644,352.922417989591,0.125923559796519,66.6130743362869,-57.9391505155601,-61.4613211630531,-1.33622276839296,-1.57321680702179,0.073772421782879,-0.0227476156715118,33.7919534999832,55.666217143719,66.7976519008478,40.4803420088747
2012-07-01,-57.9617647058824,-61.4735294117647,0.157247975196053,353.196912067692,0.126496586267178,66.6130743362869,-57.9391505155601,-61.4613211630531,-1.34969341650344,-1.57593834882806,0.0670871794143347,0.0263925388093419,33.7926372419967,56.3859349185156,66.7976519008478,18.0402777748986
2012-07-02,-57.9617647058824,-61.4735294117647,0.15690005925007,353.221027281226,0.123994657315496,66.6130743362869,-57.9391505155601,-61.4613211630531,-1.35710681940702,-1.56756655696915,0.0579826967758045,0.036963227990507,33.7963378792993,59.3554149632834,66.7976519008478,20.9105220034662
2012-07-03,-57.9617647058824,-61.4735294117647,0.153213698235227,352.868537344584,0.0430267557229211,66.6130743362869,-57.9391505155601,-61.4613211630531,-1.36738673837883,-1.55674216412661,0.0122098749335076,-0.0359286463162114,33.7987121654104,60.5930414186959,66.7976519008478,99.089717409213
2012-07-04,-57.9617647058824,-61.4735294117647,0.145838533232852,351.489848067121,0.0513116973338694,66.6130743362869,-57.9391505155601,-61.4613211630531,-1.34391096375088,-1.55865564713111,-0.0262912221795876,-0.0306025281618883,33.8034959811109,63.6586899364847,66.7976519008478,143.452115911825
2012-07-05,-57.9617647058824,-61.4735294117647,0.141791064655635,350.932799548638,0.0946235308287347,66.6130743362869,-57.9391505155601,-61.4613211630531,-1.35816940725574,-1.56239447403855,0.00741752171222819,0.00781372683210733,33.8096286861198,64.7418705171902,66.7976519008478,74.4955700545625
2012-07-06,-57.9617647058824,-61.4735294117647,0.140591126480481,350.72778618045,0.107772663053943,66.6130743362869,-57.9391505155601,-61.4613211630531,-1.37287760022198,-1.56153657433153,0.0398775190768535,0.0371881010923308,33.8170420277296,65.4881531371761,66.7976519008478,33.7921675034147
2012-07-07,-57.9617647058824,-61.4735294117647,0.139564838442134,350.660195699552,0.091494215697777,66.6130743362869,-57.9391505155601,-61.4613211630531,-1.39397416705223,-1.56402377319722,0.05346052081157,0.00436402328422999,33.819887956627,65.2941688030516,66.7976519008478,34.7864228958853
2012-07-08,-57.9617647058824,-61.4735294117647,0.137575895321078,350.736491133527,0.0782443920786424,66.6130743362869,-57.9391505155601,-61.4613211630531,-1.42503731630431,-1.56059301671712,0.0641720646969703,-0.0394261251838423,33.8144433128367,53.7858895148665,66.7976519008478,59.6437802456258
2012-07-09,-57.9617647058824,-61.4735294117647,0.134856583777724,351.004415744688,0.0404772427864373,66.6130743362869,-57.9391505155601,-61.4613211630531,-1.43419830575485,-1.56680009207423,0.0215268750874861,-0.0276256347082646,33.8122441372891,49.6938967389456,66.7976519008478,82.3090531344345
2012-07-10,-57.9617647058824,-61.4735294117647,0.132267009194304,351.240045314882,0.0687422109881371,66.6130743362869,-57.9391505155601,-61.4613211630531,-1.43123393020167,-1.56636517379287,0.0198621543403338,-0.028261540118258,33.8133293749028,52.76036886712,66.7976519008478,84.4898937792351
2012-07-11,-57.9617647058824,-61.4735294117647,0.131514066875708,351.282816444955,0.121162126976542,66.6130743362869,-57.9391505155601,-61.4613211630531,-1.43300425185848,-1.56734168368634,0.0406065037154797,0.00447357687269628,33.8144783452455,55.4205450541899,66.7976519008478,44.1485490120865
2012-07-12,-57.9617647058824,-61.4735294117647,0.131829437595315,351.214019403225,0.120875527173644,66.6130743362869,-57.9391505155601,-61.4613211630531,-1.43983940951094,-1.57487658209164,0.052775193015855,0.0102725056692576,33.817108035892,58.3134198349658,66.7976519008478,32.4725694181257
2012-07-13,-57.9617647058824,-61.4735294117647,0.130754071128805,351.040925933094,0.103404830618784,66.6130743362869,-57.9391505155601,-61.4613211630531,-1.4328530154891,-1.58735004916043,0.121377178099554,-0.00516878941200684,33.8235659013715,63.0483196557131,66.7976519008478,17.6715941663372
2012-07-14,-57.9617647058824,-61.4735294117647,0.129753686033371,351.221965510671,0.100147225417015,66.6130743362869,-57.9391505155601,-61.4613211630531,-1.43138615338587,-1.60398366126293,0.101454068779664,0.079200680218084,33.8291155754635,66.0066796751962,66.7976519008478,4.88179125227427
2012-07-15,-57.9617647058824,-61.4735294117647,0.128791549038596,351.35145122249,0.0843180289446581,66.6130743362869,-57.9391505155601,-61.4613211630531,-1.43984138539285,-1.6027703375308,0.0212962360004423,-0.0114825376926566,33.8305550084906,66.5583602683908,66.7976519008478,70.6193828848154
2012-07-16,-57.9617647058824,-61.4735294117647,0.128330936882554,351.176209612591,0.125419308045288,66.6130743362869,-57.9391505155601,-61.4613211630531,-1.44342057730666,-1.60571428268705,0.0486508695893844,0.0135418163630081,33.835839090077,68.0620455645357,66.7976519008478,33.9572373550976
2012-07-17,-57.9617647058824,-61.4735294117647,0.12717380619994,351.067583781917,0.0665515935411904,66.6130743362869,-57.9391505155601,-61.4613211630531,-1.44236886292173,-1.60352568024727,0.132881132043727,-0.00482200684878025,33.8377048168105,68.29350851808,66.7976519008478,18.2525359874189
2012-07-18,-57.9617647058824,-61.4735294117647,0.124554559406711,351.484332945289,0.0458114620230002,66.6130743362869,-57.9391505155601,-61.4613211630531,-1.41757646681648,-1.61252472773898,0.131314432728588,-0.00995043435419298,33.8379663938453,68.1730406834529,66.7976519008478,21.229654166098
2012-07-19,-57.9617647058824,-61.4735294117647,0.123967105749904,352.376334213629,0.121763016551551,66.6130743362869,-57.9391505155601,-61.4613211630531,-1.40538784254257,-1.62730170100646,0.125230500049758,0.0486854655560051,33.8400935586165,68.6435860570787,66.7976519008478,0.277928420810003
2012-07-20,-57.9617647058824,-61.4735294117647,0.125111604790862,352.810360792207,0.147618191294009,66.6130743362869,-57.9391505155601,-61.4613211630531,-1.41782358059516,-1.63109942245097,0.115252059747373,0.0329912912085471,33.8447474480962,69.8937741715898,66.7976519008478,2.3912643092794
2012-07-21,-57.9617647058824,-61.4735294117647,0.12516423714597,352.883061478778,0.121537195473182,66.6130743362869,-57.9391505155601,-61.4613211630531,-1.41561537506448,-1.62616086022252,0.11269278819302,0.0015576384237662,33.8457708886439,69.699584114085,66.7976519008478,14.1825212823729
2012-07-22,-57.9617647058824,-61.4735294117647,0.126337280996689,353.129331635266,0.21624809957859,66.6130743362869,-57.9391505155601,-61.4613211630531,-1.41538407606313,-1.62079355623397,0.101389819120186,-0.00860037132293267,33.8467861232166,69.5488449964124,66.7976519008478,21.5509167398389
2012-07-23,-57.9617647058824,-61.4735294117647,0.127845611877558,353.515534191597,0.132188508287072,66.6130743362869,-57.9391505155601,-61.4613211630531,-1.40363729024223,-1.62009710821546,0.0953388350051746,0.00859625277570706,33.8456659510068,68.4405410782046,66.7976519008478,13.544583608823
2012-07-24,-57.9617647058824,-61.4735294117647,0.12779341120182,353.92264836009,0.0860607117051032,66.6130743362869,-57.9391505155601,-61.4613211630531,-1.41819820214219,-1.62328569576969,0.0784272152915416,0.0724462463335711,33.8474101119357,68.8917291811121,66.7976519008478,10.4151864116747
2012-07-25,-57.9617647058824,-61.4735294117647,0.126520700571014,354.363814935452,0.0499179489887887,66.6130743362869,-57.9391505155601,-61.4613211630531,-1.43103030754326,-1.62535568174885,0.0306906650312919,0.0300868846445914,33.8449431817059,67.1738788125969,66.7976519008478,43.0670415112507
2012-07-26,-57.9617647058824,-61.4735294117647,0.124090038875981,354.011707585032,0.0940465628192192,66.6130743362869,-57.9391505155601,-61.4613211630531,-1.43411230928341,-1.63676037962137,0.00701884531721412,0.124724741296167,33.8526343938954,71.3935469165344,66.7976519008478,88.9730967923132
2012-07-27,-57.9617647058824,-61.4735294117647,0.124693326197746,353.963907381383,0.170286716120999,66.6130743362869,-57.9391505155601,-61.4613211630531,-1.45023300017101,-1.63262987651645,0.0169544529657454,0.0522562548588564,33.8566581993772,72.6066679368939,66.7976519008478,53.4142151537639
2012-07-28,-57.9617647058824,-61.4735294117647,0.125943298292596,353.686159831722,0.170701330754815,66.6130743362869,-57.9391505155601,-61.4613211630531,-1.46183052848064,-1.62435363838386,0.0237591332038324,-0.0058656493289831,33.8602907126732,73.0424113781989,66.7976519008478,64.67595122748
2012-07-29,-57.9617647058824,-61.4735294117647,0.126540602707281,353.375260888076,0.146073097181393,66.6130743362869,-57.9391505155601,-61.4613211630531,-1.47602274849026,-1.6119291857991,0.060149881661984,-0.0120714913485584,33.8642341778507,73.9832957521302,66.7976519008478,40.092692567999
2012-07-30,-57.9617647058824,-61.4735294117647,0.125632476243304,353.452095962152,0.0657358572750193,66.6130743362869,-57.9391505155601,-61.4613211630531,-1.49407586652419,-1.60448365864644,0.124620953506907,0.0274872512087809,33.8618495699204,73.4408816570534,66.7976519008478,3.68063904597422
2012-07-31,-57.9617647058824,-61.4735294117647,0.124528557516453,353.049773053425,0.185729947531732,66.6130743362869,-57.9391505155601,-61.4613211630531,-1.47910771164013,-1.61360667543373,0.150085169651047,0.0975348497319881,33.8658980293634,75.8106994191323,66.7976519008478,13.7965792700731
2012-08-01,-57.9617647058824,-61.4735294117647,0.125184467198645,352.365109327363,0.198955920593041,66.6130743362869,-57.9391505155601,-61.4613211630531,-1.46882383776741,-1.61514454267607,0.0859748831775426,0.129110181289405,33.8764063414292,78.6117300852108,66.7976519008478,33.8927189704625
2012-08-02,-57.9617647058824,-61.4735294117647,0.12525250272053,352.141833421661,0.0663562228494301,66.6130743362869,-57.9391505155601,-61.4613211630531,-1.4871942518372,-1.59749405377629,0.0615015923273065,0.0283537957460372,33.879297552482,75.4672117194666,66.7976519008478,20.6405647957641
2012-08-03,-57.9617647058824,-61.4735294117647,0.125074719056124,352.467069672375,0.121978595443979,66.6130743362869,-57.9391505155601,-61.4613211630531,-1.50808126611105,-1.59983751278335,0.115633437960495,0.0694734716232409,33.8760562798916,72.0459260013905,66.7976519008478,1.26404765670034
2012-08-04,-57.9617647058824,-61.4735294117647,0.127774460650072,352.723148997237,0.229198456810015,66.6130743362869,-57.9391505155601,-61.4613211630531,-1.51601459928531,-1.6099255088209,0.0533460250197232,0.0745953095777717,33.8762271845067,73.5275771878509,66.7976519008478,24.4745452345082
2012-08-05,-57.9617647058824,-61.4735294117647,0.131475602617351,352.647121522485,0.30116921754145,66.6130743362869,-57.9391505155601,-61.4613211630531,-1.51906496616188,-1.616588097674,0.0803283412919434,0.0574126885889674,33.8789371330889,74.818538993959,66.7976519008478,8.03506473588476
2012-08-06,-57.9617647058824,-61.4735294117647,0.133407364985565,352.436553955078,0.153723282875811,66.6130743362869,-57.9391505155601,-61.4613211630531,-1.52392717057716,-1.61089707466594,0.0602157786991271,-0.00474622546520471,33.8796846387196,75.2085662705374,66.7976519008478,35.4615823880572
2012-08-07,-57.9617647058824,-61.4735294117647,0.134056425766974,352.48367756169,0.160501902922988,66.6130743362869,-57.9391505155601,-61.4613211630531,-1.53201074494041,-1.61628044182472,0.0999507954829296,0.0418058275402236,33.8786076894495,73.1785293803041,66.7976519008478,2.84591357955344
2012-08-08,-57.9617647058824,-61.4735294117647,0.136116843216303,352.456306643602,0.194375000258044,66.6130743362869,-57.9391505155601,-61.4613211630531,-1.53492075389857,-1.61969637259459,0.0642511409967534,0.0256808520459373,33.8810026089029,73.8887746478864,66.7976519008478,19.7903638424677
2012-08-09,-57.9617647058824,-61.4735294117647,0.138968851780746,352.314599758241,0.264280583073453,66.6130743362869,-57.9391505155601,-61.4613211630531,-1.55464633386306,-1.61809013375708,0.0690163118606396,4.36566870624398e-05,33.878342112388,66.5058485036276,66.7976519008478,27.8495822633017
2012-08-10,-57.9617647058824,-61.4735294117647,0.141435438176481,352.252288446194,0.208031471409812,66.6130743362869,-57.9391505155601,-61.4613211630531,-1.55759093893363,-1.61687804346303,0.0727131288151751,-0.0282409473620204,33.878086754185,67.8606479582999,66.7976519008478,45.360534439996
2012-08-11,-57.9617647058824,-61.4735294117647,0.144334649076549,352.539576832841,0.312928667655442,66.6130743362869,-57.9391505155601,-61.4613211630531,-1.56207357839695,-1.60440664107983,0.10153067402049,-0.0221874918411618,33.8750328753802,62.582098905535,66.7976519008478,30.9899103790765
2012-08-12,-57.9617647058824,-61.4735294117647,0.152094674909987,353.075933689024,0.586803598647437,66.6130743362869,-57.9391505155601,-61.4613211630531,-1.56025877381787,-1.59763326319927,0.109328750671766,-0.0124405141412086,33.8725616516855,59.242154651647,66.7976519008478,22.8534688736017
2012-08-13,-57.9617647058824,-61.4735294117647,0.161330997035271,353.621863016268,0.378429890405841,66.6130743362869,-57.9391505155601,-61.4613211630531,-1.57768521456905,-1.60138856270696,0.045187986738648,-0.0228934125087441,33.8693122246005,58.1828614207897,66.7976519008478,57.9756323762652
2012-08-14,-57.9617647058824,-61.4735294117647,0.168266698899792,354.041684778725,0.473748199005679,66.6130743362869,-57.9391505155601,-61.4613211630531,-1.58415563499075,-1.61196707713942,0.0448370856935518,0.000310539324515262,33.8689086183041,57.3991000797102,66.7976519008478,43.0266093463842
2012-08-15,-57.9617647058824,-61.4735294117647,0.173584634301866,353.94729428175,0.615936700618122,66.6130743362869,-57.9391505155601,-61.4613211630531,-1.57748357165358,-1.62470618594191,0.0490816708317331,0.0655443679727363,33.8744129536123,65.3921904531729,66.7976519008478,25.9904073086682
2012-08-16,-57.9617647058824,-61.4735294117647,0.176285878732437,353.691082838105,0.526826382682818,66.6130743362869,-57.9391505155601,-61.4613211630531,-1.58012274273655,-1.62021448689434,0.149480565221083,0.0187542624168309,33.8738898922075,66.353461794525,66.7976519008478,10.5670280828829
2012-08-17,-57.9617647058824,-61.4735294117647,0.178285172799738,353.57769403225,0.422725530114116,66.6130743362869,-57.9391505155601,-61.4613211630531,-1.56284951246702,-1.61561364538756,0.162909533164882,0.0187114294914984,33.8732432521146,68.0274496902178,66.7976519008478,15.4035726149846
2012-08-18,-57.9617647058824,-61.4735294117647,0.181563398460063,353.970209633432,0.419218394700892,66.6130743362869,-57.9391505155601,-61.4613211630531,-1.53649931084289,-1.60234406602527,0.159027381072402,-0.0058137554167575,33.8735747549698,69.0352607526277,66.7976519008478,25.5530611498591
2012-08-19,-57.9617647058824,-61.4735294117647,0.189900973675455,354.611152090677,0.819373010180709,66.6130743362869,-57.9391505155601,-61.4613211630531,-1.51903827775989,-1.59565758914278,0.14834137243318,-0.00563583389809418,33.8741945995171,68.789794660612,66.7976519008478,21.8780716067844
2012-08-20,-57.9617647058824,-61.4735294117647,0.203507554240343,355.240194925448,0.994315923895778,66.6130743362869,-57.9391505155601,-61.4613211630531,-1.52323327526229,-1.60724844430622,0.13858121511867,0.0473082200969681,33.8770198796281,70.157773760488,66.7976519008478,1.91479210706118
2012-08-21,-57.9617647058824,-61.4735294117647,0.212326585701326,355.513245745403,0.496250349982846,66.6130743362869,-57.9391505155601,-61.4613211630531,-1.53210366029649,-1.60842717803924,0.152099967817305,-0.0199049873511318,33.878166919456,70.4458668009955,66.7976519008478,32.5692516085985
2012-08-22,-57.9617647058824,-61.4735294117647,0.216293624624973,355.694270808522,0.635856822133064,66.6130743362869,-57.9391505155601,-61.4613211630531,-1.5344126866414,-1.6069366669687,0.142627285941731,0.0302302103323734,33.8798555381868,71.0624149646836,66.7976519008478,5.38408801459501
2012-08-23,-57.9617647058824,-61.4735294117647,0.220309805761023,355.178314953316,0.832167295602764,66.6130743362869,-57.9391505155601,-61.4613211630531,-1.53562749863958,-1.61018621245859,0.133904181551515,0.0937334215632978,33.8903825015996,73.9686748720856,66.7976519008478,8.71260372959546
2012-08-24,-57.9617647058824,-61.4735294117647,0.215338329171262,352.925431414348,0.716010430964028,66.6130743362869,-57.9391505155601,-61.4613211630531,-1.51736977097155,-1.61378665330761,0.0948182493599079,0.123976811273941,33.9101289602426,78.4574902890987,66.7976519008478,27.5389079139315
2012-08-25,-57.9617647058824,-61.4735294117647,0.21587852951957,351.808468702363,0.547595024290608,66.6130743362869,-57.9391505155601,-61.4613211630531,-1.51879116357901,-1.60176705654494,0.107140972818199,0.0999656223796318,33.916893906278,75.7682782287701,66.7976519008478,11.3046172413819
2012-08-26,-57.9617647058824,-61.4735294117647,0.217300485910439,351.922450367997,0.222642052055496,66.6130743362869,-57.9391505155601,-61.4613211630531,-1.56021627353431,-1.5827714470234,0.148081903294352,0.0385035682524908,33.8989963866117,41.6616801134488,66.7976519008478,5.10434550969276
2012-08-27,-57.9617647058824,-61.4735294117647,0.218943261882154,352.819039693693,0.484907577768332,66.6130743362869,-57.9391505155601,-61.4613211630531,-1.57118712037842,-1.57778922716777,0.117285803186628,0.0284732339524145,33.8823143756985,27.4959016444712,66.7976519008478,3.37294647094562
2012-08-28,-57.9617647058824,-61.4735294117647,0.234687908575302,353.745389240544,1.55316814616686,66.6130743362869,-57.9391505155601,-61.4613211630531,-1.56817233884222,-1.58311534651861,0.107374083009447,0.015643928008966,33.8803127304262,29.9662123575867,66.7976519008478,8.2948753589342
2012-08-29,-57.9617647058824,-61.4735294117647,0.261082376830462,354.468601133765,1.85436941610604,66.6130743362869,-57.9391505155601,-61.4613211630531,-1.54867409758883,-1.5868059848806,0.0959697979352815,0.00291593848412175,33.8798595896938,32.5143638435806,66.7976519008478,16.1449497628942
2012-08-30,-57.9617647058824,-61.4735294117647,0.293263519864257,355.081751009313,2.22886252039816,66.6130743362869,-57.9391505155601,-61.4613211630531,-1.54046400146768,-1.59036194747276,0.10437989216323,-0.00106011669926959,33.8789514394907,32.925807846059,66.7976519008478,16.5739925422068
2012-08-31,-57.9617647058824,-61.4735294117647,0.318529839195856,355.287750616306,1.53429821569745,66.6130743362869,-57.9391505155601,-61.4613211630531,-1.53266114825018,-1.58951723205577,0.0866074932892474,-0.0561194615777929,33.8784263188701,35.6045175930749,66.7976519008478,66.604219339004
2012-09-01,-57.9617647058824,-61.4735294117647,0.342568807122184,355.823165521389,2.47633117001231,66.6130743362869,-57.9391505155601,-61.4613211630531,-1.52580918538586,-1.59156950926169,0.133030224013345,0.0417028635679952,33.880701783215,41.9522442734032,66.7976519008478,1.60107697123616
2012-09-02,-57.9617647058824,-61.4735294117647,0.368085266976822,356.333299218155,2.00389652063207,66.6130743362869,-57.9391505155601,-61.4613211630531,-1.51371545379783,-1.58524628866378,0.14584470286905,0.0611902293516637,33.8830781697262,46.4805981935921,66.7976519008478,3.5038854357438
2012-09-03,-57.9617647058824,-61.4735294117647,0.392912060022354,356.839578023771,2.28077421464571,66.6130743362869,-57.9391505155601,-61.4613211630531,-1.50185005561865,-1.58670837692564,0.132680970426352,0.0428766524381483,33.8859302453827,51.3100186102143,66.7976519008478,1.41656058864957
2012-09-04,-57.9617647058824,-61.4735294117647,0.432140755580693,357.420196533203,2.88772727221977,66.6130743362869,-57.9391505155601,-61.4613211630531,-1.51401297910976,-1.59310326145085,0.0814263486679186,0.0672576878717554,33.8861897374615,51.1465117998934,66.7976519008478,8.39615633753168
2012-09-05,-57.9617647058824,-61.4735294117647,0.466887781532799,357.97994250786,1.84339789573739,66.6130743362869,-57.9391505155601,-61.4613211630531,-1.52453210221933,-1.582790392774,0.121038632540286,0.0262903985586244,33.8852919451138,51.5381867026511,66.7976519008478,3.91748000287381
2012-09-06,-57.9617647058824,-61.4735294117647,0.499653596703599,358.537002191311,2.99654978586406,66.6130743362869,-57.9391505155601,-61.4613211630531,-1.52771294937443,-1.58525988013156,0.10132474629221,0.0342688677070836,33.8833171417195,49.6755690709782,66.7976519008478,3.79942340392011
2012-09-07,-57.9617647058824,-61.4735294117647,0.557688086861517,359.05392344405,4.81688555566276,66.6130743362869,-57.9391505155601,-61.4613211630531,-1.54582240916135,-1.58982653592119,0.068160475753298,0.00903034871305853,33.8760459838126,40.404078538923,66.7976519008478,23.8226038833935
2012-09-08,-57.9617647058824,-61.4735294117647,0.627053647506528,359.644853917564,5.84908818035591,66.6130743362869,-57.9391505155601,-61.4613211630531,-1.5609131313046,-1.58996244818575,0.0828167736309099,0.0458032992164455,33.8685338101406,36.7414453225902,66.7976519008478,7.38075308432065
2012-09-09,-57.9617647058824,-61.4735294117647,0.628358523656682,359.029746823195,3.29687674452619,66.6130743362869,-57.9391505155601,-61.4613211630531,-1.54584810769188,-1.59054110600398,-0.00124874644675236,-0.00960035708590879,33.8827982347826,47.7678532992941,66.7976519008478,94.2595912842578
2012-09-10,-57.9617647058824,-61.4735294117647,0.622310147052858,358.253386334675,3.7066635838369,66.6130743362869,-57.9391505155601,-61.4613211630531,-1.60212374634427,-1.59584910393405,0.0372655300546674,0.0578220731675544,33.8835582089649,45.3869152352234,66.7976519008478,34.5305438083816
2012-09-11,-57.9617647058824,-61.4735294117647,0.643164986153928,358.018217877644,3.65410895754651,66.6130743362869,-57.9391505155601,-61.4613211630531,-1.57636365346741,-1.5864303721751,0.0908751426950881,0.0745590662083484,33.8983664313148,51.766766714181,66.7976519008478,6.38488320564256
2012-09-12,-57.9617647058824,-61.4735294117647,0.657027276914294,357.767954756574,3.50169999933824,66.6130743362869,-57.9391505155601,-61.4613211630531,-1.58887253550865,-1.58566596890912,0.0648170308324329,0.0919995088577673,33.9009755967278,59.086678920648,66.7976519008478,22.5047493640415
2012-09-13,-57.9617647058824,-61.4735294117647,0.679290029333859,357.696296505812,3.43912943180014,66.6130743362869,-57.9391505155601,-61.4613211630531,-1.61190745962454,-1.58937679257309,0.0856874078743451,0.0690896220646004,33.8971000753755,50.6187188950306,66.7976519008478,7.0855027133753
2012-09-14,-57.9617647058824,-61.4735294117647,0.717358700385908,357.779627358041,4.38333580115946,66.6130743362869,-57.9391505155601,-61.4613211630531,-1.65813348956115,-1.60565827105209,0.0808060937856453,0.0631168902362728,33.8844354297468,42.7012039871834,66.7976519008478,8.1871474105225
2012-09-15,-57.9617647058824,-61.4735294117647,0.764530113920933,357.937434126691,5.22899762232129,66.6130743362869,-57.9391505155601,-61.4613211630531,-1.74524196230287,-1.61125785812193,0.0748251249885511,0.0400323767853491,33.8525779250501,35.9397681168056,66.7976519008478,11.3502337296906
2012-09-16,-57.9617647058824,-61.4735294117647,0.801883356963716,358.167224790992,4.51363435532989,66.6130743362869,-57.9391505155601,-61.4613211630531,-1.64795044108763,-1.62542858104474,0.0918825417555939,0.0948553162095276,33.8939843840606,51.8373999846609,66.7976519008478,12.2709189932701
2012-09-17,-57.9617647058824,-61.4735294117647,0.819005688879548,358.277259640577,4.09295276025446,66.6130743362869,-57.9391505155601,-61.4613211630531,-1.63498587920437,-1.62610320024967,0.129811983057844,0.0877763402476082,33.8951684485885,52.5880071199857,66.7976519008478,6.06597572688007
2012-09-18,-57.9617647058824,-61.4735294117647,0.815170271731005,358.088111319193,2.90782682270539,66.6130743362869,-57.9391505155601,-61.4613211630531,-1.61251535846798,-1.61556133905403,0.156180634340535,0.0768893459980224,33.8964636592891,59.9400440427134,66.7976519008478,8.99758380788029
2012-09-19,-57.9617647058824,-61.4735294117647,0.815456490691115,358.399491100776,1.76135836541653,66.6130743362869,-57.9391505155601,-61.4613211630531,-1.59241910695064,-1.60381850909929,0.140244288799854,0.0178852469010553,33.8948656460534,58.9738305216698,66.7976519008478,8.6101209820917
2012-09-20,-57.9617647058824,-61.4735294117647,0.841558058814305,358.874366574171,3.73182803101656,66.6130743362869,-57.9391505155601,-61.4613211630531,-1.59721014261567,-1.59324700050508,-0.00376518503052664,0.00802377325340643,33.8981687980786,61.0491715622978,66.7976519008478,87.6459665669477
2012-09-21,-57.9617647058824,-61.4735294117647,0.851111820194779,358.222028034489,3.42228792280686,66.6130743362869,-57.9391505155601,-61.4613211630531,-1.59496931749799,-1.58265406930978,-0.00702049254908575,-0.023775607448036,33.9082985490601,66.8728117485922,66.7976519008478,111.499894939787
2012-09-22,-57.9617647058824,-61.4735294117647,0.83923162919719,357.350066394341,2.24834971384304,66.6130743362869,-57.9391505155601,-61.4613211630531,-1.60002328155816,-1.58711776109199,0.00881700736046964,-0.0297466918383694,33.9141942692189,69.1757032584887,66.7976519008478,97.4293340508291
2012-09-23,-57.9617647058824,-61.4735294117647,0.85723614329245,357.304419168612,3.32539955871861,66.6130743362869,-57.9391505155601,-61.4613211630531,-1.6146632714471,-1.59286603078186,0.0240573169369447,-0.00171908576358185,33.9085889602641,59.1225105072001,66.7976519008478,61.9808952664392
2012-09-24,-57.9617647058824,-61.4735294117647,0.89466740699803,357.961077062095,2.54118827239769,66.6130743362869,-57.9391505155601,-61.4613211630531,-1.62589704572109,-1.59090848184629,0.142687417234969,0.054293293229401,33.9041758857758,52.2609936473502,66.7976519008478,2.50763142887091
2012-09-25,-57.9617647058824,-61.4735294117647,0.917619977782412,358.328842163086,4.58208167625637,66.6130743362869,-57.9391505155601,-61.4613211630531,-1.61551432908788,-1.60217767897566,0.138139705873734,0.141681665381198,33.9059591512127,62.2487013761492,66.7976519008478,39.7953124941275
2012-09-26,-57.9617647058824,-61.4735294117647,0.95619711388902,358.988499711199,3.7971992121964,66.6130743362869,-57.9391505155601,-61.4613211630531,-1.60552304154626,-1.60311217909722,0.124804641619103,0.093552204972578,33.9036341215435,59.9381910149063,66.7976519008478,7.81667725656147
2012-09-27,-57.9617647058824,-61.4735294117647,1.01266417270753,359.697584943074,6.641897845559,66.6130743362869,-57.9391505155601,-61.4613211630531,-1.60989892418407,-1.61191847498118,0.105566860150229,0.101921936967152,33.8955555039379,50.4395618786213,66.7976519008478,12.4370860393223
2012-09-28,-57.9617647058824,-61.4735294117647,1.10111421092254,360.663455870093,8.18235176801682,66.6130743362869,-57.9391505155601,-61.4613211630531,-1.61416212315501,-1.62369631514376,0.10553391164674,0.0825087055262284,33.8743038718034,41.2345856809423,66.7976519008478,5.07581276583739
2012-09-29,-57.9617647058824,-61.4735294117647,1.19266794694633,361.54677972561,7.43278837349357,66.6130743362869,-57.9391505155601,-61.4613211630531,-1.59229455898326,-1.63016739274487,0.14611982268642,0.0220573454160198,33.8712376788882,36.1475492752837,66.7976519008478,8.52395964180095
2012-09-30,-57.9617647058824,-61.4735294117647,1.2732518998588,362.231767980064,8.47466718132903,66.6130743362869,-57.9391505155601,-61.4613211630531,-1.55985548573467,-1.62663449562191,0.132868776276366,0.0817319455276295,33.876087101204,39.8453961911633,66.7976519008478,4.56118812663165
2012-10-01,-57.9617647058824,-61.4735294117647,1.32981091737747,362.651490002144,5.07478434937756,66.6130743362869,-57.9391505155601,-61.4613211630531,-1.54767872648522,-1.60977312122118,0.0919187851199898,-0.015892688808372,33.8741080764173,40.664165476234,66.7976519008478,28.6404148971102
2012-10-02,-57.9617647058824,-61.4735294117647,1.37839229295893,362.965843758932,9.15672780246269,66.6130743362869,-57.9391505155601,-61.4613211630531,-1.51819216280009,-1.60810675440851,0.165202745793239,0.0445586712314532,33.8769003884834,44.7851939941386,66.7976519008478,10.556276434909
2012-10-03,-57.9617647058824,-61.4735294117647,1.49161738229961,363.891422923018,10.6525844829838,66.6130743362869,-57.9391505155601,-61.4613211630531,-1.47009795719152,-1.60525794389599,0.131198289724979,0.0135558194577613,33.8773863943,46.5281675598721,66.7976519008478,8.8834801709639
2012-10-04,-57.9617647058824,-61.4735294117647,1.59062741224359,364.533010343226,7.21894781473206,66.6130743362869,-57.9391505155601,-61.4613211630531,-1.42988469179182,-1.60728962926569,0.107413621013544,0.0019711414892503,33.865718491486,28.6958433207874,66.7976519008478,14.505960153996
2012-10-05,-57.9617647058824,-61.4735294117647,1.67669513676225,365.171453708556,10.5653559696384,66.6130743362869,-57.9391505155601,-61.4613211630531,-1.41359102187047,-1.61561076296808,0.144233523472118,0.0351230565071428,33.8624380680553,29.3416331943713,66.7976519008478,4.6991340017474
2012-10-06,-57.9617647058824,-61.4735294117647,1.79562418489921,366.24984145746,13.9277738303673,66.6130743362869,-57.9391505155601,-61.4613211630531,-1.41638043671645,-1.6213236149506,0.134102696158223,0.064634166662952,33.8653231272009,36.8639723665801,66.7976519008478,1.49051651447449
2012-10-07,-57.9617647058824,-61.4735294117647,1.91599097339118,367.329912139148,13.3167087043204,66.6130743362869,-57.9391505155601,-61.4613211630531,-1.42357044873128,-1.62574776995037,0.12223878045354,0.0593945382869276,33.8636653555228,37.4621928957632,66.7976519008478,0.150167136074853
2012-10-08,-57.9617647058824,-61.4735294117647,2.01662581722911,368.269874014506,16.418575472948,66.6130743362869,-57.9391505155601,-61.4613211630531,-1.4368928286389,-1.62704717324652,0.0774082841499936,0.0509407874272179,33.8623082602394,37.0283028606461,66.7976519008478,9.25080889030709
2012-10-09,-57.9617647058824,-61.4735294117647,2.02448558225864,368.456007794636,16.2609873166898,66.6130743362869,-57.9391505155601,-61.4613211630531,-1.46141636669234,-1.62601671270352,0.0824246869778183,0.0983107860291857,33.8678003843979,41.1330632314026,66.7976519008478,16.8672248601177
2012-10-10,-57.9617647058824,-61.4735294117647,1.9515344486004,367.613431977063,12.4035165077303,66.6130743362869,-57.9391505155601,-61.4613211630531,-1.47626392875123,-1.62406533819783,0.136829180891818,0.127539363592944,33.8726747695573,47.8026551415241,66.7976519008478,28.2082173990032
2012-10-11,-57.9617647058824,-61.4735294117647,1.88606523667894,366.788820220203,7.68175115236422,66.6130743362869,-57.9391505155601,-61.4613211630531,-1.47387582586523,-1.62077914204514,0.15762377673114,0.0861898720435366,33.8769376448452,52.2410184265631,66.7976519008478,12.0619936835812
2012-10-12,-57.9617647058824,-61.4735294117647,1.84732078924412,366.349560249143,7.21440590009457,66.6130743362869,-57.9391505155601,-61.4613211630531,-1.45718874960293,-1.61126651149369,0.172285016847324,0.0801290030542173,33.8777346746159,53.0190138681697,66.7976519008478,16.8590975125033
2012-10-13,-57.9617647058824,-61.4735294117647,1.80327415320931,365.562377929688,9.11328362546316,66.6130743362869,-57.9391505155601,-61.4613211630531,-1.43872542259021,-1.61107293925626,0.183020448495663,0.0996583777953658,33.8814804705209,56.2487867113389,66.7976519008478,29.9737503857572
2012-10-14,-57.9617647058824,-61.4735294117647,1.75462674731162,364.610939956293,7.0154214137938,66.6130743362869,-57.9391505155601,-61.4613211630531,-1.43603880524474,-1.61808313435388,0.15743432314149,0.104884003433581,33.8876439299178,60.341191536341,66.7976519008478,19.7056715934683
2012-10-15,-57.9617647058824,-61.4735294117647,1.71712583521517,363.739729346299,8.98714759291672,66.6130743362869,-57.9391505155601,-61.4613211630531,-1.4541136702867,-1.62329722802166,0.109748843197639,0.142715423218353,33.8927983323894,62.4573063342034,66.7976519008478,39.6675366393335
2012-10-16,-57.9617647058824,-61.4735294117647,1.73066948535966,363.566932119974,8.47444274948865,66.6130743362869,-57.9391505155601,-61.4613211630531,-1.46646736604482,-1.61741386766215,0.166124479184065,0.0676151785431442,33.8925202713322,61.484091364903,66.7976519008478,11.3930598019037
2012-10-17,-57.9617647058824,-61.4735294117647,1.7427632772341,363.30094909668,9.15157361728389,66.6130743362869,-57.9391505155601,-61.4613211630531,-1.47180205068768,-1.62867359239885,0.120643250709563,0.12183845646971,33.895677136667,62.4601896340065,66.7976519008478,22.8271132509817
2012-10-18,-57.9617647058824,-61.4735294117647,1.77035419606581,363.312934689405,8.56334006059461,66.6130743362869,-57.9391505155601,-61.4613211630531,-1.51047332687417,-1.62293314772901,0.0967152570745079,0.0755615230051451,33.8822834462772,48.0944549673804,66.7976519008478,5.04580122271594
2012-10-19,-57.9617647058824,-61.4735294117647,1.80488821355308,363.687799593297,8.65374390381139,66.6130743362869,-57.9391505155601,-61.4613211630531,-1.49832423865876,-1.61562476595725,0.0637849204081353,0.0597124909441642,33.8976332835662,58.6801773565501,66.7976519008478,16.1136392531926
2012-10-20,-57.9617647058824,-61.4735294117647,1.82165231864627,364.00728960735,9.16403510221621,66.6130743362869,-57.9391505155601,-61.4613211630531,-1.55767990099756,-1.61324877214496,0.0574324575985572,0.0696876365515465,33.8911135540961,44.218686397259,66.7976519008478,20.9453093176838
2012-10-21,-57.9617647058824,-61.4735294117647,1.8204782874119,364.254201749476,9.51554083824158,66.6130743362869,-57.9391505155601,-61.4613211630531,-1.57106158615928,-1.60835839637056,0.045234114524887,0.0832368664533986,33.8983373860759,48.5320516913204,66.7976519008478,32.3638906158763
2012-10-22,-57.9617647058824,-61.4735294117647,1.83509215712547,364.861324403344,9.97404793559051,66.6130743362869,-57.9391505155601,-61.4613211630531,-1.684284020532,-1.60962567734815,0.0876486648864511,0.0175903583103829,33.8442607318502,30.5168635166287,66.7976519008478,12.0556614620833
2012-10-23,-57.9617647058824,-61.4735294117647,1.80602233438957,365.044824367616,6.57449053555,66.6130743362869,-57.9391505155601,-61.4613211630531,-1.51823861774324,-1.62103819654055,0.187951185211399,0.0109677180476919,33.9026021867307,39.9790433286494,66.7976519008478,32.26445814405
2012-10-24,-57.9617647058824,-61.4735294117647,1.80241129238431,365.41034940394,10.3818738373314,66.6130743362869,-57.9391505155601,-61.4613211630531,-1.48067440919065,-1.63033049019725,0.135295430411976,0.00328825617287001,33.9080510725055,54.5196105993068,66.7976519008478,14.1218504698317
2012-10-25,-57.9617647058824,-61.4735294117647,1.8639169662464,366.402805607493,13.2706484387561,66.6130743362869,-57.9391505155601,-61.4613211630531,-1.45438846000615,-1.63106770859717,0.128122551344064,0.0325827302760602,33.9073653176085,52.7539850059952,66.7976519008478,2.65854098029331
2012-10-26,-57.9617647058824,-61.4735294117647,1.9456509831475,367.847749291397,18.0790997598229,66.6130743362869,-57.9391505155601,-61.4613211630531,-1.41263419639083,-1.62771767627212,0.0757583901788863,0.047330460396775,33.8886238901239,33.1968089539995,66.7976519008478,10.1573864182124
2012-10-27,-57.9617647058824,-61.4735294117647,2.02114793149436,369.820964534108,21.8165373685883,66.6130743362869,-57.9391505155601,-61.4613211630531,-1.41288329095815,-1.62185573272216,0.110105510268174,0.014565689687827,33.8941468252988,32.237390852811,66.7976519008478,8.40162748557522
2012-10-28,-57.9617647058824,-61.4735294117647,2.03561601115436,370.816445327387,15.3155796876768,66.6130743362869,-57.9391505155601,-61.4613211630531,-1.37304563560949,-1.61041067357649,0.117062577211101,-0.00816627542580027,33.9039119149027,43.7742941324849,66.7976519008478,19.5445174260877
2012-10-29,-57.9617647058824,-61.4735294117647,1.99490909896246,371.006863105588,16.751108721989,66.6130743362869,-57.9391505155601,-61.4613211630531,-1.38268009781355,-1.61157663663228,0.0665394113614009,0.0729083484654565,33.9075135759979,49.2824529385277,66.7976519008478,16.1837198515266
2012-10-30,-57.9617647058824,-61.4735294117647,1.96987562862838,371.531618816097,16.1919177043729,66.6130743362869,-57.9391505155601,-61.4613211630531,-1.39784297351091,-1.60941563025821,0.07547750435116,0.0633771831519127,33.9007901128648,44.5244893397075,66.7976519008478,10.4565557547804
2012-10-31,-57.9617647058824,-61.4735294117647,1.90254121146551,371.508146704697,10.5577204169297,66.6130743362869,-57.9391505155601,-61.4613211630531,-1.40605999286036,-1.60222545181691,0.0628607160639264,-0.0292409329842298,33.9065848490809,50.4171154109733,66.7976519008478,51.3637269903359
2012-11-01,-57.9617647058824,-61.4735294117647,1.75215003330533,370.425034685833,7.38177122139349,66.6130743362869,-57.9391505155601,-61.4613211630531,-1.40786985065612,-1.59706531282057,0.124868067200126,-0.0498230113382684,33.9026721897717,51.267597552414,66.7976519008478,54.2829617416641
2012-11-02,-57.9617647058824,-61.4735294117647,1.71426664038402,370.478563634361,16.1681601594134,66.6130743362869,-57.9391505155601,-61.4613211630531,-1.36694687693386,-1.59131951193739,0.132517875462529,0.0226224114095312,33.8988954798895,46.4227325385399,66.7976519008478,5.75559097034883
2012-11-03,-57.9617647058824,-61.4735294117647,1.74385554397978,372.147070907965,21.368036560896,66.6130743362869,-57.9391505155601,-61.4613211630531,-1.20224280552825,-1.57693627504846,0.089835618973261,0.0394088270220599,33.8951023735016,32.9937639519592,66.7976519008478,5.74264078102607
2012-11-04,-57.9617647058824,-61.4735294117647,1.73860336294988,374.124836619307,23.1080568011214,66.6130743362869,-57.9391505155601,-61.4613211630531,-1.13161877521619,-1.57087417121841,0.0908191302959655,0.0344476131232161,33.8877858098863,23.3802271185295,66.7976519008478,6.30836391850476
2012-11-05,-57.9617647058824,-61.4735294117647,1.71032499322077,375.968201427925,24.7482625798481,66.6130743362869,-57.9391505155601,-61.4613211630531,-1.16663771332839,-1.57116164594848,0.0818645631776326,0.036443465855601,33.8870464844903,28.3109641248881,66.7976519008478,8.97277342195208
2012-11-06,-57.9617647058824,-61.4735294117647,1.66691750069944,377.68823874869,24.3115669692435,66.6130743362869,-57.9391505155601,-61.4613211630531,-1.05433651714431,-1.5763090203809,0.0981913480842323,0.0160796713993939,33.8752119705262,22.4601413170818,66.7976519008478,9.73539826315054
2012-11-07,-57.9617647058824,-61.4735294117647,1.62880785872297,376.678405017388,17.2598771700045,66.6130743362869,-57.9391505155601,-61.4613211630531,-1.16797607887773,-1.57970353611085,0.0920324572908734,-0.0392819755784815,33.8835044737287,35.1798943070426,66.7976519008478,47.7544127377106
2012-11-08,-57.9617647058824,-61.4735294117647,1.56414563336023,375.618239239949,16.282158613205,66.6130743362869,-57.9391505155601,-61.4613211630531,-1.1063499409258,-1.58950364074887,0.111669738645013,0.00769264124806432,33.8791202385577,32.6185633779055,66.7976519008478,11.2197019182908
2012-11-09,-57.9617647058824,-61.4735294117647,1.43626720258375,373.901407009218,9.94467211641916,66.6130743362869,-57.9391505155601,-61.4613211630531,-1.1725476806463,-1.58706751445688,0.0120525460906437,0.0148630494983331,33.8771062585828,41.7430215583317,66.7976519008478,66.3447074212082
2012-11-10,-57.9617647058824,-61.4735294117647,1.34957655355698,372.525700266768,12.0267170289668,66.6130743362869,-57.9391505155601,-61.4613211630531,-1.24694167441524,-1.57632961334326,0.051715900113507,0.0142798618025143,33.8704878463436,44.4161713004273,66.7976519008478,31.5104874382815
2012-11-11,-57.9617647058824,-61.4735294117647,1.32813647425756,372.564886697909,11.7502020103175,66.6130743362869,-57.9391505155601,-61.4613211630531,-1.18246088055303,-1.56995696786605,0.123026248520082,0.016722990041561,33.8648701512057,38.434172486165,66.7976519008478,7.08679892894077
2012-11-12,-57.9617647058824,-61.4735294117647,1.29787340033345,372.528076171875,8.22369825258488,66.6130743362869,-57.9391505155601,-61.4613211630531,-1.14681723878773,-1.56506164788235,0.174789923983507,0.0431748359098367,33.8622940310582,33.6199906628463,66.7976519008478,15.4654416499388
2012-11-13,-57.9617647058824,-61.4735294117647,1.22754372038492,371.644702818336,10.170256678651,66.6130743362869,-57.9391505155601,-61.4613211630531,-1.14330031908797,-1.56718971034293,0.191976663413962,0.0911519097694662,33.8745980925566,50.6232492354235,66.7976519008478,32.4938320711157
2012-11-14,-57.9617647058824,-61.4735294117647,1.26164416569035,371.712395272604,12.5002057843092,66.6130743362869,-57.9391505155601,-61.4613211630531,-1.07540540986376,-1.57227942351548,0.154755613652238,0.0680204447152724,33.8782718313529,52.7743718460021,66.7976519008478,6.88365455934393
2012-11-15,-57.9617647058824,-61.4735294117647,1.30584994685359,372.433747454387,14.3482433644737,66.6130743362869,-57.9391505155601,-61.4613211630531,-1.01658252601521,-1.57329876686719,0.124128374071256,0.0679949095646138,33.8717295946541,41.3929442098105,66.7976519008478,1.01523014002128
2012-11-16,-57.9617647058824,-61.4735294117647,1.31526621849072,372.940063104397,12.9140316684072,66.6130743362869,-57.9391505155601,-61.4613211630531,-1.01754923548937,-1.57535227799383,0.124414202167719,0.0801726598418274,33.8748370233657,50.7859322654734,66.7976519008478,3.43929828899218
2012-11-17,-57.9617647058824,-61.4735294117647,1.33537017354151,373.310456066597,12.8433753164803,66.6130743362869,-57.9391505155601,-61.4613211630531,-0.955885535349891,-1.57288979196999,0.157223453280213,0.07158052554799,33.8728518672639,49.1446870502673,66.7976519008478,8.31744254617543
2012-11-18,-57.9617647058824,-61.4735294117647,1.35718770870348,373.579154782179,12.562818015494,66.6130743362869,-57.9391505155601,-61.4613211630531,-0.878727824903532,-1.56555587576147,0.170746324169129,0.0316461705113793,33.868964000913,44.2081841109735,66.7976519008478,15.2873859705867
2012-11-19,-57.9617647058824,-61.4735294117647,1.37838537300505,373.758069294255,13.2649298004988,66.6130743362869,-57.9391505155601,-61.4613211630531,-0.819548109684557,-1.56826588933767,0.155817377829721,0.0657091102890881,33.8664455748441,41.6672400231303,66.7976519008478,6.96413292240143
2012-11-20,-57.9617647058824,-61.4735294117647,1.39493646817963,373.763348463105,12.8514426975715,66.6130743362869,-57.9391505155601,-61.4613211630531,-0.768323470233825,-1.57499643536875,0.149895715724561,0.044065267893306,33.8606055616206,36.6425999591225,66.7976519008478,4.90254013234414
2012-11-21,-57.9617647058824,-61.4735294117647,1.39640294560572,373.187622814644,13.0125388168707,66.6130743362869,-57.9391505155601,-61.4613211630531,-0.708912458828828,-1.57351004980836,0.152895673098955,0.00255185819649503,33.8478587738737,25.5484417324607,66.7976519008478,18.6893704202241
2012-11-22,-57.9617647058824,-61.4735294117647,1.40417479596487,372.777434558403,15.681540640389,66.6130743362869,-57.9391505155601,-61.4613211630531,-0.644234965043834,-1.58252268474594,0.137997204103531,0.0571367452712918,33.8386743728288,22.5303627662813,66.7976519008478,1.6083064573775
2012-11-23,-57.9617647058824,-61.4735294117647,1.38836967945099,372.714246052067,13.5842677558341,66.6130743362869,-57.9391505155601,-61.4613211630531,-0.708410325199969,-1.58846947168693,0.157035646610736,0.118845912588914,33.8481223792361,38.4323190593848,66.7976519008478,27.5995437653048
2012-11-24,-57.9617647058824,-61.4735294117647,1.41989391060864,372.69251604778,15.5584488903604,66.6130743362869,-57.9391505155601,-61.4613211630531,-0.712567761560522,-1.58679898563828,0.124404317595055,0.103940030220549,33.8490120325333,43.3768533199583,66.7976519008478,12.4193662077725
2012-11-25,-57.9617647058824,-61.4735294117647,1.4413093015915,373.094214834818,15.8176578196084,66.6130743362869,-57.9391505155601,-61.4613211630531,-0.682079893907635,-1.58158777181597,0.100628709800129,0.0946312669146801,33.8465944565581,43.6521789213585,66.7976519008478,10.0779240056228
2012-11-26,-57.9617647058824,-61.4735294117647,1.4253102711788,373.179782402225,15.003657146198,66.6130743362869,-57.9391505155601,-61.4613211630531,-0.652841432746525,-1.57828510241953,0.103136087738872,0.0143696463964729,33.8417489930847,42.5762058636438,66.7976519008478,9.43250887682532
2012-11-27,-57.9617647058824,-61.4735294117647,1.39530443890793,373.18760122904,16.8309332335868,66.6130743362869,-57.9391505155601,-61.4613211630531,-0.63403609956083,-1.57178437420231,0.0724594257721695,0.0737567712802958,33.8384459285762,42.7197376668212,66.7976519008478,13.3384722726012
2012-11-28,-57.9617647058824,-61.4735294117647,1.37688733455611,373.828850350729,18.1226250950883,66.6130743362869,-57.9391505155601,-61.4613211630531,-0.487469166768627,-1.56253738699333,0.10168306080074,0.0625938335421034,33.8352890477972,34.4062232482128,66.7976519008478,2.07789312769168
2012-11-29,-57.9617647058824,-61.4735294117647,1.36223652922526,374.019114796708,11.8999913174932,66.6130743362869,-57.9391505155601,-61.4613211630531,-0.448978777376585,-1.5578904188918,0.166629413929586,0.0438016803379644,33.8304579885382,33.6562339496999,66.7976519008478,11.2835615006745
2012-11-30,-57.9617647058824,-61.4735294117647,1.36540844091555,373.747886843798,14.1655391774526,66.6130743362869,-57.9391505155601,-61.4613211630531,-0.449410730487744,-1.56329685135892,0.172125217418077,0.0640081460870471,33.8280795325152,36.3598610109646,66.7976519008478,13.9070934427168
2012-12-01,-57.9617647058824,-61.4735294117647,1.3881508435418,373.868104888172,18.329507839389,66.6130743362869,-57.9391505155601,-61.4613211630531,-0.402761646007237,-1.57462329275695,0.157137787203316,0.0712831657073195,33.8271157731894,37.314130777933,66.7976519008478,8.23481395414329
2012-12-02,-57.9617647058824,-61.4735294117647,1.39150724178407,374.407914324505,19.0895312995445,66.6130743362869,-57.9391505155601,-61.4613211630531,-0.324480063278183,-1.5853603738844,0.138627343523277,0.069671162257069,33.8258184106083,35.9113500443226,66.7976519008478,2.86656075175941
2012-12-03,-57.9617647058824,-61.4735294117647,1.38776104588334,374.906503072599,19.6394797360025,66.6130743362869,-57.9391505155601,-61.4613211630531,-0.296699570187753,-1.58944639181479,0.124335125752306,0.0893084437570028,33.8228468283629,36.007724257455,66.7976519008478,6.21966124547683
2012-12-04,-57.9617647058824,-61.4735294117647,1.38442456031718,374.798513645079,18.0582578647427,66.6130743362869,-57.9391505155601,-61.4613211630531,-0.29689429511345,-1.57675876469426,0.129564045788909,0.0954805134158385,33.8213600539646,38.2463662202863,66.7976519008478,8.92072692757958
2012-12-05,-57.9617647058824,-61.4735294117647,1.38638791769016,374.406596858327,17.5857799809153,66.6130743362869,-57.9391505155601,-61.4613211630531,-0.274603675100726,-1.5666056974375,0.102144339216142,0.101043036742973,33.8185408794285,38.5326059292524,66.7976519008478,12.5847095000815
2012-12-06,-57.9617647058824,-61.4735294117647,1.38258433123914,374.417582814286,18.8950421635698,66.6130743362869,-57.9391505155601,-61.4613211630531,-0.21680581939687,-1.56141384362209,0.0967374970676445,0.0751274270225472,33.8177089099138,35.9356495590828,66.7976519008478,4.94908295174607
2012-12-07,-57.9617647058824,-61.4735294117647,1.36415338189137,374.745751729826,20.1993122566037,66.6130743362869,-57.9391505155601,-61.4613211630531,-0.162575292090575,-1.56135577373659,0.0709182618439761,0.0562537264797771,33.8145335219328,36.2266256960458,66.7976519008478,12.2087957279021
2012-12-08,-57.9617647058824,-61.4735294117647,1.34343996498643,374.989853277439,19.9604741422141,66.6130743362869,-57.9391505155601,-61.4613211630531,-0.0953011307236959,-1.55693656165912,0.0897013537796885,0.0757089672200432,33.8114198846856,33.9117905118687,66.7976519008478,6.97697030429063
2012-12-09,-57.9617647058824,-61.4735294117647,1.33041706862973,375.033357201553,19.9409408801939,66.6130743362869,-57.9391505155601,-61.4613211630531,-0.0492945398416436,-1.55833934080585,0.0985727262370258,0.0926436513018833,33.807704910093,34.7387967424998,66.7976519008478,9.72090178050693
2012-12-10,-57.9617647058824,-61.4735294117647,1.31905033275848,375.219562809642,20.7665855303043,66.6130743362869,-57.9391505155601,-61.4613211630531,0.0387697703181169,-1.56267700890298,0.0999376162052074,0.0827335787839011,33.8025423067945,31.5677134067263,66.7976519008478,6.12209858498939
2012-12-11,-57.9617647058824,-61.4735294117647,1.29187002305577,375.879138109161,23.7675921858811,66.6130743362869,-57.9391505155601,-61.4613211630531,0.196531930583933,-1.55831833712646,0.0956930310066975,0.0462588119231335,33.797052277888,23.4584796573469,66.7976519008478,3.34671734588466
2012-12-12,-57.9617647058824,-61.4735294117647,1.24046137347454,376.49666130252,24.4175526456135,66.6130743362869,-57.9391505155601,-61.4613211630531,0.38237013127881,-1.55335918032689,0.101054568713413,0.0305909961009556,33.7920750194555,17.5312576705788,66.7976519008478,4.65433855972606
2012-12-13,-57.9617647058824,-61.4735294117647,1.18521535105822,377.021605700981,23.1350738827775,66.6130743362869,-57.9391505155601,-61.4613211630531,0.695313600172237,-1.55048113538508,0.116322060702582,0.0440422040881657,33.7842538141207,12.3620560178873,66.7976519008478,0.602015553237782
2012-12-14,-57.9617647058824,-61.4735294117647,1.14378045190398,377.363170344655,21.7913982054082,66.6130743362869,-57.9391505155601,-61.4613211630531,0.898219430937297,-1.55290449357387,0.129113476054791,0.0540964260405777,33.7740087522025,10.6845673819785,66.7976519008478,0.389188448912532
2012-12-15,-57.9617647058824,-61.4735294117647,1.10689788929573,377.704970941311,22.0547246525927,66.6130743362869,-57.9391505155601,-61.4613211630531,1.24396770130768,-1.55699586868286,0.115168040957649,0.0431913102344784,33.7650691352875,10.5439185825919,66.7976519008478,0.745155858257087
2012-12-16,-57.9617647058824,-61.4735294117647,1.06764520541197,376.823572298376,15.517606133368,66.6130743362869,-57.9391505155601,-61.4613211630531,1.03872813057159,-1.56228533190111,0.143320027246126,0.0222608022512453,33.7530819819524,10.577278918422,66.7976519008478,7.77471094638785
2012-12-17,-57.9617647058824,-61.4735294117647,1.09049886047113,375.332559725133,21.5246356347712,66.6130743362869,-57.9391505155601,-61.4613211630531,0.817379728904781,-1.56696936797838,0.111171392917472,0.0959903911037644,33.7537758810478,11.2185384953714,66.7976519008478,9.11833449436784
2012-12-18,-57.9617647058824,-61.4735294117647,1.10578732156172,374.498188297923,21.1057063312065,66.6130743362869,-57.9391505155601,-61.4613211630531,0.841711507072011,-1.57125884447342,0.133934658659212,0.0731900578538175,33.7527318123059,12.1217382639526,66.7976519008478,2.72009036245082
2012-12-19,-57.9617647058824,-61.4735294117647,1.10162435435667,374.281386212605,22.7297193945908,66.6130743362869,-57.9391505155601,-61.4613211630531,0.887771473561543,-1.56928564324553,0.123587195644615,0.0778094315335818,33.7509011231292,13.1108098885952,66.7976519008478,2.82445207246519
2012-12-20,-57.9617647058824,-61.4735294117647,1.08890365173177,372.901791828435,22.4212658405304,66.6130743362869,-57.9391505155601,-61.4613211630531,0.917930184346944,-1.56356908467456,0.0584176165754335,0.0364171070890066,33.7492454261111,14.2512384947495,66.7976519008478,20.7364845602624
2012-12-21,-57.9617647058824,-61.4735294117647,1.1057373872254,371.102153126786,21.0612630378909,66.6130743362869,-57.9391505155601,-61.4613211630531,0.795788933471469,-1.55323562560937,0.0532183497993328,0.0519745456162895,33.7517743387364,20.6842193256023,66.7976519008478,22.5211845590611
2012-12-22,-57.9617647058824,-61.4735294117647,1.07579334062047,369.800934954387,19.8982770850019,66.6130743362869,-57.9391505155601,-61.4613211630531,0.860583066296803,-1.55006928064241,0.0958684816624713,0.0776677533692596,33.7469309241826,19.095073938048,66.7976519008478,5.71963280681443
2012-12-23,-57.9617647058824,-61.4735294117647,1.05815374724022,369.102392057093,18.3669581238816,66.6130743362869,-57.9391505155601,-61.4613211630531,0.89112529700544,-1.55598682189277,0.0983453822069564,0.088297749604331,33.7376456215636,19.9107542578508,66.7976519008478,8.19735551141736
2012-12-24,-57.9617647058824,-61.4735294117647,1.04359269959898,367.990945211271,19.0221151782245,66.6130743362869,-57.9391505155601,-61.4613211630531,0.86678660048647,-1.56795411409154,0.0631597234381114,0.0704726336747609,33.7237145891074,21.9879487085278,66.7976519008478,17.6332448156135
2012-12-25,-57.9617647058824,-61.4735294117647,1.0097996628866,367.007447777725,19.8289288776677,66.6130743362869,-57.9391505155601,-61.4613211630531,0.954445643966336,-1.57096642826894,0.0680097362250291,0.0436880081117797,33.7069562121763,18.7460261922777,66.7976519008478,14.2275596303794
2012-12-26,-57.9617647058824,-61.4735294117647,0.979626477128122,366.735654505288,19.4662757908426,66.6130743362869,-57.9391505155601,-61.4613211630531,1.07180475699998,-1.57087170160734,0.105290916711896,0.0737427679794198,33.6902698511698,15.6727586017768,66.7976519008478,3.02091950818029
2012-12-27,-57.9617647058824,-61.4735294117647,0.961228540212643,366.802362209413,16.4058746768207,66.6130743362869,-57.9391505155601,-61.4613211630531,1.2243854444117,-1.57418713540683,0.103980392016541,0.05780971742533,33.6790385535854,13.1921513759495,66.7976519008478,1.39304455518536
2012-12-28,-57.9617647058824,-61.4735294117647,0.943533971360544,365.994957156298,15.3283950700992,66.6130743362869,-57.9391505155601,-61.4613211630531,1.29834649572086,-1.57610144402817,0.123298896831057,0.057938216377286,33.6778524298417,12.254355811558,66.7976519008478,0.112413445981319
2012-12-29,-57.9617647058824,-61.4735294117647,0.915454850691121,364.77230239496,18.2436791396723,66.6130743362869,-57.9391505155601,-61.4613211630531,1.39110694895027,-1.57442683810004,0.0808670483529568,0.0190771573729682,33.6825908707221,12.2553854014388,66.7976519008478,13.9650813105672
2012-12-30,-57.9617647058824,-61.4735294117647,0.876619621384435,364.537212837033,18.8059130470927,66.6130743362869,-57.9391505155601,-61.4613211630531,1.49005907532657,-1.5650488847663,0.0944484031272803,0.0148070370640188,33.6926730795589,13.8661533798444,66.7976519008478,11.1268255769671
2012-12-31,-57.9617647058824,-61.4735294117647,0.866406272642496,364.013755240091,17.8607140692269,66.6130743362869,-57.9391505155601,-61.4613211630531,1.60035964094515,-1.56105800437541,0.128249402903272,0.0683375736409434,33.6930149351215,12.5863115565497,66.7976519008478,1.305828463847
2013-01-01,-57.9617647058824,-61.4735294117647,0.898133805612238,363.271401009909,13.2211822620252,66.6130743362869,-57.9391505155601,-61.4613211630531,1.51703793397638,-1.564883726972,0.13857050725685,0.0754387900032173,33.6909907156961,17.0345596655821,66.7976519008478,3.91068159973657
2013-01-02,-57.9617647058824,-61.4735294117647,0.936927395441183,361.8111557379,16.9357408721273,66.6130743362869,-57.9391505155601,-61.4613211630531,1.46254151231042,-1.56620660999365,0.115733107157283,0.102438404261262,33.6873787688179,19.5977438709192,66.7976519008478,11.7042220843093
2013-01-03,-57.9617647058824,-61.4735294117647,0.94271393629109,360.980163946384,16.961102904343,66.6130743362869,-57.9391505155601,-61.4613211630531,1.6116912762324,-1.55827508909017,0.0973766971273943,0.0232723198790862,33.6804575797839,15.3562474759162,66.7976519008478,7.43043521222485
2013-01-04,-57.9617647058824,-61.4735294117647,0.889120311817018,358.979147934332,10.9572822320752,66.6130743362869,-57.9391505155601,-61.4613211630531,1.49412656538239,-1.5529024348407,0.0896922929938908,-0.0433840585744333,33.6767839233563,19.6035098424646,66.7976519008478,52.3649041937987
2013-01-05,-57.9617647058824,-61.4735294117647,0.828671041785217,355.70295380383,12.1947954631433,66.6130743362869,-57.9391505155601,-61.4613211630531,1.48424598031681,-1.54876039996643,0.0910258818915498,-0.00429153664593111,33.6667944821912,15.9777378154348,66.7976519008478,21.4308369956093
2013-01-06,-57.9617647058824,-61.4735294117647,0.79494572794292,353.718839319741,11.7526842413879,66.6130743362869,-57.9391505155601,-61.4613211630531,1.61481676410567,-1.54809484227627,0.103308243297453,-0.00283356737370594,33.6532299180745,14.3595566215464,66.7976519008478,17.7472673003512
2013-01-07,-57.9617647058824,-61.4735294117647,0.764253661763377,352.298765229016,7.21597241773838,66.6130743362869,-57.9391505155601,-61.4613211630531,1.50107835999385,-1.56258598882981,0.0179717366190253,-0.00585658843761031,33.6525998443727,17.4602125891146,66.7976519008478,70.4247496602101
2013-01-08,-57.9617647058824,-61.4735294117647,0.738985169224623,349.992490442788,9.34912801951897,66.6130743362869,-57.9391505155601,-61.4613211630531,1.40597329187168,-1.56702785018967,0.0685410302951831,0.0741595661219878,33.6489097914393,20.5637515334465,66.7976519008478,15.3688331681
2013-01-09,-57.9617647058824,-61.4735294117647,0.741790493995678,349.416442126763,12.9586722269291,66.6130743362869,-57.9391505155601,-61.4613211630531,1.5306242298179,-1.56136442212119,0.0967564425517914,0.0709825110912082,33.6439818924094,16.9379794858245,66.7976519008478,4.16606123112029
2013-01-10,-57.9617647058824,-61.4735294117647,0.736402499784784,349.66961744355,13.0352416329268,66.6130743362869,-57.9391505155601,-61.4613211630531,1.85577806625289,-1.55694644605583,0.104762917869648,0.0376048992348988,33.6310475255475,11.3921356857547,66.7976519008478,2.59473253227724
2013-01-11,-57.9617647058824,-61.4735294117647,0.725575329327002,348.842482031845,9.55570569270995,66.6130743362869,-57.9391505155601,-61.4613211630531,1.74372596355022,-1.55214626699002,0.131545072247987,0.00288463753425641,33.6174560886646,11.0317620252952,66.7976519008478,13.8361104582325
2013-01-12,-57.9617647058824,-61.4735294117647,0.743464335072331,348.317926174257,11.4731840854738,66.6130743362869,-57.9391505155601,-61.4613211630531,1.56270252169184,-1.56690223352147,0.0855111338690868,0.0833703075433791,33.6163111132005,16.3026920696984,66.7976519008478,10.2824838756567
2013-01-13,-57.9617647058824,-61.4735294117647,0.770665280339194,348.444997275748,13.6333455806825,66.6130743362869,-57.9391505155601,-61.4613211630531,1.44693778241091,-1.57313525934129,0.113238908581727,0.103706095975983,33.5865319492685,20.620999502267,66.7976519008478,12.4676947930821
2013-01-14,-57.9617647058824,-61.4735294117647,0.800083970878182,348.834830679545,14.9244608472033,66.6130743362869,-57.9391505155601,-61.4613211630531,1.33987143641783,-1.56973044898024,0.112966260290862,0.113967069594363,33.5522964621684,22.8590235999721,66.7976519008478,18.0862117672804
2013-01-15,-57.9617647058824,-61.4735294117647,0.83120642638788,349.355946238448,16.1306582369455,66.6130743362869,-57.9391505155601,-61.4613211630531,1.26854362676621,-1.56621814337176,0.125972664232558,0.0792715194083338,33.4961523810218,21.935025220297,66.7976519008478,3.28632924713682
2013-01-16,-57.9617647058824,-61.4735294117647,0.86648568365632,349.843960273557,17.5826386242378,66.6130743362869,-57.9391505155601,-61.4613211630531,1.24964636842772,-1.56617942834512,0.113255382996862,0.0850374995153925,33.4520550005832,21.0754822256111,66.7976519008478,4.98036286861064
2013-01-17,-57.9617647058824,-61.4735294117647,0.909745444975248,350.42054004204,17.8713205674799,66.6130743362869,-57.9391505155601,-61.4613211630531,1.25605253786774,-1.56843021990638,0.119039484816283,0.0644167070346162,33.3960095816135,17.6461653741587,66.7976519008478,0.522482779414574
2013-01-18,-57.9617647058824,-61.4735294117647,0.955453607730749,351.043228893745,17.7867700762865,66.6130743362869,-57.9391505155601,-61.4613211630531,1.43038810058604,-1.57345115237551,0.116610359531223,0.0408066654535119,33.339059971283,10.7677622639377,66.7976519008478,0.974298892713938
2013-01-19,-57.9617647058824,-61.4735294117647,1.00265301945733,350.686185511147,14.8059438205347,66.6130743362869,-57.9391505155601,-61.4613211630531,1.51278956159044,-1.57407758416113,0.169517346510762,0.0543550716740722,33.3851753806296,11.9378446676792,66.7976519008478,12.1153909926104
2013-01-20,-57.9617647058824,-61.4735294117647,1.04778657817259,350.458678827053,17.5877121483407,66.6130743362869,-57.9391505155601,-61.4613211630531,1.54171764831512,-1.57513605583052,0.158090821478652,0.111883903447634,33.4951738777109,21.0588020525481,66.7976519008478,23.7394818469217
2013-01-21,-57.9617647058824,-61.4735294117647,1.1097932170804,349.775045255335,17.9991032146826,66.6130743362869,-57.9391505155601,-61.4613211630531,1.64025264898976,-1.57206196228341,0.14612476479428,0.0762979209312463,33.5098071825488,21.3240372211183,66.7976519008478,5.76231805089029
2013-01-22,-57.9617647058824,-61.4735294117647,1.15092809461966,349.301479804807,16.8529260391142,66.6130743362869,-57.9391505155601,-61.4613211630531,1.72837230863801,-1.56638494355154,0.153501924720571,0.0657568855133214,33.5162916428004,19.7468356313976,66.7976519008478,6.17385679258869
2013-01-23,-57.9617647058824,-61.4735294117647,1.17013150998732,349.200125717535,19.758099474558,66.6130743362869,-57.9391505155601,-61.4613211630531,1.83820434932204,-1.56515226029513,0.0967309075620091,0.0469869726793727,33.5158118120572,15.8589173727512,66.7976519008478,3.04109582497102
2013-01-24,-57.9617647058824,-61.4735294117647,1.17282358357092,348.717041387791,17.5891962283995,66.6130743362869,-57.9391505155601,-61.4613211630531,1.8022513217852,-1.56678444171241,0.138407412534341,0.0725467390256372,33.5168662566727,17.0281758495027,66.7976519008478,3.31065403814933
2013-01-25,-57.9617647058824,-61.4735294117647,1.14402146419374,348.249885372999,20.4419889857129,66.6130743362869,-57.9391505155601,-61.4613211630531,1.69852496059197,-1.58426566033872,0.0484795378377804,0.0939072244542974,33.5247491483907,22.5764905965602,66.7976519008478,33.6405832495513
2013-01-26,-57.9617647058824,-61.4735294117647,1.12496720944963,348.291728694264,20.5804382533562,66.6130743362869,-57.9391505155601,-61.4613211630531,1.72774068945855,-1.591495789497,0.106220886986024,0.0560115552010887,33.5157027070822,19.0726277985875,66.7976519008478,1.00521166239814
2013-01-27,-57.9617647058824,-61.4735294117647,1.07809282548544,347.622589483494,13.4406300201649,66.6130743362869,-57.9391505155601,-61.4613211630531,1.68164908844731,-1.58300743958889,0.112670547973651,-0.0057116152866971,33.5134231809341,21.383756340274,66.7976519008478,18.2803252746525
2013-01-28,-57.9617647058824,-61.4735294117647,1.03007237358791,346.335533328173,14.6489574734758,66.6130743362869,-57.9391505155601,-61.4613211630531,1.70360660100514,-1.57416613397972,0.153866828865448,0.0426072987618475,33.5430747996136,22.4004222468326,66.7976519008478,6.31639167224211
2013-01-29,-57.9617647058824,-61.4735294117647,0.998995776946952,345.366482246213,10.2719177385656,66.6130743362869,-57.9391505155601,-61.4613211630531,1.73916820500061,-1.57209408975001,0.161058653563301,0.0465421684227089,33.5489087381505,22.0804103421457,66.7976519008478,8.60804647098218
2013-01-30,-57.9617647058824,-61.4735294117647,0.976207736788726,345.036025628811,13.2431381969917,66.6130743362869,-57.9391505155601,-61.4613211630531,1.63970701800667,-1.5851408529539,0.205516008175055,0.104924365375367,33.5670469183671,25.6876489289216,66.7976519008478,49.1436946680966
2013-01-31,-57.9617647058824,-61.4735294117647,0.980847637464361,344.345579566025,12.743768651311,66.6130743362869,-57.9391505155601,-61.4613211630531,1.61225271611079,-1.59011277833931,0.119485936299791,0.0523419206592477,33.5609555521153,20.0285450102668,66.7976519008478,0.0218694056351119
2013-02-01,-57.9617647058824,-61.4735294117647,0.971434660074187,343.862740121237,16.1928549219922,66.6130743362869,-57.9391505155601,-61.4613211630531,1.63328108485089,-1.59119183766214,0.0739536383735989,0.031115700293448,33.5551071939198,18.5652215368191,66.7976519008478,13.4174626409447
2013-02-02,-57.9617647058824,-61.4735294117647,0.959010719889548,343.795390431474,15.3537873116935,66.6130743362869,-57.9391505155601,-61.4613211630531,1.6539704096623,-1.58618861251836,0.118436528085737,0.0735137762147405,33.5546603029074,22.9446896592937,66.7976519008478,1.86856053946056
2013-02-03,-57.9617647058824,-61.4735294117647,0.952698228199307,343.653861813429,14.0570530484362,66.6130743362869,-57.9391505155601,-61.4613211630531,1.71675204715909,-1.58076570793363,0.12295046664885,0.0403009067300843,33.5478997378536,20.0707602262819,66.7976519008478,1.01120112597601
2013-02-04,-57.9617647058824,-61.4735294117647,0.947266536151491,343.502128042826,16.3018643739747,66.6130743362869,-57.9391505155601,-61.4613211630531,1.79277797942219,-1.57842842834359,0.0871725597050589,0.0515017350997359,33.5431345889443,16.2940430338727,66.7976519008478,5.52305709144978
2013-02-05,-57.9617647058824,-61.4735294117647,0.944442414655918,343.097365216511,14.4115990487541,66.6130743362869,-57.9391505155601,-61.4613211630531,1.81086964822813,-1.5805581362463,0.174607059426917,0.0538666107303459,33.543188118259,19.7474534334602,66.7976519008478,14.7510973888757
2013-02-06,-57.9617647058824,-61.4735294117647,0.952161315010815,342.820126789372,14.6581566682676,66.6130743362869,-57.9391505155601,-61.4613211630531,1.84108173750673,-1.58055072001278,0.129423191336043,0.0638812946585508,33.5401115005637,21.3643991609334,66.7976519008478,0.87857947086591
2013-02-07,-57.9617647058824,-61.4735294117647,0.966038537825026,342.907666090058,16.3879571833262,66.6130743362869,-57.9391505155601,-61.4613211630531,1.86533443615665,-1.57892677722833,0.131057435131346,0.0863455534081871,33.5356552082839,22.139305749242,66.7976519008478,5.72314253252352
2013-02-08,-57.9617647058824,-61.4735294117647,0.979759216308594,342.838036886076,13.5809558891669,66.6130743362869,-57.9391505155601,-61.4613211630531,1.8764239013919,-1.57018019281096,0.142567978907935,0.0730640298652987,33.5317775556433,23.6230161206121,66.7976519008478,4.24675683474129
2013-02-09,-57.9617647058824,-61.4735294117647,0.980271531677828,342.449934796589,12.3337606569616,66.6130743362869,-57.9391505155601,-61.4613211630531,1.90894007216259,-1.56275525749454,0.161476275110655,0.0397300747161613,33.5271421270332,22.685838337691,66.7976519008478,9.53771547260327
2013-02-10,-57.9617647058824,-61.4735294117647,0.99282058310218,342.356134554235,17.256541705713,66.6130743362869,-57.9391505155601,-61.4613211630531,1.95947180891487,-1.56408019989287,0.160437575487392,0.0639957905258084,33.5244671387872,22.106357323496,66.7976519008478,8.530890623068
2013-02-11,-57.9617647058824,-61.4735294117647,1.00774410766799,342.531311407322,15.9011237679458,66.6130743362869,-57.9391505155601,-61.4613211630531,2.08508747743692,-1.56782891119701,0.126076451755366,0.0343644182611252,33.5117120318085,16.0701994516267,66.7976519008478,2.14871258602756
2013-02-12,-57.9617647058824,-61.4735294117647,0.976160019999597,341.773881865711,10.6956014284273,66.6130743362869,-57.9391505155601,-61.4613211630531,2.03351688031082,-1.56415721713773,0.0516689485202917,0.0298183547249931,33.506026346513,18.0088044191018,66.7976519008478,26.5358293121424
2013-02-13,-57.9617647058824,-61.4735294117647,0.942348380641239,340.987256305974,13.8945897904838,66.6130743362869,-57.9391505155601,-61.4613211630531,2.00241814660318,-1.54975297126049,0.0768102696529928,0.0315456777489298,33.5048648458422,21.73198039329,66.7976519008478,12.0358896645129
2013-02-14,-57.9617647058824,-61.4735294117647,0.909363231280955,340.525986462105,11.8274915247429,66.6130743362869,-57.9391505155601,-61.4613211630531,2.01359755918886,-1.53220132874091,0.127299663192227,-0.014043456604566,33.509605294458,23.393818379092,66.7976519008478,23.5801270401882
2013-02-15,-57.9617647058824,-61.4735294117647,0.836514982145007,339.571173319002,7.55016347547857,66.6130743362869,-57.9391505155601,-61.4613211630531,1.95661319943092,-1.52885747422413,0.169808116730167,-0.0317104199144602,33.525595527268,26.3241720328286,66.7976519008478,49.2233233662306
2013-02-16,-57.9617647058824,-61.4735294117647,0.784488448282567,338.604222367449,8.92034746088633,66.6130743362869,-57.9391505155601,-61.4613211630531,1.95960722270443,-1.54646265780234,0.159867566963721,0.022000509225003,33.5274756273277,25.6514056240499,66.7976519008478,13.0379417273816
2013-02-17,-57.9617647058824,-61.4735294117647,0.788293567735974,338.49707961664,11.890890859976,66.6130743362869,-57.9391505155601,-61.4613211630531,1.9581848385363,-1.55486287005678,0.162956484632413,0.0965496909411249,33.5238657190732,25.9852147224622,66.7976519008478,18.0382622135789
2013-02-18,-57.9617647058824,-61.4735294117647,0.803313453749913,338.514680815906,11.0354538022018,66.6130743362869,-57.9391505155601,-61.4613211630531,1.92538300313448,-1.55870795153413,0.179592984840374,0.0857879007272875,33.5186743382339,26.8762646648083,66.7976519008478,22.5490831786719
2013-02-19,-57.9617647058824,-61.4735294117647,0.818730490600191,338.680517057093,12.0868287086487,66.6130743362869,-57.9391505155601,-61.4613211630531,1.90270293161132,-1.55663467209671,0.110542901046323,0.0826693290590677,33.511433939863,26.4701748795194,66.7976519008478,4.5074839037803
2013-02-20,-57.9617647058824,-61.4735294117647,0.82380221311639,339.036184915682,12.4709407585423,66.6130743362869,-57.9391505155601,-61.4613211630531,1.84341448923515,-1.55243951267237,0.078880256411397,0.0903034868188876,33.5072249645485,28.0751767293644,66.7976519008478,15.0664664656023
2013-02-21,-57.9617647058824,-61.4735294117647,0.832201931898187,339.428320907965,13.2634156855141,66.6130743362869,-57.9391505155601,-61.4613211630531,1.87027077394941,-1.5501430010506,0.110041260799737,0.058687793787232,33.5032238516248,24.3353205808261,66.7976519008478,0.622974677514502
2013-02-22,-57.9617647058824,-61.4735294117647,0.852646917831607,339.991223963296,13.4579804699595,66.6130743362869,-57.9391505155601,-61.4613211630531,1.85399094171691,-1.54417192018949,0.142821681880557,0.0855276079323047,33.4981292024476,27.0630412224012,66.7976519008478,7.42252300995675
2013-02-23,-57.9617647058824,-61.4735294117647,0.884728496757949,340.439568868498,12.3724078550571,66.6130743362869,-57.9391505155601,-61.4613211630531,1.83760534510439,-1.53408433438634,0.148667562285416,0.119162217813183,33.4926351220341,28.0337852382789,66.7976519008478,25.0797352392972
2013-02-24,-57.9617647058824,-61.4735294117647,0.925615885272259,340.847422530011,13.3214444997834,66.6130743362869,-57.9391505155601,-61.4613211630531,1.87236234421029,-1.52879857807829,0.140124027073062,0.0785927811785829,33.4844288742333,26.1835233479859,66.7976519008478,4.92405311461648
2013-02-25,-57.9617647058824,-61.4735294117647,0.956444108631553,341.104588578387,11.465278009089,66.6130743362869,-57.9391505155601,-61.4613211630531,1.91112850873898,-1.53092004654379,0.154204550436754,0.0884147165255186,33.4755780815917,24.8775287002687,66.7976519008478,11.5788981763521
2013-02-26,-57.9617647058824,-61.4735294117647,0.976556081233955,341.046032789277,10.8410554891679,66.6130743362869,-57.9391505155601,-61.4613211630531,1.90073294646022,-1.54412908512249,0.177598779757134,0.0988980923778052,33.4688957564422,25.4267383245965,66.7976519008478,26.3776491624195
2013-02-27,-57.9617647058824,-61.4735294117647,1.00153731936362,341.141129656536,13.4975719917111,66.6130743362869,-57.9391505155601,-61.4613211630531,1.87882683376873,-1.54773240967801,0.154395651544838,0.103733278524417,33.4631935304958,26.1516044773714,66.7976519008478,18.0474352383518
2013-02-28,-57.9617647058824,-61.4735294117647,1.01802490070099,341.174304124786,11.1815397797561,66.6130743362869,-57.9391505155601,-61.4613211630531,1.90372894521345,-1.54608828239595,0.181317013093898,0.0992852366364758,33.4530227444915,24.6370049179324,66.7976519008478,28.7510701215133
2013-03-01,-57.9617647058824,-61.4735294117647,1.0149552516821,341.130704926281,10.3213505803085,66.6130743362869,-57.9391505155601,-61.4613211630531,1.85716585334335,-1.54801947240405,0.140526821809179,0.134017030176846,33.4464020413748,26.5861122604967,66.7976519008478,33.8438935181097
2013-03-02,-57.9617647058824,-61.4735294117647,1.02735871658093,341.135369277582,10.4188016042477,66.6130743362869,-57.9391505155601,-61.4613211630531,1.83292304102065,-1.54102698897543,0.178854115935754,0.112350123960842,33.4382863527367,26.5739625192042,66.7976519008478,34.012888306452
2013-03-03,-57.9617647058824,-61.4735294117647,1.04087734803921,341.179615299876,10.2382666541309,66.6130743362869,-57.9391505155601,-61.4613211630531,1.82561342741957,-1.54041538290006,0.171004969239557,0.0841314172103257,33.4320590576501,26.5412199867238,66.7976519008478,17.3167857845328
2013-03-04,-57.9617647058824,-61.4735294117647,1.03455827439704,341.010985211628,10.0187140354296,66.6130743362869,-57.9391505155601,-61.4613211630531,1.84001321823169,-1.53845535872275,0.223687906657797,0.0797130288694471,33.431346563836,26.7282025045068,66.7976519008478,56.6892688064927
2013-03-05,-57.9617647058824,-61.4735294117647,1.03530446748908,340.961873868617,11.8770010674872,66.6130743362869,-57.9391505155601,-61.4613211630531,1.82794123268642,-1.54127204112518,0.17575696084583,0.0748720765516021,33.4353932163172,28.7139650375737,66.7976519008478,17.5033795805833
2013-03-06,-57.9617647058824,-61.4735294117647,1.04246006760655,341.22507234899,13.458539794131,66.6130743362869,-57.9391505155601,-61.4613211630531,1.83786333202511,-1.54233174398039,0.10596883140615,0.0527224753469269,33.4269852014045,25.3357181690643,66.7976519008478,1.03785491147694
2013-03-07,-57.9617647058824,-61.4735294117647,1.04258106430856,341.641663341987,14.8399222653087,66.6130743362869,-57.9391505155601,-61.4613211630531,1.83769924759704,-1.54252078674744,0.11040287000327,0.0712485698110822,33.424629371015,26.2207961822489,66.7976519008478,1.93015046452646
2013-03-08,-57.9617647058824,-61.4735294117647,1.04222366213799,342.176635742188,14.3335553640273,66.6130743362869,-57.9391505155601,-61.4613211630531,1.89744534762765,-1.53600357981668,0.115808888520749,0.0479177664186147,33.4235606894963,22.19902478989,66.7976519008478,0.302367150310579
2013-03-09,-57.9617647058824,-61.4735294117647,1.02905848549633,342.311994599133,10.4331085914519,66.6130743362869,-57.9391505155601,-61.4613211630531,1.84112127798932,-1.53001478809094,0.136577125920257,0.0292944742339021,33.4170182365798,24.052375659608,66.7976519008478,4.44516931099492
2013-03-10,-57.9617647058824,-61.4735294117647,0.99088692774133,341.913344220417,11.6315715138505,66.6130743362869,-57.9391505155601,-61.4613211630531,1.80105429976254,-1.52598766405412,0.0911873293972691,0.00727419586356996,33.4188263567514,26.2490082893938,66.7976519008478,15.2793087745132
2013-03-11,-57.9617647058824,-61.4735294117647,0.960963654081996,341.704889064882,11.4650370493168,66.6130743362869,-57.9391505155601,-61.4613211630531,1.75623385642382,-1.5295460959356,0.0826989826714864,0.0623426015128089,33.4210834220032,28.3334102707836,66.7976519008478,7.39213441204075
2013-03-12,-57.9617647058824,-61.4735294117647,0.95089324109438,341.839132541563,13.0210210230292,66.6130743362869,-57.9391505155601,-61.4613211630531,1.71467036242105,-1.52285755999819,0.112083241609949,0.0852113027381994,33.4207415973287,29.4291524809864,66.7976519008478,5.12334252522476
2013-03-13,-57.9617647058824,-61.4735294117647,0.953843371897209,342.203110113377,12.9215232337393,66.6130743362869,-57.9391505155601,-61.4613211630531,1.69078141458926,-1.53489651242409,0.108102244127657,0.0901263889815161,33.4182519693928,29.4614831999085,66.7976519008478,7.17091096300902
2013-03-14,-57.9617647058824,-61.4735294117647,0.963653947885444,342.470775325124,11.0093414143818,66.6130743362869,-57.9391505155601,-61.4613211630531,1.68668031869469,-1.54185728634256,0.154558746186908,0.0849683079692597,33.4143104810625,29.0918426565152,66.7976519008478,10.5823123394725
2013-03-15,-57.9617647058824,-61.4735294117647,0.959949186298905,342.307070104087,8.84157794277843,66.6130743362869,-57.9391505155601,-61.4613211630531,1.69089014214864,-1.54995725431584,0.175625167022913,0.0845309170050981,33.4109888321314,29.365520742419,66.7976519008478,19.886615076977
2013-03-16,-57.9617647058824,-61.4735294117647,0.977795677214134,342.437444175162,11.663718967903,66.6130743362869,-57.9391505155601,-61.4613211630531,1.69359455272736,-1.55299633749423,0.115915970824025,0.0910365900550133,33.4068475020559,28.3404118438803,66.7976519008478,6.85415228116776
2013-03-17,-57.9617647058824,-61.4735294117647,0.985172820890822,342.56113043064,7.68668908898423,66.6130743362869,-57.9391505155601,-61.4613211630531,1.6902100880619,-1.55086374813728,0.167781786744291,0.059803099159086,33.4038512864415,28.084443463005,66.7976519008478,11.4290882144732
2013-03-18,-57.9617647058824,-61.4735294117647,0.957187754715361,342.203868586843,6.4240134053114,66.6130743362869,-57.9391505155601,-61.4613211630531,1.6803374150504,-1.5477068774935,0.16678180104667,0.0605996280767818,33.4032335422943,28.6628948886063,66.7976519008478,11.0064368885465
2013-03-19,-57.9617647058824,-61.4735294117647,0.946913127855557,341.978148297566,7.34345553560955,66.6130743362869,-57.9391505155601,-61.4613211630531,1.68665857466287,-1.54820151464177,0.148608255020359,0.0608294437288755,33.4011598656535,27.4059111328743,66.7976519008478,4.22390486131009
2013-03-20,-57.9617647058824,-61.4735294117647,0.925328883456021,341.624484922828,6.28825857581162,66.6130743362869,-57.9391505155601,-61.4613211630531,1.7040425090172,-1.5401134909245,0.148099201104218,0.00666959165983837,33.3949963496282,23.4597152460281,66.7976519008478,15.1957095530496
2013-03-21,-57.9617647058824,-61.4735294117647,0.90099134314351,341.324299137767,8.36542355141989,66.6130743362869,-57.9391505155601,-61.4613211630531,1.67474375337403,-1.53343730947749,0.152440984465695,0.0385307508813627,33.3988018473472,27.5245255394342,66.7976519008478,6.40642733315589
2013-03-22,-57.9617647058824,-61.4735294117647,0.850284304560685,340.757760396818,4.88563447754558,66.6130743362869,-57.9391505155601,-61.4613211630531,1.64880277174204,-1.53866705125482,0.204853744234754,0.011013845849013,33.4075250664221,29.5938947693056,66.7976519008478,45.1090008674609
2013-03-23,-57.9617647058824,-61.4735294117647,0.826722376593729,340.479051543445,7.62867205608182,66.6130743362869,-57.9391505155601,-61.4613211630531,1.57421009920226,-1.55571828985665,0.101016678051789,0.110794133241521,33.4129474089052,31.8988454718339,66.7976519008478,17.8318805106005
2013-03-24,-57.9617647058824,-61.4735294117647,0.836685162128472,340.695686154249,7.73717521458137,66.6130743362869,-57.9391505155601,-61.4613211630531,1.51844351397835,-1.55670427423418,0.069925689212626,0.0271116389104953,33.4150478553515,32.9414582336158,66.7976519008478,16.3724293134398
2013-03-25,-57.9617647058824,-61.4735294117647,0.780660348331056,340.227341070408,2.67274566685281,66.6130743362869,-57.9391505155601,-61.4613211630531,1.46643008884952,-1.54341945281396,0.133405012313613,-0.0348569976515294,33.4203134709202,34.1133937809953,66.7976519008478,40.5790759467421
2013-03-26,-57.9617647058824,-61.4735294117647,0.694760050352027,339.454244846251,2.5494402821471,66.6130743362869,-57.9391505155601,-61.4613211630531,1.43496365376651,-1.55085592376076,0.151188119129855,0.0127477583785852,33.4019442981715,23.2616126643501,66.7976519008478,13.3937382951917
2013-03-27,-57.9617647058824,-61.4735294117647,0.700150204140966,339.689185910109,7.09711838931572,66.6130743362869,-57.9391505155601,-61.4613211630531,1.39115933794403,-1.5638433792974,0.100865938920684,0.113456368220118,33.4012914083586,26.5420436640339,66.7976519008478,19.4012545415777
2013-03-28,-57.9617647058824,-61.4735294117647,0.713219679346899,339.990100395389,4.49098666993583,66.6130743362869,-57.9391505155601,-61.4613211630531,1.33810309585129,-1.56931365211966,0.109204369940256,0.0206875133952792,33.3984228126433,29.0617771380343,66.7976519008478,6.25415482813397
2013-03-29,-57.9617647058824,-61.4735294117647,0.708967888137189,340.087777486662,6.24257989627559,66.6130743362869,-57.9391505155601,-61.4613211630531,1.32398896170692,-1.57865535939432,0.118886274525672,0.0426155358562988,33.3960546269591,27.4398891999815,66.7976519008478,0.689191616395009
2013-03-30,-57.9617647058824,-61.4735294117647,0.714470039780547,340.379243059856,7.28706777095795,66.6130743362869,-57.9391505155601,-61.4613211630531,1.26167585130645,-1.584349265948,0.0787369307537793,0.0190837469640692,33.3985545973064,30.8111344117385,66.7976519008478,14.8252609520308
2013-03-31,-57.9617647058824,-61.4735294117647,0.716008231043816,340.653493369498,5.74355206838468,66.6130743362869,-57.9391505155601,-61.4613211630531,1.22148037914001,-1.59092371956057,0.118772602219049,0.0394837848952746,33.3957312580062,30.8844447579944,66.7976519008478,1.10492854878666
2013-04-01,-57.9617647058824,-61.4735294117647,0.687855175355586,340.701058736662,3.23630398511887,66.6130743362869,-57.9391505155601,-61.4613211630531,1.2127760557028,-1.58113020280434,0.17495384215102,0.0648524504300715,33.391830969436,30.133837685733,66.7976519008478,15.4990195432678
2013-04-02,-57.9617647058824,-61.4735294117647,0.670690095642718,340.869217291111,6.09262256506013,66.6130743362869,-57.9391505155601,-61.4613211630531,1.15142668508164,-1.58357332962566,0.202360369767818,0.135953575800023,33.4027865895054,32.5466946088351,66.7976519008478,67.0354014996495
2013-04-03,-57.9617647058824,-61.4735294117647,0.682341807862607,341.297408313286,4.18324223378809,66.6130743362869,-57.9391505155601,-61.4613211630531,1.07071251520704,-1.5815795381703,0.201991347055606,0.0933841677551006,33.4145329021088,35.9125855544962,66.7976519008478,41.0224109281062
2013-04-04,-57.9617647058824,-61.4735294117647,0.705500872760284,341.822998046875,6.23908515383558,66.6130743362869,-57.9391505155601,-61.4613211630531,1.00322484980148,-1.58216725557278,0.122999889461899,0.0761216468053308,33.4198190532072,37.667297065982,66.7976519008478,2.42380032588146
2013-04-05,-57.9617647058824,-61.4735294117647,0.720410720967665,342.226540170065,3.70376474828255,66.6130743362869,-57.9391505155601,-61.4613211630531,0.977609070447775,-1.56695454210727,0.149324059974045,0.0229856680812221,33.4172696462366,37.1650390419078,66.7976519008478,9.10811740893485
2013-04-06,-57.9617647058824,-61.4735294117647,0.712125219949862,342.352102512267,5.24887860693583,66.6130743362869,-57.9391505155601,-61.4613211630531,0.98052402216735,-1.56299454866633,0.177383791046989,-0.00224543734882203,33.4174137707503,36.6269495162243,66.7976519008478,32.2677900416776
2013-04-07,-57.9617647058824,-61.4735294117647,0.725180590661561,342.741407068764,5.1797436621131,66.6130743362869,-57.9391505155601,-61.4613211630531,0.951808450715905,-1.56531329515331,0.187461900566271,0.0786240822993792,33.4179717821953,37.2607953963492,66.7976519008478,25.5237965988544
2013-04-08,-57.9617647058824,-61.4735294117647,0.73159340460126,343.155510506979,3.35309281436408,66.6130743362869,-57.9391505155601,-61.4613211630531,0.893258380865761,-1.55571375893839,0.156474698983465,0.0586350763143718,33.4167732516764,37.6256996726218,66.7976519008478,6.64091100164135
2013-04-09,-57.9617647058824,-61.4735294117647,0.720382383683833,343.387370411943,3.68001964034104,66.6130743362869,-57.9391505155601,-61.4613211630531,0.890535190721594,-1.55454573827556,0.188344919428169,0.0334369190962289,33.4145286086439,37.3680838277305,66.7976519008478,25.3259494247056
2013-04-10,-57.9617647058824,-61.4735294117647,0.703255657742663,343.513191409227,3.03414230085001,66.6130743362869,-57.9391505155601,-61.4613211630531,0.911044617654824,-1.55988297690908,0.170617825116625,0.0130797144121084,33.4078276424434,34.6144163463762,66.7976519008478,21.1469159508656
2013-04-11,-57.9617647058824,-61.4735294117647,0.708551630377769,343.794842975896,5.48736738286367,66.6130743362869,-57.9391505155601,-61.4613211630531,0.90132317558313,-1.571252662965,0.159544671655666,0.0699726408158961,33.4028215446936,34.7577421378832,66.7976519008478,8.93624407971873
2013-04-12,-57.9617647058824,-61.4735294117647,0.730961076006657,344.198801552377,5.31132640198963,66.6130743362869,-57.9391505155601,-61.4613211630531,0.878509662210861,-1.56811391293761,0.125348290803059,0.0353858204968223,33.3983919964789,35.3193074752766,66.7976519008478,1.91113365514442
2013-04-13,-57.9617647058824,-61.4735294117647,0.741730651477488,344.480754945336,4.42006688583188,66.6130743362869,-57.9391505155601,-61.4613211630531,0.869882438749115,-1.56350730739624,0.123068257648493,0.0623582520455564,33.3944196507998,34.9607870472588,66.7976519008478,0.365501574114901
2013-04-14,-57.9617647058824,-61.4735294117647,0.728703767424676,344.498182715439,4.09552523566455,66.6130743362869,-57.9391505155601,-61.4613211630531,0.877621042422759,-1.55295391410951,0.163647578579252,0.0132362193876674,33.3919917735976,34.8959197007049,66.7976519008478,17.8177038789862
2013-04-15,-57.9617647058824,-61.4735294117647,0.717713722005123,344.526040426115,4.69615858938636,66.6130743362869,-57.9391505155601,-61.4613211630531,0.861639722437672,-1.55301240211235,0.178454615738791,0.0959689744953041,33.3916087749033,36.4471744056012,66.7976519008478,25.6074897904358
2013-04-16,-57.9617647058824,-61.4735294117647,0.731728786012022,344.844435529011,5.05636816489987,66.6130743362869,-57.9391505155601,-61.4613211630531,0.82603463035846,-1.55048278163158,0.147034966214667,0.0845926953341395,33.3886269892436,37.8450128514114,66.7976519008478,8.17264679583965
2013-04-17,-57.9617647058824,-61.4735294117647,0.733388330151395,345.012215963224,3.09626583791361,66.6130743362869,-57.9391505155601,-61.4613211630531,0.799459061883239,-1.54035319088281,0.114097216160272,0.0334031469768036,33.383244075595,37.5301491149202,66.7976519008478,2.36934805211188
2013-04-18,-57.9617647058824,-61.4735294117647,0.70423558390722,344.923016059689,2.41568933463678,66.6130743362869,-57.9391505155601,-61.4613211630531,0.813156066454856,-1.53741460113551,0.159108104830289,0.0272953265802822,33.3741605503839,35.1642438049419,66.7976519008478,11.1717569284569
2013-04-19,-57.9617647058824,-61.4735294117647,0.690810887551889,344.959201347537,4.12037639210864,66.6130743362869,-57.9391505155601,-61.4613211630531,0.832814435184243,-1.53838287239615,0.113635937468364,0.0642429038319189,33.3604313725563,28.5407795925372,66.7976519008478,0.718707784923997
2013-04-20,-57.9617647058824,-61.4735294117647,0.685592375150541,345.123303297089,3.58594798460239,66.6130743362869,-57.9391505155601,-61.4613211630531,0.825866594186679,-1.53386852213567,0.179663824347349,0.0907417013889302,33.3592596169908,32.7536520655499,66.7976519008478,24.2750789540346
2013-04-21,-57.9617647058824,-61.4735294117647,0.660689321596448,345.092416158537,1.55784021935812,66.6130743362869,-57.9391505155601,-61.4613211630531,0.798146397096586,-1.53307982028415,0.161589123730959,0.0557594995407762,33.3538746647185,34.4467911314868,66.7976519008478,8.53806703025552
2013-04-22,-57.9617647058824,-61.4735294117647,0.641607027955172,345.102962959103,3.18309112874473,66.6130743362869,-57.9391505155601,-61.4613211630531,0.724354371418435,-1.54064890134994,0.0812533691766774,0.156978810771636,33.3554870821686,37.4273911371887,66.7976519008478,60.3643303515966
2013-04-23,-57.9617647058824,-61.4735294117647,0.637147263055894,345.456445461366,1.35983646424805,66.6130743362869,-57.9391505155601,-61.4613211630531,0.63643635063358,-1.53980665731366,0.136391790525915,0.0859559379095732,33.3582670698282,38.4551770909112,66.7976519008478,6.31544475723141
2013-04-24,-57.9617647058824,-61.4735294117647,0.625688619003063,345.768334737638,2.2760965576986,66.6130743362869,-57.9391505155601,-61.4613211630531,0.639974026323652,-1.54153562444746,0.140731102300559,0.0968742331190791,33.3534133849356,36.2727536061193,66.7976519008478,11.1636362560462
2013-04-25,-57.9617647058824,-61.4735294117647,0.620712988623759,346.029882291468,1.6219477624428,66.6130743362869,-57.9391505155601,-61.4613211630531,0.649528420848242,-1.53185784092799,0.145908128922647,0.0636753666135464,33.3439880350502,29.9289394280849,66.7976519008478,3.72293279437984
2013-04-26,-57.9617647058824,-61.4735294117647,0.600630570475648,346.126564956293,1.7888801039719,66.6130743362869,-57.9391505155601,-61.4613211630531,0.642427369127711,-1.52449715877512,0.117675418609831,0.0231504105132038,33.3422912206405,28.8791191265811,66.7976519008478,4.87684633960788
2013-04-27,-57.9617647058824,-61.4735294117647,0.589089324198118,346.368052412824,2.62674908085567,66.6130743362869,-57.9391505155601,-61.4613211630531,0.642028035080706,-1.52631550070084,0.18077089249404,0.109674709226921,33.3460947569565,33.3463125499154,66.7976519008478,33.6356949548949
2013-04-28,-57.9617647058824,-61.4735294117647,0.599058215937963,346.82997354647,3.50263645300051,66.6130743362869,-57.9391505155601,-61.4613211630531,0.600241153044739,-1.53100488945218,0.15783217584013,0.0560066130932285,33.3466939578655,35.8567793121544,66.7976519008478,7.06113562907586
2013-04-29,-57.9617647058824,-61.4735294117647,0.603595185934043,347.092063717726,2.88647978916401,66.6130743362869,-57.9391505155601,-61.4613211630531,0.616281780113897,-1.53248963021396,0.171908580571132,0.0279839493625882,33.3444081614053,34.9974421618278,66.7976519008478,16.7761885445148
2013-04-30,-57.9617647058824,-61.4735294117647,0.598880718394024,347.254400113734,2.7433081952537,66.6130743362869,-57.9391505155601,-61.4613211630531,0.624363377800918,-1.53602005643883,0.178983438644412,0.0197163573824442,33.3412698238646,34.6731057533851,66.7976519008478,23.1933198601709
2013-05-01,-57.9617647058824,-61.4735294117647,0.599446479140258,347.52949337843,2.88047361810033,66.6130743362869,-57.9391505155601,-61.4613211630531,0.602504712498059,-1.53001561209901,0.179424124554946,0.09264859366614,33.3404604593913,36.031611844113,66.7976519008478,24.846683149206
2013-05-02,-57.9617647058824,-61.4735294117647,0.598126966415382,347.820839858637,1.97236690434014,66.6130743362869,-57.9391505155601,-61.4613211630531,0.534382456508886,-1.5285650528716,0.149954199142422,0.0819411682776916,33.3375733461779,36.5781444917645,66.7976519008478,8.2271041170992
2013-05-03,-57.9617647058824,-61.4735294117647,0.597442789048683,348.175057387934,2.60022316764041,66.6130743362869,-57.9391505155601,-61.4613211630531,0.479845509787722,-1.52545883909733,0.1567366398147,0.127994051954725,33.3361873961332,36.6949056658828,66.7976519008478,33.8159303899805
2013-05-04,-57.9617647058824,-61.4735294117647,0.596644043195538,348.418305932022,1.9341841238301,66.6130743362869,-57.9391505155601,-61.4613211630531,0.410783233289455,-1.52018049805753,0.142805207555915,0.0511071772971938,33.336803142841,37.1086147555456,66.7976519008478,2.58414054867079
2013-05-05,-57.9617647058824,-61.4735294117647,0.570547745358653,348.346592600753,0.922065796648584,66.6130743362869,-57.9391505155601,-61.4613211630531,0.408054113729924,-1.51663812709402,0.169640079638374,0.00758391140121841,33.3324497598707,35.3156008134808,66.7976519008478,23.0744798696435
2013-05-06,-57.9617647058824,-61.4735294117647,0.533892004591663,348.223006085652,0.876678646337695,66.6130743362869,-57.9391505155601,-61.4613211630531,0.406171107662191,-1.51377325775491,0.12565718270969,0.010832629439279,33.3239758757927,31.6043685753497,66.7976519008478,9.57854901356817
2013-05-07,-57.9617647058824,-61.4735294117647,0.520045261557509,348.329918093798,1.78295734306661,66.6130743362869,-57.9391505155601,-61.4613211630531,0.349621669996364,-1.51699973584508,0.110353447562247,0.0994656294453562,33.3205183495072,32.1817904136442,66.7976519008478,10.7065054085283
2013-05-08,-57.9617647058824,-61.4735294117647,0.522237074084398,348.498560835676,2.22891606354132,66.6130743362869,-57.9391505155601,-61.4613211630531,0.284411400134264,-1.5149626979622,0.120562527238237,0.0521335218066548,33.3223675458859,34.746416100928,66.7976519008478,0.023217966845041
2013-05-09,-57.9617647058824,-61.4735294117647,0.520682176438774,348.531210178282,2.38399784594047,66.6130743362869,-57.9391505155601,-61.4613211630531,0.224351961200858,-1.50438088733658,0.139542486704635,0.0137872822763707,33.319305435366,35.0748710387792,66.7976519008478,10.0476230558894
2013-05-10,-57.9617647058824,-61.4735294117647,0.521825199083584,348.636669251977,2.43006752903869,66.6130743362869,-57.9391505155601,-61.4613211630531,0.181407599213474,-1.49955599558981,0.118212478423891,0.0450578403537251,33.3151003983018,34.5256614273215,66.7976519008478,0.446088919735825
2013-05-11,-57.9617647058824,-61.4735294117647,0.523008625318364,348.85178431069,1.80069805354607,66.6130743362869,-57.9391505155601,-61.4613211630531,0.125120101197448,-1.50597765104652,0.135595261296521,0.0544605065745461,33.3088773297556,33.9284705060375,66.7976519008478,1.17102898072912
2013-05-12,-57.9617647058824,-61.4735294117647,0.51771579682827,349.011357377215,1.76036130509725,66.6130743362869,-57.9391505155601,-61.4613211630531,0.098487203339977,-1.51383091788865,0.14006224843735,0.0362564834606471,33.3040318868743,33.4303310165199,66.7976519008478,3.57688198245118
2013-05-13,-57.9617647058824,-61.4735294117647,0.501948608857829,349.033167397104,1.05868754881184,66.6130743362869,-57.9391505155601,-61.4613211630531,0.0660758060321473,-1.52288350466935,0.0861758688482357,0.0544201446478425,33.3022629432833,33.8259184215716,66.7976519008478,5.81988272965826
2013-05-14,-57.9617647058824,-61.4735294117647,0.4831846171036,349.147976386838,1.37052817897099,66.6130743362869,-57.9391505155601,-61.4613211630531,-0.0103524272881861,-1.52716104044766,0.0621177284160124,0.10699435217399,33.3072196044098,36.1333402203806,66.7976519008478,30.8201243695597
2013-05-15,-57.9617647058824,-61.4735294117647,0.4764509397309,349.517856132693,1.26581740452022,66.6130743362869,-57.9391505155601,-61.4613211630531,-0.120712299809845,-1.51948693149325,0.0998766612708971,0.0918743046963344,33.3140131066203,38.7084684693701,66.7976519008478,9.15393365812469
2013-05-16,-57.9617647058824,-61.4735294117647,0.470487574978573,349.730917209532,1.27071897067675,66.6130743362869,-57.9391505155601,-61.4613211630531,-0.191795963125351,-1.5180672659726,0.113898701799905,0.074204870357647,33.3110951309101,37.5120274328832,66.7976519008478,2.19111786490096
2013-05-17,-57.9617647058824,-61.4735294117647,0.462322273632375,349.87832939334,1.09724816679955,66.6130743362869,-57.9391505155601,-61.4613211630531,-0.212853981174438,-1.51134701698576,0.114645807809032,0.0172106272034478,33.3118920268317,37.4457186352708,66.7976519008478,7.02695854908535
2013-05-18,-57.9617647058824,-61.4735294117647,0.450508528366321,350.181799539706,0.775406491465685,66.6130743362869,-57.9391505155601,-61.4613211630531,-0.223804071042863,-1.50115358362957,0.155447531034026,0.0639430728719624,33.3083253827011,36.3446222915341,66.7976519008478,6.64703093453981
2013-05-19,-57.9617647058824,-61.4735294117647,0.435046345358942,350.732984589367,0.557438919820437,66.6130743362869,-57.9391505155601,-61.4613211630531,-0.229071541725785,-1.49888220087558,0.175996661145999,0.0735154238488027,33.3053455944808,35.8442175449469,66.7976519008478,17.3663386323868
2013-05-20,-57.9617647058824,-61.4735294117647,0.419350277359893,351.293969503263,0.688756664715162,66.6130743362869,-57.9391505155601,-61.4613211630531,-0.202368463823187,-1.50173841893432,0.191255915271528,0.0566589925312481,33.3092479422668,36.899392039187,66.7976519008478,25.207430090899
2013-05-21,-57.9617647058824,-61.4735294117647,0.401850435428503,351.767245408965,0.309730437652367,66.6130743362869,-57.9391505155601,-61.4613211630531,-0.167042115891752,-1.51127247192599,0.175640817585825,0.0385216899749078,33.3086693180717,34.3883076125954,66.7976519008478,16.5573763094113
2013-05-22,-57.9617647058824,-61.4735294117647,0.389466729105973,352.221498070694,0.749449339581699,66.6130743362869,-57.9391505155601,-61.4613211630531,-0.183405967326219,-1.51832055595079,0.145203031830781,0.0701802160525531,33.3035149464884,30.4666172277268,66.7976519008478,4.36808021548689
2013-05-23,-57.9617647058824,-61.4735294117647,0.379568805781806,352.357099951767,0.63187828260224,66.6130743362869,-57.9391505155601,-61.4613211630531,-0.235545913468891,-1.523701452855,0.035026682332138,0.0574901172848526,33.3104876313615,35.6352007771954,66.7976519008478,36.4032211700559
2013-05-24,-57.9617647058824,-61.4735294117647,0.372380991897932,352.369550007146,1.1040687670068,66.6130743362869,-57.9391505155601,-61.4613211630531,-0.355593621288395,-1.52651071838039,0.0361131575717698,0.0885193279608782,33.3284569507347,41.3006886560746,66.7976519008478,41.2955149020244
2013-05-25,-57.9617647058824,-61.4735294117647,0.375510714403013,352.721051471989,1.00179342453073,66.6130743362869,-57.9391505155601,-61.4613211630531,-0.450579084063831,-1.53070300085503,0.0839815014940605,0.0955299361735864,33.3407261085253,43.0572535338511,66.7976519008478,15.1038072930899
2013-05-26,-57.9617647058824,-61.4735294117647,0.370745980158085,353.063477306831,0.590444549554732,66.6130743362869,-57.9391505155601,-61.4613211630531,-0.548704864515065,-1.53602005740409,0.0388322292340671,0.115548595605109,33.350231778123,44.1945932262179,66.7976519008478,51.9534369274382
2013-05-27,-57.9617647058824,-61.4735294117647,0.367898202887396,353.644462771532,0.977303243991805,66.6130743362869,-57.9391505155601,-61.4613211630531,-0.656789315404438,-1.52847980037231,0.0743317218414444,0.111768583848811,33.3573177095689,45.1515399621405,66.7976519008478,27.091631730676
2013-05-28,-57.9617647058824,-61.4735294117647,0.370021945456179,354.174286260837,0.75927959128124,66.6130743362869,-57.9391505155601,-61.4613211630531,-0.723918176262404,-1.52040495885368,0.134694944871099,0.10099031929525,33.3549825176697,43.362850316623,66.7976519008478,11.9503926990623
2013-05-29,-57.9617647058824,-61.4735294117647,0.369174307439385,354.913819475872,0.5875320347344,66.6130743362869,-57.9391505155601,-61.4613211630531,-0.76471660461141,-1.51054677950387,0.150070342759372,0.131075556526984,33.3509051365408,42.300468281374,66.7976519008478,33.9279065975478
2013-05-30,-57.9617647058824,-61.4735294117647,0.361281470918074,355.600927957674,0.19547977407531,66.6130743362869,-57.9391505155601,-61.4613211630531,-0.810086632627546,-1.5008063906761,0.154861872002744,0.0394664870301078,33.3415972494725,37.7206323677712,66.7976519008478,7.07109250594956
2013-05-31,-57.9617647058824,-61.4735294117647,0.351210533482272,356.146050429926,0.350549192871989,66.6130743362869,-57.9391505155601,-61.4613211630531,-0.832997999069823,-1.51203234330845,0.103413678112461,0.095868481632307,33.3360269832225,35.717366097588,66.7976519008478,10.0760609125957
2013-06-01,-57.9617647058824,-61.4735294117647,0.347976617696809,356.339353980088,0.577775290826472,66.6130743362869,-57.9391505155601,-61.4613211630531,-0.848977344067875,-1.51400719062198,0.0988256055434384,0.0767748500302173,33.3467248049181,41.409830250399,66.7976519008478,4.83618298860193
2013-06-02,-57.9617647058824,-61.4735294117647,0.344995388534011,356.482197459151,0.487499228701359,66.6130743362869,-57.9391505155601,-61.4613211630531,-0.881567651966484,-1.51031325590594,0.149357008728904,0.075881946942544,33.3533329777068,43.4036239914888,66.7976519008478,6.55875297156049
2013-06-03,-57.9617647058824,-61.4735294117647,0.335889320184545,356.619791914777,0.352460384732339,66.6130743362869,-57.9391505155601,-61.4613211630531,-0.897360177738303,-1.50633143654719,0.183102819646298,0.01649729305735,33.3540064802697,43.9960784024073,66.7976519008478,26.8600264355712
2013-06-04,-57.9617647058824,-61.4735294117647,0.328422757910519,357.024398803711,0.385436346981584,66.6130743362869,-57.9391505155601,-61.4613211630531,-0.892928939538929,-1.51330497808624,0.150109880899209,0.0660287103642095,33.3487883605133,41.5603635095553,66.7976519008478,5.13650298808519
2013-06-05,-57.9617647058824,-61.4735294117647,0.32564845372264,357.291680312738,0.487954837156505,66.6130743362869,-57.9391505155601,-61.4613211630531,-0.920650124439263,-1.51084454886505,0.127812012120096,0.0679240702939259,33.3464964430342,40.7226489204788,66.7976519008478,1.21467394558809
2013-06-06,-57.9617647058824,-61.4735294117647,0.323574979494258,357.521022145341,0.563995721863537,66.6130743362869,-57.9391505155601,-61.4613211630531,-0.916329592094328,-1.50829598601209,0.162972135426585,0.0277417780939545,33.3455224339618,40.3826619816213,66.7976519008478,12.6268130844207
2013-06-07,-57.9617647058824,-61.4735294117647,0.317695989659647,357.789369536609,0.217104143667512,66.6130743362869,-57.9391505155601,-61.4613211630531,-0.904889229056645,-1.52093172202065,0.128388609601418,0.0183943005457179,33.342927765428,38.9807050630309,66.7976519008478,6.76357414433239
2013-06-08,-57.9617647058824,-61.4735294117647,0.310777393419568,357.948878218488,0.359649089051456,66.6130743362869,-57.9391505155601,-61.4613211630531,-0.932593609810921,-1.53511273651792,0.128749395370001,0.0763868818841322,33.3400386084429,37.7980611958163,66.7976519008478,2.80304370079958
2013-06-09,-57.9617647058824,-61.4735294117647,0.304187720686924,357.995783736066,0.331789421962529,66.6130743362869,-57.9391505155601,-61.4613211630531,-0.935533272049688,-1.53832109431345,0.205253244044609,0.0923553521665726,33.345188907927,40.8453818963446,66.7976519008478,43.3434328984398
2013-06-10,-57.9617647058824,-61.4735294117647,0.296386709482205,358.488542510242,0.166674067152709,66.6130743362869,-57.9391505155601,-61.4613211630531,-1.0093470441728,-1.54334737929577,0.0928018039115045,0.0593064011108537,33.3364449319569,32.5063326780291,66.7976519008478,3.90548523441585
2013-06-11,-57.9617647058824,-61.4735294117647,0.292034923848582,358.750854864353,0.436245679855347,66.6130743362869,-57.9391505155601,-61.4613211630531,-1.04928650709017,-1.54114147960416,0.0836594303298173,0.102949105389165,33.3486668770773,41.9580103195952,66.7976519008478,18.5575305803585
2013-06-12,-57.9617647058824,-61.4735294117647,0.287880613309581,359.139632806545,0.164444589487663,66.6130743362869,-57.9391505155601,-61.4613211630531,-1.0906799852285,-1.52800081294236,0.163645107500185,0.0277384831978564,33.3512327474782,41.7314896615732,66.7976519008478,12.9171727705732
2013-06-13,-57.9617647058824,-61.4735294117647,0.282277834669846,359.811911606207,0.252234721510876,66.6130743362869,-57.9391505155601,-61.4613211630531,-1.12610814612806,-1.52216811347426,0.146066281869103,0.10358336300422,33.3510494412359,41.4409254527124,66.7976519008478,15.4797231986772
2013-06-14,-57.9617647058824,-61.4735294117647,0.278529333450445,360.513167218464,0.169999129434184,66.6130743362869,-57.9391505155601,-61.4613211630531,-1.17433381245526,-1.5183407390005,0.150270504623088,0.077947815118531,33.3555880352231,42.8218777832876,66.7976519008478,7.29621044985677
2013-06-15,-57.9617647058824,-61.4735294117647,0.271459686501724,361.113334097513,0.0941523208123882,66.6130743362869,-57.9391505155601,-61.4613211630531,-1.19393188563677,-1.51579423262845,0.170850935488859,0.0344237254960173,33.3517577702861,39.8851402877313,66.7976519008478,14.7503652967827
2013-06-16,-57.9617647058824,-61.4735294117647,0.265771027200106,361.790049855302,0.204526319372945,66.6130743362869,-57.9391505155601,-61.4613211630531,-1.21813417735853,-1.51271231663533,0.130445417328442,0.0825021156938131,33.3503698022099,38.4436451799956,66.7976519008478,4.50024499304393
2013-06-17,-57.9617647058824,-61.4735294117647,0.263269671579687,362.13855464284,0.268519306146517,66.6130743362869,-57.9391505155601,-61.4613211630531,-1.24219511881692,-1.51047676536236,0.138857158712852,0.0430661059674705,33.3616731208667,41.5193839427109,66.7976519008478,2.35100498926597
2013-06-18,-57.9617647058824,-61.4735294117647,0.258269350884891,362.120031961581,0.128940468336024,66.6130743362869,-57.9391505155601,-61.4613211630531,-1.27346880426291,-1.50369679525635,0.116178735100266,0.0169182095862674,33.3720745338924,42.8995125959759,66.7976519008478,7.06094589512882
2013-06-19,-57.9617647058824,-61.4735294117647,0.254184690553968,362.181016875476,0.257633677343043,66.6130743362869,-57.9391505155601,-61.4613211630531,-1.29899759938521,-1.50725975773434,0.1234899977481,0.0566095698941574,33.3815864377659,43.2238489413551,66.7976519008478,0.0784492254993502
2013-06-20,-57.9617647058824,-61.4735294117647,0.248437654499601,361.856770585223,0.0948401166171562,66.6130743362869,-57.9391505155601,-61.4613211630531,-1.31791364193445,-1.51337499271038,0.0624142644145148,0.0115369027191409,33.3914298805309,43.9981376979998,66.7976519008478,25.8807445563136
2013-06-21,-57.9617647058824,-61.4735294117647,0.23927248814484,361.344998615544,0.134504362486485,66.6130743362869,-57.9391505155601,-61.4613211630531,-1.33708865423756,-1.52456140614714,0.0292920030542874,0.0629274367521971,33.4107110181801,45.9262403817634,66.7976519008478,41.7802145944498
2013-06-22,-57.9617647058824,-61.4735294117647,0.234572571588726,361.535275342988,0.156162123218542,66.6130743362869,-57.9391505155601,-61.4613211630531,-1.38640261203171,-1.53241673140069,0.103862601207939,0.105273619178537,33.4345368450952,47.7128706184315,66.7976519008478,14.3558356482152
2013-06-23,-57.9617647058824,-61.4735294117647,0.230603487208122,362.040744316287,0.099158115912138,66.6130743362869,-57.9391505155601,-61.4613211630531,-1.42511836977301,-1.533041103327,0.148095906509763,0.126114342381798,33.4442071284038,45.8006243042939,66.7976519008478,29.6721092034589
2013-06-24,-57.9617647058824,-61.4735294117647,0.225030330441347,361.992810133027,0.125707601219779,66.6130743362869,-57.9391505155601,-61.4613211630531,-1.45192325766753,-1.53892034348528,0.0894567116029188,0.119071609558042,33.4584426365079,46.3094721432479,66.7976519008478,25.7495743810056
2013-06-25,-57.9617647058824,-61.4735294117647,0.221833957222904,361.91599962188,0.162495883681425,66.6130743362869,-57.9391505155601,-61.4613211630531,-1.48150471138407,-1.52886406242767,0.0737370021601035,0.0769758356154448,33.4682323337406,47.5009708533242,66.7976519008478,13.4145841132268
2013-06-26,-57.9617647058824,-61.4735294117647,0.219035406846826,361.947392905631,0.0993230900977079,66.6130743362869,-57.9391505155601,-61.4613211630531,-1.51561427502497,-1.51928265069017,0.0765137335137237,0.0612824850146346,33.4735637927345,46.8510624644888,66.7976519008478,9.82873832662872
2013-06-27,-57.9617647058824,-61.4735294117647,0.214638459064612,361.979049682617,0.107231101770772,66.6130743362869,-57.9391505155601,-61.4613211630531,-1.53556719997473,-1.51570939084618,0.155473066144466,0.0640518029148762,33.4749126511547,45.7116634533634,66.7976519008478,6.66658609932278
2013-06-28,-57.9617647058824,-61.4735294117647,0.209678671890643,362.125792340534,0.0790396102635962,66.6130743362869,-57.9391505155601,-61.4613211630531,-1.57314030522438,-1.52390367186826,0.109173892596272,0.0445084248074958,33.4604443847409,26.1948493012854,66.7976519008478,1.09471707624452
2013-06-29,-57.9617647058824,-61.4735294117647,0.207879980708041,362.198664223276,0.260988586922971,66.6130743362869,-57.9391505155601,-61.4613211630531,-1.57346945993009,-1.52502886373826,0.0714833275861183,0.106508362309331,33.4819327958039,44.6529882292033,66.7976519008478,25.5552200660404
2013-06-30,-57.9617647058824,-61.4735294117647,0.207611815413324,362.062423333889,0.193974764427034,66.6130743362869,-57.9391505155601,-61.4613211630531,-1.57955042690079,-1.51629422824232,0.0951707979083544,0.0536079653733575,33.4967554275163,48.003434784821,66.7976519008478,3.1577371789197
2013-07-01,-57.9617647058824,-61.4735294117647,0.205674390785578,361.680845679306,0.166081693159734,66.6130743362869,-57.9391505155601,-61.4613211630531,-1.58785838113944,-1.51731233156001,0.0806388804606098,0.0511129433226328,33.5069159483298,48.7443632378108,66.7976519008478,7.91198631110193
2013-07-02,-57.9617647058824,-61.4735294117647,0.200516258616273,360.980716240115,0.0904701416857722,66.6130743362869,-57.9391505155601,-61.4613211630531,-1.59354396765692,-1.51223744618909,0.0341181285810052,-0.0122955409752132,33.5171258439902,49.8864392552138,66.7976519008478,59.286061257589
2013-07-03,-57.9617647058824,-61.4735294117647,0.193399499647501,360.251868643412,0.042310358683874,66.6130743362869,-57.9391505155601,-61.4613211630531,-1.5888003784957,-1.51426789602931,0.0448815659714131,-0.00810367333000166,33.5218478420325,50.4360607535894,66.7976519008478,47.887437440567
2013-07-04,-57.9617647058824,-61.4735294117647,0.187763242096436,359.757594783132,0.0556767406964266,66.6130743362869,-57.9391505155601,-61.4613211630531,-1.61209329154327,-1.52612275150623,0.0786751523292177,0.0253431303539739,33.5181412021158,44.4878341337608,66.7976519008478,12.844318368509
2013-07-05,-57.9617647058824,-61.4735294117647,0.184860901498213,359.585387811428,0.114694074591304,66.6130743362869,-57.9391505155601,-61.4613211630531,-1.64092945199907,-1.5322672273466,0.107227462506005,0.0646646443337162,33.5186107445021,41.8610182117354,66.7976519008478,1.3935869628103
2013-07-06,-57.9617647058824,-61.4735294117647,0.18264712538661,359.557202967202,0.0939793714390295,66.6130743362869,-57.9391505155601,-61.4613211630531,-1.63549295562482,-1.52953827091557,0.136501343953505,0.0688400375336288,33.5250934801604,46.3232692636137,66.7976519008478,2.37482758263382
2013-07-07,-57.9617647058824,-61.4735294117647,0.180662188769841,359.604954044993,0.104040214383021,66.6130743362869,-57.9391505155601,-61.4613211630531,-1.64483483069339,-1.53367618510598,0.0915522336376662,0.0458090652268023,33.5274760957993,45.6157010769554,66.7976519008478,4.48811649936976
2013-07-08,-57.9617647058824,-61.4735294117647,0.17828619843576,359.530577124619,0.0774743059740924,66.6130743362869,-57.9391505155601,-61.4613211630531,-1.65075369241588,-1.54176750485553,0.130132407060599,0.0395257942096988,33.5325214319062,46.7032061060752,66.7976519008478,1.57127707371869
2013-07-09,-57.9617647058824,-61.4735294117647,0.175981564129271,359.595307140816,0.140566630947699,66.6130743362869,-57.9391505155601,-61.4613211630531,-1.64913361757873,-1.54855612205912,0.135375330714803,0.086480641976381,33.5381206610264,48.2699054146585,66.7976519008478,6.3245957127353
2013-07-10,-57.9617647058824,-61.4735294117647,0.174365350931156,359.937801826291,0.0937980688290625,66.6130743362869,-57.9391505155601,-61.4613211630531,-1.65603401384212,-1.54521761844676,0.137232799625952,0.0399796592722698,33.542218737274,48.6090686427437,66.7976519008478,2.45612122347334
2013-07-11,-57.9617647058824,-61.4735294117647,0.175019791940363,360.222151221299,0.296981852592492,66.6130743362869,-57.9391505155601,-61.4613211630531,-1.65971303677913,-1.54195572104049,0.168618677427814,0.0464960406213878,33.5458575260301,48.9797387773048,66.7976519008478,11.9793122151841
2013-07-12,-57.9617647058824,-61.4735294117647,0.178859835172572,360.395574057974,0.312515933566341,66.6130743362869,-57.9391505155601,-61.4613211630531,-1.66879297203702,-1.54636752106722,0.11309887804644,0.0442003567028142,33.5542119035193,50.1506446009545,66.7976519008478,0.765886514264045
2013-07-13,-57.9617647058824,-61.4735294117647,0.180165775120258,360.308774622475,0.146106887131748,66.6130743362869,-57.9391505155601,-61.4613211630531,-1.67240379776871,-1.54807878184093,0.0757929858388367,-0.0141258278406664,33.5586742910779,48.9793268839518,66.7976519008478,33.2920397776799
2013-07-14,-57.9617647058824,-61.4735294117647,0.180841272742283,360.328783733089,0.25433821008518,66.6130743362869,-57.9391505155601,-61.4613211630531,-1.67956909830914,-1.54391244822025,0.0932441369332524,0.0600024373917847,33.5644154362029,48.466978182516,66.7976519008478,3.82232984355306
2013-07-15,-57.9617647058824,-61.4735294117647,0.180916432563852,360.243594285918,0.126106196628293,66.6130743362869,-57.9391505155601,-61.4613211630531,-1.68627674634318,-1.53885733083836,0.121634175993412,0.0173358312442235,33.5746540373314,50.7665746948819,66.7976519008478,6.8301999286954
2013-07-16,-57.9617647058824,-61.4735294117647,0.178330427989727,360.195555151963,0.0932043655207608,66.6130743362869,-57.9391505155601,-61.4613211630531,-1.69444532609983,-1.54375017509769,0.0988165451145848,0.0167584096040079,33.5779900287005,49.4072448998167,66.7976519008478,9.34225716912185
2013-07-17,-57.9617647058824,-61.4735294117647,0.176756222982232,360.117642658513,0.224418218724611,66.6130743362869,-57.9391505155601,-61.4613211630531,-1.69064768605869,-1.56422434741186,0.100151781078212,0.0693210849284563,33.5969661604538,53.7298768940564,66.7976519008478,3.16072891098734
2013-07-18,-57.9617647058824,-61.4735294117647,0.176765865123853,360.086141446742,0.207656614028099,66.6130743362869,-57.9391505155601,-61.4613211630531,-1.6976805331736,-1.57146683170406,0.128466038493372,0.0823826777488597,33.6075343030345,54.4034669003506,66.7976519008478,4.28522608151294
2013-07-19,-57.9617647058824,-61.4735294117647,0.175438739359379,359.917912925162,0.12420116067387,66.6130743362869,-57.9391505155601,-61.4613211630531,-1.69797015013161,-1.56984988655317,0.0817797209227938,0.0027635519200491,33.6196201339907,55.2535372488251,66.7976519008478,20.6815469823439
2013-07-20,-57.9617647058824,-61.4735294117647,0.174885947893306,359.467702353873,0.275198464849737,66.6130743362869,-57.9391505155601,-61.4613211630531,-1.68933007865139,-1.56761803720322,0.0742337003491025,0.0482538408535695,33.6417781351066,58.0372704404247,66.7976519008478,10.7881904448903
2013-07-21,-57.9617647058824,-61.4735294117647,0.173180651919144,359.279622519889,0.0777747929550526,66.6130743362869,-57.9391505155601,-61.4613211630531,-1.69623838359045,-1.56365392854822,0.200588566511266,0.0602306053997614,33.6496426457496,57.5560169271451,66.7976519008478,32.4147321793219
2013-07-22,-57.9617647058824,-61.4735294117647,0.168418074344716,359.671211428759,0.105240049135939,66.6130743362869,-57.9391505155601,-61.4613211630531,-1.70826390703358,-1.56483718949934,0.192024438487373,0.103339544508742,33.6447745360504,52.5966559473159,66.7976519008478,37.7656379305273
2013-07-23,-57.9617647058824,-61.4735294117647,0.16597396844044,359.770917566811,0.273072409784285,66.6130743362869,-57.9391505155601,-61.4613211630531,-1.69906338265068,-1.5666872430266,0.138201484258077,0.140503757883381,33.6518337852076,56.0558323750773,66.7976519008478,38.783683107708
2013-07-24,-57.9617647058824,-61.4735294117647,0.164901149163886,359.888281101134,0.105999082667617,66.6130743362869,-57.9391505155601,-61.4613211630531,-1.70994625754363,-1.54852646581235,0.172344324288339,0.0406724006068288,33.6516525896616,53.4982080961529,66.7976519008478,14.4715577772223
2013-07-25,-57.9617647058824,-61.4735294117647,0.16360888902734,360.073620307736,0.185616429554435,66.6130743362869,-57.9391505155601,-61.4613211630531,-1.71472740543355,-1.54034413113768,0.184164583853945,0.0489844729251627,33.6519347742984,52.8303839378511,66.7976519008478,20.5378835388236
2013-07-26,-57.9617647058824,-61.4735294117647,0.163990364750711,360.295577258599,0.24080074987397,66.6130743362869,-57.9391505155601,-61.4613211630531,-1.7158364530517,-1.54867102742678,0.158557865577631,0.107664029638053,33.6599638729121,54.0257950794359,66.7976519008478,21.5749706888519
2013-07-27,-57.9617647058824,-61.4735294117647,0.163154512825536,359.662622591344,0.291127152195791,66.6130743362869,-57.9391505155601,-61.4613211630531,-1.70676146119873,-1.56582523196654,0.133678484512003,0.141370301927954,33.6827353916348,57.1241859701159,66.7976519008478,38.8269493823072
2013-07-28,-57.9617647058824,-61.4735294117647,0.162976524451884,359.252109806712,0.181061476241888,66.6130743362869,-57.9391505155601,-61.4613211630531,-1.70648864575243,-1.56543726380537,0.121124298481444,0.103160798982007,33.6986226430628,58.6140743183543,66.7976519008478,11.9542981489286
2013-07-29,-57.9617647058824,-61.4735294117647,0.16384940140131,358.993320372046,0.231905942601038,66.6130743362869,-57.9391505155601,-61.4613211630531,-1.71386251050612,-1.5624163010825,0.0922729810058829,0.0893916385084914,33.7054779629315,58.0704247414181,66.7976519008478,10.0926444913563
2013-07-30,-57.9617647058824,-61.4735294117647,0.165613224230162,358.611888978539,0.196650762792404,66.6130743362869,-57.9391505155601,-61.4613211630531,-1.71728058398655,-1.56344758933372,0.0826956880317848,0.0531977569274655,33.7135873967015,58.222811494279,66.7976519008478,7.07342012362532
2013-07-31,-57.9617647058824,-61.4735294117647,0.165003548853281,358.136527456888,0.140514855238995,66.6130743362869,-57.9391505155601,-61.4613211630531,-1.71889077442699,-1.56561189286622,0.140614958980225,0.0914525644710431,33.7238364637944,58.7471038725695,66.7976519008478,8.97715677458844
2013-08-01,-57.9617647058824,-61.4735294117647,0.161479939411326,357.039149958913,0.224274949346692,66.6130743362869,-57.9391505155601,-61.4613211630531,-1.70755518721505,-1.57713808607959,0.0652198256389332,0.10483458079649,33.7387991839575,60.1447363877908,66.7976519008478,27.9482259368769
2013-08-02,-57.9617647058824,-61.4735294117647,0.159510703802836,355.907714099419,0.204955976393937,66.6130743362869,-57.9391505155601,-61.4613211630531,-1.70538849820975,-1.58742747615706,0.131803717735687,0.116927488688153,33.7525284390057,61.0211651811072,66.7976519008478,20.2914169060505
2013-08-03,-57.9617647058824,-61.4735294117647,0.158369795033118,354.926071911323,0.130978787272442,66.6130743362869,-57.9391505155601,-61.4613211630531,-1.70599046393766,-1.59332895713296,0.154865167064746,0.0834287911723902,33.7614388819809,61.2911365962061,66.7976519008478,10.2270476431891
2013-08-04,-57.9617647058824,-61.4735294117647,0.158459184191576,354.291689616878,0.274443098730067,66.6130743362869,-57.9391505155601,-61.4613211630531,-1.71125002621639,-1.58957036336263,0.125870524223155,0.0866865698755914,33.7651414343542,60.7462515245404,66.7976519008478,5.40926211918411
2013-08-05,-57.9617647058824,-61.4735294117647,0.160725561311332,353.714966192478,0.384173230972232,66.6130743362869,-57.9391505155601,-61.4613211630531,-1.71397124112215,-1.58804937686354,0.165407026500797,0.0982671295532733,33.7704337630999,60.6344325738719,66.7976519008478,19.854633966093
2013-08-06,-57.9617647058824,-61.4735294117647,0.163670664062587,353.23835121713,0.355173196325578,66.6130743362869,-57.9391505155601,-61.4613211630531,-1.72139650752187,-1.58296954760506,0.191718017695002,0.0555535717421135,33.7725774994102,58.4495379786421,66.7976519008478,25.516138210583
2013-08-07,-57.9617647058824,-61.4735294117647,0.16691495332776,353.024853590058,0.322642433843235,66.6130743362869,-57.9391505155601,-61.4613211630531,-1.72990906962499,-1.57640209773935,0.192113399083315,0.0247129911152136,33.7695400891838,52.5408495235057,66.7976519008478,30.1596172033541
2013-08-08,-57.9617647058824,-61.4735294117647,0.172118839149068,352.92508716118,0.493308106255604,66.6130743362869,-57.9391505155601,-61.4613211630531,-1.74604656516138,-1.56429271755914,0.152358613335169,0.0601877724191277,33.7663440215282,47.4597852606522,66.7976519008478,5.3161455976711
2013-08-09,-57.9617647058824,-61.4735294117647,0.178339448825615,352.690450156607,0.542514355217175,66.6130743362869,-57.9391505155601,-61.4613211630531,-1.7312583096436,-1.55999912198899,0.181552594198309,0.0783596708164041,33.7757426582367,52.6466965154115,66.7976519008478,21.6651174538056
2013-08-10,-57.9617647058824,-61.4735294117647,0.182378376039063,352.532087744736,0.290208177368452,66.6130743362869,-57.9391505155601,-61.4613211630531,-1.73623517489465,-1.55026861739706,0.13844283159405,0.0327532386077963,33.777046038876,48.671052894129,66.7976519008478,3.96231443009586
2013-08-11,-57.9617647058824,-61.4735294117647,0.186416307782255,352.550768968536,0.55460109220954,66.6130743362869,-57.9391505155601,-61.4613211630531,-1.74360014246865,-1.5540906367836,0.166419367669163,0.0520223207047835,33.7768791651758,46.3088543656384,66.7976519008478,10.6636655895927
2013-08-12,-57.9617647058824,-61.4735294117647,0.191541806408545,352.178425114329,0.640733652816313,66.6130743362869,-57.9391505155601,-61.4613211630531,-1.73700023678794,-1.55115163454964,0.167822148243667,0.0726389946886081,33.7854723808093,51.662361331636,66.7976519008478,12.9821008613185
2013-08-13,-57.9617647058824,-61.4735294117647,0.192179204668941,351.523474716559,0.370194511624371,66.6130743362869,-57.9391505155601,-61.4613211630531,-1.73110114369798,-1.55312648250667,0.124666257722457,0.067639066235699,33.7936518227684,53.7848598529131,66.7976519008478,0.989107615753638
2013-08-14,-57.9617647058824,-61.4735294117647,0.18922799662119,350.362657128311,0.352904152034259,66.6130743362869,-57.9391505155601,-61.4613211630531,-1.71823543141245,-1.54805406948172,0.0870251153041477,0.0362564834707018,33.804426020778,56.3768739944849,66.7976519008478,7.15633871352749
2013-08-15,-57.9617647058824,-61.4735294117647,0.187710866513776,349.174233413324,0.322541745924732,66.6130743362869,-57.9391505155601,-61.4613211630531,-1.68515682429598,-1.53049130590982,0.1161779109464,-0.0278142646065688,33.8075149628798,55.2492129934622,66.7976519008478,33.7749817781333
2013-08-16,-57.9617647058824,-61.4735294117647,0.191053007070611,348.71701273104,0.491228571752223,66.6130743362869,-57.9391505155601,-61.4613211630531,-1.70212956671773,-1.53111650103982,0.110048674217924,0.00336486134331236,33.8017199538176,47.6974259967263,66.7976519008478,13.4821009640946
2013-08-17,-57.9617647058824,-61.4735294117647,0.193789158652468,348.506659903177,0.315464323863569,66.6130743362869,-57.9391505155601,-61.4613211630531,-1.70532128106245,-1.53932972813425,0.0900679052167656,-0.0297639897236457,33.8005873285003,50.1790627738242,66.7976519008478,39.8774541837364
2013-08-18,-57.9617647058824,-61.4735294117647,0.198313929140568,348.507603715106,0.618175382657749,66.6130743362869,-57.9391505155601,-61.4613211630531,-1.71659163231792,-1.54415791301753,0.136715509007495,0.0530519600600688,33.7959538973295,47.9449513791865,66.7976519008478,1.35598809357264
2013-08-19,-57.9617647058824,-61.4735294117647,0.200226468283956,348.205775191144,0.243665728490891,66.6130743362869,-57.9391505155601,-61.4613211630531,-1.71167901862166,-1.53903484103168,0.0505692937063222,-0.0273842873421275,33.7968228915442,51.9733123895128,66.7976519008478,57.6450298602866
2013-08-20,-57.9617647058824,-61.4735294117647,0.200743757551763,348.101070124929,0.378442157605072,66.6130743362869,-57.9391505155601,-61.4613211630531,-1.69567397474116,-1.53328039256828,0.0679034775376883,0.0148564598418762,33.7947677426975,52.1549408123722,66.7976519008478,21.4908336121898
2013-08-21,-57.9617647058824,-61.4735294117647,0.205408909335369,347.990995825791,0.556496551714656,66.6130743362869,-57.9391505155601,-61.4613211630531,-1.71076964093284,-1.53410163131642,0.055119475975693,0.0437300174362585,33.7929762970259,50.6963536202023,66.7976519008478,21.793319515392
2013-08-22,-57.9617647058824,-61.4735294117647,0.210429170146221,347.787674694526,0.667055200717253,66.6130743362869,-57.9391505155601,-61.4613211630531,-1.72070458865198,-1.53408639167163,0.0775161902049453,0.0533007209047213,33.7972411079767,51.6543300039212,66.7976519008478,9.15383718428643
2013-08-23,-57.9617647058824,-61.4735294117647,0.213251871488443,347.864614347132,0.68198908053384,66.6130743362869,-57.9391505155601,-61.4613211630531,-1.73065535066581,-1.52599095799501,0.120528755159031,0.0985859054142003,33.8023048225846,52.4012304954683,66.7976519008478,9.81913144293008
2013-08-24,-57.9617647058824,-61.4735294117647,0.213990544037121,348.51050772318,0.778154971691348,66.6130743362869,-57.9391505155601,-61.4613211630531,-1.7405982099564,-1.52336661165703,0.122814554313899,0.110555256904177,33.8051507308898,52.3754894923263,66.7976519008478,15.8711320688194
2013-08-25,-57.9617647058824,-61.4735294117647,0.215141700171843,349.252677359232,0.86243807324549,66.6130743362869,-57.9391505155601,-61.4613211630531,-1.74973547346035,-1.52713014979755,0.160472994748196,0.0729585949095235,33.8057314863733,52.0381796858732,66.7976519008478,9.81834844160412
2013-08-26,-57.9617647058824,-61.4735294117647,0.220633337955649,349.769338468226,0.913878393336767,66.6130743362869,-57.9391505155601,-61.4613211630531,-1.7528995156449,-1.52420185693362,0.204782904888655,0.0368017804747329,33.8036104941014,51.7607949008504,66.7976519008478,37.2189673951829
2013-08-27,-57.9617647058824,-61.4735294117647,0.228616808972708,350.452881603706,0.760719226627815,66.6130743362869,-57.9391505155601,-61.4613211630531,-1.76827886809222,-1.53280428627081,0.154845398055156,0.0422893462353229,33.7928798742462,41.4973495704764,66.7976519008478,6.68731822394777
2013-08-28,-57.9617647058824,-61.4735294117647,0.240139979414824,350.574683212652,1.18497748509413,66.6130743362869,-57.9391505155601,-61.4613211630531,-1.76852598283616,-1.54051381470221,0.074909967323828,0.0691588137515,33.7965494019461,49.2565059185672,66.7976519008478,11.4061046085995
2013-08-29,-57.9617647058824,-61.4735294117647,0.253333882405991,350.312064194098,1.16023869630767,66.6130743362869,-57.9391505155601,-61.4613211630531,-1.76990091913303,-1.53532031383592,0.101297563708585,0.0739486959138219,33.800194291129,51.4885582943194,66.7976519008478,3.740034734163
2013-08-30,-57.9617647058824,-61.4735294117647,0.264264308824772,349.825405213891,1.11987474433533,66.6130743362869,-57.9391505155601,-61.4613211630531,-1.77834923112923,-1.53287800844864,0.120418377748506,0.0593624132485525,33.8007276537608,51.0353109498738,66.7976519008478,0.129668337139615
2013-08-31,-57.9617647058824,-61.4735294117647,0.2703127523021,349.385467157131,1.02556202651524,66.6130743362869,-57.9391505155601,-61.4613211630531,-1.77528206346489,-1.52714456527339,0.111304010668023,0.0532702435758191,33.8023524162097,51.6876905212196,66.7976519008478,0.408989883805979
2013-09-01,-57.9617647058824,-61.4735294117647,0.272329944662931,348.839000050615,0.785478918472441,66.6130743362869,-57.9391505155601,-61.4613211630531,-1.77434500766347,-1.53511520870301,0.119280008425717,0.0658433753670308,33.8052868707943,52.302591259502,66.7976519008478,0.674673905292806
2013-09-02,-57.9617647058824,-61.4735294117647,0.276003927355859,348.347900018459,1.08843313757239,66.6130743362869,-57.9391505155601,-61.4613211630531,-1.7832707456249,-1.54076751797145,0.108698611488307,0.0557265511931356,33.8058943754909,51.1102688605325,66.7976519008478,0.682694631948123
2013-09-03,-57.9617647058824,-61.4735294117647,0.28147401806058,348.390956971704,0.949778551553808,66.6130743362869,-57.9391505155601,-61.4613211630531,-1.77934460504818,-1.54094008540335,0.17341432548989,0.079039232978816,33.8078609523181,52.8124686535875,66.7976519008478,17.1767787176768
2013-09-04,-57.9617647058824,-61.4735294117647,0.286551270543075,348.782846590368,1.08281168050882,66.6130743362869,-57.9391505155601,-61.4613211630531,-1.78102300186389,-1.53280181842938,0.179358227397146,0.0975949806783363,33.8066583702921,52.9290239588934,66.7976519008478,26.8283544362879
2013-09-05,-57.9617647058824,-61.4735294117647,0.294973530602164,349.118651971584,1.29992389878849,66.6130743362869,-57.9391505155601,-61.4613211630531,-1.77845796448016,-1.5322219249208,0.191967601884111,0.0789420348208765,33.805976759567,53.3484989364459,66.7976519008478,28.729684601709
2013-09-06,-57.9617647058824,-61.4735294117647,0.310321735172737,349.341527427115,1.5976182033376,66.6130743362869,-57.9391505155601,-61.4613211630531,-1.77844511320395,-1.54112994896095,0.171805616588848,0.053657387995366,33.8052272256087,51.7702676036902,66.7976519008478,13.2698164313042
2013-09-07,-57.9617647058824,-61.4735294117647,0.3270343296775,349.599884405369,1.39946469655488,66.6130743362869,-57.9391505155601,-61.4613211630531,-1.78155380157646,-1.55329163853134,0.200191537348124,0.0566243967204763,33.8030218415254,51.208908378354,66.7976519008478,31.9468464121877
2013-09-08,-57.9617647058824,-61.4735294117647,0.337555899670938,349.965181304187,0.946531842394573,66.6130743362869,-57.9391505155601,-61.4613211630531,-1.78531980755841,-1.55813217999642,0.191859696025227,0.0135517007446321,33.7974845845046,47.4678165536178,66.7976519008478,33.8997055461248
2013-09-09,-57.9617647058824,-61.4735294117647,0.351443417733762,350.521245072528,1.67360409367375,66.6130743362869,-57.9391505155601,-61.4613211630531,-1.78072152076623,-1.55632495477936,0.14750942352571,0.0947358782394373,33.7987572056079,48.3436276594154,66.7976519008478,11.8906129335001
2013-09-10,-57.9617647058824,-61.4735294117647,0.348684059774003,349.145109223156,1.49134544555734,66.6130743362869,-57.9391505155601,-61.4613211630531,-1.76257252339249,-1.54583869771919,0.144870252342198,0.118199299281908,33.8195700240039,54.9607079849552,66.7976519008478,23.4541403877783
2013-09-11,-57.9617647058824,-61.4735294117647,0.328924830185204,346.826988034132,0.832677183718216,66.6130743362869,-57.9391505155601,-61.4613211630531,-1.73946840463862,-1.55799873766468,0.163010026234002,0.123121798807672,33.8390816805655,58.5111105129947,66.7976519008478,32.8257225662779
2013-09-12,-57.9617647058824,-61.4735294117647,0.313252456304504,345.086450716344,0.911871027292275,66.6130743362869,-57.9391505155601,-61.4613211630531,-1.71906375466732,-1.57348904242882,0.133094473406371,0.13199976085611,33.8555703620035,61.3494143350887,66.7976519008478,31.0278818884814
2013-09-13,-57.9617647058824,-61.4735294117647,0.304079917145938,343.88213106481,0.797523459237887,66.6130743362869,-57.9391505155601,-61.4613211630531,-1.70285311321176,-1.57200306806809,0.130914109428482,0.122088040985599,33.8690094066213,63.3872766559101,66.7976519008478,23.5595243650878
2013-09-14,-57.9617647058824,-61.4735294117647,0.302503292880407,343.375955721227,1.04937797053376,66.6130743362869,-57.9391505155601,-61.4613211630531,-1.6974373774329,-1.5646876878584,0.093686469990192,0.0924352522532226,33.8753601259548,63.907862400719,66.7976519008478,10.8218200425302
2013-09-15,-57.9617647058824,-61.4735294117647,0.312087966356336,343.464728006502,1.4527753409816,66.6130743362869,-57.9391505155601,-61.4613211630531,-1.71097227371978,-1.55706670795858,0.128162089403462,0.0533106055427418,33.8737043877523,60.3086548906911,66.7976519008478,0.314256906102703
2013-09-16,-57.9617647058824,-61.4735294117647,0.329725204626235,344.375571646341,1.91860182601504,66.6130743362869,-57.9391505155601,-61.4613211630531,-1.72182351744931,-1.54855488524263,0.177809649573164,0.0666835609365974,33.8689699160104,52.2760263937205,66.7976519008478,17.3113307920515
2013-09-17,-57.9617647058824,-61.4735294117647,0.355952704279888,345.583425010123,2.20970201128867,66.6130743362869,-57.9391505155601,-61.4613211630531,-1.73263522503991,-1.5503505756337,0.207411367546732,0.0297697556787013,33.8598965942136,44.8103173689643,66.7976519008478,40.9500250852755
2013-09-18,-57.9617647058824,-61.4735294117647,0.393477958513469,347.110020335128,2.8789093661599,66.6130743362869,-57.9391505155601,-61.4613211630531,-1.74965738831905,-1.54926657258419,0.196249254691376,0.0111695273142112,33.8467645683752,35.9144390494878,66.7976519008478,38.1359132599043
2013-09-19,-57.9617647058824,-61.4735294117647,0.434167348030137,348.206484910918,2.53542589123656,66.6130743362869,-57.9391505155601,-61.4613211630531,-1.76090796917235,-1.54856518244776,0.186106071403997,0.0178605354719075,33.8342504617174,31.2993894389123,66.7976519008478,28.2858104613967
2013-09-20,-57.9617647058824,-61.4735294117647,0.479372344365934,349.23584319324,3.96869276791084,66.6130743362869,-57.9391505155601,-61.4613211630531,-1.76726668920272,-1.55261413610255,0.108372421419894,0.089689822010344,33.834075356302,31.1255863707075,66.7976519008478,6.98276239904515
2013-09-21,-57.9617647058824,-61.4735294117647,0.507120147892615,349.59462198397,2.80633503634755,66.6130743362869,-57.9391505155601,-61.4613211630531,-1.76468979154039,-1.55885951544753,0.195817629672215,0.0687543715874434,33.8412539524588,38.2261853546266,66.7976519008478,29.5688907080654
2013-09-22,-57.9617647058824,-61.4735294117647,0.495123175222699,349.059765699433,3.10590536638004,66.6130743362869,-57.9391505155601,-61.4613211630531,-1.75185076476109,-1.56888037686728,0.188671933157764,0.122913399824367,33.8503435369123,47.4515480679861,66.7976519008478,46.9372181635613
2013-09-23,-57.9617647058824,-61.4735294117647,0.501560571717053,349.559556914539,2.89106169706438,66.6130743362869,-57.9391505155601,-61.4613211630531,-1.74483472197323,-1.56746812420174,0.162826338554161,0.127792242587658,33.8540934975813,50.9113422540518,66.7976519008478,36.0721065448824
2013-09-24,-57.9617647058824,-61.4735294117647,0.513543792614123,350.16660848478,1.66858188135595,66.6130743362869,-57.9391505155601,-61.4613211630531,-1.73973331197232,-1.55928125426515,0.171912699460219,0.0740047084788481,33.8562021911868,51.8870285487207,66.7976519008478,15.2701564645392
2013-09-25,-57.9617647058824,-61.4735294117647,0.531308270082241,351.088034280917,2.27170710374669,66.6130743362869,-57.9391505155601,-61.4613211630531,-1.76559719109503,-1.5544283594358,0.149179087170021,0.0636901936007415,33.8420531135178,37.4261555317764,66.7976519008478,4.61569582297938
2013-09-26,-57.9617647058824,-61.4735294117647,0.585485615017937,352.074724523033,5.87826592893135,66.6130743362869,-57.9391505155601,-61.4613211630531,-1.80681472445628,-1.54709403492339,0.11159642821482,0.0576457988807627,33.8242570308217,31.0798702922105,66.7976519008478,0.435051952956554
2013-09-27,-57.9617647058824,-61.4735294117647,0.656454858256549,352.791739859232,6.66466678206514,66.6130743362869,-57.9391505155601,-61.4613211630531,-1.77463264761344,-1.54175308825355,0.124308766955547,0.0793151761104784,33.8445510349454,39.5556556415944,66.7976519008478,3.21658607127674
2013-09-28,-57.9617647058824,-61.4735294117647,0.709553745461673,353.031884914491,4.89291414981935,66.6130743362869,-57.9391505155601,-61.4613211630531,-1.77912714703363,-1.53116304446489,0.150089288379258,0.0670822372511733,33.842860382739,37.6802705154728,66.7976519008478,5.25978043209708
2013-09-29,-57.9617647058824,-61.4735294117647,0.753081666987117,353.378054362972,5.51397941606801,66.6130743362869,-57.9391505155601,-61.4613211630531,-1.79996968200493,-1.53064575111657,0.159482893251214,0.0804716668892325,33.8232973899275,25.4471251646034,66.7976519008478,11.1116332519463
2013-09-30,-57.9617647058824,-61.4735294117647,0.812855998190438,354.23700025605,7.40131272484617,66.6130743362869,-57.9391505155601,-61.4613211630531,-1.79909094786033,-1.53458597302919,0.184273313353901,0.077332502660843,33.8098690068995,17.1830336278589,66.7976519008478,23.1266890681653
2013-10-01,-57.9617647058824,-61.4735294117647,0.865863985768179,354.803511456745,5.71878665758342,66.6130743362869,-57.9391505155601,-61.4613211630531,-1.77789157894459,-1.54172755252977,0.20491799343674,0.0557174903721462,33.8072023378854,17.6595507466037,66.7976519008478,35.8177028098979
2013-10-02,-57.9617647058824,-61.4735294117647,0.900417451088021,355.097959564953,4.50041685017144,66.6130743362869,-57.9391505155601,-61.4613211630531,-1.75901112463149,-1.54938971819344,0.196517784143427,0.0576235588122154,33.8017225587255,20.2867785619821,66.7976519008478,29.1075419480369
2013-10-03,-57.9617647058824,-61.4735294117647,0.981200627074009,355.663828407846,8.86726058401713,66.6130743362869,-57.9391505155601,-61.4613211630531,-1.75346392175929,-1.5448667158482,0.165903724282578,0.0442250682526191,33.7757138292156,16.0833787030054,66.7976519008478,10.9065020227049
2013-10-04,-57.9617647058824,-61.4735294117647,1.13041838422054,357.102678624595,13.9202010137279,66.6130743362869,-57.9391505155601,-61.4613211630531,-1.75814029658854,-1.5437345239315,0.150487964296671,0.0683589899276513,33.7381831335153,14.3218715400027,66.7976519008478,5.55107968047057
2013-10-05,-57.9617647058824,-61.4735294117647,1.29273536328862,358.532154362376,12.2048602598469,66.6130743362869,-57.9391505155601,-61.4613211630531,-1.74215601121205,-1.54235192783448,0.17143494663471,0.0392902128790554,33.744556689552,14.5877244192579,66.7976519008478,14.1998629505413
2013-10-06,-57.9617647058824,-61.4735294117647,1.35596385525494,358.75110049364,7.62862347393501,66.6130743362869,-57.9391505155601,-61.4613211630531,-1.71470171076405,-1.53452749307017,0.209973934952386,0.0212748194171189,33.7614985734988,15.9157534392096,66.7976519008478,45.6575582502856
2013-10-07,-57.9617647058824,-61.4735294117647,1.42580458303777,359.529598701291,12.8897692401235,66.6130743362869,-57.9391505155601,-61.4613211630531,-1.68763092558394,-1.53278040033281,0.194152908809433,0.0754791517941817,33.7641899222144,19.764339511372,66.7976519008478,29.5255246861079
2013-10-08,-57.9617647058824,-61.4735294117647,1.55727414241651,360.819026295732,10.3056049230622,66.6130743362869,-57.9391505155601,-61.4613211630531,-1.65819971474559,-1.5301832367695,0.181393618384997,0.0253579571551559,33.7553246584338,19.361338684916,66.7976519008478,22.8465962496073
2013-10-09,-57.9617647058824,-61.4735294117647,1.68030208131162,361.959056202958,12.1704364927804,66.6130743362869,-57.9391505155601,-61.4613211630531,-1.64256534225706,-1.53492369841628,0.184710704252707,0.0415471820877149,33.7427280853313,17.0094363950042,66.7976519008478,21.5579671489288
2013-10-10,-57.9617647058824,-61.4735294117647,1.74712669994773,362.494757675543,16.4450661380117,66.6130743362869,-57.9391505155601,-61.4613211630531,-1.61085970038184,-1.54581068868418,0.219277755838697,0.054032176733017,33.7501539984534,22.1479547142822,66.7976519008478,48.9905467857906
2013-10-11,-57.9617647058824,-61.4735294117647,1.73504125199667,362.063908646746,14.0205932942832,66.6130743362869,-57.9391505155601,-61.4613211630531,-1.58866990127383,-1.55266273182574,0.219611359134256,0.0632701006073218,33.7582883024023,26.2465371532157,66.7976519008478,49.7259127020408
2013-10-12,-57.9617647058824,-61.4735294117647,1.7178766291316,361.602366005502,14.4003776457252,66.6130743362869,-57.9391505155601,-61.4613211630531,-1.57106949475452,-1.55632330933724,0.21831895552284,0.100866762692468,33.7670341522587,33.1704501320637,66.7976519008478,58.901401081378
2013-10-13,-57.9617647058824,-61.4735294117647,1.74303883750264,361.876889484685,6.24890914195921,66.6130743362869,-57.9391505155601,-61.4613211630531,-1.54822336613891,-1.5498485236998,0.219894715427709,0.0240515508411223,33.7595652118225,31.4383907099324,66.7976519008478,54.1690747935659
2013-10-14,-57.9617647058824,-61.4735294117647,1.71244639449003,361.676236780678,10.0243637910703,66.6130743362869,-57.9391505155601,-61.4613211630531,-1.52999726448625,-1.55011746403981,0.250928868427772,0.0697568281680627,33.7588814698089,36.0847413954947,66.7976519008478,86.528097886279
2013-10-15,-57.9617647058824,-61.4735294117647,1.68921751074675,361.142183629478,11.9570334190276,66.6130743362869,-57.9391505155601,-61.4613211630531,-1.54524119566327,-1.54365174377817,0.218780233802503,0.0933026206024826,33.7726166708428,44.06568190926,66.7976519008478,56.1161849720657
2013-10-16,-57.9617647058824,-61.4735294117647,1.67992267376039,360.746362825719,11.4030545281201,66.6130743362869,-57.9391505155601,-61.4613211630531,-1.5605859524808,-1.55005156881253,0.200363692896649,0.126198360920153,33.7809299463846,49.0604624780405,66.7976519008478,57.9242624761909
2013-10-17,-57.9617647058824,-61.4735294117647,1.69707939610249,360.72007825898,11.3286389199699,66.6130743362869,-57.9391505155601,-61.4613211630531,-1.58379386021541,-1.5557557714452,0.161103134162915,0.114149933532584,33.7903490414021,49.08991009922,66.7976519008478,26.2546411228037
2013-10-18,-57.9617647058824,-61.4735294117647,1.72606805184992,360.96090549376,7.73316420723752,66.6130743362869,-57.9391505155601,-61.4613211630531,-1.60428944966088,-1.55943364459976,0.161784343124844,0.0456113745477277,33.7924536732044,48.915489415569,66.7976519008478,8.98278987369726
2013-10-19,-57.9617647058824,-61.4735294117647,1.80674866786817,361.871780395508,14.193374697755,66.6130743362869,-57.9391505155601,-61.4613211630531,-1.64028893630353,-1.57812818679732,0.140779701331769,0.0742691198663029,33.7728307108808,37.1617440405162,66.7976519008478,4.09813037634173
2013-10-20,-57.9617647058824,-61.4735294117647,1.86992666343363,362.475009825171,12.9210069877345,66.6130743362869,-57.9391505155601,-61.4613211630531,-1.61269130800095,-1.58574463481363,0.0737468868132062,0.0607635468324991,33.7910492777342,48.5895054671768,66.7976519008478,11.0432744779515
2013-10-21,-57.9617647058824,-61.4735294117647,1.90306679359296,362.892708755121,13.0360412161525,66.6130743362869,-57.9391505155601,-61.4613211630531,-1.66096244392447,-1.57691485952591,0.117131769094068,0.0943536761942019,33.7827506174765,38.1335177917069,66.7976519008478,8.08287808613107
2013-10-22,-57.9617647058824,-61.4735294117647,1.96084618931863,363.719477583722,12.3130224652407,66.6130743362869,-57.9391505155601,-61.4613211630531,-1.71231656792032,-1.55868859571001,0.111458044433803,0.0708120027393626,33.7608002934218,31.8348019415872,66.7976519008478,1.75819950928282
2013-10-23,-57.9617647058824,-61.4735294117647,1.96529580907124,364.257513278868,7.11908649816746,66.6130743362869,-57.9391505155601,-61.4613211630531,-1.65702246847423,-1.5428893982801,0.184202474329555,0.0607380115461012,33.7915251676531,41.0280399631392,66.7976519008478,20.6314130025212
2013-10-24,-57.9617647058824,-61.4735294117647,1.93931288617413,364.463566849871,9.72525798402181,66.6130743362869,-57.9391505155601,-61.4613211630531,-1.63477929127522,-1.54409531317903,0.176557608265505,0.0909410395713551,33.7892968233137,44.3482149705874,66.7976519008478,22.552022540429
2013-10-25,-57.9617647058824,-61.4735294117647,1.97547212969966,365.11366830221,12.928890562639,66.6130743362869,-57.9391505155601,-61.4613211630531,-1.63703494419453,-1.55200335483963,0.167916051409988,0.0668433608183092,33.7646988934351,29.9398534507082,66.7976519008478,12.1302081504853
2013-10-26,-57.9617647058824,-61.4735294117647,2.03077186098913,366.010672964701,14.7056182826438,66.6130743362869,-57.9391505155601,-61.4613211630531,-1.60043151417242,-1.55335218156719,0.19609522039772,0.0479531862274033,33.7683746348187,31.098815556319,66.7976519008478,28.9297545209324
2013-10-27,-57.9617647058824,-61.4735294117647,2.0409729553432,366.471310499238,16.1081143443177,66.6130743362869,-57.9391505155601,-61.4613211630531,-1.57595541940527,-1.55661243417485,0.174847583403351,0.097209483752085,33.7747974730375,40.8713288210664,66.7976519008478,24.099578030861
2013-10-28,-57.9617647058824,-61.4735294117647,1.97049554673637,365.907815328458,13.0929557288565,66.6130743362869,-57.9391505155601,-61.4613211630531,-1.57325496686454,-1.5637956067779,0.132651316502236,0.131969283492017,33.7916692097982,52.7735479717795,66.7976519008478,30.9484467491784
2013-10-29,-57.9617647058824,-61.4735294117647,1.91666890135626,365.342913371761,8.60920666630675,66.6130743362869,-57.9391505155601,-61.4613211630531,-1.55923770571205,-1.55966139901505,0.205390803988485,0.0660089413948387,33.7897582060573,51.6259119983627,66.7976519008478,36.8973260064486
2013-10-30,-57.9617647058824,-61.4735294117647,1.87424149455094,365.121519507431,8.82679493543578,66.6130743362869,-57.9391505155601,-61.4613211630531,-1.50945719678392,-1.56170420109341,0.196670171250457,0.0448099030847894,33.7843958639745,50.5622944992724,66.7976519008478,29.6152371279816
2013-10-31,-57.9617647058824,-61.4735294117647,1.90438765432776,365.643746352777,13.8180813614915,66.6130743362869,-57.9391505155601,-61.4613211630531,-1.44838755639137,-1.55600205783741,0.199491382801501,0.0632009086740805,33.7823983886142,51.2342372963786,66.7976519008478,31.7608758285413
2013-11-01,-57.9617647058824,-61.4735294117647,1.95307227242284,366.445172193574,12.1399879775396,66.6130743362869,-57.9391505155601,-61.4613211630531,-1.38444547276748,-1.54812738078165,0.19767839367553,0.0557545573524779,33.7825343380412,51.7457620051869,66.7976519008478,29.9537682052218
2013-11-02,-57.9617647058824,-61.4735294117647,1.8981402778044,366.211564599014,8.48243324931075,66.6130743362869,-57.9391505155601,-61.4613211630531,-1.34310438412565,-1.5463996453163,0.22115087586577,0.0204354575137619,33.7793486900175,51.6053192020267,66.7976519008478,56.5862868711984
2013-11-03,-57.9617647058824,-61.4735294117647,1.70895207800516,363.582023806688,9.74865582803401,66.6130743362869,-57.9391505155601,-61.4613211630531,-1.32815006789569,-1.56620660983277,0.244830932297245,0.129260920395373,33.7856994814236,57.8404035593977,66.7976519008478,105.666024423434
2013-11-04,-57.9617647058824,-61.4735294117647,1.63374501103308,361.982953699624,9.38187623605496,66.6130743362869,-57.9391505155601,-61.4613211630531,-1.31116447910445,-1.57799968835313,0.214178981659142,0.106493535860066,33.7971737098436,61.8860627996777,66.7976519008478,57.7089495456519
2013-11-05,-57.9617647058824,-61.4735294117647,1.63407033754558,361.567632535609,11.0416644171971,66.6130743362869,-57.9391505155601,-61.4613211630531,-1.29041782307078,-1.58241972299079,0.170243860145732,0.134543382013455,33.8054128175805,62.7915274340775,66.7976519008478,44.6935308705094
2013-11-06,-57.9617647058824,-61.4735294117647,1.67057169646752,361.86670852289,11.8000592981897,66.6130743362869,-57.9391505155601,-61.4613211630531,-1.26368410537439,-1.57126090159783,0.212872575068603,0.0985620179880968,33.8077542334594,61.5590490323168,66.7976519008478,52.6634869307457
2013-11-07,-57.9617647058824,-61.4735294117647,1.71493072117247,362.568541736138,12.6559298707218,66.6130743362869,-57.9391505155601,-61.4613211630531,-1.25473464210989,-1.56407978821058,0.185000650931587,0.0891214610151595,33.809640567795,60.5868634765769,66.7976519008478,27.0082446426973
2013-11-08,-57.9617647058824,-61.4735294117647,1.74971009463799,363.431654767292,13.1610058516991,66.6130743362869,-57.9391505155601,-61.4613211630531,-1.26072566181059,-1.56346076751045,0.138925526653104,0.108785101020264,33.8100133167426,58.8992847270168,66.7976519008478,16.594609499981
2013-11-09,-57.9617647058824,-61.4735294117647,1.75083633239676,363.981882607065,12.0488515685244,66.6130743362869,-57.9391505155601,-61.4613211630531,-1.26639839761492,-1.56487096305157,0.170948957111913,0.129687602768744,33.8140288853613,60.5456778967751,66.7976519008478,41.2682865547323
2013-11-10,-57.9617647058824,-61.4735294117647,1.7358283353288,364.445824599848,9.5532122341598,66.6130743362869,-57.9391505155601,-61.4613211630531,-1.24782238516569,-1.55699175009039,0.161884836244237,0.0574069225031998,33.8102356863086,51.1469238489746,66.7976519008478,8.69870751812415
2013-11-11,-57.9617647058824,-61.4735294117647,1.75474517519881,365.56985622499,16.4637408401908,66.6130743362869,-57.9391505155601,-61.4613211630531,-1.16669207682655,-1.55235054634522,0.172375625253287,0.0610625540005614,33.8079252616275,47.5819004550476,66.7976519008478,13.7937791380179
2013-11-12,-57.9617647058824,-61.4735294117647,1.77518586850748,367.169779707746,21.1747834449861,66.6130743362869,-57.9391505155601,-61.4613211630531,-1.05315333765689,-1.5458654692942,0.134322627096886,0.0290547742504581,33.8035678992226,28.5205986947022,66.7976519008478,4.1636068108182
2013-11-13,-57.9617647058824,-61.4735294117647,1.76243242112602,368.047426177234,18.1165458400075,66.6130743362869,-57.9391505155601,-61.4613211630531,-1.02747627533721,-1.54511959864865,0.177578186950622,0.0416361430456281,33.7994699774162,26.3816258897666,66.7976519008478,17.2064219010822
2013-11-14,-57.9617647058824,-61.4735294117647,1.72825097020079,368.191124520651,16.3586449564957,66.6130743362869,-57.9391505155601,-61.4613211630531,-1.04893264226746,-1.5513266751319,0.190833351857628,0.082477404707075,33.800054820443,38.0896551618692,66.7976519008478,28.8578344645396
2013-11-15,-57.9617647058824,-61.4735294117647,1.73313932811342,369.244667239305,20.1753634650533,66.6130743362869,-57.9391505155601,-61.4613211630531,-0.999330052761575,-1.55330687463686,0.157887364442331,0.083562232463466,33.8032219818568,44.4262616997949,66.7976519008478,11.3565628325895
2013-11-16,-57.9617647058824,-61.4735294117647,1.71577278070334,370.435694624738,20.920051504926,66.6130743362869,-57.9391505155601,-61.4613211630531,-0.917033372539901,-1.5505289071002,0.133779801679687,0.0592849846984613,33.7996430184677,35.7787325546326,66.7976519008478,1.03519434699344
2013-11-17,-57.9617647058824,-61.4735294117647,1.67430526054487,371.805482073528,24.9418095495643,66.6130743362869,-57.9391505155601,-61.4613211630531,-0.828353257475273,-1.55668821331621,0.139007897778601,0.0525206662111195,33.7963647417694,28.05767284939,66.7976519008478,1.76662967375208
2013-11-18,-57.9617647058824,-61.4735294117647,1.61852706023833,371.590680006074,18.8604017699637,66.6130743362869,-57.9391505155601,-61.4613211630531,-0.819610383346496,-1.55954690275565,0.174171316448735,0.00527834310102077,33.7931955365839,31.9252042500114,66.7976519008478,26.5161809380591
2013-11-19,-57.9617647058824,-61.4735294117647,1.56893883136714,371.238708496094,18.2535895719761,66.6130743362869,-57.9391505155601,-61.4613211630531,-0.767939951738365,-1.55399549956586,0.180853263483799,0.0491525100823115,33.7878887830315,32.8677361420131,66.7976519008478,18.4689603290417
2013-11-20,-57.9617647058824,-61.4735294117647,1.52339296588084,371.127306310142,14.3648963497906,66.6130743362869,-57.9391505155601,-61.4613211630531,-0.724638759245274,-1.54916607818784,0.112752918968437,0.021156205098156,33.7782122860392,27.7734923678049,66.7976519008478,5.76733615381222
2013-11-21,-57.9617647058824,-61.4735294117647,1.47200708418358,371.043455542588,16.7981981649631,66.6130743362869,-57.9391505155601,-61.4613211630531,-0.704042348543159,-1.55226858810857,0.126795551957067,0.0483691603719545,33.7728252024786,29.5527092422712,66.7976519008478,0.385624365845835
2013-11-22,-57.9617647058824,-61.4735294117647,1.43151411850278,371.348232362329,17.9701297166871,66.6130743362869,-57.9391505155601,-61.4613211630531,-0.600863593129011,-1.54173496506314,0.15851585644922,0.0386847846974165,33.7684245090253,27.2183107654093,66.7976519008478,8.51979075409423
2013-11-23,-57.9617647058824,-61.4735294117647,1.39299549053355,371.444458379978,15.4613651357046,66.6130743362869,-57.9391505155601,-61.4613211630531,-0.459602678725031,-1.52873720990823,0.154840455685872,0.0281379833093539,33.7599463726667,21.2089235766536,66.7976519008478,9.38254764196241
2013-11-24,-57.9617647058824,-61.4735294117647,1.36935995991637,371.538294722394,17.0775270927243,66.6130743362869,-57.9391505155601,-61.4613211630531,-0.362854803079053,-1.52274388533372,0.155968940209763,0.063985905877733,33.7501851183522,17.0821289752337,66.7976519008478,6.83584289007891
2013-11-25,-57.9617647058824,-61.4735294117647,1.36877127645946,371.646737447599,18.570375913527,66.6130743362869,-57.9391505155601,-61.4613211630531,-0.359619593823407,-1.52856958572038,0.152323193476107,0.122071566535273,33.7506113863184,22.9866989035355,66.7976519008478,28.1140558878812
2013-11-26,-57.9617647058824,-61.4735294117647,1.3422599387605,370.791666914777,16.1780798260759,66.6130743362869,-57.9391505155601,-61.4613211630531,-0.433812931722958,-1.53690760467056,0.138502962756575,0.12553033121081,33.7582617539626,33.4799596925496,66.7976519008478,27.0472157015178
2013-11-27,-57.9617647058824,-61.4735294117647,1.33332205545611,370.1507583246,11.6387932533171,66.6130743362869,-57.9391505155601,-61.4613211630531,-0.33920406978502,-1.53848995580043,0.153375897013586,0.0526442228641748,33.7422174461457,22.9871107865924,66.7976519008478,5.4857471286004
2013-11-28,-57.9617647058824,-61.4735294117647,1.32691265170167,369.87358912026,14.8467132347386,66.6130743362869,-57.9391505155601,-61.4613211630531,-0.3597599541047,-1.54555781103178,0.0826759186501686,0.120109485902204,33.7430020485491,28.0727056086305,66.7976519008478,28.7483223817774
2013-11-29,-57.9617647058824,-61.4735294117647,1.32056200104516,369.638754123595,16.0769432346995,66.6130743362869,-57.9391505155601,-61.4613211630531,-0.333340562568341,-1.54527486770259,0.0967119619119586,0.112240570528224,33.7467191750221,35.1584776892514,66.7976519008478,19.5823350919522
2013-11-30,-57.9617647058824,-61.4735294117647,1.31158753139217,369.582379969155,14.8967816190022,66.6130743362869,-57.9391505155601,-61.4613211630531,-0.255408891470407,-1.54114395371976,0.143803545911061,0.0927853297125473,33.7431318254767,33.5402965700095,66.7976519008478,10.1804050680602
2013-12-01,-57.9617647058824,-61.4735294117647,1.30817046252693,369.644549858279,16.7246804702573,66.6130743362869,-57.9391505155601,-61.4613211630531,-0.219022921503958,-1.53816376314794,0.143067971857292,0.129208202801856,33.7411527800978,34.4437020851372,66.7976519008478,30.6711585618626
2013-12-02,-57.9617647058824,-61.4735294117647,1.30879688371972,369.673086771151,17.0267404986591,66.6130743362869,-57.9391505155601,-61.4613211630531,-0.176927641014017,-1.53573546396737,0.140502934202089,0.109275209014876,33.7402693301882,35.501965372186,66.7976519008478,17.1693438174322
2013-12-03,-57.9617647058824,-61.4735294117647,1.28972929679766,369.519547997451,16.9147799829157,66.6130743362869,-57.9391505155601,-61.4613211630531,-0.0827497451411568,-1.54298824578644,0.104419430473998,0.0468428231896418,33.7341326405967,30.4344923531639,66.7976519008478,1.53571758042406
2013-12-04,-57.9617647058824,-61.4735294117647,1.22489173201526,368.159857028868,13.6221297572299,66.6130743362869,-57.9391505155601,-61.4613211630531,-0.115916321866023,-1.5483711982063,0.03429769744717,0.0611218611550154,33.7298060892082,33.952770069704,66.7976519008478,37.2102956453745
2013-12-05,-57.9617647058824,-61.4735294117647,1.18877069434015,367.466717975896,17.1301423863667,66.6130743362869,-57.9391505155601,-61.4613211630531,-0.0587154923662966,-1.54389761832722,0.090782887107528,0.0876478411146665,33.7272011348915,30.9301608158992,66.7976519008478,9.9240449959237
2013-12-06,-57.9617647058824,-61.4735294117647,1.16332925928802,367.99134082329,19.1037421284652,66.6130743362869,-57.9391505155601,-61.4613211630531,0.036301601099984,-1.54308173386192,0.0899978900245327,0.0665995424434885,33.7248741850036,28.2310640821573,66.7976519008478,5.34876972903961
2013-12-07,-57.9617647058824,-61.4735294117647,1.16770409338358,368.273833112019,18.5882960994069,66.6130743362869,-57.9391505155601,-61.4613211630531,0.0412260777494203,-1.53974652676447,0.10261138377764,0.104628652831924,33.7229673357306,32.0656470029782,66.7976519008478,14.2423720604263
2013-12-08,-57.9617647058824,-61.4735294117647,1.16590279522466,368.435367491187,18.5924007078496,66.6130743362869,-57.9391505155601,-61.4613211630531,0.10828376849975,-1.54022057223738,0.0966584206170399,0.0954376806011084,33.7211531408724,30.1589608713683,66.7976519008478,11.2661736563237
2013-12-09,-57.9617647058824,-61.4735294117647,1.15849852670984,368.659386239401,19.1173567190403,66.6130743362869,-57.9391505155601,-61.4613211630531,0.18352684439958,-1.54309738808476,0.12344551727417,0.0964590828719972,33.7182825631619,28.3791262424587,66.7976519008478,8.9486828549862
2013-12-10,-57.9617647058824,-61.4735294117647,1.15558055043221,369.072408536585,18.9670077824011,66.6130743362869,-57.9391505155601,-61.4613211630531,0.349516894532601,-1.54221930999344,0.121620996574923,0.0788786089935123,33.7154345287163,22.6370333994609,66.7976519008478,3.03638279352621
2013-12-11,-57.9617647058824,-61.4735294117647,1.15321953122209,369.470409858518,20.2245105127009,66.6130743362869,-57.9391505155601,-61.4613211630531,0.414114323433353,-1.54306608301747,0.127324374671648,0.0723951761277742,33.7106921135494,16.5629848320635,66.7976519008478,1.88957247710961
2013-12-12,-57.9617647058824,-61.4735294117647,1.17270741866129,368.873133589582,16.8071877113203,66.6130743362869,-57.9391505155601,-61.4613211630531,0.377204470969887,-1.54785679049498,0.166156603654346,0.0769511243119816,33.7046687631955,21.866451300751,66.7976519008478,13.0893504327498
2013-12-13,-57.9617647058824,-61.4735294117647,1.18994423728891,367.764433325791,18.3730975534858,66.6130743362869,-57.9391505155601,-61.4613211630531,0.368854014879135,-1.55808563946712,0.155619686803757,0.0923677079691256,33.7010939027938,25.1831256233246,66.7976519008478,13.4966218576901
2013-12-14,-57.9617647058824,-61.4735294117647,1.19367138805186,367.617255234137,19.8454571409923,66.6130743362869,-57.9391505155601,-61.4613211630531,0.443593967771321,-1.5574839174667,0.130682646448997,0.0771463438013868,33.6977208198002,23.6351658155722,66.7976519008478,3.15606337014805
2013-12-15,-57.9617647058824,-61.4735294117647,1.17558857253412,367.319948894222,21.3537268813063,66.6130743362869,-57.9391505155601,-61.4613211630531,0.500886723680696,-1.55406757533631,0.0810359094729308,0.0601086961243719,33.6938328865247,22.8145432440054,66.7976519008478,7.87582348552999
2013-12-16,-57.9617647058824,-61.4735294117647,1.17946202253423,367.462091585485,21.717574131198,66.6130743362869,-57.9391505155601,-61.4613211630531,0.522859062079476,-1.54729172012262,0.105649231336056,0.100606469847212,33.6931306630494,24.4568179731588,66.7976519008478,11.8068160027157
2013-12-17,-57.9617647058824,-61.4735294117647,1.18526108599291,367.758453741306,21.6715766743916,66.6130743362869,-57.9391505155601,-61.4613211630531,0.615723303696405,-1.53697350327624,0.116928312243761,0.086983106205901,33.6914152333289,22.1895521719929,66.7976519008478,5.40685440160878
2013-12-18,-57.9617647058824,-61.4735294117647,1.1901274074505,367.826941141268,21.7591441608057,66.6130743362869,-57.9391505155601,-61.4613211630531,0.638296622335509,-1.53134178841806,0.109410297950069,0.0937729597182168,33.6895062579156,24.1168311552802,66.7976519008478,8.39397190947687
2013-12-19,-57.9617647058824,-61.4735294117647,1.18826909744885,367.81423131431,18.8550804126553,66.6130743362869,-57.9391505155601,-61.4613211630531,0.66938942208303,-1.52678830871376,0.119872256902307,0.0742864175052376,33.686203167667,23.8126756485335,66.7976519008478,2.00387730951871
2013-12-20,-57.9617647058824,-61.4735294117647,1.18659391236014,368.006584725729,21.2595958709717,66.6130743362869,-57.9391505155601,-61.4613211630531,0.770712850869265,-1.53526429833993,0.118706705463439,0.0853455675949372,33.681370023452,20.6560072390496,66.7976519008478,4.84057848247709
2013-12-21,-57.9617647058824,-61.4735294117647,1.17375733212727,367.872723835271,19.2473391730611,66.6130743362869,-57.9391505155601,-61.4613211630531,0.822103548387767,-1.53417247171827,0.0861643365962624,0.0346362430014108,33.6765492190877,19.0390616196852,66.7976519008478,7.75141497904494
2013-12-22,-57.9617647058824,-61.4735294117647,1.16135426465331,367.661892402463,21.1247124032276,66.6130743362869,-57.9391505155601,-61.4613211630531,0.835328071706208,-1.53831326897167,0.102845317625042,0.0725179090693734,33.6717799054145,19.872451714015,66.7976519008478,3.18671170197864
2013-12-23,-57.9617647058824,-61.4735294117647,1.18157238713125,367.465234896032,22.2417571835402,66.6130743362869,-57.9391505155601,-61.4613211630531,0.831017425829261,-1.53855091084031,0.131843255533662,0.0974763661783877,33.6706617563842,22.5628993758949,66.7976519008478,10.0004048534488
2013-12-24,-57.9617647058824,-61.4735294117647,1.18158432277964,366.56938990151,19.8212435187363,66.6130743362869,-57.9391505155601,-61.4613211630531,0.875503774033545,-1.54360190657308,0.14387273782922,0.0451360930979011,33.6650748259304,21.6671130467362,66.7976519008478,3.1973779717116
2013-12-25,-57.9617647058824,-61.4735294117647,1.17667051077616,365.461978074981,19.4170556824382,66.6130743362869,-57.9391505155601,-61.4613211630531,0.907217325227946,-1.55114298777381,0.156298425179302,0.0558393996475357,33.6587507837375,21.1032825938442,66.7976519008478,6.49437317076239
2013-12-26,-57.9617647058824,-61.4735294117647,1.16429357521418,364.84119731624,22.0117173369338,66.6130743362869,-57.9391505155601,-61.4613211630531,1.05379611905287,-1.55359600140498,0.114111219209778,0.057088146290356,33.6518913454372,16.6715088341078,66.7976519008478,0.230718901294253
2013-12-27,-57.9617647058824,-61.4735294117647,1.15441459708097,364.202122013743,20.1740504241571,66.6130743362869,-57.9391505155601,-61.4613211630531,1.02716223382757,-1.55194734127415,0.0937951996862164,0.106568493421583,33.6472703364857,17.609304347019,66.7976519008478,17.1854744143324
2013-12-28,-57.9617647058824,-61.4735294117647,1.13512151979092,362.563718097966,20.4300079636457,66.6130743362869,-57.9391505155601,-61.4613211630531,0.959097308990283,-1.54430576985986,0.0397432541698418,0.0834469127892322,33.651621624204,23.8835148277231,66.7976519008478,36.6970588472392
2013-12-29,-57.9617647058824,-61.4735294117647,1.09660253673792,361.573378027939,21.1518269631921,66.6130743362869,-57.9391505155601,-61.4613211630531,1.08716038830689,-1.53464528294871,0.0883339929033709,0.0622742335273106,33.653054920768,20.5375987386253,66.7976519008478,5.42699966691961
2013-12-30,-57.9617647058824,-61.4735294117647,1.0576974715038,361.455017834175,20.257165147037,66.6130743362869,-57.9391505155601,-61.4613211630531,1.17454562777611,-1.53118651485958,0.113182072647107,0.0255984809154119,33.6490928454277,19.254050280562,66.7976519008478,4.36349835179686
2013-12-31,-57.9617647058824,-61.4735294117647,1.00639789478808,359.714648363067,14.3269012032486,66.6130743362869,-57.9391505155601,-61.4613211630531,1.08338943570249,-1.52819973962349,0.143943576984278,-0.0108309818705727,33.6433660067045,23.8425352016763,66.7976519008478,23.9884690886958
2014-01-01,-57.9617647058824,-61.4735294117647,0.952979399300203,357.801629043207,16.4348266357329,66.6130743362869,-57.9391505155601,-61.4613211630531,1.13145991930595,-1.53227052273538,0.111170569251263,0.0407061728016648,33.6302113861208,18.3650596363824,66.7976519008478,1.33614572657017
2014-01-02,-57.9617647058824,-61.4735294117647,0.925268716928435,356.939765744093,16.4753780539443,66.6130743362869,-57.9391505155601,-61.4613211630531,1.14560963404484,-1.53396160126376,0.064686060751136,0.0561762975174406,33.6261649550053,21.3390700176821,66.7976519008478,15.4786033709248
2014-01-03,-57.9617647058824,-61.4735294117647,0.899277547328937,356.535432396865,17.5601482856564,66.6130743362869,-57.9391505155601,-61.4613211630531,1.25883009301828,-1.53401266981555,0.112976968454325,0.0805836916422313,33.6210908722459,18.9391866109954,66.7976519008478,3.72926470091359
2014-01-04,-57.9617647058824,-61.4735294117647,0.873839359094457,356.733124895794,17.4406555803811,66.6130743362869,-57.9391505155601,-61.4613211630531,1.3843607529294,-1.53452049221909,0.111179630414114,0.0365999711579398,33.6142787289845,14.9163855193598,66.7976519008478,1.97664185953902
2014-01-05,-57.9617647058824,-61.4735294117647,0.846407136539134,355.811763484304,15.0247736965738,66.6130743362869,-57.9391505155601,-61.4613211630531,1.27391290640541,-1.53663784064423,0.0859897098228758,-0.00178086422333511,33.6153331041014,23.3843456801133,66.7976519008478,21.5927692127385
2014-01-06,-57.9617647058824,-61.4735294117647,0.803228993423101,354.158304726205,15.2151301372342,66.6130743362869,-57.9391505155601,-61.4613211630531,1.24779301688739,-1.52898103135478,0.0869847536388679,0.0140656968390169,33.6168528722848,26.0371085654708,66.7976519008478,13.6295930753062
2014-01-07,-57.9617647058824,-61.4735294117647,0.768757852839261,352.859188545041,14.1190217122799,66.6130743362869,-57.9391505155601,-61.4613211630531,1.20779029391555,-1.52161045901367,0.0609258180547018,0.0023986478656651,33.6227403143961,28.8323734697864,66.7976519008478,31.0760413536883
2014-01-08,-57.9617647058824,-61.4735294117647,0.734606135545707,351.462621921446,13.596371197119,66.6130743362869,-57.9391505155601,-61.4613211630531,1.20070703341732,-1.51906313233369,0.0673598281425825,0.0364813567132924,33.6279379140671,29.8391547904484,66.7976519008478,15.5918536095106
2014-01-09,-57.9617647058824,-61.4735294117647,0.714246882898052,351.099147145341,13.8475032434231,66.6130743362869,-57.9391505155601,-61.4613211630531,1.23392501107433,-1.5136081054304,0.0807418443875918,0.0371287938725208,33.6345728772533,28.6709259820853,66.7976519008478,9.29068337823603
2014-01-10,-57.9617647058824,-61.4735294117647,0.702160989365927,351.313833469298,14.8439764802049,66.6130743362869,-57.9391505155601,-61.4613211630531,1.35931630044492,-1.50948501421533,0.0992498167573038,0.0587816969686352,33.6411563909327,23.0678345259385,66.7976519008478,2.3157145967761
2014-01-11,-57.9617647058824,-61.4735294117647,0.704335062605579,351.487791107922,14.6699972036408,66.6130743362869,-57.9391505155601,-61.4613211630531,1.36344408152396,-1.5097362478735,0.1301875956628,0.0691942334094672,33.6446428749404,22.1154181123906,66.7976519008478,1.60299683059036
2014-01-12,-57.9617647058824,-61.4735294117647,0.718515103910027,350.507970670374,11.7042075831716,66.6130743362869,-57.9391505155601,-61.4613211630531,1.30915227214656,-1.50801263116149,0.170215029933071,0.0569201089673036,33.6471058205876,26.7994535024028,66.7976519008478,12.4962992709973
2014-01-13,-57.9617647058824,-61.4735294117647,0.732439060763615,349.211714581745,11.8969127085151,66.6130743362869,-57.9391505155601,-61.4613211630531,1.34121870125836,-1.5068128950361,0.154335520337066,0.0681110527793727,33.6482033620157,25.1565609390115,66.7976519008478,6.75225906794149
2014-01-14,-57.9617647058824,-61.4735294117647,0.743385098692847,348.227156848442,11.4294723882908,66.6130743362869,-57.9391505155601,-61.4613211630531,1.37645213492969,-1.50091924004548,0.170304814818618,0.0414425708082041,33.6517761323133,24.9741088491381,66.7976519008478,13.3289867983045
2014-01-15,-57.9617647058824,-61.4735294117647,0.740997624469966,347.163764023199,9.17942694629111,66.6130743362869,-57.9391505155601,-61.4613211630531,1.38788162399078,-1.50356499949287,0.141124836441919,0.031016854958938,33.6556722664157,21.9152561733436,66.7976519008478,4.87378298262069
2014-01-16,-57.9617647058824,-61.4735294117647,0.751406908398721,346.704743920303,14.6720031994145,66.6130743362869,-57.9391505155601,-61.4613211630531,1.401475832369,-1.51324938006407,0.124616835125585,0.107056130457785,33.6722143124311,21.5783582087631,66.7976519008478,14.024603053235
2014-01-17,-57.9617647058824,-61.4735294117647,0.762473096571318,346.903917266101,16.0327466348322,66.6130743362869,-57.9391505155601,-61.4613211630531,1.58633249555683,-1.51188901674088,0.132645550285756,0.0529251086014083,33.6887481885079,16.4894685951161,66.7976519008478,0.772034544014242
2014-01-18,-57.9617647058824,-61.4735294117647,0.769613170405714,346.951662389243,14.5714843156861,66.6130743362869,-57.9391505155601,-61.4613211630531,1.67284888423245,-1.51809485817728,0.129368002975156,0.025820883058826,33.7045922736246,12.9351534502387,66.7976519008478,4.45898572023884
2014-01-19,-57.9617647058824,-61.4735294117647,0.776570417168664,346.72484718881,13.6605706040452,66.6130743362869,-57.9391505155601,-61.4613211630531,1.67873018569792,-1.52147042735225,0.130716418442737,0.027667644118209,33.7204139029931,15.7300065654492,66.7976519008478,4.08208892141013
2014-01-20,-57.9617647058824,-61.4735294117647,0.751011366524347,345.939077237757,9.99703295056413,66.6130743362869,-57.9391505155601,-61.4613211630531,1.58835981522816,-1.52133739992031,0.139400808389491,-0.0172089797302618,33.7422484167513,22.5175952203522,66.7976519008478,27.3728720210315
2014-01-21,-57.9617647058824,-61.4735294117647,0.73627455060075,344.922802436643,12.9783946828144,66.6130743362869,-57.9391505155601,-61.4613211630531,1.60518724747837,-1.52233079667033,0.106955637313255,0.0240589642190901,33.7591529568197,21.8310316680414,66.7976519008478,5.45335182362438
2014-01-22,-57.9617647058824,-61.4735294117647,0.730241919072663,344.522499270555,12.7223469338766,66.6130743362869,-57.9391505155601,-61.4613211630531,1.66618967184975,-1.51733251332271,0.0753490053036837,0.0185433923444043,33.7776411419455,22.7540004115034,66.7976519008478,16.4821260962338
2014-01-23,-57.9617647058824,-61.4735294117647,0.734826024712586,344.228120757312,13.5895343059447,66.6130743362869,-57.9391505155601,-61.4613211630531,1.72077999858238,-1.52158204247916,0.11793324020509,0.0943166093345274,33.7887138438772,22.2115863782031,66.7976519008478,8.04590600495625
2014-01-24,-57.9617647058824,-61.4735294117647,0.751266258882313,344.357613540277,10.7119543755927,66.6130743362869,-57.9391505155601,-61.4613211630531,1.74253981766591,-1.52673147500124,0.132330892454235,0.0752386281797197,33.7938764368796,21.3720184936215,66.7976519008478,2.92270878500463
2014-01-25,-57.9617647058824,-61.4735294117647,0.759254481007413,344.519526784013,14.0374159638475,66.6130743362869,-57.9391505155601,-61.4613211630531,1.83247230200954,-1.53368936794811,0.092743320106535,0.0573352595009463,33.7946940124759,16.1097375764216,66.7976519008478,3.84176109906543
2014-01-26,-57.9617647058824,-61.4735294117647,0.751466117254118,343.937494789682,13.0149295213746,66.6130743362869,-57.9391505155601,-61.4613211630531,1.8383921563384,-1.53133766612543,0.0928767615232954,0.00610699671020231,33.7988599501802,15.7623372393259,66.7976519008478,15.3572284981167
2014-01-27,-57.9617647058824,-61.4735294117647,0.722207380867586,343.077422723538,11.4378096824739,66.6130743362869,-57.9391505155601,-61.4613211630531,1.76808640364854,-1.53212925506185,0.10248535559808,0.00569349346373245,33.8122948042938,20.2142919754049,66.7976519008478,13.3845894341378
2014-01-28,-57.9617647058824,-61.4735294117647,0.712453341338693,342.679664053568,12.933465387763,66.6130743362869,-57.9391505155601,-61.4613211630531,1.7435500172951,-1.53989808890823,0.0730755617603278,0.0891626466834835,33.8166028690724,21.3506019543379,66.7976519008478,17.2342412870056
2014-01-29,-57.9617647058824,-61.4735294117647,0.716719174167005,342.786151792945,13.0912531236323,66.6130743362869,-57.9391505155601,-61.4613211630531,1.78325719051516,-1.54785267238514,0.0910275291485584,0.0517447299943601,33.8182956216789,20.2806007575731,66.7976519008478,4.31415681348462
2014-01-30,-57.9617647058824,-61.4735294117647,0.708725128231979,342.725057834532,12.0946402200838,66.6130743362869,-57.9391505155601,-61.4613211630531,1.72030949286925,-1.55161373689268,0.0410183592424219,0.0131143100770862,33.8289049588717,26.368034624056,66.7976519008478,39.8916149442395
2014-01-31,-57.9617647058824,-61.4735294117647,0.697649663904818,342.27094882872,12.6117530217985,66.6130743362869,-57.9391505155601,-61.4613211630531,1.7236603500872,-1.54853635246133,0.0646251058319078,0.0573270224416867,33.8327742408001,26.2901939026579,66.7976519008478,15.5410572372956
2014-02-01,-57.9617647058824,-61.4735294117647,0.69762813136345,342.799721322409,13.2972150895654,66.6130743362869,-57.9391505155601,-61.4613211630531,1.92447362842187,-1.54254673206211,0.091403965354368,0.0602742620667144,33.8310176422078,19.2993543884854,66.7976519008478,4.35294763300751
2014-02-02,-57.9617647058824,-61.4735294117647,0.697034721694342,342.952656443526,11.4019366589988,66.6130743362869,-57.9391505155601,-61.4613211630531,1.84548529833756,-1.53883303160931,0.106078384914178,0.0198843946904145,33.8271255235762,17.8022587283259,66.7976519008478,6.92257548110335
2014-02-03,-57.9617647058824,-61.4735294117647,0.6855274311653,342.59330302913,8.59977805032963,66.6130743362869,-57.9391505155601,-61.4613211630531,1.78011391117827,-1.536311648957,0.107467986321562,0.021355543149869,33.8269670514764,20.673099216662,66.7976519008478,6.23964556386697
2014-02-04,-57.9617647058824,-61.4735294117647,0.673705164252258,342.303462703054,8.84106620928136,66.6130743362869,-57.9391505155601,-61.4613211630531,1.76203509380943,-1.53379397401926,0.124627543253857,0.0265144479841838,33.8243950343164,19.3477474629638,66.7976519008478,3.94621381361873
2014-02-05,-57.9617647058824,-61.4735294117647,0.67773728654152,342.522104775033,11.3887249376716,66.6130743362869,-57.9391505155601,-61.4613211630531,1.89089683756011,-1.53479519739807,0.108519865760477,0.0576812185688942,33.8212773970425,14.7372282416875,66.7976519008478,0.751124141176916
2014-02-06,-57.9617647058824,-61.4735294117647,0.674021685268821,342.584053969965,12.3263720419349,66.6130743362869,-57.9391505155601,-61.4613211630531,1.72992615902472,-1.53578735717073,0.0617124623846509,0.094169164812959,33.8315305413827,21.3911697346511,66.7976519008478,25.1173255223541
2014-02-07,-57.9617647058824,-61.4735294117647,0.670574312529913,342.504864204221,10.9142057604906,66.6130743362869,-57.9391505155601,-61.4613211630531,1.69040975557809,-1.53256870587023,0.0862920121434327,0.0653112576457492,33.831159877391,21.4585081543195,66.7976519008478,6.38960152778726
2014-02-08,-57.9617647058824,-61.4735294117647,0.660445879145366,341.979087643507,9.12835582581962,66.6130743362869,-57.9391505155601,-61.4613211630531,1.58401456700485,-1.53273221403964,0.11565567824522,0.0157287702336405,33.8202127361426,20.6067904885481,66.7976519008478,7.53519995386062
2014-02-09,-57.9617647058824,-61.4735294117647,0.660518948988217,341.812195940716,10.3898186451051,66.6130743362869,-57.9391505155601,-61.4613211630531,1.5210619303379,-1.53452666680983,0.124403493818243,0.0889723693723218,33.8242138490664,24.6969299522328,66.7976519008478,6.10526276675036
2014-02-10,-57.9617647058824,-61.4735294117647,0.664969608551118,341.993507943502,9.46644403876328,66.6130743362869,-57.9391505155601,-61.4613211630531,1.48159198312142,-1.53102218766927,0.104404603516967,0.0478263346078666,33.8231120553577,24.0070715722767,66.7976519008478,1.46984722863767
2014-02-11,-57.9617647058824,-61.4735294117647,0.664145152016384,342.361247365068,11.2639361009365,66.6130743362869,-57.9391505155601,-61.4613211630531,1.4928989059288,-1.52407582954839,0.090875142850937,0.0501533194763056,33.8232953410078,21.1246990687773,66.7976519008478,4.41174244859901
2014-02-12,-57.9617647058824,-61.4735294117647,0.662063769087559,342.712017152368,11.0612619504696,66.6130743362869,-57.9391505155601,-61.4613211630531,1.467407670782,-1.51886503046502,0.0857557761715411,0.0659809351651131,33.8245721629113,22.6164405645147,66.7976519008478,6.64953631697707
2014-02-13,-57.9617647058824,-61.4735294117647,0.660187071052993,342.778581572742,9.86618909021703,66.6130743362869,-57.9391505155601,-61.4613211630531,1.43663413852815,-1.51434697265084,0.105306567420602,0.0740294196767363,33.8274757292589,23.4961644493134,66.7976519008478,3.07479855199633
2014-02-14,-57.9617647058824,-61.4735294117647,0.656719031857281,342.534678761552,6.74203553432372,66.6130743362869,-57.9391505155601,-61.4613211630531,1.44726397320327,-1.5247570387265,0.162292573264173,0.0958585970194234,33.8305296338039,21.9311126658791,66.7976519008478,17.4674217591051
2014-02-15,-57.9617647058824,-61.4735294117647,0.669387963123438,342.279698069503,8.55392716279844,66.6130743362869,-57.9391505155601,-61.4613211630531,1.43056800088741,-1.54121191025424,0.152685626627382,0.125236266085252,33.8340057651041,24.1827280196423,66.7976519008478,30.4265484517137
2014-02-16,-57.9617647058824,-61.4735294117647,0.684112737818462,341.820764309022,6.84662422319738,66.6130743362869,-57.9391505155601,-61.4613211630531,1.42180337878535,-1.54217441748028,0.181646497560698,0.0811899435001346,33.8300086727992,24.4242813699802,66.7976519008478,22.4445011124267
2014-02-17,-57.9617647058824,-61.4735294117647,0.702089509949452,341.492097435928,9.05952452450264,66.6130743362869,-57.9391505155601,-61.4613211630531,1.42064194463686,-1.5429194652439,0.146746667044164,0.107255468680429,33.8211867915474,24.4619661773908,66.7976519008478,17.5356050045284
2014-02-18,-57.9617647058824,-61.4735294117647,0.724115682447829,341.48829725312,10.0146466580833,66.6130743362869,-57.9391505155601,-61.4613211630531,1.47822234489014,-1.54218224040892,0.0993676075457963,0.0692881365154597,33.8043501335278,16.8759951829589,66.7976519008478,3.31678969193571
2014-02-19,-57.9617647058824,-61.4735294117647,0.744412066732965,341.683405434213,10.417826027405,66.6130743362869,-57.9391505155601,-61.4613211630531,1.48012808234746,-1.55294732815824,0.112503334276589,0.0878488268104964,33.7874022469669,12.5103240515056,66.7976519008478,5.94056641717358
2014-02-20,-57.9617647058824,-61.4735294117647,0.749369205498114,341.53656378025,8.8042177310804,66.6130743362869,-57.9391505155601,-61.4613211630531,1.39645349376115,-1.55888710797396,0.165404555180415,0.0914583302250034,33.7806435918358,22.8703496459364,66.7976519008478,17.0897406043703
2014-02-21,-57.9617647058824,-61.4735294117647,0.743572042119212,340.84066176996,6.92963287888504,66.6130743362869,-57.9391505155601,-61.4613211630531,1.33635155380013,-1.55907203247029,0.0850053745976746,0.0484787139101469,33.7649086554523,24.4883249980396,66.7976519008478,6.39373660746718
2014-02-22,-57.9617647058824,-61.4735294117647,0.74044957248176,340.739952273485,10.8382816547301,66.6130743362869,-57.9391505155601,-61.4613211630531,1.30229635639229,-1.55939986895614,0.058639194750995,0.0878628298951949,33.7614573068143,27.2644386368724,66.7976519008478,24.6476422713752
2014-02-23,-57.9617647058824,-61.4735294117647,0.75564377918476,341.124662073647,11.3082351800872,66.6130743362869,-57.9391505155601,-61.4613211630531,1.2957883768397,-1.5501022285778,0.0938083792102803,0.100380772928357,33.7426685379584,26.5226864023247,66.7976519008478,14.1374278887483
2014-02-24,-57.9617647058824,-61.4735294117647,0.779087913835921,341.405686169136,9.75812288609947,66.6130743362869,-57.9391505155601,-61.4613211630531,1.28511109682712,-1.55054662005621,0.136830005005465,0.104891416796467,33.7255374069317,26.6287393248194,66.7976519008478,14.1793241312577
2014-02-25,-57.9617647058824,-61.4735294117647,0.797821617707974,341.403412981731,7.84083927549967,66.6130743362869,-57.9391505155601,-61.4613211630531,1.28189368334859,-1.55524177670318,0.200390875243988,0.130991538194751,33.7226544070019,29.0560111935161,66.7976519008478,61.5084882253131
2014-02-26,-57.9617647058824,-61.4735294117647,0.82271041157769,341.063737450576,7.78905042497123,66.6130743362869,-57.9391505155601,-61.4613211630531,1.24982429033349,-1.56475399557235,0.166051168472339,0.104606412753322,33.7040283161941,30.8127818680324,66.7976519008478,23.1372522060335
2014-02-27,-57.9617647058824,-61.4735294117647,0.860990444334542,341.037650875929,10.5352957248688,66.6130743362869,-57.9391505155601,-61.4613211630531,1.2117826587919,-1.5734981018522,0.161855182626791,0.151593385231599,33.6885116155009,30.9857613039725,66.7976519008478,55.9950133313465
2014-02-28,-57.9617647058824,-61.4735294117647,0.904268643841511,341.174023884099,9.84494979788617,66.6130743362869,-57.9391505155601,-61.4613211630531,1.18163086592588,-1.57132680036439,0.152303424783242,0.100744029625184,33.6736682423374,29.0636305236302,66.7976519008478,15.9219511010005
2014-03-01,-57.9617647058824,-61.4735294117647,0.932677335128552,341.222947655655,8.75525308818352,66.6130743362869,-57.9391505155601,-61.4613211630531,1.19277765779843,-1.56012391400562,0.159228367044737,0.102445817518572,33.6582627444454,24.575020648529,66.7976519008478,19.1837982862224
2014-03-02,-57.9617647058824,-61.4735294117647,0.964306780841292,341.517734062381,12.0893806131875,66.6130743362869,-57.9391505155601,-61.4613211630531,1.12117308004182,-1.55372120269075,0.0824362186063961,0.154620524872894,33.6549699966081,27.3587537037055,66.7976519008478,57.5152246272212
2014-03-03,-57.9617647058824,-61.4735294117647,1.00469870029426,342.097332093774,13.1849237186153,66.6130743362869,-57.9391505155601,-61.4613211630531,1.13430567574405,-1.54892349774056,0.105662410794764,0.0766109313750476,33.6465165862831,22.4484034742904,66.7976519008478,3.56547989932458
2014-03-04,-57.9617647058824,-61.4735294117647,1.01775670087919,342.265723251715,10.7670239297355,66.6130743362869,-57.9391505155601,-61.4613211630531,1.10965166400801,-1.55334353141296,0.170948133068649,0.086778825825123,33.649541677251,24.0558764551654,66.7976519008478,18.1135380745272
2014-03-05,-57.9617647058824,-61.4735294117647,1.00577891817907,341.978721804735,7.56853830814362,66.6130743362869,-57.9391505155601,-61.4613211630531,1.09382157761719,-1.55177312598698,0.132433856597394,0.0423437110808214,33.6499660095544,24.1555455319795,66.7976519008478,1.44840039674574
2014-03-06,-57.9617647058824,-61.4735294117647,0.98833997365905,341.750429106922,10.3256800872524,66.6130743362869,-57.9391505155601,-61.4613211630531,1.10198917088077,-1.5620233909643,0.17146212943954,0.054766103539832,33.6559214572675,24.2152646279689,66.7976519008478,13.0928039095122
2014-03-07,-57.9617647058824,-61.4735294117647,0.998856096369464,341.814784352372,11.5563439857669,66.6130743362869,-57.9391505155601,-61.4613211630531,1.06751981075959,-1.57701823618087,0.174614473176911,0.123022953694367,33.6615287173293,26.8198403578538,66.7976519008478,38.3881479645514
2014-03-08,-57.9617647058824,-61.4735294117647,0.985645607840724,341.64490564858,7.28043954837613,66.6130743362869,-57.9391505155601,-61.4613211630531,1.04776754150828,-1.57142482193215,0.14077064068171,0.0274584213027909,33.6570147567111,25.8462133780826,66.7976519008478,5.69143527287612
2014-03-09,-57.9617647058824,-61.4735294117647,0.94084630179696,341.217969196599,7.7924590459684,66.6130743362869,-57.9391505155601,-61.4613211630531,1.05450385278053,-1.56935236392877,0.152291892601652,0.0164528128046256,33.6591544672545,25.5968347515976,66.7976519008478,12.2710075109251
2014-03-10,-57.9617647058824,-61.4735294117647,0.922293974858959,341.13728965201,8.14154076576233,66.6130743362869,-57.9391505155601,-61.4613211630531,1.06381508663759,-1.57969570739067,0.124633309480391,0.0821668653523954,33.6582916661313,24.4763811680309,66.7976519008478,3.98497649952641
2014-03-11,-57.9617647058824,-61.4735294117647,0.882524779657038,340.933103235757,4.67394656524426,66.6130743362869,-57.9391505155601,-61.4613211630531,1.05066469927066,-1.57501785105217,0.129306224178568,0.0357326030902132,33.6565804166189,24.3853610369519,66.7976519008478,2.12466811656582
2014-03-12,-57.9617647058824,-61.4735294117647,0.868457135630817,340.834536668731,8.15717958822483,66.6130743362869,-57.9391505155601,-61.4613211630531,0.979988278406352,-1.5839744783767,0.124469390438113,0.13466446711487,33.651782212148,23.105313373159,66.7976519008478,32.4024082119302
2014-03-13,-57.9617647058824,-61.4735294117647,0.883072663371156,341.183351470203,8.72007154836887,66.6130743362869,-57.9391505155601,-61.4613211630531,0.869256748321407,-1.59432482445932,0.112037937826755,0.13665620179774,33.6705131994085,30.0327270175764,66.7976519008478,34.2769337385646
2014-03-14,-57.9617647058824,-61.4735294117647,0.903934314846992,341.728846852372,10.4770211243048,66.6130743362869,-57.9391505155601,-61.4613211630531,0.825686694518757,-1.58919145510747,0.0747485196974516,0.0751051866875486,33.6801773719942,30.1892322200513,66.7976519008478,12.5415588357859
2014-03-15,-57.9617647058824,-61.4735294117647,0.917802403249392,342.336746960151,10.1293690408148,66.6130743362869,-57.9391505155601,-61.4613211630531,0.80726982441991,-1.57476167736748,0.0749033774612484,0.0576589782690873,33.6895451256138,29.3517235319624,66.7976519008478,10.3583047656362
2014-03-16,-57.9617647058824,-61.4735294117647,0.916740171066145,342.742248162991,8.23348095940381,66.6130743362869,-57.9391505155601,-61.4613211630531,0.765301066291155,-1.56654186062163,0.0827467582124448,0.0512282628762095,33.7015693757215,29.7849957765999,66.7976519008478,7.09477327858156
2014-03-17,-57.9617647058824,-61.4735294117647,0.880159833445782,342.663816126382,5.62031440763939,66.6130743362869,-57.9391505155601,-61.4613211630531,0.735839214120638,-1.57485063983361,0.0447983711394865,0.0226767764108786,33.7155831577646,30.0654694702622,66.7976519008478,33.4880456606076
2014-03-18,-57.9617647058824,-61.4735294117647,0.848347962266061,342.545564232803,6.66242375897198,66.6130743362869,-57.9391505155601,-61.4613211630531,0.742121826339508,-1.58175787140644,0.0638055131995646,0.0450636064244105,33.7287604245741,28.4763241534935,66.7976519008478,16.3779028301159
2014-03-19,-57.9617647058824,-61.4735294117647,0.810776449558211,342.346402796303,3.60318118479194,66.6130743362869,-57.9391505155601,-61.4613211630531,0.723601168808345,-1.58107789695343,0.119371440517999,0.0255968334924998,33.7363899272141,27.8373299674627,66.7976519008478,4.11541260288743
2014-03-20,-57.9617647058824,-61.4735294117647,0.748552720721175,341.870774059761,4.15939149478587,66.6130743362869,-57.9391505155601,-61.4613211630531,0.728747058232464,-1.58749254962854,0.0741200278614938,-0.000569184636257277,33.7412765183751,27.0795154249781,66.7976519008478,25.6970316401463
2014-03-21,-57.9617647058824,-61.4735294117647,0.726206213235855,341.787549274724,5.93187613022037,66.6130743362869,-57.9391505155601,-61.4613211630531,0.694745238191686,-1.59970736616214,0.058100487669872,0.0961707838824806,33.7546040513094,30.5078026788277,66.7976519008478,28.1170912928805
2014-03-22,-57.9617647058824,-61.4735294117647,0.711517856978789,341.76380176079,4.4967060001885,66.6130743362869,-57.9391505155601,-61.4613211630531,0.648871100775385,-1.5969149841149,0.049990224638167,0.00240441369000878,33.7624930717684,32.2761052629726,66.7976519008478,38.1631014965344
2014-03-23,-57.9617647058824,-61.4735294117647,0.693112091320317,341.698899059761,6.68960855065323,66.6130743362869,-57.9391505155601,-61.4613211630531,0.601461892789192,-1.60091698845388,0.0133317698512161,0.0424845658051662,33.779185430241,35.5246174756975,66.7976519008478,57.897798162607
2014-03-24,-57.9617647058824,-61.4735294117647,0.685062714466235,341.806747064358,4.88074576273197,66.6130743362869,-57.9391505155601,-61.4613211630531,0.553305414634758,-1.61444603495913,0.0737131144172749,0.0213481297769286,33.7858864479219,34.5656114531915,66.7976519008478,16.2679901234318
2014-03-25,-57.9617647058824,-61.4735294117647,0.6854339474585,342.115575650843,6.48546053432837,66.6130743362869,-57.9391505155601,-61.4613211630531,0.514090489138637,-1.6295693786199,0.0761669509052506,0.0658804423222255,33.7950051136506,35.2352888400738,66.7976519008478,10.4092275068516
2014-03-26,-57.9617647058824,-61.4735294117647,0.701384412442766,342.676899235423,7.32000030831593,66.6130743362869,-57.9391505155601,-61.4613211630531,0.483958464412474,-1.62573788362315,0.128162089378325,0.10902809571882,33.8106269270141,36.4906251292158,66.7976519008478,15.3010894183259
2014-03-27,-57.9617647058824,-61.4735294117647,0.726472168070514,343.367770311309,7.9884883397963,66.6130743362869,-57.9391505155601,-61.4613211630531,0.446070045102061,-1.61709097490298,0.0923141664027283,0.0676753094643556,33.8229042907797,38.2525440272693,66.7976519008478,4.81229302495767
2014-03-28,-57.9617647058824,-61.4735294117647,0.746392157019638,343.953107880383,7.554634542,66.6130743362869,-57.9391505155601,-61.4613211630531,0.435321597877623,-1.61429282592537,0.0737279411329914,0.0352515555747286,33.8284045694328,37.6370255615708,66.7976519008478,12.6501411995394
2014-03-29,-57.9617647058824,-61.4735294117647,0.756668875493654,344.354779127167,6.21929895296329,66.6130743362869,-57.9391505155601,-61.4613211630531,0.427243955192054,-1.6130317224343,0.101434299840457,0.0226314721249456,33.835169227178,38.2072399116238,66.7976519008478,6.78362846389999
2014-03-30,-57.9617647058824,-61.4735294117647,0.75221678687305,344.55640281119,4.89656950206291,66.6130743362869,-57.9391505155601,-61.4613211630531,0.430340778660758,-1.63030536261647,0.0945118287686314,0.0308949455729461,33.8409186760906,37.6464983557883,66.7976519008478,6.05555841027645
2014-03-31,-57.9617647058824,-61.4735294117647,0.751921381165342,344.826234398819,6.97728590558215,66.6130743362869,-57.9391505155601,-61.4613211630531,0.393681996646519,-1.6257695965117,0.0627396303491715,0.0799041297864898,33.8506651606798,40.983765490142,66.7976519008478,19.8469178211213
2014-04-01,-57.9617647058824,-61.4735294117647,0.762727224608747,345.15352612007,7.10886067588155,66.6130743362869,-57.9391505155601,-61.4613211630531,0.336901258390683,-1.62697386259009,0.0976946498700964,0.135676808665317,33.8630207849418,45.0496053502627,66.7976519008478,35.6875052516543
2014-04-02,-57.9617647058824,-61.4735294117647,0.787828684580035,345.661041631931,6.20692480191952,66.6130743362869,-57.9391505155601,-61.4613211630531,0.292508812206477,-1.63184487916197,0.107879018192349,0.124383724778488,33.8750283914378,47.8393103114346,66.7976519008478,25.3491427600385
2014-04-03,-57.9617647058824,-61.4735294117647,0.811209416244088,346.164992169636,5.47841974002559,66.6130743362869,-57.9391505155601,-61.4613211630531,0.253657637779851,-1.63453676906514,0.103299182702695,0.122556732708586,33.8842745535126,49.2966618479987,66.7976519008478,24.7582848126583
2014-04-04,-57.9617647058824,-61.4735294117647,0.840588755360464,346.680897038157,6.07213849556155,66.6130743362869,-57.9391505155601,-61.4613211630531,0.21860014897609,-1.63712404742736,0.0862285865272185,0.0834757425795924,33.8906130514003,50.5888592711023,66.7976519008478,10.0662526575049
2014-04-05,-57.9617647058824,-61.4735294117647,0.85261670372835,347.09649918719,3.54161298711125,66.6130743362869,-57.9391505155601,-61.4613211630531,0.202445849555063,-1.63300672491231,0.123144862542429,0.0547010303297747,33.8945235948653,50.4688032809218,66.7976519008478,0.0415983912898217
2014-04-06,-57.9617647058824,-61.4735294117647,0.830502966555153,347.28434157953,3.18724528318498,66.6130743362869,-57.9391505155601,-61.4613211630531,0.179666932616961,-1.6238182253844,0.0819362257978051,0.0873381255267442,33.8975466008772,49.288012947309,66.7976519008478,12.8230981878407
2014-04-07,-57.9617647058824,-61.4735294117647,0.818647917814371,347.520300888434,4.35675716400146,66.6130743362869,-57.9391505155601,-61.4613211630531,0.174314455846865,-1.61476810692776,0.114846793610437,0.0648260914422722,33.9034259193822,51.7949788097428,66.7976519008478,0.705288286717928
2014-04-08,-57.9617647058824,-61.4735294117647,0.816683323281567,347.837585449219,3.97262793488619,66.6130743362869,-57.9391505155601,-61.4613211630531,0.172022231667228,-1.61526892494094,0.107705215271185,0.0629785066915427,33.9108146173269,53.6073499916375,66.7976519008478,1.17128074750049
2014-04-09,-57.9617647058824,-61.4735294117647,0.800604255461111,348.00303091654,2.97195084938189,66.6130743362869,-57.9391505155601,-61.4613211630531,0.178890007830824,-1.61779236198276,0.112411078603564,0.0385554622803462,33.9145666938401,53.1845801117932,66.7976519008478,1.54555756110308
2014-04-10,-57.9617647058824,-61.4735294117647,0.770136205524933,348.026524985709,2.50328215956688,66.6130743362869,-57.9391505155601,-61.4613211630531,0.184125848013943,-1.62534332500617,0.112402017702136,0.017829234466741,33.9159546876565,52.2509030652271,66.7976519008478,6.95148710476845
2014-04-11,-57.9617647058824,-61.4735294117647,0.741708716968211,348.063319136457,2.96603247741374,66.6130743362869,-57.9391505155601,-61.4613211630531,0.177033691733633,-1.63333332828182,0.115560127565494,0.0475783973992595,33.9135824762053,47.2641537147656,66.7976519008478,0.33596870295731
2014-04-12,-57.9617647058824,-61.4735294117647,0.734606924216922,348.265605647389,4.96130566771437,66.6130743362869,-57.9391505155601,-61.4613211630531,0.15103241603183,-1.64618652069617,0.126221425077211,0.110567612757004,33.9237202787206,55.6431530117184,66.7976519008478,16.0220391978933
2014-04-13,-57.9617647058824,-61.4735294117647,0.744728316621083,348.55548356219,4.92621721581715,66.6130743362869,-57.9391505155601,-61.4613211630531,0.117400277390895,-1.6520233403655,0.160383210194457,0.0839114859901298,33.9309874880813,58.9793903322516,66.7976519008478,12.4289242271711
2014-04-14,-57.9617647058824,-61.4735294117647,0.76106125080004,348.891446741616,5.92203355126265,66.6130743362869,-57.9391505155601,-61.4613211630531,0.0736513147168314,-1.66039924904724,0.130156294783318,0.112416020816999,33.9378818712736,61.4591738254274,66.7976519008478,17.3904107387737
2014-04-15,-57.9617647058824,-61.4735294117647,0.781455076685766,349.306033622928,5.37492129279346,66.6130743362869,-57.9391505155601,-61.4613211630531,0.0385651602918803,-1.64559550935279,0.0998906645667456,0.0311091105062791,33.94321130194,62.2651756701038,66.7976519008478,4.76367504082914
2014-04-16,-57.9617647058824,-61.4735294117647,0.7420670059396,348.981441590844,2.24938765531633,66.6130743362869,-57.9391505155601,-61.4613211630531,0.00772243833694703,-1.6229257327825,0.0569258751284819,-0.0278315625622285,33.9420292657397,60.874132926004,66.7976519008478,53.7812650568297
2014-04-17,-57.9617647058824,-61.4735294117647,0.695421741866484,348.695555524128,3.19623129833035,66.6130743362869,-57.9391505155601,-61.4613211630531,-0.0194116058519334,-1.6245595663987,0.0984895314000718,0.0232369002010095,33.9417718998012,57.8941507365218,66.7976519008478,7.19259675388725
2014-04-18,-57.9617647058824,-61.4735294117647,0.687577774611915,348.904308412133,3.62314874224546,66.6130743362869,-57.9391505155601,-61.4613211630531,-0.0375932241097475,-1.6396067139269,0.0587685177512417,0.0282269442471576,33.9493397495203,60.2612915154893,66.7976519008478,22.3176739968556
2014-04-19,-57.9617647058824,-61.4735294117647,0.665244775574382,348.975347379359,2.78829764738316,66.6130743362869,-57.9391505155601,-61.4613211630531,-0.0603533599540772,-1.63407137117244,0.0311659466369673,0.0576688626808757,33.9556019843509,61.6317415958152,66.7976519008478,39.7755540004712
2014-04-20,-57.9617647058824,-61.4735294117647,0.658009758082832,349.154882663634,4.31776673910094,66.6130743362869,-57.9391505155601,-61.4613211630531,-0.0719251884662832,-1.62890093867113,0.0696448036714604,0.0268991213900197,33.9615800731417,62.2161650573998,66.7976519008478,16.5722424797207
2014-04-21,-57.9617647058824,-61.4735294117647,0.663204600534788,349.278925081579,4.05247052704416,66.6130743362869,-57.9391505155601,-61.4613211630531,-0.0830275008050215,-1.6213820984489,0.103849421910107,0.0422720484505942,33.9684827755659,63.2027656102148,66.7976519008478,2.0718267350737
2014-04-22,-57.9617647058824,-61.4735294117647,0.661750685877916,349.473697569312,3.19895238265759,66.6130743362869,-57.9391505155601,-61.4613211630531,-0.09442931456886,-1.60940162726903,0.11930801458506,0.0321099199153553,33.9755769696152,64.5485041961979,66.7976519008478,2.46051561195734
2014-04-23,-57.9617647058824,-61.4735294117647,0.635368567050957,349.449945961557,2.21325450554127,66.6130743362869,-57.9391505155601,-61.4613211630531,-0.105405104667069,-1.60146351912726,0.148748286269535,0.00637799778427833,33.9796770072659,64.7799670454944,66.7976519008478,15.5175335916145
2014-04-24,-57.9617647058824,-61.4735294117647,0.610874604524636,349.541046514744,2.45418988640715,66.6130743362869,-57.9391505155601,-61.4613211630531,-0.114072855466451,-1.60032350508629,0.163530611477078,0.0163778549113013,33.9801239240186,64.415680759188,66.7976519008478,16.5272331149783
2014-04-25,-57.9617647058824,-61.4735294117647,0.602378624241527,349.791496462938,2.56656679438382,66.6130743362869,-57.9391505155601,-61.4613211630531,-0.117675769636747,-1.60375920111029,0.151186471671751,0.0573896246681973,33.9801980866755,65.2591612618944,66.7976519008478,4.82075745066971
2014-04-26,-57.9617647058824,-61.4735294117647,0.581153743877644,349.889761203673,1.37987621673724,66.6130743362869,-57.9391505155601,-61.4613211630531,-0.118667188594457,-1.6092533595488,0.157797579798098,0.0147032494054713,33.9771544627654,64.4996992309406,66.7976519008478,14.861314906031
2014-04-27,-57.9617647058824,-61.4735294117647,0.562705070870679,350.044213271723,2.3129828790339,66.6130743362869,-57.9391505155601,-61.4613211630531,-0.127870681968376,-1.60369166028001,0.135278132209974,0.0617907148975673,33.9743764673972,64.6242855975502,66.7976519008478,1.40552045417713
2014-04-28,-57.9617647058824,-61.4735294117647,0.569020473738996,350.506546020508,2.82307923712382,66.6130743362869,-57.9391505155601,-61.4613211630531,-0.150975788210729,-1.60185931359547,0.115209226490233,0.104133601950208,33.9725354409572,66.0169758584335,66.7976519008478,12.5603743696083
2014-04-29,-57.9617647058824,-61.4735294117647,0.564594961884545,350.817529817907,1.906442972945,66.6130743362869,-57.9391505155601,-61.4613211630531,-0.197303626620979,-1.60027449205015,0.106261248952947,0.0281552811896029,33.9662690773988,65.0223442082785,66.7976519008478,4.39467301905105
2014-04-30,-57.9617647058824,-61.4735294117647,0.55276591857759,350.995955676567,2.24826169304731,66.6130743362869,-57.9391505155601,-61.4613211630531,-0.209582199381511,-1.5986645459807,0.127302957967668,0.0605592661852698,33.9596443536632,62.2472600705228,66.7976519008478,0.443405282068219
2014-05-01,-57.9617647058824,-61.4735294117647,0.522155657774065,350.556939846132,1.51716397593661,66.6130743362869,-57.9391505155601,-61.4613211630531,-0.206277798061911,-1.59071243887166,0.124036942542042,-0.0286017330451372,33.9466708668491,56.9435875824428,66.7976519008478,34.4099250562095
2014-05-02,-57.9617647058824,-61.4735294117647,0.502994683821027,350.449347891459,2.34958653479088,66.6130743362869,-57.9391505155601,-61.4613211630531,-0.20296153592074,-1.58720383856461,0.200462538537829,0.071346591524629,33.9370046144555,55.6771311727774,66.7976519008478,33.5938603732206
2014-05-03,-57.9617647058824,-61.4735294117647,0.506179271674738,350.708511724705,2.26610849979447,66.6130743362869,-57.9391505155601,-61.4613211630531,-0.204868263531069,-1.58100458645788,0.161622071957942,0.0269065346774946,33.9319162355904,55.4121019631101,66.7976519008478,12.2848017720298
2014-05-04,-57.9617647058824,-61.4735294117647,0.490273138008467,350.55497592833,1.32784994491717,66.6130743362869,-57.9391505155601,-61.4613211630531,-0.192314900749447,-1.57793790962693,0.14062978598753,-0.0244815282664399,33.9205573078109,52.5202568095384,66.7976519008478,33.0781580941506
2014-05-05,-57.9617647058824,-61.4735294117647,0.481300582609526,350.598728831221,2.25858679050353,66.6130743362869,-57.9391505155601,-61.4613211630531,-0.218032490074956,-1.58956788956878,0.135395099467996,0.0682790900471239,33.8985786798351,41.1242083396345,66.7976519008478,2.12148984347833
2014-05-06,-57.9617647058824,-61.4735294117647,0.490220166197637,350.896254004502,2.0980786230506,66.6130743362869,-57.9391505155601,-61.4613211630531,-0.228153268556524,-1.5956991880368,0.113032981014324,0.0593426444501127,33.8901789223778,41.9392708161904,66.7976519008478,0.392098456218347
2014-05-07,-57.9617647058824,-61.4735294117647,0.493480883720444,351.177973677472,2.08827420996457,66.6130743362869,-57.9391505155601,-61.4613211630531,-0.236015429431208,-1.60275097993704,0.13003191429815,0.105673942770231,33.8904158403034,47.413039659199,66.7976519008478,13.6853456916707
2014-05-08,-57.9617647058824,-61.4735294117647,0.493981086626285,351.321828330435,1.88436054456525,66.6130743362869,-57.9391505155601,-61.4613211630531,-0.267530299813641,-1.59669711377457,0.118381339463427,0.0405274273151489,33.8880723806528,49.8543145441012,66.7976519008478,0.962756896401969
2014-05-09,-57.9617647058824,-61.4735294117647,0.470482298877181,351.080671729111,0.745435413790912,66.6130743362869,-57.9391505155601,-61.4613211630531,-0.271588891432916,-1.58888214898978,0.168308961498029,0.00729231753068575,33.8752656079497,46.6583140330759,66.7976519008478,22.5630297467682
2014-05-10,-57.9617647058824,-61.4735294117647,0.460623540165948,351.233388389029,1.87787713074103,66.6130743362869,-57.9391505155601,-61.4613211630531,-0.283712276110524,-1.59469055212461,0.148765583762675,0.0746719146175021,33.864341107779,43.4242167221872,66.7976519008478,6.13443493716352
2014-05-11,-57.9617647058824,-61.4735294117647,0.465943800603471,351.56530910585,1.28398453898546,66.6130743362869,-57.9391505155601,-61.4613211630531,-0.299383221789893,-1.60385887117682,0.13873772049642,0.058797347516465,33.8588407210171,42.3898409741771,66.7976519008478,1.80352251843877
2014-05-12,-57.9617647058824,-61.4735294117647,0.442887190275076,351.449073233256,0.538770741805798,66.6130743362869,-57.9391505155601,-61.4613211630531,-0.306787729323634,-1.60662983898853,0.120419201605756,-0.01126343058108,33.8444832507094,39.0896408953647,66.7976519008478,21.4741860366005
2014-05-13,-57.9617647058824,-61.4735294117647,0.428742626818215,351.463774890434,1.51876305080042,66.6130743362869,-57.9391505155601,-61.4613211630531,-0.340564182201619,-1.61608892703346,0.128185153027617,0.0385892343595523,33.830119700567,39.013447545318,66.7976519008478,1.54111856555143
2014-05-14,-57.9617647058824,-61.4735294117647,0.429988849090367,351.673291834389,1.35019101020766,66.6130743362869,-57.9391505155601,-61.4613211630531,-0.395149563055852,-1.60695067478417,0.0695962045397031,0.0889460104347965,33.8286637783694,41.4670781522949,66.7976519008478,18.8622696136802
2014-05-15,-57.9617647058824,-61.4735294117647,0.429985457077259,351.91512168326,1.37231368117216,66.6130743362869,-57.9391505155601,-61.4613211630531,-0.469822301344592,-1.59730789487661,0.0946930449973797,0.104374126112654,33.8296501324405,44.1711170850334,66.7976519008478,15.8280860906183
2014-05-16,-57.9617647058824,-61.4735294117647,0.432456570791035,352.136713539682,1.3602471533345,66.6130743362869,-57.9391505155601,-61.4613211630531,-0.538396280545455,-1.59811101686938,0.117733901756214,0.0697090531047057,33.8280521449451,45.2926002970913,66.7976519008478,1.22433306342147
2014-05-17,-57.9617647058824,-61.4735294117647,0.42637289915143,352.358801864996,0.727443900777072,66.6130743362869,-57.9391505155601,-61.4613211630531,-0.574916679990276,-1.59903974571691,0.15899690391443,0.0610403137661104,33.8228792558637,44.2063307704231,66.7976519008478,7.71918542862869
2014-05-18,-57.9617647058824,-61.4735294117647,0.417690075752212,352.747436151272,0.843850550128192,66.6130743362869,-57.9391505155601,-61.4613211630531,-0.588968538542186,-1.60033668455003,0.145162670100145,0.100382420300995,33.8198026639086,43.9310052243643,66.7976519008478,13.7236963974868
2014-05-19,-57.9617647058824,-61.4735294117647,0.413770432879285,353.144551719107,0.7572087165786,66.6130743362869,-57.9391505155601,-61.4613211630531,-0.605540954692644,-1.60354380375943,0.140739339616215,0.0851256368171509,33.8172799804111,43.970337506087,66.7976519008478,6.85023930280919
2014-05-20,-57.9617647058824,-61.4735294117647,0.405511958206572,353.467241612876,0.617634721282052,66.6130743362869,-57.9391505155601,-61.4613211630531,-0.618451150262404,-1.60911209203615,0.171439889169898,0.0707996473691644,33.8120473431833,42.7738964245548,66.7976519008478,14.4461085261142
2014-05-21,-57.9617647058824,-61.4735294117647,0.395642422684809,353.758344696789,0.709128594980007,66.6130743362869,-57.9391505155601,-61.4613211630531,-0.643712073644968,-1.62464276016482,0.140182510375293,0.120541110850981,33.8124755725526,44.8817742459687,66.7976519008478,23.9363702800035
2014-05-22,-57.9617647058824,-61.4735294117647,0.388913165505339,353.922763359256,0.646766856312752,66.6130743362869,-57.9391505155601,-61.4613211630531,-0.702274992760376,-1.61401317621532,0.0955595896452384,0.0741439154484735,33.8149836922464,47.0337204424798,66.7976519008478,5.03319369447484
2014-05-23,-57.9617647058824,-61.4735294117647,0.385846340801658,354.01760008277,0.983480600322165,66.6130743362869,-57.9391505155601,-61.4613211630531,-0.765621039749961,-1.60412122331328,0.0628269441455965,0.0562257203003253,33.814225792724,47.1123848141607,66.7976519008478,16.5306298306747
2014-05-24,-57.9617647058824,-61.4735294117647,0.386221156978026,354.079116449123,0.924986313029033,66.6130743362869,-57.9391505155601,-61.4613211630531,-0.838026264378256,-1.59968553670505,0.0961856104322934,0.0804173018476661,33.8182022156503,49.2406495219139,66.7976519008478,6.32377226814713
2014-05-25,-57.9617647058824,-61.4735294117647,0.37204247713089,353.859429708341,0.249248306017096,66.6130743362869,-57.9391505155601,-61.4613211630531,-0.894325624231385,-1.58955636182134,0.122244546066733,-0.0314377714023899,33.8067855989402,46.2977342669941,66.7976519008478,36.7494067910951
2014-05-26,-57.9617647058824,-61.4735294117647,0.351585732727516,353.821178529321,0.2671429447648,66.6130743362869,-57.9391505155601,-61.4613211630531,-0.894444238399526,-1.59252130776121,0.115062605649957,-0.00572808944543524,33.7907664290002,44.3076471941352,66.7976519008478,18.1364930726311
2014-05-27,-57.9617647058824,-61.4735294117647,0.339032422842049,353.938994616997,0.320111506414123,66.6130743362869,-57.9391505155601,-61.4613211630531,-0.905315254180216,-1.58220349809258,0.142746723997287,0.0214766286484465,33.7794321397377,42.4485304082132,66.7976519008478,7.89843132869758
2014-05-28,-57.9617647058824,-61.4735294117647,0.328826437272677,354.110851753049,0.273191433672498,66.6130743362869,-57.9391505155601,-61.4613211630531,-0.970688619071495,-1.58529488840888,0.098594966396066,0.0239181096757311,33.7678756662387,37.6860364792961,66.7976519008478,6.96057413023701
2014-05-29,-57.9617647058824,-61.4735294117647,0.318374886018474,354.162298062953,0.320038016249494,66.6130743362869,-57.9391505155601,-61.4613211630531,-0.930513904604674,-1.5746294707261,0.133430547610066,0.0104133601673702,33.7523529165991,32.1144519437823,66.7976519008478,10.4806846690622
2014-05-30,-57.9617647058824,-61.4735294117647,0.313945520941804,354.200182286704,0.582044959431741,66.6130743362869,-57.9391505155601,-61.4613211630531,-0.965323292452958,-1.57233337577377,0.0916683767820418,0.0792047986446524,33.7506602206211,34.9830271995019,66.7976519008478,7.20510194585295
2014-05-31,-57.9617647058824,-61.4735294117647,0.313258252311044,354.224817415563,0.539413498669136,66.6130743362869,-57.9391505155601,-61.4613211630531,-0.981757323952661,-1.56668971810746,0.0890152022775449,0.0497604090061828,33.7590661248376,43.4318359429054,66.7976519008478,4.99313988521066
2014-06-01,-57.9617647058824,-61.4735294117647,0.310420246931111,354.130601092083,0.397205489074312,66.6130743362869,-57.9391505155601,-61.4613211630531,-1.02836884946315,-1.56350030863655,0.110285079345489,0.0490289532130788,33.7568421460356,43.6091399019064,66.7976519008478,0.638175994285555
2014-06-02,-57.9617647058824,-61.4735294117647,0.305245978258005,354.17958627096,0.409499492587113,66.6130743362869,-57.9391505155601,-61.4613211630531,-1.03220602640739,-1.565807108937,0.0601655321947315,0.047958128445866,33.7573404865548,46.3578651662458,66.7976519008478,18.2756391104492
2014-06-03,-57.9617647058824,-61.4735294117647,0.300621294938936,354.332584660228,0.343203048153621,66.6130743362869,-57.9391505155601,-61.4613211630531,-1.06461544566148,-1.56818969449212,0.103283532180003,0.0769552428390977,33.7575669642563,48.1253440409054,66.7976519008478,4.01932086826622
2014-06-04,-57.9617647058824,-61.4735294117647,0.298839528204464,354.355729265911,0.492183988050717,66.6130743362869,-57.9391505155601,-61.4613211630531,-1.08601151835098,-1.57544535776542,0.114367393457536,0.0407061726508433,33.7534545764589,46.9958296221117,66.7976519008478,1.09562743598584
2014-06-05,-57.9617647058824,-61.4735294117647,0.298329881778577,354.457251199862,0.35798103253289,66.6130743362869,-57.9391505155601,-61.4613211630531,-1.12333651999069,-1.57827398506736,0.150029157468101,0.0514193639842927,33.7430779306512,40.3853390779894,66.7976519008478,4.46197287957188
2014-06-06,-57.9617647058824,-61.4735294117647,0.293346177150563,354.739754281393,0.18585590291314,66.6130743362869,-57.9391505155601,-61.4613211630531,-1.14368285140206,-1.57454257021066,0.125742848580464,0.0241833445433824,33.7351888226755,37.1971636770869,66.7976519008478,4.67499544620301
2014-06-07,-57.9617647058824,-61.4735294117647,0.286644970680155,354.883303014243,0.214193424618826,66.6130743362869,-57.9391505155601,-61.4613211630531,-1.14094285841895,-1.5755808604391,0.113705129406632,0.0605650321453528,33.7321595463515,39.1038499528419,66.7976519008478,0.415022414272943
2014-06-08,-57.9617647058824,-61.4735294117647,0.281092123469202,354.892184001643,0.299069014082595,66.6130743362869,-57.9391505155601,-61.4613211630531,-1.13986148979822,-1.57412206643989,0.0948174258143554,0.062618544785238,33.7379254998788,43.7077794235888,66.7976519008478,3.59330360900607
2014-06-09,-57.9617647058824,-61.4735294117647,0.276514657750362,354.67881551603,0.327455519539554,66.6130743362869,-57.9391505155601,-61.4613211630531,-1.15010582399272,-1.57095366129187,0.135264129356535,0.029846360748596,33.7446840263089,46.6908505899221,66.7976519008478,4.10365274682466
2014-06-10,-57.9617647058824,-61.4735294117647,0.272265365029254,354.453405240687,0.253620559485947,66.6130743362869,-57.9391505155601,-61.4613211630531,-1.16924821799583,-1.5753691634025,0.143258248851729,0.0387877487450557,33.7451761737365,46.8312934188225,66.7976519008478,3.83582047938511
2014-06-11,-57.9617647058824,-61.4735294117647,0.262594084187252,354.200431637648,0.0815257956160278,66.6130743362869,-57.9391505155601,-61.4613211630531,-1.17942731675671,-1.58093498271165,0.0952630533702299,0.00731208642464579,33.7430819100857,47.3949180080501,66.7976519008478,14.1583137187215
2014-06-12,-57.9617647058824,-61.4735294117647,0.252965614563081,354.216107624333,0.1177402849241,66.6130743362869,-57.9391505155601,-61.4613211630531,-1.18689607315057,-1.592555903391,0.10517230255381,0.0487793689385036,33.7398674175968,47.187548612937,66.7976519008478,1.29393885865307
2014-06-13,-57.9617647058824,-61.4735294117647,0.247339685697381,354.257006017173,0.16062624080152,66.6130743362869,-57.9391505155601,-61.4613211630531,-1.20163688325045,-1.5905213383367,0.111954742477008,0.0566079225014096,33.740899146488,47.5361844666413,66.7976519008478,0.374898528172859
2014-06-14,-57.9617647058824,-61.4735294117647,0.243311865118946,354.211954256383,0.219416133332543,66.6130743362869,-57.9391505155601,-61.4613211630531,-1.22699171127739,-1.59150978894691,0.109644231842718,0.0523905197105668,33.7476474437636,49.3143715195649,66.7976519008478,0.584633131020547
2014-06-15,-57.9617647058824,-61.4735294117647,0.239574106728158,354.066149083579,0.22822053258012,66.6130743362869,-57.9391505155601,-61.4613211630531,-1.25560448285539,-1.58445511366192,0.144063839138399,0.0162888940539357,33.7546839591784,50.4813647752831,66.7976519008478,10.0387228483511
2014-06-16,-57.9617647058824,-61.4735294117647,0.232314977704025,353.945744956412,0.0736484931918179,66.6130743362869,-57.9391505155601,-61.4613211630531,-1.28035832794733,-1.57739384647323,0.18595121362009,0.00543237707292342,33.7444885089169,46.9480543226687,66.7976519008478,33.4815154769894
2014-06-17,-57.9617647058824,-61.4735294117647,0.226873449436048,354.47629602944,0.172431292330346,66.6130743362869,-57.9391505155601,-61.4613211630531,-1.29884438954706,-1.57419290491122,0.180153108816518,0.105485312439572,33.7402217828954,45.6047868715768,66.7976519008478,31.0306715614191
2014-06-18,-57.9617647058824,-61.4735294117647,0.225044383690125,355.238509015339,0.151804352406322,66.6130743362869,-57.9391505155601,-61.4613211630531,-1.31387383180109,-1.57185438802207,0.15904715012221,0.124440560783492,33.7470134112195,48.832294425501,66.7976519008478,32.1280754419336
2014-06-19,-57.9617647058824,-61.4735294117647,0.221913371871157,355.745563041873,0.105826884462703,66.6130743362869,-57.9391505155601,-61.4613211630531,-1.32584499194715,-1.57102943834184,0.177848364247886,0.0666885032807445,33.7471224827322,48.2769069761722,66.7976519008478,17.3342193784253
2014-06-20,-57.9617647058824,-61.4735294117647,0.216845321219142,356.104478417373,0.102215582414008,66.6130743362869,-57.9391505155601,-61.4613211630531,-1.32095214804979,-1.56623379453795,0.220437540940428,0.0749717457282801,33.7427774189937,45.9841060329545,66.7976519008478,52.2875108281759
2014-06-21,-57.9617647058824,-61.4735294117647,0.206660838752258,355.197087357684,0.179694751141275,66.6130743362869,-57.9391505155601,-61.4613211630531,-1.30912925365322,-1.5723704439104,0.219504276564528,0.160309899985468,33.7600794700798,53.2548013949684,66.7976519008478,105.435498241444
2014-06-22,-57.9617647058824,-61.4735294117647,0.198711687835251,355.231095104683,0.0679340134942677,66.6130743362869,-57.9391505155601,-61.4613211630531,-1.33082284509894,-1.59068854859001,0.204632165662029,0.164560250942966,33.7816585381182,57.388185676132,66.7976519008478,96.3838663191166
2014-06-23,-57.9617647058824,-61.4735294117647,0.192167406947148,355.90046059213,0.0412434492169357,66.6130743362869,-57.9391505155601,-61.4613211630531,-1.34775209177522,-1.59101185464022,0.22461046362434,0.0824757568367258,33.7785448854269,52.2941479148813,66.7976519008478,58.3884493633416
2014-06-24,-57.9617647058824,-61.4735294117647,0.189345524623627,356.579420136242,0.1350750168104,66.6130743362869,-57.9391505155601,-61.4613211630531,-1.36352682644539,-1.58506795751904,0.180196765709704,0.0597075486804551,33.7728200853273,47.9735751686148,66.7976519008478,18.0902737826917
2014-06-25,-57.9617647058824,-61.4735294117647,0.188525995285046,356.91795274688,0.129299255496845,66.6130743362869,-57.9391505155601,-61.4613211630531,-1.39362524596625,-1.57544989013157,0.146308452137287,0.0413832635632572,33.7698135736339,48.2769069851812,66.7976519008478,4.2146383760799
2014-06-26,-57.9617647058824,-61.4735294117647,0.186696024202719,357.282445768031,0.133915928987468,66.6130743362869,-57.9391505155601,-61.4613211630531,-1.40689918917683,-1.57751246148597,0.185311190266157,0.068155533293521,33.7671983438304,47.3644405331528,66.7976519008478,22.1008941204694
2014-06-27,-57.9617647058824,-61.4735294117647,0.186440328272378,357.467750735399,0.239142324593736,66.6130743362869,-57.9391505155601,-61.4613211630531,-1.43087314569998,-1.58345759719329,0.14029288768527,0.0736579255938691,33.7730734049067,52.2126005085213,66.7976519008478,3.87922473774276
2014-06-28,-57.9617647058824,-61.4735294117647,0.185943889000067,357.39449328911,0.210199061690307,66.6130743362869,-57.9391505155601,-61.4613211630531,-1.4470827977667,-1.58485502623997,0.181589661631105,0.0333726694116145,33.7722889157603,50.8493578894097,66.7976519008478,20.9704171754013
2014-06-29,-57.9617647058824,-61.4735294117647,0.184536470690878,357.559077193097,0.142739550006099,66.6130743362869,-57.9391505155601,-61.4613211630531,-1.46503015262717,-1.5973816173762,0.156135330446738,0.0944994729912152,33.7728820368346,51.7204327306606,66.7976519008478,14.514957655292
2014-06-30,-57.9617647058824,-61.4735294117647,0.182072584767167,357.58136246844,0.0792783661404761,66.6130743362869,-57.9391505155601,-61.4613211630531,-1.48048363716496,-1.58774130868847,0.145330707106473,0.0356840040489488,33.7752398955516,52.7964060483513,66.7976519008478,4.86198930000322
2014-07-01,-57.9617647058824,-61.4735294117647,0.176910223575627,357.245449159204,0.0635610262113737,66.6130743362869,-57.9391505155601,-61.4613211630531,-1.46461302452242,-1.58364334585856,0.198240165516996,0.00700319487998682,33.7671469663962,47.5705744682858,66.7976519008478,41.5505214589664
2014-07-02,-57.9617647058824,-61.4735294117647,0.173539491870054,357.340645394674,0.139856519450138,66.6130743362869,-57.9391505155601,-61.4613211630531,-1.46780869417023,-1.58916921380721,0.200729420667517,0.0612693055760362,33.763341437789,45.6414420955416,66.7976519008478,32.5952237200212
2014-07-03,-57.9617647058824,-61.4735294117647,0.170138076674647,357.373853729992,0.0885042109549409,66.6130743362869,-57.9391505155601,-61.4613211630531,-1.4569426254544,-1.59641499220118,0.226699395650714,0.0491549811915428,33.7634835391231,49.0738479019659,66.7976519008478,56.7428740799036
2014-07-04,-57.9617647058824,-61.4735294117647,0.167973407703202,357.64817772842,0.173540686052747,66.6130743362869,-57.9391505155601,-61.4613211630531,-1.46199461129995,-1.6087891991161,0.193422276707675,0.0986180304425207,33.763364125199,49.7793567595694,66.7976519008478,36.572808823666
2014-07-05,-57.9617647058824,-61.4735294117647,0.166415829665777,357.951130192454,0.0779693859470327,66.6130743362869,-57.9391505155601,-61.4613211630531,-1.48283912504894,-1.60924306234367,0.191420657713564,0.0568245587651788,33.7642969705476,50.9004280576822,66.7976519008478,25.3285624324515
2014-07-06,-57.9617647058824,-61.4735294117647,0.165714551399394,358.122360229492,0.235635300416772,66.6130743362869,-57.9391505155601,-61.4613211630531,-1.48380978298895,-1.6144530366146,0.199736025013462,0.0872516358942397,33.7624477381327,50.6706125527097,66.7976519008478,36.9947146337408
2014-07-07,-57.9617647058824,-61.4735294117647,0.167446850094853,358.259894766459,0.213739854351776,66.6130743362869,-57.9391505155601,-61.4613211630531,-1.50413140578148,-1.61399999546458,0.187859753335294,0.0835803537987746,33.7678820498077,52.8132921687344,66.7976519008478,27.1216282510645
2014-07-08,-57.9617647058824,-61.4735294117647,0.168378638603338,358.369460315239,0.184652583809887,66.6130743362869,-57.9391505155601,-61.4613211630531,-1.52523687140018,-1.61856294418314,0.0934508881920021,0.130319389455553,33.7836065253748,55.5119768907184,66.7976519008478,32.5188415213921
2014-07-09,-57.9617647058824,-61.4735294117647,0.167470914743296,358.543579845894,0.0857183176842405,66.6130743362869,-57.9391505155601,-61.4613211630531,-1.5506292610516,-1.62251264363648,0.167457244299885,0.119255297378651,33.7942036256777,55.8501105469409,66.7976519008478,32.2369960182077
2014-07-10,-57.9617647058824,-61.4735294117647,0.165513371912445,358.464861986114,0.178583232549632,66.6130743362869,-57.9391505155601,-61.4613211630531,-1.56626264302515,-1.62835399116743,0.171113699176895,0.176666338358693,33.8014688530432,56.6602307575756,66.7976519008478,87.8164352827896
2014-07-11,-57.9617647058824,-61.4735294117647,0.165960461264703,358.576545901415,0.191677131394788,66.6130743362869,-57.9391505155601,-61.4613211630531,-1.57952472780719,-1.62569340118352,0.166981962995853,0.114794075941509,33.8168620007884,58.0475669248223,66.7976519008478,29.2144003227391
2014-07-12,-57.9617647058824,-61.4735294117647,0.164797868125322,358.735734148723,0.0704156916770266,66.6130743362869,-57.9391505155601,-61.4613211630531,-1.6014427014208,-1.62159626236168,0.228077465142959,0.0538048323610855,33.8120330522257,52.774371831845,66.7976519008478,58.0889255969494
2014-07-13,-57.9617647058824,-61.4735294117647,0.16128024804156,358.962847081626,0.0877149952234837,66.6130743362869,-57.9391505155601,-61.4613211630531,-1.59737818194465,-1.61867044087846,0.24919001325241,0.0817797206814794,33.8063349807472,49.2532110484505,66.7976519008478,86.8561807740367
2014-07-14,-57.9617647058824,-61.4735294117647,0.161060909127317,359.414771103277,0.224295966667918,66.6130743362869,-57.9391505155601,-61.4613211630531,-1.59299636603045,-1.6171300982335,0.21734779982673,0.0989401014861066,33.8084518545874,52.0052311391483,66.7976519008478,57.0749550973882
2014-07-15,-57.9617647058824,-61.4735294117647,0.164148609085781,359.928987828697,0.275970879942179,66.6130743362869,-57.9391505155601,-61.4613211630531,-1.60066380031035,-1.60774596837851,0.195375296700741,0.134054097292917,33.8189212886589,56.9695344144999,66.7976519008478,60.0133729705098
2014-07-16,-57.9617647058824,-61.4735294117647,0.166257903706737,360.162082206912,0.216307953908676,66.6130743362869,-57.9391505155601,-61.4613211630531,-1.60455237564288,-1.60381151017872,0.189984104873841,0.120637485146643,33.838723541754,60.8337708767931,66.7976519008478,46.3067476454987
2014-07-17,-57.9617647058824,-61.4735294117647,0.166716281415486,360.06875908084,0.209182981719694,66.6130743362869,-57.9391505155601,-61.4613211630531,-1.61734099314119,-1.60174522837486,0.181081431667734,0.128935554008252,33.8470821766718,61.4305499021502,66.7976519008478,46.3500213405217
2014-07-18,-57.9617647058824,-61.4735294117647,0.167846487244455,359.972686767578,0.203339295325483,66.6130743362869,-57.9391505155601,-61.4613211630531,-1.62265788157459,-1.59274823865105,0.160197875056511,0.0668606589951737,33.8570698777995,62.197013534515,66.7976519008478,8.7545771211974
2014-07-19,-57.9617647058824,-61.4735294117647,0.167631621767835,359.857555854611,0.118251231158289,66.6130743362869,-57.9391505155601,-61.4613211630531,-1.63985796648803,-1.58948963824232,0.169380610348725,0.039932707699164,33.8502165244819,55.7576488721387,66.7976519008478,13.0761398803313
2014-07-20,-57.9617647058824,-61.4735294117647,0.168069135670255,359.720979271865,0.219464691673837,66.6130743362869,-57.9391505155601,-61.4613211630531,-1.65832821286803,-1.57723528331751,0.158312399578802,0.0806570022785471,33.846588047249,53.6958990740551,66.7976519008478,10.7084941682314
2014-07-21,-57.9617647058824,-61.4735294117647,0.169870605737698,359.562644028082,0.180892957238162,66.6130743362869,-57.9391505155601,-61.4613211630531,-1.65715393154566,-1.56698501705319,0.155945053070221,0.0663450154577672,33.8486617753702,56.3336292207643,66.7976519008478,7.08432523478396
2014-07-22,-57.9617647058824,-61.4735294117647,0.169988279299038,359.374828431664,0.18966710767368,66.6130743362869,-57.9391505155601,-61.4613211630531,-1.65806429725588,-1.57370938736739,0.158929359399074,0.0455841921249784,33.8509557417691,58.1048148292922,66.7976519008478,7.84132102838969
2014-07-23,-57.9617647058824,-61.4735294117647,0.171283912367937,359.17388208901,0.2611139288581,66.6130743362869,-57.9391505155601,-61.4613211630531,-1.66390803580986,-1.57538193102308,0.171548619077072,0.0611828157826554,33.8518885098971,58.078662031897,66.7976519008478,13.3747087848456
2014-07-24,-57.9617647058824,-61.4735294117647,0.173591103677343,359.062672312667,0.261342576000749,66.6130743362869,-57.9391505155601,-61.4613211630531,-1.66355416938844,-1.58147574918955,0.0963215228677922,0.0834403230121181,33.8601214760228,60.6622329549751,66.7976519008478,7.12718794808319
2014-07-25,-57.9617647058824,-61.4735294117647,0.175194656158366,358.633277706984,0.308699093577338,66.6130743362869,-57.9391505155601,-61.4613211630531,-1.6610306491736,-1.59138540989957,0.117588105004447,0.0959648556414082,33.8752902207265,64.0596310477829,66.7976519008478,8.72827109562251
2014-07-26,-57.9617647058824,-61.4735294117647,0.177764774822607,358.200609160633,0.386599201799893,66.6130743362869,-57.9391505155601,-61.4613211630531,-1.66216934644259,-1.59262179829653,0.166181315038248,0.114366569786299,33.8861034357274,65.4797095570326,66.7976519008478,28.585964316684
2014-07-27,-57.9617647058824,-61.4735294117647,0.178865775284244,357.608974549829,0.327318115932185,66.6130743362869,-57.9391505155601,-61.4613211630531,-1.66288597413242,-1.59548419931157,0.161690440416014,0.147467414367135,33.8974089114129,66.8151519108719,66.7976519008478,51.9963216685629
2014-07-28,-57.9617647058824,-61.4735294117647,0.179904915937563,357.558528621022,0.281515203961512,66.6130743362869,-57.9391505155601,-61.4613211630531,-1.67177414974542,-1.58915356328452,0.198759103035517,0.103247288805552,33.9021329532268,66.6143721517442,66.7976519008478,42.7780865514851
2014-07-29,-57.9617647058824,-61.4735294117647,0.182215992452168,357.759534138005,0.304243938679375,66.6130743362869,-57.9391505155601,-61.4613211630531,-1.68931327432434,-1.57755076257806,0.195787152011506,0.0422259203023837,33.9004937608232,64.4428628028324,66.7976519008478,29.2225771948987
2014-07-30,-57.9617647058824,-61.4735294117647,0.184040024876595,358.063116678377,0.223005688135944,66.6130743362869,-57.9391505155601,-61.4613211630531,-1.70600924639888,-1.57326293168602,0.191709780771481,0.0822319384367682,33.8976107917817,60.7211284032557,66.7976519008478,29.4109794258241
2014-07-31,-57.9617647058824,-61.4735294117647,0.184176004151019,358.312342946122,0.166621592804426,66.6130743362869,-57.9391505155601,-61.4613211630531,-1.71498836019905,-1.58238059499486,0.127388623833415,0.0332136932514135,33.8973286586252,57.8082785883091,66.7976519008478,2.46891114426588
2014-08-01,-57.9617647058824,-61.4735294117647,0.181745208618118,358.166899518269,0.13563831672981,66.6130743362869,-57.9391505155601,-61.4613211630531,-1.72039223730805,-1.59457687987329,0.121803860488007,0.0240243684485374,33.8950449368249,54.6466680519011,66.7976519008478,4.58584999451652
2014-08-02,-57.9617647058824,-61.4735294117647,0.184045993336817,358.300654341535,0.440701208645251,66.6130743362869,-57.9391505155601,-61.4613211630531,-1.73710007030472,-1.60812981682107,0.174343471916822,0.081656987684579,33.8933460426073,52.9269643544186,66.7976519008478,18.3572963557592
2014-08-03,-57.9617647058824,-61.4735294117647,0.189663862128083,358.431213751072,0.393873720997717,66.6130743362869,-57.9391505155601,-61.4613211630531,-1.73724339590703,-1.62155590012328,0.108860058486261,0.0495866060447999,33.899457985573,58.6309605056619,66.7976519008478,0.763259244578176
2014-08-04,-57.9617647058824,-61.4735294117647,0.188699440621748,357.66309859113,0.343334122674494,66.6130743362869,-57.9391505155601,-61.4613211630531,-1.72130556820858,-1.62936839288385,0.084493850256026,0.0375390021173175,33.9182942399451,66.2076648346647,66.7976519008478,7.80764349206228
2014-08-05,-57.9617647058824,-61.4735294117647,0.187691031251012,356.857696905369,0.282308068035579,66.6130743362869,-57.9391505155601,-61.4613211630531,-1.71271392819692,-1.63205451505226,0.135479118353241,-0.000935736128635574,33.9335986663777,69.3048200774611,66.7976519008478,16.3923144195028
2014-08-06,-57.9617647058824,-61.4735294117647,0.185598974002571,356.282085883908,0.158668764753313,66.6130743362869,-57.9391505155601,-61.4613211630531,-1.71731517897283,-1.62671027701554,0.178437318039528,0.00454523972915573,33.934982464542,68.1324728593813,66.7976519008478,29.2674971091111
2014-08-07,-57.9617647058824,-61.4735294117647,0.184824486331242,356.22484383932,0.22746547138909,66.6130743362869,-57.9391505155601,-61.4613211630531,-1.72968864440918,-1.61191518055765,0.183717308422694,0.0377548146143294,33.9290043757512,62.8481576021223,66.7976519008478,21.477436445776
2014-08-08,-57.9617647058824,-61.4735294117647,0.187155441358322,356.539713789777,0.291159004609032,66.6130743362869,-57.9391505155601,-61.4613211630531,-1.73663846249522,-1.60662571750028,0.18288288894895,0.0230243826151779,33.9229398307852,55.6091750256928,66.7976519008478,24.4695905580785
2014-08-09,-57.9617647058824,-61.4735294117647,0.189112649094768,356.442783634837,0.373844540155515,66.6130743362869,-57.9391505155601,-61.4613211630531,-1.71717383118294,-1.60855526222713,0.191677655607422,0.0123054254674397,33.9145214734612,54.3301570328624,66.7976519008478,34.2848365185938
2014-08-10,-57.9617647058824,-61.4735294117647,0.195425797162986,356.4308479123,0.546638481318951,66.6130743362869,-57.9391505155601,-61.4613211630531,-1.71613298905523,-1.62133761874416,0.107878194616632,0.0773580377662552,33.9178513335152,57.7121106391011,66.7976519008478,3.43554451689079
2014-08-11,-57.9617647058824,-61.4735294117647,0.203347767271647,356.387059281512,0.439897716590544,66.6130743362869,-57.9391505155601,-61.4613211630531,-1.71399793016766,-1.61360461557442,0.106151695676178,0.0676044702288593,33.9293399507057,65.0931834878548,66.7976519008478,1.88867879840324
2014-08-12,-57.9617647058824,-61.4735294117647,0.206579295418611,356.165150712176,0.314453088746565,66.6130743362869,-57.9391505155601,-61.4613211630531,-1.71526611623494,-1.60308870258923,0.126872980899294,0.00566960594210869,33.9337920885176,66.5416802021495,66.7976519008478,12.0272026022133
2014-08-13,-57.9617647058824,-61.4735294117647,0.211833312925769,356.215815474347,0.537293029812778,66.6130743362869,-57.9391505155601,-61.4613211630531,-1.73019473304954,-1.59494549221034,0.138935411301179,0.0524663012047448,33.9326079879534,62.0337128928798,66.7976519008478,1.75405651200707
2014-08-14,-57.9617647058824,-61.4735294117647,0.221709193434657,356.253321205697,0.678594838918709,66.6130743362869,-57.9391505155601,-61.4613211630531,-1.72098827490762,-1.57447996683288,0.120132549848111,0.02557294590552,33.938575760073,65.3258814444909,66.7976519008478,4.11815019237579
2014-08-15,-57.9617647058824,-61.4735294117647,0.22644246460461,355.775879278416,0.577577949478859,66.6130743362869,-57.9391505155601,-61.4613211630531,-1.70107389686883,-1.56577086609546,0.183000679601703,-0.0177015592413232,33.9385200737298,63.4852983485028,66.7976519008478,45.5620615036988
2014-08-16,-57.9617647058824,-61.4735294117647,0.236762101875573,356.036158864091,1.05722938559768,66.6130743362869,-57.9391505155601,-61.4613211630531,-1.70257041682759,-1.57856434414744,0.211529925158913,0.0495338882250503,33.9316461951787,55.2951350424454,66.7976519008478,41.7334288377755
2014-08-17,-57.9617647058824,-61.4735294117647,0.254163673919875,356.67830527701,1.07687552554942,66.6130743362869,-57.9391505155601,-61.4613211630531,-1.70736837177946,-1.59112964998855,0.190110133214277,0.0717535050040395,33.934984292096,60.3834068257156,66.7976519008478,25.9005184865942
2014-08-18,-57.9617647058824,-61.4735294117647,0.265425516519605,356.788680285942,0.75030084663048,66.6130743362869,-57.9391505155601,-61.4613211630531,-1.69924426826871,-1.60167315292616,0.155135344578187,0.0946139691048145,33.9468971746653,66.3102169242787,66.7976519008478,14.207660792166
2014-08-19,-57.9617647058824,-61.4735294117647,0.268233404290385,356.62930260635,0.573244962932133,66.6130743362869,-57.9391505155601,-61.4613211630531,-1.6933155259301,-1.61078216704602,0.190755922563485,0.106608855232657,33.9573212081765,68.6588242642793,66.7976519008478,38.5213846597106
2014-08-20,-57.9617647058824,-61.4735294117647,0.262723139328201,355.436400995022,0.634675356673031,66.6130743362869,-57.9391505155601,-61.4613211630531,-1.66976956598833,-1.61196707762205,0.174315465792672,0.133882765455848,33.973776849497,72.1458012082799,66.7976519008478,46.282129644884
2014-08-21,-57.9617647058824,-61.4735294117647,0.264660387504392,354.71840760766,0.65943461729259,66.6130743362869,-57.9391505155601,-61.4613211630531,-1.65895489449443,-1.60260724313507,0.112204327053226,0.0659718741480558,33.9866742637315,73.3807507745328,66.7976519008478,1.01160353690629
2014-08-22,-57.9617647058824,-61.4735294117647,0.268417219018064,354.520548750715,0.411333933654355,66.6130743362869,-57.9391505155601,-61.4613211630531,-1.65893809024782,-1.60080578645714,0.17826928072653,0.0531516291764181,33.9911780827119,72.7609077870604,66.7976519008478,16.8127213080029
2014-08-23,-57.9617647058824,-61.4735294117647,0.271495108015654,354.567711062548,0.713497437718438,66.6130743362869,-57.9391505155601,-61.4613211630531,-1.65527586914428,-1.61161741232261,0.159147642985208,0.119359908331382,33.9939127367357,73.2067415608086,66.7976519008478,28.7310881860465
2014-08-24,-57.9617647058824,-61.4735294117647,0.277296841871448,354.889306789491,0.720124779132808,66.6130743362869,-57.9391505155601,-61.4613211630531,-1.65922968357037,-1.6124786000181,0.188612625374887,0.105106405652406,33.9947241089444,71.909807828113,66.7976519008478,36.2590595532007
2014-08-25,-57.9617647058824,-61.4735294117647,0.283665093161711,355.214243074743,0.722341585631778,66.6130743362869,-57.9391505155601,-61.4613211630531,-1.6718057818741,-1.59794750612596,0.194778929234516,0.0606325765953534,33.9912871284845,67.0657664516516,66.7976519008478,27.943351810335
2014-08-26,-57.9617647058824,-61.4735294117647,0.293610126870434,355.445881169017,1.10078750387198,66.6130743362869,-57.9391505155601,-61.4613211630531,-1.67385484501418,-1.58496375572987,0.191429718730622,0.0976155733239715,33.99227352374,67.3546831926353,66.7976519008478,34.6959791526046
2014-08-27,-57.9617647058824,-61.4735294117647,0.304866644485695,355.463849323552,0.820822528040991,66.6130743362869,-57.9391505155601,-61.4613211630531,-1.66181152302887,-1.58242095852027,0.109319689549134,0.0446039753162909,34.0020531411113,72.0012398268047,66.7976519008478,1.06932958207336
2014-08-28,-57.9617647058824,-61.4735294117647,0.313277403029,354.966499886862,0.948071484703843,66.6130743362869,-57.9391505155601,-61.4613211630531,-1.65284624836545,-1.58090738857645,0.0825729549896379,0.0144190690486457,34.0126750807048,75.5151929958307,66.7976519008478,15.0549384120408
2014-08-29,-57.9617647058824,-61.4735294117647,0.321894485776017,354.379934543517,0.99518261331974,66.6130743362869,-57.9391505155601,-61.4613211630531,-1.6503938972226,-1.57994487990252,0.111487698186988,0.0439128815303286,34.021482552594,77.7445685326168,66.7976519008478,0.924135662763071
2014-08-30,-57.9617647058824,-61.4735294117647,0.329869136032535,353.883417641244,1.13508994541154,66.6130743362869,-57.9391505155601,-61.4613211630531,-1.6498373949576,-1.58399424604398,0.156753937513963,0.0803967093830167,34.0287805935632,79.2527842901335,66.7976519008478,10.0597737972984
2014-08-31,-57.9617647058824,-61.4735294117647,0.339783608004814,353.625245629287,1.20838529643853,66.6130743362869,-57.9391505155601,-61.4613211630531,-1.65716282703616,-1.59349575876064,0.159362631423874,0.067732969427157,34.0324172252907,77.0590343410991,66.7976519008478,8.53838096009806
2014-09-01,-57.9617647058824,-61.4735294117647,0.352070043726665,353.495750241163,1.20378681226838,66.6130743362869,-57.9391505155601,-61.4613211630531,-1.71170867004214,-1.60065751600201,0.14948715529984,0.024630620034962,34.0107433818452,48.9245502379259,66.7976519008478,8.65449246583237
2014-09-02,-57.9617647058824,-61.4735294117647,0.362503139892729,353.766542016006,0.948603830232126,66.6130743362869,-57.9391505155601,-61.4613211630531,-1.70943423562687,-1.59513535866371,0.169589833314964,-0.0240597878501081,34.0026935881127,19.928258117233,66.7976519008478,42.8299815273969
2014-09-03,-57.9617647058824,-61.4735294117647,0.381678436042332,354.299763004954,2.4190105937603,66.6130743362869,-57.9391505155601,-61.4613211630531,-1.74596649947276,-1.5936971545702,0.163536377608092,0.0567117100543821,33.9766375378237,17.0874831254987,66.7976519008478,9.37987613901037
2014-09-04,-57.9617647058824,-61.4735294117647,0.414580086927588,354.6662567883,2.45131173620864,66.6130743362869,-57.9391505155601,-61.4613211630531,-1.80345991571583,-1.5983984906342,0.128713975717061,0.0232492560236721,33.9435635719866,11.3289157066912,66.7976519008478,5.1664780861326
2014-09-05,-57.9617647058824,-61.4735294117647,0.450148564831513,355.087198769174,2.8955299443588,66.6130743362869,-57.9391505155601,-61.4613211630531,-1.79610285199123,-1.60431067776262,0.163227485977968,0.0460751240723609,33.9387530534052,11.2078301086117,66.7976519008478,9.55290188909076
2014-09-06,-57.9617647058824,-61.4735294117647,0.484168598928103,355.793999648676,3.7385134464357,66.6130743362869,-57.9391505155601,-61.4613211630531,-1.75622763759211,-1.60429955944519,0.178031228427422,0.0712708100807248,33.9603445694031,14.3552320289869,66.7976519008478,18.1136103069589
2014-09-07,-57.9617647058824,-61.4735294117647,0.52392998501295,356.5830424239,3.83434443357514,66.6130743362869,-57.9391505155601,-61.4613211630531,-1.75963583005424,-1.60120528735291,0.15831239965924,0.0430924649904614,33.9545559336138,18.3436431550143,66.7976519008478,7.85235765414508
2014-09-08,-57.9617647058824,-61.4735294117647,0.574633710086346,357.011975172089,4.62580595001942,66.6130743362869,-57.9391505155601,-61.4613211630531,-1.7918060422748,-1.59601466777997,0.125028691019526,0.0230762765223761,33.9280325906319,15.4954544947698,66.7976519008478,4.97784635653985
2014-09-09,-57.9617647058824,-61.4735294117647,0.618161655780746,357.140475017268,3.63592287607309,66.6130743362869,-57.9391505155601,-61.4613211630531,-1.74900698227438,-1.60087003350741,0.113991781078812,-0.0232574929069733,33.9517902935404,19.1739442930852,66.7976519008478,30.2521930485045
2014-09-10,-57.9617647058824,-61.4735294117647,0.662148713338666,357.395636581793,4.1743420595076,66.6130743362869,-57.9391505155601,-61.4613211630531,-1.75232225664553,-1.61189500233422,0.116481037360494,0.0153300939944752,33.9482339557849,20.8020101925622,66.7976519008478,7.65478965041647
2014-09-11,-57.9617647058824,-61.4735294117647,0.715613362992682,357.661248928163,5.24770411049447,66.6130743362869,-57.9391505155601,-61.4613211630531,-1.76390199397418,-1.62018194854983,0.109981129903663,0.0246001426658408,33.9421323603786,19.1963905483766,66.7976519008478,4.9335705452521
2014-09-12,-57.9617647058824,-61.4735294117647,0.712182215074214,356.949652322909,4.83593858742132,66.6130743362869,-57.9391505155601,-61.4613211630531,-1.74482483677214,-1.61835001708686,0.113194428263647,-0.0272244873498133,33.9578137622993,30.6354779540769,66.7976519008478,33.4598662928398
2014-09-13,-57.9617647058824,-61.4735294117647,0.709722062436546,356.478087634575,4.78960508907714,66.6130743362869,-57.9391505155601,-61.4613211630531,-1.75194071436379,-1.60807339173419,0.0954854555035892,-0.00088466597311249,33.9633717092908,36.4628248909707,66.7976519008478,18.287971581484
2014-09-14,-57.9617647058824,-61.4735294117647,0.728493796252623,356.425025009527,3.59237819328541,66.6130743362869,-57.9391505155601,-61.4613211630531,-1.76191520015238,-1.59368191701681,0.145777982226026,-0.00575197692683995,33.9527561584143,31.7522248552557,66.7976519008478,21.2615737151099
2014-09-15,-57.9617647058824,-61.4735294117647,0.770973223011668,356.955037931117,6.29400757900098,66.6130743362869,-57.9391505155601,-61.4613211630531,-1.78199860377189,-1.59112264591994,0.163552028181059,0.0238044373992725,33.9362284908732,25.8913116236286,66.7976519008478,13.9980667457092
2014-09-16,-57.9617647058824,-61.4735294117647,0.818084197436891,357.531944460985,5.20494921977927,66.6130743362869,-57.9391505155601,-61.4613211630531,-1.75952314220459,-1.59236027290303,0.182976791582368,0.00272154264081667,33.930017803362,24.3810365872505,66.7976519008478,32.9334781339386
2014-09-17,-57.9617647058824,-61.4735294117647,0.863200930197064,358.146843514791,4.63169877703597,66.6130743362869,-57.9391505155601,-61.4613211630531,-1.76623177705345,-1.60013446280187,0.134288854741173,0.0171677942429236,33.9260557537619,26.4747052392175,66.7976519008478,7.86287749226226
2014-09-18,-57.9617647058824,-61.4735294117647,0.907372705093244,358.671934918659,5.83963728677936,66.6130743362869,-57.9391505155601,-61.4613211630531,-1.79995881208041,-1.60644985661011,0.0812344237076126,0.0654068081444896,33.9213253850075,27.4479204260225,66.7976519008478,8.24770385991544
2014-09-19,-57.9617647058824,-61.4735294117647,0.930292729924365,358.800175364425,6.09072541027534,66.6130743362869,-57.9391505155601,-61.4613211630531,-1.76934936139909,-1.60457220749977,0.0926601253449917,0.0818447940222487,33.9479520028098,42.8939524314664,66.7976519008478,7.61922600515362
2014-09-20,-57.9617647058824,-61.4735294117647,0.941466372914431,358.68357179223,6.43942205571547,66.6130743362869,-57.9391505155601,-61.4613211630531,-1.7856173338356,-1.59631449877009,0.0898034939952144,0.076220492170005,33.9512034427782,43.144360761089,66.7976519008478,7.05674297027557
2014-09-21,-57.9617647058824,-61.4735294117647,0.967889440859236,358.659004769674,5.73164795884272,66.6130743362869,-57.9391505155601,-61.4613211630531,-1.77975185020411,-1.58959136704202,0.133480793802764,0.0155343743450889,33.9555362490346,40.7370638763695,66.7976519008478,8.37244327931771
2014-09-22,-57.9617647058824,-61.4735294117647,0.93094161807037,357.832708591368,3.18076696773855,66.6130743362869,-57.9391505155601,-61.4613211630531,-1.7658176206545,-1.5891304992632,0.151672461893354,-0.0492414708290747,33.9531124130434,50.8096139421347,66.7976519008478,58.4980932129174
2014-09-23,-57.9617647058824,-61.4735294117647,0.909630888845862,357.475679723228,3.53121827942569,66.6130743362869,-57.9391505155601,-61.4613211630531,-1.75731197381631,-1.59955992068035,0.169327069370531,-0.00733267946744416,33.9297251887971,43.0152439279595,66.7976519008478,30.9972204489952
2014-09-24,-57.9617647058824,-61.4735294117647,0.966242657202046,358.014834892459,7.80587446689606,66.6130743362869,-57.9391505155601,-61.4613211630531,-1.767467345786,-1.60292807941334,0.149164260283374,0.0420900079523504,33.9117395501388,30.4882394710855,66.7976519008478,4.90978897743623
2014-09-25,-57.9617647058824,-61.4735294117647,1.06783578999159,359.469643569574,10.3090785305674,66.6130743362869,-57.9391505155601,-61.4613211630531,-1.76948972366117,-1.59949608772551,0.128308709756083,0.0850885697362716,33.9133355093067,31.9116129727177,66.7976519008478,5.06975933576946
2014-09-26,-57.9617647058824,-61.4735294117647,1.07981555490959,359.464845982993,7.05605301042882,66.6130743362869,-57.9391505155601,-61.4613211630531,-1.76037222460697,-1.60769571933026,0.067924893980245,0.0899254033007683,33.9438435635586,49.6139967888795,66.7976519008478,20.0679271536947
2014-09-27,-57.9617647058824,-61.4735294117647,1.03031408423331,358.586677737352,4.06671833773939,66.6130743362869,-57.9391505155601,-61.4613211630531,-1.73667898834476,-1.61041643712846,0.0652247678925875,0.125591285823368,33.9728978526415,62.0157969998605,66.7976519008478,40.5949471714384
2014-09-28,-57.9617647058824,-61.4735294117647,1.00379162627022,358.041296610018,3.99521030521974,66.6130743362869,-57.9391505155601,-61.4613211630531,-1.7201026179369,-1.60961208185847,0.0552792756713917,0.101369226595208,33.9914375490505,67.922838006425,66.7976519008478,32.2246917494451
2014-09-29,-57.9617647058824,-61.4735294117647,1.02480650929416,358.238324421208,5.53516667790529,66.6130743362869,-57.9391505155601,-61.4613211630531,-1.72925668753754,-1.61826146759002,0.0688227394573119,0.101463953292,33.995006257545,57.5562228834742,66.7976519008478,24.3814156601651
2014-09-30,-57.9617647058824,-61.4735294117647,1.07939033573721,359.188933581841,7.1459829498355,66.6130743362869,-57.9391505155601,-61.4613211630531,-1.73685196794157,-1.63126292868986,0.110008312472206,0.0784436894050333,33.9953460281516,53.8264572848836,66.7976519008478,3.45032216068464
2014-10-01,-57.9617647058824,-61.4735294117647,1.14007244240947,360.3942900867,6.53055714361551,66.6130743362869,-57.9391505155601,-61.4613211630531,-1.73399138450623,-1.63655239174723,0.136371197709349,0.0863167236379364,33.9966021755285,61.0786192413927,66.7976519008478,6.42709553529117
2014-10-02,-57.9617647058824,-61.4735294117647,1.14147183698852,360.799482764267,3.37229944474813,66.6130743362869,-57.9391505155601,-61.4613211630531,-1.72691603099447,-1.63658822081511,0.17659714669693,0.0814403514610289,33.9940013036072,58.9379990007552,66.7976519008478,19.5417291249916
2014-10-03,-57.9617647058824,-61.4735294117647,1.03766711637741,359.520453476324,2.33223812427463,66.6130743362869,-57.9391505155601,-61.4613211630531,-1.67471381543297,-1.63441074393217,0.219833761197232,0.0881956093536134,33.9968739920139,62.4927261651125,66.7976519008478,55.2964100839954
2014-10-04,-57.9617647058824,-61.4735294117647,0.990670731154884,359.203717115449,1.85822696038863,66.6130743362869,-57.9391505155601,-61.4613211630531,-1.64336500211283,-1.62818966220748,0.152534887184579,0.044842027866768,34.0008525359325,62.4181802404715,66.7976519008478,5.64238125379873
2014-10-05,-57.9617647058824,-61.4735294117647,0.980131856188541,359.387259878763,2.50992392330635,66.6130743362869,-57.9391505155601,-61.4613211630531,-1.63510449284967,-1.61757325563032,0.167127759556579,0.0133556574583054,33.9900721705716,48.6397521125804,66.7976519008478,19.3381519508788
2014-10-06,-57.9617647058824,-61.4735294117647,1.02018547421548,359.895552844536,5.33327973906587,66.6130743362869,-57.9391505155601,-61.4613211630531,-1.60179755481792,-1.62174617809805,0.201273894211461,0.0406163882378705,33.9887913537894,50.5307878399024,66.7976519008478,33.7221175577563
2014-10-07,-57.9617647058824,-61.4735294117647,1.11081384013339,360.745118303997,7.21358892103521,66.6130743362869,-57.9391505155601,-61.4613211630531,-1.57237622974373,-1.636620761251,0.152587605200396,0.0461632610523669,33.9907435212541,53.9388940749381,66.7976519008478,5.5435361888248
2014-10-08,-57.9617647058824,-61.4735294117647,1.21884022180627,361.723546470084,7.50434479480836,66.6130743362869,-57.9391505155601,-61.4613211630531,-1.56960460483304,-1.64893730497553,0.158833808694211,0.0656876937660933,33.9953563139345,56.6180156226422,66.7976519008478,8.07875893917291
2014-10-09,-57.9617647058824,-61.4735294117647,1.278890687518,362.307352949933,6.58015955075985,66.6130743362869,-57.9391505155601,-61.4613211630531,-1.55069449716895,-1.65377825764027,0.18887291840113,0.0853669843039452,34.0017112443643,60.499756254487,66.7976519008478,28.3509290772252
2014-10-10,-57.9617647058824,-61.4735294117647,1.35263663384973,362.994778516816,9.04884897790304,66.6130743362869,-57.9391505155601,-61.4613211630531,-1.52861145239288,-1.6514858691155,0.156660034538683,0.0688112076728852,34.0096806257199,61.5619321673827,66.7976519008478,7.66995707104111
2014-10-11,-57.9617647058824,-61.4735294117647,1.47381601827901,363.986300212581,11.3083168500807,66.6130743362869,-57.9391505155601,-61.4613211630531,-1.54074669857579,-1.64946612848444,0.122887864563106,0.0526689341475285,33.9981424535013,41.3196338558326,66.7976519008478,0.0465161752954176
2014-10-12,-57.9617647058824,-61.4735294117647,1.56148767253248,364.678460097894,9.71899430344744,66.6130743362869,-57.9391505155601,-61.4613211630531,-1.5105711833829,-1.64871078271132,0.183994075255758,0.0319015210124886,34.0108894523178,60.4810166661395,66.7976519008478,22.7914305448336
2014-10-13,-57.9617647058824,-61.4735294117647,1.6375310471872,365.292212137362,11.4381278753281,66.6130743362869,-57.9391505155601,-61.4613211630531,-1.49600631698423,-1.65264112215776,0.150417948943562,0.0641522955164494,34.0099380946192,58.0735138572662,66.7976519008478,5.02582466491723
2014-10-14,-57.9617647058824,-61.4735294117647,1.71096799213712,365.875978795493,12.0677514686817,66.6130743362869,-57.9391505155601,-61.4613211630531,-1.51530389787375,-1.64952872912733,0.0958553019926133,0.0872022133878609,34.0080044600967,48.9764440989526,66.7976519008478,8.40809307968179
2014-10-15,-57.9617647058824,-61.4735294117647,1.74086103715548,366.120043870879,6.76689758678762,66.6130743362869,-57.9391505155601,-61.4613211630531,-1.52769021514939,-1.63622167284189,0.154865167255786,0.0325728459246004,34.0074463920233,43.6190243977123,66.7976519008478,8.3304444802077
2014-10-16,-57.9617647058824,-61.4735294117647,1.76673617450202,366.40666831412,9.31410662284711,66.6130743362869,-57.9391505155601,-61.4613211630531,-1.49317835056187,-1.62660854805497,0.13215873698112,0.0456855085687197,33.9954119487974,43.0694029842794,66.7976519008478,1.07261301200716
2014-10-17,-57.9617647058824,-61.4735294117647,1.87211570725208,367.36418189072,15.4108796701199,66.6130743362869,-57.9391505155601,-61.4613211630531,-1.50332482655843,-1.6196560116432,0.136956856348495,0.0542867035276977,33.9881077507729,30.0856504967982,66.7976519008478,1.38848080763795
2014-10-18,-57.9617647058824,-61.4735294117647,1.90534886572419,367.691984967488,16.7063942304472,66.6130743362869,-57.9391505155601,-61.4613211630531,-1.49778652191162,-1.62229106445544,0.099411264630022,0.0732856083776948,34.005858597646,53.1681059491136,66.7976519008478,3.98785049631669
2014-10-19,-57.9617647058824,-61.4735294117647,2.00235277196256,368.632098686404,19.4033882327196,66.6130743362869,-57.9391505155601,-61.4613211630531,-1.49420930789067,-1.62634248788218,0.116809697914743,0.0213003547487632,33.9765284302746,34.992293988484,66.7976519008478,5.49612177841218
2014-10-20,-57.9617647058824,-61.4735294117647,2.1087887643314,369.638221182474,15.6823989181984,66.6130743362869,-57.9391505155601,-61.4613211630531,-1.44017746010933,-1.63029177275746,0.146854573541526,-0.00567784303153253,33.9955416742446,29.2156052917604,66.7976519008478,21.4972716544026
2014-10-21,-57.9617647058824,-61.4735294117647,2.06320036838694,368.998988081769,8.95558242390795,66.6130743362869,-57.9391505155601,-61.4613211630531,-1.42818356396859,-1.62608095878853,0.178915893978234,-0.0167287559010963,33.9977368446175,37.5233534531072,66.7976519008478,42.3885759506553
2014-10-22,-57.9617647058824,-61.4735294117647,2.08385985798952,368.9964268382,16.2394189718293,66.6130743362869,-57.9391505155601,-61.4613211630531,-1.41920247163206,-1.62474819812697,0.17289373979435,0.0605131384342225,34.0032309765114,44.2211575990746,66.7976519008478,14.0291687745529
2014-10-23,-57.9617647058824,-61.4735294117647,2.10713064161743,368.912194973085,15.0563985138405,66.6130743362869,-57.9391505155601,-61.4613211630531,-1.40588503408368,-1.62532685111891,0.202252463536908,0.082338197098972,34.0122774255421,50.8394736085343,66.7976519008478,37.5257691459196
2014-10-24,-57.9617647058824,-61.4735294117647,2.03295550986034,367.900057164634,9.99320575086082,66.6130743362869,-57.9391505155601,-61.4613211630531,-1.42024529213526,-1.63288934623342,0.162305752727908,0.0921247129387621,34.0291470773468,62.3493999707715,66.7976519008478,15.9898517584167
2014-10-25,-57.9617647058824,-61.4735294117647,1.83319536142233,365.069343008646,9.62724377178564,66.6130743362869,-57.9391505155601,-61.4613211630531,-1.39411156315874,-1.64001280415235,0.172321260473144,0.137343176961066,34.0499150460226,68.5570959394921,66.7976519008478,48.0394391549048
2014-10-26,-57.9617647058824,-61.4735294117647,1.7410971740397,363.19719565787,8.31516317914172,66.6130743362869,-57.9391505155601,-61.4613211630531,-1.37005753917733,-1.63289346418239,0.218221757586105,0.109796618592803,34.0634136483093,71.9697325972893,66.7976519008478,63.3657742582738
2014-10-27,-57.9617647058824,-61.4735294117647,1.71638843998676,362.83559175817,5.62025113076698,66.6130743362869,-57.9391505155601,-61.4613211630531,-1.37489503356609,-1.6228252387079,0.184542667502776,0.0471904293034482,34.0665581634975,69.2366580100838,66.7976519008478,20.8910313529895
2014-10-28,-57.9617647058824,-61.4735294117647,1.75872311868319,363.462094934975,10.152453527218,66.6130743362869,-57.9391505155601,-61.4613211630531,-1.37002887650218,-1.62006374763252,0.206596717886959,0.0601235231165944,34.064787201875,64.8411274921556,66.7976519008478,37.4131982258706
2014-10-29,-57.9617647058824,-61.4735294117647,1.85607315418197,364.546656910966,11.8298955196288,66.6130743362869,-57.9391505155601,-61.4613211630531,-1.36043988411565,-1.61985740729189,0.156272890280012,0.0961847866806183,34.069218757825,68.5836606907298,66.7976519008478,15.2565271168592
2014-10-30,-57.9617647058824,-61.4735294117647,1.91848750812251,365.392845712057,11.4348161395003,66.6130743362869,-57.9391505155601,-61.4613211630531,-1.38684840514431,-1.61925486353567,0.0733893957647637,0.10096148938926,34.0688563461407,68.9640093673418,66.7976519008478,21.8993707862432
2014-10-31,-57.9617647058824,-61.4735294117647,1.94431615239236,365.872808316859,12.0386963181379,66.6130743362869,-57.9391505155601,-61.4613211630531,-1.41068002392567,-1.61926763228238,0.116512337822703,0.110309790674089,34.065419391421,61.2256517436019,66.7976519008478,15.7729291091701
2014-11-01,-57.9617647058824,-61.4735294117647,1.9218114701713,365.765618301019,8.85941222237378,66.6130743362869,-57.9391505155601,-61.4613211630531,-1.39104043705422,-1.62729428670345,0.165194508643487,0.147555551744304,34.0729130733351,70.8735786739149,66.7976519008478,53.59050043935
2014-11-02,-57.9617647058824,-61.4735294117647,1.90387741530814,365.650161743164,9.95849288091427,66.6130743362869,-57.9391505155601,-61.4613211630531,-1.34108991363914,-1.62915917108899,0.193858844292188,0.129998141882109,34.0806538868851,73.4763011250258,66.7976519008478,55.7325838978352
2014-11-03,-57.9617647058824,-61.4735294117647,1.91911279137542,365.714808022104,11.7571929169864,66.6130743362869,-57.9391505155601,-61.4613211630531,-1.2890211362266,-1.6261336764826,0.21289069709769,0.109096463870222,34.086596927823,74.2985710640829,66.7976519008478,57.9009041036458
2014-11-04,-57.9617647058824,-61.4735294117647,1.95333729793386,366.035034179688,12.3475959446372,66.6130743362869,-57.9391505155601,-61.4613211630531,-1.26563135686352,-1.63315499520656,0.172589789774374,0.132185919599937,34.0942286080838,75.658312622513,66.7976519008478,44.0282757784427
2014-11-05,-57.9617647058824,-61.4735294117647,1.99420110990361,366.651951487471,12.8676871235778,66.6130743362869,-57.9391505155601,-61.4613211630531,-1.25410894963101,-1.62925513521058,0.132568121851295,0.120351657361878,34.1013330673238,77.4391769262461,66.7976519008478,22.5864025285828
2014-11-06,-57.9617647058824,-61.4735294117647,2.04726541042328,367.625419058451,15.710321187973,66.6130743362869,-57.9391505155601,-61.4613211630531,-1.17939173161742,-1.61920173367669,0.1180403227899,0.0474045943172194,34.0989690464035,70.4234201596012,66.7976519008478,0.261133642677081
2014-11-07,-57.9617647058824,-61.4735294117647,2.05713247380606,368.323477768316,11.8323024714865,66.6130743362869,-57.9391505155601,-61.4613211630531,-1.15607015484901,-1.61825734996281,0.0555996996037632,0.0334575118424117,34.0916730543541,63.2575419756726,66.7976519008478,23.0919872207282
2014-11-08,-57.9617647058824,-61.4735294117647,2.05552634088005,368.936595265458,15.6112029494309,66.6130743362869,-57.9391505155601,-61.4613211630531,-1.14095076431951,-1.62547635533388,0.0675105672988251,0.0742262867599846,34.0853345564663,59.5944968981621,66.7976519008478,15.9207154139785
2014-11-09,-57.9617647058824,-61.4735294117647,2.07887891298387,370.056671514744,17.7016047268379,66.6130743362869,-57.9391505155601,-61.4613211630531,-1.10903359432774,-1.62721933124841,0.0876050083250732,0.0892647868437082,34.0829128105792,59.7724186605127,66.7976519008478,11.4650745307271
2014-11-10,-57.9617647058824,-61.4735294117647,2.05100743218166,370.724664455507,14.2332103775769,66.6130743362869,-57.9391505155601,-61.4613211630531,-1.09301965383061,-1.62535897762026,0.127363089120139,0.00755590527204045,34.0760842038874,58.2512295191426,66.7976519008478,11.1616686762224
2014-11-11,-57.9617647058824,-61.4735294117647,2.01825103963294,371.461307060428,20.3739745209857,66.6130743362869,-57.9391505155601,-61.4613211630531,-1.03769787506536,-1.62578524623001,0.167742248162044,0.0409516388557942,34.0673445780107,52.6493735332721,66.7976519008478,12.1444115191527
2014-11-12,-57.9617647058824,-61.4735294117647,2.00013697728878,372.773571851777,22.2172934020438,66.6130743362869,-57.9391505155601,-61.4613211630531,-0.952652302991684,-1.62968305054946,0.170566754996294,0.0474663727317262,34.0627400170454,49.1780473693662,66.7976519008478,12.868976219715
2014-11-13,-57.9617647058824,-61.4735294117647,1.97026357854285,374.186308325791,22.7775090496715,66.6130743362869,-57.9391505155601,-61.4613211630531,-0.878883011749721,-1.63261505080621,0.150193899492865,0.0644200021318096,34.0589118422123,45.9663963382222,66.7976519008478,4.98539007706035
2014-11-14,-57.9617647058824,-61.4735294117647,1.93241973039581,375.60991389577,23.4977876500386,66.6130743362869,-57.9391505155601,-61.4613211630531,-0.833688931627634,-1.62868718209698,0.109752138244559,0.0841841347083228,34.0571675989148,48.7097675308042,66.7976519008478,5.0293535694553
2014-11-15,-57.9617647058824,-61.4735294117647,1.87538674473763,376.129096054449,21.9355785207051,66.6130743362869,-57.9391505155601,-61.4613211630531,-0.855831282180652,-1.62775021332961,0.14656297925372,0.0909196229880316,34.0570439996346,55.7636207279406,66.7976519008478,10.1660934120429
2014-11-16,-57.9617647058824,-61.4735294117647,1.82805216530474,376.787673205864,21.3833145281164,66.6130743362869,-57.9391505155601,-61.4613211630531,-0.814778821751495,-1.63464261597467,0.0864106266836004,0.0476113458926942,34.0545790874363,55.9522507213227,66.7976519008478,5.96174118408327
2014-11-17,-57.9617647058824,-61.4735294117647,1.73072126507759,376.314139017245,13.8060922331926,66.6130743362869,-57.9391505155601,-61.4613211630531,-0.792469420091987,-1.63375341956593,0.122162174860797,-0.00858801562595464,34.0409714084888,46.3568355596339,66.7976519008478,19.7740407614108
2014-11-18,-57.9617647058824,-61.4735294117647,1.66146358556864,375.782936282274,20.5374482666574,66.6130743362869,-57.9391505155601,-61.4613211630531,-0.697910968933189,-1.62343519789326,0.144371083164625,0.0390290963374249,34.0219189673461,25.3865823964519,66.7976519008478,4.06050328835532
2014-11-19,-57.9617647058824,-61.4735294117647,1.63110459577747,376.282580864139,20.0481364203662,66.6130743362869,-57.9391505155601,-61.4613211630531,-0.697438489047461,-1.61162770743634,0.128604421987828,0.08032834122156,34.0233851598825,34.381717847909,66.7976519008478,3.74023482834205
2014-11-20,-57.9617647058824,-61.4735294117647,1.5501097317149,375.065150935475,11.2065431432026,66.6130743362869,-57.9391505155601,-61.4613211630531,-0.709045900024383,-1.59402787460168,0.198703914649493,0.0468378807952208,34.0249851396692,48.7196520330452,66.7976519008478,31.0179258907216
2014-11-21,-57.9617647058824,-61.4735294117647,1.5098660093982,373.80194501179,12.5293674294542,66.6130743362869,-57.9391505155601,-61.4613211630531,-0.679002837854841,-1.58172615932228,0.197279717059311,0.0675262177611893,34.0224892671613,51.3141372013993,66.7976519008478,30.5134897873227
2014-11-22,-57.9617647058824,-61.4735294117647,1.51878785432839,373.8323070247,14.5338595262388,66.6130743362869,-57.9391505155601,-61.4613211630531,-0.636698994237563,-1.57176460299576,0.166249683119266,0.077724589213387,34.0188772790989,51.4306924706689,66.7976519008478,13.3104942025393
2014-11-23,-57.9617647058824,-61.4735294117647,1.51713584254428,374.566447932546,17.2899455791566,66.6130743362869,-57.9391505155601,-61.4613211630531,-0.534389088732189,-1.5643886778197,0.148152742725916,0.0662198114722927,34.0142315183735,43.1981078391133,66.7976519008478,4.59474128160132
2014-11-24,-57.9617647058824,-61.4735294117647,1.45987107622914,374.46720588498,13.0934760744979,66.6130743362869,-57.9391505155601,-61.4613211630531,-0.522221223766665,-1.55859015859895,0.123752761969039,-0.0057206759769746,33.9960316697917,33.7511667297919,66.7976519008478,18.0551407609955
2014-11-25,-57.9617647058824,-61.4735294117647,1.39288027112077,373.861031136862,15.1853870182503,66.6130743362869,-57.9391505155601,-61.4613211630531,-0.487210191172949,-1.55955843420325,0.111904495781572,0.00890102602953692,33.9772160745021,23.622604209241,66.7976519008478,10.6441842596144
2014-11-26,-57.9617647058824,-61.4735294117647,1.34143087413253,373.759886950981,16.24230340632,66.6130743362869,-57.9391505155601,-61.4613211630531,-0.464523201820902,-1.5576824334308,0.0962737474877101,0.046327179622071,33.9712667838443,34.4428784116881,66.7976519008478,3.20009480063349
2014-11-27,-57.9617647058824,-61.4735294117647,1.2917576693907,373.537810907131,11.8556368525435,66.6130743362869,-57.9391505155601,-61.4613211630531,-0.430113149568056,-1.55193004241356,0.178607002569315,0.0267961574831472,33.9605462284062,34.054498370038,66.7976519008478,20.7772810935027
2014-11-28,-57.9617647058824,-61.4735294117647,1.23408472537994,372.665204676186,9.8294933133009,66.6130743362869,-57.9391505155601,-61.4613211630531,-0.415658001957635,-1.55227064684174,0.218818124635057,0.024850550993734,33.9431721305075,31.6465838763074,66.7976519008478,52.8642982443792
2014-11-29,-57.9617647058824,-61.4735294117647,1.22316195979351,372.228650721108,15.127350214051,66.6130743362869,-57.9391505155601,-61.4613211630531,-0.3553198198216,-1.55258530547262,0.208084341123519,0.0755466963648394,33.9351306920431,29.3937328585729,66.7976519008478,40.8000887911975
2014-11-30,-57.9617647058824,-61.4735294117647,1.21661799092118,372.167198739401,13.6567736486109,66.6130743362869,-57.9391505155601,-61.4613211630531,-0.249792497680496,-1.54504381307224,0.16462038187926,0.0637198470573113,33.9165725759488,18.5020016620034,66.7976519008478,10.271101728893
2014-12-01,-57.9617647058824,-61.4735294117647,1.18618670542066,372.031419335342,16.3209231655772,66.6130743362869,-57.9391505155601,-61.4613211630531,-0.213687247301322,-1.55035428334827,0.140869485815125,0.0584217350522758,33.9062865407843,13.3622477527572,66.7976519008478,2.20315595694022
2014-12-02,-57.9617647058824,-61.4735294117647,1.16812174203919,372.568685019889,17.1156419370233,66.6130743362869,-57.9391505155601,-61.4613211630531,-0.167059907204548,-1.5609698649521,0.179246202392778,0.0760829321356357,33.905298070869,16.4505482260515,66.7976519008478,19.7563121903708
2014-12-03,-57.9617647058824,-61.4735294117647,1.18089562109331,372.648414425734,15.6236354141701,66.6130743362869,-57.9391505155601,-61.4613211630531,-0.214476033964781,-1.5618092278559,0.169421796097487,0.143447702551982,33.9185784940938,30.2470980141005,66.7976519008478,51.8303831686445
2014-12-04,-57.9617647058824,-61.4735294117647,1.17594201099582,372.255981445312,12.4128807463297,66.6130743362869,-57.9391505155601,-61.4613211630531,-0.245900955609223,-1.56253697659805,0.172301491151857,0.107643437042692,33.9287594423281,39.0680183662898,66.7976519008478,27.7674427083758
2014-12-05,-57.9617647058824,-61.4735294117647,1.16038033039105,371.922776385051,10.652191037085,66.6130743362869,-57.9391505155601,-61.4613211630531,-0.207256367070633,-1.5558430850908,0.192950290304768,0.0600650393317344,33.9247541697884,35.8433937814072,66.7976519008478,26.563494982814
2014-12-06,-57.9617647058824,-61.4735294117647,1.15022096982816,371.626909581626,13.3446019626245,66.6130743362869,-57.9391505155601,-61.4613211630531,-0.0807570222559085,-1.54915290017199,0.16564425525938,0.0574258678767443,33.9223242179263,26.3299379554676,66.7976519008478,10.3335942296954
2014-12-07,-57.9617647058824,-61.4735294117647,1.12087454992097,371.074433489544,11.0434887525512,66.6130743362869,-57.9391505155601,-61.4613211630531,-0.040660395826164,-1.5494506700158,0.154992842506341,0.0173308891413907,33.9090069347387,21.8742765370007,66.7976519008478,12.8435453464164
2014-12-08,-57.9617647058824,-61.4735294117647,1.09588265528039,370.503171222966,13.4248471957881,66.6130743362869,-57.9391505155601,-61.4613211630531,0.147784356897579,-1.5640138902484,0.161231633165145,0.0804963782731338,33.8922012473247,11.8035795929943,66.7976519008478,11.8187367044909
2014-12-09,-57.9617647058824,-61.4735294117647,1.1067877586295,370.544697459151,16.0923736095428,66.6130743362869,-57.9391505155601,-61.4613211630531,0.103735892627484,-1.57404834345767,0.172088150342225,0.12192329845307,33.8976911475301,18.6512993672277,66.7976519008478,36.2977315049173
2014-12-10,-57.9617647058824,-61.4735294117647,1.11237308564709,369.669403448337,12.0775321838332,66.6130743362869,-57.9391505155601,-61.4613211630531,0.05911906733204,-1.57701370301034,0.245664528024341,0.0898850415148314,33.8977097165086,26.9114782472371,66.7976519008478,84.9321826801867
2014-12-11,-57.9617647058824,-61.4735294117647,1.08229845798597,368.315530172208,13.2919160040413,66.6130743362869,-57.9391505155601,-61.4613211630531,-0.0306750359403299,-1.58142344349953,0.228133477039344,0.110552785749699,33.903053489613,35.3802620556995,66.7976519008478,73.9861660380369
2014-12-12,-57.9617647058824,-61.4735294117647,1.09976420351645,367.654589769317,13.6030954791278,66.6130743362869,-57.9391505155601,-61.4613211630531,-0.0199038557275909,-1.58387686543458,0.143450173847226,0.15873331608761,33.9092663135606,40.3929583733542,66.7976519008478,57.242758042742
2014-12-13,-57.9617647058824,-61.4735294117647,1.12211691024827,367.574347147127,14.2186422289872,66.6130743362869,-57.9391505155601,-61.4613211630531,0.0285946273831864,-1.57797497502866,0.133561517535514,0.134551619077742,33.9162039917651,42.0496480841386,66.7976519008478,33.104838798749
2014-12-14,-57.9617647058824,-61.4735294117647,1.13496721881192,367.641843097966,11.7664576565347,66.6130743362869,-57.9391505155601,-61.4613211630531,0.0761985596716806,-1.56443192167321,0.152273770969728,0.0831520240376835,33.9080493324681,33.972127303099,66.7976519008478,9.2843984090749
2014-12-15,-57.9617647058824,-61.4735294117647,1.15930858290777,367.450210571289,14.6937597786508,66.6130743362869,-57.9391505155601,-61.4613211630531,0.118410477050242,-1.56643230760628,0.170925069494769,0.107869133614657,33.9040584589949,32.5289847622355,66.7976519008478,27.1817678029338
2014-12-16,-57.9617647058824,-61.4735294117647,1.19046090397893,367.750464462652,17.0513608920865,66.6130743362869,-57.9391505155601,-61.4613211630531,0.409861006647067,-1.56712875482042,0.143321674834942,0.0814840080575985,33.8977426948496,19.0435920102715,66.7976519008478,6.35429629761094
2014-12-17,-57.9617647058824,-61.4735294117647,1.21510620924031,368.282908742021,18.9923299987142,66.6130743362869,-57.9391505155601,-61.4613211630531,0.487139309606893,-1.57464841663757,0.151623862555474,0.0954731000026791,33.8928683972069,13.0848628390334,66.7976519008478,13.3961037372707
2014-12-18,-57.9617647058824,-61.4735294117647,1.23126361900713,368.920026081364,21.7477712980131,66.6130743362869,-57.9391505155601,-61.4613211630531,0.733852422631543,-1.57507139259344,0.129194199737267,0.0824790517931525,33.8891349926329,13.643751246083,66.7976519008478,4.37453101917383
2014-12-19,-57.9617647058824,-61.4735294117647,1.25227234712461,368.845711312643,22.8092604672037,66.6130743362869,-57.9391505155601,-61.4613211630531,0.625638482340595,-1.57339225767756,0.0761620087169523,0.0675624611306126,33.884581963543,16.3823861213509,66.7976519008478,10.6208196952522
2014-12-20,-57.9617647058824,-61.4735294117647,1.29588725944845,367.956407128311,22.8630902825332,66.6130743362869,-57.9391505155601,-61.4613211630531,0.520794182814728,-1.57444331182642,0.0884163639936772,0.0912688769520777,33.8814600842845,26.5064181444938,66.7976519008478,11.9245328186758
2014-12-21,-57.9617647058824,-61.4735294117647,1.30646615057457,367.903756490568,23.3101200592227,66.6130743362869,-57.9391505155601,-61.4613211630531,0.621805259854848,-1.57020614359543,0.153461562834087,0.0834782137039058,33.8769852281743,24.1573989098532,66.7976519008478,9.76605929633339
2014-12-22,-57.9617647058824,-61.4735294117647,1.31764243652181,367.850967035061,22.2987552096204,66.6130743362869,-57.9391505155601,-61.4613211630531,0.760381532383029,-1.56478158713352,0.156671566237644,0.0353009783375038,33.8683033427085,18.0742894995068,66.7976519008478,8.41652430349736
2014-12-23,-57.9617647058824,-61.4735294117647,1.32329365611076,366.069088447385,19.0824131035223,66.6130743362869,-57.9391505155601,-61.4613211630531,0.727533237332435,-1.56286110569108,0.199813453830004,0.0516689484951548,33.8544876881135,22.0462263405886,66.7976519008478,31.6516601187634
2014-12-24,-57.9617647058824,-61.4735294117647,1.33078399627674,364.792182364115,22.9066341155913,66.6130743362869,-57.9391505155601,-61.4613211630531,0.839037739233128,-1.57147342039023,0.141032580663318,0.0765648035234527,33.8525808028042,18.9721350599075,66.7976519008478,4.63569159435322
2014-12-25,-57.9617647058824,-61.4735294117647,1.33788471796164,365.038306259527,22.9921915880064,66.6130743362869,-57.9391505155601,-61.4613211630531,0.892451803935202,-1.5713972247403,0.150326516911609,0.055055226361462,33.8471299144421,15.1062510602387,66.7976519008478,4.51323870206123
2014-12-26,-57.9617647058824,-61.4735294117647,1.3535866308503,364.83248157036,21.2517783467363,66.6130743362869,-57.9391505155601,-61.4613211630531,0.947372270901354,-1.57024073697295,0.185445454770978,0.0654331671021245,33.8367387254228,15.2973520932732,66.7976519008478,21.8473620098651
2014-12-27,-57.9617647058824,-61.4735294117647,1.32225490415969,363.854113322933,20.63329545463,66.6130743362869,-57.9391505155601,-61.4613211630531,0.800834989982095,-1.57612368532842,0.159126226331501,0.157551289836445,33.849392992604,28.1550767180408,66.7976519008478,60.8738567816519
2014-12-28,-57.9617647058824,-61.4735294117647,1.3386620555709,362.856219407989,18.247492848373,66.6130743362869,-57.9391505155601,-61.4613211630531,0.740515589754269,-1.57315955857034,0.15777204497422,0.115154037792512,33.8607355135816,34.1823796131994,66.7976519008478,25.5569716006266
2014-12-29,-57.9617647058824,-61.4735294117647,1.37039930827734,363.071391408036,22.2145208498327,66.6130743362869,-57.9391505155601,-61.4613211630531,0.817616957361721,-1.57120159698723,0.13586379150268,0.105273618947277,33.861299707822,29.546737356868,66.7976519008478,14.2184067479293
2014-12-30,-57.9617647058824,-61.4735294117647,1.39254545220515,364.338877235971,25.8788707488921,66.6130743362869,-57.9391505155601,-61.4613211630531,1.11402458258164,-1.56902288039204,0.133318522796739,0.0746900363952203,33.85735617572,19.6051573000456,66.7976519008478,2.93295980847892
2014-12-31,-57.9617647058824,-61.4735294117647,1.40241584617917,365.926442216082,28.1741554620789,66.6130743362869,-57.9391505155601,-61.4613211630531,1.40284582606533,-1.56978728397977,0.126491602208571,0.0726983019888562,33.8533302955782,10.8985265495002,66.7976519008478,1.88987883434697
2015-01-01,-57.9617647058824,-61.4735294117647,1.42560853972668,367.081066224633,30.3769198394403,66.6130743362869,-57.9391505155601,-61.4613211630531,1.27379429227749,-1.57209161563441,0.149018463260128,0.0967696219250339,33.8488226258642,13.0784792275886,66.7976519008478,13.156334160788
2015-01-02,-57.9617647058824,-61.4735294117647,1.47053031986806,367.984762796542,32.7802722570373,66.6130743362869,-57.9391505155601,-61.4613211630531,1.38590372976182,-1.57587162717956,0.134053273611625,0.084968307974287,33.8454002143561,14.5331538016336,66.7976519008478,5.65825845404754
2015-01-03,-57.9617647058824,-61.4735294117647,1.54798634422988,367.586809856136,30.5434485761131,66.6130743362869,-57.9391505155601,-61.4613211630531,1.28950082298554,-1.5695525259785,0.141561403347735,0.121476023137449,33.8427128450751,20.6487997919924,66.7976519008478,24.8440704228712
2015-01-04,-57.9617647058824,-61.4735294117647,1.58020931336938,366.904590141482,27.0226813932744,66.6130743362869,-57.9391505155601,-61.4613211630531,1.32821361513434,-1.56232116273862,0.153225981257102,0.0844823180744362,33.8396156661102,19.8432099513518,66.7976519008478,9.98650440222413
2015-01-05,-57.9617647058824,-61.4735294117647,1.56861903900053,366.548821053854,25.0068441542183,66.6130743362869,-57.9391505155601,-61.4613211630531,1.47714591766337,-1.55964821874693,0.130699120572543,0.0624455653844896,33.828141427394,13.906515254022,66.7976519008478,0.875554061430928
2015-01-06,-57.9617647058824,-61.4735294117647,1.49968253003388,365.194619155512,23.2517437934875,66.6130743362869,-57.9391505155601,-61.4613211630531,1.42306662361953,-1.56291423490656,0.112565113037986,0.0184684344912991,33.8135861539648,11.9007776121379,66.7976519008478,6.70785506216527
2015-01-07,-57.9617647058824,-61.4735294117647,1.40452829766564,363.050487239186,24.6262961655128,66.6130743362869,-57.9391505155601,-61.4613211630531,1.35510944129645,-1.56001889094328,0.0859740595716616,0.0145014403048556,33.808648360403,17.2213362630723,66.7976519008478,13.7970968719899
2015-01-08,-57.9617647058824,-61.4735294117647,1.30582038622077,361.482305759337,24.4510630165658,66.6130743362869,-57.9391505155601,-61.4613211630531,1.3650839280503,-1.56379807992824,0.082255002131306,0.0387910434350311,33.8076640346594,21.2937658647133,66.7976519008478,8.43252716609815
2015-01-09,-57.9617647058824,-61.4735294117647,1.23153978840607,361.280209797185,24.2353250049963,66.6130743362869,-57.9391505155601,-61.4613211630531,1.48007273046594,-1.57312372612406,0.143091859052136,0.0767657892745838,33.8048819105635,17.6228955818413,66.7976519008478,5.128996168937
2015-01-10,-57.9617647058824,-61.4735294117647,1.17016613919561,361.720176510695,21.4874512218848,66.6130743362869,-57.9391505155601,-61.4613211630531,1.73474882408353,-1.57719327241946,0.138384348437612,0.0628533026457396,33.7998098561317,13.9468771655228,66.7976519008478,2.00478917688238
2015-01-11,-57.9617647058824,-61.4735294117647,1.09231912508243,361.128146287872,19.4171940349951,66.6130743362869,-57.9391505155601,-61.4613211630531,1.73100357274456,-1.5752950314729,0.0948627298288098,0.0379170858113952,33.7944783816936,11.4067566533159,66.7976519008478,4.57072992222643
2015-01-12,-57.9617647058824,-61.4735294117647,1.02749834954739,359.978250270937,19.7965583277912,66.6130743362869,-57.9391505155601,-61.4613211630531,1.6013204192343,-1.56818516502174,0.0827813536310807,0.0384154311920467,33.7935887283964,18.6519171705774,66.7976519008478,8.29255243298931
2015-01-13,-57.9617647058824,-61.4735294117647,0.958240199016362,359.107097718774,17.1141603225615,66.6130743362869,-57.9391505155601,-61.4613211630531,1.66091133161434,-1.56368522637608,0.121735492432126,0.0729330598041114,33.7920566461025,18.513121812128,66.7976519008478,1.75168656128531
2015-01-14,-57.9617647058824,-61.4735294117647,0.904484600919049,358.338407935166,15.2160937379046,66.6130743362869,-57.9391505155601,-61.4613211630531,1.65965204184194,-1.55947853502153,0.141929602167505,0.077914042923695,33.7899829282773,19.7540431569623,66.7976519008478,5.13564939272502
2015-01-15,-57.9617647058824,-61.4735294117647,0.855481034008468,356.644502221084,13.6577875788619,66.6130743362869,-57.9391505155601,-61.4613211630531,1.70099510499823,-1.562634583266,0.109014916234975,0.0561104005607355,33.7816758303829,15.9909171903664,66.7976519008478,0.652844476365535
2015-01-16,-57.9617647058824,-61.4735294117647,0.833474933737662,355.73225067883,15.0315865539923,66.6130743362869,-57.9391505155601,-61.4613211630531,1.61110116869171,-1.56276884783617,0.0605856251278226,0.0713350596798737,33.788852254067,22.7741813556707,66.7976519008478,19.2804743766557
2015-01-17,-57.9617647058824,-61.4735294117647,0.814803437488835,354.407132404607,14.5551662503219,66.6130743362869,-57.9391505155601,-61.4613211630531,1.54668462710825,-1.56880500828206,0.0729198803353487,0.12271406162686,33.7940559953491,28.2059409106791,66.7976519008478,34.6428465184661
2015-01-18,-57.9617647058824,-61.4735294117647,0.797794737466952,353.691488126429,12.3438483040507,66.6130743362869,-57.9391505155601,-61.4613211630531,1.54774227203467,-1.56842816069059,0.114787486199586,0.0738935073216756,33.7978594390004,27.8688369704644,66.7976519008478,2.07665862744643
2015-01-19,-57.9617647058824,-61.4735294117647,0.778456846024932,353.18362575624,11.504789817624,66.6130743362869,-57.9391505155601,-61.4613211630531,1.54808229843454,-1.57202819259221,0.130832562069742,0.0950439463642284,33.794558335895,28.4472882532076,66.7976519008478,8.86742960107426
2015-01-20,-57.9617647058824,-61.4735294117647,0.79458270022055,352.459959076672,12.2837365778481,66.6130743362869,-57.9391505155601,-61.4613211630531,1.5058170090481,-1.58723884812894,0.126624219959122,0.154648531183057,33.7962673768984,29.7903498457833,66.7976519008478,50.5782315876008
2015-01-21,-57.9617647058824,-61.4735294117647,0.81309111307307,351.065396192597,7.080385315709,66.6130743362869,-57.9391505155601,-61.4613211630531,1.4696959405132,-1.58196132755794,0.15229683492569,0.0974977827969029,33.7930548715527,29.7333077367662,66.7976519008478,14.4639179566864
2015-01-22,-57.9617647058824,-61.4735294117647,0.795920513025144,349.524587863829,6.33549631223446,66.6130743362869,-57.9391505155601,-61.4613211630531,1.46595958804312,-1.58278545065608,0.17691345168994,0.0775680842981567,33.7772582565081,26.1260692259239,66.7976519008478,18.7432433160695
2015-01-23,-57.9617647058824,-61.4735294117647,0.812934605450165,348.728001664324,10.8157587894579,66.6130743362869,-57.9391505155601,-61.4613211630531,1.44634075669946,-1.59315639114895,0.168508300434562,0.113066752806969,33.7750177370553,29.1025508450754,66.7976519008478,28.9081823760838
2015-01-24,-57.9617647058824,-61.4735294117647,0.856928608402973,348.220726571432,12.1055169745189,66.6130743362869,-57.9391505155601,-61.4613211630531,1.53076854472862,-1.60153435985086,0.149391604750826,0.085866976886304,33.7581132227271,21.4290604700765,66.7976519008478,9.22513230427753
2015-01-25,-57.9617647058824,-61.4735294117647,0.902006003551367,348.366154368331,16.7455239761166,66.6130743362869,-57.9391505155601,-61.4613211630531,1.54656502495893,-1.60797248742519,0.117719075080716,0.0988338426228075,33.7547009991892,21.1329362099631,66.7976519008478,9.9621483990708
2015-01-26,-57.9617647058824,-61.4735294117647,0.946824972585934,348.303500663943,13.7355387705128,66.6130743362869,-57.9391505155601,-61.4613211630531,1.62792168406822,-1.60333087521526,0.159173178402317,0.0512636824788754,33.7463423848635,20.0141301084305,66.7976519008478,7.60371273061738
2015-01-27,-57.9617647058824,-61.4735294117647,0.977810349042823,347.711729468369,12.5336756735313,66.6130743362869,-57.9391505155601,-61.4613211630531,1.64198343039524,-1.60133131393376,0.176102919461314,0.0531491580772416,33.7365546387378,22.2109686430649,66.7976519008478,15.5802312439992
2015-01-28,-57.9617647058824,-61.4735294117647,1.01081140121309,347.189657443907,14.1682927695716,66.6130743362869,-57.9391505155601,-61.4613211630531,1.66770398568528,-1.60066534230905,0.16123080920232,0.0736842846972981,33.7316329688357,24.1240385482829,66.7976519008478,10.263956147333
2015-01-29,-57.9617647058824,-61.4735294117647,1.04095967804513,346.608495572718,12.7404899131961,66.6130743362869,-57.9391505155601,-61.4613211630531,1.71919056310667,-1.59271323310862,0.175914289809351,0.0756735477229522,33.7255251648938,24.6250610583224,66.7976519008478,17.7590846006567
2015-01-30,-57.9617647058824,-61.4735294117647,1.05482261028232,345.763052219298,12.6568715804961,66.6130743362869,-57.9391505155601,-61.4613211630531,1.74864944851833,-1.58953576355006,0.187443778868991,0.0678878269798038,33.7183176470511,25.6411092336039,66.7976519008478,23.4734016487326
2015-01-31,-57.9617647058824,-61.4735294117647,1.07316616141215,344.957727199647,14.8444995066015,66.6130743362869,-57.9391505155601,-61.4613211630531,1.80904298530095,-1.59189775791245,0.167160707758425,0.0388660011272601,33.7039170825047,21.8225886915055,66.7976519008478,12.1697163821234
2015-02-01,-57.9617647058824,-61.4735294117647,1.09788132404409,344.449468845274,16.403037204975,66.6130743362869,-57.9391505155601,-61.4613211630531,1.88027887080523,-1.59555627057749,0.167478660405607,0.0760112692942584,33.6926467215967,21.0868083835453,66.7976519008478,13.4956977850581
2015-02-02,-57.9617647058824,-61.4735294117647,1.11787152035934,343.969622728301,16.4868516107885,66.6130743362869,-57.9391505155601,-61.4613211630531,1.93637164337271,-1.60220321357331,0.149371011542124,0.0796611349521941,33.6828795470368,20.9799317978976,66.7976519008478,7.45093622160969
2015-02-03,-57.9617647058824,-61.4735294117647,1.11679715972121,343.724146773176,18.0751877645167,66.6130743362869,-57.9391505155601,-61.4613211630531,1.90038797520755,-1.60375714269888,0.118848383748419,0.135966755419608,33.6862505862587,26.1200974808048,66.7976519008478,33.3810402432438
2015-02-04,-57.9617647058824,-61.4735294117647,1.11578459746954,343.377911451386,13.0551330519886,66.6130743362869,-57.9391505155601,-61.4613211630531,1.88698256144479,-1.59000363041032,0.11974211069837,0.025253345925919,33.6781391601974,26.0502878709039,66.7976519008478,4.21176863048393
2015-02-05,-57.9617647058824,-61.4735294117647,1.10998513967526,342.93956105302,17.7241010258837,66.6130743362869,-57.9391505155601,-61.4613211630531,1.95984544815161,-1.57835800139367,0.148885846052535,0.0182147314633757,33.6653552396416,21.1823589167936,66.7976519008478,10.5882920973117
2015-02-06,-57.9617647058824,-61.4735294117647,1.11253992995111,342.570485184832,18.2353062397096,66.6130743362869,-57.9391505155601,-61.4613211630531,2.05632544915203,-1.57457016595462,0.158342877234484,0.0254436231516151,33.6524560390375,18.9805780403045,66.7976519008478,11.3943201047981
2015-02-07,-57.9617647058824,-61.4735294117647,1.11164435489876,342.113554791706,15.552126721638,66.6130743362869,-57.9391505155601,-61.4613211630531,2.09116646635388,-1.58337028515645,0.183091287499899,0.0596663629869942,33.6448840502946,23.0962525688202,66.7976519008478,19.863872470702
2015-02-08,-57.9617647058824,-61.4735294117647,1.12064289501527,341.733612432712,17.0193650140995,66.6130743362869,-57.9391505155601,-61.4613211630531,2.11123504297614,-1.59210492161765,0.164145101017637,0.0661951001587747,33.6377116214891,24.8225459679257,66.7976519008478,10.3260559542141
2015-02-09,-57.9617647058824,-61.4735294117647,1.12977931339566,341.668880927853,16.3245348232548,66.6130743362869,-57.9391505155601,-61.4613211630531,2.14389652005735,-1.59610198271258,0.136918141588307,0.0720409801815525,33.6299873125537,24.8252229626201,66.7976519008478,2.96081580628921
2015-02-10,-57.9617647058824,-61.4735294117647,1.11119748761014,341.402498198719,14.1755421103501,66.6130743362869,-57.9391505155601,-61.4613211630531,2.16650938006387,-1.59693681244586,0.140048245423035,0.0130253494308706,33.6207020253788,24.3886559199386,66.7976519008478,10.4576246816936
2015-02-11,-57.9617647058824,-61.4735294117647,1.07449904229583,341.231557706507,14.5275502146744,66.6130743362869,-57.9391505155601,-61.4613211630531,2.21108468711457,-1.59559333758798,0.113521441867557,0.0157427733686128,33.6078685086105,21.657434471223,66.7976519008478,7.65154241300715
2015-02-12,-57.9617647058824,-61.4735294117647,1.05497929344817,341.488453190501,18.3446937537775,66.6130743362869,-57.9391505155601,-61.4613211630531,2.29308483507308,-1.59663863027627,0.102571845270804,0.0670978878191126,33.59606862036,16.0907922054914,66.7976519008478,2.39272070380099
2015-02-13,-57.9617647058824,-61.4735294117647,1.03260093418563,341.506789044636,17.1806424187451,66.6130743362869,-57.9391505155601,-61.4613211630531,2.2563183082421,-1.60030291019342,0.0802929216993322,0.100914537992112,33.5946128474556,21.7832564741333,66.7976519008478,18.8777755388327
2015-02-14,-57.9617647058824,-61.4735294117647,1.01156088128323,341.25885233065,13.4632532771041,66.6130743362869,-57.9391505155601,-61.4613211630531,2.24155080398889,-1.59024086300982,0.119309662239231,0.038890712847996,33.5890279247371,22.8588177723441,66.7976519008478,1.18766738070951
2015-02-15,-57.9617647058824,-61.4735294117647,0.978161868162271,340.761578443574,12.1509221966674,66.6130743362869,-57.9391505155601,-61.4613211630531,2.25421092288214,-1.58632782145872,0.170829518910563,0.0475561570542061,33.5799896353491,22.6452704762962,66.7976519008478,12.9953540718911
2015-02-16,-57.9617647058824,-61.4735294117647,0.969195731529375,340.396412919207,14.7440674712018,66.6130743362869,-57.9391505155601,-61.4613211630531,2.28968158505063,-1.59090806984226,0.140958446531724,0.0562043038376591,33.5739291830745,20.2429159823378,66.7976519008478,2.15405622601294
2015-02-17,-57.9617647058824,-61.4735294117647,0.963658161279632,340.427274378335,15.274507388836,66.6130743362869,-57.9391505155601,-61.4613211630531,2.30629749304531,-1.59102544836026,0.12125362121524,0.0551656036664117,33.5652718949414,20.8829397569623,66.7976519008478,0.00861488503083876
2015-02-18,-57.9617647058824,-61.4735294117647,0.952303208955904,340.7454848871,15.7879508006863,66.6130743362869,-57.9391505155601,-61.4613211630531,2.44258450914813,-1.59149208033455,0.0945035915836873,0.0545717076613353,33.5492691472474,15.4581817493104,66.7976519008478,3.32582722378431
2015-02-19,-57.9617647058824,-61.4735294117647,0.938690133211089,341.168047649104,16.6613480346959,66.6130743362869,-57.9391505155601,-61.4613211630531,2.40267964365029,-1.5877664338561,0.0681720075477794,0.0716661914891479,33.5460999369139,13.4998076653834,66.7976519008478,15.0956887491898
2015-02-20,-57.9617647058824,-61.4735294117647,0.915448729584857,341.084365472561,11.4112946434719,66.6130743362869,-57.9391505155601,-61.4613211630531,2.35589513572765,-1.58028507650944,0.115399503786313,0.0456500889660537,33.5436823866789,16.3836216688478,66.7976519008478,0.491353907561977
2015-02-21,-57.9617647058824,-61.4735294117647,0.874260569491037,340.32306168719,9.6062459567698,66.6130743362869,-57.9391505155601,-61.4613211630531,2.24743210835013,-1.58165284753972,0.141992204549864,0.0873603657662225,33.5458550034908,22.4177202052272,66.7976519008478,7.82873452517654
2015-02-22,-57.9617647058824,-61.4735294117647,0.875608528896076,339.592943145008,12.2190099809228,66.6130743362869,-57.9391505155601,-61.4613211630531,2.1392181672548,-1.58828660737165,0.172397865814518,0.116373130777667,33.5529863818293,26.1211271015739,66.7976519008478,32.8578608594589
2015-02-23,-57.9617647058824,-61.4735294117647,0.894988149404526,339.546752185356,12.6711072398395,66.6130743362869,-57.9391505155601,-61.4613211630531,2.08939021383381,-1.58667954468695,0.0814658867826185,0.0557537337817885,33.5539996498509,25.369696290226,66.7976519008478,7.54857165109382
2015-02-24,-57.9617647058824,-61.4735294117647,0.906642468237295,339.699400738972,13.1051861425725,66.6130743362869,-57.9391505155601,-61.4613211630531,1.99245749472285,-1.59077874722912,0.0998288862628412,0.140736868371244,33.5594032225821,28.6820462120046,66.7976519008478,39.4751659683268
2015-02-25,-57.9617647058824,-61.4735294117647,0.914157344437227,339.557337318979,9.02736772851246,66.6130743362869,-57.9391505155601,-61.4613211630531,1.85231749039752,-1.59738203114987,0.111956390101015,0.119832718752415,33.5766681974877,31.9908953214947,66.7976519008478,21.8388624665119
2015-02-26,-57.9617647058824,-61.4735294117647,0.92523869108863,339.567153558498,11.4099772965036,66.6130743362869,-57.9391505155601,-61.4613211630531,1.78961196368844,-1.60117192403508,0.0695228942904958,0.0831371975381445,33.5851873328329,31.9661839468437,66.7976519008478,17.053993644582
2015-02-27,-57.9617647058824,-61.4735294117647,0.944494685021842,339.911892030297,12.5252194753507,66.6130743362869,-57.9391505155601,-61.4613211630531,1.74404226720092,-1.59391379195508,0.0440257298389347,0.0560988686606791,33.5959120272947,31.5986026346925,66.7976519008478,29.0999091982135
2015-02-28,-57.9617647058824,-61.4735294117647,0.92548388424443,339.74330660192,8.2662583269724,66.6130743362869,-57.9391505155601,-61.4613211630531,1.67366337221161,-1.58228586801151,0.0749042011123759,-0.022093588679868,33.6058337048159,32.3481800359914,66.7976519008478,39.4586536045163
2015-03-01,-57.9617647058824,-61.4735294117647,0.913710308511083,339.754831453649,11.6447586315434,66.6130743362869,-57.9391505155601,-61.4613211630531,1.65766920163403,-1.58766264680587,0.0905052963920772,0.0404154026727525,33.614548620103,30.9674336656063,66.7976519008478,5.39638167361319
2015-03-02,-57.9617647058824,-61.4735294117647,0.910899650759813,339.822788889815,10.3304745365934,66.6130743362869,-57.9391505155601,-61.4613211630531,1.66776526674085,-1.58435874107556,0.0965727547311831,-0.0110121984612926,33.6208726005194,27.2786476801925,66.7976519008478,24.1229429096572
2015-03-03,-57.9617647058824,-61.4735294117647,0.89910900847214,339.762890699433,9.99475523611394,66.6130743362869,-57.9391505155601,-61.4613211630531,1.67032536281104,-1.58580970925036,0.108242274919341,0.0208028328533356,33.6242188570792,25.6161919386602,66.7976519008478,6.32680038143476
2015-03-04,-57.9617647058824,-61.4735294117647,0.895899767192399,339.920649458722,10.9197400604806,66.6130743362869,-57.9391505155601,-61.4613211630531,1.64916256870496,-1.59169677233728,0.119898615910215,0.0298002329925213,33.631354039819,28.0560254773952,66.7976519008478,2.9949797589641
2015-03-05,-57.9617647058824,-61.4735294117647,0.886746649698513,340.107874056188,11.2801434412235,66.6130743362869,-57.9391505155601,-61.4613211630531,1.63548829922309,-1.59131703991317,0.0791850296501447,0.0202048182256228,33.6366895297278,27.3525757963358,66.7976519008478,14.2518589414277
2015-03-06,-57.9617647058824,-61.4735294117647,0.853393170891738,339.997306637648,11.0003849587789,66.6130743362869,-57.9391505155601,-61.4613211630531,1.60874173121575,-1.59180302980297,0.0380035754539545,0.00874946312161914,33.6511600200947,31.4554827454602,66.7976519008478,44.218713695395
2015-03-07,-57.9617647058824,-61.4735294117647,0.829839143084317,339.908264160156,9.07902933911579,66.6130743362869,-57.9391505155601,-61.4613211630531,1.59498047571272,-1.59039283892725,0.1066920499942,0.00810532069761261,33.660365064778,32.2301833915968,66.7976519008478,11.5814406176612
2015-03-08,-57.9617647058824,-61.4735294117647,0.787899194694147,339.531445386933,6.51505444689495,66.6130743362869,-57.9391505155601,-61.4613211630531,1.58356976967592,-1.58675656354057,0.100779449358562,-0.026418897440197,33.6658367254795,28.165373136801,66.7976519008478,34.458488739328
2015-03-09,-57.9617647058824,-61.4735294117647,0.758672927937857,339.31424061845,8.90523584586818,66.6130743362869,-57.9391505155601,-61.4613211630531,1.61558775750571,-1.58638877875087,0.0803942379872245,0.0239428208585371,33.6564670413451,12.6723892762754,66.7976519008478,12.5585446989962
2015-03-10,-57.9617647058824,-61.4735294117647,0.723073675501637,338.932036237019,5.52689077214497,66.6130743362869,-57.9391505155601,-61.4613211630531,1.56754198730716,-1.58425536425973,0.0774675912994203,-0.0254617447533749,33.6672637774716,20.7396139808995,66.7976519008478,40.9568417495793
2015-03-11,-57.9617647058824,-61.4735294117647,0.684307397502225,338.626186836057,8.44126908953597,66.6130743362869,-57.9391505155601,-61.4613211630531,1.53394939188372,-1.58838298027976,0.0449960620850124,0.0223341122138918,33.6885980716762,32.4019272620218,66.7976519008478,33.4478464691624
2015-03-12,-57.9617647058824,-61.4735294117647,0.662780894375429,338.237257794636,5.98903351004531,66.6130743362869,-57.9391505155601,-61.4613211630531,1.5138669752399,-1.5807426453602,0.154703719810395,-0.0220367524687417,33.6988595249521,35.5868078031038,66.7976519008478,35.0353226541641
2015-03-13,-57.9617647058824,-61.4735294117647,0.620259665861362,337.492248162991,3.41021858482826,66.6130743362869,-57.9391505155601,-61.4613211630531,1.50750330987408,-1.5879797758522,0.146702186404331,-0.00448593261994814,33.6969524234252,29.549208480176,66.7976519008478,20.7494721322377
2015-03-14,-57.9617647058824,-61.4735294117647,0.616078418565959,337.437680872475,6.60512519173506,66.6130743362869,-57.9391505155601,-61.4613211630531,1.45061779524955,-1.59771810433803,0.131055787326353,0.0600568023177213,33.7026156220842,34.6292431467136,66.7976519008478,0.746577362991871
2015-03-15,-57.9617647058824,-61.4735294117647,0.643341403908846,337.856213825505,7.80199824019176,66.6130743362869,-57.9391505155601,-61.4613211630531,1.41018015186475,-1.59755748003601,0.0789173232710715,0.0495487153278752,33.7053813960066,36.1627881028231,66.7976519008478,8.67110771237122
2015-03-16,-57.9617647058824,-61.4735294117647,0.638275582252479,337.731942153559,4.89393716323666,66.6130743362869,-57.9391505155601,-61.4613211630531,1.37550223102936,-1.59285326251778,0.115609550107064,-0.024086146677031,33.6970948387898,29.7411332728892,66.7976519008478,30.8092253840571
2015-03-17,-57.9617647058824,-61.4735294117647,0.636606815021213,337.742408938524,7.58078517564913,66.6130743362869,-57.9391505155601,-61.4613211630531,1.36273536110214,-1.58777425694562,0.132995627870766,0.0360563214963827,33.698262517108,30.6204452360207,66.7976519008478,2.46578421859972
2015-03-18,-57.9617647058824,-61.4735294117647,0.661611397091935,338.196794091201,8.08335575824831,66.6130743362869,-57.9391505155601,-61.4613211630531,1.34060091773669,-1.58112402386994,0.13490334391976,0.0538213065801523,33.7029205713517,34.2054436010549,66.7976519008478,1.06837573370293
2015-03-19,-57.9617647058824,-61.4735294117647,0.684067914398705,338.560918296256,8.37090131713123,66.6130743362869,-57.9391505155601,-61.4613211630531,1.27797446362725,-1.58062403179534,0.169154089748578,0.0647741978266622,33.7105749287264,36.1778207552417,66.7976519008478,12.4887418195911
2015-03-20,-57.9617647058824,-61.4735294117647,0.716415485957774,339.061900069074,8.62262698208414,66.6130743362869,-57.9391505155601,-61.4613211630531,1.16840733163431,-1.59218811763604,0.107019887183882,0.0980364901243675,33.7198910423619,39.0610169141721,66.7976519008478,10.4577221652225
2015-03-21,-57.9617647058824,-61.4735294117647,0.754319769943633,339.768881821051,8.99456940336925,66.6130743362869,-57.9391505155601,-61.4613211630531,1.09585482682455,-1.60482961671394,0.0758308766814459,0.0586993257174527,33.726149163909,37.968363647358,66.7976519008478,9.98227456307406
2015-03-22,-57.9617647058824,-61.4735294117647,0.784297787561649,340.318027031131,7.55847072310564,66.6130743362869,-57.9391505155601,-61.4613211630531,1.0570165033926,-1.60444535707173,0.106451526254054,0.0403668036113786,33.7287274050487,37.4545735682231,66.7976519008478,1.92457949745141
2015-03-23,-57.9617647058824,-61.4735294117647,0.812446916612183,340.804790589868,8.74356619613927,66.6130743362869,-57.9391505155601,-61.4613211630531,1.03531697834873,-1.59600395712293,0.0966279435646437,0.0584826896195872,33.7327677408854,36.4597360441077,66.7976519008478,2.88876304436585
2015-03-24,-57.9617647058824,-61.4735294117647,0.831489749071075,341.12178523366,8.0735324853804,66.6130743362869,-57.9391505155601,-61.4613211630531,1.04014754999183,-1.59405670651862,0.159701176937896,0.0755574045634945,33.739606489215,36.7599788555089,66.7976519008478,10.0306201236871
2015-03-25,-57.9617647058824,-61.4735294117647,0.830486636336257,341.072908727134,8.05509435839769,66.6130743362869,-57.9391505155601,-61.4613211630531,0.993464855369125,-1.61081305640912,0.130518727839074,0.146114880437793,33.7559940631573,41.8482506477881,66.7976519008478,42.6989380599041
2015-03-26,-57.9617647058824,-61.4735294117647,0.866684969605469,341.412090766721,6.80574078385423,66.6130743362869,-57.9391505155601,-61.4613211630531,0.951143219845819,-1.60964379812542,0.139795366202088,0.0894904840541513,33.7624725207948,43.8408087628734,66.7976519008478,8.10368074565215
2015-03-27,-57.9617647058824,-61.4735294117647,0.888052444995903,341.728392438191,5.7078516425156,66.6130743362869,-57.9391505155601,-61.4613211630531,0.92767634139209,-1.59460282615322,0.12779059523513,0.0475297984635701,33.763530973159,42.5714693532782,66.7976519008478,0.508345909288919
2015-03-28,-57.9617647058824,-61.4735294117647,0.919107303023338,342.162481912752,8.26920190380841,66.6130743362869,-57.9391505155601,-61.4613211630531,0.898680049559044,-1.5900707658325,0.0884105978375263,0.0694602923656282,33.7647665541182,41.8974674459089,66.7976519008478,6.23582870611416
2015-03-29,-57.9617647058824,-61.4735294117647,0.938280756880597,342.483650765768,5.71555530007293,66.6130743362869,-57.9391505155601,-61.4613211630531,0.863738210778809,-1.58971203789215,0.0891469960702978,0.0169865775365739,33.7674396272935,41.3750283914378,66.7976519008478,11.8010676690209
2015-03-30,-57.9617647058824,-61.4735294117647,0.928109899163246,342.534991752811,5.85215071643271,66.6130743362869,-57.9391505155601,-61.4613211630531,0.862848601883401,-1.59452251384133,0.109158242113798,0.0149808403471543,33.7697418820359,38.7630393315263,66.7976519008478,8.33863656164972
2015-03-31,-57.9617647058824,-61.4735294117647,0.923387551453055,342.630599975586,7.0925386359052,66.6130743362869,-57.9391505155601,-61.4613211630531,0.857491180642575,-1.59553403233388,0.112507453075184,0.0217171526198526,33.772853418883,38.8787708501262,66.7976519008478,5.60195901656718
2015-04-01,-57.9617647058824,-61.4735294117647,0.907877348908564,342.594384914491,5.72211138940439,66.6130743362869,-57.9391505155601,-61.4613211630531,0.86369570687554,-1.59968595112223,0.0965035629286538,0.00836314235822714,33.772324200423,36.2566911772034,66.7976519008478,13.3674679239829
2015-04-02,-57.9617647058824,-61.4735294117647,0.878569304579642,342.485317323266,5.83513591638425,66.6130743362869,-57.9391505155601,-61.4613211630531,0.834110296609109,-1.60992715378039,0.0354475987454255,0.0790293482151109,33.7749127221976,38.1283695668827,66.7976519008478,39.0581760990281
2015-04-03,-57.9617647058824,-61.4735294117647,0.848431444386157,342.427391238329,5.47127350655998,66.6130743362869,-57.9391505155601,-61.4613211630531,0.77964155269377,-1.60747825809819,0.0571301554891503,0.0946287957903666,33.7780325937207,41.4699611509377,66.7976519008478,28.0910755051579
2015-04-04,-57.9617647058824,-61.4735294117647,0.841521691621804,342.618141732565,6.76673827229477,66.6130743362869,-57.9391505155601,-61.4613211630531,0.71133643523482,-1.6013049562933,0.0480330862235605,0.0745508289479936,33.7807507894622,43.2024323930625,66.7976519008478,28.1634845047347
2015-04-05,-57.9617647058824,-61.4735294117647,0.832089390333106,342.845685261052,4.38580455431124,66.6130743362869,-57.9391505155601,-61.4613211630531,0.662881444450895,-1.59583962880648,0.0810639155669171,0.0914698622507444,33.7834977936326,43.7452582939755,66.7976519008478,14.6130738083794
2015-04-06,-57.9617647058824,-61.4735294117647,0.833394428578819,343.208447712224,6.54249171803637,66.6130743362869,-57.9391505155601,-61.4613211630531,0.623486618784114,-1.60019047234544,0.0588377092873197,0.0791734976897597,33.7864241040187,43.5578639729303,66.7976519008478,21.9841045390828
2015-04-07,-57.9617647058824,-61.4735294117647,0.854150647433793,343.700623302925,7.07554216791944,66.6130743362869,-57.9391505155601,-61.4613211630531,0.607072354760649,-1.59788449299641,0.0650007186329317,0.0471764262841057,33.7902358102734,42.8253784887543,66.7976519008478,15.5376829293811
2015-04-08,-57.9617647058824,-61.4735294117647,0.866499855387502,344.110318439763,5.79703374606807,66.6130743362869,-57.9391505155601,-61.4613211630531,0.60256599434796,-1.59209256873601,0.0988585540469278,0.0485256656139647,33.7916340383923,42.3243559375305,66.7976519008478,2.46217180679724
2015-04-09,-57.9617647058824,-61.4735294117647,0.860026469317878,344.328221390887,4.23140939125201,66.6130743362869,-57.9391505155601,-61.4613211630531,0.612121377527392,-1.59029852410881,0.110772716607924,0.0081621567227258,33.7911500866436,41.26774002312,66.7976519008478,11.083482020894
2015-04-10,-57.9617647058824,-61.4735294117647,0.843849469612284,344.420123960914,4.05510257947736,66.6130743362869,-57.9391505155601,-61.4613211630531,0.63393754088766,-1.59158557323631,0.12174455293639,0.0200145409395981,33.7871818388039,38.349741942165,66.7976519008478,5.87822088577279
2015-04-11,-57.9617647058824,-61.4735294117647,0.798744024299994,344.126020478039,3.43231398448711,66.6130743362869,-57.9391505155601,-61.4613211630531,0.647368650928683,-1.59811595689591,0.171916818319142,0.0442547217946545,33.7852584797683,40.2282161879958,66.7976519008478,13.8269508781468
2015-04-12,-57.9617647058824,-61.4735294117647,0.78624390683523,344.165961288824,5.83216276982935,66.6130743362869,-57.9391505155601,-61.4613211630531,0.60026191004053,-1.6104448581675,0.0992325192289716,0.0978305622251571,33.784947569071,45.2629466462232,66.7976519008478,11.7046237913347
2015-04-13,-57.9617647058824,-61.4735294117647,0.805126816034317,344.566873317812,4.88717331828141,66.6130743362869,-57.9391505155601,-61.4613211630531,0.544204720400284,-1.61373846846232,0.0818225539386192,0.0690097222041826,33.7822067013636,45.8914385266632,66.7976519008478,8.48582229962647
2015-04-14,-57.9617647058824,-61.4735294117647,0.811235309374042,344.86621428699,4.0551266931906,66.6130743362869,-57.9391505155601,-61.4613211630531,0.486696482951503,-1.6232193869296,0.0840852889917318,0.0983972755812521,33.7789880389627,46.6058022348504,66.7976519008478,16.2903035990018
2015-04-15,-57.9617647058824,-61.4735294117647,0.798051009454378,345.122617768078,2.21756361097824,66.6130743362869,-57.9391505155601,-61.4613211630531,0.424711536007774,-1.63629662974482,0.0799304883419341,0.0777254131158836,33.775884769867,46.7069128154904,66.7976519008478,10.8959594052917
2015-04-16,-57.9617647058824,-61.4735294117647,0.763786142555679,345.25860186321,1.96423214601307,66.6130743362869,-57.9391505155601,-61.4613211630531,0.410555889520809,-1.63714340695164,0.147595089793648,0.0881849010292737,33.7699972711272,46.9462009164808,66.7976519008478,9.47772657394332
2015-04-17,-57.9617647058824,-61.4735294117647,0.735000027025618,345.572334475634,1.63546356922243,66.6130743362869,-57.9391505155601,-61.4613211630531,0.382887093081326,-1.64456834146368,0.104174787940284,0.095276232909376,33.7629873813727,47.8638154697804,66.7976519008478,9.70588580720498
2015-04-18,-57.9617647058824,-61.4735294117647,0.718980007782215,345.87393486209,2.34926888928181,66.6130743362869,-57.9391505155601,-61.4613211630531,0.361699586646197,-1.65785892257485,0.0876461937822472,0.0578673773881314,33.7546761290104,46.3006170211051,66.7976519008478,5.39360729134203
2015-04-19,-57.9617647058824,-61.4735294117647,0.704012383775013,345.972492869307,2.49530643152028,66.6130743362869,-57.9391505155601,-61.4613211630531,0.378087160900215,-1.65780744137552,0.129507210296698,0.00787632887763211,33.7495052734046,45.1132369729993,66.7976519008478,11.1870795455241
2015-04-20,-57.9617647058824,-61.4735294117647,0.710306606278187,346.198139469798,4.82539411870445,66.6130743362869,-57.9391505155601,-61.4613211630531,0.371598950714154,-1.65438121484841,0.0852977922852384,0.0666967404405517,33.7454279077198,45.2699480442866,66.7976519008478,6.89513732348557
2015-04-21,-57.9617647058824,-61.4735294117647,0.721711387358061,346.362604280797,3.42053841381538,66.6130743362869,-57.9391505155601,-61.4613211630531,0.360883123730278,-1.63926775622786,0.112187853160939,0.0331996901616876,33.7404485128508,44.9338737261279,66.7976519008478,2.54853458724053
2015-04-22,-57.9617647058824,-61.4735294117647,0.724059792190063,346.493334514339,3.94054698071829,66.6130743362869,-57.9391505155601,-61.4613211630531,0.350701061498459,-1.64154737825818,0.0705212325652038,0.0630864130330552,33.7338032741778,43.4493397302151,66.7976519008478,12.7744850917481
2015-04-23,-57.9617647058824,-61.4735294117647,0.73202575815887,346.745510938691,4.02416472754827,66.6130743362869,-57.9391505155601,-61.4613211630531,0.311795521432009,-1.63000141416001,0.0764568972975699,0.085173411815152,33.7266205184051,42.7312692585583,66.7976519008478,14.3825187890343
2015-04-24,-57.9617647058824,-61.4735294117647,0.731939523321826,347.043464474562,3.55948098694406,66.6130743362869,-57.9391505155601,-61.4613211630531,0.256717891094253,-1.61933641073353,0.0733004350481648,0.0948586116184188,33.7216432548245,43.5457140385863,66.7976519008478,19.2779256613293
2015-04-25,-57.9617647058824,-61.4735294117647,0.732076840429771,347.392751554164,3.23912032929862,66.6130743362869,-57.9391505155601,-61.4613211630531,0.243708850863652,-1.61088636754817,0.101227548320284,0.0812294814740678,33.7166474531537,43.3593493331621,66.7976519008478,5.45106565278643
2015-04-26,-57.9617647058824,-61.4735294117647,0.726356834173203,347.633090879859,2.64831597339816,66.6130743362869,-57.9391505155601,-61.4613211630531,0.239265751078544,-1.60208789298409,0.0987341739136761,0.050833705133996,33.7108135197648,41.3669972117291,66.7976519008478,2.38292905910963
2015-04-27,-57.9617647058824,-61.4735294117647,0.720069422954466,347.908158092964,3.29846068853285,66.6130743362869,-57.9391505155601,-61.4613211630531,0.224756238773445,-1.59915094883979,0.0800672247100938,0.106771950251781,33.7099300132268,42.8723299371408,66.7976519008478,21.8719324764505
2015-04-28,-57.9617647058824,-61.4735294117647,0.711122998740615,348.070056077911,2.76265550386615,66.6130743362869,-57.9391505155601,-61.4613211630531,0.223278500602232,-1.58666266008266,0.13203353291018,0.0106901272216387,33.7083608238642,41.9367996233838,66.7976519008478,10.1859027369287
2015-04-29,-57.9617647058824,-61.4735294117647,0.684508533012576,347.902026292754,2.65186426406953,66.6130743362869,-57.9391505155601,-61.4613211630531,0.259065468291602,-1.58612724788758,0.152104086701365,0.0240622591805442,33.7080519414945,41.6159639808974,66.7976519008478,9.62281648621055
2015-04-30,-57.9617647058824,-61.4735294117647,0.67128352057643,348.041440265935,2.38348800525433,66.6130743362869,-57.9391505155601,-61.4613211630531,0.295052103748527,-1.58820588337748,0.109811445323602,0.0340876511867471,33.7007621219445,39.0286861836669,66.7976519008478,2.58620739187886
2015-05-01,-57.9617647058824,-61.4735294117647,0.654691140462713,348.017009083818,1.63867945351252,66.6130743362869,-57.9391505155601,-61.4613211630531,0.319945322940385,-1.58209559277163,0.0831133094836182,0.0169297414662143,33.6761208301292,23.5626792186989,66.7976519008478,13.8835328103509
2015-05-02,-57.9617647058824,-61.4735294117647,0.650081315055126,348.322535817216,2.79622148595205,66.6130743362869,-57.9391505155601,-61.4613211630531,0.297594406374312,-1.58460049928441,0.0806454699712726,0.0754536167993719,33.6594015165218,14.9275056347351,66.7976519008478,10.1029125208033
2015-05-03,-57.9617647058824,-61.4735294117647,0.642456278931804,348.456589489448,2.36116306665467,66.6130743362869,-57.9391505155601,-61.4613211630531,0.258979473046848,-1.58357580197163,0.0448107270023681,0.0240639065079361,33.6567017250215,20.8057168299048,66.7976519008478,33.0500798126421
2015-05-04,-57.9617647058824,-61.4735294117647,0.619580432045751,348.430167965773,2.87176896304619,66.6130743362869,-57.9391505155601,-61.4613211630531,0.217579076114373,-1.58720342784758,0.0102642684792861,0.094690574159627,33.6603795204729,30.0211950783466,66.7976519008478,68.6997446408603
2015-05-05,-57.9617647058824,-61.4735294117647,0.611501465846853,348.57427271401,2.26807442525538,66.6130743362869,-57.9391505155601,-61.4613211630531,0.158178936795667,-1.58104083026469,0.0695385450243387,0.0853826346707891,33.6634210130946,36.7037605885391,66.7976519008478,17.71942107824
2015-05-06,-57.9617647058824,-61.4735294117647,0.60571127875549,348.786333037586,1.96836971218993,66.6130743362869,-57.9391505155601,-61.4613211630531,0.136354866026625,-1.57679789140318,0.076652116983043,0.0934500646665592,33.6595207760048,37.4963769037553,66.7976519008478,17.1972959587837
2015-05-07,-57.9617647058824,-61.4735294117647,0.603869443259588,349.05973815918,2.00539753495193,66.6130743362869,-57.9391505155601,-61.4613211630531,0.119141932752853,-1.57211756175346,0.0664982258991996,0.0831594376368561,33.6554042079992,37.449837248335,66.7976519008478,18.6417755936876
2015-05-08,-57.9617647058824,-61.4735294117647,0.602050871747296,349.098950641911,1.98819640496882,66.6130743362869,-57.9391505155601,-61.4613211630531,0.0980760059677638,-1.57071972552903,0.0705755976620715,0.0323257324576137,33.6536373442162,36.9273981874288,66.7976519008478,14.7669977691892
2015-05-09,-57.9617647058824,-61.4735294117647,0.596031952558494,349.185116279416,1.76728088535914,66.6130743362869,-57.9391505155601,-61.4613211630531,0.0776950786953513,-1.57765455509809,0.103144324798132,0.0473634087896621,33.6539771251189,37.2086956922503,66.7976519008478,1.70892997720069
2015-05-10,-57.9617647058824,-61.4735294117647,0.585249109239113,349.367264538276,1.42986207691635,66.6130743362869,-57.9391505155601,-61.4613211630531,0.069051051761216,-1.57853221716347,0.105079223038616,0.03807606202187,33.6537053961503,37.3275160461302,66.7976519008478,2.46869481097048
2015-05-11,-57.9617647058824,-61.4735294117647,0.558505592913162,349.437756794255,0.558184103631392,66.6130743362869,-57.9391505155601,-61.4613211630531,0.0859180248258246,-1.58342012075277,0.115258649142406,0.0149116484239677,33.6524883790216,36.6971708096956,66.7976519008478,7.87267734439508
2015-05-12,-57.9617647058824,-61.4735294117647,0.529318917451835,349.474863564096,0.770686805975146,66.6130743362869,-57.9391505155601,-61.4613211630531,0.0924971739229886,-1.60192109103467,0.0629999234055781,0.0358446276370893,33.6484110854094,35.4035319612737,66.7976519008478,18.1100197061474
2015-05-13,-57.9617647058824,-61.4735294117647,0.506875543332681,349.477596748166,0.754951501764902,66.6130743362869,-57.9391505155601,-61.4613211630531,0.109063658043843,-1.60179053176592,0.0696925789560223,-0.0225804020398059,33.6412201957342,30.2415379075065,66.7976519008478,42.3328730168899
2015-05-14,-57.9617647058824,-61.4735294117647,0.485363682595695,349.605348912681,0.758688352456907,66.6130743362869,-57.9391505155601,-61.4613211630531,0.129940789620242,-1.59989764574568,0.0924772616631669,0.0210334721967759,33.6382383534461,31.3743471320663,66.7976519008478,9.39229525111626
2015-05-15,-57.9617647058824,-61.4735294117647,0.476527306001361,349.760062240973,1.17666852474213,66.6130743362869,-57.9391505155601,-61.4613211630531,0.101234115720519,-1.5943808386683,0.056553557444761,0.0231957145980415,33.6318073504367,30.7100238323855,66.7976519008478,25.1418647389002
2015-05-16,-57.9617647058824,-61.4735294117647,0.460637245963259,349.775997999238,0.536758868069183,66.6130743362869,-57.9391505155601,-61.4613211630531,0.0770614806678292,-1.58460296937811,0.0497299317325819,-0.0189338315695564,33.6287431961451,30.8276086130284,66.7976519008478,51.6905524486958
2015-05-17,-57.9617647058824,-61.4735294117647,0.436119556427002,349.641123329721,0.764527270706688,66.6130743362869,-57.9391505155601,-61.4613211630531,0.0613816376981626,-1.58088885354288,0.0250811901511612,-0.0234288250255762,33.6355656509296,34.4727379429517,66.7976519008478,75.5127733417401
2015-05-18,-57.9617647058824,-61.4735294117647,0.427476031024282,349.963358064977,1.03620733429746,66.6130743362869,-57.9391505155601,-61.4613211630531,0.0271218314606008,-1.5756743489972,0.10219211445043,0.0558393996475357,33.63923940517,37.0021500079094,66.7976519008478,1.65043834644289
2015-05-19,-57.9617647058824,-61.4735294117647,0.430607401016282,350.485835377763,1.29388177322178,66.6130743362869,-57.9391505155601,-61.4613211630531,-0.0417417649798065,-1.59070955307377,0.0615724313767896,0.0771183376319897,33.6388521541951,39.1332975778824,66.7976519008478,19.8502179262342
2015-05-20,-57.9617647058824,-61.4735294117647,0.421426353658118,350.581697417469,0.371598866291162,66.6130743362869,-57.9391505155601,-61.4613211630531,-0.115238243088066,-1.59368891947665,0.0709685079461811,-0.0382663394184972,33.6383517493121,39.8847283042877,66.7976519008478,54.9805693572057
2015-05-21,-57.9617647058824,-61.4735294117647,0.395473977959738,350.545615219488,0.229699837725337,66.6130743362869,-57.9391505155601,-61.4613211630531,-0.10612667571155,-1.5967877231307,0.0512430896924736,-0.0099537292502911,33.6325468199778,29.0485977836949,66.7976519008478,44.4635769431174
2015-05-22,-57.9617647058824,-61.4735294117647,0.384146561528124,350.945810829721,0.717849636586701,66.6130743362869,-57.9391505155601,-61.4613211630531,-0.135040925491435,-1.59872426645637,0.10685679237088,0.0676794280568276,33.6358270889673,35.5781587492599,66.7976519008478,1.80147946877842
2015-05-23,-57.9617647058824,-61.4735294117647,0.386933907503035,351.549940900105,1.04001305597584,66.6130743362869,-57.9391505155601,-61.4613211630531,-0.200638669604554,-1.59966247574038,0.072646408121877,0.070558299736576,33.6374640574179,39.7784695708961,66.7976519008478,12.6771262022835
2015-05-24,-57.9617647058824,-61.4735294117647,0.386075581174071,351.667700418612,0.90799284199389,66.6130743362869,-57.9391505155601,-61.4613211630531,-0.306573235584415,-1.59766332871518,-0.0272772048578652,0.044347801123835,33.6409214858906,42.0562377909095,66.7976519008478,109.376697919515
2015-05-25,-57.9617647058824,-61.4735294117647,0.37636654642297,351.630023491092,0.575535574700774,66.6130743362869,-57.9391505155601,-61.4613211630531,-0.42566214276631,-1.59092001377651,-0.0248447850788975,0.0902647726117117,33.645406535119,45.3325503191002,66.7976519008478,111.801963188633
2015-05-26,-57.9617647058824,-61.4735294117647,0.372328821660542,351.862148005788,0.778233087280901,66.6130743362869,-57.9391505155601,-61.4613211630531,-0.509105430561521,-1.58710870118598,0.00560370904573223,0.0387968096112915,33.6510715510359,47.6251454256807,66.7976519008478,66.9650837310258
2015-05-27,-57.9617647058824,-61.4735294117647,0.374198880864353,352.064632508813,0.822202056646347,66.6130743362869,-57.9391505155601,-61.4613211630531,-0.566226196091989,-1.59030964290887,0.0544102603567113,0.0371757454405992,33.6575253804525,48.4643014954169,66.7976519008478,23.1637596242759
2015-05-28,-57.9617647058824,-61.4735294117647,0.374598706640848,352.322615088486,0.574060808594634,66.6130743362869,-57.9391505155601,-61.4613211630531,-0.599764430319812,-1.59419962124303,0.0580535360364377,0.0218547123827432,33.663173927791,49.2904841465506,66.7976519008478,24.6227595431305
2015-05-29,-57.9617647058824,-61.4735294117647,0.369363217819028,352.710402698052,0.470637423963082,66.6130743362869,-57.9391505155601,-61.4613211630531,-0.614476577000499,-1.61001735081074,0.0702617634163212,0.0421526100380942,33.6690037581924,50.5169905547993,66.7976519008478,13.2497777048835
2015-05-30,-57.9617647058824,-61.4735294117647,0.361411829365463,352.992217273247,0.598652211267774,66.6130743362869,-57.9391505155601,-61.4613211630531,-0.661433072255449,-1.61130151655349,0.030324113413229,0.0803365782305458,33.6818742378842,54.3165657710128,66.7976519008478,43.8686369920101
2015-05-31,-57.9617647058824,-61.4735294117647,0.351798794073303,353.373018590415,0.46616288329043,66.6130743362869,-57.9391505155601,-61.4613211630531,-0.717206574433487,-1.61357619662677,0.101841213158992,0.0972070127987025,33.6894461339624,57.2831628029807,66.7976519008478,10.9195874846794
2015-06-01,-57.9617647058824,-61.4735294117647,0.344913145572674,354.077054279607,0.435335997128632,66.6130743362869,-57.9391505155601,-61.4613211630531,-0.753542134244191,-1.61173849694642,0.0649076389417796,0.078733635907955,33.6973846064888,59.9178038377028,66.7976519008478,18.3294862043932
2015-06-02,-57.9617647058824,-61.4735294117647,0.340842503600004,354.604134536371,0.424776242727914,66.6130743362869,-57.9391505155601,-61.4613211630531,-0.804534483645689,-1.60020488669515,0.0761183520298899,0.0457374024859726,33.7093511573699,61.0532898458875,66.7976519008478,10.1209911783427
2015-06-03,-57.9617647058824,-61.4735294117647,0.337005713909138,355.018477649224,0.376679353779409,66.6130743362869,-57.9391505155601,-61.4613211630531,-0.841087506357555,-1.58697731903529,0.0588129978782815,0.0459499197701613,33.7189289046685,61.3576512278816,66.7976519008478,19.2449749707236
2015-06-04,-57.9617647058824,-61.4735294117647,0.332853964734368,355.124838480135,0.372699718558934,66.6130743362869,-57.9391505155601,-61.4613211630531,-0.864008760625212,-1.57763190066766,0.049539654431475,0.0175607045672522,33.7306276751272,62.2956526855386,66.7976519008478,31.7683244848373
2015-06-05,-57.9617647058824,-61.4735294117647,0.326193336669992,355.15767353337,0.219273642114386,66.6130743362869,-57.9391505155601,-61.4613211630531,-0.882054959151105,-1.57895189547828,0.0603500436564126,0.0183284036342593,33.7416550743113,62.6996832524556,66.7976519008478,24.4250920797332
2015-06-06,-57.9617647058824,-61.4735294117647,0.315156571567059,355.091881728754,0.143773604184389,66.6130743362869,-57.9391505155601,-61.4613211630531,-0.892913125746968,-1.58117550555189,0.0738276103498884,0.00186241156196626,33.7554893905495,64.2449660371994,66.7976519008478,24.5285363979833
2015-06-07,-57.9617647058824,-61.4735294117647,0.303877877389512,355.104869935571,0.16727164646656,66.6130743362869,-57.9391505155601,-61.4613211630531,-0.912128664261577,-1.598424435788,0.0544909840391876,0.0283925102900477,33.7639077272814,63.7935722121986,66.7976519008478,24.9978919634034
2015-06-08,-57.9617647058824,-61.4735294117647,0.293621285659511,355.214848588153,0.118658516101721,66.6130743362869,-57.9391505155601,-61.4613211630531,-0.93851148563358,-1.61281014373589,0.109808974299836,0.0167345220572472,33.7720192511555,62.6698236568415,66.7976519008478,7.59464335785594
2015-06-09,-57.9617647058824,-61.4735294117647,0.28619134062674,355.448362024819,0.238138549484131,66.6130743362869,-57.9391505155601,-61.4613211630531,-0.95333235872741,-1.62103201969754,0.127990757103874,0.0302994022656147,33.7773980978529,61.3304688444665,66.7976519008478,3.16960111800714
2015-06-10,-57.9617647058824,-61.4735294117647,0.277025670721764,355.674598135599,0.121767964259517,66.6130743362869,-57.9391505155601,-61.4613211630531,-0.956156371334786,-1.61987017796912,0.140965036198235,-0.0241289796425826,33.7871940499536,61.805338582851,66.7976519008478,32.8698792595005
2015-06-11,-57.9617647058824,-61.4735294117647,0.269388193037452,356.001646460556,0.220791719672157,66.6130743362869,-57.9391505155601,-61.4613211630531,-0.972934384738546,-1.62597758358146,0.0585197565999189,0.0737831300167259,33.8012404757151,63.7684490909139,66.7976519008478,20.9829762731552
2015-06-12,-57.9617647058824,-61.4735294117647,0.264145312876236,355.779279755383,0.190520277383124,66.6130743362869,-57.9391505155601,-61.4613211630531,-0.997888888826898,-1.61825693667176,0.0360480843214934,0.001130955949848,33.8206040592168,66.4222415790223,66.7976519008478,49.6052933395138
2015-06-13,-57.9617647058824,-61.4735294117647,0.25700198568222,355.29743920303,0.108378224347423,66.6130743362869,-57.9391505155601,-61.4613211630531,-1.02389609640748,-1.60507961339474,0.0625641799397395,1.23556366494471e-05,33.8345578048232,67.1508143730009,66.7976519008478,31.3831277434902
2015-06-14,-57.9617647058824,-61.4735294117647,0.247915279211068,354.841126232612,0.0885049270057097,66.6130743362869,-57.9391505155601,-61.4613211630531,-1.0385884727061,-1.59452087032972,-0.00526104499453958,-0.0189881963647812,33.8469793857672,67.6304203463309,66.7976519008478,105.653528147545
2015-06-15,-57.9617647058824,-61.4735294117647,0.238118835157011,354.263656988377,0.105437635148807,66.6130743362869,-57.9391505155601,-61.4613211630531,-1.05948438484337,-1.58202187059379,-0.0107016592473797,-0.00536977493187837,33.8613099163843,69.900157304267,66.7976519008478,103.582920522575
2015-06-16,-57.9617647058824,-61.4735294117647,0.231257015793789,354.05620630776,0.111703837165473,66.6130743362869,-57.9391505155601,-61.4613211630531,-1.09126811479589,-1.57050844258786,-0.00641918346768449,0.0476451180573658,33.8761760747706,72.0825807221344,66.7976519008478,80.4989794687664
2015-06-17,-57.9617647058824,-61.4735294117647,0.225851541612206,354.153728205983,0.0810999679293983,66.6130743362869,-57.9391505155601,-61.4613211630531,-1.13374592635313,-1.56843145575761,0.0563220945105218,0.0902787755003423,33.8867275531475,71.1707321571113,66.7976519008478,26.9437926087303
2015-06-18,-57.9617647058824,-61.4735294117647,0.221651430173618,354.227415875691,0.119792935290805,66.6130743362869,-57.9391505155601,-61.4613211630531,-1.17486263761314,-1.57448614464115,0.0457670558822139,0.0392506746336436,33.8941943468513,70.3437256973926,66.7976519008478,28.8984365810684
2015-06-19,-57.9617647058824,-61.4735294117647,0.215504048074164,354.157219491354,0.0419624684628372,66.6130743362869,-57.9391505155601,-61.4613211630531,-1.19315891629449,-1.57581479153652,0.0824947023711465,-0.0372235207653802,33.9009590509289,70.2329366313301,66.7976519008478,49.0000751492827
2015-06-20,-57.9617647058824,-61.4735294117647,0.209181634572948,354.349708743212,0.0856916820744007,66.6130743362869,-57.9391505155601,-61.4613211630531,-1.24890276544329,-1.57437329704141,0.101626224489066,0.0216702008808431,33.885858589821,42.1001004464874,66.7976519008478,7.05638509225234
2015-06-21,-57.9617647058824,-61.4735294117647,0.205089497493535,354.560220857946,0.0894967054085034,66.6130743362869,-57.9391505155601,-61.4613211630531,-1.26003670829189,-1.57389060141426,-0.000587306248071866,0.0430043278143876,33.8973431194681,57.6832804789266,66.7976519008478,73.694554205806
2015-06-22,-57.9617647058824,-61.4735294117647,0.20135562594344,354.674403492997,0.0974795393100599,66.6130743362869,-57.9391505155601,-61.4613211630531,-1.25190469867948,-1.5906959643409,0.0541120766738729,0.0782039892305488,33.9138707870092,75.0156116369765,66.7976519008478,24.7631693771973
2015-06-23,-57.9617647058824,-61.4735294117647,0.196738457988675,354.970524485518,0.0537310988278832,66.6130743362869,-57.9391505155601,-61.4613211630531,-1.28989295188875,-1.60637325088666,0.156160041709982,0.0376345526713591,33.9077876267324,56.5438815308647,66.7976519008478,7.8162831649403
2015-06-24,-57.9617647058824,-61.4735294117647,0.193882777469187,355.598526373142,0.156307736002817,66.6130743362869,-57.9391505155601,-61.4613211630531,-1.30029741617349,-1.61506134907083,0.157482922524616,0.0757353260922126,33.9143197166453,63.4855041671218,66.7976519008478,9.219072462932
2015-06-25,-57.9617647058824,-61.4735294117647,0.191887536881174,356.145056003478,0.0706191409901693,66.6130743362869,-57.9391505155601,-61.4613211630531,-1.30326178794609,-1.60485185881858,0.105635228286549,0.0281832874997666,33.9247768160142,71.1003052560907,66.7976519008478,4.47716171471103
2015-06-26,-57.9617647058824,-61.4735294117647,0.188539438494822,356.600073093321,0.0760810489982094,66.6130743362869,-57.9391505155601,-61.4613211630531,-1.30020549205633,-1.59660156455278,0.148022595843283,0.0494614018883943,33.9335164058546,70.8185959351368,66.7976519008478,3.96043381944181
2015-06-27,-57.9617647058824,-61.4735294117647,0.185074227975636,357.025712920398,0.0730701255861942,66.6130743362869,-57.9391505155601,-61.4613211630531,-1.2947067253181,-1.60442558425641,0.155303381398501,0.031029210575478,33.9441793341386,73.1544358669183,66.7976519008478,8.82976776499006
2015-06-28,-57.9617647058824,-61.4735294117647,0.182986472438021,357.434770537586,0.130796177403592,66.6130743362869,-57.9391505155601,-61.4613211630531,-1.31563426688937,-1.62198835249372,0.130335863654511,0.0706497315774884,33.9516256386452,72.542006133539,66.7976519008478,1.84557093681721
2015-06-29,-57.9617647058824,-61.4735294117647,0.181836139592456,357.564711780083,0.112541402712828,66.6130743362869,-57.9391505155601,-61.4613211630531,-1.31726620264864,-1.62281906266927,0.0523592189869337,0.105931764455982,33.9685446704448,78.6584758282351,66.7976519008478,36.4186900832892
2015-06-30,-57.9617647058824,-61.4735294117647,0.178416751143409,357.016795460771,0.0916138175965809,66.6130743362869,-57.9391505155601,-61.4613211630531,-1.32022859837845,-1.61942084212052,0.0766488221171092,0.122429880958337,33.9894278625406,84.0020980925052,66.7976519008478,32.7517718609984
2015-07-01,-57.9617647058824,-61.4735294117647,0.174828991929932,356.466646892268,0.110791691783361,66.6130743362869,-57.9391505155601,-61.4613211630531,-1.34161774695483,-1.60698444463624,0.0787797637645774,0.128940496387591,34.0067051567047,86.146013038522,66.7976519008478,36.4939255988616
2015-07-02,-57.9617647058824,-61.4735294117647,0.171819467733546,356.287667995546,0.0845745560917549,66.6130743362869,-57.9391505155601,-61.4613211630531,-1.3853400231373,-1.60288894948689,0.141390895488573,0.103386495820424,34.0121828097242,83.8674211489205,66.7976519008478,14.2871171133273
2015-07-03,-57.9617647058824,-61.4735294117647,0.167707117683277,355.724700183403,0.0766986205537872,66.6130743362869,-57.9391505155601,-61.4613211630531,-1.37963071236244,-1.61012484525379,0.0752748714787597,0.152197165673601,34.0364759911088,90.686517181345,66.7976519008478,58.0802241441247
2015-07-04,-57.9617647058824,-61.4735294117647,0.164345341575582,355.229278564453,0.0891238532572837,66.6130743362869,-57.9391505155601,-61.4613211630531,-1.38095622973243,-1.60319207779631,0.0393000972204604,0.113737254093091,34.0552504123786,91.5468839807549,66.7976519008478,50.4798707212779
2015-07-05,-57.9617647058824,-61.4735294117647,0.162510012617198,354.947675007146,0.108703172407908,66.6130743362869,-57.9391505155601,-61.4613211630531,-1.39720048064645,-1.59773334317844,0.0463650703540778,0.0902828941732524,34.0670480097515,91.1280268670415,66.7976519008478,33.8105505652848
2015-07-06,-57.9617647058824,-61.4735294117647,0.161264798899249,354.683785787443,0.108150250267056,66.6130743362869,-57.9391505155601,-61.4613211630531,-1.40692389992728,-1.58819641339795,0.0783481387253071,0.0686769427357093,34.0773485057589,92.2834881655118,66.7976519008478,9.83429859540011
2015-07-07,-57.9617647058824,-61.4735294117647,0.16002074211109,354.528603158346,0.112885940615542,66.6130743362869,-57.9391505155601,-61.4613211630531,-1.41584271747574,-1.59045996920139,0.10913353068465,0.0913767828210163,34.0869303097126,95.1193209157782,66.7976519008478,7.50665606700908
2015-07-08,-57.9617647058824,-61.4735294117647,0.158649412506237,354.401209017126,0.12940303038624,66.6130743362869,-57.9391505155601,-61.4613211630531,-1.42935389272275,-1.6069642651258,0.12243647119797,0.0960571115607755,34.0947165032308,96.5464010830672,66.7976519008478,8.75318553682632
2015-07-09,-57.9617647058824,-61.4735294117647,0.158134938194984,354.372722718774,0.191257425652045,66.6130743362869,-57.9391505155601,-61.4613211630531,-1.45518713151878,-1.61266516915217,0.132694149573362,0.043938416585467,34.0975707204718,93.9164959962873,66.7976519008478,1.30284492296074
2015-07-10,-57.9617647058824,-61.4735294117647,0.157727563617433,354.414442108899,0.172593344411835,66.6130743362869,-57.9391505155601,-61.4613211630531,-1.5038882485929,-1.62162715445968,0.132536820836074,0.0112148314694322,34.0877253523401,73.0405576232313,66.7976519008478,10.0189631963477
2015-07-11,-57.9617647058824,-61.4735294117647,0.156600928252063,354.502798685213,0.187448159359941,66.6130743362869,-57.9391505155601,-61.4613211630531,-1.54467580321668,-1.63538313314178,0.150126355057947,0.0648392708959528,34.0776719364882,59.6266218962779,66.7976519008478,5.00864487596731
2015-07-12,-57.9617647058824,-61.4735294117647,0.154248361453051,354.304735137195,0.122106572295107,66.6130743362869,-57.9391505155601,-61.4613211630531,-1.55016962638912,-1.64691344607375,0.13497912521787,0.104136897283688,34.0869119312117,75.1299018242099,66.7976519008478,13.5112752707031
2015-07-13,-57.9617647058824,-61.4735294117647,0.15112089765508,354.254521811881,0.0775594001454188,66.6130743362869,-57.9391505155601,-61.4613211630531,-1.58822905116397,-1.6502515381647,0.0747979425607744,0.0715689937585359,34.0803820240675,56.0813675879145,66.7976519008478,11.8448641832309
2015-07-14,-57.9617647058824,-61.4735294117647,0.14933392905244,353.690265934642,0.190902617873579,66.6130743362869,-57.9391505155601,-61.4613211630531,-1.54978610886897,-1.64375080737347,0.0675484578900652,0.118998298961946,34.1019487110709,87.8315331720308,66.7976519008478,34.8575683719563
2015-07-15,-57.9617647058824,-61.4735294117647,0.148190886145685,353.319946289062,0.14252018705919,66.6130743362869,-57.9391505155601,-61.4613211630531,-1.56834828306628,-1.63356890755626,0.112603003624198,0.0340909459672154,34.1007708705228,77.6710519237235,66.7976519008478,2.33191761419864
2015-07-16,-57.9617647058824,-61.4735294117647,0.146069241733086,353.018858002453,0.151740215343946,66.6130743362869,-57.9391505155601,-61.4613211630531,-1.59528265581762,-1.63582834718038,0.130079689477137,0.0877738690579388,34.0994509543806,75.2884664020718,66.7976519008478,6.09098999996077
2015-07-17,-57.9617647058824,-61.4735294117647,0.142496355513974,352.839280291301,0.0713146733313163,66.6130743362869,-57.9391505155601,-61.4613211630531,-1.62169315329126,-1.63011261567413,0.146473195041843,0.0254065560958727,34.0872003243841,61.0932401883618,66.7976519008478,7.593017778701
2015-07-18,-57.9617647058824,-61.4735294117647,0.139134831090526,352.821005100157,0.116099302043639,66.6130743362869,-57.9391505155601,-61.4613211630531,-1.6308650158034,-1.61977750762754,0.0863554377294826,0.0815235464286949,34.0931969512651,72.2143750673364,66.7976519008478,9.47205281099317
2015-07-19,-57.9617647058824,-61.4735294117647,0.136324616285359,352.160363174066,0.118998909482687,66.6130743362869,-57.9391505155601,-61.4613211630531,-1.62708516786938,-1.61923138767119,0.126821087082589,0.110855911394604,34.1029167072332,81.9605294226313,66.7976519008478,16.2221064472243
2015-07-20,-57.9617647058824,-61.4735294117647,0.132850824241958,350.940453506098,0.13345626650787,66.6130743362869,-57.9391505155601,-61.4613211630531,-1.59923844958446,-1.62467570938723,0.0525041916602456,0.120363189221715,34.1233651319496,95.396705570813,66.7976519008478,44.8169591022291
2015-07-21,-57.9617647058824,-61.4735294117647,0.130389789073932,350.078101925734,0.125903205264632,66.6130743362869,-57.9391505155601,-61.4613211630531,-1.6106066550964,-1.6273984859186,0.145034994708824,0.0993947904009005,34.1257765714617,93.2832676350829,66.7976519008478,13.241496381815
2015-07-22,-57.9617647058824,-61.4735294117647,0.12864787631282,349.599823370212,0.122198125642792,66.6130743362869,-57.9391505155601,-61.4613211630531,-1.6081266269671,-1.63640824438911,0.138914818715872,0.0843315790137138,34.1325679835681,96.8678543783232,66.7976519008478,6.25198207294514
2015-07-23,-57.9617647058824,-61.4735294117647,0.125726657124554,348.392950662752,0.102510839155534,66.6130743362869,-57.9391505155601,-61.4613211630531,-1.59126261628752,-1.64200865530614,0.10683290449734,0.130244431642667,34.1444808609894,103.103556245606,66.7976519008478,29.7652892318015
2015-07-24,-57.9617647058824,-61.4735294117647,0.122398765439667,347.004225568074,0.0963444123726066,66.6130743362869,-57.9391505155601,-61.4613211630531,-1.57259270263265,-1.65299655921385,0.0923874771345643,0.127050902488341,34.1574892978437,108.802816079535,66.7976519008478,30.3777321496109
2015-07-25,-57.9617647058824,-61.4735294117647,0.121032035568865,346.32585144043,0.112407191679245,66.6130743362869,-57.9391505155601,-61.4613211630531,-1.58496517771491,-1.64927749900844,0.0902936025579207,0.0651283937980209,34.1594930332199,107.596078825061,66.7976519008478,5.08907846622794
2015-07-26,-57.9617647058824,-61.4735294117647,0.121055943482533,346.104377932665,0.10576746090338,66.6130743362869,-57.9391505155601,-61.4613211630531,-1.59211169675938,-1.65123999327944,0.0431262370545854,0.0316436993418194,34.1571969149405,103.7993864183,66.7976519008478,32.3333493938172
2015-07-27,-57.9617647058824,-61.4735294117647,0.120365335992197,345.900918727968,0.0612931099788445,66.6130743362869,-57.9391505155601,-61.4613211630531,-1.62625091407302,-1.64450409006976,0.0279987760984141,0.0179190190355627,34.1468676053561,83.1077535863508,66.7976519008478,49.198289384318
2015-07-28,-57.9617647058824,-61.4735294117647,0.11985942975777,345.65980455352,0.133145845472449,66.6130743362869,-57.9391505155601,-61.4613211630531,-1.68671759452254,-1.63787856838803,0.0808967019955398,0.0574876461152927,34.1328666728196,55.3328196992758,66.7976519008478,7.81192119009766
2015-07-29,-57.9617647058824,-61.4735294117647,0.120443619242529,345.555105441954,0.17694180813141,66.6130743362869,-57.9391505155601,-61.4613211630531,-1.65381987632206,-1.62702740477486,0.0844172448241598,0.104215149791577,34.1442132556004,80.2021112248965,66.7976519008478,18.9070851951375
2015-07-30,-57.9617647058824,-61.4735294117647,0.1206727315013,345.639707239663,0.116743349174901,66.6130743362869,-57.9391505155601,-61.4613211630531,-1.66273177635332,-1.62853149943024,0.0941642226598523,0.039548858039976,34.1445509875834,79.7875783832771,66.7976519008478,4.49724661945371
2015-07-31,-57.9617647058824,-61.4735294117647,0.121838478598653,345.83115926603,0.223637714709451,66.6130743362869,-57.9391505155601,-61.4613211630531,-1.69731579344926,-1.63057801437121,0.103744810454638,0.0515832825741063,34.1349526635709,60.7085669436435,66.7976519008478,1.40528554196123
2015-08-01,-57.9617647058824,-61.4735294117647,0.124595163980635,346.187708412729,0.244938360027424,66.6130743362869,-57.9391505155601,-61.4613211630531,-1.70399280099573,-1.6447067235002,0.0869773400497501,0.0861684554350762,34.1339970844799,60.9560921896807,66.7976519008478,10.6366411028001
2015-08-02,-57.9617647058824,-61.4735294117647,0.127566353122636,346.477163919588,0.292995603164522,66.6130743362869,-57.9391505155601,-61.4613211630531,-1.70428241843637,-1.65383674049506,0.100645184456578,0.0567561903875447,34.1353335824573,65.9661113556258,66.7976519008478,1.96098314988397
2015-08-03,-57.9617647058824,-61.4735294117647,0.130340579806305,346.3697494879,0.371172499365923,66.6130743362869,-57.9391505155601,-61.4613211630531,-1.70645207351679,-1.67011327975192,0.124020468036414,0.0652601875304452,34.1336408452949,65.5108049009171,66.7976519008478,0.673244555198101
2015-08-04,-57.9617647058824,-61.4735294117647,0.133077573212909,346.270668960199,0.379077559973045,66.6130743362869,-57.9391505155601,-61.4613211630531,-1.70981083788209,-1.66974961098067,0.133454435403168,0.0465792353125478,34.131565073402,65.1584624986739,66.7976519008478,1.16201478688478
2015-08-05,-57.9617647058824,-61.4735294117647,0.135058742198275,346.231192239901,0.33938731914159,66.6130743362869,-57.9391505155601,-61.4613211630531,-1.72256189383637,-1.65370041847873,0.12157322111943,-0.0314913125565419,34.123257903435,57.0080430562358,66.7976519008478,36.7844606225547
2015-08-06,-57.9617647058824,-61.4735294117647,0.133339039072758,345.498908066168,0.257485077829986,66.6130743362869,-57.9391505155601,-61.4613211630531,-1.70687809775555,-1.63888267016443,0.157873361523536,-0.00760285670940693,34.1098706429465,53.838812956765,66.7976519008478,26.2037032210834
2015-08-07,-57.9617647058824,-61.4735294117647,0.136552910434037,345.59979992378,0.370138668387038,66.6130743362869,-57.9391505155601,-61.4613211630531,-1.73194824812705,-1.63971379540066,0.103348605339786,0.00648755136268985,34.1015512515337,46.7163855299132,66.7976519008478,12.8520095534021
2015-08-08,-57.9617647058824,-61.4735294117647,0.143009473728697,346.135359601277,0.422962740745123,66.6130743362869,-57.9391505155601,-61.4613211630531,-1.7502741797572,-1.64492335975894,0.10811459962354,0.0402457180826368,34.097220633194,47.644502568985,66.7976519008478,1.72513042612336
2015-08-09,-57.9617647058824,-61.4735294117647,0.145676013354848,345.973909703697,0.383935259473397,66.6130743362869,-57.9391505155601,-61.4613211630531,-1.74701228331619,-1.65421358792566,0.156097439433198,0.037326484611924,34.0982255305034,55.7681511931735,66.7976519008478,7.8455764643295
2015-08-10,-57.9617647058824,-61.4735294117647,0.148465418779268,346.042304434427,0.356131840906129,66.6130743362869,-57.9391505155601,-61.4613211630531,-1.75396902310221,-1.66417720443324,0.114948109993849,0.0583616041964204,34.0990349155689,59.7337042851004,66.7976519008478,0.226466903468318
2015-08-11,-57.9617647058824,-61.4735294117647,0.151290434798816,346.058127798685,0.309945128403786,66.6130743362869,-57.9391505155601,-61.4613211630531,-1.76497149901834,-1.65653274738193,0.149494568195179,0.0278842800903899,34.0956679381501,58.7203331611417,66.7976519008478,7.74517641974384
2015-08-12,-57.9617647058824,-61.4735294117647,0.150425312086576,345.179020207103,0.307219100661758,66.6130743362869,-57.9391505155601,-61.4613211630531,-1.75362108625703,-1.65721354519951,0.128067362299453,0.110208474195156,34.1041481800568,65.5268674199237,66.7976519008478,15.9469818614546
2015-08-13,-57.9617647058824,-61.4735294117647,0.146427796381276,344.486450939644,0.109179336623084,66.6130743362869,-57.9391505155601,-61.4613211630531,-1.74449963559989,-1.65879136798514,0.174707552214504,0.0719643749407268,34.1050172514922,66.9308840292185,66.7976519008478,16.370107588899
2015-08-14,-57.9617647058824,-61.4735294117647,0.144012915651973,344.681712452958,0.192716117130547,66.6130743362869,-57.9391505155601,-61.4613211630531,-1.74027399318582,-1.66516277471535,0.152748228924276,0.056975297810819,34.1000378875115,65.4949486844453,66.7976519008478,5.30337837093641
2015-08-15,-57.9617647058824,-61.4735294117647,0.14565434070622,345.086210297375,0.223380179576031,66.6130743362869,-57.9391505155601,-61.4613211630531,-1.74078996767078,-1.65990790471374,0.160820601118399,0.0326379189687541,34.1008883539321,67.8079306027185,66.7976519008478,10.5526253480578
2015-08-16,-57.9617647058824,-61.4735294117647,0.143154707351109,343.745451392197,0.189412373231678,66.6130743362869,-57.9391505155601,-61.4613211630531,-1.70417072126257,-1.66532051691964,0.0953413062702548,0.0854287624871924,34.1197308889124,78.0983519766495,66.7976519008478,7.96673574129901
2015-08-17,-57.9617647058824,-61.4735294117647,0.141658036719735,342.757315286776,0.262065129218305,66.6130743362869,-57.9391505155601,-61.4613211630531,-1.69192476986873,-1.68136929806106,0.0371889249948274,0.085475714004997,34.1291768772882,81.6497841254581,66.7976519008478,39.3996706534813
2015-08-18,-57.9617647058824,-61.4735294117647,0.141792817086708,341.751418323052,0.252614404642727,66.6130743362869,-57.9391505155601,-61.4613211630531,-1.67545416142776,-1.68330543018707,0.0529349929377859,0.09822264893355,34.1445142717657,86.7965398085745,66.7976519008478,32.3438040422661
2015-08-19,-57.9617647058824,-61.4735294117647,0.141280429664908,340.981435636195,0.208060616536475,66.6130743362869,-57.9391505155601,-61.4613211630531,-1.67466340116483,-1.67068864137698,0.0889649561150113,0.0813217371571482,34.1521787090018,88.677072990922,66.7976519008478,8.56570945739099
2015-08-20,-57.9617647058824,-61.4735294117647,0.141508423155401,340.607941045994,0.28076083594706,66.6130743362869,-57.9391505155601,-61.4613211630531,-1.67522780792272,-1.66005535067817,0.126172825849933,0.100524098746851,34.1540422684107,89.1334091796566,66.7976519008478,10.86941801445
2015-08-21,-57.9617647058824,-61.4735294117647,0.142879829991881,339.948241071003,0.304035306272165,66.6130743362869,-57.9391505155601,-61.4613211630531,-1.67099722596476,-1.6515027550068,0.0457489341949886,0.079756685365469,34.1607328149793,92.0316380939664,66.7976519008478,31.031309252365
2015-08-22,-57.9617647058824,-61.4735294117647,0.143070115094505,338.57038246713,0.276824958054576,66.6130743362869,-57.9391505155601,-61.4613211630531,-1.6734821994295,-1.65117244681849,0.0800820514710567,0.0817335929605964,34.1663586388715,94.051378757204,66.7976519008478,11.8553044758275
2015-08-23,-57.9617647058824,-61.4735294117647,0.142548042644815,337.226829342726,0.276845125572347,66.6130743362869,-57.9391505155601,-61.4613211630531,-1.67812990707907,-1.65432479072679,0.0897038249442211,0.0830680055646842,34.168875057205,94.2130322823158,66.7976519008478,8.82458636581753
2015-08-24,-57.9617647058824,-61.4735294117647,0.144768094325938,336.682805503287,0.400691271600563,66.6130743362869,-57.9391505155601,-61.4613211630531,-1.68755679172382,-1.66028763729873,0.0885201515717867,0.0814815372097911,34.1682367363439,92.2357127399419,66.7976519008478,8.74939974356325
2015-08-25,-57.9617647058824,-61.4735294117647,0.150676710485685,336.786280562238,0.579386546299225,66.6130743362869,-57.9391505155601,-61.4613211630531,-1.70355590474107,-1.66393049895844,0.121728078968692,0.0593228753751669,34.1649563438014,87.6842947701211,66.7976519008478,0.13788660211999
2015-08-26,-57.9617647058824,-61.4735294117647,0.159142641032614,337.170167876453,0.630191115707886,66.6130743362869,-57.9391505155601,-61.4613211630531,-1.73126819355768,-1.65935973004613,0.111981101424588,0.0264263109589315,34.1576830494581,74.5016160275129,66.7976519008478,4.22216896423124
2015-08-27,-57.9617647058824,-61.4735294117647,0.167966239426921,338.425151917993,0.493170828808372,66.6130743362869,-57.9391505155601,-61.4613211630531,-1.75231731484937,-1.65396482757872,0.142235199786351,0.00655015349368013,34.1456321119136,47.4752298669133,66.7976519008478,13.7939914327113
2015-08-28,-57.9617647058824,-61.4735294117647,0.176302017235174,339.862608374619,0.523244924570729,66.6130743362869,-57.9391505155601,-61.4613211630531,-1.77994064602614,-1.65492939337706,0.0956320762483456,0.0369541670036139,34.1297119799574,26.929599902247,66.7976519008478,4.54016060464675
2015-08-29,-57.9617647058824,-61.4735294117647,0.186451884122883,341.333240043826,0.651839378221733,66.6130743362869,-57.9391505155601,-61.4613211630531,-1.78982221565427,-1.64691633074551,0.034749915403554,-0.0136390142092499,34.1213637131911,22.9086522592707,66.7976519008478,59.6469521608038
2015-08-30,-57.9617647058824,-61.4735294117647,0.19793641294648,342.322282000286,0.860745700030792,66.6130743362869,-57.9391505155601,-61.4613211630531,-1.79461819424159,-1.64885205215449,0.05534517248733,0.0134273204505041,34.1160424473154,28.6085299300118,66.7976519008478,29.4320876599281
2015-08-31,-57.9617647058824,-61.4735294117647,0.209583106200869,342.27611337057,1.49743297914179,66.6130743362869,-57.9391505155601,-61.4613211630531,-1.79833181618679,-1.65412009711529,0.0992349903030112,0.0926634202008707,34.1223232768647,37.3184552430785,66.7976519008478,9.5868392445141
2015-09-01,-57.9617647058824,-61.4735294117647,0.197543315952871,340.081334183856,0.427139419244557,66.6130743362869,-57.9391505155601,-61.4613211630531,-1.773696582327,-1.67051154527909,0.17086329106518,0.096440960988704,34.1327740287009,62.6603512641711,66.7976519008478,21.6782873490277
2015-09-02,-57.9617647058824,-61.4735294117647,0.172313830292806,336.319602035895,0.394833976720891,66.6130743362869,-57.9391505155601,-61.4613211630531,-1.70907147661073,-1.6949625954776,0.0972481982357669,0.135680927287953,34.1508049752548,88.1323939386489,66.7976519008478,35.7927438311523
2015-09-03,-57.9617647058824,-61.4735294117647,0.171284227109537,335.504249758837,0.48812831229553,66.6130743362869,-57.9391505155601,-61.4613211630531,-1.71733989326256,-1.6786555793443,0.0667642848000594,0.0684323003829813,34.1551685667875,83.7799021094112,66.7976519008478,15.3290746530899
2015-09-04,-57.9617647058824,-61.4735294117647,0.176882636438056,336.285471846418,0.365024286708454,66.6130743362869,-57.9391505155601,-61.4613211630531,-1.72477405273963,-1.66319616056486,0.153892364031189,0.0332573500742153,34.152201149306,82.3369658015839,66.7976519008478,7.85266845469161
2015-09-05,-57.9617647058824,-61.4735294117647,0.184863647491467,337.302123279106,0.662628509285973,66.6130743362869,-57.9391505155601,-61.4613211630531,-1.72689824001348,-1.66094866712727,0.124092131088942,0.107832890763054,34.1574707906417,89.0162362756356,66.7976519008478,14.4163176177258
2015-09-06,-57.9617647058824,-61.4735294117647,0.191700046200578,337.324682840487,0.652029125065338,66.6130743362869,-57.9391505155601,-61.4613211630531,-1.72001464727276,-1.65600474997249,0.0993568994024424,0.0998774851733937,34.1666881339914,93.749900409889,66.7976519008478,12.5910773575432
2015-09-07,-57.9617647058824,-61.4735294117647,0.200050831386229,338.12060881824,0.745130743195371,66.6130743362869,-57.9391505155601,-61.4613211630531,-1.7377623332496,-1.65256698845852,0.152286126018174,0.00401724063553791,34.1610189687546,80.3357586493859,66.7976519008478,17.7453441979371
2015-09-08,-57.9617647058824,-61.4735294117647,0.214824899667647,339.835824361662,1.10507187810613,66.6130743362869,-57.9391505155601,-61.4613211630531,-1.76176199144037,-1.66405941181981,0.145673371062145,0.050454798015023,34.1551582707085,71.6392186199605,66.7976519008478,3.29374053630421
2015-09-09,-57.9617647058824,-61.4735294117647,0.229815688438532,340.433843100943,1.09920807655265,66.6130743362869,-57.9391505155601,-61.4613211630531,-1.76169082188574,-1.6734184231031,0.0452753001781289,0.0494193926544083,34.1628373077846,82.791448508197,66.7976519008478,28.2557228964158
2015-09-10,-57.9617647058824,-61.4735294117647,0.234569473782691,339.887155300233,0.769191200776798,66.6130743362869,-57.9391505155601,-61.4613211630531,-1.76266049582627,-1.67514697807199,0.102598204142973,0.0763358116632531,34.171185589995,88.0395205107778,66.7976519008478,3.99964548150526
2015-09-11,-57.9617647058824,-61.4735294117647,0.240333608192642,339.827464033918,0.880818999395138,66.6130743362869,-57.9391505155601,-61.4613211630531,-1.76827194784013,-1.68660933800876,0.0944072173785182,0.0711390161622874,34.1753803464243,90.0213702004931,66.7976519008478,4.77285004594433
2015-09-12,-57.9617647058824,-61.4735294117647,0.248905558048225,339.774508964725,0.881235751800421,66.6130743362869,-57.9391505155601,-61.4613211630531,-1.77588995957342,-1.7067939726769,0.0966370040689081,0.0604554786071604,34.1784178338714,89.7518107945781,66.7976519008478,2.98915757389458
2015-09-13,-57.9617647058824,-61.4735294117647,0.25426286931445,339.672075969417,0.73093325335805,66.6130743362869,-57.9391505155601,-61.4613211630531,-1.77932780152551,-1.72215866640351,0.0846429417229053,0.0385167477313082,34.1814779366559,90.1607836943406,66.7976519008478,7.59556079573197
2015-09-14,-57.9617647058824,-61.4735294117647,0.250523325146698,338.733620620355,0.818163180678356,66.6130743362869,-57.9391505155601,-61.4613211630531,-1.76821165110579,-1.71648617488974,0.0311214661328738,0.0673301744346435,34.1895009142506,93.1166723524189,66.7976519008478,40.6101467970117
2015-09-15,-57.9617647058824,-61.4735294117647,0.244950880546395,337.90531474788,0.515180375245286,66.6130743362869,-57.9391505155601,-61.4613211630531,-1.75714196093813,-1.71939058149392,0.121868109760376,0.0937853151085245,34.1996432161524,96.9436360962799,66.7976519008478,7.81913625673994
2015-09-16,-57.9617647058824,-61.4735294117647,0.241763867619561,337.559558403201,0.543401041363434,66.6130743362869,-57.9391505155601,-61.4613211630531,-1.74552762701444,-1.71584697660969,-0.00721241750436434,0.0542306912240953,34.2070010721925,98.9578167455882,66.7976519008478,81.2877135452228
2015-09-17,-57.9617647058824,-61.4735294117647,0.244141547054779,337.486625113138,0.840497116035805,66.6130743362869,-57.9391505155601,-61.4613211630531,-1.73534754075502,-1.7052425158973,0.0170821281509441,0.061602085195331,34.2136380894464,99.2757690856975,66.7976519008478,53.530744993905
2015-09-18,-57.9617647058824,-61.4735294117647,0.253654958816563,337.5919234113,1.16598425955489,66.6130743362869,-57.9391505155601,-61.4613211630531,-1.74174185111294,-1.70708598138189,0.0439837206552225,0.0184725531089081,34.2159856211962,97.5463869298196,66.7976519008478,35.5230667032446
2015-09-19,-57.9617647058824,-61.4735294117647,0.265812524026487,337.609058287086,1.18874334516685,66.6130743362869,-57.9391505155601,-61.4613211630531,-1.74943498480819,-1.71439641963454,0.0444400568119427,0.0363808638603501,34.2182940638821,96.7683915062311,66.7976519008478,30.3684421271571
2015-09-20,-57.9617647058824,-61.4735294117647,0.273825542228978,337.51741958246,0.851133202452485,66.6130743362869,-57.9391505155601,-61.4613211630531,-1.74975425656508,-1.71353111125519,0.117586458054109,0.0997918192272083,34.2223446134292,97.509319973378,66.7976519008478,10.3971351741743
2015-09-21,-57.9617647058824,-61.4735294117647,0.284013592978803,338.219819231731,1.15510455864232,66.6130743362869,-57.9391505155601,-61.4613211630531,-1.74910187640814,-1.72193873379073,0.0718350522370956,0.104258806483667,34.2248939792154,97.6240217605261,66.7976519008478,24.2343683238645
2015-09-22,-57.9617647058824,-61.4735294117647,0.302236969878034,339.538064724062,1.50481940129,66.6130743362869,-57.9391505155601,-61.4613211630531,-1.76332868883002,-1.7226322984245,0.114970350308738,0.0759947951103833,34.220239997071,89.259643359062,66.7976519008478,2.50115171082801
2015-09-23,-57.9617647058824,-61.4735294117647,0.316683868627723,339.966295567954,1.78077023512707,66.6130743362869,-57.9391505155601,-61.4613211630531,-1.75892414013866,-1.72337981933846,0.150803445633526,0.106355975921217,34.2191711662591,90.2645713108593,66.7976519008478,18.2185314231946
2015-09-24,-57.9617647058824,-61.4735294117647,0.306734162314636,338.182736280488,0.964394576029807,66.6130743362869,-57.9391505155601,-61.4613211630531,-1.72041101783876,-1.72399924673371,0.137098534839597,0.113714189991335,34.2289938984612,99.8756371625522,66.7976519008478,19.0793834971114
2015-09-25,-57.9617647058824,-61.4735294117647,0.308926375900827,338.083405657512,1.29821314172047,66.6130743362869,-57.9391505155601,-61.4613211630531,-1.71319332730915,-1.72167102721056,0.130877865832827,0.109527264856174,34.2276903530847,98.5754084799454,66.7976519008478,15.8262572374315
2015-09-26,-57.9617647058824,-61.4735294117647,0.324364097198335,338.760707948266,0.895059446645219,66.6130743362869,-57.9391505155601,-61.4613211630531,-1.70317831631453,-1.72312487796572,0.0806116977864914,0.0718844751708018,34.2338722990914,101.718073678885,66.7976519008478,9.42398043598213
2015-09-27,-57.9617647058824,-61.4735294117647,0.341720309017635,340.051300048828,1.75850098489261,66.6130743362869,-57.9391505155601,-61.4613211630531,-1.72917266960247,-1.72827389816202,0.085723651369453,0.0411962811481937,34.2254004433409,84.6106154008111,66.7976519008478,6.82987753491687
2015-09-28,-57.9617647058824,-61.4735294117647,0.373769765765202,341.558750803878,3.59243963022784,66.6130743362869,-57.9391505155601,-61.4613211630531,-1.79212729361376,-1.73456664075736,0.0387984568833822,0.0314616591452185,34.2014531896182,55.6975180372375,66.7976519008478,35.8079476194041
2015-09-29,-57.9617647058824,-61.4735294117647,0.41385927941741,342.450000669898,4.18058501583774,66.6130743362869,-57.9391505155601,-61.4613211630531,-1.76451582496787,-1.73553656309079,0.11472158951436,0.0313710508699681,34.2143092908357,56.0224722104195,66.7976519008478,2.77732579571236
2015-09-30,-57.9617647058824,-61.4735294117647,0.449328610082952,342.678441489615,3.24387461528545,66.6130743362869,-57.9391505155601,-61.4613211630531,-1.74585974843878,-1.72747736871645,0.155190533115032,0.00460454697913004,34.2113583058963,61.0399049045908,66.7976519008478,18.4233214811057
2015-10-01,-57.9617647058824,-61.4735294117647,0.482028307166041,344.303278481088,4.28386976878817,66.6130743362869,-57.9391505155601,-61.4613211630531,-1.75419241342789,-1.7273480454598,0.130899282431232,0.0837698075090825,34.2017167383521,58.2625556153003,66.7976519008478,4.91326784109819
2015-10-02,-57.9617647058824,-61.4735294117647,0.518329812986095,345.875794573528,3.75478503980288,66.6130743362869,-57.9391505155601,-61.4613211630531,-1.75719336089496,-1.72397577231712,0.130374578138193,0.0611251560209492,34.1949787989319,56.9650040985602,66.7976519008478,0.743092954070611
2015-10-03,-57.9617647058824,-61.4735294117647,0.529300689333823,346.913883116187,1.96803963947587,66.6130743362869,-57.9391505155601,-61.4613211630531,-1.75255454632274,-1.7323047286264,0.160450754493636,0.05086171132853,34.1861425237617,53.8694962592904,66.7976519008478,8.1215004094104
2015-10-04,-57.9617647058824,-61.4735294117647,0.549548380440328,347.985282339701,3.74971779090602,66.6130743362869,-57.9391505155601,-61.4613211630531,-1.77409097604584,-1.73254895676807,0.0747633468354681,0.0191430542944816,34.1547383296828,32.3391192561058,66.7976519008478,16.5346076858888
2015-10-05,-57.9617647058824,-61.4735294117647,0.591432099662176,349.020981951458,3.75534308320139,66.6130743362869,-57.9391505155601,-61.4613211630531,-1.76450000842091,-1.73027263270055,0.114258663479978,-0.0368149598027289,34.1549296926069,28.355444510456,66.7976519008478,41.6657192334717
2015-10-06,-57.9617647058824,-61.4735294117647,0.654852869307123,350.891608633646,6.91304672636637,66.6130743362869,-57.9391505155601,-61.4613211630531,-1.77090123484814,-1.73294310868993,0.108694492760096,0.0624579212674808,34.1452407836914,28.1431329549565,66.7976519008478,1.00767688775158
2015-10-07,-57.9617647058824,-61.4735294117647,0.721941941031596,352.291004460032,6.04982154979938,66.6130743362869,-57.9391505155601,-61.4613211630531,-1.7722148906525,-1.73181503230904,0.104378244664907,0.0590362237884529,34.1503663931781,37.3670542623028,66.7976519008478,1.3798558636091
2015-10-08,-57.9617647058824,-61.4735294117647,0.76054850438746,353.063893387957,6.06684479044705,66.6130743362869,-57.9391505155601,-61.4613211630531,-1.77481452302251,-1.72963137327418,0.103694563814503,0.0894814228460535,34.1492255979221,42.6157439421063,66.7976519008478,7.5761908281099
2015-10-09,-57.9617647058824,-61.4735294117647,0.773946735917068,353.326151033727,4.31795418698613,66.6130743362869,-57.9391505155601,-61.4613211630531,-1.77005017447246,-1.73786437157516,0.0967630320775364,0.0848060369230153,34.1504241335891,49.5925803100854,66.7976519008478,7.43001705107357
2015-10-10,-57.9617647058824,-61.4735294117647,0.767315138040519,353.147268527892,3.73454073762021,66.6130743362869,-57.9391505155601,-61.4613211630531,-1.76549735854351,-1.74551459233931,0.127517122926138,0.0775046584154913,34.147075766333,52.4753645756628,66.7976519008478,2.95987415381258
2015-10-11,-57.9617647058824,-61.4735294117647,0.768890343788194,353.363497478206,3.90369680960004,66.6130743362869,-57.9391505155601,-61.4613211630531,-1.76056398586062,-1.75386496384939,0.123840075111904,0.0530115982640771,34.1409597152319,53.2957812230758,66.7976519008478,0.070857481818811
2015-10-12,-57.9617647058824,-61.4735294117647,0.821937372044819,354.29328918457,8.36104595951918,66.6130743362869,-57.9391505155601,-61.4613211630531,-1.78315311935749,-1.74618550222091,0.0613887436265646,0.0425611707996502,34.1234599742812,40.8437345146972,66.7976519008478,18.0340019240424
2015-10-13,-57.9617647058824,-61.4735294117647,0.920580197761698,355.751320443502,8.5033198180722,66.6130743362869,-57.9391505155601,-61.4613211630531,-1.79334309049624,-1.72943080115093,0.00243077258228773,-0.00872557541900962,34.1172018475861,35.2667958701027,66.7976519008478,89.3002342621127
2015-10-14,-57.9617647058824,-61.4735294117647,1.02250749563299,356.484750887243,10.0528313488495,66.6130743362869,-57.9391505155601,-61.4613211630531,-1.83447561412044,-1.72043793066311,0.0163391404427015,0.0154503557313229,34.1001840660929,33.9019058809268,66.7976519008478,61.5670445193126
2015-10-15,-57.9617647058824,-61.4735294117647,1.11935978946162,357.304521886314,7.64419227038942,66.6130743362869,-57.9391505155601,-61.4613211630531,-1.80036605112305,-1.71888152742193,0.0908561974070091,0.0205960811521762,34.1186186086472,46.9011028742822,66.7976519008478,10.0026762535727
2015-10-16,-57.9617647058824,-61.4735294117647,1.16944442798452,357.686332144388,6.524087229153,66.6130743362869,-57.9391505155601,-61.4613211630531,-1.79998648601022,-1.72488679609157,0.118581501362335,0.0295778309697645,34.1128999758989,48.1288449999131,66.7976519008478,3.06351533678761
2015-10-17,-57.9617647058824,-61.4735294117647,1.25187073720665,358.49286893519,9.45709171963901,66.6130743362869,-57.9391505155601,-61.4613211630531,-1.82803188499651,-1.72955724182721,0.053483584993764,0.03767409074584,34.0959274456729,39.0181839141125,66.7976519008478,23.6946151660976
2015-10-18,-57.9617647058824,-61.4735294117647,1.29693292953619,358.475286344203,7.09029786397771,66.6130743362869,-57.9391505155601,-61.4613211630531,-1.80344607344201,-1.7275391504993,0.0352927410721216,-0.106004251054062,34.1067612322397,52.0157335399777,66.7976519008478,164.566427915428
2015-10-19,-57.9617647058824,-61.4735294117647,1.37820186811249,359.354505957627,11.7334886527643,66.6130743362869,-57.9391505155601,-61.4613211630531,-1.82977452902337,-1.73380141364418,0.0304896796270501,-0.00717370290505259,34.0903631923331,41.8015050875191,66.7976519008478,59.2004002166956
2015-10-20,-57.9617647058824,-61.4735294117647,1.48106006841834,360.150508973657,12.4834850372338,66.6130743362869,-57.9391505155601,-61.4613211630531,-1.8212599879817,-1.7303072299391,0.0448000188389046,0.0344097223308807,34.0974594661903,46.3448916948759,66.7976519008478,30.4681253362011
2015-10-21,-57.9617647058824,-61.4735294117647,1.57178604966257,360.921165652391,12.2803993370475,66.6130743362869,-57.9391505155601,-61.4613211630531,-1.81131416551176,-1.72076288489034,0.0837755738814109,0.069721408872067,34.1026654005372,56.5467645706918,66.7976519008478,7.86098795166564
2015-10-22,-57.9617647058824,-61.4735294117647,1.65306707162683,361.834585794588,8.09770493318395,66.6130743362869,-57.9391505155601,-61.4613211630531,-1.81643534800623,-1.71747833707555,0.0870465315808008,0.0568377378820247,34.0963803907799,51.7181677747513,66.7976519008478,5.55944944225843
2015-10-23,-57.9617647058824,-61.4735294117647,1.68726303301206,362.250752890982,6.78766023022373,66.6130743362869,-57.9391505155601,-61.4613211630531,-1.8138475735017,-1.72076206023876,0.102486179319591,0.0684784282194941,34.0917573380567,53.1390701118912,66.7976519008478,2.59454163891631
2015-10-24,-57.9617647058824,-61.4735294117647,1.73665471665743,362.751777090677,8.77385150295932,66.6130743362869,-57.9391505155601,-61.4613211630531,-1.81196951126119,-1.72167308900038,0.0880448702476446,0.06080390855308,34.086022226434,50.7587497430614,66.7976519008478,5.4129597532345
2015-10-25,-57.9617647058824,-61.4735294117647,1.80241131637155,363.226411772937,9.74630528324988,66.6130743362869,-57.9391505155601,-61.4613211630531,-1.80676826726087,-1.71623247467715,0.0890020225624404,0.0668919600707236,34.0744080022279,43.0568414384376,66.7976519008478,5.69190114177936
2015-10-26,-57.9617647058824,-61.4735294117647,1.88736947280605,363.850780580102,12.8359514387642,66.6130743362869,-57.9391505155601,-61.4613211630531,-1.82549452508188,-1.72830437439495,0.10614922411951,0.00810779180181654,34.0293632486732,26.1649897622998,66.7976519008478,11.6556006851387
2015-10-27,-57.9617647058824,-61.4735294117647,1.99264800621242,364.849026191525,12.2567014839591,66.6130743362869,-57.9391505155601,-61.4613211630531,-1.7948247797576,-1.73034388478468,0.123070728767779,0.00611852846949207,34.0139453543021,17.7997874582988,66.7976519008478,11.6321102682856
2015-10-28,-57.9617647058824,-61.4735294117647,2.0799550690302,365.627452199052,15.296825941016,66.6130743362869,-57.9391505155601,-61.4613211630531,-1.76168983458829,-1.72904571653539,0.1010743380347,0.0177279179978628,34.0153971426239,21.2004805267581,66.7976519008478,8.52386705486444
2015-10-29,-57.9617647058824,-61.4735294117647,2.16149808793533,366.356551379692,17.0167308755037,66.6130743362869,-57.9391505155601,-61.4613211630531,-1.73912442293566,-1.72028389794302,0.0746208443865683,0.0715887623860447,34.0318879296101,26.6310045265476,66.7976519008478,11.92901273006
2015-10-30,-57.9617647058824,-61.4735294117647,2.17976478469081,366.410175230445,10.8311137077285,66.6130743362869,-57.9391505155601,-61.4613211630531,-1.72714633996348,-1.71115429246957,0.126377106874216,0.0149643659873208,34.0361074584055,31.2411118184346,66.7976519008478,7.91033948305843
2015-10-31,-57.9617647058824,-61.4735294117647,2.2512818596712,367.165040178997,19.1700946964869,66.6130743362869,-57.9391505155601,-61.4613211630531,-1.73168828870282,-1.71611674240565,0.0658738527512341,0.0209576904612836,34.0200058014287,29.0500392797987,66.7976519008478,20.3560593704002
2015-11-01,-57.9617647058824,-61.4735294117647,2.39495159213136,368.911267164277,19.9766034789202,66.6130743362869,-57.9391505155601,-61.4613211630531,-1.71856458692255,-1.71814183474552,0.0577331122247233,0.0184791428005567,34.0155454164574,23.7181547386283,66.7976519008478,25.9739238703281
2015-11-02,-57.9617647058824,-61.4735294117647,2.45399696143662,369.761752244903,18.8928141942838,66.6130743362869,-57.9391505155601,-61.4613211630531,-1.69578072995792,-1.72407750031243,0.0994425654843671,0.0361625801988057,34.020813080946,31.705479210044,66.7976519008478,3.81328582831442
2015-11-03,-57.9617647058824,-61.4735294117647,2.48401208767077,370.334084487543,21.7447142310259,66.6130743362869,-57.9391505155601,-61.4613211630531,-1.67402387131885,-1.71670610637639,0.0310308579883353,0.0501417873047704,34.0338731217481,37.1421809743451,66.7976519008478,39.9236041582112
2015-11-04,-57.9617647058824,-61.4735294117647,2.53686643446364,371.564432283727,22.5933191107541,66.6130743362869,-57.9391505155601,-61.4613211630531,-1.6649528312297,-1.69115704836955,0.0225878154781022,0.00230227335885308,34.0287082687563,31.4114141863206,66.7976519008478,61.2351479324304
2015-11-05,-57.9617647058824,-61.4735294117647,2.56971892132992,372.765888493236,18.2883682774334,66.6130743362869,-57.9391505155601,-61.4613211630531,-1.6393686825769,-1.68477657883756,0.0668483031423468,0.0227377310284638,34.0316469344372,33.1360601265582,66.7976519008478,19.2533672050652
2015-11-06,-57.9617647058824,-61.4735294117647,2.52308543353546,372.524434159442,18.6069772287113,66.6130743362869,-57.9391505155601,-61.4613211630531,-1.59764703854858,-1.68730949277659,0.101067748131902,0.0731925287468713,34.0347916040665,37.8347164210681,66.7976519008478,3.63801857313801
2015-11-07,-57.9617647058824,-61.4735294117647,2.50012861592014,372.290135081221,17.4619446832959,66.6130743362869,-57.9391505155601,-61.4613211630531,-1.56465146480462,-1.68405171396279,0.0811512290013705,0.0297228044424302,34.0350779483193,40.7236785103596,66.7976519008478,10.6734335106338
2015-11-08,-57.9617647058824,-61.4735294117647,2.50992767839897,372.638432572528,23.0961267671934,66.6130743362869,-57.9391505155601,-61.4613211630531,-1.5194781405723,-1.68737662482036,0.0731216900694145,0.0445265464846663,34.027697518126,38.9102777643242,66.7976519008478,11.6003112812383
2015-11-09,-57.9617647058824,-61.4735294117647,2.47354562544241,372.338806524509,23.3053651495678,66.6130743362869,-57.9391505155601,-61.4613211630531,-1.46391418893971,-1.68332931853821,0.117988429068715,0.0101645992975808,34.029686741179,37.0894634900627,66.7976519008478,9.75362053706246
2015-11-10,-57.9617647058824,-61.4735294117647,2.39718547027286,371.226213780845,19.3349698026006,66.6130743362869,-57.9391505155601,-61.4613211630531,-1.4000146088169,-1.68381818939961,0.121025453006167,0.0524588878066675,34.0329878185442,41.2189351299353,66.7976519008478,0.0191120294742593
2015-11-11,-57.9617647058824,-61.4735294117647,2.33646778144488,370.094692695432,14.882390734626,66.6130743362869,-57.9391505155601,-61.4613211630531,-1.36157759617858,-1.67376232275918,0.138600984530451,0.00181957859138728,34.0246127304921,37.5713347281843,66.7976519008478,15.4319729667863
2015-11-12,-57.9617647058824,-61.4735294117647,2.20208818738053,367.964301132574,14.5392388803203,66.6130743362869,-57.9391505155601,-61.4613211630531,-1.34504570676248,-1.67725362034462,0.137245155468724,0.0837796920113638,34.0424522471975,48.794815645205,66.7976519008478,5.79061834225345
2015-11-13,-57.9617647058824,-61.4735294117647,2.19815686708543,367.341998960914,22.8242784069806,66.6130743362869,-57.9391505155601,-61.4613211630531,-1.26778915029788,-1.66704083550797,0.128565707700214,0.00990430649254325,34.0367356015925,44.0885400077109,66.7976519008478,10.1844370123987
2015-11-14,-57.9617647058824,-61.4735294117647,2.28509770660866,368.66179563941,27.012421131134,66.6130743362869,-57.9391505155601,-61.4613211630531,-1.17448603463398,-1.66206479474761,0.110584086835304,0.0148836423199267,34.026165276243,32.2971099732537,66.7976519008478,8.22827936636021
2015-11-15,-57.9617647058824,-61.4735294117647,2.3449345034797,369.746969827792,25.5692628011471,66.6130743362869,-57.9391505155601,-61.4613211630531,-1.17874923698333,-1.65639683720876,0.088041575437012,-0.0012232114016688,34.0178210506877,26.5379250741359,66.7976519008478,20.5989473821785
2015-11-16,-57.9617647058824,-61.4735294117647,2.40074962959057,371.437083174543,36.2374438076484,66.6130743362869,-57.9391505155601,-61.4613211630531,-1.11801962773649,-1.65346730608046,0.115411859448099,0.0433107482095962,34.0140628583035,26.4256944759333,66.7976519008478,0.719795789467293
2015-11-17,-57.9617647058824,-61.4735294117647,2.3545381230552,371.592984827553,27.3198463160817,66.6130743362869,-57.9391505155601,-61.4613211630531,-1.05561854100099,-1.64050867666921,0.0771817635247099,-0.00367457682063222,34.0067441273637,23.4442706770903,66.7976519008478,26.0814535023341
2015-11-18,-57.9617647058824,-61.4735294117647,1.98254876383921,366.659876753644,17.7967329199721,66.6130743362869,-57.9391505155601,-61.4613211630531,-1.08441615301749,-1.64400162404044,0.000256174599673906,0.02285469800998,34.0131483708638,41.0216561818091,66.7976519008478,76.9788345316451
2015-11-19,-57.9617647058824,-61.4735294117647,1.97220004767906,366.51770205614,24.5086004152531,66.6130743362869,-57.9391505155601,-61.4613211630531,-0.958057167317703,-1.63378101530989,0.0797500956336014,0.0602857940773732,34.0167891210229,38.8754758860579,66.7976519008478,8.39935306761691
2015-11-20,-57.9617647058824,-61.4735294117647,2.00411348590037,367.553502896937,22.4532916545868,66.6130743362869,-57.9391505155601,-61.4613211630531,-0.965002043627695,-1.63617842802313,0.15240556461166,0.0175722364673087,34.0128930023646,44.7110599937388,66.7976519008478,11.8903610253476
2015-11-21,-57.9617647058824,-61.4735294117647,2.00541309975996,368.041255671804,21.164779331626,66.6130743362869,-57.9391505155601,-61.4613211630531,-0.920671870954606,-1.6482375638205,0.18609865808133,0.0561878294929078,34.0091019757846,42.5354319686993,66.7976519008478,21.6705190351934
2015-11-22,-57.9617647058824,-61.4735294117647,2.02332410507086,368.679169073337,20.1840164370653,66.6130743362869,-57.9391505155601,-61.4613211630531,-0.855113664418258,-1.64994758584721,0.176794013403125,0.0618335478932832,34.0057619277604,41.0527513467992,66.7976519008478,16.2479492390696
2015-11-23,-57.9617647058824,-61.4735294117647,1.99292717910394,368.830134694169,12.7497966551199,66.6130743362869,-57.9391505155601,-61.4613211630531,-0.840600198117184,-1.64764490381748,0.180363978823589,0.0637338504235432,34.0018493147836,40.8923335146164,66.7976519008478,18.4905102035595
2015-11-24,-57.9617647058824,-61.4735294117647,1.9484433953355,368.507503230397,18.2987252793661,66.6130743362869,-57.9391505155601,-61.4613211630531,-0.81796164235525,-1.6519339675041,0.201313432632831,0.0467958715562074,33.9981138252536,40.8878031214561,66.7976519008478,33.1012615969241
2015-11-25,-57.9617647058824,-61.4735294117647,1.93234986939081,368.179304913777,19.2665726731463,66.6130743362869,-57.9391505155601,-61.4613211630531,-0.778717062472493,-1.64465153378192,0.22059981279608,0.0733976330301459,33.9968432633661,42.4530608464188,66.7976519008478,52.1366927139551
2015-11-26,-57.9617647058824,-61.4735294117647,1.89937233125291,367.60236786633,12.6528549659543,66.6130743362869,-57.9391505155601,-61.4613211630531,-0.763771642517303,-1.6424217468653,0.204819972095219,0.0933956995143903,33.9987028639326,47.5598661561727,66.7976519008478,43.3778775091686
2015-11-27,-57.9617647058824,-61.4735294117647,1.91243468733822,367.922997823576,17.569531917572,66.6130743362869,-57.9391505155601,-61.4613211630531,-0.708168154645224,-1.63619366461127,0.189761702906386,0.0854699483918034,33.9946213746682,46.7551000301655,66.7976519008478,28.9964798438852
2015-11-28,-57.9617647058824,-61.4735294117647,1.9249166115755,368.695114880073,14.8089011878502,66.6130743362869,-57.9391505155601,-61.4613211630531,-0.636897673169289,-1.62889063905286,0.176871442556502,0.0531788117550163,33.9858116273455,42.0959819531151,66.7976519008478,16.0117708234301
2015-11-29,-57.9617647058824,-61.4735294117647,1.90215858780756,369.059848692359,15.8001540172391,66.6130743362869,-57.9391505155601,-61.4613211630531,-0.603898144433936,-1.62769131348362,0.191660357898104,0.0812047700600022,33.9782045444175,41.0751974733896,66.7976519008478,29.0937693660999
2015-11-30,-57.9617647058824,-61.4735294117647,1.89402472100607,369.432564712152,18.5886241575567,66.6130743362869,-57.9391505155601,-61.4613211630531,-0.556258627207253,-1.63393999111315,0.177387085792265,0.0813925763775624,33.9746028678781,42.4122871368038,66.7976519008478,19.9766518618215
2015-12-01,-57.9617647058824,-61.4735294117647,1.87751499000119,369.964607797018,18.9387454434139,66.6130743362869,-57.9391505155601,-61.4613211630531,-0.503537469798656,-1.63474022779066,0.163491073317132,0.0946131448705106,33.9706449212655,42.5862961729207,66.7976519008478,17.4677807273511
2015-12-02,-57.9617647058824,-61.4735294117647,1.81326640088384,369.858593452268,12.4102158517372,66.6130743362869,-57.9391505155601,-61.4613211630531,-0.464382841077089,-1.6335944436018,0.170756208812177,0.0619562808600193,33.9622308162221,39.6452343730952,66.7976519008478,13.0281389629648
2015-12-03,-57.9617647058824,-61.4735294117647,1.74703480448665,368.864970137433,16.1187842328374,66.6130743362869,-57.9391505155601,-61.4613211630531,-0.4467468490163,-1.6341302692488,0.208514318377906,0.10848115126674,33.9575686126585,40.2508681306311,66.7976519008478,53.6087739812814
2015-12-04,-57.9617647058824,-61.4735294117647,1.68605276978597,366.989281258932,13.6872143861724,66.6130743362869,-57.9391505155601,-61.4613211630531,-0.464523202263312,-1.63561994810658,0.175166359787126,0.145652778280771,33.9648687643239,48.4404136629401,66.7976519008478,56.8083541765478
2015-12-05,-57.9617647058824,-61.4735294117647,1.65980574125197,366.052430687881,11.3963805669691,66.6130743362869,-57.9391505155601,-61.4613211630531,-0.442839491202442,-1.63207593202269,0.16973398248797,0.0801108812966086,33.9634046567436,48.2682579673736,66.7976519008478,15.5606089320218
2015-12-06,-57.9617647058824,-61.4735294117647,1.61499244047374,365.599704277225,10.1725296290909,66.6130743362869,-57.9391505155601,-61.4613211630531,-0.393355519454248,-1.62556449218318,0.159234132899245,0.0292483462666773,33.9519756847387,41.4281577896654,66.7976519008478,10.7129770542681
2015-12-07,-57.9617647058824,-61.4735294117647,1.60160294974723,365.420791998142,15.7361173019177,66.6130743362869,-57.9391505155601,-61.4613211630531,-0.336883179833371,-1.62040600152473,0.183538562946233,0.0711447821927537,33.9425648626207,38.4319073037419,66.7976519008478,21.4237763788917
2015-12-08,-57.9617647058824,-61.4735294117647,1.59900211960804,365.479278564453,16.3902357816696,66.6130743362869,-57.9391505155601,-61.4613211630531,-0.241112885285325,-1.61600696847506,0.15883792738723,0.0571375689777205,33.9343195823844,34.9309275056991,66.7976519008478,7.46976690071044
2015-12-09,-57.9617647058824,-61.4735294117647,1.57796933665508,365.587319350824,18.0323669503375,66.6130743362869,-57.9391505155601,-61.4613211630531,-0.171741224332699,-1.61218371355904,0.154380000866296,0.070289769741567,33.9248489915279,32.0028390240894,66.7976519008478,7.09267112002423
2015-12-10,-57.9617647058824,-61.4735294117647,1.55287971184021,365.650989067264,18.4499945378885,66.6130743362869,-57.9391505155601,-61.4613211630531,-0.148565937834069,-1.61410666477342,0.14645672054627,0.0989310408360482,33.921294692396,35.9183516547426,66.7976519008478,13.395187322972
2015-12-11,-57.9617647058824,-61.4735294117647,1.52190701790699,365.337607406988,13.5002322051583,66.6130743362869,-57.9391505155601,-61.4613211630531,-0.146551469358516,-1.61199878729307,0.0886198208037658,0.10055869463806,33.9146021020557,35.8450413857073,66.7976519008478,15.7283819643608
2015-12-12,-57.9617647058824,-61.4735294117647,1.47709464409002,364.414638612329,13.9504802197945,66.6130743362869,-57.9391505155601,-61.4613211630531,-0.175775104206101,-1.60840493883038,0.0587751072116307,0.118909338310703,33.91766425376,40.6956723711269,66.7976519008478,39.8123174566548
2015-12-13,-57.9617647058824,-61.4735294117647,1.452299739166,363.875797923018,16.8738334469679,66.6130743362869,-57.9391505155601,-61.4613211630531,-0.142968324413988,-1.6006752284754,0.0468757715171728,0.0714520265457601,33.9168281400735,41.2716527055954,66.7976519008478,28.4260470414107
2015-12-14,-57.9617647058824,-61.4735294117647,1.40913118767302,364.00211501703,18.5000470992995,66.6130743362869,-57.9391505155601,-61.4613211630531,-0.0387852992686505,-1.59772428278981,0.0950241770982421,0.0768638108423364,33.914867653377,37.7708787634949,66.7976519008478,5.74455020971553
2015-12-15,-57.9617647058824,-61.4735294117647,1.35212279383729,364.769550230445,21.6584145964646,66.6130743362869,-57.9391505155601,-61.4613211630531,0.151781663560031,-1.59808630145352,0.0896313384667984,0.0563064440732945,33.9112042055117,26.0150742678829,66.7976519008478,4.72128460001213
2015-12-16,-57.9617647058824,-61.4735294117647,1.29276242634145,365.709753641268,22.7446597959937,66.6130743362869,-57.9391505155601,-61.4613211630531,0.304805177104296,-1.59885482299022,0.112922603231773,0.0701283223162859,33.9072297645806,17.4841002491322,66.7976519008478,1.52878885290909
2015-12-17,-57.9617647058824,-61.4735294117647,1.32650443330044,365.972869873047,23.0319881264756,66.6130743362869,-57.9391505155601,-61.4613211630531,0.286575123818538,-1.60070076436005,0.133087059832335,0.100099063278572,33.9046700254947,24.8233696336527,66.7976519008478,11.3193337458737
2015-12-18,-57.9617647058824,-61.4735294117647,1.38286704115751,365.346759703101,20.8436466658988,66.6130743362869,-57.9391505155601,-61.4613211630531,0.281410453753111,-1.60199440120846,0.154986252779501,0.0773209706702937,33.9030678886795,31.1649185494694,66.7976519008478,8.67463291944323
2015-12-19,-57.9617647058824,-61.4735294117647,1.40000907168156,363.879088611138,15.6354748795672,66.6130743362869,-57.9391505155601,-61.4613211630531,0.305597917039787,-1.60923317971661,0.185280712856817,0.0452242299170307,33.8945527739531,30.2989918159248,66.7976519008478,21.5265059896966
2015-12-20,-57.9617647058824,-61.4735294117647,1.40831766004969,362.756294808737,17.8808078707718,66.6130743362869,-57.9391505155601,-61.4613211630531,0.340984561454188,-1.61127515859128,0.173001646060451,0.0747188663414294,33.8902180062936,31.3490180415824,66.7976519008478,15.9816770031201
2015-12-21,-57.9617647058824,-61.4735294117647,1.41267330726472,362.547520707293,18.8650878115398,66.6130743362869,-57.9391505155601,-61.4613211630531,0.443224285717918,-1.60712612415293,0.149883360143213,0.0565609708076466,33.8861571246313,27.6153397733866,66.7976519008478,4.40426143664215
2015-12-22,-57.9617647058824,-61.4735294117647,1.3977835861648,362.505521076482,19.1561214458652,66.6130743362869,-57.9391505155601,-61.4613211630531,0.566992534397424,-1.60319372645596,0.144379320269131,0.0309682558925367,33.8777800339919,19.9830349434403,66.7976519008478,5.6160349259726
2015-12-23,-57.9617647058824,-61.4735294117647,1.35967513737155,361.807390910823,17.4369679922011,66.6130743362869,-57.9391505155601,-61.4613211630531,0.65491351714501,-1.59636268602853,0.103347781557947,0.00940513736524402,33.8609146808001,11.9654389985016,66.7976519008478,11.5005742034371
2015-12-24,-57.9617647058824,-61.4735294117647,1.32679274750919,360.994845134456,18.7455238598149,66.6130743362869,-57.9391505155601,-61.4613211630531,0.67273237323954,-1.59537217201974,0.111805650753732,0.00271907156174965,33.8561020927069,16.4925574908855,66.7976519008478,13.6483864284759
2015-12-25,-57.9617647058824,-61.4735294117647,1.2915090707744,360.162354259956,17.607593140951,66.6130743362869,-57.9391505155601,-61.4613211630531,0.686875169857954,-1.59805417623919,0.0563360976052751,0.0106036375941616,33.8506161513438,19.3852263359245,66.7976519008478,29.9865912424723
2015-12-26,-57.9617647058824,-61.4735294117647,1.25757922959037,359.889557256931,21.4828468881002,66.6130743362869,-57.9391505155601,-61.4613211630531,0.754713737771579,-1.60991109061016,0.0988758519271768,0.0651465154953009,33.8468290887542,18.5073558161294,66.7976519008478,2.88472993227365
2015-12-27,-57.9617647058824,-61.4735294117647,1.25866082819497,359.981721459365,20.804636205115,66.6130743362869,-57.9391505155601,-61.4613211630531,0.794376433217413,-1.62336024147296,0.138859629570714,0.064410117493789,33.8446770383601,20.646534560663,66.7976519008478,2.23762693437735
2015-12-28,-57.9617647058824,-61.4735294117647,1.2826113610006,359.746674700481,22.1157635712042,66.6130743362869,-57.9391505155601,-61.4613211630531,0.766268762942107,-1.62619051180388,0.120526284079964,0.102471352588793,33.8450044227837,24.7049611074883,66.7976519008478,11.6164237103443
2015-12-29,-57.9617647058824,-61.4735294117647,1.28811415593799,359.977469467535,20.6631523050913,66.6130743362869,-57.9391505155601,-61.4613211630531,0.860015693061587,-1.62078614273535,0.110928398098259,0.0514696100613608,33.8410711713165,21.6135719083099,66.7976519008478,0.47769729804193
2015-12-30,-57.9617647058824,-61.4735294117647,1.2792085252884,360.730621337891,22.0332431851364,66.6130743362869,-57.9391505155601,-61.4613211630531,0.952029864797708,-1.6249339437356,0.110689521760915,0.0554934409164224,33.8365139414263,19.6630230722157,66.7976519008478,0.468566162411119
2015-12-31,-57.9617647058824,-61.4735294117647,1.2726566711577,361.314557331364,22.4242703972793,66.6130743362869,-57.9391505155601,-61.4613211630531,1.08929445933395,-1.62476796466812,0.128319417768725,0.0571293316670918,33.8285588922127,12.5587172746337,66.7976519008478,0.362982682588063
2016-01-01,-57.9617647058824,-61.4735294117647,1.28010682870702,361.075913592083,22.5583196384151,66.6130743362869,-57.9391505155601,-61.4613211630531,1.15735938344729,-1.62043730031784,0.142355461291939,0.0435685700511965,33.8213512817053,15.5183127232087,66.7976519008478,3.00659794240878
2016-01-02,-57.9617647058824,-61.4735294117647,1.28272937747037,359.260654728587,18.4411411750607,66.6130743362869,-57.9391505155601,-61.4613211630531,1.20818863851339,-1.61707697207468,0.153324002965621,0.00165977853874446,33.8107685598767,17.4943966717533,66.7976519008478,19.2952952881814
2016-01-03,-57.9617647058824,-61.4735294117647,1.26415999597166,356.807651054568,18.5694656081316,66.6130743362869,-57.9391505155601,-61.4613211630531,1.21229270321798,-1.61949003386272,0.183522912876004,0.0176488416930522,33.8004186478382,20.1961702895068,66.7976519008478,26.696412595146
2016-01-04,-57.9617647058824,-61.4735294117647,1.26524168907142,355.426521859518,18.5712389480777,66.6130743362869,-57.9391505155601,-61.4613211630531,1.14636876756846,-1.62287425158317,0.156510942825462,0.0848776996889819,33.7985817604219,24.7607675840658,66.7976519008478,11.2425365256894
2016-01-05,-57.9617647058824,-61.4735294117647,1.28634405172453,355.243416762934,18.2939578469207,66.6130743362869,-57.9391505155601,-61.4613211630531,1.20513333120809,-1.62436434485813,0.13154095331868,0.0718762379355839,33.7915431909394,23.6123078393872,66.7976519008478,2.18226412462893
2016-01-06,-57.9617647058824,-61.4735294117647,1.30176812955519,355.336778222061,21.8561808074393,66.6130743362869,-57.9391505155601,-61.4613211630531,1.24451826812446,-1.6354988652524,0.116378896793051,0.0888998825832015,33.7848443972115,24.893179150889,66.7976519008478,6.07222722086036
2016-01-07,-57.9617647058824,-61.4735294117647,1.30332908761211,355.224980796256,22.3828259851874,66.6130743362869,-57.9391505155601,-61.4613211630531,1.30419517850425,-1.64411323997173,0.10311137639519,0.0774601780220002,33.7795047528348,24.5309520803804,66.7976519008478,4.1645644533097
2016-01-08,-57.9617647058824,-61.4735294117647,1.29945574700832,355.154559623904,23.7797436830474,66.6130743362869,-57.9391505155601,-61.4613211630531,1.35985303053811,-1.63738392641348,0.0749272650783924,0.0748308909637162,33.7755715837363,24.0507282638035,66.7976519008478,12.4035407192974
2016-01-09,-57.9617647058824,-61.4735294117647,1.29783336709185,355.140752652796,20.7613479276983,66.6130743362869,-57.9391505155601,-61.4613211630531,1.43839754009376,-1.62594298714729,0.0877969330139006,0.0524259393484245,33.7680408925663,21.3188890902459,66.7976519008478,5.29688622821227
2016-01-10,-57.9617647058824,-61.4735294117647,1.26197365798601,354.230402504526,14.8254921203706,66.6130743362869,-57.9391505155601,-61.4613211630531,1.37381197630796,-1.61827464962778,0.0521607040785826,0.00223802398090903,33.7538051785406,21.4646860217919,66.7976519008478,36.7471966607535
2016-01-11,-57.9617647058824,-61.4735294117647,1.22140481341176,353.086760730278,18.3791358296464,66.6130743362869,-57.9391505155601,-61.4613211630531,1.32597377755542,-1.61889325591073,0.0392852704594975,0.0203843873884031,33.7431957538311,22.2400044674172,66.7976519008478,38.5526405739691
2016-01-12,-57.9617647058824,-61.4735294117647,1.17449449329841,352.420324185999,19.3404881488986,66.6130743362869,-57.9391505155601,-61.4613211630531,1.2601990984519,-1.61361285275937,0.00160706107091164,0.0538699053901571,33.7492088647346,29.3564599573854,66.7976519008478,70.432145759195
2016-01-13,-57.9617647058824,-61.4735294117647,1.15674428387386,351.787735357517,19.8496981655679,66.6130743362869,-57.9391505155601,-61.4613211630531,1.24165472038362,-1.61142837052081,0.0446641063430773,0.0654092793643233,33.751793319558,32.1082739900803,66.7976519008478,29.2186352330249
2016-01-14,-57.9617647058824,-61.4735294117647,1.15567863241928,351.784313294946,19.4899263091204,66.6130743362869,-57.9391505155601,-61.4613211630531,1.25441367881983,-1.60939791923271,0.0623821397280564,0.073036023766285,33.753080375764,33.1774514992388,66.7976519008478,18.528678551383
2016-01-15,-57.9617647058824,-61.4735294117647,1.15987855886541,351.854245441716,16.3307743188812,66.6130743362869,-57.9391505155601,-61.4613211630531,1.28750513584508,-1.61149509007792,0.0890275578739752,0.069791424300587,33.7527632616792,32.8687656533863,66.7976519008478,6.09187574654186
2016-01-16,-57.9617647058824,-61.4735294117647,1.17114522289939,351.884041018602,17.5382535050555,66.6130743362869,-57.9391505155601,-61.4613211630531,1.30939740859545,-1.61417338561754,0.0896815846192772,0.0750549406255627,33.7501747193124,31.6437007219363,66.7976519008478,6.84495162084308
2016-01-17,-57.9617647058824,-61.4735294117647,1.18889504053244,352.235273407727,21.8425235050481,66.6130743362869,-57.9391505155601,-61.4613211630531,1.35234176983878,-1.60842470601503,0.0897606609190604,0.0664661010669471,33.7473102162885,29.5893642770456,66.7976519008478,5.40455735732811
2016-01-18,-57.9617647058824,-61.4735294117647,1.18720092642598,353.062079825052,24.3049209117889,66.6130743362869,-57.9391505155601,-61.4613211630531,1.47981869804393,-1.60482920326202,0.0701876296265888,0.0454787568876698,33.7447032490883,22.7832421754536,66.7976519008478,12.9391206666578
2016-01-19,-57.9617647058824,-61.4735294117647,1.17849534786329,353.940808924233,24.1616056430631,66.6130743362869,-57.9391505155601,-61.4613211630531,1.54996728285765,-1.59797057030816,0.0852821420541337,0.0562965594604109,33.7425431008281,20.1852561549137,66.7976519008478,6.14918194289714
2016-01-20,-57.9617647058824,-61.4735294117647,1.17297010850616,354.331751381479,19.1938071076463,66.6130743362869,-57.9391505155601,-61.4613211630531,1.58055794657322,-1.59189240362963,0.0972160732627478,0.0338784285573422,33.7381279825682,20.4634646828841,66.7976519008478,4.74201847038335
2016-01-21,-57.9617647058824,-61.4735294117647,1.17079667165512,353.161134673328,19.1924853848248,66.6130743362869,-57.9391505155601,-61.4613211630531,1.5529959044154,-1.5992193167348,0.132302886174235,0.064974359640105,33.7333607075185,24.0742040343291,66.7976519008478,1.29399029529169
2016-01-22,-57.9617647058824,-61.4735294117647,1.15258449097959,351.457116848085,17.3637567322429,66.6130743362869,-57.9391505155601,-61.4613211630531,1.51476350245688,-1.60442023013446,0.135791304804053,0.0938545070568479,33.7328417542492,30.0693821861998,66.7976519008478,9.03513239139165
2016-01-23,-57.9617647058824,-61.4735294117647,1.1556772618759,350.621337518459,18.9102921660354,66.6130743362869,-57.9391505155601,-61.4613211630531,1.52641539567234,-1.60158872523932,0.0898537406554589,0.0864608729114899,33.7315835219163,30.6622485767009,66.7976519008478,9.81342780672065
2016-01-24,-57.9617647058824,-61.4735294117647,1.09482551202541,349.237532452839,11.3917386822584,66.6130743362869,-57.9391505155601,-61.4613211630531,1.5181380815995,-1.59306207600875,0.0521697649196816,-0.0394615448971107,33.7253830378194,29.947678824668,66.7976519008478,67.13301025612
2016-01-25,-57.9617647058824,-61.4735294117647,0.977021697817779,347.321993571956,11.5253592991247,66.6130743362869,-57.9391505155601,-61.4613211630531,1.43336532288074,-1.59556780492085,0.00801059395054735,-0.0196249254158473,33.7256013610263,33.8613379435983,66.7976519008478,90.3396702879698
2016-01-26,-57.9617647058824,-61.4735294117647,0.940835771037311,346.798226705412,16.063840075237,66.6130743362869,-57.9391505155601,-61.4613211630531,1.55460115241618,-1.59303942254359,0.0536565641582253,0.0178506511154204,33.723435071155,25.2469633053511,66.7976519008478,28.8342112413664
2016-01-27,-57.9617647058824,-61.4735294117647,0.937348068487353,347.071488171089,15.5362123570791,66.6130743362869,-57.9391505155601,-61.4613211630531,1.51735423933639,-1.58753044112974,0.117848398357469,0.0378429516848282,33.717541420508,28.6884299457154,66.7976519008478,1.37935027535082
2016-01-28,-57.9617647058824,-61.4735294117647,0.930474053068859,347.051483526462,15.0428238205793,66.6130743362869,-57.9391505155601,-61.4613211630531,1.67606136126396,-1.58244937666354,0.0792739904069627,0.00343075827990788,33.704985964797,19.3281843272941,66.7976519008478,21.336532327097
2016-01-29,-57.9617647058824,-61.4735294117647,0.916958754019039,346.404766547971,11.0754270698966,66.6130743362869,-57.9391505155601,-61.4613211630531,1.63743061205314,-1.5837751413003,0.138376110900751,0.021584535055315,33.6910671486385,15.5065747877525,66.7976519008478,6.97723222029869
2016-01-30,-57.9617647058824,-61.4735294117647,0.917160737441807,345.469287034942,11.6445363614617,66.6130743362869,-57.9391505155601,-61.4613211630531,1.59214855833092,-1.58836774160022,0.175214958491555,0.0774692388077979,33.6889501872816,26.0636732214697,66.7976519008478,17.7729883512393
2016-01-31,-57.9617647058824,-61.4735294117647,0.936029362969282,344.555352187738,12.110734462738,66.6130743362869,-57.9391505155601,-61.4613211630531,1.59181544767861,-1.59605667851714,0.163214306333247,0.0645377925985497,33.6884374734361,30.7843637865404,66.7976519008478,9.73833338574375
2016-02-01,-57.9617647058824,-61.4735294117647,0.956420521910598,344.138942439382,14.5008188166269,66.6130743362869,-57.9391505155601,-61.4613211630531,1.63414993266828,-1.60361340509253,0.106610502891856,0.0939690029140507,33.6842694301837,31.3850554287353,66.7976519008478,8.81548177284958
2016-02-02,-57.9617647058824,-61.4735294117647,0.978882271342161,344.191961893221,16.3691057577366,66.6130743362869,-57.9391505155601,-61.4613211630531,1.65739638956613,-1.60915863079581,0.0860729051022394,0.10785265953133,33.6798666981068,31.8636318507947,66.7976519008478,20.2096806525291
2016-02-03,-57.9617647058824,-61.4735294117647,0.995884976735929,344.174156747213,12.8685098682962,66.6130743362869,-57.9391505155601,-61.4613211630531,1.69016165369757,-1.60181318458758,0.114486831503037,0.0294575689865751,33.6689957941753,28.4266956512101,66.7976519008478,3.24718199556225
2016-02-04,-57.9617647058824,-61.4735294117647,1.01832440858934,344.144351494022,16.0600827670679,66.6130743362869,-57.9391505155601,-61.4613211630531,1.72560364981251,-1.60851901906383,0.106185467338112,0.0728935215737816,33.6586292488211,24.5323936266777,66.7976519008478,2.72896922429634
2016-02-05,-57.9617647058824,-61.4735294117647,1.03842741650779,343.916497579435,16.3641476805617,66.6130743362869,-57.9391505155601,-61.4613211630531,1.72975021158314,-1.60710223853669,0.132054949649352,0.156104028968998,33.6572310876267,29.8165027770275,66.7976519008478,52.5411249105031
2016-02-06,-57.9617647058824,-61.4735294117647,1.07661774100327,343.632240109327,15.245329949914,66.6130743362869,-57.9391505155601,-61.4613211630531,1.65686756581591,-1.59290680357641,0.104955666556492,0.122898573013131,33.6604744915055,35.7653472748523,66.7976519008478,24.7245214181115
2016-02-07,-57.9617647058824,-61.4735294117647,1.10503673008302,343.545322325171,10.9218685597908,66.6130743362869,-57.9391505155601,-61.4613211630531,1.68546847486303,-1.58061455811566,0.138030976263175,0.0476599449641228,33.6487818935461,33.936295847822,66.7976519008478,1.79180222813763
2016-02-08,-57.9617647058824,-61.4735294117647,1.10705383776165,343.311012454149,10.3718636995409,66.6130743362869,-57.9391505155601,-61.4613211630531,1.70501613745644,-1.57828098575757,0.139357151350512,0.0383569476535285,33.6335411226218,31.0197393788017,66.7976519008478,3.08363462490616
2016-02-09,-57.9617647058824,-61.4735294117647,1.12443022538976,343.155629972132,14.055512451544,66.6130743362869,-57.9391505155601,-61.4613211630531,1.73299432058244,-1.57963351794744,0.145654425929915,0.0443420351034234,33.6183169386808,28.7114938563503,66.7976519008478,3.70906644615608
2016-02-10,-57.9617647058824,-61.4735294117647,1.14376712354218,343.245474466463,16.7932563002517,66.6130743362869,-57.9391505155601,-61.4613211630531,1.76693880895854,-1.58959301457553,0.0945134761513245,0.0704273296100328,33.6057326848369,27.7782287404605,66.7976519008478,4.62788928473846
2016-02-11,-57.9617647058824,-61.4735294117647,1.13455641524094,343.325303612686,13.7485477517291,66.6130743362869,-57.9391505155601,-61.4613211630531,1.77167152489728,-1.58595303372655,0.0962910454634793,0.0434260680447062,33.5923452699072,26.1841410676799,66.7976519008478,3.46849603999827
2016-02-12,-57.9617647058824,-61.4735294117647,1.11294487300442,343.493260453387,18.6922222114191,66.6130743362869,-57.9391505155601,-61.4613211630531,1.78376624700029,-1.58142962291656,0.0579802256364089,0.0585189331046402,33.5821971198325,24.3507652244105,66.7976519008478,19.5043936012098
2016-02-13,-57.9617647058824,-61.4735294117647,1.07936724511588,343.528928431069,16.4785495153288,66.6130743362869,-57.9391505155601,-61.4613211630531,1.79191407195309,-1.5732394595217,0.0742460558198483,0.0143498774271021,33.5739434688841,25.9578263042105,66.7976519008478,18.5701036916972
2016-02-14,-57.9617647058824,-61.4735294117647,1.00976302529254,342.910960871999,13.7150969883291,66.6130743362869,-57.9391505155601,-61.4613211630531,1.73079501038138,-1.57792967147673,0.03925561690238,0.00153951662593847,33.5697569338738,30.4561147239366,66.7976519008478,46.7382863520514
2016-02-15,-57.9617647058824,-61.4735294117647,0.952497750157263,342.299896240234,11.3886121918515,66.6130743362869,-57.9391505155601,-61.4613211630531,1.68364972222028,-1.58214254498321,0.0903644414415002,0.00969755495728751,33.5617523759644,31.387114614932,66.7976519008478,14.4126496370189
2016-02-16,-57.9617647058824,-61.4735294117647,0.876552872178031,341.185757148557,7.52567720413208,66.6130743362869,-57.9391505155601,-61.4613211630531,1.6236436603523,-1.5872421409437,0.0905596611521103,-0.00129652180169758,33.540595390536,26.7012259448588,66.7976519008478,19.8592518104786
2016-02-17,-57.9617647058824,-61.4735294117647,0.824318224700486,340.463898821575,11.4933680092416,66.6130743362869,-57.9391505155601,-61.4613211630531,1.58741089995252,-1.59365390991232,0.0748177114547345,0.0487414780003741,33.5292754900439,21.6327231364694,66.7976519008478,10.4927512653386
2016-02-18,-57.9617647058824,-61.4735294117647,0.810457304483507,340.689664515053,12.0346214131611,66.6130743362869,-57.9391505155601,-61.4613211630531,1.54966086060734,-1.5904455574257,0.12812831714327,0.0730780330103258,33.5295616489673,26.448552412221,66.7976519008478,2.07542569994578
2016-02-19,-57.9617647058824,-61.4735294117647,0.793588371901977,340.521436737805,8.56865754360106,66.6130743362869,-57.9391505155601,-61.4613211630531,1.52135154576758,-1.58393494030725,0.17042095800824,0.0512340288664567,33.5315055280884,29.5181133113248,66.7976519008478,12.6103684407685
2016-02-20,-57.9617647058824,-61.4735294117647,0.754750100214307,339.680830048352,6.63449385108017,66.6130743362869,-57.9391505155601,-61.4613211630531,1.48298273781533,-1.57907957248842,0.141843112620466,-0.0232237208830683,33.5270163604283,30.1503119114761,66.7976519008478,32.3496244082621
2016-02-21,-57.9617647058824,-61.4735294117647,0.721109069702102,339.009350288205,7.18773392642417,66.6130743362869,-57.9391505155601,-61.4613211630531,1.47438121461353,-1.58086620249085,0.129987433708591,0.0221298319185794,33.5202578185541,24.1065346837526,66.7976519008478,5.63536418899204
2016-02-22,-57.9617647058824,-61.4735294117647,0.708455146449368,338.663240386219,6.42380539091622,66.6130743362869,-57.9391505155601,-61.4613211630531,1.45017299220951,-1.5838274471512,0.109750491223837,0.0354772523427621,33.5005754324106,16.5545417808811,66.7976519008478,2.32179527969775
2016-02-23,-57.9617647058824,-61.4735294117647,0.708824727593399,338.678906324433,7.58315591695832,66.6130743362869,-57.9391505155601,-61.4613211630531,1.3824639076646,-1.5783728291953,0.0988816178721777,0.0985249510731211,33.4968543573912,21.0116446568416,66.7976519008478,12.0840201825437
2016-02-24,-57.9617647058824,-61.4735294117647,0.720472841728024,338.924620093369,7.138958881541,66.6130743362869,-57.9391505155601,-61.4613211630531,1.29918272759107,-1.58143044756813,0.0975488528468509,0.132704858043496,33.5131739772122,27.1903046261766,66.7976519008478,33.3453942697864
2016-02-25,-57.9617647058824,-61.4735294117647,0.739658019164713,339.296362900152,9.92364535099123,66.6130743362869,-57.9391505155601,-61.4613211630531,1.22317261292062,-1.58017675532342,0.0617289365634986,0.102412869155849,33.5433857617912,31.0605130407974,66.7976519008478,28.7365188417277
2016-02-26,-57.9617647058824,-61.4735294117647,0.761486488144572,339.829225121475,10.8339544563759,66.6130743362869,-57.9391505155601,-61.4613211630531,1.20280848799447,-1.5864097808215,0.0863051914915382,0.0695747881775845,33.5668000544292,31.6043685599056,66.7976519008478,6.94669516602573
2016-02-27,-57.9617647058824,-61.4735294117647,0.782385756329792,340.389188068669,11.3171773887262,66.6130743362869,-57.9391505155601,-61.4613211630531,1.18092708629474,-1.58196214979638,0.115354199817105,0.0481566428866705,33.5849938592126,31.1853054152166,66.7976519008478,0.308895838729371
2016-02-28,-57.9617647058824,-61.4735294117647,0.802768261330884,340.693602771294,8.52492860759177,66.6130743362869,-57.9391505155601,-61.4613211630531,1.17323988225618,-1.57861911687452,0.125069052488738,0.0588344144113312,33.597470899986,26.5589298024351,66.7976519008478,0.218173332851517
2016-02-29,-57.9617647058824,-61.4735294117647,0.823073440935554,340.769081301805,9.79733098134762,66.6130743362869,-57.9391505155601,-61.4613211630531,1.12096056193314,-1.57293509745244,0.11658152974589,0.100990319315359,33.6155801121844,30.8597334631381,66.7976519008478,10.9821234417732
2016-03-01,-57.9617647058824,-61.4735294117647,0.8394604092691,340.798822170351,9.1481715498901,66.6130743362869,-57.9391505155601,-61.4613211630531,1.09555334737587,-1.57151913739409,0.15272516484263,0.059088117615213,33.6315394052771,31.5635948348464,66.7976519008478,5.37534281842391
2016-03-02,-57.9617647058824,-61.4735294117647,0.866843513962699,341.008171267626,11.8646010887332,66.6130743362869,-57.9391505155601,-61.4613211630531,1.07368776447538,-1.58443204706658,0.1079053770243,0.111933326009314,33.6452686448811,31.745841005714,66.7976519008478,17.391679085451
2016-03-03,-57.9617647058824,-61.4735294117647,0.896839672835862,341.23673378549,10.7033244167886,66.6130743362869,-57.9391505155601,-61.4613211630531,1.10344911562769,-1.58981788512344,0.138265733615911,0.0502183924902949,33.6506990388981,28.4719997771517,66.7976519008478,1.6972960803842
2016-03-04,-57.9617647058824,-61.4735294117647,0.909489645100221,341.046663609947,8.53317592492918,66.6130743362869,-57.9391505155601,-61.4613211630531,1.0907573691103,-1.58681216413676,0.171233961155057,0.123281599041301,33.657739739669,29.3766408513593,66.7976519008478,36.7870883913445
2016-03-05,-57.9617647058824,-61.4735294117647,0.905543466166752,340.601689780631,6.11171612070828,66.6130743362869,-57.9391505155601,-61.4613211630531,1.0603288108038,-1.5849373961589,0.133238622850855,0.0568484462164192,33.6532690174345,24.3093736470952,66.7976519008478,0.871196096347227
2016-03-06,-57.9617647058824,-61.4735294117647,0.907440204445909,340.427279216487,8.67446895634256,66.6130743362869,-57.9391505155601,-61.4613211630531,1.06622988106268,-1.5898022370139,0.121559217994512,0.105949886163317,33.6528922427199,22.921213875898,66.7976519008478,13.3613224161869
2016-03-07,-57.9617647058824,-61.4735294117647,0.897468623955075,340.289833999262,5.45337842005055,66.6130743362869,-57.9391505155601,-61.4613211630531,1.03924113825748,-1.58517050517876,0.133212263993768,0.0948775568059501,33.6585880748013,26.0957980072289,66.7976519008478,9.07886036752332
2016-03-08,-57.9617647058824,-61.4735294117647,0.898870790876993,340.313446789253,9.61576890945435,66.6130743362869,-57.9391505155601,-61.4613211630531,1.03131571544809,-1.5827479713198,0.116834408946727,0.0993321883805126,33.6626530079706,25.2321364792735,66.7976519008478,10.2121455864482
2016-03-09,-57.9617647058824,-61.4735294117647,0.907019876125382,340.452052790944,6.99642675678904,66.6130743362869,-57.9391505155601,-61.4613211630531,1.00593321469792,-1.58217919805915,0.0975941572584684,0.112124427268219,33.672788735826,26.6270919277279,66.7976519008478,19.310938968728
2016-03-10,-57.9617647058824,-61.4735294117647,0.868680834043317,340.167040941192,4.5347440155541,66.6130743362869,-57.9391505155601,-61.4613211630531,0.967153206206205,-1.57849926761931,0.114277608868604,0.0571968761623388,33.6802230042163,25.0719245802536,66.7976519008478,0.223693771130533
2016-03-11,-57.9617647058824,-61.4735294117647,0.827848137151904,339.795387081984,7.06631877073428,66.6130743362869,-57.9391505155601,-61.4613211630531,0.881850635313634,-1.58709922718455,0.167134349333693,0.138254201992361,33.7027516075474,28.7551505259978,66.7976519008478,46.2362353726034
2016-03-12,-57.9617647058824,-61.4735294117647,0.847732972081115,339.882280675376,9.6916207540326,66.6130743362869,-57.9391505155601,-61.4613211630531,0.763752159681397,-1.59797262984571,0.0907458200216213,0.158718489366866,33.7242810948175,33.84404015895,66.7976519008478,58.9109896652259
2016-03-13,-57.9617647058824,-61.4735294117647,0.859889838390234,339.957917004097,5.8845872588274,66.6130743362869,-57.9391505155601,-61.4613211630531,0.706813270304045,-1.60343095278129,0.122255254375991,0.0499391545429725,33.7322813438179,30.5613439819913,66.7976519008478,0.11310329533683
2016-03-14,-57.9617647058824,-61.4735294117647,0.854248681809844,340.002460014529,6.53914281217063,66.6130743362869,-57.9391505155601,-61.4613211630531,0.657964874918644,-1.60628470235508,0.0770812706667402,0.083824996262105,33.7454607728039,30.8671468588022,66.7976519008478,13.7031735894788
2016-03-15,-57.9617647058824,-61.4735294117647,0.839696787116004,340.008969934975,4.08776149081021,66.6130743362869,-57.9391505155601,-61.4613211630531,0.615610619748009,-1.59116712723345,0.117075756579316,0.0613730930485706,33.7594063484717,30.7248507253876,66.7976519008478,0.303908201116504
2016-03-16,-57.9617647058824,-61.4735294117647,0.783872504786747,339.669833671756,3.10954732720445,66.6130743362869,-57.9391505155601,-61.4613211630531,0.589997806449329,-1.58100458468825,0.160115504137136,0.069127512937374,33.7740313160596,31.2400822504329,66.7976519008478,9.03281274891449
2016-03-17,-57.9617647058824,-61.4735294117647,0.772050410145667,339.597644712867,6.47106852473282,66.6130743362869,-57.9391505155601,-61.4613211630531,0.558029235716452,-1.58524876084888,0.135104329283783,0.0953363638305873,33.7937488427207,35.1582718423182,66.7976519008478,9.52856371149818
2016-03-18,-57.9617647058824,-61.4735294117647,0.804753930830374,339.963754049162,8.1883957531394,66.6130743362869,-57.9391505155601,-61.4613211630531,0.508447406936673,-1.59526591342792,0.0930868079898409,0.133358060886302,33.8090698303964,37.1261185840396,66.7976519008478,34.9742443039395
2016-03-19,-57.9617647058824,-61.4735294117647,0.834031471755446,340.371321143174,9.06791446557859,66.6130743362869,-57.9391505155601,-61.4613211630531,0.398690490527192,-1.59847756596873,0.0749025539006138,0.122739596883094,33.8287668936005,40.1921787171872,66.7976519008478,33.740734457487
2016-03-20,-57.9617647058824,-61.4735294117647,0.852193661942715,340.588178308999,7.79146966701601,66.6130743362869,-57.9391505155601,-61.4613211630531,0.352325091367228,-1.59197024439993,0.167780139170557,0.0886124072548671,33.8439500219265,40.9843833025007,66.7976519008478,17.1718154647464
2016-03-21,-57.9617647058824,-61.4735294117647,0.884400059173747,341.009574704054,9.10864341549757,66.6130743362869,-57.9391505155601,-61.4613211630531,0.301949534168047,-1.59362384439641,0.12875351387198,0.119583958169186,33.8601050177406,42.9827074045755,66.7976519008478,21.686547019737
2016-03-22,-57.9617647058824,-61.4735294117647,0.917005221291286,341.487818648176,7.68901493491196,66.6130743362869,-57.9391505155601,-61.4613211630531,0.270323956332467,-1.59025198277513,0.101301682270892,0.0708902555840862,33.8740443539845,43.9773389054374,66.7976519008478,3.18420610036606
2016-03-23,-57.9617647058824,-61.4735294117647,0.92304059426959,341.674447408537,6.74576881455212,66.6130743362869,-57.9391505155601,-61.4613211630531,0.273775636707401,-1.5905789973443,0.151561260349073,0.0473782355455976,33.8811468209332,42.3698660172271,66.7976519008478,5.12621377991448
2016-03-24,-57.9617647058824,-61.4735294117647,0.932354952140552,341.917637894793,7.51422117105344,66.6130743362869,-57.9391505155601,-61.4613211630531,0.289671950625424,-1.59620247340878,0.140550709486651,0.0769132335297009,33.8809758545416,39.774968815236,66.7976519008478,4.61519655704895
2016-03-25,-57.9617647058824,-61.4735294117647,0.893541041670776,341.7733801865,3.06781325325733,66.6130743362869,-57.9391505155601,-61.4613211630531,0.288133916202505,-1.60638972477392,0.207572815454642,0.0917655749651182,33.8807945663308,41.4442202288773,66.7976519008478,45.1181857548849
2016-03-26,-57.9617647058824,-61.4735294117647,0.846218915974222,341.742176335032,3.88947995406825,66.6130743362869,-57.9391505155601,-61.4613211630531,0.23319961067274,-1.60861704143596,0.181584719447834,0.113754551933121,33.8848224181717,42.477360356031,66.7976519008478,36.4747860238042
2016-03-27,-57.9617647058824,-61.4735294117647,0.854817691736105,341.982801111733,7.63609461377307,66.6130743362869,-57.9391505155601,-61.4613211630531,0.242989256284256,-1.60993291990638,0.183415829637635,0.0662898267600459,33.8880164266115,43.7001600600125,66.7976519008478,20.6448883211979
2016-03-28,-57.9617647058824,-61.4735294117647,0.87438660532963,342.296174956531,8.91508722596052,66.6130743362869,-57.9391505155601,-61.4613211630531,0.261686848303084,-1.60447995221888,0.195115827064202,0.0711546668458564,33.892493398566,45.5568058114303,66.7976519008478,29.417756886322
2016-03-29,-57.9617647058824,-61.4735294117647,0.901284509679166,342.789446947051,8.12643985631989,66.6130743362869,-57.9391505155601,-61.4613211630531,0.264942814142276,-1.60364841513949,0.141989733556263,0.0859304028745444,33.8974810920746,44.2174508613453,66.7976519008478,7.36526318105694
2016-03-30,-57.9617647058824,-61.4735294117647,0.905096909258424,343.033795240449,4.62944598314239,66.6130743362869,-57.9391505155601,-61.4613211630531,0.273423747364406,-1.59460076854618,0.164876556373358,0.0498749048281939,33.890129423978,36.2391872052078,66.7976519008478,10.0352738759366
2016-03-31,-57.9617647058824,-61.4735294117647,0.905245012262972,343.309077193097,6.78054962216354,66.6130743362869,-57.9391505155601,-61.4613211630531,0.262332307172288,-1.58288058899997,0.180190176274451,0.0723852916858216,33.8942087819541,40.9631726995975,66.7976519008478,19.5791265175343
2016-04-01,-57.9617647058824,-61.4735294117647,0.930837833299869,343.832345357755,8.21965883708582,66.6130743362869,-57.9391505155601,-61.4613211630531,0.231532089432322,-1.58259105344533,0.141003750435576,0.0882227916657603,33.9010620014227,47.8825552151432,66.7976519008478,7.90821577786421
2016-04-02,-57.9617647058824,-61.4735294117647,0.946749689012039,344.27913833246,7.04394981919265,66.6130743362869,-57.9391505155601,-61.4613211630531,0.194442338799095,-1.59024209886106,0.101962299054732,0.0640007328950924,33.9032345101257,50.7196234858792,66.7976519008478,2.15330224161325
2016-04-03,-57.9617647058824,-61.4735294117647,0.946088220651557,344.625094902225,7.94690243500035,66.6130743362869,-57.9391505155601,-61.4613211630531,0.147937567530052,-1.59690839719837,0.0854501790805706,0.0910703624006708,33.9063831437455,54.1738577288011,66.7976519008478,12.8407853044596
2016-04-04,-57.9617647058824,-61.4735294117647,0.937563952512857,344.895151650033,4.64228502715506,66.6130743362869,-57.9391505155601,-61.4613211630531,0.0994954262627603,-1.59463494943704,0.128747747926979,0.0606284580833194,33.9085887080101,56.4038506519457,66.7976519008478,0.559501259059129
2016-04-05,-57.9617647058824,-61.4735294117647,0.881032747102947,344.702530651558,2.90919007615345,66.6130743362869,-57.9391505155601,-61.4613211630531,0.105197815649342,-1.59928438795401,0.170509095400491,0.0251133149080029,33.9037906734245,52.4047313811164,66.7976519008478,16.8594448755558
2016-04-06,-57.9617647058824,-61.4735294117647,0.802905604606721,344.027625851515,3.50030606403583,66.6130743362869,-57.9391505155601,-61.4613211630531,0.123950760323911,-1.60993250870672,0.199499620308197,0.0417547575204398,33.9017333624012,55.0430792410847,66.7976519008478,32.1520629724865
2016-04-07,-57.9617647058824,-61.4735294117647,0.79433253734577,344.073091832603,5.27683562476461,66.6130743362869,-57.9391505155601,-61.4613211630531,0.107940775330974,-1.62269262118861,0.18419506085104,0.0531277414888908,33.9011979765898,56.6767050425212,66.7976519008478,20.4241339493792
2016-04-08,-57.9617647058824,-61.4735294117647,0.820828890291656,344.514482079483,6.15739451385126,66.6130743362869,-57.9391505155601,-61.4613211630531,0.0850936552854041,-1.63619531471881,0.148359494180734,0.0757526240478723,33.9012308571181,58.0796917620619,66.7976519008478,6.24594320260748
2016-04-09,-57.9617647058824,-61.4735294117647,0.843875037097349,345.012047372213,5.04676609940645,66.6130743362869,-57.9391505155601,-61.4613211630531,0.0589589383076077,-1.63216818778621,0.143354623509362,0.104671485867859,33.9055264327529,62.0565707802612,66.7976519008478,15.3600898894665
2016-04-10,-57.9617647058824,-61.4735294117647,0.836851520872698,345.321640386814,3.45257241551469,66.6130743362869,-57.9391505155601,-61.4613211630531,0.0507893680359831,-1.62503731797742,0.185534415955124,0.103826357994364,33.9106746060967,63.2725748224297,66.7976519008478,33.5608853690148
2016-04-11,-57.9617647058824,-61.4735294117647,0.836655439036648,345.577906166635,5.58687016149847,66.6130743362869,-57.9391505155601,-61.4613211630531,0.00482923418846529,-1.62148259075386,0.154168307172906,0.145142900648146,33.9248487289779,68.56739232479,66.7976519008478,47.0259007573228
2016-04-12,-57.9617647058824,-61.4735294117647,0.852429995449578,346.077791167469,3.92907004240083,66.6130743362869,-57.9391505155601,-61.4613211630531,-0.0389434519687645,-1.61024510699567,0.185338372512948,0.0950068795146086,33.9340207798761,69.705967612273,66.7976519008478,29.4516072942193
2016-04-13,-57.9617647058824,-61.4735294117647,0.839532722787159,346.423446283108,2.6751679727217,66.6130743362869,-57.9391505155601,-61.4613211630531,-0.0994981053246339,-1.60116122029571,0.14749789188205,0.0773951048169702,33.9382381207547,68.6096076514879,66.7976519008478,6.37414317095944
2016-04-14,-57.9617647058824,-61.4735294117647,0.837727141089556,346.824868178949,4.66092656007627,66.6130743362869,-57.9391505155601,-61.4613211630531,-0.127356685527101,-1.5972910097897,0.146428714567914,0.0854996016724148,33.9352830431239,65.553226169787,66.7976519008478,8.29145638891492
2016-04-15,-57.9617647058824,-61.4735294117647,0.83735735023894,347.112940346322,4.62407443000049,66.6130743362869,-57.9391505155601,-61.4613211630531,-0.159948971388955,-1.58734016235058,0.158287688536763,0.0298298868462544,33.9319201995808,63.2779290409062,66.7976519008478,10.2050677424483
2016-04-16,-57.9617647058824,-61.4735294117647,0.827738039013816,347.317271907155,4.38385347912951,66.6130743362869,-57.9391505155601,-61.4613211630531,-0.19849174891004,-1.5928520269883,0.0910802468476508,0.0816133311986119,33.9321261108646,64.9496515225141,66.7976519008478,8.00471217240239
2016-04-17,-57.9617647058824,-61.4735294117647,0.795697946374009,347.218969949862,3.76847538570078,66.6130743362869,-57.9391505155601,-61.4613211630531,-0.280499801361448,-1.59528485917852,0.067570698280365,0.128219748883635,33.9368851130147,70.2533240054461,66.7976519008478,41.2397695533574
2016-04-18,-57.9617647058824,-61.4735294117647,0.786860023329898,347.617031190454,3.88904104000185,66.6130743362869,-57.9391505155601,-61.4613211630531,-0.369337082180658,-1.59785154441751,0.0860185402165219,0.111168098036456,33.9425707210896,72.3925026791942,66.7976519008478,22.0597115112816
2016-04-19,-57.9617647058824,-61.4735294117647,0.779112271419386,348.107673086771,2.59058551526651,66.6130743362869,-57.9391505155601,-61.4613211630531,-0.425412063133701,-1.58607906046827,0.154571925871848,0.103217635052367,33.9440308492354,71.7522728002345,66.7976519008478,17.8539882215695
2016-04-20,-57.9617647058824,-61.4735294117647,0.767267885731488,348.570777706984,3.02659607078971,66.6130743362869,-57.9391505155601,-61.4613211630531,-0.488793693502985,-1.58385174461061,0.121358232318792,0.0815441393508361,33.9432895727325,69.1612882627006,66.7976519008478,3.72467401430432
2016-04-21,-57.9617647058824,-61.4735294117647,0.755224189016877,348.869386998618,3.13835678158737,66.6130743362869,-57.9391505155601,-61.4613211630531,-0.563371541891021,-1.58279368703665,0.0906090840204605,0.119872257058156,33.9449225823406,69.4946854098445,66.7976519008478,25.9228953989465
2016-04-22,-57.9617647058824,-61.4735294117647,0.758157150774467,349.543388180616,3.64991820294683,66.6130743362869,-57.9391505155601,-61.4613211630531,-0.639352991804983,-1.58191355069478,0.102846141316389,0.119463696201079,33.9457422120047,68.7605526251027,66.7976519008478,22.7720442604007
2016-04-23,-57.9617647058824,-61.4735294117647,0.764764526268331,350.165298461914,3.11443366946244,66.6130743362869,-57.9391505155601,-61.4613211630531,-0.703011390148548,-1.58502306452325,0.0955472339030139,0.0957482196893367,33.9447393224307,66.1617429040865,66.7976519008478,11.6632870959701
2016-04-24,-57.9617647058824,-61.4735294117647,0.749241047516102,350.354545407179,1.68002251444793,66.6130743362869,-57.9391505155601,-61.4613211630531,-0.779682782970057,-1.57294992509319,0.1282139830241,0.0509737360966109,33.9352439077277,58.8237090400356,66.7976519008478,0.368112695079343
2016-04-25,-57.9617647058824,-61.4735294117647,0.730715158145602,350.561720313095,2.55240598829781,66.6130743362869,-57.9391505155601,-61.4613211630531,-0.798535561101076,-1.56760362719717,0.115504115221673,0.0690904457056731,33.9315928975258,56.6694975658628,66.7976519008478,1.21266257264451
2016-04-26,-57.9617647058824,-61.4735294117647,0.722963465423119,351.085138832651,2.26039641659434,66.6130743362869,-57.9391505155601,-61.4613211630531,-0.82289600240597,-1.5721488624771,0.17944224574446,0.0817212373440565,33.9229562066988,48.9885938312361,66.7976519008478,21.2608289800922
2016-04-27,-57.9617647058824,-61.4735294117647,0.713013350236707,351.683372311476,2.55356843297074,66.6130743362869,-57.9391505155601,-61.4613211630531,-0.810567019228269,-1.58672443800449,0.187966012223731,0.134587038268163,33.9251225737908,54.4038790716977,66.7976519008478,55.1513877434266
2016-04-28,-57.9617647058824,-61.4735294117647,0.696671482993335,352.402146130073,1.15355556476407,66.6130743362869,-57.9391505155601,-61.4613211630531,-0.847103235984219,-1.59213910556515,0.172357503676664,0.140968330903293,33.9312160404427,60.8477739715061,66.7976519008478,51.1354890790175
2016-04-29,-57.9617647058824,-61.4735294117647,0.668484351256999,353.012565798876,1.31448300146475,66.6130743362869,-57.9391505155601,-61.4613211630531,-0.872167456930305,-1.59524202877693,0.165175563375517,0.12592653619495,33.9384275274238,62.6900047824772,66.7976519008478,35.7446351723611
2016-04-30,-57.9617647058824,-61.4735294117647,0.654104670736848,353.355955542588,1.9960023688107,66.6130743362869,-57.9391505155601,-61.4613211630531,-0.906668446093355,-1.60642102742806,0.167722479328413,0.153160084591985,33.9508840532599,65.7365017387709,66.7976519008478,60.1427513617692
2016-05-01,-57.9617647058824,-61.4735294117647,0.651386714199694,353.837857502263,1.90005795039782,66.6130743362869,-57.9391505155601,-61.4613211630531,-0.97884533985665,-1.60706146059409,0.109661529984391,0.113241379816643,33.9646399494125,68.2117548477955,66.7976519008478,17.952363399243
2016-05-02,-57.9617647058824,-61.4735294117647,0.654002802764497,354.16482655595,2.30743983169881,66.6130743362869,-57.9391505155601,-61.4613211630531,-1.05327887222794,-1.6043518646526,0.10905033589797,0.0813036155553884,33.9699734882144,68.9522715747437,66.7976519008478,4.28563620476498
2016-05-03,-57.9617647058824,-61.4735294117647,0.649548578553083,354.396937672685,1.28847985660158,66.6130743362869,-57.9391505155601,-61.4613211630531,-1.11607533862234,-1.59907681691019,0.138680884315458,0.0753382971553024,33.9599139050112,52.3903162476183,66.7976519008478,3.90969591759159
2016-05-04,-57.9617647058824,-61.4735294117647,0.634579294701902,354.333156678735,1.71988106355435,66.6130743362869,-57.9391505155601,-61.4613211630531,-1.1291664210167,-1.59810566194305,0.0871758544101165,0.0465042776907021,33.9615902508158,61.1327783942384,66.7976519008478,5.7852543975092
2016-05-05,-57.9617647058824,-61.4735294117647,0.631597755522263,354.173056997904,2.41346158050909,66.6130743362869,-57.9391505155601,-61.4613211630531,-1.1505644673459,-1.602385253237,0.117507381598476,0.085212126615559,33.9622884639683,63.667338651845,66.7976519008478,4.82541435831386
2016-05-06,-57.9617647058824,-61.4735294117647,0.630682687570409,354.173171624905,1.94444238630737,66.6130743362869,-57.9391505155601,-61.4613211630531,-1.17195954671514,-1.60280452212181,0.12863737048629,0.0963651797006487,33.9605153710575,62.8732806963798,66.7976519008478,9.20758060565306
2016-05-07,-57.9617647058824,-61.4735294117647,0.615270862492119,354.368267896699,0.976769611966319,66.6130743362869,-57.9391505155601,-61.4613211630531,-1.18704434060938,-1.6104489745077,0.13945352592268,0.111588191009766,33.9589318289609,57.0607604632976,66.7976519008478,18.2617380233619
2016-05-08,-57.9617647058824,-61.4735294117647,0.597455210438589,354.436515622023,1.38213737745111,66.6130743362869,-57.9391505155601,-61.4613211630531,-1.20116835657643,-1.62121612147281,0.118686936272864,0.0615353641702257,33.9556555136656,51.4414006914044,66.7976519008478,0.276713410653624
2016-05-09,-57.9617647058824,-61.4735294117647,0.590476528536983,354.728227568836,1.49563177111672,66.6130743362869,-57.9391505155601,-61.4613211630531,-1.19371936931784,-1.61967166232677,0.145335649289744,0.108822167854801,33.9575562676598,51.8835278844383,66.7976519008478,18.0146617576973
2016-05-10,-57.9617647058824,-61.4735294117647,0.581157630536614,355.361773607208,1.24181015698648,66.6130743362869,-57.9391505155601,-61.4613211630531,-1.1729934699582,-1.61633851428424,0.134130702392976,0.131302901306133,33.9673357717743,53.704753947805,66.7976519008478,30.6266779362138
2016-05-11,-57.9617647058824,-61.4735294117647,0.570589113162785,356.106677915992,1.14977878586548,66.6130743362869,-57.9391505155601,-61.4613211630531,-1.15787902432173,-1.6135115353202,0.153965674225095,0.120761865440771,33.9783447049407,56.7467205701408,66.7976519008478,27.7742379683025
2016-05-12,-57.9617647058824,-61.4735294117647,0.563267334205348,356.686494408584,1.27290047923239,66.6130743362869,-57.9391505155601,-61.4613211630531,-1.14904422432627,-1.61349176475715,0.161265405359981,0.0945365402983268,33.9864109054751,57.6933709477928,66.7976519008478,16.500220908985
2016-05-13,-57.9617647058824,-61.4735294117647,0.558997268720371,357.176082704125,1.22074490167746,66.6130743362869,-57.9391505155601,-61.4613211630531,-1.15355849269069,-1.61793198550117,0.153236689832811,0.101342044102076,33.9906714744413,57.8179572899493,66.7976519008478,16.5047522683502
2016-05-14,-57.9617647058824,-61.4735294117647,0.557046522091075,357.536548893626,1.44581306707568,66.6130743362869,-57.9391505155601,-61.4613211630531,-1.17542407895952,-1.61339539313606,0.138026857615402,0.0907334642492325,33.9933835543119,59.3714772236009,66.7976519008478,8.21990212383443
2016-05-15,-57.9617647058824,-61.4735294117647,0.554329089638663,357.796495763267,1.286840437389,66.6130743362869,-57.9391505155601,-61.4613211630531,-1.20240985720787,-1.60973935056473,0.153758099124177,0.111598899324051,33.9983319528351,60.9698893344998,66.7976519008478,22.0318625163467
2016-05-16,-57.9617647058824,-61.4735294117647,0.547812755878379,358.169584692978,0.961395315644218,66.6130743362869,-57.9391505155601,-61.4613211630531,-1.21897040929912,-1.61266064096881,0.178144900075458,0.0999137285025979,34.0024174833105,59.8484063090583,66.7976519008478,27.1505026802735
2016-05-17,-57.9617647058824,-61.4735294117647,0.528666744871837,358.289061011338,0.628611567725496,66.6130743362869,-57.9391505155601,-61.4613211630531,-1.22984043471565,-1.6083270945208,0.172427519215786,0.141662720324379,34.0142460306968,63.4558505986223,66.7976519008478,51.7763919011643
2016-05-18,-57.9617647058824,-61.4735294117647,0.512589368878341,358.637234199338,0.754001833316756,66.6130743362869,-57.9391505155601,-61.4613211630531,-1.23877902063522,-1.60291572395767,0.157938434607909,0.120249516869846,34.0289225713444,66.6812988736852,66.7976519008478,28.8515506815315
2016-05-19,-57.9617647058824,-61.4735294117647,0.497716231135333,358.89504148902,0.432328126688556,66.6130743362869,-57.9391505155601,-61.4613211630531,-1.27788620768932,-1.59850145367637,0.152531592318645,0.0677552094504579,34.018195843407,39.9563912972104,66.7976519008478,6.10580672473422
2016-05-20,-57.9617647058824,-61.4735294117647,0.47517122273765,358.976121111614,0.297083867668379,66.6130743362869,-57.9391505155601,-61.4613211630531,-1.30899581140191,-1.60644367928447,0.156389857070488,0.0395595664397264,34.0183708561577,40.1707622126529,66.7976519008478,7.59724176180733
2016-05-21,-57.9617647058824,-61.4735294117647,0.456823382617497,359.105261825934,0.577931185684553,66.6130743362869,-57.9391505155601,-61.4613211630531,-1.27658441562241,-1.61611034448652,0.162935068511609,0.0862112881593135,34.0315439787953,55.1268919559947,66.7976519008478,14.1926460778024
2016-05-22,-57.9617647058824,-61.4735294117647,0.448888852647165,359.266076064691,0.865725410057277,66.6130743362869,-57.9391505155601,-61.4613211630531,-1.28599053741949,-1.6265418275326,0.114646631796994,0.0879081338442932,34.0417188729352,63.3121130900827,66.7976519008478,5.81651825793702
2016-05-23,-57.9617647058824,-61.4735294117647,0.43328676191045,359.250043915539,0.283157677003523,66.6130743362869,-57.9391505155601,-61.4613211630531,-1.29396933486105,-1.63168549553746,0.182096244151454,0.0984878837308179,34.0502710329537,67.7529477262304,66.7976519008478,28.8738871132302
2016-05-24,-57.9617647058824,-61.4735294117647,0.409915672751462,358.75593864627,0.521429312483567,66.6130743362869,-57.9391505155601,-61.4613211630531,-1.27742657439429,-1.64111739839459,0.10892266063736,0.120574882874886,34.0649020803763,74.104586950037,66.7976519008478,22.6271056875763
2016-05-25,-57.9617647058824,-61.4735294117647,0.398880073028367,358.838669195408,0.501984124685206,66.6130743362869,-57.9391505155601,-61.4613211630531,-1.27567800239995,-1.62708424073964,0.15187509485122,0.104519099323896,34.0698175932232,76.2826860070068,66.7976519008478,17.6113845335444
2016-05-26,-57.9617647058824,-61.4735294117647,0.392086477359621,359.010817364949,0.660000287178086,66.6130743362869,-57.9391505155601,-61.4613211630531,-1.25976389505763,-1.63065132357974,0.157417848982751,0.123813716119077,34.0757812623553,77.6914385539478,66.7976519008478,31.0720343384244
2016-05-27,-57.9617647058824,-61.4735294117647,0.389575216646601,359.224043683308,0.748580031278657,66.6130743362869,-57.9391505155601,-61.4613211630531,-1.24798349937608,-1.62041670767724,0.188094510853934,0.089165117400579,34.0793355872274,77.848973405506,66.7976519008478,29.0733033232421
2016-05-28,-57.9617647058824,-61.4735294117647,0.384824291961949,359.312527912419,0.450055165443479,66.6130743362869,-57.9391505155601,-61.4613211630531,-1.22995311734688,-1.61566018672125,0.167897930155117,0.0632775141210289,34.0794880155288,74.6603862360904,66.7976519008478,11.7368612483784
2016-05-29,-57.9617647058824,-61.4735294117647,0.375719872734896,359.25437852813,0.393631806915126,66.6130743362869,-57.9391505155601,-61.4613211630531,-1.21402517392447,-1.62252334962811,0.165961384456529,0.0394483652121705,34.0753159259173,69.64068841162,66.7976519008478,11.5267885809587
2016-05-30,-57.9617647058824,-61.4735294117647,0.36471930836759,359.187377929688,0.201409323504422,66.6130743362869,-57.9391505155601,-61.4613211630531,-1.19569528673985,-1.61726395208665,0.17092342204672,0.0505297555865949,34.0717554903223,67.0268459410159,66.7976519008478,12.8873793185566
2016-05-31,-57.9617647058824,-61.4735294117647,0.352778258301863,359.236464337605,0.212941238202336,66.6130743362869,-57.9391505155601,-61.4613211630531,-1.17250517462148,-1.60820353594225,0.183396060889469,0.0718218729543461,34.0710677431341,68.2482042968997,66.7976519008478,21.4502911806638
2016-06-01,-57.9617647058824,-61.4735294117647,0.34112415789831,359.376455911776,0.174266067174513,66.6130743362869,-57.9391505155601,-61.4613211630531,-1.15200761052077,-1.60873483421027,0.193115855829838,0.0661390877646795,34.0702193256332,69.7488006470818,66.7976519008478,27.2203035113679
2016-06-02,-57.9617647058824,-61.4735294117647,0.333763436209865,359.356999094893,0.452450067531772,66.6130743362869,-57.9391505155601,-61.4613211630531,-1.14615695174487,-1.61513095201268,0.176293196988653,0.100790981308893,34.076211895859,76.1935194249739,66.7976519008478,26.5006407049857
2016-06-03,-57.9617647058824,-61.4735294117647,0.331332905626879,359.386157524295,0.389958342400993,66.6130743362869,-57.9391505155601,-61.4613211630531,-1.15914720852888,-1.62426797291528,0.122592976062927,0.0741043774996772,34.0796447527392,79.6049206073468,66.7976519008478,1.99318173832299
2016-06-04,-57.9617647058824,-61.4735294117647,0.325609210969471,359.15738845453,0.289867147167281,66.6130743362869,-57.9391505155601,-61.4613211630531,-1.17451766628003,-1.6204698389841,0.11525205946584,0.0547529242470277,34.0786851633255,80.2669787078734,66.7976519008478,0.128196593618885
2016-06-05,-57.9617647058824,-61.4735294117647,0.318277249975902,358.560841257979,0.436574796896155,66.6130743362869,-57.9391505155601,-61.4613211630531,-1.18931284301516,-1.61594477999709,0.126330154964276,-0.0253563096417509,34.0758270387225,78.2221147302996,66.7976519008478,31.885161895782
2016-06-06,-57.9617647058824,-61.4735294117647,0.313005275115734,358.118453235161,0.328939741159358,66.6130743362869,-57.9391505155601,-61.4613211630531,-1.21668411566098,-1.61080152383539,0.14962965699966,0.00139371986411683,34.0701146093618,75.1229002073548,66.7976519008478,18.2835754847287
2016-06-07,-57.9617647058824,-61.4735294117647,0.308800196138824,358.122435406941,0.275792460616042,66.6130743362869,-57.9391505155601,-61.4613211630531,-1.23611909080694,-1.60785263640034,0.162437546892687,0.0488880986898293,34.0669371673131,75.6018884802959,66.7976519008478,9.02586625080943
2016-06-08,-57.9617647058824,-61.4735294117647,0.304975184180388,358.296181655512,0.303729595752751,66.6130743362869,-57.9391505155601,-61.4613211630531,-1.23798133981855,-1.60893458280808,0.156934330549076,0.0849856058042622,34.0711895560446,81.3892855624921,66.7976519008478,11.4298608654593
2016-06-09,-57.9617647058824,-61.4735294117647,0.299989893305592,358.706632288491,0.114258865212522,66.6130743362869,-57.9391505155601,-61.4613211630531,-1.2383589286875,-1.60543504337228,0.154149362276963,0.0720879317898499,34.0742825496535,84.0220733827908,66.7976519008478,7.31852069019332
2016-06-10,-57.9617647058824,-61.4735294117647,0.29294292374355,359.051091636099,0.122867612190908,66.6130743362869,-57.9391505155601,-61.4613211630531,-1.2514371582371,-1.60992715265426,0.142604222297467,0.0154923650206101,34.0670276286631,74.3698220709879,66.7976519008478,10.008121322561
2016-06-11,-57.9617647058824,-61.4735294117647,0.288101944436387,359.538151810809,0.201433600448981,66.6130743362869,-57.9391505155601,-61.4613211630531,-1.25738369817274,-1.61675366393307,0.1732075736178,0.0361996473651505,34.0587328139909,62.880076246223,66.7976519008478,15.6328992851467
2016-06-12,-57.9617647058824,-61.4735294117647,0.281719523595601,359.377088965439,0.281699088651959,66.6130743362869,-57.9391505155601,-61.4613211630531,-1.21998851416524,-1.62974606351814,0.20554648536319,0.082294540522512,34.071465552738,79.2737884315563,66.7976519008478,40.2675528961625
2016-06-13,-57.9617647058824,-61.4735294117647,0.275177497689317,359.506713495022,0.177880722665932,66.6130743362869,-57.9391505155601,-61.4613211630531,-1.20993791744817,-1.63054671316494,0.1748401703773,0.00519185363441987,34.0742579677649,77.3817231954351,66.7976519008478,26.9211986574564
2016-06-14,-57.9617647058824,-61.4735294117647,0.270432244895435,359.489114156583,0.206985416572268,66.6130743362869,-57.9391505155601,-61.4613211630531,-1.22421119028298,-1.64239703482784,0.137668542563915,0.0776974068157747,34.0769246934075,83.3435410307808,66.7976519008478,4.25348518314371
2016-06-15,-57.9617647058824,-61.4735294117647,0.264784211792597,359.674651727444,0.0834603111782088,66.6130743362869,-57.9391505155601,-61.4613211630531,-1.23866238366616,-1.63131523405814,0.202762341184614,0.00735656698404053,34.0732406894205,79.1722660746812,66.7976519008478,45.0112871292882
2016-06-16,-57.9617647058824,-61.4735294117647,0.259755308126531,360.103757532632,0.185038936006405,66.6130743362869,-57.9391505155601,-61.4613211630531,-1.24185014521143,-1.62409416802338,0.178554284714374,0.0352326098693769,34.0704504005339,75.550406627166,66.7976519008478,18.7844811864505
2016-06-17,-57.9617647058824,-61.4735294117647,0.25574000107079,360.697854763124,0.0866419697044099,66.6130743362869,-57.9391505155601,-61.4613211630531,-1.25376694541872,-1.61438178581747,0.174826990657168,0.0078713867396076,34.0616841284048,62.9148781412204,66.7976519008478,25.6348056442899
2016-06-18,-57.9617647058824,-61.4735294117647,0.251490042431325,361.241536954554,0.159022047070832,66.6130743362869,-57.9391505155601,-61.4613211630531,-1.26530813077884,-1.6127850203379,0.178429904395109,0.038544753739829,34.0587537716597,61.7822748176482,66.7976519008478,18.1363500782085
2016-06-19,-57.9617647058824,-61.4735294117647,0.24657564746534,361.541444359756,0.100035157190954,66.6130743362869,-57.9391505155601,-61.4613211630531,-1.25670265453628,-1.61454652662058,0.216155889339735,0.0511327124780167,34.0618179928758,68.7673481530667,66.7976519008478,45.9980662783225
2016-06-20,-57.9617647058824,-61.4735294117647,0.241200469797704,361.635506978849,0.20806151478574,66.6130743362869,-57.9391505155601,-61.4613211630531,-1.23954309585445,-1.62497759846701,0.201394979795504,0.0705920716649608,34.0673347040709,73.4101983094827,66.7976519008478,34.2197559700583
2016-06-21,-57.9617647058824,-61.4735294117647,0.238003008885355,361.912378822885,0.142201808803692,66.6130743362869,-57.9391505155601,-61.4613211630531,-1.23443377975188,-1.61681461897295,0.186836703375042,0.047957304814848,34.0712410827719,76.0318659294633,66.7976519008478,22.3399007529886
2016-06-22,-57.9617647058824,-61.4735294117647,0.23734264802642,362.216314548399,0.279541378159349,66.6130743362869,-57.9391505155601,-61.4613211630531,-1.23415404684872,-1.61108529262054,0.163209364285715,0.0723745834318652,34.0713048515371,76.5987855342397,66.7976519008478,10.8478401779409
2016-06-23,-57.9617647058824,-61.4735294117647,0.236259370678809,362.119535864853,0.195310527413357,66.6130743362869,-57.9391505155601,-61.4613211630531,-1.24052364285658,-1.59767691696543,0.15644339834027,-0.0146324103006869,34.0689757137324,73.6873770467987,66.7976519008478,30.2730977882873
2016-06-24,-57.9617647058824,-61.4735294117647,0.232054816240945,361.811340704197,0.195203983202213,66.6130743362869,-57.9391505155601,-61.4613211630531,-1.23319919849777,-1.60469740862467,0.196689939556214,0.00656003810656376,34.0589181485607,65.6314786622721,66.7976519008478,40.5646292025968
2016-06-25,-57.9617647058824,-61.4735294117647,0.226809286035416,361.244088893983,0.22243938903983,66.6130743362869,-57.9391505155601,-61.4613211630531,-1.2152607408371,-1.61121708741877,0.23669348707405,0.0162254682114893,34.0565478418842,67.3693041254473,66.7976519008478,74.9832652435347
2016-06-26,-57.9617647058824,-61.4735294117647,0.221700301166715,360.675741428282,0.179043911397457,66.6130743362869,-57.9391505155601,-61.4613211630531,-1.1982860241221,-1.61831706818621,0.232899472303437,0.0574654061824847,34.0623199267265,75.131343741166,66.7976519008478,63.4524940394698
2016-06-27,-57.9617647058824,-61.4735294117647,0.217866875231266,360.77420490544,0.0947495617835623,66.6130743362869,-57.9391505155601,-61.4613211630531,-1.20992803400666,-1.61848057474685,0.184365569605076,0.0229271847538539,34.0613706179476,74.6253787283955,66.7976519008478,25.4390144254673
2016-06-28,-57.9617647058824,-61.4735294117647,0.21614575831265,361.022756809142,0.199622809659781,66.6130743362869,-57.9391505155601,-61.4613211630531,-1.22833501793917,-1.6195398657589,0.152801770048264,0.037651850300239,34.0613437863658,77.8119067141884,66.7976519008478,6.66527220561836
2016-06-29,-57.9617647058824,-61.4735294117647,0.215184303591164,361.248162618498,0.153387632448135,66.6130743362869,-57.9391505155601,-61.4613211630531,-1.25755173486737,-1.61146296454184,0.161810701760726,-0.00792657537197295,34.0476186754893,65.0956544451385,66.7976519008478,27.9617197843481
2016-06-30,-57.9617647058824,-61.4735294117647,0.21407314753387,361.662567510837,0.175401272888227,66.6130743362869,-57.9391505155601,-61.4613211630531,-1.27619792772369,-1.60995021699733,0.170944838383701,0.0746694436741744,34.0487676561281,70.2938917317049,66.7976519008478,14.908613075562
2016-07-01,-57.9617647058824,-61.4735294117647,0.213877037621853,361.700790777439,0.234293580963844,66.6130743362869,-57.9391505155601,-61.4613211630531,-1.2958928669593,-1.62413947157532,0.110499244193357,0.053715047676634,34.0542802746318,76.9935494679028,66.7976519008478,0.481101472691222
2016-07-02,-57.9617647058824,-61.4735294117647,0.211508556382685,361.379360292016,0.15887178589658,66.6130743362869,-57.9391505155601,-61.4613211630531,-1.32423677831365,-1.63586788557158,0.178815401477209,0.0644595398493463,34.0543668337679,77.7326245121306,66.7976519008478,17.6435503311313
2016-07-03,-57.9617647058824,-61.4735294117647,0.207264704039184,360.863291298471,0.207970098842208,66.6130743362869,-57.9391505155601,-61.4613211630531,-1.33232924885113,-1.63873893448859,0.216374172986197,0.0517282557099374,34.0533022346445,76.7629102624541,66.7976519008478,46.1906390934672
2016-07-04,-57.9617647058824,-61.4735294117647,0.203969022667989,360.28623404154,0.182448190568787,66.6130743362869,-57.9391505155601,-61.4613211630531,-1.33731698949649,-1.65966573643137,0.143295315957745,0.101118818232124,34.0673095816382,83.4568012922238,66.7976519008478,13.6189916232773
2016-07-05,-57.9617647058824,-61.4735294117647,0.200241638302076,359.33064567752,0.184920366308311,66.6130743362869,-57.9391505155601,-61.4613211630531,-1.33447122959956,-1.6613148067966,0.0990727187288918,0.111070900240488,34.0897516155372,91.0265041150545,66.7976519008478,18.3823114837033
2016-07-06,-57.9617647058824,-61.4735294117647,0.197068619564539,358.45682804759,0.156616564113192,66.6130743362869,-57.9391505155601,-61.4613211630531,-1.3411235211671,-1.64946901235181,0.0803687030125243,0.0945661934985001,34.1051508791534,99.0037380429576,66.7976519008478,16.0879357172347
2016-07-07,-57.9617647058824,-61.4735294117647,0.194305238291258,357.902995039777,0.141010768972792,66.6130743362869,-57.9391505155601,-61.4613211630531,-1.35213193229014,-1.64043454667013,0.0459177951691685,0.0748786662181138,34.1136124336768,98.4514394057424,66.7976519008478,29.7813775088561
2016-07-08,-57.9617647058824,-61.4735294117647,0.192708025163994,357.706210624881,0.179764798092769,66.6130743362869,-57.9391505155601,-61.4613211630531,-1.36888226894875,-1.62835893232008,0.102085855768116,0.0647083009453679,34.1181366646338,95.3771423682188,66.7976519008478,2.20207472616615
2016-07-09,-57.9617647058824,-61.4735294117647,0.192138426641865,357.497100830078,0.226380644332072,66.6130743362869,-57.9391505155601,-61.4613211630531,-1.38582832208368,-1.62181454679744,0.11778991453239,0.0553081057483127,34.1211349497601,93.9749790930394,66.7976519008478,0.0366915339468959
2016-07-10,-57.9617647058824,-61.4735294117647,0.192335652959783,356.95716113579,0.288968601672933,66.6130743362869,-57.9391505155601,-61.4613211630531,-1.38921081030417,-1.62136768216868,0.105179715791011,0.0305745219874639,34.1249054768468,92.9053897883406,66.7976519008478,3.94972629922334
2016-07-11,-57.9617647058824,-61.4735294117647,0.191979327761545,356.259660302139,0.206748221410302,66.6130743362869,-57.9391505155601,-61.4613211630531,-1.39240153855801,-1.62417983397459,0.104391423791808,0.0207781214493248,34.128676050266,91.646140902953,66.7976519008478,6.87326109777739
2016-07-12,-57.9617647058824,-61.4735294117647,0.189016001798758,355.755660266411,0.119315336140372,66.6130743362869,-57.9391505155601,-61.4613211630531,-1.4505048256654,-1.64324340019149,0.119350023864292,-0.00504770386818289,34.1150579516865,62.9993085771115,66.7976519008478,17.5982555514462
2016-07-13,-57.9617647058824,-61.4735294117647,0.187875382783936,355.513466439596,0.282369621552345,66.6130743362869,-57.9391505155601,-61.4613211630531,-1.4804292745114,-1.6619334127578,0.104640184832528,0.0398684582407819,34.1148706145293,61.1220700830905,66.7976519008478,2.26222913474809
2016-07-14,-57.9617647058824,-61.4735294117647,0.189109798793386,355.322768792873,0.348179436220628,66.6130743362869,-57.9391505155601,-61.4613211630531,-1.44200214602847,-1.66492966505197,0.136409911846141,0.0505841205778875,34.127034850127,80.2029349922973,66.7976519008478,1.36681356561163
2016-07-15,-57.9617647058824,-61.4735294117647,0.189775856348073,355.308959960938,0.317342016936802,66.6130743362869,-57.9391505155601,-61.4613211630531,-1.46628944400834,-1.65156494268039,0.134620810397643,0.0635798160796143,34.1239458719889,69.1019811115445,66.7976519008478,1.45970952802739
2016-07-16,-57.9617647058824,-61.4735294117647,0.190259445731233,355.344394962962,0.415640231221914,66.6130743362869,-57.9391505155601,-61.4613211630531,-1.47669489655578,-1.63604663467279,0.17701147389617,0.0206117318608822,34.1231181238666,64.8287718524495,66.7976519008478,21.7500122850745
2016-07-17,-57.9617647058824,-61.4735294117647,0.188485724533476,355.023003927091,0.348449509500003,66.6130743362869,-57.9391505155601,-61.4613211630531,-1.47311372859919,-1.62300769343228,0.203683250326055,0.00117049399416456,34.1204925156154,57.1801988303098,66.7976519008478,48.8685251589652
2016-07-18,-57.9617647058824,-61.4735294117647,0.183117999172792,354.98350636552,0.104248307713466,66.6130743362869,-57.9391505155601,-61.4613211630531,-1.45253115602833,-1.63069044739289,0.216608930580248,-0.00559217711551148,34.1140284313042,51.8058929777982,66.7976519008478,64.30240610582
2016-07-19,-57.9617647058824,-61.4735294117647,0.179142854290038,355.494430914158,0.173104344333363,66.6130743362869,-57.9391505155601,-61.4613211630531,-1.44329899959719,-1.64851185908684,0.206368549567284,0.0128894368998515,34.1079906561436,46.464535875359,66.7976519008478,45.6076634471981
2016-07-20,-57.9617647058824,-61.4735294117647,0.177342998908787,356.117379909608,0.114070288836956,66.6130743362869,-57.9391505155601,-61.4613211630531,-1.44780931403602,-1.6525431026814,0.205057201240911,0.0282516556008946,34.1028734379613,45.4157451611621,66.7976519008478,39.3102994270428
2016-07-21,-57.9617647058824,-61.4735294117647,0.176392916226532,356.766990103373,0.20376498268054,66.6130743362869,-57.9391505155601,-61.4613211630531,-1.47220929318916,-1.65349737449214,0.194608420993273,0.0329179809492851,34.092579088713,41.1800148213601,66.7976519008478,29.8940267745309
2016-07-22,-57.9617647058824,-61.4735294117647,0.179058786935923,357.018194431212,0.371201706141597,66.6130743362869,-57.9391505155601,-61.4613211630531,-1.5016296320116,-1.66176166756433,0.2037639742599,0.0655509576844944,34.1035899781344,53.5750194619059,66.7976519008478,35.4734497060779
2016-07-23,-57.9617647058824,-61.4735294117647,0.182414042786127,356.906691760552,0.335311165488348,66.6130743362869,-57.9391505155601,-61.4613211630531,-1.50440323360858,-1.65655992935222,0.123054254458219,0.0937589565681623,34.1232107370971,68.105496120839,66.7976519008478,7.83444643783835
2016-07-24,-57.9617647058824,-61.4735294117647,0.183316281201636,356.088558662228,0.301038083779376,66.6130743362869,-57.9391505155601,-61.4613211630531,-1.48636197303793,-1.65002337013662,0.123901029789818,0.0915382303971189,34.139800289221,82.8365466971146,66.7976519008478,7.0091650407351
2016-07-25,-57.9617647058824,-61.4735294117647,0.181249856767131,354.63101791754,0.27029697124551,66.6130743362869,-57.9391505155601,-61.4613211630531,-1.44983465348178,-1.6499204061292,0.137223738930647,0.0984285765009531,34.1571375014167,100.218300915923,66.7976519008478,11.1825666751446
2016-07-26,-57.9617647058824,-61.4735294117647,0.181077621786333,353.718668867902,0.308256752516438,66.6130743362869,-57.9391505155601,-61.4613211630531,-1.42406467717347,-1.65191749216896,0.13003932755546,0.0907911242723626,34.1687847400001,109.65082673087,66.7976519008478,7.1434203951414
2016-07-27,-57.9617647058824,-61.4735294117647,0.179834186394767,352.854214179807,0.201757913046494,66.6130743362869,-57.9391505155601,-61.4613211630531,-1.42603861891467,-1.66993329882139,0.158955718552777,0.130286441072721,34.1740894497808,94.0808259691143,66.7976519008478,36.365556911172
2016-07-28,-57.9617647058824,-61.4735294117647,0.179507746838215,352.938936931331,0.231789176057025,66.6130743362869,-57.9391505155601,-61.4613211630531,-1.44333062826702,-1.67259100332917,0.170464614861206,0.112047821906736,34.1700305501137,78.3193127816184,66.7976519008478,29.2766756643108
2016-07-29,-57.9617647058824,-61.4735294117647,0.181069567163543,353.454457352801,0.21415483506351,66.6130743362869,-57.9391505155601,-61.4613211630531,-1.4714847558584,-1.66884517782291,0.173209221392629,0.0571713411625017,34.1661796672785,67.0299349384591,66.7976519008478,14.0428668200908
2016-07-30,-57.9617647058824,-61.4735294117647,0.183613834675492,353.643159447647,0.344546701668239,66.6130743362869,-57.9391505155601,-61.4613211630531,-1.49949555800833,-1.66786907752033,0.11755021406129,0.0651621659023639,34.1665585423932,66.5801882505739,66.7976519008478,0.630642596993916
2016-07-31,-57.9617647058824,-61.4735294117647,0.185619201965448,353.324809004621,0.392444283406182,66.6130743362869,-57.9391505155601,-61.4613211630531,-1.49098398481143,-1.65553605781715,0.13869735838873,0.0816973494654886,34.1748966005971,77.4727431373236,66.7976519008478,5.45456582880543
2016-08-01,-57.9617647058824,-61.4735294117647,0.179826283781994,351.656102994593,0.26581687820939,66.6130743362869,-57.9391505155601,-61.4613211630531,-1.45002147229577,-1.66421221013655,0.195264919144422,0.130151352212939,34.18416545523,84.8795570072375,66.7976519008478,56.8930034286551
2016-08-02,-57.9617647058824,-61.4735294117647,0.173373884089836,349.740525408489,0.29542220994921,66.6130743362869,-57.9391505155601,-61.4613211630531,-1.37029279227521,-1.67729398435266,0.144095139947497,0.142423829307601,34.2067412557872,101.111409770332,66.7976519008478,41.686999482208
2016-08-03,-57.9617647058824,-61.4735294117647,0.170629178151125,349.257017926472,0.143302878864655,66.6130743362869,-57.9391505155601,-61.4613211630531,-1.37190990481782,-1.67199422698594,0.173996689745732,0.0583121813934261,34.2099723249634,96.5789372563845,66.7976519008478,14.5022592955983
2016-08-04,-57.9617647058824,-61.4735294117647,0.168017628261956,349.266302713534,0.144663430523218,66.6130743362869,-57.9391505155601,-61.4613211630531,-1.40517137134284,-1.6602312131771,0.151179058560234,0.0761982520914029,34.2016652888454,81.041473148001,66.7976519008478,7.1737748282032
2016-08-05,-57.9617647058824,-61.4735294117647,0.168498495548237,349.474799179449,0.333683058392347,66.6130743362869,-57.9391505155601,-61.4613211630531,-1.45280001713679,-1.64377551957181,0.135657863246526,0.0148441039287207,34.1890150628753,59.3031091895985,66.7976519008478,8.95302955901736
2016-08-06,-57.9617647058824,-61.4735294117647,0.173338842010353,350.057873609589,0.540872952287517,66.6130743362869,-57.9391505155601,-61.4613211630531,-1.49915256698122,-1.63828877784945,0.172563431580902,0.00753531229459805,34.1723329592974,36.8798289221791,66.7976519008478,24.5825105204199
2016-08-07,-57.9617647058824,-61.4735294117647,0.175877700128206,350.508534129073,0.298341485012959,66.6130743362869,-57.9391505155601,-61.4613211630531,-1.51537803334263,-1.64509263453696,0.174676251485843,0.00283356742397976,34.1591762846459,34.566229234662,66.7976519008478,28.0171643397747
2016-08-08,-57.9617647058824,-61.4735294117647,0.177999953035174,350.66700484113,0.573182229861254,66.6130743362869,-57.9391505155601,-61.4613211630531,-1.52214400062033,-1.65402743143913,0.184020433982133,0.063938954143751,34.1600842907039,44.529225703354,66.7976519008478,20.7734579609677
2016-08-09,-57.9617647058824,-61.4735294117647,0.184021853001379,350.830298447027,0.58696143756189,66.6130743362869,-57.9391505155601,-61.4613211630531,-1.54328801347177,-1.65751831975543,0.140185805256309,0.0540165263209266,34.1611180685149,48.8831586812028,66.7976519008478,1.97901400249027
2016-08-10,-57.9617647058824,-61.4735294117647,0.180195324758931,348.508352512267,0.455455676811497,66.6130743362869,-57.9391505155601,-61.4613211630531,-1.43776958842992,-1.66722740480292,0.108760389495596,0.138728659936854,34.1977195688266,91.038859945238,66.7976519008478,36.3300621917521
2016-08-11,-57.9617647058824,-61.4735294117647,0.180204821614231,347.211646847609,0.439948623772801,66.6130743362869,-57.9391505155601,-61.4613211630531,-1.38100071040242,-1.66193918033167,0.0885432153869817,0.0654026894162782,34.2147806916642,108.751951717011,66.7976519008478,5.6596534370977
2016-08-12,-57.9617647058824,-61.4735294117647,0.183043550063924,346.534264913419,0.449756592512131,66.6130743362869,-57.9391505155601,-61.4613211630531,-1.39951049847159,-1.64874743868304,0.043033981502217,0.0252533458002344,34.2117720538305,109.036338108593,66.7976519008478,34.0547589042773
2016-08-13,-57.9617647058824,-61.4735294117647,0.183003675283455,345.514366708151,0.311875800920151,66.6130743362869,-57.9391505155601,-61.4613211630531,-1.41797283601503,-1.63733162233221,0.0244963548966908,0.0713342358175962,34.2133494337239,107.714281095023,66.7976519008478,47.34033879481
2016-08-14,-57.9617647058824,-61.4735294117647,0.18177871115324,345.053525599038,0.23776440393952,66.6130743362869,-57.9391505155601,-61.4613211630531,-1.4343604106813,-1.63137907200014,0.0519242990113463,0.0969566044104807,34.2151060168721,97.0152984366887,66.7976519008478,32.4812639114611
2016-08-15,-57.9617647058824,-61.4735294117647,0.183507747493866,345.266776480326,0.323968404124593,66.6130743362869,-57.9391505155601,-61.4613211630531,-1.45992577815989,-1.63889337889096,0.0345637564737144,0.0627841108784019,34.2115477331576,88.8516995755606,66.7976519008478,37.1095384940058
2016-08-16,-57.9617647058824,-61.4735294117647,0.186483283141037,345.231497787848,0.363957924132303,66.6130743362869,-57.9391505155601,-61.4613211630531,-1.47980951538935,-1.64384264839806,0.0268151028466369,0.0645592092572838,34.2125074873086,87.4165883984482,66.7976519008478,44.219444207498
2016-08-17,-57.9617647058824,-61.4735294117647,0.191392931542019,345.005958743212,0.525850619552884,66.6130743362869,-57.9391505155601,-61.4613211630531,-1.51019656062931,-1.64185297456991,0.0951337310738168,0.037903082651286,34.2092394912452,84.2409747647531,66.7976519008478,4.50447285190367
2016-08-18,-57.9617647058824,-61.4735294117647,0.198673846699843,344.867641542016,0.630815076482732,66.6130743362869,-57.9391505155601,-61.4613211630531,-1.52343096488561,-1.6441540113184,0.10882052041178,0.0434672535622088,34.2091818692391,83.3466298712088,66.7976519008478,1.24170206303812
2016-08-19,-57.9617647058824,-61.4735294117647,0.205407532068287,344.353636578816,0.551430199840447,66.6130743362869,-57.9391505155601,-61.4613211630531,-1.53621167258212,-1.64673387666463,0.0939418205315204,0.0297697557340025,34.2082427638745,81.2774667418116,66.7976519008478,6.47349610163931
2016-08-20,-57.9617647058824,-61.4735294117647,0.206196576992913,343.342167179759,0.487834908159041,66.6130743362869,-57.9391505155601,-61.4613211630531,-1.53003977007872,-1.64826392130009,0.0462859940392125,0.028551486585988,34.2111236839964,82.515505075133,66.7976519008478,30.692505976342
2016-08-21,-57.9617647058824,-61.4735294117647,0.201785360349388,341.698413011504,0.408097278190459,66.6130743362869,-57.9391505155601,-61.4613211630531,-1.54149199416924,-1.63934353842587,0.0801397113182284,0.0204708770812362,34.21410963442,83.0140563820699,66.7976519008478,13.7736857892031
2016-08-22,-57.9617647058824,-61.4735294117647,0.198722218413179,340.347028778821,0.43904221812036,66.6130743362869,-57.9391505155601,-61.4613211630531,-1.55001542861002,-1.62735359646209,0.0957325690309046,-0.0104669016131103,34.2127978779205,82.1483357567215,66.7976519008478,23.9712606387238
2016-08-23,-57.9617647058824,-61.4735294117647,0.20148332507872,340.046004504692,0.581580197892901,66.6130743362869,-57.9391505155601,-61.4613211630531,-1.57436697621416,-1.6326035208065,0.0559662513173463,-0.0115945624305732,34.2052072635707,73.8992769225889,66.7976519008478,42.3810859041961
2016-08-24,-57.9617647058824,-61.4735294117647,0.207986075794551,340.120713024605,0.743381612457153,66.6130743362869,-57.9391505155601,-61.4613211630531,-1.62213696899363,-1.6278136363718,0.0923751213370386,0.014832572169431,34.1946266987707,62.3650507624494,66.7976519008478,11.6740680107689
2016-08-25,-57.9617647058824,-61.4735294117647,0.2158442761113,340.155705149581,0.7987282157126,66.6130743362869,-57.9391505155601,-61.4613211630531,-1.62775138885225,-1.63299725219788,0.125971840511047,0.0232953837546099,34.1919022687534,66.8948460860774,66.7976519008478,4.95885115059994
2016-08-26,-57.9617647058824,-61.4735294117647,0.224169733048212,340.62286637469,0.940785635898753,66.6130743362869,-57.9391505155601,-61.4613211630531,-1.64510369445631,-1.64295674641284,0.126879570344601,0.0592841609819778,34.1860271356045,67.1252794381578,66.7976519008478,0.342574026574411
2016-08-27,-57.9617647058824,-61.4735294117647,0.233018692946289,341.005693016983,1.19189565728714,66.6130743362869,-57.9391505155601,-61.4613211630531,-1.66453768158088,-1.65055260436255,0.113317161330931,0.058488455735519,34.1790213900217,63.8094288649668,66.7976519008478,0.332202372846005
2016-08-28,-57.9617647058824,-61.4735294117647,0.239925966938821,341.825872281703,0.981426702039998,66.6130743362869,-57.9391505155601,-61.4613211630531,-1.67986563358873,-1.65823989020668,0.166732378203457,-3.62432889851481e-05,34.1668901945415,53.2121745532984,66.7976519008478,25.5298742613345
2016-08-29,-57.9617647058824,-61.4735294117647,0.23781102932081,343.010371882741,0.514291199605639,66.6130743362869,-57.9391505155601,-61.4613211630531,-1.68493739023865,-1.66840531468874,0.18077418719407,0.00304279007852158,34.1408835139513,34.6481885266529,66.7976519008478,31.4119649360885
2016-08-30,-57.9617647058824,-61.4735294117647,0.239873329495511,345.019922396032,1.15701202657528,66.6130743362869,-57.9391505155601,-61.4613211630531,-1.71039698931531,-1.66860341510953,0.168193642542711,0.00757896913750934,34.1142756350127,25.0290915892031,66.7976519008478,22.3734687189902
2016-08-31,-57.9617647058824,-61.4735294117647,0.255245412540872,346.64775271532,1.53176938905949,66.6130743362869,-57.9391505155601,-61.4613211630531,-1.72473747897566,-1.67811852283323,0.0797937525016496,0.0743844394500439,34.1145206816927,32.7237925111202,66.7976519008478,10.2234623746744
2016-09-01,-57.9617647058824,-61.4735294117647,0.264546257239289,346.371003685928,1.44791531617322,66.6130743362869,-57.9391505155601,-61.4613211630531,-1.72600961905903,-1.6796736860404,0.0797591565551385,0.0739281032179129,34.1209106496793,42.3414479794933,66.7976519008478,10.1467377114479
2016-09-02,-57.9617647058824,-61.4735294117647,0.262356593296295,345.513422151891,1.15233608880421,66.6130743362869,-57.9391505155601,-61.4613211630531,-1.72749427632603,-1.68235280864474,0.101015854501209,0.112131016969922,34.122642537682,48.3870784821298,66.7976519008478,18.59661804392
2016-09-03,-57.9617647058824,-61.4735294117647,0.264689374805951,345.74364899426,0.921475230375441,66.6130743362869,-57.9391505155601,-61.4613211630531,-1.72594240593363,-1.67990926595835,0.122896925811423,0.101261320374353,34.1199901647735,52.164825287586,66.7976519008478,11.0741487574461
2016-09-04,-57.9617647058824,-61.4735294117647,0.26353460641169,346.407962706031,0.475705511141114,66.6130743362869,-57.9391505155601,-61.4613211630531,-1.72118102394135,-1.67755716001457,0.224245559218039,0.0519811353129655,34.1049924482379,47.8415754706914,66.7976519008478,54.0572693480262
2016-09-05,-57.9617647058824,-61.4735294117647,0.264827686112102,347.179729926877,1.09952504823848,66.6130743362869,-57.9391505155601,-61.4613211630531,-1.69288554445774,-1.68722258968714,0.206903138473208,0.0911988613878185,34.1014586228591,54.0523602708309,66.7976519008478,44.3250544337239
2016-09-06,-57.9617647058824,-61.4735294117647,0.278197578722384,348.564625065501,0.890704045935375,66.6130743362869,-57.9391505155601,-61.4613211630531,-1.68647641369849,-1.67633230049118,0.203819986286997,0.0510610494154346,34.0981514296229,55.5356588492348,66.7976519008478,34.935616951001
2016-09-07,-57.9617647058824,-61.4735294117647,0.287143231528561,349.963834809094,0.758737360104555,66.6130743362869,-57.9391505155601,-61.4613211630531,-1.69689669316275,-1.65543227318006,0.20629606293904,0.0293760217334095,34.0818295498126,47.7758845742415,66.7976519008478,40.0818521224046
2016-09-08,-57.9617647058824,-61.4735294117647,0.306504768932738,351.286222132241,1.83874736980694,66.6130743362869,-57.9391505155601,-61.4613211630531,-1.71209218965368,-1.66376122900671,0.160230823534864,0.0898578589060689,34.0735491136147,47.8351917704429,66.7976519008478,14.3072512092973
2016-09-09,-57.9617647058824,-61.4735294117647,0.331203903730323,351.830018206341,2.07967427300244,66.6130743362869,-57.9391505155601,-61.4613211630531,-1.70929585576218,-1.67886233072371,0.180012254268132,0.0994310337703238,34.0833080616075,55.2603331719011,66.7976519008478,28.0290963630601
2016-09-10,-57.9617647058824,-61.4735294117647,0.33829113986434,351.054403909823,1.80136248323976,66.6130743362869,-57.9391505155601,-61.4613211630531,-1.68105177607453,-1.69036340198697,0.15809493990522,0.142951828491712,34.0991954262923,63.787394580249,66.7976519008478,46.4661108427556
2016-09-11,-57.9617647058824,-61.4735294117647,0.349723965474745,350.949025968226,1.54971796365046,66.6130743362869,-57.9391505155601,-61.4613211630531,-1.66647010961203,-1.69715613955267,0.173986804429014,0.0929138285890925,34.1116643486074,67.1188956182174,66.7976519008478,21.8814789018393
2016-09-12,-57.9617647058824,-61.4735294117647,0.368414772356429,351.236509741806,1.68636133040233,66.6130743362869,-57.9391505155601,-61.4613211630531,-1.68564018088314,-1.69574347536574,0.172534601468789,0.0882771567224089,34.1050252669897,62.148620502508,66.7976519008478,19.4280487530442
2016-09-13,-57.9617647058824,-61.4735294117647,0.395492167189354,351.779311389458,2.21411572414927,66.6130743362869,-57.9391505155601,-61.4613211630531,-1.7078418384599,-1.6834281636314,0.167877337328496,0.0350621019297766,34.0942512028291,50.3854026408331,66.7976519008478,13.1665107370694
2016-09-14,-57.9617647058824,-61.4735294117647,0.421426226816526,352.168688518245,2.10844923010687,66.6130743362869,-57.9391505155601,-61.4613211630531,-1.71628619849119,-1.67308440655671,0.186770806709925,0.00639776687430628,34.0769532804708,37.7852937425518,66.7976519008478,33.5561796424694
2016-09-15,-57.9617647058824,-61.4735294117647,0.45627661540014,352.840216659918,2.77186619726623,66.6130743362869,-57.9391505155601,-61.4613211630531,-1.72538294016752,-1.67493034454814,0.178454616065571,0.0593640609982445,34.0707383767152,36.6627808839847,66.7976519008478,17.0437473952953
2016-09-16,-57.9617647058824,-61.4735294117647,0.497310497048425,353.423253501334,2.41494044879588,66.6130743362869,-57.9391505155601,-61.4613211630531,-1.72353057854893,-1.66212122015625,0.158358527525918,0.0607273033926925,34.0824144031355,54.2028935840416,66.7976519008478,7.45344684899714
2016-09-17,-57.9617647058824,-61.4735294117647,0.532192148086501,353.851757886933,2.28911470639996,66.6130743362869,-57.9391505155601,-61.4613211630531,-1.73278052990253,-1.65454225356762,0.17099673227079,0.0272574358130837,34.0774845015182,52.0717459690233,66.7976519008478,16.5033082507945
2016-09-18,-57.9617647058824,-61.4735294117647,0.54554455999921,353.626024199695,2.0897653113778,66.6130743362869,-57.9391505155601,-61.4613211630531,-1.71886606488312,-1.66394903640515,0.19285968160219,0.0606070416809818,34.0778510470783,56.6064839279443,66.7976519008478,26.5305720805189
2016-09-19,-57.9617647058824,-61.4735294117647,0.576465502744768,353.914581298828,3.23538389438536,66.6130743362869,-57.9391505155601,-61.4613211630531,-1.7051315001148,-1.66107798684464,0.16942014845337,0.0314624828013733,34.0791792824523,59.5014180352009,66.7976519008478,14.6688038165185
2016-09-20,-57.9617647058824,-61.4735294117647,0.611237213378999,354.410974642126,1.56989647629784,66.6130743362869,-57.9391505155601,-61.4613211630531,-1.70612489823227,-1.6655206760736,0.151117280130645,-0.00654356380705891,34.0667124553892,50.7091212150378,66.7976519008478,23.2431229436501
2016-09-21,-57.9617647058824,-61.4735294117647,0.640468550164525,354.980793278392,2.70190207115034,66.6130743362869,-57.9391505155601,-61.4613211630531,-1.71095052462036,-1.6671973407349,0.130582977111443,0.0202196451625441,34.0606664176251,49.0608744254479,66.7976519008478,6.32708331040334
2016-09-22,-57.9617647058824,-61.4735294117647,0.691256445355532,355.447542516197,4.10191865665157,66.6130743362869,-57.9391505155601,-61.4613211630531,-1.69949138510404,-1.66202525748254,0.170271042437769,0.0485289605301723,34.0592826246089,53.0993260513594,66.7976519008478,12.6540820866335
2016-09-23,-57.9617647058824,-61.4735294117647,0.712060694287463,355.442626208794,1.98352315622132,66.6130743362869,-57.9391505155601,-61.4613211630531,-1.68964341946459,-1.64079986023999,0.183816977413359,0.000380554753035186,34.0632734723419,60.8032940376786,66.7976519008478,34.6978493294974
2016-09-24,-57.9617647058824,-61.4735294117647,0.719143401922249,354.830794171589,3.92722168928239,66.6130743362869,-57.9391505155601,-61.4613211630531,-1.65690385112878,-1.64438547409176,0.198613306132928,0.0434087699784441,34.0657610668023,65.3116731360535,66.7976519008478,31.2606191446244
2016-09-25,-57.9617647058824,-61.4735294117647,0.761819000651197,355.009900721108,3.18900926156742,66.6130743362869,-57.9391505155601,-61.4613211630531,-1.62090831938704,-1.64892165413109,0.178686078678057,0.0268571119800753,34.0687717484076,67.6234195261349,66.7976519008478,20.8066962312499
2016-09-26,-57.9617647058824,-61.4735294117647,0.791036838801896,355.551917099371,2.26304647907978,66.6130743362869,-57.9391505155601,-61.4613211630531,-1.61444383232217,-1.64531997662646,0.149885007711919,-0.0249263322315155,34.0564861220387,54.3521913471814,66.7976519008478,35.739986844367
2016-09-27,-57.9617647058824,-61.4735294117647,0.860845253598399,356.59769756038,6.30384139607592,66.6130743362869,-57.9391505155601,-61.4613211630531,-1.60042558234391,-1.65420164656543,0.139848083463798,0.0292121029676374,34.0482964457771,47.254681297642,66.7976519008478,5.05193135390141
2016-09-28,-57.9617647058824,-61.4735294117647,0.96907932874633,357.696858475848,6.05505013611259,66.6130743362869,-57.9391505155601,-61.4613211630531,-1.58800269516534,-1.65965461425292,0.126310386060261,0.0295209948742679,34.0504977320209,56.9619153006035,66.7976519008478,3.24399232946981
2016-09-29,-57.9617647058824,-61.4735294117647,1.02944595493921,358.237551061118,5.50093583362858,66.6130743362869,-57.9391505155601,-61.4613211630531,-1.58133755304553,-1.65866821851486,0.164519889332988,0.037669972299162,34.0525528551274,60.913877270965,66.7976519008478,11.1582916543457
2016-09-30,-57.9617647058824,-61.4735294117647,1.09122331912925,358.83321362007,6.03531149829306,66.6130743362869,-57.9391505155601,-61.4613211630531,-1.56851730832526,-1.65673085118112,0.168902034093293,0.0331848635565736,34.0540025945295,63.426609220775,66.7976519008478,14.0375850151415
2016-10-01,-57.9617647058824,-61.4735294117647,1.1504793334298,359.207366571194,6.47962892055511,66.6130743362869,-57.9391505155601,-61.4613211630531,-1.54715286691984,-1.65350272523569,0.165827942994522,0.0592265009286835,34.0583538410635,66.8861975727776,66.7976519008478,10.4900790836688
2016-10-02,-57.9617647058824,-61.4735294117647,1.24089020490646,359.819622505002,6.89515120954048,66.6130743362869,-57.9391505155601,-61.4613211630531,-1.51516353802481,-1.65462791678394,0.137890121639378,0.0183992428345638,34.0595296996164,67.8404673539032,66.7976519008478,7.98243378912729
2016-10-03,-57.9617647058824,-61.4735294117647,1.35217354719232,360.619690313572,6.98900078564155,66.6130743362869,-57.9391505155601,-61.4613211630531,-1.48984331089636,-1.6520534073293,0.149738386841478,0.00663417209236406,34.0566899638105,65.9652879640319,66.7976519008478,15.6818119455281
2016-10-04,-57.9617647058824,-61.4735294117647,1.44935819433957,361.355602357446,6.63711127711505,66.6130743362869,-57.9391505155601,-61.4613211630531,-1.46478897276838,-1.65075317873807,0.154222672531198,-0.0217171526751538,34.0522418672096,62.6591160706019,66.7976519008478,34.6275759965275
2016-10-05,-57.9617647058824,-61.4735294117647,1.55236313764642,362.160938914229,10.3800779551995,66.6130743362869,-57.9391505155601,-61.4613211630531,-1.44160478997488,-1.66097667149687,0.15732312240159,0.0539934622342529,34.0543052117352,65.0217264448261,66.7976519008478,6.85666756131647
2016-10-06,-57.9617647058824,-61.4735294117647,1.698829248911,363.216699739782,11.9017519950867,66.6130743362869,-57.9391505155601,-61.4613211630531,-1.39358471516977,-1.66910258478481,0.133064819693405,0.0171076633116575,34.0559979128612,65.3229987071111,66.7976519008478,7.72137914787299
2016-10-07,-57.9617647058824,-61.4735294117647,1.83976565192385,364.119820571527,11.8077307794152,66.6130743362869,-57.9391505155601,-61.4613211630531,-1.35755656963257,-1.66223777337917,0.164096501408278,-0.0159404640929339,34.0539446790852,61.7715667770942,66.7976519008478,34.2424567521414
2016-10-08,-57.9617647058824,-61.4735294117647,1.9915427652801,365.144028826458,13.8786713786241,66.6130743362869,-57.9391505155601,-61.4613211630531,-1.30978360904856,-1.64980714620366,0.132091192691995,-0.0219214329553841,34.0535842751363,58.7318653268853,66.7976519008478,29.7228092578297
2016-10-09,-57.9617647058824,-61.4735294117647,2.10416855753922,365.919337947194,10.0382401826905,66.6130743362869,-57.9391505155601,-61.4613211630531,-1.28792296488758,-1.64917947888857,0.0969195372089442,-0.0465644085616396,34.0496036359656,52.9802997257063,66.7976519008478,53.5708675294349
2016-10-10,-57.9617647058824,-61.4735294117647,2.20973734884727,366.744191611685,14.7097841588462,66.6130743362869,-57.9391505155601,-61.4613211630531,-1.20437391096281,-1.6563568842395,0.114014844778377,-0.00804518981159296,34.044313278919,43.0269819650895,66.7976519008478,19.613874824124
2016-10-11,-57.9617647058824,-61.4735294117647,2.32435517194794,367.594530803401,12.7600016652084,66.6130743362869,-57.9391505155601,-61.4613211630531,-1.18863377268659,-1.66011383401559,0.123690983242834,-0.033505287302932,34.0386997125088,38.6316574536837,66.7976519008478,38.581525699784
2016-10-12,-57.9617647058824,-61.4735294117647,2.42208890943992,368.348128900295,17.879443889711,66.6130743362869,-57.9391505155601,-61.4613211630531,-1.16426048471056,-1.66573072461142,0.138747605089194,-0.024303606516517,34.0340457869927,35.5007300125925,66.7976519008478,32.57312893733
2016-10-13,-57.9617647058824,-61.4735294117647,2.53563350875203,369.469371144365,19.2638097972405,66.6130743362869,-57.9391505155601,-61.4613211630531,-1.0927330041543,-1.66137328756,0.12413496365733,-0.0167509960098627,34.0261463623459,26.2547742622262,66.7976519008478,25.2947595859362
2016-10-14,-57.9617647058824,-61.4735294117647,2.67030525643651,371.317028138696,28.473784423456,66.6130743362869,-57.9391505155601,-61.4613211630531,-1.02487169932096,-1.65812209871938,0.113775968918635,0.0377869394264723,34.0212102933773,17.3591019569943,66.7976519008478,1.5710315785546
2016-10-15,-57.9617647058824,-61.4735294117647,2.75626505875006,372.697435332508,23.8946807558944,66.6130743362869,-57.9391505155601,-61.4613211630531,-1.04053869139649,-1.65935643208333,0.116229805180378,0.0454153311457711,34.0316571018152,29.8498631025615,66.7976519008478,0.474687973651837
2016-10-16,-57.9617647058824,-61.4735294117647,2.74717923780767,372.871671350991,21.0869600482103,66.6130743362869,-57.9391505155601,-61.4613211630531,-1.07857933258399,-1.65718101071604,0.124266757947794,0.0589464391894669,34.0373839868708,37.5686576536953,66.7976519008478,0.188245254814297
2016-10-17,-57.9617647058824,-61.4735294117647,2.75760334875525,373.237568925067,22.6720115847704,66.6130743362869,-57.9391505155601,-61.4613211630531,-1.09998529039414,-1.64782323721449,0.108418549678707,0.0519761929185445,34.0443651042326,44.0728896278762,66.7976519008478,0.731311870790124
2016-10-18,-57.9617647058824,-61.4735294117647,2.77192712120894,373.615633708675,14.8807095783513,66.6130743362869,-57.9391505155601,-61.4613211630531,-1.07577608053179,-1.64210297173334,0.166760383925417,0.0561186378613094,34.0489388696256,45.305161966486,66.7976519008478,10.8133140805776
2016-10-19,-57.9617647058824,-61.4735294117647,2.60167343296656,372.068205670613,6.91637729144678,66.6130743362869,-57.9391505155601,-61.4613211630531,-1.05806199942845,-1.6432199223965,0.19924921160325,0.0629776829800866,34.0551579381451,46.6023016786768,66.7976519008478,31.5496888444274
2016-10-20,-57.9617647058824,-61.4735294117647,2.3667492975549,369.314143111066,9.99473166756514,66.6130743362869,-57.9391505155601,-61.4613211630531,-1.05517175685056,-1.65791823104647,0.177083960333374,0.102126217378095,34.0706149988007,53.9178893517869,66.7976519008478,27.5766588488126
2016-10-21,-57.9617647058824,-61.4735294117647,2.36340093612671,368.377606647771,15.4617932540614,66.6130743362869,-57.9391505155601,-61.4613211630531,-1.04429185092851,-1.66917507272018,0.193705633403319,0.108199441923625,34.0842000212264,57.8754111430262,66.7976519008478,41.4884731138125
2016-10-22,-57.9617647058824,-61.4735294117647,2.40795581587931,367.982077621832,15.2495154287757,66.6130743362869,-57.9391505155601,-61.4613211630531,-1.0525810247169,-1.67646944892873,0.115315485232875,0.114474476012181,34.099832001968,61.9115977370948,66.7976519008478,18.2458794792432
2016-10-23,-57.9617647058824,-61.4735294117647,2.43552112070526,368.10175565394,11.354354198386,66.6130743362869,-57.9391505155601,-61.4613211630531,-1.04615805208603,-1.66718416191467,0.157654254271193,0.0712543356052616,34.1050151871284,61.3819512677418,66.7976519008478,8.42154033144614
2016-10-24,-57.9617647058824,-61.4735294117647,2.39367147989389,367.891307923852,9.14439516532712,66.6130743362869,-57.9391505155601,-61.4613211630531,-1.01289065083672,-1.65798989416938,0.216781909900558,0.0781232656536476,34.109809185651,60.3761994713231,66.7976519008478,49.3954353158277
2016-10-25,-57.9617647058824,-61.4735294117647,2.30589379915377,366.637421398628,12.6325567262929,66.6130743362869,-57.9391505155601,-61.4613211630531,-0.966570720901052,-1.66345027857303,0.202492163832049,0.101718480021325,34.1236887119721,63.7622713984748,66.7976519008478,45.0399052649944
2016-10-26,-57.9617647058824,-61.4735294117647,2.26433922168685,365.536065078363,12.0225772101705,66.6130743362869,-57.9391505155601,-61.4613211630531,-0.936625514677179,-1.65906483811727,0.161556998838378,0.144097610926017,34.1365962678443,67.3956627749238,66.7976519008478,48.8574260517946
2016-10-27,-57.9617647058824,-61.4735294117647,2.24205504176093,365.203072524652,10.165707599826,66.6130743362869,-57.9391505155601,-61.4613211630531,-0.895069930355558,-1.65065309715014,0.16360309799472,0.0694265200400803,34.1424281265732,66.0455995037166,66.7976519008478,10.5273565768055
2016-10-28,-57.9617647058824,-61.4735294117647,2.26308561170973,365.743961985518,19.0034874357828,66.6130743362869,-57.9391505155601,-61.4613211630531,-0.835556118876024,-1.64277594437001,0.126487483686482,0.0119742934620976,34.1370061084166,53.3299651744395,66.7976519008478,9.13712936201744
2016-10-29,-57.9617647058824,-61.4735294117647,2.32745211589627,367.34214261683,27.6859189010248,66.6130743362869,-57.9391505155601,-61.4613211630531,-0.671934404192988,-1.64213962738331,0.142815092495578,0.0415496531718093,34.1274675016622,28.4341089799497,66.7976519008478,3.34552430510369
2016-10-30,-57.9617647058824,-61.4735294117647,2.3347951864324,367.86242191966,20.9188792124027,66.6130743362869,-57.9391505155601,-61.4613211630531,-0.662126965901227,-1.64376645805704,0.191201550461221,0.0189816067485433,34.1236187861516,29.9787739948062,66.7976519008478,31.3672309849928
2016-10-31,-57.9617647058824,-61.4735294117647,2.2945443079239,367.496896511171,15.615233374805,66.6130743362869,-57.9391505155601,-61.4613211630531,-0.645637580780526,-1.65012344995491,0.191125769027372,0.00468115213449024,34.1179660946412,33.3574326112364,66.7976519008478,37.3826476168005
2016-11-01,-57.9617647058824,-61.4735294117647,2.25567382792147,367.220447819407,13.4776460077704,66.6130743362869,-57.9391505155601,-61.4613211630531,-0.617163193923661,-1.66378429399328,0.208732601350699,0.0425735265770663,34.1160653149068,36.1982076969224,66.7976519008478,39.7923367218812
2016-11-02,-57.9617647058824,-61.4735294117647,2.17884772507156,366.793253084508,10.6122393433641,66.6130743362869,-57.9391505155601,-61.4613211630531,-0.612116149462026,-1.66378264340312,0.190173558312671,0.0479070582048774,34.124679220511,45.5829585869464,66.7976519008478,24.6192377139518
2016-11-03,-57.9617647058824,-61.4735294117647,2.13942847310043,366.841901081364,13.6553318384217,66.6130743362869,-57.9391505155601,-61.4613211630531,-0.572301232330149,-1.65854713389105,0.179175363383514,0.0294921651744006,34.1190943647171,39.8079172898883,66.7976519008478,20.4059383799802
2016-11-04,-57.9617647058824,-61.4735294117647,2.15136584639549,367.612113394388,18.2981678974338,66.6130743362869,-57.9391505155601,-61.4613211630531,-0.527036970584338,-1.65595368013369,0.191040103292337,0.0675715219968485,34.1199757296708,41.5337988046499,66.7976519008478,25.9104729919227
2016-11-05,-57.9617647058824,-61.4735294117647,2.14113620723166,368.339917438786,17.3968875989681,66.6130743362869,-57.9391505155601,-61.4613211630531,-0.478244915775522,-1.66019414504047,0.191152127914623,0.0719997944579272,34.1184559717835,41.7494053126347,66.7976519008478,26.6768015137423
2016-11-06,-57.9617647058824,-61.4735294117647,2.10831667955329,369.052904082508,18.0948382645119,66.6130743362869,-57.9391505155601,-61.4613211630531,-0.462401979234618,-1.65677039102021,0.152119736877168,0.107840303733804,34.1249839123766,48.004876422496,66.7976519008478,19.4129267087842
2016-11-07,-57.9617647058824,-61.4735294117647,2.0752699869435,369.771651105183,18.5114896995265,66.6130743362869,-57.9391505155601,-61.4613211630531,-0.45289206600342,-1.65225809917115,0.157248987933161,0.115144977041906,34.1226178425365,49.1500413601215,66.7976519008478,25.356784896632
2016-11-08,-57.9617647058824,-61.4735294117647,2.03172999038929,370.577438726658,19.3771987717326,66.6130743362869,-57.9391505155601,-61.4613211630531,-0.40081933386091,-1.64167875863923,0.13452114174884,0.100882413179969,34.1191417833089,46.9204601578706,66.7976519008478,11.8751577971798
2016-11-09,-57.9617647058824,-61.4735294117647,1.95726390146628,371.369651236185,22.2853140656541,66.6130743362869,-57.9391505155601,-61.4613211630531,-0.369792758935859,-1.63746794885308,0.0815919146856718,0.0436352906489742,34.1079970706008,44.6713158701435,66.7976519008478,8.05437269073108
2016-11-10,-57.9617647058824,-61.4735294117647,1.85823022737736,371.821819026296,20.7843174818085,66.6130743362869,-57.9391505155601,-61.4613211630531,-0.338716762147934,-1.6322752703861,0.0785128813483294,0.0438749904313229,34.094399646548,41.406947232451,66.7976519008478,9.2681757382158
2016-11-11,-57.9617647058824,-61.4735294117647,1.77733218960646,372.564304630931,22.2568201669833,66.6130743362869,-57.9391505155601,-61.4613211630531,-0.277025387244106,-1.6240476294246,0.110296611134943,0.0954920457432225,34.0855570289931,38.7278256178224,66.7976519008478,8.99528912114481
2016-11-12,-57.9617647058824,-61.4735294117647,1.69341028390861,373.679408747975,22.8372627060588,66.6130743362869,-57.9391505155601,-61.4613211630531,-0.220934590206616,-1.61732367272319,0.102057025862126,0.0766562354699401,34.0781168249133,36.3606847551992,66.7976519008478,4.16808113329616
2016-11-13,-57.9617647058824,-61.4735294117647,1.61259227809383,374.079162225491,21.1309748393733,66.6130743362869,-57.9391505155601,-61.4613211630531,-0.18930209362716,-1.60507508183298,0.0870350000829349,0.0812962022126123,34.0710205356119,35.6279933301383,66.7976519008478,9.18203972200655
2016-11-14,-57.9617647058824,-61.4735294117647,1.5265761319457,373.46484375,17.0018457959338,66.6130743362869,-57.9391505155601,-61.4613211630531,-0.198583674113117,-1.59118113022262,0.0645485006363286,0.0741694505488583,34.0640642523926,38.2212429973278,66.7976519008478,17.5166995268643
2016-11-15,-57.9617647058824,-61.4735294117647,1.45354474317737,372.931009432165,15.9470049113762,66.6130743362869,-57.9391505155601,-61.4613211630531,-0.183395094184177,-1.58526276367718,0.0946362092336904,0.106695344648984,34.0596367582458,40.0344378603937,66.7976519008478,17.0325847436221
2016-11-16,-57.9617647058824,-61.4735294117647,1.40396077422107,372.835717550138,15.7746786780474,66.6130743362869,-57.9391505155601,-61.4613211630531,-0.154304900280779,-1.58812227615943,0.13251128567536,0.119256120944313,34.0579481755513,41.3639083223948,66.7976519008478,21.8615100843209
2016-11-17,-57.9617647058824,-61.4735294117647,1.35785980195534,373.162104909013,17.5992315280728,66.6130743362869,-57.9391505155601,-61.4613211630531,-0.066252451666534,-1.58665236480806,0.116369835931843,0.0885176803670351,34.0579295962767,37.5540367530586,66.7976519008478,5.94096202461505
2016-11-18,-57.9617647058824,-61.4735294117647,1.28689811287857,373.688288618879,19.8335467664207,66.6130743362869,-57.9391505155601,-61.4613211630531,0.048106704244086,-1.59103409947976,0.10833123598283,0.0529036920231122,34.0536050629198,30.0858564544142,66.7976519008478,0.724730441290421
2016-11-19,-57.9617647058824,-61.4735294117647,1.21538682572725,374.010543451077,19.8912575070451,66.6130743362869,-57.9391505155601,-61.4613211630531,0.146293768616501,-1.59440266844715,0.10503968478315,0.0573056059739931,34.0464552545998,24.2749836930701,66.7976519008478,1.20929439591193
2016-11-20,-57.9617647058824,-61.4735294117647,1.17398071107341,373.967325722299,18.0805701976869,66.6130743362869,-57.9391505155601,-61.4613211630531,0.232139988084715,-1.59349905302328,0.161636899100986,0.0698400232966049,34.0412844504744,19.9445264715897,66.7976519008478,9.75863823937265
2016-11-21,-57.9617647058824,-61.4735294117647,1.18627579001392,373.365572301353,16.4426754393229,66.6130743362869,-57.9391505155601,-61.4613211630531,0.250975963205863,-1.59784083456485,0.162040517332382,0.0828925549390747,34.0334364959264,18.8590806634159,66.7976519008478,12.8102609753508
2016-11-22,-57.9617647058824,-61.4735294117647,1.18935258359444,372.922251259408,17.7596645238923,66.6130743362869,-57.9391505155601,-61.4613211630531,0.319202994819675,-1.60098000142256,0.126571502275111,0.10093760178217,34.0357758628856,22.1918173106576,66.7976519008478,11.0857666332033
2016-11-23,-57.9617647058824,-61.4735294117647,1.17097311884892,371.508873544088,10.7384823560715,66.6130743362869,-57.9391505155601,-61.4613211630531,0.302035529835102,-1.59555586275623,0.22045072062034,0.0496063750594171,34.0298719316037,26.334468352489,66.7976519008478,50.2670150742908
2016-11-24,-57.9617647058824,-61.4735294117647,1.16028862210309,369.599916039444,11.1633239286702,66.6130743362869,-57.9391505155601,-61.4613211630531,0.284376804072123,-1.6073781795669,0.206041536380646,0.0928116883534571,34.0293570401376,30.9338674017614,66.7976519008478,44.1911096298481
2016-11-25,-57.9617647058824,-61.4735294117647,1.18332983698787,368.630114299495,12.8706007003784,66.6130743362869,-57.9391505155601,-61.4613211630531,0.294868251793941,-1.61107787880016,0.206355370354918,0.116006579300371,34.0337165904592,35.4945520473074,66.7976519008478,56.0900912345756
2016-11-26,-57.9617647058824,-61.4735294117647,1.19723864735627,368.013048125476,13.3932796745766,66.6130743362869,-57.9391505155601,-61.4613211630531,0.3122511990117,-1.60699638969663,0.160502648571765,0.12859948001068,34.0403145958698,40.4024311315354,66.7976519008478,35.7074985265591
2016-11-27,-57.9617647058824,-61.4735294117647,1.18103554317864,367.250615189715,9.53633815777011,66.6130743362869,-57.9391505155601,-61.4613211630531,0.360219871245737,-1.59577249483219,0.178448850009967,0.0657890102601083,34.0368302534466,37.0699003608282,66.7976519008478,17.5739911448237
2016-11-28,-57.9617647058824,-61.4735294117647,1.17310851376231,366.634463054378,14.0413038032811,66.6130743362869,-57.9391505155601,-61.4613211630531,0.551485671406654,-1.59119266038321,0.147000370283238,0.0738580878044751,34.0322339344926,24.7803307725029,66.7976519008478,5.48469384077205
2016-11-29,-57.9617647058824,-61.4735294117647,1.16443522438044,366.658825385861,15.2486984439012,66.6130743362869,-57.9391505155601,-61.4613211630531,0.595542043447495,-1.5901061851486,0.143151989767225,0.0406740478537826,34.0217273985004,11.8217013187898,66.7976519008478,3.53719550821373
2016-11-30,-57.9617647058824,-61.4735294117647,1.16205814826052,365.708827321122,9.90102506265408,66.6130743362869,-57.9391505155601,-61.4613211630531,0.516756348643708,-1.59086153076084,0.221063562275467,0.0629653274691218,34.0211796522462,24.8721745448556,66.7976519008478,51.1518056314398
2016-12-01,-57.9617647058824,-61.4735294117647,1.17653596419387,364.693187062333,16.6093871506249,66.6130743362869,-57.9391505155601,-61.4613211630531,0.578532730197778,-1.60339347666253,0.13720891221493,0.107501758652137,34.0287042687296,27.6604379841834,66.7976519008478,15.5981267132481
2016-12-02,-57.9617647058824,-61.4735294117647,1.1787600915243,364.788663538491,19.2543757368879,66.6130743362869,-57.9391505155601,-61.4613211630531,0.751535861357021,-1.601732049072,0.134382758259411,0.103764579564775,34.0291017334149,21.0402686315992,66.7976519008478,13.2405034491365
2016-12-03,-57.9617647058824,-61.4735294117647,1.16182503722063,365.054861673495,19.739733472103,66.6130743362869,-57.9391505155601,-61.4613211630531,0.917489336087154,-1.60188237938643,0.13400549783438,0.0725401493189065,34.0289289549134,20.6733052064533,66.7976519008478,2.60893763215251
2016-12-04,-57.9617647058824,-61.4735294117647,1.15536492645014,364.522468008646,16.5306784641452,66.6130743362869,-57.9391505155601,-61.4613211630531,0.861123750325639,-1.60551123837871,0.111069252616481,0.0077733651316359,34.0209575503783,23.3559276359445,66.7976519008478,11.2357165400905
2016-12-05,-57.9617647058824,-61.4735294117647,1.14002304178912,363.363787023033,14.0569199556258,66.6130743362869,-57.9391505155601,-61.4613211630531,0.892233355807872,-1.61487642473537,0.162322226574949,0.0536129074108343,34.0119996733672,23.4914281757576,66.7976519008478,8.83459692256006
2016-12-06,-57.9617647058824,-61.4735294117647,1.14553480886105,362.895005761123,18.5212042738752,66.6130743362869,-57.9391505155601,-61.4613211630531,0.974834481392473,-1.6192223269608,0.163191242618599,0.0963379970466399,34.0098703206792,21.6434313983892,66.7976519008478,18.0494181668638
2016-12-07,-57.9617647058824,-61.4735294117647,1.14560737551712,362.90230243962,20.067533161582,66.6130743362869,-57.9391505155601,-61.4613211630531,1.07578526238198,-1.62171899548426,0.126875451978361,0.0870185256024443,34.0093987757056,20.4144538578234,66.7976519008478,5.57851997550212
2016-12-08,-57.9617647058824,-61.4735294117647,1.13213460474479,363.401559969274,21.2278022591661,66.6130743362869,-57.9391505155601,-61.4613211630531,1.26807114373334,-1.61403541703295,0.107813945168305,0.0740516597402562,34.0076319531069,18.4873808231431,66.7976519008478,2.73487234225043
2016-12-09,-57.9617647058824,-61.4735294117647,1.11087125085476,363.783933313882,21.9957288997929,66.6130743362869,-57.9391505155601,-61.4613211630531,1.35522410181048,-1.6042517808124,0.117672123859527,0.0376625588105919,34.0013985575935,13.3978734305996,66.7976519008478,1.41361277967253
2016-12-10,-57.9617647058824,-61.4735294117647,1.10825357022809,363.438392453077,21.6848747962859,66.6130743362869,-57.9391505155601,-61.4613211630531,1.32138834308516,-1.60213566775586,0.0989055059719504,0.0329303367015643,33.9948109151863,18.6103197900872,66.7976519008478,4.56426523916476
2016-12-11,-57.9617647058824,-61.4735294117647,1.09022629170156,363.078826159966,20.8953821019429,66.6130743362869,-57.9391505155601,-61.4613211630531,1.39484429246823,-1.5988659456513,0.115555185246484,0.0320324911993605,33.9885239646181,18.5203293042305,66.7976519008478,2.58507513137417
2016-12-12,-57.9617647058824,-61.4735294117647,1.07283072028218,363.156651194503,21.6381498080928,66.6130743362869,-57.9391505155601,-61.4613211630531,1.54847373026103,-1.59985357434483,0.113481903516571,0.0523806352736416,33.982304952727,16.2277342761576,66.7976519008478,0.249807010782899
2016-12-13,-57.9617647058824,-61.4735294117647,1.10203985397409,362.847905973109,19.5242488267945,66.6130743362869,-57.9391505155601,-61.4613211630531,1.50339727105721,-1.60041781926123,0.140392557168618,0.107657440046952,33.9823337817482,18.8230432183475,66.7976519008478,16.270349429481
2016-12-14,-57.9617647058824,-61.4735294117647,1.12561505742189,361.630062196313,15.5125394826982,66.6130743362869,-57.9391505155601,-61.4613211630531,1.48200021098982,-1.59876545286372,0.162353528253784,0.0674940929138548,33.9829165192268,22.6675107327872,66.7976519008478,9.71978016794284
2016-12-15,-57.9617647058824,-61.4735294117647,1.1312183950369,360.076575302496,19.2957499783214,66.6130743362869,-57.9391505155601,-61.4613211630531,1.53257049545746,-1.59140600254018,0.172645802751646,0.0453346072873365,33.9774120758098,19.5221683911466,66.7976519008478,14.1036016719237
2016-12-16,-57.9617647058824,-61.4735294117647,1.13057266502846,358.860121564167,20.4654560263564,66.6130743362869,-57.9391505155601,-61.4613211630531,1.6573380714486,-1.5932243444659,0.15377704459827,0.0418124171011602,33.9717036619199,15.0207909894215,66.7976519008478,6.38216306448472
2016-12-17,-57.9617647058824,-61.4735294117647,1.12764327518824,357.531123835866,18.0197055921322,66.6130743362869,-57.9391505155601,-61.4613211630531,1.77566290303924,-1.59631285316709,0.145541577133653,0.0589036063093808,33.9600934377405,12.7234595655269,66.7976519008478,3.29482692907664
2016-12-18,-57.9617647058824,-61.4735294117647,1.12643182186819,356.97686358196,19.4315016851193,66.6130743362869,-57.9391505155601,-61.4613211630531,1.77574395425567,-1.60239472739931,0.10468631251822,0.0893026775053316,33.9671053094903,16.4589911987264,66.7976519008478,7.35372096931519
2016-12-19,-57.9617647058824,-61.4735294117647,1.09196572587257,356.197806009432,18.2024905449007,66.6130743362869,-57.9391505155601,-61.4613211630531,1.81708801259235,-1.60194497729442,0.0958717761815157,0.0146941887302759,33.9675892457949,17.395551219482,66.7976519008478,10.8136941631695
2016-12-20,-57.9617647058824,-61.4735294117647,1.03499530655582,355.017317981255,17.026354795549,66.6130743362869,-57.9391505155601,-61.4613211630531,1.83037974847312,-1.60034286042778,0.11289789246624,-0.00529399346283734,33.9612673040022,17.8625956379611,66.7976519008478,18.0136249326825
2016-12-21,-57.9617647058824,-61.4735294117647,0.983636813556276,353.4365234375,15.2413588035397,66.6130743362869,-57.9391505155601,-61.4613211630531,1.829332977654,-1.60643750308496,0.0760145645020542,0.0215384070629533,33.956755438636,20.0472844287291,66.7976519008478,15.160004250372
2016-12-22,-57.9617647058824,-61.4735294117647,0.95306797071201,352.240381380407,14.5371036936597,66.6130743362869,-57.9391505155601,-61.4613211630531,1.73093635929741,-1.61375205912571,0.0402407756982706,0.0905094148739469,33.9641338919821,25.8396236635895,66.7976519008478,38.6074579367448
2016-12-23,-57.9617647058824,-61.4735294117647,0.937647773725231,351.435505192454,15.8623527957172,66.6130743362869,-57.9391505155601,-61.4613211630531,1.70721346871895,-1.61000499599858,0.0714322577372656,0.0777221182298403,33.9711663250016,28.3019032909481,66.7976519008478,14.6863554729484
2016-12-24,-57.9617647058824,-61.4735294117647,0.910950074472078,351.519229051543,17.144292639523,66.6130743362869,-57.9391505155601,-61.4613211630531,1.85747524472544,-1.60317890235448,0.112320470514326,0.0296494939871002,33.9696526726891,21.1296413411335,66.7976519008478,3.34898260668144
2016-12-25,-57.9617647058824,-61.4735294117647,0.878026759842547,351.648396933951,17.3576371320864,66.6130743362869,-57.9391505155601,-61.4613211630531,1.90628706636699,-1.59803564313613,0.109939120770225,0.0182896891354951,33.9656391015098,19.4556536668064,66.7976519008478,7.009414624889
2016-12-26,-57.9617647058824,-61.4735294117647,0.848477595463032,351.183679720251,16.4731679195311,66.6130743362869,-57.9391505155601,-61.4613211630531,1.98393504967091,-1.60004179197767,0.119744581792519,0.0200384286975088,33.9596980528632,15.2071556768276,66.7976519008478,5.86100221990591
2016-12-27,-57.9617647058824,-61.4735294117647,0.812435298794653,350.580567150581,14.7832415743572,66.6130743362869,-57.9391505155601,-61.4613211630531,1.85507429144804,-1.5956757102418,0.0856190399793398,-0.0251965096444093,33.9611971207798,27.7716390414116,66.7976519008478,37.5870813361816
2016-12-28,-57.9617647058824,-61.4735294117647,0.769565841410218,349.765465340963,14.1585506578771,66.6130743362869,-57.9391505155601,-61.4613211630531,1.93003762910562,-1.59816867233771,0.0857953140348719,0.0248184262368924,33.9599717998633,24.3101973668766,66.7976519008478,10.2877337638499
2016-12-29,-57.9617647058824,-61.4735294117647,0.74434516488052,349.356662657203,12.6120928380547,66.6130743362869,-57.9391505155601,-61.4613211630531,1.92722152762728,-1.59464483672952,0.092602465603395,0.0110698580369856,33.9550954481529,26.9679025374604,66.7976519008478,13.1656200431982
2016-12-30,-57.9617647058824,-61.4735294117647,0.724063545828912,348.986213125834,14.0087118846614,66.6130743362869,-57.9391505155601,-61.4613211630531,1.92943170759198,-1.59459376721247,0.0693622704761231,0.032777126471282,33.9516481819101,27.4827222888447,66.7976519008478,15.2795461450974
2016-12-31,-57.9617647058824,-61.4735294117647,0.710622668629739,349.464223722132,15.862273309289,66.6130743362869,-57.9391505155601,-61.4613211630531,2.26485558061304,-1.58923470024799,0.109991014405944,0.0494276297036131,33.949067933035,19.3312732887011,66.7976519008478,0.647931201794189
