"date","lon.x","lat.x","chla","o2","productivity","distance_km.x","lon.y","lat.y","temp","ssh","u","v","salinity","mixed_layer","distance_km.y","EKE"
2010-01-01,-57.9464285714286,-61.4642857142857,0.615691027470997,357.787100655692,12.5279854365758,26.8464016060152,-57.9361047744751,-61.4583334287008,1.22157050122817,-1.62196467121442,0.0621662034342686,0.053422651005288,34.0741827964783,10.5695772488912,26.40696463556,37.1174818818479
2010-01-02,-57.9464285714286,-61.4642857142857,0.572733676859311,357.912891932896,11.8869439874377,26.8464016060152,-57.9361047744751,-61.4583334287008,1.45941345095634,-1.62334563831488,0.0641041290635864,0.0477919858880341,34.0754926045736,10.5301574468613,26.40696463556,35.1022482336401
2010-01-03,-57.9464285714286,-61.4642857142857,0.564622404319899,357.133004324777,10.6015551771436,26.8464016060152,-57.9361047744751,-61.4583334287008,1.23223366638025,-1.61951047976812,0.0707113863589863,0.0135451317764819,34.0736233393351,10.7018241882324,26.40696463556,34.3414185872245
2010-01-04,-57.9464285714286,-61.4642857142857,0.656001171895436,354.895416259766,6.3436575957707,26.8464016060152,-57.9361047744751,-61.4583334287008,0.862923083951076,-1.63229773739974,0.0824813583555321,-0.0137791073260208,34.056672890981,19.525489060084,26.40696463556,38.0033775255004
2010-01-05,-57.9464285714286,-61.4642857142857,0.627429849335125,351.706246512277,9.22656522478376,26.8464016060152,-57.9361047744751,-61.4583334287008,0.710550268987815,-1.64112776418527,0.0129042427365979,-0.00245165377855301,34.0507472356161,26.7507464488347,26.40696463556,101.759620837811
2010-01-06,-57.9464285714286,-61.4642857142857,0.576020332319396,349.783275059291,9.49885034561157,26.8464016060152,-57.9361047744751,-61.4583334287008,0.644337313373884,-1.64028341074785,0.001103752416869,0.0314798426193496,34.054879728953,30.9432268063227,26.40696463556,108.384037273603
2010-01-07,-57.9464285714286,-61.4642857142857,0.533673194902284,349.248467581613,9.00245298658099,26.8464016060152,-57.9361047744751,-61.4583334287008,0.721890945732593,-1.63748587767283,0.0101321445157131,0.0711691638454795,34.0629795392354,26.3705367326736,26.40696463556,98.4706251188688
2010-01-08,-57.9464285714286,-61.4642857142857,0.497067606874875,348.825657435826,8.66158298083714,26.8464016060152,-57.9361047744751,-61.4583334287008,0.80072635859251,-1.63440097173055,-0.00102745707457264,0.0361898655692736,34.0651158332825,23.6238706032435,26.40696463556,111.056448636979
2010-01-09,-57.9464285714286,-61.4642857142857,0.471707935844149,347.888665335519,8.43820149557931,26.8464016060152,-57.9361047744751,-61.4583334287008,0.79798579638203,-1.62866857548555,-0.0163731801323593,0.0198217720103761,34.0622421264648,26.6121415376663,26.40696463556,137.684297650649
2010-01-10,-57.9464285714286,-61.4642857142857,0.449309866343226,347.043025425502,8.32693174907139,26.8464016060152,-57.9361047744751,-61.4583334287008,0.884682781000932,-1.62468337217967,-0.0116173787973821,0.0453047275232772,34.0624328613281,22.2174759705861,26.40696463556,127.085722900485
2010-01-11,-57.9464285714286,-61.4642857142857,0.436422152178628,346.92508152553,8.23426154681614,26.8464016060152,-57.9361047744751,-61.4583334287008,1.01795100818078,-1.62982574204604,0.0238196959408621,0.0343740146917601,34.0591396331787,16.7521192948023,26.40696463556,77.3203961899352
2010-01-12,-57.9464285714286,-61.4642857142857,0.433110379746982,346.097392490932,7.95434771265302,26.8464016060152,-57.9361047744751,-61.4583334287008,0.965617867310842,-1.63381349047025,-0.00734987414131562,-0.0269478437490761,34.0500731150309,23.9951792796453,26.40696463556,145.502514439551
2010-01-13,-57.9464285714286,-61.4642857142857,0.434795454144478,344.611097063337,7.16022232600621,26.8464016060152,-57.9361047744751,-61.4583334287008,0.893581973512967,-1.63120670219262,-0.0375988035462797,-0.0151727857689063,34.0387049357096,32.4360905647278,26.40696463556,189.354100557311
2010-01-14,-57.9464285714286,-61.4642857142857,0.412053031580789,342.921855381557,4.54500734806061,26.8464016060152,-57.9361047744751,-61.4583334287008,0.854719706376394,-1.62939847211043,0.0277769294256965,-0.0456811220695575,34.0227207501729,34.0561149676641,26.40696463556,112.208862200374
2010-01-15,-57.9464285714286,-61.4642857142857,0.416358404925891,342.478975568499,7.72139171191624,26.8464016060152,-57.9361047744751,-61.4583334287008,0.879799816012383,-1.63866338729858,0.0795566674632331,0.0510930713266134,34.0210549990336,29.3651655673981,26.40696463556,23.5433748208995
2010-01-16,-57.9464285714286,-61.4642857142857,0.441991005625044,343.017721993583,8.54993302481515,26.8464016060152,-57.9361047744751,-61.4583334287008,0.98033389399449,-1.64497563739618,0.0794295076901714,0.0273649302932123,34.031711101532,22.7426486889521,26.40696463556,24.7523246492083
2010-01-17,-57.9464285714286,-61.4642857142857,0.446834023509707,342.849744524275,7.94909565789359,26.8464016060152,-57.9361047744751,-61.4583334287008,1.02888884097338,-1.63614816168944,0.0844904928157727,-0.0153101189682881,34.0228734016418,21.8181921164195,26.40696463556,37.6068118133968
2010-01-18,-57.9464285714286,-61.4642857142857,0.443844501461302,342.223447527204,7.19247899736677,26.8464016060152,-57.9361047744751,-61.4583334287008,1.06253854731719,-1.6296070198218,0.0990579951864978,0.00072227135921518,34.0045115152995,21.4265377918879,26.40696463556,21.2277090583153
2010-01-19,-57.9464285714286,-61.4642857142857,0.447581086839948,341.94303894043,8.66144268853324,26.8464016060152,-57.9361047744751,-61.4583334287008,1.20651876976093,-1.62995035549005,0.0981831315283974,0.0120802434161305,33.9803636550903,14.2546877543132,26.40696463556,17.3923257854503
2010-01-20,-57.9464285714286,-61.4642857142857,0.448988058737346,341.937401907785,8.44218877383641,26.8464016060152,-57.9361047744751,-61.4583334287008,1.43544421295325,-1.62948240339756,0.0876186411206921,0.0269325848979255,33.9625486373901,12.5710831721624,26.40696463556,19.5609896962219
2010-01-21,-57.9464285714286,-61.4642857142857,0.43538490150656,341.415808541434,5.91458143506731,26.8464016060152,-57.9361047744751,-61.4583334287008,1.41790218055248,-1.6273206760486,0.0772118290886283,-0.0193080436438322,33.942368443807,12.6359350840251,26.40696463556,44.9295277975535
2010-01-22,-57.9464285714286,-61.4642857142857,0.424731718642371,340.678573608398,6.53490022250584,26.8464016060152,-57.9361047744751,-61.4583334287008,1.38894010782242,-1.63402966062228,0.0957060457828144,0.0304676453582942,33.9337724367778,13.6061693906784,26.40696463556,14.4811747973037
2010-01-23,-57.9464285714286,-61.4642857142857,0.439253755978176,340.785489763532,8.51210260391235,26.8464016060152,-57.9361047744751,-61.4583334287008,1.4805505712827,-1.64391257166862,0.0790480255149305,0.0727662990490596,33.9354382832845,10.8251699447632,26.40696463556,27.7868664845208
2010-01-24,-57.9464285714286,-61.4642857142857,0.474964784724372,341.47721862793,9.45175463812692,26.8464016060152,-57.9361047744751,-61.4583334287008,1.47354352176189,-1.64696696698666,0.0969267865332464,0.106362091811995,33.950137869517,13.4154288848241,26.40696463556,32.4141028014905
2010-01-25,-57.9464285714286,-61.4642857142857,0.504221015742847,341.951468331473,9.10464228902544,26.8464016060152,-57.9361047744751,-61.4583334287008,1.43633535504341,-1.64424319267273,0.0938800213237603,0.0648823509924114,33.9624216079712,16.685995833079,26.40696463556,16.7283975177327
2010-01-26,-57.9464285714286,-61.4642857142857,0.530895807913372,342.254856654576,9.06415479523795,26.8464016060152,-57.9361047744751,-61.4583334287008,1.47553332944711,-1.64462721347809,0.134159367252141,0.0359202854024867,33.9644052187602,14.3208112955093,26.40696463556,1.25396426007484
2010-01-27,-57.9464285714286,-61.4642857142857,0.56122582086495,342.709926060268,9.70899363926479,26.8464016060152,-57.9361047744751,-61.4583334287008,1.67948242425919,-1.64984842340151,0.0999379459147652,0.0411592965635161,33.9466155370077,10.78956498305,26.40696463556,11.4951894155468
2010-01-28,-57.9464285714286,-61.4642857142857,0.559751029525484,342.92011151995,10.5377326011658,26.8464016060152,-57.9361047744751,-61.4583334287008,1.73169348935286,-1.64804783066114,0.0568254637842377,0.0262408314272761,33.9533422470093,10.5822932720184,26.40696463556,42.9553882022894
2010-01-29,-57.9464285714286,-61.4642857142857,0.528728463820049,342.687702723912,8.56055573054722,26.8464016060152,-57.9361047744751,-61.4583334287008,1.53665580153465,-1.64328186114629,-0.0155542672301332,0.018835006809483,33.9829454421997,19.8433901786804,26.40696463556,136.586214320761
2010-01-30,-57.9464285714286,-61.4642857142857,0.500365817121097,341.959350585938,7.68562528065273,26.8464016060152,-57.9361047744751,-61.4583334287008,1.49586475988229,-1.63716289500395,0.0283466079582771,0.0613065990308921,33.9946949958801,23.4229571421941,26.40696463556,72.8558049706319
2010-01-31,-57.9464285714286,-61.4642857142857,0.498037489397185,341.990325927734,5.36168888636998,26.8464016060152,-57.9361047744751,-61.4583334287008,1.47035738925139,-1.63381094932556,0.0674662520488103,0.0252998441768189,33.9952925999959,22.7858832597733,26.40696463556,34.0117779040031
2010-02-01,-57.9464285714286,-61.4642857142857,0.506148440497262,342.176993233817,7.52954687391009,26.8464016060152,-57.9361047744751,-61.4583334287008,1.69010896881421,-1.62924334506194,0.0477258630407353,0.0327311012893915,33.9918719291687,15.6025887648265,26.40696463556,50.7088605645311
2010-02-02,-57.9464285714286,-61.4642857142857,0.500465569751603,342.076708112444,6.8552748135158,26.8464016060152,-57.9361047744751,-61.4583334287008,1.6110538204511,-1.64558092057705,-0.00575782641147574,0.02024394441396,33.9926602363586,13.4586632569631,26.40696463556,120.718681407031
2010-02-03,-57.9464285714286,-61.4642857142857,0.482870715005057,341.547698974609,5.73074977738517,26.8464016060152,-57.9361047744751,-61.4583334287008,1.57781916856766,-1.65119632383188,0.0179754020025333,-0.00471511002009114,33.9932451883952,17.3993660847346,26.40696463556,96.1232745996332
2010-02-04,-57.9464285714286,-61.4642857142857,0.4544694849423,340.839623587472,3.74399759088244,26.8464016060152,-57.9361047744751,-61.4583334287008,1.53343304296335,-1.63671529193719,-0.0590787484621008,-0.0170242415120204,33.988069820404,18.9354643980662,26.40696463556,232.597483340072
2010-02-05,-57.9464285714286,-61.4642857142857,0.441188448241779,340.790754045759,3.88364470005035,26.8464016060152,-57.9361047744751,-61.4583334287008,1.23845945199331,-1.63277331491311,-0.138350575913986,0.0155796989177664,34.0068514506022,32.3381771087646,26.40696463556,413.450212660998
2010-02-06,-57.9464285714286,-61.4642857142857,0.444337591528893,340.148755754743,6.65559094292777,26.8464016060152,-57.9361047744751,-61.4583334287008,1.17468186318874,-1.63171788255374,-0.0941496011490623,0.0198675502091646,34.0050585110982,35.2018308321635,26.40696463556,295.610629510376
2010-02-07,-57.9464285714286,-61.4642857142857,0.43950572184154,339.987503051758,5.97413257190159,26.8464016060152,-57.9361047744751,-61.4583334287008,1.2362132837375,-1.62038534581661,-0.0610726239780585,-0.0278532267237703,33.9925586064657,31.4060910860697,26.40696463556,243.932439306309
2010-02-08,-57.9464285714286,-61.4642857142857,0.421879942928042,339.370546613421,3.90807923248836,26.8464016060152,-57.9361047744751,-61.4583334287008,1.23136694828669,-1.61984872420629,-0.0807977537624538,-0.0702688680030406,33.9890234947205,34.8254357973735,26.40696463556,326.533716474671
2010-02-09,-57.9464285714286,-61.4642857142857,0.398054248520306,338.219270978655,3.22832213129316,26.8464016060152,-57.9361047744751,-61.4583334287008,1.22978608012199,-1.62398906946182,-0.0917538985299567,-0.0536718851265808,33.9829071362813,35.002188762029,26.40696463556,334.598992591049
2010-02-10,-57.9464285714286,-61.4642857142857,0.375214795981135,337.036614554269,3.3385112285614,26.8464016060152,-57.9361047744751,-61.4583334287008,1.21215859055519,-1.62949766218662,-0.129551072449734,-0.0566372672406336,33.973344707489,34.6537691911062,26.40696463556,435.227487591002
2010-02-11,-57.9464285714286,-61.4642857142857,0.374042966536113,336.582493373326,5.91777658462524,26.8464016060152,-57.9361047744751,-61.4583334287008,1.2432874729236,-1.62788018385569,-0.0410423088197907,0.00766014577820897,33.9641002655029,30.3226839065552,26.40696463556,184.903200893466
2010-02-12,-57.9464285714286,-61.4642857142857,0.380231090954372,337.302932739258,6.9579746723175,26.8464016060152,-57.9361047744751,-61.4583334287008,1.55199439724286,-1.62121697068214,-0.000590024857471387,-0.0133416750157873,33.9597767829895,19.9997975111008,26.40696463556,126.520872346799
2010-02-13,-57.9464285714286,-61.4642857142857,0.384693122335843,337.97826058524,6.52206400462559,26.8464016060152,-57.9361047744751,-61.4583334287008,1.51539049645265,-1.60735648274422,-0.00709555360178153,-0.0231533756790062,33.9539656639099,11.8004908323288,26.40696463556,142.489741709797
2010-02-14,-57.9464285714286,-61.4642857142857,0.388796591332981,338.110135759626,6.13521480560303,26.8464016060152,-57.9361047744751,-61.4583334287008,1.36475724677245,-1.59465824266275,-0.0349487795184056,-0.0159560938986639,33.9512442906698,25.4600677808126,26.40696463556,184.942225499064
2010-02-15,-57.9464285714286,-61.4642857142857,0.387946537562779,338.429425920759,5.91347762516567,26.8464016060152,-57.9361047744751,-61.4583334287008,1.32806789577007,-1.59301278591156,-0.0191859693576892,0.0185501673569282,33.9509644508362,31.6705847263336,26.40696463556,142.656829550407
2010-02-16,-57.9464285714286,-61.4642857142857,0.398387747151511,339.186689104353,5.66533051218305,26.8464016060152,-57.9361047744751,-61.4583334287008,1.364604656895,-1.59703868528207,0.0514847255001466,0.0272428561933339,33.949209690094,30.6583874225616,26.40696463556,47.7844476802913
2010-02-17,-57.9464285714286,-61.4642857142857,0.428025469183922,340.043694632394,5.31358880656106,26.8464016060152,-57.9361047744751,-61.4583334287008,1.37140417695045,-1.60264137188594,0.0891496524214745,0.0541449224265913,33.9512317657471,32.6077573299408,26.40696463556,17.7208218337096
2010-02-18,-57.9464285714286,-61.4642857142857,0.468455706323896,340.781747000558,5.56627563067845,26.8464016060152,-57.9361047744751,-61.4583334287008,1.35075535078843,-1.60289060870806,0.0683462015042702,0.0426445304726561,33.9556317647298,35.4561515967051,26.40696463556,31.5767191726362
2010-02-19,-57.9464285714286,-61.4642857142857,0.515784755349159,341.484850202288,7.48905181884766,26.8464016060152,-57.9361047744751,-61.4583334287008,1.34885709981124,-1.59668772220612,0.0587583038955927,0.0384431489432851,33.9591158548991,35.214547030131,26.40696463556,39.7981755947526
2010-02-20,-57.9464285714286,-61.4642857142857,0.568755684154374,342.178584507533,8.24677750042507,26.8464016060152,-57.9361047744751,-61.4583334287008,1.35713982085387,-1.59007283449173,0.0506708987678091,0.0412203332409263,33.9625363667806,34.9996457974116,26.40696463556,47.2121399676523
2010-02-21,-57.9464285714286,-61.4642857142857,0.612875208258629,342.82003566197,9.32165261677333,26.8464016060152,-57.9361047744751,-61.4583334287008,1.34082462688287,-1.59383169213931,0.0313069043991466,0.0071667632398506,33.9673557281494,36.5840651671092,26.40696463556,74.6263785763745
2010-02-22,-57.9464285714286,-61.4642857142857,0.630298041871616,342.762813023158,8.43152523040771,26.8464016060152,-57.9361047744751,-61.4583334287008,1.25785089929899,-1.59654275973638,0.0504521824109058,-0.0372834457705418,33.9756336847941,42.0862984021505,26.40696463556,80.3881538182508
2010-02-23,-57.9464285714286,-61.4642857142857,0.647527743663107,342.658000401088,8.37732550076076,26.8464016060152,-57.9361047744751,-61.4583334287008,1.28664816915989,-1.60188095172246,0.0693024484751125,-0.00373851743837198,33.9858953475952,35.5464356740316,26.40696463556,42.1876007090226
2010-02-24,-57.9464285714286,-61.4642857142857,0.660815189991679,342.616812569754,4.05510245050703,26.8464016060152,-57.9361047744751,-61.4583334287008,1.18044986724854,-1.60605690975984,0.133020010497421,0.00705994858096043,33.9872177759806,45.4153590202332,26.40696463556,7.90020585012132
2010-02-25,-57.9464285714286,-61.4642857142857,0.682776142443929,342.649148123605,8.01553620610918,26.8464016060152,-57.9361047744751,-61.4583334287008,1.17277140418688,-1.61106193761031,0.0759249645595749,0.0419782097140948,33.9892522493998,43.1875077088674,26.40696463556,25.8529236970319
2010-02-26,-57.9464285714286,-61.4642857142857,0.706296786665916,342.598541259766,6.46160006523132,26.8464016060152,-57.9361047744751,-61.4583334287008,1.16889555354913,-1.61177912851175,0.138594723430773,0.0161646370155116,33.9893412590027,42.4436192035675,26.40696463556,4.28643214500516
2010-02-27,-57.9464285714286,-61.4642857142857,0.735932286296572,342.609946114676,7.81920387063708,26.8464016060152,-57.9361047744751,-61.4583334287008,1.13537402351697,-1.61581011911233,0.121489100158215,0.0669169181957841,33.9910450299581,44.0369397640228,26.40696463556,6.09807484427796
2010-02-28,-57.9464285714286,-61.4642857142857,0.753154147948538,342.208236694336,6.34921179498945,26.8464016060152,-57.9361047744751,-61.4583334287008,1.13443405032158,-1.61786756912867,0.0719117818400264,-0.0036673075829943,33.9755064964294,25.8415491580963,26.40696463556,40.139324765948
2010-03-01,-57.9464285714286,-61.4642857142857,0.747373923659325,341.981600080218,10.1608237539019,26.8464016060152,-57.9361047744751,-61.4583334287008,1.05642263144255,-1.63029623130957,0.0317290774546564,0.0477055167779326,33.9960807800293,43.7088654836019,26.40696463556,67.4377236426991
2010-03-02,-57.9464285714286,-61.4642857142857,0.758258246949741,342.100012642997,9.57760265895299,26.8464016060152,-57.9361047744751,-61.4583334287008,1.0669515222311,-1.619502851367,0.0853043202621241,0.0236823632071416,34.0046768506368,41.7340637365977,26.40696463556,21.5868445642643
2010-03-03,-57.9464285714286,-61.4642857142857,0.75806343129703,341.943551199777,7.37591253008161,26.8464016060152,-57.9361047744751,-61.4583334287008,1.06069522897402,-1.59835097889105,0.136733095316837,-0.0030518506343166,34.0086189587911,41.1186071077983,26.40696463556,11.6624722164896
2010-03-04,-57.9464285714286,-61.4642857142857,0.792135494095939,342.276393345424,9.19418917383466,26.8464016060152,-57.9361047744751,-61.4583334287008,1.06472977648179,-1.59853154619535,0.117847223797192,0.0945819471652309,34.0111749331156,42.8708781401316,26.40696463556,17.3011468929608
2010-03-05,-57.9464285714286,-61.4642857142857,0.839865865451949,342.902049473354,7.99202563081469,26.8464016060152,-57.9361047744751,-61.4583334287008,1.07042452891668,-1.60420544842879,0.0838902964877586,0.0335296690774461,34.0096234957377,42.9268286546071,26.40696463556,20.9688598937184
2010-03-06,-57.9464285714286,-61.4642857142857,0.859247816460473,342.995962960379,7.35339968545096,26.8464016060152,-57.9361047744751,-61.4583334287008,1.07671133776506,-1.62225714723269,0.147673980612308,0.0408591976078848,34.0117089271545,41.8942859649658,26.40696463556,0.0480956372147312
2010-03-07,-57.9464285714286,-61.4642857142857,0.857319050601551,342.798570905413,7.3239004101072,26.8464016060152,-57.9361047744751,-61.4583334287008,1.10734582642714,-1.63923560480277,0.101499475724995,0.0173345132730901,34.006889629364,36.8358426888784,26.40696463556,14.2647990742949
2010-03-08,-57.9464285714286,-61.4642857142857,0.808501309582165,342.076298304967,6.25632752690996,26.8464016060152,-57.9361047744751,-61.4583334287008,1.11440170258284,-1.63044882416725,0.14639220389848,-0.0191859698543946,34.0024390538534,37.0621882756551,26.40696463556,19.9457284055556
2010-03-09,-57.9464285714286,-61.4642857142857,0.826201819947788,342.105167933873,9.89419613565717,26.8464016060152,-57.9361047744751,-61.4583334287008,1.11007417688767,-1.62867620388667,0.175720490949849,0.0677663499489427,33.9953305562337,40.4103233019511,26.40696463556,6.73072299190488
2010-03-10,-57.9464285714286,-61.4642857142857,0.900780277592795,342.832404000419,9.85300190108163,26.8464016060152,-57.9361047744751,-61.4583334287008,1.10211494962374,-1.62751650810242,0.124169643223286,0.0707520778290927,33.9883241335551,43.4291124820709,26.40696463556,6.38266255497624
2010-03-11,-57.9464285714286,-61.4642857142857,0.924002651657377,343.002962384905,6.71206729752677,26.8464016060152,-57.9361047744751,-61.4583334287008,1.09745172510544,-1.62559638122718,0.121951962790142,0.0195318461706241,33.9781130154928,39.1056571324666,26.40696463556,6.32493058179907
2010-03-12,-57.9464285714286,-61.4642857142857,0.910097471305302,342.868081229074,10.3376404898507,26.8464016060152,-57.9361047744751,-61.4583334287008,1.08005617111921,-1.62046672701836,0.0466322827152908,0.022151351471742,33.9733191172282,37.8989041487376,26.40696463556,53.5567054038282
2010-03-13,-57.9464285714286,-61.4642857142857,0.873256896223341,342.736960274833,9.68549568312509,26.8464016060152,-57.9361047744751,-61.4583334287008,1.05166785965363,-1.60708181659381,0.0424970242815713,0.0331329285167158,33.9723652203878,42.1219029744466,26.40696463556,56.0342090207131
2010-03-14,-57.9464285714286,-61.4642857142857,0.843882213745798,342.872451782227,9.54729216439383,26.8464016060152,-57.9361047744751,-61.4583334287008,1.03779414196809,-1.58683532178402,0.0682597335427999,0.0367239397019148,33.9676350275675,44.325593996048,26.40696463556,31.8984900573274
2010-03-15,-57.9464285714286,-61.4642857142857,0.835184552839824,343.472037179129,8.29192508969988,26.8464016060152,-57.9361047744751,-61.4583334287008,1.06559650053581,-1.57422101596991,0.0978881194877128,0.0370036925189197,33.9614551226298,43.4863348801931,26.40696463556,12.7000243657674
2010-03-16,-57.9464285714286,-61.4642857142857,0.746447605746133,342.691927228655,2.95388306890215,26.8464016060152,-57.9361047744751,-61.4583334287008,1.02530596057574,-1.56498661835988,0.138696452882141,-0.0542619096425672,33.950341351827,48.5091730594635,26.40696463556,48.6504583964419
2010-03-17,-57.9464285714286,-61.4642857142857,0.628470476184573,341.29793875558,3.68015466417585,26.8464016060152,-57.9361047744751,-61.4583334287008,1.01570484737555,-1.57695750991503,0.0631784011920293,-0.00972523173938195,33.9378415107727,50.6441973527273,26.40696463556,50.2172756592814
2010-03-18,-57.9464285714286,-61.4642857142857,0.596861986177308,341.165093558175,4.68151535306658,26.8464016060152,-57.9361047744751,-61.4583334287008,0.978563818335533,-1.57802057266235,0.107104709216704,0.0576443781765799,33.9350312232971,52.5083696683248,26.40696463556,9.21895413840475
2010-03-19,-57.9464285714286,-61.4642857142857,0.590903386473656,341.544117518834,2.5587614945003,26.8464016060152,-57.9361047744751,-61.4583334287008,0.926468725999196,-1.57659382025401,0.147877437031517,0.0626341539435089,33.9353998502096,52.2642217954,26.40696463556,1.74403471280702
2010-03-20,-57.9464285714286,-61.4642857142857,0.566593323435102,341.50804574149,2.23835672651018,26.8464016060152,-57.9361047744751,-61.4583334287008,0.880971727271875,-1.5876847644647,0.169545578739295,0.0112969350690643,33.9170887947082,30.7423133452733,26.40696463556,7.69707626070617
2010-03-21,-57.9464285714286,-61.4642857142857,0.570051565766335,341.668239048549,4.68718942574092,26.8464016060152,-57.9361047744751,-61.4583334287008,0.843855115771294,-1.60367900629838,0.105395672749728,0.0585294148574273,33.9127907117208,42.3749524911245,26.40696463556,10.0541787814698
2010-03-22,-57.9464285714286,-61.4642857142857,0.557933324149677,341.640330723354,3.5293185710907,26.8464016060152,-57.9361047744751,-61.4583334287008,0.841602852443854,-1.5985747863849,0.163584297088285,0.00416069009030859,33.8985741933187,45.2144454320272,26.40696463556,9.1641108691429
2010-03-23,-57.9464285714286,-61.4642857142857,0.549347500715937,341.705579485212,5.75703654970442,26.8464016060152,-57.9361047744751,-61.4583334287008,0.83758051097393,-1.58795942763487,0.104454684692125,0.0476444798521698,33.8807337125142,43.7050508975983,26.40696463556,9.46397951287511
2010-03-24,-57.9464285714286,-61.4642857142857,0.555548369884491,342.152491978237,5.23813152313232,26.8464016060152,-57.9361047744751,-61.4583334287008,0.832154320180416,-1.57479831576347,0.174820194610705,0.0661743013498684,33.8678905487061,44.9779269695282,26.40696463556,6.11708023911211
2010-03-25,-57.9464285714286,-61.4642857142857,0.571242394191878,342.704365321568,3.95858107294355,26.8464016060152,-57.9361047744751,-61.4583334287008,0.853126641114553,-1.56684316198031,0.168401135193805,0.0559099092769126,33.8554925918579,43.4558162689209,26.40696463556,2.83535990882606
2010-03-26,-57.9464285714286,-61.4642857142857,0.596633615238326,343.246368408203,4.24648342813764,26.8464016060152,-57.9361047744751,-61.4583334287008,0.881502752006054,-1.56571652889252,0.191666412726045,0.0764997306279838,33.8557089487712,46.5598031361898,26.40696463556,14.9141898427181
2010-03-27,-57.9464285714286,-61.4642857142857,0.617078272359712,343.542508806501,3.03636389970779,26.8464016060152,-57.9361047744751,-61.4583334287008,0.900210597614447,-1.55560981035233,0.201401817829659,0.0366832483870288,33.8498088518778,46.6488153616587,26.40696463556,14.6279747834291
2010-03-28,-57.9464285714286,-61.4642857142857,0.642044531447547,343.828611101423,5.41397855963026,26.8464016060152,-57.9361047744751,-61.4583334287008,0.913901194433371,-1.5684352149566,0.180461033713073,0.0698823006513218,33.8471639315287,48.2713828881582,26.40696463556,8.69261773879264
2010-03-29,-57.9464285714286,-61.4642857142857,0.696778814707484,344.364593505859,5.84756566796984,26.8464016060152,-57.9361047744751,-61.4583334287008,0.895229976375898,-1.57793918848038,0.187693919055164,0.0976592298597097,33.8493256251017,53.1009371916453,26.40696463556,22.3749867521796
2010-03-30,-57.9464285714286,-61.4642857142857,0.780145962323461,345.052546909877,6.379262140819,26.8464016060152,-57.9361047744751,-61.4583334287008,0.871340085566044,-1.58381399810314,0.213431196349363,0.0967792795039713,33.8553147315979,56.3486156622569,26.40696463556,35.4848049046508
2010-03-31,-57.9464285714286,-61.4642857142857,0.846492211733546,345.519450596401,4.60601784501757,26.8464016060152,-57.9361047744751,-61.4583334287008,0.875618783136209,-1.58759066164494,0.20651366605113,0.0257932268703977,33.8571711858114,55.1304184118907,26.40696463556,18.8836204636201
2010-04-01,-57.9464285714286,-61.4642857142857,0.88241859631879,345.883636474609,6.84709674971444,26.8464016060152,-57.9361047744751,-61.4583334287008,0.902237018446128,-1.57595548033714,0.196183152093242,0.0420138146417836,33.8538648923238,51.9742955525716,26.40696463556,11.7213748653294
2010-04-02,-57.9464285714286,-61.4642857142857,0.92914391202586,346.481087820871,7.4171073947634,26.8464016060152,-57.9361047744751,-61.4583334287008,0.883803846438726,-1.57442701260249,0.169642220685879,0.0836308884434402,33.8580865224202,60.1672442436218,26.40696463556,10.2541546022475
2010-04-03,-57.9464285714286,-61.4642857142857,0.963480398058891,346.93647984096,5.93794926575252,26.8464016060152,-57.9361047744751,-61.4583334287008,0.843092155456543,-1.57132430275281,0.184352142550051,0.051388083336254,33.8614307403564,63.1059224446615,26.40696463556,6.95469276601432
2010-04-04,-57.9464285714286,-61.4642857142857,0.936530613473484,346.918419974191,3.37576739277158,26.8464016060152,-57.9361047744751,-61.4583334287008,0.84023562024037,-1.56950590014458,0.232479831948876,0.0425122835673392,33.8607185045878,62.894836362203,26.40696463556,35.860021158831
2010-04-05,-57.9464285714286,-61.4642857142857,0.927066928574017,347.071557181222,6.09191819599697,26.8464016060152,-57.9361047744751,-61.4583334287008,0.80139776567618,-1.57652261157831,0.192882065443943,0.0718710895938178,33.8784827550252,66.3714033444723,26.40696463556,14.0556657206598
2010-04-06,-57.9464285714286,-61.4642857142857,0.902127468160221,347.117431640625,2.58626556396484,26.8464016060152,-57.9361047744751,-61.4583334287008,0.800927782058716,-1.56957456568877,0.189382610128572,0.00162256741896272,33.8778214454651,61.0344788869222,26.40696463556,17.605113847403
2010-04-07,-57.9464285714286,-61.4642857142857,0.850206298487527,347.021835327148,3.67351103680474,26.8464016060152,-57.9361047744751,-61.4583334287008,0.799823012948036,-1.57156335314115,0.18723614141345,0.0543941570135454,33.8791566212972,58.292899274826,26.40696463556,8.31885254154763
2010-04-08,-57.9464285714286,-61.4642857142857,0.805125313145774,346.911464146205,2.37759269986834,26.8464016060152,-57.9361047744751,-61.4583334287008,0.776799849172433,-1.57709992825985,0.199418112759789,0.044765567065527,33.8884647051493,62.6735770543416,26.40696463556,13.3230942369769
2010-04-09,-57.9464285714286,-61.4642857142857,0.768019916755812,346.889646257673,3.10315642186574,26.8464016060152,-57.9361047744751,-61.4583334287008,0.752964894473553,-1.58850367863973,0.180979847721756,0.0788750879466534,33.8969591458639,63.3144661108653,26.40696463556,11.5990656281367
2010-04-10,-57.9464285714286,-61.4642857142857,0.769392388207572,347.106600080218,4.73886067526681,26.8464016060152,-57.9361047744751,-61.4583334287008,0.7205481313169,-1.59881639480591,0.176753033977002,0.0395621608632306,33.9013206799825,64.4563668568929,26.40696463556,4.28670600555556
2010-04-11,-57.9464285714286,-61.4642857142857,0.762634298631123,347.182752336775,3.41173103025981,26.8464016060152,-57.9361047744751,-61.4583334287008,0.725766797612111,-1.59787794748942,0.228685363940895,0.0171361430548131,33.888719145457,55.7204433361689,26.40696463556,36.3056220560499
2010-04-12,-57.9464285714286,-61.4642857142857,0.771166641797338,347.321047101702,4.97964458806174,26.8464016060152,-57.9361047744751,-61.4583334287008,0.701089532425006,-1.60484125415484,0.227907142136246,0.0906043681626519,33.8960434913635,59.8328125794729,26.40696463556,42.961632762058
2010-04-13,-57.9464285714286,-61.4642857142857,0.783992705600602,347.537078857422,3.36357302325112,26.8464016060152,-57.9361047744751,-61.4583334287008,0.66765955761075,-1.60567542016506,0.212800478811065,0.0513219599301616,33.9072338422139,63.666700442632,26.40696463556,21.3935412121428
2010-04-14,-57.9464285714286,-61.4642857142857,0.782298694763865,347.746479579381,4.87891214234488,26.8464016060152,-57.9361047744751,-61.4583334287008,0.647285399089257,-1.60560676058133,0.219921466366698,0.0552690206095576,33.9114047686259,60.785244290034,26.40696463556,26.6439996185404
2010-04-15,-57.9464285714286,-61.4642857142857,0.787587238209588,347.857711791992,5.83322697026389,26.8464016060152,-57.9361047744751,-61.4583334287008,0.623261226837834,-1.59802544514338,0.247159235707174,0.0414848273309569,33.9150033632914,58.2941705703735,26.40696463556,49.3874133154583
2010-04-16,-57.9464285714286,-61.4642857142857,0.784673492823328,347.947653634208,4.6236126933779,26.8464016060152,-57.9361047744751,-61.4583334287008,0.609106741969784,-1.59188868999481,0.15684479282548,-0.010467848709474,33.9000111262004,46.7785193363826,26.40696463556,15.2194586804771
2010-04-17,-57.9464285714286,-61.4642857142857,0.767547750047275,348.020867483956,5.75147138323103,26.8464016060152,-57.9361047744751,-61.4583334287008,0.636017961800098,-1.58783226509889,0.193568731471896,-0.00904873802016179,33.8667967160543,41.9832979838053,26.40696463556,24.5203615211677
2010-04-18,-57.9464285714286,-61.4642857142857,0.756289465086801,348.154004778181,5.15170112677983,26.8464016060152,-57.9361047744751,-61.4583334287008,0.628852215409279,-1.58801538149516,0.193055004222939,0.00555436887467901,33.8506854693095,40.1013233423233,26.40696463556,17.612212052228
2010-04-19,-57.9464285714286,-61.4642857142857,0.743693447538785,348.258784702846,4.5420971768243,26.8464016060152,-57.9361047744751,-61.4583334287008,0.582451875259479,-1.58043661216895,0.136137984662006,0.0180110069612662,33.8552632967631,41.2266934235891,26.40696463556,4.04674829752377
2010-04-20,-57.9464285714286,-61.4642857142857,0.717079458492143,348.24112374442,3.63629801784243,26.8464016060152,-57.9361047744751,-61.4583334287008,0.534397429476182,-1.56966612537702,0.0920183925578992,0.0330922371086975,33.8598285357157,45.2945564587911,26.40696463556,16.150756215424
2010-04-21,-57.9464285714286,-61.4642857142857,0.704468710081918,348.45310320173,4.35983475617,26.8464016060152,-57.9361047744751,-61.4583334287008,0.433558171739181,-1.56205684443315,0.114439324165384,0.0474766278018554,33.876092338562,49.6091111024221,26.40696463556,5.62807626384025
2010-04-22,-57.9464285714286,-61.4642857142857,0.690667054482869,348.772123064314,1.48162120580673,26.8464016060152,-57.9361047744751,-61.4583334287008,0.360979053129752,-1.56512904167175,0.173574022389948,0.0460219124021629,33.888961092631,48.1989017168681,26.40696463556,3.34164552574417
2010-04-23,-57.9464285714286,-61.4642857142857,0.673985849533762,349.20308140346,1.82571570362364,26.8464016060152,-57.9361047744751,-61.4583334287008,0.331308959114055,-1.57458723982175,0.195206559884051,0.0904365167332192,33.923014609019,50.4420121828715,26.40696463556,22.0360820626299
2010-04-24,-57.9464285714286,-61.4642857142857,0.666800149849483,349.697808401925,2.18849921226501,26.8464016060152,-57.9361047744751,-61.4583334287008,0.292568761048218,-1.58903774519761,0.147373881501456,0.0387890253526469,33.9322466532389,38.8042865276337,26.40696463556,0.134514586486285
2010-04-25,-57.9464285714286,-61.4642857142857,0.656488767692021,349.791719709124,3.86817485945565,26.8464016060152,-57.9361047744751,-61.4583334287008,0.229975300841033,-1.59304330150286,0.112048707405726,0.0472223070139686,33.939558283488,51.838233979543,26.40696463556,6.44565923236787
2010-04-26,-57.9464285714286,-61.4642857142857,0.583683814321245,348.495683942522,1.44414447035108,26.8464016060152,-57.9361047744751,-61.4583334287008,0.182689921868344,-1.58152510821819,0.0547196875015895,-0.0455081839735309,33.9146092732747,52.6660485426585,26.40696463556,83.3448187886315
2010-04-27,-57.9464285714286,-61.4642857142857,0.523508171950068,347.85056413923,2.21835030828203,26.8464016060152,-57.9361047744751,-61.4583334287008,0.123734265876313,-1.58176925679048,0.0910519728747507,0.0439313944118718,33.8909444491069,56.8330971399943,26.40696463556,16.1042417520331
2010-04-28,-57.9464285714286,-61.4642857142857,0.506551221013069,347.887647356306,1.15462303161621,26.8464016060152,-57.9361047744751,-61.4583334287008,0.0837367061525583,-1.5724611133337,0.192622659231226,0.0201727346517146,33.8817887624105,51.2126043478648,26.40696463556,12.8720194583946
2010-04-29,-57.9464285714286,-61.4642857142857,0.502798944711685,348.29836164202,2.03978518077305,26.8464016060152,-57.9361047744751,-61.4583334287008,0.0712607384969791,-1.57050538758437,0.189697968369971,0.045218258133779,33.8765625635783,44.6523961464564,26.40696463556,8.783261921591
2010-04-30,-57.9464285714286,-61.4642857142857,0.50836635700294,348.803028651646,2.58476287978036,26.8464016060152,-57.9361047744751,-61.4583334287008,0.0274178481971224,-1.56752474705378,0.09447004556035,0.0338857185405989,33.8754308064779,46.3906797568003,26.40696463556,14.7300586820957
2010-05-01,-57.9464285714286,-61.4642857142857,0.513843506574631,349.197416033064,2.86350134440831,26.8464016060152,-57.9361047744751,-61.4583334287008,-0.0804894967004657,-1.56433046857516,0.118600014255693,0.0350962857715785,33.8731928507487,49.1958397388458,26.40696463556,4.6571486220224
2010-05-02,-57.9464285714286,-61.4642857142857,0.521000415086746,349.513170514788,2.58916573013578,26.8464016060152,-57.9361047744751,-61.4583334287008,-0.197131240740418,-1.5614795366923,0.120314136830469,0.0226193018568059,33.8705225626628,47.7017040411631,26.40696463556,6.05527990343175
2010-05-03,-57.9464285714286,-61.4642857142857,0.524344256946019,349.624843052455,2.23060271569661,26.8464016060152,-57.9361047744751,-61.4583334287008,-0.313211442840596,-1.55569373468558,0.149784844617049,0.0169581182611485,33.870293712616,45.8260875066121,26.40696463556,3.66455626581458
2010-05-04,-57.9464285714286,-61.4642857142857,0.503459223679134,349.397805350167,1.21865371721131,26.8464016060152,-57.9361047744751,-61.4583334287008,-0.383165970196327,-1.55705944597721,0.0877203694544733,-0.0150914030149579,33.8660975774129,45.0618529637655,26.40696463556,35.4846190036954
2010-05-05,-57.9464285714286,-61.4642857142857,0.467254285301481,349.524322509766,0.779677999871118,26.8464016060152,-57.9361047744751,-61.4583334287008,-0.470375662421187,-1.55634733438492,0.144993438416471,-0.0295419170210759,33.8527329126994,41.8752118587494,26.40696463556,27.0506419729987
2010-05-06,-57.9464285714286,-61.4642857142857,0.447877002613885,350.241152082171,1.19689746413912,26.8464016060152,-57.9361047744751,-61.4583334287008,-0.459553798226019,-1.54701121846835,0.183044933155179,0.0343231502299507,33.8339640617371,33.6174113273621,26.40696463556,6.67359007137138
2010-05-07,-57.9464285714286,-61.4642857142857,0.451933405229024,351.264184134347,1.78927067347935,26.8464016060152,-57.9361047744751,-61.4583334287008,-0.490182178032895,-1.54202144344648,0.132379121147096,0.0619373149238527,33.8340401649475,32.5518067677816,26.40696463556,2.80600202715453
2010-05-08,-57.9464285714286,-61.4642857142857,0.453007768307413,352.365822928292,1.32179079736982,26.8464016060152,-57.9361047744751,-61.4583334287008,-0.507449548939864,-1.53142389059067,0.185298216249794,0.0321105583881338,33.8272752443949,32.3547080039978,26.40696463556,7.73069955155875
2010-05-09,-57.9464285714286,-61.4642857142857,0.446507677435875,353.670649937221,0.509003294365747,26.8464016060152,-57.9361047744751,-61.4583334287008,-0.487813939029972,-1.53860844671726,0.255134739416341,0.102465895966937,33.8477607727051,37.5860893726349,26.40696463556,74.7148322222176
2010-05-10,-57.9464285714286,-61.4642857142857,0.437370855893408,354.609922136579,0.676233487469809,26.8464016060152,-57.9361047744751,-61.4583334287008,-0.476784546797474,-1.55917792816957,0.261050243334224,0.0762911873869598,33.8693653742472,41.9985574245453,26.40696463556,69.3502088506038
2010-05-11,-57.9464285714286,-61.4642857142857,0.446019777229854,355.117553710938,1.8872635449682,26.8464016060152,-57.9361047744751,-61.4583334287008,-0.518143234029412,-1.57468133171399,0.180471205680321,0.0577867978562911,33.8908683458964,49.1437038103739,26.40696463556,6.29176212613561
2010-05-12,-57.9464285714286,-61.4642857142857,0.452312294925962,355.330263410296,1.27028927632741,26.8464016060152,-57.9361047744751,-61.4583334287008,-0.551927223429084,-1.57290871838729,0.10841700443998,-0.00615456604088346,33.8956369400024,47.3151363372803,26.40696463556,20.3131757169052
2010-05-13,-57.9464285714286,-61.4642857142857,0.448747019682612,355.126953125,1.67615758521216,26.8464016060152,-57.9361047744751,-61.4583334287008,-0.607904273892442,-1.57092501024405,0.112241990212351,0.0144861191511154,33.8893424669902,48.0641115188599,26.40696463556,10.6663911878551
2010-05-14,-57.9464285714286,-61.4642857142857,0.457037959780012,355.391520908901,1.48207761560168,26.8464016060152,-57.9361047744751,-61.4583334287008,-0.668642210712035,-1.56604968210061,0.157831558367858,0.0689107943947116,33.9018930435181,50.1164811134338,26.40696463556,3.61594006575643
2010-05-15,-57.9464285714286,-61.4642857142857,0.454686758773667,355.770285470145,0.660403834921973,26.8464016060152,-57.9361047744751,-61.4583334287008,-0.718387377758821,-1.56406343777974,0.200155643839389,0.00589007226129373,33.9016513824463,46.4097538312276,26.40696463556,20.9490252064757
2010-05-16,-57.9464285714286,-61.4642857142857,0.440284558704921,356.191506522042,0.73092885528292,26.8464016060152,-57.9361047744751,-61.4583334287008,-0.695156693458557,-1.5787275860707,0.220501316090425,0.0850347402195136,33.9176736831665,48.7571359793345,26.40696463556,34.860670928338
2010-05-17,-57.9464285714286,-61.4642857142857,0.429405093193054,356.912924630301,0.422662134681429,26.8464016060152,-57.9361047744751,-61.4583334287008,-0.683870947733521,-1.59419791996479,0.218980478247007,0.0230618201506635,33.9334034283956,52.7118262290955,26.40696463556,27.5133454537534
2010-05-18,-57.9464285714286,-61.4642857142857,0.417169051510947,357.422164916992,0.658213870865958,26.8464016060152,-57.9361047744751,-61.4583334287008,-0.668593380972743,-1.60110527873039,0.164209927494327,0.00552893665929635,33.9292198181152,48.6910124619802,26.40696463556,8.72962746407045
2010-05-19,-57.9464285714286,-61.4642857142857,0.418230882712773,358.091602870396,1.23645452090672,26.8464016060152,-57.9361047744751,-61.4583334287008,-0.67543562874198,-1.60810927351316,0.176880194277813,0.0737784967757762,33.923281288147,46.5229267120361,26.40696463556,8.67331756170246
2010-05-20,-57.9464285714286,-61.4642857142857,0.425542669636863,358.626203264509,1.26087351356234,26.8464016060152,-57.9361047744751,-61.4583334287008,-0.71110566717883,-1.60491500596205,0.157617928273976,0.023270363577952,33.9276685078939,55.4012700398763,26.40696463556,2.62139380494155
2010-05-21,-57.9464285714286,-61.4642857142857,0.41745822770255,358.795270647321,0.437135839036533,26.8464016060152,-57.9361047744751,-61.4583334287008,-0.676515985156099,-1.59804325401783,0.223532822355628,-0.00970997236048182,33.9061656634013,41.8853845755259,26.40696463556,43.0751199977185
2010-05-22,-57.9464285714286,-61.4642857142857,0.404401298080172,359.028540475028,0.798175237008503,26.8464016060152,-57.9361047744751,-61.4583334287008,-0.675044995546341,-1.60320342481136,0.244193852972239,0.0495620593739053,33.9123709360758,50.4242097854614,26.40696463556,46.6115829203409
2010-05-23,-57.9464285714286,-61.4642857142857,0.397938360060964,359.468466622489,0.594926855393818,26.8464016060152,-57.9361047744751,-61.4583334287008,-0.674977857122819,-1.61352377136548,0.250083926444252,0.0312306081876159,33.9297539393107,57.1103068033854,26.40696463556,53.1153432325513
2010-05-24,-57.9464285714286,-61.4642857142857,0.387988446014268,359.743602207729,0.618625900575093,26.8464016060152,-57.9361047744751,-61.4583334287008,-0.659089921042323,-1.61488183935483,0.199911496012161,-0.0202134259976447,33.9307330449422,51.9793820222219,26.40696463556,34.1655127642523
2010-05-25,-57.9464285714286,-61.4642857142857,0.383025439722197,360.134711129325,0.743747698409217,26.8464016060152,-57.9361047744751,-61.4583334287008,-0.666658504679799,-1.61616870164871,0.1950743121095,0.0589973653045793,33.9332127888997,48.7444198290507,26.40696463556,12.3031069138714
2010-05-26,-57.9464285714286,-61.4642857142857,0.380124405026436,360.600455147879,0.645841862474169,26.8464016060152,-57.9361047744751,-61.4583334287008,-0.722977370768785,-1.61626789271832,0.185862808302045,0.0825576544118424,33.9641888300578,60.925120417277,26.40696463556,14.6918763301081
2010-05-27,-57.9464285714286,-61.4642857142857,0.36881217786244,360.757712227958,0.297508180141449,26.8464016060152,-57.9361047744751,-61.4583334287008,-0.730973217139641,-1.61122724612554,0.240918199531734,0.0465254677149157,33.9773883501689,60.7903304100037,26.40696463556,43.3837804954002
2010-05-28,-57.9464285714286,-61.4642857142857,0.344827217715127,358.749075753348,0.642227053642273,26.8464016060152,-57.9361047744751,-61.4583334287008,-0.76962185477217,-1.61633146703243,0.201478112706294,0.138696453161538,34.0228989601135,71.9486611684163,26.40696463556,59.2812374395414
2010-05-29,-57.9464285714286,-61.4642857142857,0.333530528204782,358.509525844029,0.324794635176659,26.8464016060152,-57.9361047744751,-61.4583334287008,-0.814160567025344,-1.607587920626,0.182170069838564,0.031139052597185,34.0341907183329,74.0201053619385,26.40696463556,6.72658419280152
2010-05-30,-57.9464285714286,-61.4642857142857,0.331292499388967,359.40648324149,0.554332235029766,26.8464016060152,-57.9361047744751,-61.4583334287008,-0.831421839197477,-1.61833551923434,0.102715129995098,0.108249153352032,34.0332242647807,71.176797135671,26.40696463556,30.8320615462693
2010-05-31,-57.9464285714286,-61.4642857142857,0.330105749624116,360.162920270647,0.27298706982817,26.8464016060152,-57.9361047744751,-61.4583334287008,-0.848426749805609,-1.62098045647144,0.127913245776047,0.041021962929517,34.0418711980184,70.5867728074392,26.40696463556,2.02140630737575
2010-06-01,-57.9464285714286,-61.4642857142857,0.322221809199878,360.621222359794,0.274616360664368,26.8464016060152,-57.9361047744751,-61.4583334287008,-0.83375955298543,-1.62034719586372,0.127272356984516,0.0374716430902481,34.0474918365478,64.7729963461558,26.40696463556,2.31820053331546
2010-06-02,-57.9464285714286,-61.4642857142857,0.316891233835902,360.950984409877,0.589424952864647,26.8464016060152,-57.9361047744751,-61.4583334287008,-0.811877783139547,-1.63670002917449,0.147582425332318,0.0101982684495548,34.0503273646037,56.9538993358612,26.40696463556,5.69881776395625
2010-06-03,-57.9464285714286,-61.4642857142857,0.312990954944066,360.975069318499,0.609154530933925,26.8464016060152,-57.9361047744751,-61.4583334287008,-0.815710908919573,-1.64850815633933,0.119006927342465,0.0110477003889779,34.0565582275391,58.2598373889923,26.40696463556,9.56191027114558
2010-06-04,-57.9464285714286,-61.4642857142857,0.307662955352238,360.734126499721,0.452982208558491,26.8464016060152,-57.9361047744751,-61.4583334287008,-0.823944802333911,-1.65778323908647,0.114530879321198,0.0332143111775319,34.0559478759766,53.9490976333618,26.40696463556,6.11279013804374
2010-06-05,-57.9464285714286,-61.4642857142857,0.301249546664102,360.346666608538,0.377150043845177,26.8464016060152,-57.9361047744751,-61.4583334287008,-0.84704731653134,-1.65238908429941,0.0729850155922274,0.0257627084851265,34.055846118927,57.0874179204305,26.40696463556,29.645094172455
2010-06-06,-57.9464285714286,-61.4642857142857,0.298283176762717,360.022288731166,0.564410341637475,26.8464016060152,-57.9361047744751,-61.4583334287008,-0.868776492277781,-1.64596748650074,0.0383617664997776,0.019552191781501,34.0519677480062,56.0688627084096,26.40696463556,62.8667417617465
2010-06-07,-57.9464285714286,-61.4642857142857,0.298232404249055,360.056058611189,0.449695461562702,26.8464016060152,-57.9361047744751,-61.4583334287008,-0.907199297348658,-1.62698497474194,0.120054729469121,0.0556301561805109,34.0500857671102,57.0225660006205,26.40696463556,4.53144988905359
2010-06-08,-57.9464285714286,-61.4642857142857,0.293440275958606,360.489057268415,0.156550953430789,26.8464016060152,-57.9361047744751,-61.4583334287008,-0.935239703456561,-1.62257504463196,0.172404146380723,0.0455692208682497,34.044490814209,55.7471463839213,26.40696463556,3.03869808159187
2010-06-09,-57.9464285714286,-61.4642857142857,0.280484214425087,360.898511614118,0.0501469256622451,26.8464016060152,-57.9361047744751,-61.4583334287008,-0.913760777811209,-1.6327758560578,0.208558407301704,0.0563524273534616,34.0436006546021,56.9538994948069,26.40696463556,19.2233140511705
2010-06-10,-57.9464285714286,-61.4642857142857,0.270758943898337,361.560908726283,0.117181425115892,26.8464016060152,-57.9361047744751,-61.4583334287008,-0.942985299726327,-1.63977477153142,0.177892392346015,0.0681681773004433,34.0456479708354,63.2496140480041,26.40696463556,7.45709299006723
2010-06-11,-57.9464285714286,-61.4642857142857,0.263231531849929,362.245228358677,0.0742958273206438,26.8464016060152,-57.9361047744751,-61.4583334287008,-0.94750814139843,-1.63777326742808,0.193507696626087,0.0299793488656481,34.0416551907857,62.1763795057933,26.40696463556,11.4209203133268
2010-06-12,-57.9464285714286,-61.4642857142857,0.254369512200356,362.791763305664,0.051440615473049,26.8464016060152,-57.9361047744751,-61.4583334287008,-0.920804447929064,-1.63766136666139,0.198334706916163,0.014806563531359,34.0342164357503,49.9257406393687,26.40696463556,17.0155252228655
2010-06-13,-57.9464285714286,-61.4642857142857,0.246448331645557,363.242403302874,0.116824753050293,26.8464016060152,-57.9361047744751,-61.4583334287008,-0.931180735925833,-1.64161351124446,0.211767936560015,0.0540940579337378,34.037815062205,57.7689980506897,26.40696463556,20.9703218043716
2010-06-14,-57.9464285714286,-61.4642857142857,0.240895029689584,363.006508963449,0.23747757928712,26.8464016060152,-57.9361047744751,-61.4583334287008,-0.955131671329339,-1.64566739002864,0.213044628345718,0.0914131087251008,34.0521587053935,67.8973289171855,26.40696463556,32.5413549314128
2010-06-15,-57.9464285714286,-61.4642857142857,0.23972615812506,363.508135114397,0.240176787333829,26.8464016060152,-57.9361047744751,-61.4583334287008,-1.00050048579772,-1.64970091382662,0.149393189884722,0.0958128602864842,34.0585294723511,71.5392045338949,26.40696463556,13.4572927734048
2010-06-16,-57.9464285714286,-61.4642857142857,0.23906940647534,364.446219308036,0.230266697704792,26.8464016060152,-57.9361047744751,-61.4583334287008,-1.02944423705339,-1.64648121794065,0.180476291663945,0.0527970214063923,34.0553123474121,70.5804145495097,26.40696463556,5.72788305928414
2010-06-17,-57.9464285714286,-61.4642857142857,0.237843461334705,365.054713657924,0.257342427968979,26.8464016060152,-57.9361047744751,-61.4583334287008,-1.03797721018394,-1.65301725765069,0.148848943070819,0.0523850213425855,34.055731900533,71.0369205792745,26.40696463556,0.360534435729358
2010-06-18,-57.9464285714286,-61.4642857142857,0.230963397238936,364.887174333845,0.153248155755656,26.8464016060152,-57.9361047744751,-61.4583334287008,-1.0549821232756,-1.66700491011143,0.0310932745225728,0.054307687561959,34.0574484825134,71.481982421875,26.40696463556,68.6431215841433
2010-06-19,-57.9464285714286,-61.4642857142857,0.220566025802067,364.34444972447,0.181846024734633,26.8464016060152,-57.9361047744751,-61.4583334287008,-1.07911006212235,-1.67335529724757,0.0292011275887489,0.0417442347543935,34.0579062461853,74.1129322052002,26.40696463556,70.3582841612402
2010-06-20,-57.9464285714286,-61.4642857142857,0.216359545077596,364.529966081892,0.240274955119405,26.8464016060152,-57.9361047744751,-61.4583334287008,-1.10039366881053,-1.66696676413218,0.15668711423253,0.0813826921706398,34.0581859270732,74.2934999783834,26.40696463556,7.39757242033441
2010-06-21,-57.9464285714286,-61.4642857142857,0.215677963835852,365.057586669922,0.195951466049467,26.8464016060152,-57.9361047744751,-61.4583334287008,-1.12264165828625,-1.66331980029742,0.18013550300772,0.0505793429911137,34.0610471089681,74.6813388506571,26.40696463556,5.44568963277939
2010-06-22,-57.9464285714286,-61.4642857142857,0.21403871689524,365.467782156808,0.19095482145037,26.8464016060152,-57.9361047744751,-61.4583334287008,-1.11903437376022,-1.6569617797931,0.201178013781706,0.00121565399070581,34.0580970446269,67.0084775129954,26.40696463556,23.3781753971848
2010-06-23,-57.9464285714286,-61.4642857142857,0.210022294095584,365.680864606585,0.104271524186645,26.8464016060152,-57.9361047744751,-61.4583334287008,-1.10278631697098,-1.65141249299049,0.154825484659523,-0.0179754020646214,34.0558589935303,56.9030352751414,26.40696463556,19.4251556362993
2010-06-24,-57.9464285714286,-61.4642857142857,0.200389045689787,364.974953787667,0.0420214722731284,26.8464016060152,-57.9361047744751,-61.4583334287008,-1.06209293951591,-1.64165674845378,0.116692607322087,-0.0624154381764432,34.0385268211365,49.0025557041168,26.40696463556,61.4162040199797
2010-06-25,-57.9464285714286,-61.4642857142857,0.194108510656016,364.461774553571,0.155670791864395,26.8464016060152,-57.9361047744751,-61.4583334287008,-1.06687824179729,-1.63833023011684,0.122872605578353,0.0403709019844731,34.0291423161825,44.5621124426524,26.40696463556,3.17232666976802
2010-06-26,-57.9464285714286,-61.4642857142857,0.191642584545272,364.426975795201,0.0891997228775706,26.8464016060152,-57.9361047744751,-61.4583334287008,-1.09495527098576,-1.63974170982838,0.130334380393227,-0.0015411847581466,34.0275274276733,44.3611990610758,26.40696463556,11.8768666073368
2010-06-27,-57.9464285714286,-61.4642857142857,0.188213686857905,364.728971208845,0.0654594068016325,26.8464016060152,-57.9361047744751,-61.4583334287008,-1.08059325863918,-1.64089632034302,0.150603757736584,0.000127160456031561,34.0166807492574,36.2623491128286,26.40696463556,9.64485814667337
2010-06-28,-57.9464285714286,-61.4642857142857,0.186425674174513,365.210473196847,0.121028663856643,26.8464016060152,-57.9361047744751,-61.4583334287008,-1.09894709338744,-1.65365052123864,0.139215268287808,0.0210730307425062,34.008237139384,31.2674861192703,26.40696463556,2.98746458525569
2010-06-29,-57.9464285714286,-61.4642857142857,0.183342419564724,365.425667898996,0.0648374520242214,26.8464016060152,-57.9361047744751,-61.4583334287008,-1.09940486600002,-1.66169977883498,0.0601926734050115,-0.0286772261373699,34.0017519315084,34.0586581389109,26.40696463556,64.7584718586091
2010-06-30,-57.9464285714286,-61.4642857142857,0.178972942488534,364.925417218889,0.114957204354661,26.8464016060152,-57.9361047744751,-61.4583334287008,-1.11686145762602,-1.66660308539867,0.0565813169193764,0.0153864151798189,33.9953938802083,42.8886807441711,26.40696463556,45.6899872423907
2010-07-01,-57.9464285714286,-61.4642857142857,0.176230142159121,364.614953177316,0.103388991739069,26.8464016060152,-57.9361047744751,-61.4583334287008,-1.17632371783257,-1.65447452366352,0.102684611516694,-0.0179296243004501,33.9857933362325,40.7981627464294,26.40696463556,29.3293572226588
2010-07-02,-57.9464285714286,-61.4642857142857,0.172405282301562,364.383780343192,0.0515783735151802,26.8464016060152,-57.9361047744751,-61.4583334287008,-1.19706410169601,-1.64846492111683,0.067110202802966,-0.0440585546505948,33.9716785430908,38.5715830008189,26.40696463556,71.2923372552719
2010-07-03,-57.9464285714286,-61.4642857142857,0.168924517929554,364.401988438198,0.0949963916625295,26.8464016060152,-57.9361047744751,-61.4583334287008,-1.20100098450979,-1.65181686282158,0.0955280213616788,0.0250099186164637,33.9578689257304,38.4520522435506,26.40696463556,15.4592775754001
2010-07-04,-57.9464285714286,-61.4642857142857,0.167798834187644,364.839183262416,0.167064405977726,26.8464016060152,-57.9361047744751,-61.4583334287008,-1.23606065313021,-1.65883358418942,0.100477106062075,0.0780561743304133,33.9726576169332,46.2368157068888,26.40696463556,17.0128579308777
2010-07-05,-57.9464285714286,-61.4642857142857,0.167886739330632,364.901166643415,0.195320667965072,26.8464016060152,-57.9361047744751,-61.4583334287008,-1.26447338064512,-1.65843683977922,0.0641041288462778,0.0517136142278711,33.9909561793009,53.8041346549988,26.40696463556,35.3295019757313
2010-07-06,-57.9464285714286,-61.4642857142857,0.168219050126416,364.718366350446,0.162346909088748,26.8464016060152,-57.9361047744751,-61.4583334287008,-1.28202763199806,-1.6535182784001,0.115334533310185,0.0340383107463519,34.0043210665385,60.2855034828186,26.40696463556,5.76348234179193
2010-07-07,-57.9464285714286,-61.4642857142857,0.167775406369141,364.701416015625,0.124356142112187,26.8464016060152,-57.9361047744751,-61.4583334287008,-1.32823876043161,-1.64686015446981,0.162561927145968,-0.0143945636538168,33.9978103955587,56.8063935597738,26.40696463556,18.1139736822112
2010-07-08,-57.9464285714286,-61.4642857142857,0.165544557784285,365.080204554967,0.0643919701022761,26.8464016060152,-57.9361047744751,-61.4583334287008,-1.4069276769956,-1.63822087645531,0.192866806561748,-0.0134942676561574,33.9462467829386,21.3006491263707,26.40696463556,26.6568348406273
2010-07-09,-57.9464285714286,-61.4642857142857,0.162820525467396,365.730961390904,0.0792815254202911,26.8464016060152,-57.9361047744751,-61.4583334287008,-1.44979397455851,-1.63560390671094,0.16466770498082,0.00660217084611456,33.9024656613668,11.733095685641,26.40696463556,8.3991018312425
2010-07-10,-57.9464285714286,-61.4642857142857,0.162455685436726,366.35149710519,0.150727378470557,26.8464016060152,-57.9361047744751,-61.4583334287008,-1.43151338994503,-1.63576412896315,0.149108350711564,0.0673340044294794,33.9548172632853,32.9421894550323,26.40696463556,2.74070635701774
2010-07-11,-57.9464285714286,-61.4642857142857,0.162090494164399,366.882973807199,0.0853962286242417,26.8464016060152,-57.9361047744751,-61.4583334287008,-1.43045745293299,-1.64229254623254,0.141132847033441,0.0527461573171119,33.9766632715861,51.2532959938049,26.40696463556,0.608719129273521
2010-07-12,-57.9464285714286,-61.4642857142857,0.161553635128907,367.306453159877,0.149374603692974,26.8464016060152,-57.9361047744751,-61.4583334287008,-1.40991238753001,-1.65621152818203,0.109846288648744,0.0666829430498183,33.989442952474,58.8231581687927,26.40696463556,9.78625619130334
2010-07-13,-57.9464285714286,-61.4642857142857,0.16275185665914,367.602220807757,0.197902714567525,26.8464016060152,-57.9361047744751,-61.4583334287008,-1.4048829416434,-1.65648111104965,0.101779229411234,0.0252388074062765,34.0002263387044,64.9077864646912,26.40696463556,12.3436471686113
2010-07-14,-57.9464285714286,-61.4642857142857,0.163055719009468,368.128393990653,0.126537682222469,26.8464016060152,-57.9361047744751,-61.4583334287008,-1.42454906702042,-1.6502299040556,0.168518122068296,0.0666219062171876,34.0051981925964,66.8418968518575,26.40696463556,4.71355456471705
2010-07-15,-57.9464285714286,-61.4642857142857,0.162582159042358,368.822514125279,0.0846086373286588,26.8464016060152,-57.9361047744751,-61.4583334287008,-1.39439067840576,-1.65022990703583,0.174667602684349,0.0652485731678704,34.0160450299581,70.6478094418844,26.40696463556,5.87459445245741
2010-07-16,-57.9464285714286,-61.4642857142857,0.161680949585778,368.927512032645,0.0769175344279834,26.8464016060152,-57.9361047744751,-61.4583334287008,-1.38375192979972,-1.64970854421457,0.175898515960823,-0.00665812147781253,34.020928033193,73.5737713177999,26.40696463556,16.756292387713
2010-07-17,-57.9464285714286,-61.4642857142857,0.160626945751054,368.490663800921,0.106451158012663,26.8464016060152,-57.9361047744751,-61.4583334287008,-1.34985196193059,-1.64550462166468,0.192215745678792,0.080573951639235,34.0360475540161,81.5581772168477,26.40696463556,16.5654682662595
2010-07-18,-57.9464285714286,-61.4642857142857,0.160470180213451,368.743460518973,0.0774846561253071,26.8464016060152,-57.9361047744751,-61.4583334287008,-1.32234257658323,-1.64501886467139,0.215282651595771,0.0107832066404323,34.044198513031,83.87631260554,26.40696463556,28.2693236165024
2010-07-19,-57.9464285714286,-61.4642857142857,0.161052390933037,369.091469900949,0.191454694207226,26.8464016060152,-57.9361047744751,-61.4583334287008,-1.29798881014188,-1.660191655159,0.210887987042467,0.0405336668714881,34.0518918355306,87.0667682647705,26.40696463556,19.9562687044908
2010-07-20,-57.9464285714286,-61.4642857142857,0.161840898650033,369.313596452986,0.179911638477019,26.8464016060152,-57.9361047744751,-61.4583334287008,-1.30115662912528,-1.67807550231616,0.183985921181738,0.0660980050141613,34.0624588012695,92.844939549764,26.40696463556,8.99639784238221
2010-07-21,-57.9464285714286,-61.4642857142857,0.163638625826154,369.664988926479,0.322079601032393,26.8464016060152,-57.9361047744751,-61.4583334287008,-1.30923793315887,-1.68413596947988,0.181498661419998,0.0719219539624949,34.0670238176982,95.6424695968628,26.40696463556,9.58642285668502
2010-07-22,-57.9464285714286,-61.4642857142857,0.166720553168229,369.842267717634,0.336366459727287,26.8464016060152,-57.9361047744751,-61.4583334287008,-1.36276129881541,-1.67249824206034,0.11621957058087,0.0404675434964399,34.0606403986613,89.0962492624919,26.40696463556,5.04894786193663
2010-07-23,-57.9464285714286,-61.4642857142857,0.168006813951901,369.712441580636,0.238641033215182,26.8464016060152,-57.9361047744751,-61.4583334287008,-1.3759025623401,-1.66919970611731,0.169550666026771,0.0616372163717945,34.0627766609192,92.3731744448344,26.40696463556,3.92726907652064
2010-07-24,-57.9464285714286,-61.4642857142857,0.165289908647537,369.20112827846,0.108643234840461,26.8464016060152,-57.9361047744751,-61.4583334287008,-1.38312323987484,-1.67249315877755,0.212866602900128,0.0476597388585408,34.0679774284363,93.4934579849243,26.40696463556,21.2339130686123
2010-07-25,-57.9464285714286,-61.4642857142857,0.160756528377533,368.668339320592,0.115733766396131,26.8464016060152,-57.9361047744751,-61.4583334287008,-1.35595566431681,-1.67401654422283,0.21764274990807,0.0250963874471684,34.0757849693298,94.6773221333822,26.40696463556,26.1657036643639
2010-07-26,-57.9464285714286,-61.4642857142857,0.159674763679504,368.474474225725,0.222876547702721,26.8464016060152,-57.9361047744751,-61.4583334287008,-1.34764852325122,-1.67513045966625,0.166066468693316,0.0331227554629246,34.0803503036499,93.2543965975444,26.40696463556,2.25450444394882
2010-07-27,-57.9464285714286,-61.4642857142857,0.160861376140799,368.513216291155,0.267335359539304,26.8464016060152,-57.9361047744751,-61.4583334287008,-1.35146334369977,-1.66536199847857,0.186600339102248,0.0121463667290906,34.0766498565674,79.0607460339864,26.40696463556,12.5854668351004
2010-07-28,-57.9464285714286,-61.4642857142857,0.163063401622432,368.639240809849,0.376328636493002,26.8464016060152,-57.9361047744751,-61.4583334287008,-1.37816092967987,-1.66286456088225,0.13550726895531,0.0823338522265355,34.0810877482096,85.7214108149211,26.40696463556,8.11966753584386
2010-07-29,-57.9464285714286,-61.4642857142857,0.163025363215378,367.533782958984,0.310786304729325,26.8464016060152,-57.9361047744751,-61.4583334287008,-1.38123110036055,-1.6632765630881,0.147323017691572,0.152709535074731,34.0986358642578,95.3652599652608,26.40696463556,59.1357252322524
2010-07-30,-57.9464285714286,-61.4642857142857,0.164290268506323,366.871165684291,0.314106343047959,26.8464016060152,-57.9361047744751,-61.4583334287008,-1.37180087665717,-1.6669769346714,0.0604063038403789,0.0685750909770528,34.1168070793152,104.361863835653,26.40696463556,41.2222353757534
2010-07-31,-57.9464285714286,-61.4642857142857,0.165983620498862,366.786721365792,0.366196847387723,26.8464016060152,-57.9361047744751,-61.4583334287008,-1.39423808554808,-1.66563666164875,0.0778425444227954,0.0958789831958711,34.1213976860046,105.530467828115,26.40696463556,37.9523484478429
2010-08-01,-57.9464285714286,-61.4642857142857,0.167000557695116,366.685298374721,0.314702462937151,26.8464016060152,-57.9361047744751,-61.4583334287008,-1.42652056912581,-1.66269926031431,0.0681630908511579,0.0648874375037849,34.1195410728455,104.214356867472,26.40696463556,33.9039813985733
2010-08-02,-57.9464285714286,-61.4642857142857,0.167228260210582,366.623485020229,0.214645389999662,26.8464016060152,-57.9361047744751,-61.4583334287008,-1.47218846380711,-1.65789767901103,0.143508205159257,0.0890021459509929,34.1118477185567,91.2694215138753,26.40696463556,10.2372004349862
2010-08-03,-57.9464285714286,-61.4642857142857,0.16625711108957,366.760474068778,0.122640913086278,26.8464016060152,-57.9361047744751,-61.4583334287008,-1.51777701278528,-1.66418703794479,0.204219692666084,0.0749636321018139,34.0918581962585,51.4389503320058,26.40696463556,20.7201483464043
2010-08-04,-57.9464285714286,-61.4642857142857,0.168034884546484,367.025283813477,0.266230352222919,26.8464016060152,-57.9361047744751,-61.4583334287008,-1.50290228227774,-1.67861974537373,0.155186620603005,0.108066042326391,34.0982544263204,81.348362604777,26.40696463556,20.8217347534624
2010-08-05,-57.9464285714286,-61.4642857142857,0.174217343330383,367.281522478376,0.496884724923543,26.8464016060152,-57.9361047744751,-61.4583334287008,-1.51008024712404,-1.68083234330018,0.117755669013908,0.053834650820742,34.095812924703,83.9157319068909,26.40696463556,5.00240555894516
2010-08-06,-57.9464285714286,-61.4642857142857,0.181589300079005,367.481314522879,0.616195191230093,26.8464016060152,-57.9361047744751,-61.4583334287008,-1.53026518424352,-1.66655984620253,0.126778974601378,0.00883510839194059,34.0850169181824,65.2167863527934,26.40696463556,8.37842082145109
2010-08-07,-57.9464285714286,-61.4642857142857,0.189821434872491,367.515975952148,0.687868103384972,26.8464016060152,-57.9361047744751,-61.4583334287008,-1.57603074411551,-1.65139723519484,0.107577746268362,0.0462914925999939,34.0727332750956,51.0485677083333,26.40696463556,8.11818034186933
2010-08-08,-57.9464285714286,-61.4642857142857,0.195535813059126,367.640265328544,0.417151695915631,26.8464016060152,-57.9361047744751,-61.4583334287008,-1.59483014643192,-1.65104373594125,0.135176651428143,0.0249336224359771,34.0617082913717,42.2503354231517,26.40696463556,2.60693088574068
2010-08-09,-57.9464285714286,-61.4642857142857,0.200581503765924,367.967169625419,0.695869386196136,26.8464016060152,-57.9361047744751,-61.4583334287008,-1.62296820779641,-1.65425072213014,0.136605933960527,0.0187027598110338,34.051179377238,42.1791254997253,26.40696463556,3.81615395547202
2010-08-10,-57.9464285714286,-61.4642857142857,0.206569736557347,367.742412022182,0.634969277041299,26.8464016060152,-57.9361047744751,-61.4583334287008,-1.64468517998854,-1.6691920787096,0.0629037351657947,0.0604012167081237,34.0567107836405,53.970714934667,26.40696463556,37.3925963383483
2010-08-11,-57.9464285714286,-61.4642857142857,0.197568528354168,365.752700805664,0.243729458323547,26.8464016060152,-57.9361047744751,-61.4583334287008,-1.63010954161485,-1.66472874780496,-0.0253252760817607,-0.0155644397251308,34.0576646169027,69.387649567922,26.40696463556,167.584129106706
2010-08-12,-57.9464285714286,-61.4642857142857,0.199297932641847,365.223604474749,0.566517981035369,26.8464016060152,-57.9361047744751,-61.4583334287008,-1.62468945483367,-1.66394542952379,0.00970997208108505,0.0563320820530256,34.0751108169556,82.9836460749308,26.40696463556,96.116071785652
2010-08-13,-57.9464285714286,-61.4642857142857,0.204550119382995,365.379847935268,0.327345463846411,26.8464016060152,-57.9361047744751,-61.4583334287008,-1.64494763811429,-1.66279336214066,0.0975066372193396,0.0458388014386098,34.0786715189616,76.6357961336772,26.40696463556,12.6670560472237
2010-08-14,-57.9464285714286,-61.4642857142857,0.21003235237939,365.854082380022,0.579788252711296,26.8464016060152,-57.9361047744751,-61.4583334287008,-1.64952541490396,-1.66689301232497,0.0630461540383597,0.0815963212090234,34.0898488044739,83.4096335728963,26.40696463556,43.0031187259658
2010-08-15,-57.9464285714286,-61.4642857142857,0.214903941111905,366.196731567383,0.378748503114496,26.8464016060152,-57.9361047744751,-61.4583334287008,-1.66106751461824,-1.64853358169397,0.141672006963442,0.0598518834759792,34.0893911361694,72.4395004908244,26.40696463556,1.4511264180209
2010-08-16,-57.9464285714286,-61.4642857142857,0.218922147793429,366.258499145508,0.746693817632539,26.8464016060152,-57.9361047744751,-61.4583334287008,-1.65472576320171,-1.65726442039013,0.0829849139476816,0.108854436688125,34.1030099550883,83.2646703720093,26.40696463556,42.0656718005352
2010-08-17,-57.9464285714286,-61.4642857142857,0.227194264531136,365.966489519392,0.896209222929818,26.8464016060152,-57.9361047744751,-61.4583334287008,-1.64193241496881,-1.64845982889334,0.0267952513881028,0.0556403291411698,34.1241057395935,98.1386297861735,26.40696463556,73.898566370994
2010-08-18,-57.9464285714286,-61.4642857142857,0.236866535884993,365.53082711356,0.881991929241589,26.8464016060152,-57.9361047744751,-61.4583334287008,-1.63797721465429,-1.65074617465337,0.066403190108637,0.039582506660372,34.1313921292623,101.201925086975,26.40696463556,33.2265754706196
2010-08-19,-57.9464285714286,-61.4642857142857,0.247752241790295,365.285633632115,0.822466684239251,26.8464016060152,-57.9361047744751,-61.4583334287008,-1.63543196618557,-1.65852839251359,0.0953449092184504,0.0285653249981503,34.13677110672,103.592542139689,26.40696463556,14.9446958119687
2010-08-20,-57.9464285714286,-61.4642857142857,0.260907244469438,365.290134974888,0.746211360607828,26.8464016060152,-57.9361047744751,-61.4583334287008,-1.64911036491394,-1.65875474214554,0.123793247093757,-0.0526596883311868,34.132333278656,97.6338031768799,26.40696463556,49.5575113815715
2010-08-21,-57.9464285714286,-61.4642857142857,0.27877121844462,365.747375488281,1.23430067726544,26.8464016060152,-57.9361047744751,-61.4583334287008,-1.71211278041204,-1.65469832122326,0.133742281266799,-0.00425733200584849,34.0951896985372,45.2996429443359,26.40696463556,12.6122817265359
2010-08-22,-57.9464285714286,-61.4642857142857,0.298522637358734,366.220476422991,1.21481459694249,26.8464016060152,-57.9361047744751,-61.4583334287008,-1.73301184674104,-1.65279854635398,0.115146336642404,-0.0350911994775136,34.0800954500834,11.7038487672806,26.40696463556,36.5765917459219
2010-08-23,-57.9464285714286,-61.4642857142857,0.321246873055186,366.544488089425,2.04840586440904,26.8464016060152,-57.9361047744751,-61.4583334287008,-1.76699725886186,-1.65967283844948,0.127185888060679,-0.00278227077797055,34.059050655365,11.5131080150604,26.40696463556,13.0488610671171
2010-08-24,-57.9464285714286,-61.4642857142857,0.342960815344538,366.639569963728,2.55136692523956,26.8464016060152,-57.9361047744751,-61.4583334287008,-1.76286505758762,-1.65587583283583,0.150151066295803,-0.0108391572721303,34.061403020223,14.4467001040777,26.40696463556,15.0411319788786
2010-08-25,-57.9464285714286,-61.4642857142857,0.360048658081463,366.512815202986,2.10795222009931,26.8464016060152,-57.9361047744751,-61.4583334287008,-1.76008176803589,-1.66088086565336,0.157261879617969,-0.0138401440344751,34.061123307546,20.3304147402445,26.40696463556,17.150294034065
2010-08-26,-57.9464285714286,-61.4642857142857,0.370429019842829,366.43828691755,1.06601832168443,26.8464016060152,-57.9361047744751,-61.4583334287008,-1.76844994425774,-1.6718624373277,0.130247912462801,-0.0347605821676552,34.0504673322042,22.4997720718384,26.40696463556,32.524181111093
2010-08-27,-57.9464285714286,-61.4642857142857,0.383754725967135,366.451738630022,1.95745249092579,26.8464016060152,-57.9361047744751,-61.4583334287008,-1.78005308310191,-1.67849004864693,0.0645263021811843,0.0152897732332349,34.0456734657288,24.8814876159032,26.40696463556,38.785592686366
2010-08-28,-57.9464285714286,-61.4642857142857,0.398710621254785,365.819804600307,2.29675396425383,26.8464016060152,-57.9361047744751,-61.4583334287008,-1.77331459522247,-1.68111463487148,0.0608691669379671,0.032425916288048,34.0579571088155,37.2491142272949,26.40696463556,38.4536835784809
2010-08-29,-57.9464285714286,-61.4642857142857,0.421771536980356,365.695218767439,2.26065450481006,26.8464016060152,-57.9361047744751,-61.4583334287008,-1.79243138929208,-1.66827142635981,0.112852361022184,0.0228227586485445,34.0544727961222,29.6550913333893,26.40696463556,8.34173065346969
2010-08-30,-57.9464285714286,-61.4642857142857,0.432351870196206,365.828325544085,1.19230168419225,26.8464016060152,-57.9361047744751,-61.4583334287008,-1.78424022197723,-1.65815963844458,0.163238420430571,-0.0202948087826371,34.0520567893982,33.6123248259226,26.40696463556,21.8330991875768
2010-08-31,-57.9464285714286,-61.4642857142857,0.439665607043675,366.141104561942,1.68987575173378,26.8464016060152,-57.9361047744751,-61.4583334287008,-1.78587601085504,-1.67329680621624,0.0722729169453184,0.0478072452048461,34.049933274587,35.6646947542826,26.40696463556,28.5991753841585
2010-09-01,-57.9464285714286,-61.4642857142857,0.460876379694257,366.155511038644,2.21320086717606,26.8464016060152,-57.9361047744751,-61.4583334287008,-1.78260442515214,-1.68725903232892,0.0867183450609446,0.0366934211614231,34.0671763102214,45.692569065094,26.40696463556,18.9214474385417
2010-09-02,-57.9464285714286,-61.4642857142857,0.47485214471817,366.012998308454,1.76477543796812,26.8464016060152,-57.9361047744751,-61.4583334287008,-1.79047209521135,-1.69307534992695,0.151768547700097,0.00424207281321287,34.0594450950623,34.8050903161367,26.40696463556,7.96531254596085
2010-09-03,-57.9464285714286,-61.4642857142857,0.484140206660543,366.151314871652,2.9255687211241,26.8464016060152,-57.9361047744751,-61.4583334287008,-1.79213230510553,-1.69518875877062,0.13768425565213,0.0573239338273803,34.0626113891602,39.0230025291443,26.40696463556,1.40534651563784
2010-09-04,-57.9464285714286,-61.4642857142857,0.509686544537544,366.335691179548,3.49372085077422,26.8464016060152,-57.9361047744751,-61.4583334287008,-1.80980252226194,-1.68742688198884,0.0955636260099709,0.00652587460353971,34.0590635617574,34.3600287278493,26.40696463556,20.6513278572908
2010-09-05,-57.9464285714286,-61.4642857142857,0.533176647765296,366.041955130441,2.89759659767151,26.8464016060152,-57.9361047744751,-61.4583334287008,-1.78291571736336,-1.68633584082127,0.0611845247757932,0.0504725282080472,34.0768661181132,49.8392714182536,26.40696463556,37.727288091169
2010-09-06,-57.9464285714286,-61.4642857142857,0.537910250680787,364.930062430246,2.53216140610831,26.8464016060152,-57.9361047744751,-61.4583334287008,-1.76735738019149,-1.68861455917358,0.00616473915676276,0.026184881106019,34.1013825734456,66.108181031545,26.40696463556,101.888493192765
2010-09-07,-57.9464285714286,-61.4642857142857,0.535230909075056,363.964863368443,2.34593072959355,26.8464016060152,-57.9361047744751,-61.4583334287008,-1.75009611149629,-1.69765820801258,0.0584938099607825,0.0869777519876758,34.1138569831848,74.9204014142354,26.40696463556,49.1355121327668
2010-09-08,-57.9464285714286,-61.4642857142857,0.541235436286245,363.878090994699,3.08901702506202,26.8464016060152,-57.9361047744751,-61.4583334287008,-1.74640337030093,-1.69243191182613,0.0558336132206023,0.0506047751754522,34.1182312965393,78.8089682896932,26.40696463556,42.514109645708
2010-09-09,-57.9464285714286,-61.4642857142857,0.57121157007558,364.306945800781,3.6603775194713,26.8464016060152,-57.9361047744751,-61.4583334287008,-1.75316627820333,-1.69572028021018,0.116122928106536,0.0359914954441289,34.1139714876811,68.1351184844971,26.40696463556,5.33592507636751
2010-09-10,-57.9464285714286,-61.4642857142857,0.608005374670029,364.529436383929,3.3254724911281,26.8464016060152,-57.9361047744751,-61.4583334287008,-1.76143679320812,-1.69965209066868,0.146204005864759,0.0284686828653018,34.1043834368388,60.7737998008728,26.40696463556,1.21239039306589
2010-09-11,-57.9464285714286,-61.4642857142857,0.655869973557336,364.624097551618,5.25635247571128,26.8464016060152,-57.9361047744751,-61.4583334287008,-1.7923459370931,-1.69689778784911,0.120553198736161,0.0243792026614149,34.0759249687195,36.9731759150823,26.40696463556,5.62979440354522
2010-09-12,-57.9464285714286,-61.4642857142857,0.727123515946524,365.204842703683,7.30768748692104,26.8464016060152,-57.9361047744751,-61.4583334287008,-1.78590653439363,-1.68120619753997,0.15710420080771,0.0322478918358684,34.0690328915914,20.4257850408554,26.40696463556,1.11804765080999
2010-09-13,-57.9464285714286,-61.4642857142857,0.813543277127402,366.04801940918,9.01123694011143,26.8464016060152,-57.9361047744751,-61.4583334287008,-1.79577010770639,-1.68207087516785,0.153818373630444,0.0117496261683603,34.0570799191793,20.132044283549,26.40696463556,5.36770604076375
2010-09-14,-57.9464285714286,-61.4642857142857,0.883206848587309,366.080413818359,4.61463301522391,26.8464016060152,-57.9361047744751,-61.4583334287008,-1.79204075535138,-1.68103833595912,0.170623899499575,-0.0161951557422678,34.0463347434998,18.690044816335,26.40696463556,20.6955924778412
2010-09-15,-57.9464285714286,-61.4642857142857,0.943064821617944,365.906099591936,6.7368472644261,26.8464016060152,-57.9361047744751,-61.4583334287008,-1.82928554018339,-1.69367300669352,0.105370240223904,0.0332448297801117,34.0098650932312,10.9612316449483,26.40696463556,9.57717748058202
2010-09-16,-57.9464285714286,-61.4642857142857,1.03210087759154,366.065802437919,8.38704483849662,26.8464016060152,-57.9361047744751,-61.4583334287008,-1.81767020622889,-1.6914782166481,0.171681875145684,-0.00232957949241002,34.0120268503825,12.5151326179504,26.40696463556,13.5633129789346
2010-09-17,-57.9464285714286,-61.4642857142857,1.12059637052672,366.339804513114,11.9379361697606,26.8464016060152,-57.9361047744751,-61.4583334287008,-1.84436168074608,-1.67869603931904,0.0985646123997867,0.0268969794424872,33.9982426961263,15.8861566066742,26.40696463556,13.5782042214285
2010-09-18,-57.9464285714286,-61.4642857142857,1.15007061617715,365.571029663086,6.22977140971592,26.8464016060152,-57.9361047744751,-61.4583334287008,-1.81326332191626,-1.66730754673481,0.173787651862949,-0.0475274920774003,33.9996414502462,17.5850203752518,26.40696463556,45.2235301793571
2010-09-19,-57.9464285714286,-61.4642857142857,1.15025838783809,365.121608189174,5.39676761627197,26.8464016060152,-57.9361047744751,-61.4583334287008,-1.80634171962738,-1.67557806571325,0.1728110599642,-0.0106153548074265,33.9914395332336,20.0608345270157,26.40696463556,18.0178569115405
2010-09-20,-57.9464285714286,-61.4642857142857,1.20142598663058,365.445404052734,7.26768854686192,26.8464016060152,-57.9361047744751,-61.4583334287008,-1.81977596978347,-1.68452507952849,0.153172398358583,-0.00276192516709367,33.9733828544617,17.0865513881048,26.40696463556,11.0577932970095
2010-09-21,-57.9464285714286,-61.4642857142857,1.27402878659112,365.895222255162,6.63396045139858,26.8464016060152,-57.9361047744751,-61.4583334287008,-1.82847374280294,-1.68595690925916,0.0639515368267894,-0.0142368846262495,33.9467300415039,11.1596020936966,26.40696463556,52.0897625789299
2010-09-22,-57.9464285714286,-61.4642857142857,1.35603722504207,366.494256155831,10.7731676782881,26.8464016060152,-57.9361047744751,-61.4583334287008,-1.82172915935516,-1.68213191727797,0.07552822449555,0.0423037402952711,33.9634260177612,19.1084026495616,26.40696463556,26.1329708465626
2010-09-23,-57.9464285714286,-61.4642857142857,1.41493456704276,366.780755179269,6.30826084954398,26.8464016060152,-57.9361047744751,-61.4583334287008,-1.81334877808889,-1.66952269077301,0.131621245356898,0.00303150539596876,33.9724417686462,23.1025127251943,26.40696463556,9.68434433560069
2010-09-24,-57.9464285714286,-61.4642857142857,1.47978448867798,367.040714808873,11.995878798621,26.8464016060152,-57.9361047744751,-61.4583334287008,-1.85573288301627,-1.67060100634893,0.067476424202323,0.0079907630259792,33.9524140357971,19.698427216212,26.40696463556,38.731169664173
2010-09-25,-57.9464285714286,-61.4642857142857,1.54013859374183,367.113459995815,12.2404033115932,26.8464016060152,-57.9361047744751,-61.4583334287008,-1.79723499516646,-1.65952788293362,0.00116478959098458,-0.00315357921645045,33.9917956988017,27.1843636671702,26.40696463556,118.613469505244
2010-09-26,-57.9464285714286,-61.4642857142857,1.61631809813636,367.711626325335,10.2660761220115,26.8464016060152,-57.9361047744751,-61.4583334287008,-1.79635606904825,-1.65537227491538,0.0843429874007901,0.0340790023095906,34.004524453481,29.3905976454417,26.40696463556,20.6247737883012
2010-09-27,-57.9464285714286,-61.4642857142857,1.71634762627738,368.841799054827,10.6973625591823,26.8464016060152,-57.9361047744751,-61.4583334287008,-1.80925318797429,-1.66482283771038,0.0739717804826796,0.0148777733246485,33.9853360493978,23.110142326355,26.40696463556,31.4846167567229
2010-09-28,-57.9464285714286,-61.4642857142857,1.7811239532062,369.63372366769,9.93077605111258,26.8464016060152,-57.9361047744751,-61.4583334287008,-1.76837669809659,-1.673116243879,0.0955585396848619,-0.00720745464786887,33.9875864982605,19.0066742579142,26.40696463556,26.7376731726723
2010-09-29,-57.9464285714286,-61.4642857142857,1.82037849085672,370.188465663365,11.5091385160174,26.8464016060152,-57.9361047744751,-61.4583334287008,-1.72768942217032,-1.68830428719521,0.0894192325882614,0.0705537075797717,34.010272026062,28.2436102390289,26.40696463556,20.5808674861957
2010-09-30,-57.9464285714286,-61.4642857142857,1.78887334040233,369.857262747628,5.76640035424914,26.8464016060152,-57.9361047744751,-61.4583334287008,-1.69156161348025,-1.69050416747729,0.144260994469126,0.022878709093978,34.0275021870931,34.0052507559458,26.40696463556,2.28444782118928
2010-10-01,-57.9464285714286,-61.4642857142857,1.68371708903994,368.592136928013,8.21201923915318,26.8464016060152,-57.9361047744751,-61.4583334287008,-1.65904108087222,-1.70077618261178,0.136565243514876,0.0816827909089625,34.047949663798,40.9113354047139,26.40696463556,7.74743123863058
2010-10-02,-57.9464285714286,-61.4642857142857,1.75294822454453,369.134613037109,13.8412773609161,26.8464016060152,-57.9361047744751,-61.4583334287008,-1.63184909423192,-1.69965208967527,0.0662404249732693,0.0518000835552812,34.057804552714,41.6921006679535,26.40696463556,33.5709769911788
2010-10-03,-57.9464285714286,-61.4642857142857,1.91724567753928,370.888735089983,20.27960729599,26.8464016060152,-57.9361047744751,-61.4583334287008,-1.5542649358511,-1.68737092713515,0.0487889239874979,0.0190079449986418,34.0446690241496,26.4455614010493,26.40696463556,52.1329136253879
2010-10-04,-57.9464285714286,-61.4642857142857,2.08529583045415,373.098709106445,24.4828908784049,26.8464016060152,-57.9361047744751,-61.4583334287008,-1.57069610754649,-1.6833221356074,0.05094556491822,0.0252235481205086,34.0446563402812,23.1419324715932,26.40696463556,48.6631360364212
2010-10-05,-57.9464285714286,-61.4642857142857,2.23909451280321,375.329243251256,27.1600883347648,26.8464016060152,-57.9361047744751,-61.4583334287008,-1.52999662260214,-1.67959125936031,0.0671305481344461,0.0276701151393354,34.0517772992452,35.0199912468592,26.40696463556,33.8678838920583
2010-10-06,-57.9464285714286,-61.4642857142857,2.31379078967231,376.085593087333,23.2981387547084,26.8464016060152,-57.9361047744751,-61.4583334287008,-1.50828574597836,-1.67636138300101,0.10013631619513,-0.0316731262020767,34.0444655100505,32.9332881609599,26.40696463556,39.9615492914143
2010-10-07,-57.9464285714286,-61.4642857142857,2.24859759637288,375.05649457659,15.8206306866237,26.8464016060152,-57.9361047744751,-61.4583334287008,-1.49324012796084,-1.68020417094231,0.145115512795746,-0.0161951557422678,34.0268665949504,29.3003138780594,26.40696463556,18.1281169766779
2010-10-08,-57.9464285714286,-61.4642857142857,2.18159864630018,373.835957118443,12.42436674663,26.8464016060152,-57.9361047744751,-61.4583334287008,-1.47732167243958,-1.67547633647919,0.179016490653157,-0.0205491297567884,34.0114676157633,30.185350505511,26.40696463556,25.6767454059396
2010-10-09,-57.9464285714286,-61.4642857142857,2.01402851513454,371.322871616908,7.24905245644706,26.8464016060152,-57.9361047744751,-61.4583334287008,-1.47420267860095,-1.68227688173453,0.234611041595538,0.0132602925722798,34.010475730896,37.1079661051432,26.40696463556,42.3886136505109
2010-10-10,-57.9464285714286,-61.4642857142857,1.97346844843456,370.241014753069,11.3502365180424,26.8464016060152,-57.9361047744751,-61.4583334287008,-1.45687427620093,-1.69139174222946,0.20599485312899,0.0385855687782168,34.0193767865499,44.2098779519399,26.40696463556,17.0749055655093
2010-10-11,-57.9464285714286,-61.4642857142857,2.03994716916765,370.417678833008,13.2632913930076,26.8464016060152,-57.9361047744751,-61.4583334287008,-1.44254278043906,-1.7011932750543,0.186493525343637,0.0725475836545229,34.033644135793,51.0104194959005,26.40696463556,11.5710527873271
2010-10-12,-57.9464285714286,-61.4642857142857,2.00434520414897,369.468102591378,6.48703805037907,26.8464016060152,-57.9361047744751,-61.4583334287008,-1.42811973591646,-1.71328878005346,0.239478743479898,0.0454624062093596,34.0407395998637,51.8979992548625,26.40696463556,42.0321655810079
2010-10-13,-57.9464285714286,-61.4642857142857,1.99437372173582,368.905709402902,13.485545362745,26.8464016060152,-57.9361047744751,-61.4583334287008,-1.42486035128434,-1.72356843352318,0.175145725440234,0.0815098522230983,34.055070400238,55.7484182357788,26.40696463556,10.7884542361081
2010-10-14,-57.9464285714286,-61.4642857142857,2.11091867515019,369.91440473284,15.4805358478001,26.8464016060152,-57.9361047744751,-61.4583334287008,-1.42701496680578,-1.71784874796867,0.133910133875906,0.0770439769762258,34.0667691866557,60.140540599823,26.40696463556,6.43869998401843
2010-10-15,-57.9464285714286,-61.4642857142857,2.14307944263731,370.257917131696,9.27598772730146,26.8464016060152,-57.9361047744751,-61.4583334287008,-1.40716572403908,-1.71398052275181,0.1903642890354,0.0441908017732203,34.0695413271586,57.6659980456034,26.40696463556,9.05695570839612
2010-10-16,-57.9464285714286,-61.4642857142857,2.03467577270099,368.293374197824,12.3163172858102,26.8464016060152,-57.9361047744751,-61.4583334287008,-1.3901791224877,-1.71034119327863,0.123579618303726,0.115629545909663,34.1023107210795,65.0527493476868,26.40696463556,28.6183288665908
2010-10-17,-57.9464285714286,-61.4642857142857,2.033568999597,367.988122122628,10.4935065848487,26.8464016060152,-57.9361047744751,-61.4583334287008,-1.34409006536007,-1.70553707182407,0.0990681685196857,0.00161748087654511,34.1199225743612,62.3849226951599,26.40696463556,20.8397077693837
2010-10-18,-57.9464285714286,-61.4642857142857,2.01827107582773,367.983337402344,12.4681698594775,26.8464016060152,-57.9361047744751,-61.4583334287008,-1.29094514151414,-1.70431378881137,0.123762728832662,-0.0126957000854115,34.1173539161682,53.8817027250926,26.40696463556,18.9381949935715
2010-10-19,-57.9464285714286,-61.4642857142857,1.9830810044493,367.726863316127,11.7993913037436,26.8464016060152,-57.9361047744751,-61.4583334287008,-1.24137698113918,-1.6952167292436,0.140705587621778,-0.0492823061222831,34.0960543632507,47.8682843844096,26.40696463556,43.7206729052119
2010-10-20,-57.9464285714286,-61.4642857142857,2.00422593525478,368.142759050642,17.6876870564052,26.8464016060152,-57.9361047744751,-61.4583334287008,-1.17556076049805,-1.69921211202939,0.136356701143086,0.00209560428435604,34.0766499201457,39.1374471187592,26.40696463556,9.41752722630548
2010-10-21,-57.9464285714286,-61.4642857142857,2.08020982572011,369.25069972447,14.5167251314436,26.8464016060152,-57.9361047744751,-61.4583334287008,-1.11503644535939,-1.70068972011407,0.139744254294783,0.0429853205569088,34.072275575002,39.9830642223358,26.40696463556,0.329566377937675
2010-10-22,-57.9464285714286,-61.4642857142857,2.01384351508958,369.106785365513,6.05265215465001,26.8464016060152,-57.9361047744751,-61.4583334287008,-1.10916468799114,-1.69641458491484,0.165359457302839,0.0242723878473043,34.0740050633748,46.6424576282501,26.40696463556,3.47848661555909
2010-10-23,-57.9464285714286,-61.4642857142857,1.9165735074452,368.460401262556,10.2940426894597,26.8464016060152,-57.9361047744751,-61.4583334287008,-1.09442424972852,-1.69812870224317,0.196534114703536,0.0278379670965175,34.0782648722331,52.4511474291484,26.40696463556,13.1721488070783
2010-10-24,-57.9464285714286,-61.4642857142857,1.96613334332194,368.846599033901,14.6550142083849,26.8464016060152,-57.9361047744751,-61.4583334287008,-1.04814597616593,-1.70309305091699,0.188324635755271,0.0347504093622168,34.0830461184184,55.1469491958618,26.40696463556,8.6333045274477
2010-10-25,-57.9464285714286,-61.4642857142857,2.02957136716161,369.579031808036,14.4548601763589,26.8464016060152,-57.9361047744751,-61.4583334287008,-0.995367269714673,-1.71199682156245,0.180618712274979,0.0728832865133882,34.0890989939372,56.477047697703,26.40696463556,9.56725093120907
2010-10-26,-57.9464285714286,-61.4642857142857,2.07969174640519,370.388203212193,15.9239549296243,26.8464016060152,-57.9361047744751,-61.4583334287008,-0.964677855869134,-1.71196122268836,0.151524400369575,0.07317321303611,34.1005561510722,60.98107102712,26.40696463556,4.33685484995239
2010-10-27,-57.9464285714286,-61.4642857142857,2.05153450795582,370.639177594866,13.6981232847486,26.8464016060152,-57.9361047744751,-61.4583334287008,-0.918277513980865,-1.70396791597207,0.206966358609498,0.003133233760794,34.095685895284,51.8763821442922,26.40696463556,25.8339124283286
2010-10-28,-57.9464285714286,-61.4642857142857,2.00430319138936,370.853299822126,13.5382738454001,26.8464016060152,-57.9361047744751,-61.4583334287008,-0.844264028469721,-1.70202744106452,0.185471154128512,0.0536820583045483,34.0949102401733,49.0241731325785,26.40696463556,7.56668385407313
2010-10-29,-57.9464285714286,-61.4642857142857,1.96758446523121,371.516366141183,15.6679206575666,26.8464016060152,-57.9361047744751,-61.4583334287008,-0.776897469659646,-1.70008442997932,0.176249477857103,0.0355286315393945,34.0880563100179,41.3449527263641,26.40696463556,4.40085278905179
2010-10-30,-57.9464285714286,-61.4642857142857,1.9108330820288,371.772310529436,14.8402747426714,26.8464016060152,-57.9361047744751,-61.4583334287008,-0.773583157360554,-1.70816675325235,0.23561306570967,0.0576799826696515,34.0845721562703,46.5114821434021,26.40696463556,39.4932087970532
2010-10-31,-57.9464285714286,-61.4642857142857,1.88806215780122,371.414258684431,12.9069690363748,26.8464016060152,-57.9361047744751,-61.4583334287008,-0.766643246014913,-1.70084993541241,0.236757510590057,0.0762047181837261,34.0867465655009,54.8023444493612,26.40696463556,44.7624828536226
2010-11-01,-57.9464285714286,-61.4642857142857,1.87861283336367,371.337962559291,13.4805536951338,26.8464016060152,-57.9361047744751,-61.4583334287008,-0.732779911160469,-1.6876583079497,0.216249071247876,0.0562761314523717,34.0882470766703,59.4157260258993,26.40696463556,24.1819982057629
2010-11-02,-57.9464285714286,-61.4642857142857,1.84090637734958,371.429146902902,12.036327123642,26.8464016060152,-57.9361047744751,-61.4583334287008,-0.663753146181504,-1.67447940409183,0.218263292747239,0.053951638409247,34.0821943600972,55.5920107364655,26.40696463556,25.3215896454718
2010-11-03,-57.9464285714286,-61.4642857142857,1.75131210259029,371.074255807059,10.5675756931305,26.8464016060152,-57.9361047744751,-61.4583334287008,-0.605999920517206,-1.66098768313726,0.223893957150479,0.0135603909691175,34.0752767562866,48.8054570357005,26.40696463556,33.568088384613
2010-11-04,-57.9464285714286,-61.4642857142857,1.69302027140345,370.984882899693,16.3914670263018,26.8464016060152,-57.9361047744751,-61.4583334287008,-0.509036508202553,-1.64705343445142,0.230653808607409,0.0613879816917082,34.0705591201782,39.7910517851512,26.40696463556,35.8390868233103
2010-11-05,-57.9464285714286,-61.4642857142857,1.63096040487289,371.25316292899,17.9874802998134,26.8464016060152,-57.9361047744751,-61.4583334287008,-0.401385521019498,-1.63370158771674,0.213654998224229,0.0252947579448422,34.0682956377665,33.6987941424052,26.40696463556,23.4230189352545
2010-11-06,-57.9464285714286,-61.4642857142857,1.49360044939177,370.277474539621,7.99117502144405,26.8464016060152,-57.9361047744751,-61.4583334287008,-0.41146273240447,-1.62751141488552,0.26078574952359,0.0120395519770682,34.0591783205668,36.4162130117416,26.40696463556,68.9177424131924
2010-11-07,-57.9464285714286,-61.4642857142857,1.44218845452581,369.424183436802,11.0320723737989,26.8464016060152,-57.9361047744751,-61.4583334287008,-0.410217576225599,-1.62748598853747,0.264310638265063,0.0651621040888131,34.0653964360555,44.1208654562632,26.40696463556,70.1165051802377
2010-11-08,-57.9464285714286,-61.4642857142857,1.46327394247055,369.31740461077,13.3773867402758,26.8464016060152,-57.9361047744751,-61.4583334287008,-0.386992989728848,-1.64505701561769,0.243044323660433,0.0799381496074299,34.0755437533061,53.6032210350037,26.40696463556,51.8260179318118
2010-11-09,-57.9464285714286,-61.4642857142857,1.49331578612328,369.429741995675,14.3079787663051,26.8464016060152,-57.9361047744751,-61.4583334287008,-0.385180192937454,-1.66219570040703,0.197119052118311,0.127368998744835,34.0902180671692,62.8833918889364,26.40696463556,46.9466707826721
2010-11-10,-57.9464285714286,-61.4642857142857,1.52269523484366,369.616679600307,13.243163892201,26.8464016060152,-57.9361047744751,-61.4583334287008,-0.332932505756617,-1.66653696298599,0.229183833363156,0.095843378889064,34.0986359914144,62.560404141744,26.40696463556,46.5734945173133
2010-11-11,-57.9464285714286,-61.4642857142857,1.5201841379915,369.512296404157,13.1860389709473,26.8464016060152,-57.9361047744751,-61.4583334287008,-0.277224017493427,-1.66714479327202,0.240796126518399,0.0744702496876319,34.1060240109762,59.1359726587931,26.40696463556,47.8922373947454
2010-11-12,-57.9464285714286,-61.4642857142857,1.49177079754216,369.337692260742,13.7818326268877,26.8464016060152,-57.9361047744751,-61.4583334287008,-0.209802525863051,-1.66578671236833,0.207169814811399,0.0740429904001454,34.1135391553243,51.5724685986837,26.40696463556,22.1467683940813
2010-11-13,-57.9464285714286,-61.4642857142857,1.47189055808953,369.394461495536,12.8768733910152,26.8464016060152,-57.9361047744751,-61.4583334287008,-0.162266894926627,-1.6640217234691,0.193980731628835,0.0999735501905282,34.1211305300395,45.698926782608,26.40696463556,26.3499814286683
2010-11-14,-57.9464285714286,-61.4642857142857,1.47124222133841,369.205189296177,12.3883834906987,26.8464016060152,-57.9361047744751,-61.4583334287008,-0.167186478152871,-1.66471602320671,0.177948342139522,0.0880662450566888,34.1394161860148,60.7521823247274,26.40696463556,14.270981168369
2010-11-15,-57.9464285714286,-61.4642857142857,1.46133770900113,368.821581159319,11.7815868173327,26.8464016060152,-57.9361047744751,-61.4583334287008,-0.114621398039162,-1.6718624373277,0.172073528512071,0.0656046226620674,34.1473002433777,55.1622082710266,26.40696463556,5.28783047221937
2010-11-16,-57.9464285714286,-61.4642857142857,1.4119824724538,368.46480015346,13.0221733025142,26.8464016060152,-57.9361047744751,-61.4583334287008,-0.0325998517995079,-1.68502863546213,0.134637491436054,0.0268410287176569,34.1447950681051,30.3493873993556,26.40696463556,2.33178887935573
2010-11-17,-57.9464285714286,-61.4642857142857,1.34735140417303,367.69705418178,12.6347647735051,26.8464016060152,-57.9361047744751,-61.4583334287008,-0.0400768872971336,-1.69390952487787,0.190425325681766,0.0175481430565317,34.1388185183207,32.7005844593048,26.40696463556,12.5700625027504
2010-11-18,-57.9464285714286,-61.4642857142857,1.33681239400591,366.861192975725,11.5358906303133,26.8464016060152,-57.9361047744751,-61.4583334287008,-0.0399365021536748,-1.70322275360425,0.172261726980408,0.0398978644050658,34.146028582255,46.9870623270671,26.40696463556,3.07320375502567
2010-11-19,-57.9464285714286,-61.4642857142857,1.32657134320055,366.385857718331,13.7888764313289,26.8464016060152,-57.9361047744751,-61.4583334287008,0.0179937331626813,-1.70230211218198,0.170303456143787,-0.0173904636564354,34.1322699228923,33.2651769558589,26.40696463556,21.3491409103739
2010-11-20,-57.9464285714286,-61.4642857142857,1.30416339848723,366.076723371233,13.397016457149,26.8464016060152,-57.9361047744751,-61.4583334287008,0.0393322750926018,-1.69557023545106,0.188929919681201,0.0313984596791367,34.1354869842529,43.315939839681,26.40696463556,9.24520737027895
2010-11-21,-57.9464285714286,-61.4642857142857,1.22069621511868,364.931150163923,8.26889417852674,26.8464016060152,-57.9361047744751,-61.4583334287008,0.070180383635064,-1.67933693230152,0.120146284842243,-0.041906999827673,34.1187654177348,35.7549786249797,26.40696463556,40.6888046540399
2010-11-22,-57.9464285714286,-61.4642857142857,1.13741533458233,364.06984601702,11.9100318636213,26.8464016060152,-57.9361047744751,-61.4583334287008,0.111081289748351,-1.67607145309448,0.14659057452033,0.0367391989255945,34.1146454493205,33.8984360694885,26.40696463556,0.267917745671924
2010-11-23,-57.9464285714286,-61.4642857142857,1.11424365001065,363.904283796038,9.53350096089499,26.8464016060152,-57.9361047744751,-61.4583334287008,0.185473208191494,-1.67320779959361,0.138421785614143,0.0165461185388267,34.0979746818542,21.0323405265808,26.40696463556,4.19721023511911
2010-11-24,-57.9464285714286,-61.4642857142857,1.09224599812712,363.978646414621,12.2772366319384,26.8464016060152,-57.9361047744751,-61.4583334287008,0.191448734576503,-1.67513046860695,0.118188014750679,0.0158696246643861,34.1053499221802,30.0467456499736,26.40696463556,8.33043896618867
2010-11-25,-57.9464285714286,-61.4642857142857,1.0953059813806,364.406130109514,14.6873868192945,26.8464016060152,-57.9361047744751,-61.4583334287008,0.268868088163435,-1.67829167147477,0.112684509437531,0.0574816126686831,34.10245068868,24.9158209959666,26.40696463556,7.08151443891582
2010-11-26,-57.9464285714286,-61.4642857142857,1.13727834182126,364.720709664481,14.1954051426479,26.8464016060152,-57.9361047744751,-61.4583334287008,0.290108970552683,-1.68061362306277,0.157862076597909,0.0673441774522265,34.1209778467814,34.1209667841593,26.40696463556,3.24036033247838
2010-11-27,-57.9464285714286,-61.4642857142857,1.17205507414682,364.631971086775,14.5087068591799,26.8464016060152,-57.9361047744751,-61.4583334287008,0.312326444064577,-1.68376719752947,0.133345539929966,0.0501469977200031,34.1403826395671,39.7999532063802,26.40696463556,1.23682874051675
2010-11-28,-57.9464285714286,-61.4642857142857,1.16931618750095,364.468551635742,14.3797735486712,26.8464016060152,-57.9361047744751,-61.4583334287008,0.395397825973729,-1.68025757571061,0.147424746491015,0.0366069520513217,34.146740659078,36.036003335317,26.40696463556,0.270904840526245
2010-11-29,-57.9464285714286,-61.4642857142857,1.17675742294107,364.682501656669,16.9992834840502,26.8464016060152,-57.9361047744751,-61.4583334287008,0.514706889167428,-1.68243456284205,0.0988748842539887,0.0468815167744954,34.1462701479594,25.7906849384308,26.40696463556,12.01326622391
2010-11-30,-57.9464285714286,-61.4642857142857,1.14439465105534,364.21146937779,14.5257090670722,26.8464016060152,-57.9361047744751,-61.4583334287008,0.524900071447094,-1.67959379553795,0.0970081683248281,-0.00943530583754182,34.1437143007914,25.8339195569356,26.40696463556,27.1555131686415
2010-12-01,-57.9464285714286,-61.4642857142857,1.0720838116748,362.863008771624,9.4799564565931,26.8464016060152,-57.9361047744751,-61.4583334287008,0.539890766019622,-1.67336547474066,0.0658589431395133,0.0157373777590692,34.1251106580098,16.8602057139079,26.40696463556,37.557354986154
2010-12-02,-57.9464285714286,-61.4642857142857,1.05205623805523,362.278274536133,10.2727697406496,26.8464016060152,-57.9361047744751,-61.4583334287008,0.551622076580922,-1.68030080894629,0.0180262660607696,0.0617643765484293,34.1113134384155,11.909848801295,26.40696463556,85.7972797440893
2010-12-03,-57.9464285714286,-61.4642857142857,1.10959120520524,362.67219543457,15.1910187857492,26.8464016060152,-57.9361047744751,-61.4583334287008,0.539555060366789,-1.68116040726503,0.0648823509924114,0.100324513980498,34.1373053868612,26.9376723607381,26.40696463556,50.2663648155166
2010-12-04,-57.9464285714286,-61.4642857142857,1.18005129269191,363.011553083147,16.7240234783718,26.8464016060152,-57.9361047744751,-61.4583334287008,0.573131522536278,-1.67258216540019,0.0764793847997983,0.0773084708489478,34.1470459938049,33.9175100962321,26.40696463556,30.9976450544436
2010-12-05,-57.9464285714286,-61.4642857142857,1.19025962480477,363.436373029436,18.161931344441,26.8464016060152,-57.9361047744751,-61.4583334287008,0.708475008606911,-1.66001872122288,0.0489822078496218,0.0399538153782487,34.1457871754964,26.1403761863709,26.40696463556,48.9093767986288
2010-12-06,-57.9464285714286,-61.4642857142857,1.11979155455317,362.532533918108,15.3819164548601,26.8464016060152,-57.9361047744751,-61.4583334287008,0.715585821370284,-1.63654743631681,0.0452284312186142,-0.0415204320413371,34.1423539161682,28.1647708415985,26.40696463556,89.1419796580958
2010-12-07,-57.9464285714286,-61.4642857142857,0.992344860519682,360.641786847796,14.2441271713802,26.8464016060152,-57.9361047744751,-61.4583334287008,0.671114251265923,-1.62500381370385,0.034501174185425,-0.0453606775030494,34.141298421224,34.6105344295502,26.40696463556,104.077262889783
2010-12-08,-57.9464285714286,-61.4642857142857,0.868009167058127,358.883346557617,9.8358622448785,26.8464016060152,-57.9361047744751,-61.4583334287008,0.672157983978589,-1.62084566752116,0.0448367772934337,-0.0578173161794742,34.1409933725993,35.5464355150859,26.40696463556,104.802740330877
2010-12-09,-57.9464285714286,-61.4642857142857,0.739296640668597,357.156679425921,6.3240396124976,26.8464016060152,-57.9361047744751,-61.4583334287008,0.654536596188943,-1.62722403804461,0.0286975718103349,-0.0542313913193842,34.1332620620728,34.9894727230072,26.40696463556,119.137990747062
2010-12-10,-57.9464285714286,-61.4642857142857,0.65928098985127,356.21240234375,7.23521976811545,26.8464016060152,-57.9361047744751,-61.4583334287008,0.63866697003444,-1.64193904002508,-0.00210069150974353,0.0173650316583614,34.1279467264811,35.7982134183248,26.40696463556,115.893719127908
2010-12-11,-57.9464285714286,-61.4642857142857,0.664672229971204,356.623142787388,10.0554542541504,26.8464016060152,-57.9361047744751,-61.4583334287008,0.669820263981819,-1.6532486975193,0.0950448119081557,0.042512283846736,34.1277812957764,36.2458182652791,26.40696463556,13.9283649452325
2010-12-12,-57.9464285714286,-61.4642857142857,0.678652833615031,357.466094970703,11.2024960858481,26.8464016060152,-57.9361047744751,-61.4583334287008,0.802612402538459,-1.65187027255694,0.066433708059291,0.00934883654117584,34.1230128606161,26.5320303916931,26.40696463556,39.0949609588192
2010-12-13,-57.9464285714286,-61.4642857142857,0.641876067434038,356.60149710519,5.62183543613979,26.8464016060152,-57.9361047744751,-61.4583334287008,0.775090812146664,-1.65467289487521,0.0627562274845938,-0.0277057200359801,34.1034427642822,27.4552155017853,26.40696463556,61.8444189523393
2010-12-14,-57.9464285714286,-61.4642857142857,0.61705655498164,355.582953316825,6.67968138626644,26.8464016060152,-57.9361047744751,-61.4583334287008,0.69516283745567,-1.65889715949694,0.0452131711257001,0.0884884182674189,34.1032393137614,37.4360400358836,26.40696463556,62.5397138023586
2010-12-15,-57.9464285714286,-61.4642857142857,0.639156877994537,355.531441824777,9.79952498844692,26.8464016060152,-57.9361047744751,-61.4583334287008,0.758507054050763,-1.64881588121255,0.11884924924622,0.0306304106799265,34.1041040102641,33.1456461906433,26.40696463556,5.08014128167924
2010-12-16,-57.9464285714286,-61.4642857142857,0.653833589383534,355.299054827009,9.43182938439505,26.8464016060152,-57.9361047744751,-61.4583334287008,0.79979859739542,-1.63723664581776,0.190023499478896,-0.00429802316551407,34.0904470761617,31.0742022116979,26.40696463556,20.5554073301489
2010-12-17,-57.9464285714286,-61.4642857142857,0.680620578782899,355.323625837054,10.4078116416931,26.8464016060152,-57.9361047744751,-61.4583334287008,0.879897475242615,-1.64009776115417,0.139927365941306,0.0660522276846071,34.0927484512329,29.1426346858342,26.40696463556,2.75103663901485
2010-12-18,-57.9464285714286,-61.4642857142857,0.713355560387884,356.013277326311,11.864223412105,26.8464016060152,-57.9361047744751,-61.4583334287008,0.962205897271633,-1.63774529099464,0.12710450515151,0.0595314393440882,34.0876494407654,27.1182401657104,26.40696463556,3.35511798742954
2010-12-19,-57.9464285714286,-61.4642857142857,0.725166248423713,356.102105276925,8.38120128427233,26.8464016060152,-57.9361047744751,-61.4583334287008,0.991296141346296,-1.63330739935239,0.122470778257896,0.000717185065150261,34.0740560213725,22.0915869951248,26.40696463556,12.5577903916439
2010-12-20,-57.9464285714286,-61.4642857142857,0.752683258482388,356.0513785226,11.2872084208897,26.8464016060152,-57.9361047744751,-61.4583334287008,1.02575763364633,-1.63132114311059,0.143279315313945,0.0511083302398523,34.0686643600464,19.8993406772614,26.40696463556,0.358027462634353
2010-12-21,-57.9464285714286,-61.4642857142857,0.784327415483339,356.07870047433,11.971611397607,26.8464016060152,-57.9361047744751,-61.4583334287008,1.07000947842995,-1.63186539411545,0.138508255655567,0.0542110457395514,34.0750096956889,22.9333893458049,26.40696463556,0.957732091566565
2010-12-22,-57.9464285714286,-61.4642857142857,0.810317822865077,356.162946428571,12.9058513641357,26.8464016060152,-57.9361047744751,-61.4583334287008,1.11246072401603,-1.64506973723571,0.0686971644870937,0.120568458301326,34.1010903040568,29.7161284446716,26.40696463556,60.6357118638431
2010-12-23,-57.9464285714286,-61.4642857142857,0.811547441141946,356.044989449637,8.74129203387669,26.8464016060152,-57.9361047744751,-61.4583334287008,1.18489946077267,-1.65262814561526,0.0635497098478178,0.021235796281447,34.10453637441,23.4967101335526,26.40696463556,38.0758108862792
2010-12-24,-57.9464285714286,-61.4642857142857,0.799924275704793,355.689481462751,10.2847837039403,26.8464016060152,-57.9361047744751,-61.4583334287008,1.22194282909234,-1.65833257734776,0.0607725252086918,-0.00166325848549604,34.0989539146423,19.9654641389847,26.40696463556,48.279271010843
2010-12-25,-57.9464285714286,-61.4642857142857,0.800448106867926,355.640790666853,12.7396401677813,26.8464016060152,-57.9361047744751,-61.4583334287008,1.33681449890137,-1.65492465992769,0.0705740529733399,-0.0332397432376941,34.0783411026001,16.6618352651596,26.40696463556,59.6200962353285
2010-12-26,-57.9464285714286,-61.4642857142857,0.78885777933257,356.060819353376,14.013744694846,26.8464016060152,-57.9361047744751,-61.4583334287008,1.656587433815,-1.64972634911537,0.0590227972716093,-0.0204931790319582,34.0615808169047,10.6458735386531,26.40696463556,60.1806629395762
2010-12-27,-57.9464285714286,-61.4642857142857,0.721383314047541,354.834320068359,7.83774934496198,26.8464016060152,-57.9361047744751,-61.4583334287008,1.44633932212989,-1.64460687041283,0.047181616195788,-0.098630736519893,34.0256454149882,14.907021077474,26.40696463556,152.28243717615
2010-12-28,-57.9464285714286,-61.4642857142857,0.667599154370172,353.479906354632,11.1359662669046,26.8464016060152,-57.9361047744751,-61.4583334287008,1.39568470219771,-1.64002910157045,0.0656605732006331,0.0115817744284868,34.0054140726725,17.1399587790171,26.40696463556,38.9791861536267
2010-12-29,-57.9464285714286,-61.4642857142857,0.677738460046904,353.459629603795,10.2501426083701,26.8464016060152,-57.9361047744751,-61.4583334287008,1.52043826381365,-1.62629321813583,0.144805240631104,-0.0163986124098301,34.0005186398824,13.8007250070572,26.40696463556,18.2595338749348
2010-12-30,-57.9464285714286,-61.4642857142857,0.702678599527904,353.372401646205,9.76243008886065,26.8464016060152,-57.9361047744751,-61.4583334287008,1.53346966803074,-1.62883642713229,0.14406262440607,0.00591550404205918,34.0084277470907,17.0051686286926,26.40696463556,7.30613562240204
2010-12-31,-57.9464285714286,-61.4642857142857,0.723670393228531,353.328277587891,10.7858554635729,26.8464016060152,-57.9361047744751,-61.4583334287008,1.58014467755953,-1.6307896176974,0.139596748414139,0.0388754945869247,34.0101318677266,16.6631069898605,26.40696463556,0.465990077474742
2011-01-01,-57.9464285714286,-61.4642857142857,0.72411986546857,353.416726248605,12.1282785960606,26.8464016060152,-57.9361047744751,-61.4583334287008,1.81139563222726,-1.63398896753788,0.124429048597813,0.00671915858983993,34.0041174252828,13.421786737442,26.40696463556,9.66568285536473
2011-01-02,-57.9464285714286,-61.4642857142857,0.758856894714492,353.335133143834,14.0578444685255,26.8464016060152,-57.9361047744751,-61.4583334287008,1.70671103894711,-1.64048178792,0.14928128918012,0.0608945993085702,34.0122174580892,17.4909217278163,26.40696463556,1.44515985609137
2011-01-03,-57.9464285714286,-61.4642857142857,0.789749173181398,352.969848632812,14.8302844592503,26.8464016060152,-57.9361047744751,-61.4583334287008,1.77200844287872,-1.64214759071668,0.126972257501135,-0.0136366869633396,34.0157652219137,17.8482425292333,26.40696463556,18.755603740357
2011-01-04,-57.9464285714286,-61.4642857142857,0.79176798249994,352.658935546875,11.7078623090472,26.8464016060152,-57.9361047744751,-61.4583334287008,1.90497147838275,-1.64151178399722,0.134601886353145,0.0158899704304834,33.9979502995809,11.2397130171458,26.40696463556,4.81059274111673
2011-01-05,-57.9464285714286,-61.4642857142857,0.842729102287974,352.774383544922,13.6140882628305,26.8464016060152,-57.9361047744751,-61.4583334287008,1.82085026105245,-1.64251889487108,0.134769737441093,0.0522375151204566,34.0135528246562,19.274982881546,26.40696463556,1.19228150488641
2011-01-06,-57.9464285714286,-61.4642857142857,0.906465621931212,352.444414411272,14.0938199247633,26.8464016060152,-57.9361047744751,-61.4583334287008,1.86002381940683,-1.64922024806341,0.131544948834926,0.0186824140138924,34.0096361796061,19.1236618041992,26.40696463556,4.51611925030285
2011-01-07,-57.9464285714286,-61.4642857142857,0.961146452597209,352.377700805664,16.4908950328827,26.8464016060152,-57.9361047744751,-61.4583334287008,1.84809719324112,-1.65331735511621,0.119876704768588,0.0767031870161494,34.0174056053162,23.3784509181976,26.40696463556,9.26106631614909
2011-01-08,-57.9464285714286,-61.4642857142857,1.02031541509288,352.511993408203,17.7228895255498,26.8464016060152,-57.9361047744751,-61.4583334287008,1.91890013515949,-1.65881577432156,0.0874863935013612,0.0617287715586523,34.0281889597575,22.5290191729863,26.40696463556,19.770376264991
2011-01-09,-57.9464285714286,-61.4642857142857,1.0510774148362,352.694377354213,19.9468429088593,26.8464016060152,-57.9361047744751,-61.4583334287008,1.94829555650552,-1.67105624278386,0.0586769212347766,0.0819269390776753,34.0422911326091,24.9107346534729,26.40696463556,46.9268443204648
2011-01-10,-57.9464285714286,-61.4642857142857,1.06387670551028,352.729256766183,19.6716083117894,26.8464016060152,-57.9361047744751,-61.4583334287008,2.01642507513364,-1.66727703313033,0.0320291761308908,0.0694652140761415,34.0551724433899,22.85200659434,26.40696463556,70.272720478273
2011-01-11,-57.9464285714286,-61.4642857142857,1.08329418301582,352.318433489118,19.9804934433528,26.8464016060152,-57.9361047744751,-61.4583334287008,2.00183112323284,-1.66014587581158,0.0184942157007754,0.0740633360110223,34.0613906224569,28.138067150116,26.40696463556,88.1374085028011
2011-01-12,-57.9464285714286,-61.4642857142857,1.07653815192836,351.716315133231,17.3302605833326,26.8464016060152,-57.9361047744751,-61.4583334287008,1.9965086966753,-1.65259254574776,-0.00667338147759438,-0.0299488306976855,34.0611871401469,29.8763505458832,26.40696463556,146.628097197851
2011-01-13,-57.9464285714286,-61.4642857142857,0.992175481149128,350.502914428711,16.0783210481916,26.8464016060152,-57.9361047744751,-61.4583334287008,1.96616720457872,-1.65350810190042,-0.0285907561269899,-0.0753095088526607,34.0507985750834,28.898486661911,26.40696463556,226.700006599502
2011-01-14,-57.9464285714286,-61.4642857142857,0.848599621227809,348.148289271763,11.1091696534838,26.8464016060152,-57.9361047744751,-61.4583334287008,1.84737695554892,-1.65088351468245,-0.0757418541237712,-0.0617236854508519,34.0281000137329,32.9688929875692,26.40696463556,305.707840262001
2011-01-15,-57.9464285714286,-61.4642857142857,0.772375624094691,346.384883335658,12.8508773871831,26.8464016060152,-57.9361047744751,-61.4583334287008,1.75629751384258,-1.64742220640182,0.00142419661084811,0.0011647897772491,34.0091404596965,35.5794974644979,26.40696463556,116.292205371966
2011-01-16,-57.9464285714286,-61.4642857142857,0.742336694683347,346.249952043806,12.9347182341984,26.8464016060152,-57.9361047744751,-61.4583334287008,1.77558521131674,-1.6405631740888,0.0207780187328657,-0.040701518766582,33.9968183199565,32.4933128515879,26.40696463556,116.514720805623
2011-01-17,-57.9464285714286,-61.4642857142857,0.703631833195686,345.941637311663,12.095654794148,26.8464016060152,-57.9361047744751,-61.4583334287008,1.77217934230963,-1.63595996201038,0.0280872013419867,-0.0334126812405884,33.9811394691467,31.5090910116831,26.40696463556,101.592191804589
2011-01-18,-57.9464285714286,-61.4642857142857,0.659941121935844,345.157834734236,11.2391474928175,26.8464016060152,-57.9361047744751,-61.4583334287008,1.73102208673954,-1.63046153585116,0.0195318459222714,0.000900296121835709,33.9644180297852,35.7511641025543,26.40696463556,91.5391457902762
2011-01-19,-57.9464285714286,-61.4642857142857,0.622409858873912,344.2554800851,10.5576540061406,26.8464016060152,-57.9361047744751,-61.4583334287008,1.70337231457233,-1.61328979929288,0.0448215176040928,0.0103508612451454,33.9515876134237,38.6275336265564,26.40696463556,58.6746308307196
2011-01-20,-57.9464285714286,-61.4642857142857,0.59406469975199,343.708984375,10.1179572173527,26.8464016060152,-57.9361047744751,-61.4583334287008,1.69446701407433,-1.61013112366199,0.058376822527498,0.0362000387472411,33.9433097203573,39.6689779917399,26.40696463556,40.2874579902201
2011-01-21,-57.9464285714286,-61.4642857142857,0.573613088045801,343.821910313198,10.5622471060072,26.8464016060152,-57.9361047744751,-61.4583334287008,1.85888853172461,-1.61003702779611,0.102872809177885,0.0460320849282046,33.9425974210103,30.4027949492137,26.40696463556,10.1157882655905
2011-01-22,-57.9464285714286,-61.4642857142857,0.531060369951384,343.249729701451,7.6315164906638,26.8464016060152,-57.9361047744751,-61.4583334287008,1.78769495685895,-1.61221655607224,0.118386384223898,-0.0283974729167918,33.9341286341349,29.8496469656626,26.40696463556,30.50363953941
2011-01-23,-57.9464285714286,-61.4642857142857,0.482291862368584,342.128655569894,5.18516911779131,26.8464016060152,-57.9361047744751,-61.4583334287008,1.66762903134028,-1.61308378676573,0.112709941963355,-0.0238909065102537,33.9138212203979,37.6547560532888,26.40696463556,29.1754527951603
2011-01-24,-57.9464285714286,-61.4642857142857,0.458311049001558,341.316643851144,6.81452379907881,26.8464016060152,-57.9361047744751,-61.4583334287008,1.66599323848883,-1.61892045934995,0.147038179077208,0.0136112553067505,33.902237033844,31.6197205464045,26.40696463556,4.60753717633069
2011-01-25,-57.9464285714286,-61.4642857142857,0.455505160348756,341.199319022042,7.75223881857736,26.8464016060152,-57.9361047744751,-61.4583334287008,1.71366925934951,-1.62785474757353,0.101535081521918,0.0444196902215481,33.9055685679118,27.1627463499705,26.40696463556,10.7053546958284
2011-01-26,-57.9464285714286,-61.4642857142857,0.464776609625135,341.388004847935,8.14162632397243,26.8464016060152,-57.9361047744751,-61.4583334287008,1.70093693435192,-1.62633136709531,0.124622333391259,0.0599892167374492,33.9209167162577,35.6774108489354,26.40696463556,3.97207276806544
2011-01-27,-57.9464285714286,-61.4642857142857,0.487120666674205,341.961661202567,8.54699427740914,26.8464016060152,-57.9361047744751,-61.4583334287008,1.66979584594568,-1.62248603701591,0.146153142116964,0.0455946529905001,33.942546526591,42.6012979189555,26.40696463556,0.0270291019828949
2011-01-28,-57.9464285714286,-61.4642857142857,0.503278089421136,342.221699305943,7.3692569732666,26.8464016060152,-57.9361047744751,-61.4583334287008,1.68438369631767,-1.6085721373558,0.168441826601823,-0.0192571793682873,33.9429282188416,42.4830387274424,26.40696463556,22.1102448432695
2011-01-29,-57.9464285714286,-61.4642857142857,0.50906178355217,342.20552280971,6.56586459704808,26.8464016060152,-57.9361047744751,-61.4583334287008,1.68892485598723,-1.59512110650539,0.20019125007093,-0.0171971797632674,33.9292711575826,38.3490521510442,26.40696463556,32.4215983776195
2011-01-30,-57.9464285714286,-61.4642857142857,0.52255893605096,342.213418143136,8.76776664597648,26.8464016060152,-57.9361047744751,-61.4583334287008,1.74191719889641,-1.58838922977448,0.199173964963605,-0.000325530891617139,33.9179539044698,35.0238060712814,26.40696463556,22.9992385202586
2011-01-31,-57.9464285714286,-61.4642857142857,0.537120921271188,341.957543509347,7.33477745737348,26.8464016060152,-57.9361047744751,-61.4583334287008,1.79132665395737,-1.59444461067518,0.215765862818807,0.0286009296464423,33.9062678654989,34.419793788592,26.40696463556,24.2729304394528
2011-02-01,-57.9464285714286,-61.4642857142857,0.561194694467953,341.67936706543,8.73971452031817,26.8464016060152,-57.9361047744751,-61.4583334287008,1.76524553894997,-1.59637999137243,0.193675549204151,0.0551927246774236,33.9099172592163,41.487372303009,26.40696463556,11.1518764977359
2011-02-02,-57.9464285714286,-61.4642857142857,0.589860747967448,341.475180489676,9.47813929830279,26.8464016060152,-57.9361047744751,-61.4583334287008,1.82346265117327,-1.59024069209894,0.214245022367686,0.0177973773020009,33.8996808052063,36.8625462134679,26.40696463556,25.4935955735048
2011-02-03,-57.9464285714286,-61.4642857142857,0.621247432061604,341.233511788504,9.37041596003941,26.8464016060152,-57.9361047744751,-61.4583334287008,1.85532396535079,-1.59130883912245,0.224773908002923,0.00858078766614199,33.8900039037069,36.6527313550313,26.40696463556,35.879168639716
2011-02-04,-57.9464285714286,-61.4642857142857,0.668208818350519,341.210285731724,11.1234179224287,26.8464016060152,-57.9361047744751,-61.4583334287008,1.84872587621212,-1.6040782858928,0.194036683284988,0.0740836820254723,33.8995915730794,42.5822236696879,26.40696463556,15.224887665821
2011-02-05,-57.9464285714286,-61.4642857142857,0.723150813153812,341.443014962333,11.3963501112802,26.8464016060152,-57.9361047744751,-61.4583334287008,1.82974946498871,-1.60880102912585,0.191900387468437,0.0630512407359978,33.9069286982218,47.5720002333323,26.40696463556,11.5450170221085
2011-02-06,-57.9464285714286,-61.4642857142857,0.761929624847003,341.390681675502,8.31072524615696,26.8464016060152,-57.9361047744751,-61.4583334287008,1.83392439583937,-1.61477247873942,0.200649026750276,0.0333516445631782,33.9040802637736,45.3466923077901,26.40696463556,14.5251935575133
2011-02-07,-57.9464285714286,-61.4642857142857,0.794841915369034,341.562670026507,12.0229608672006,26.8464016060152,-57.9361047744751,-61.4583334287008,1.91930297414462,-1.61998351613681,0.16869614807268,0.0468153933994472,33.9026432991028,31.7176339944204,26.40696463556,2.22313360312326
2011-02-08,-57.9464285714286,-61.4642857142857,0.839644415037973,341.843617030552,12.5851454394204,26.8464016060152,-57.9361047744751,-61.4583334287008,1.89513841768106,-1.61348307728767,0.171966714691371,0.067171239387244,33.9060002644857,43.9263097922007,26.40696463556,5.61335709054999
2011-02-09,-57.9464285714286,-61.4642857142857,0.86899308860302,341.766895839146,9.98104987825666,26.8464016060152,-57.9361047744751,-61.4583334287008,1.88326672116915,-1.60574408769608,0.166234321054071,0.0463220110473533,33.910705280304,48.0348644574483,26.40696463556,1.726238835017
2011-02-10,-57.9464285714286,-61.4642857142857,0.892418635743005,341.341504778181,11.6857154369354,26.8464016060152,-57.9361047744751,-61.4583334287008,1.88918730815252,-1.60150456031164,0.210582801389198,0.0607877844323715,33.913337580363,47.5376671632131,26.40696463556,21.1218062268364
2011-02-11,-57.9464285714286,-61.4642857142857,0.919565613780703,341.124016898019,12.5055702754429,26.8464016060152,-57.9361047744751,-61.4583334287008,1.89367964367072,-1.6076616704464,0.178746910362194,0.059567044240733,33.9296138127645,50.8756291071574,26.40696463556,6.00539180404668
2011-02-12,-57.9464285714286,-61.4642857142857,0.929464553083692,341.429024832589,15.1967678410666,26.8464016060152,-57.9361047744751,-61.4583334287008,1.99293803771337,-1.60298979282379,0.145212154152493,0.0528784040361643,33.9395449956258,37.8874596277873,26.40696463556,0.431475852691518
2011-02-13,-57.9464285714286,-61.4642857142857,0.845873845475061,340.290002005441,7.65694109031132,26.8464016060152,-57.9361047744751,-61.4583334287008,1.98572345376015,-1.60123243629932,0.127602974635859,-0.0467441839786867,33.9222767512004,31.1581280708313,26.40696463556,43.1748657370031
2011-02-14,-57.9464285714286,-61.4642857142857,0.722876182624272,338.552082606724,6.26249931539808,26.8464016060152,-57.9361047744751,-61.4583334287008,1.94397414624691,-1.5981195529302,0.171285133808851,0.00754315815865994,33.9066868464152,38.8500642935435,26.40696463556,9.38687962676851
2011-02-15,-57.9464285714286,-61.4642857142857,0.739786275795528,338.541342599051,10.9815882614681,26.8464016060152,-57.9361047744751,-61.4583334287008,1.94046451151371,-1.60355947514375,0.17544073878477,0.0787835323872666,33.9245400428772,43.6376557509104,26.40696463556,9.88292809868217
2011-02-16,-57.9464285714286,-61.4642857142857,0.793850954089846,339.000989641462,12.2864831175123,26.8464016060152,-57.9361047744751,-61.4583334287008,1.96255991260211,-1.61091188887755,0.183863847050816,0.0591448713714878,33.9312795321147,46.8738893349965,26.40696463556,7.65460499133698
2011-02-17,-57.9464285714286,-61.4642857142857,0.821357105459486,339.081139700753,10.5844714982169,26.8464016060152,-57.9361047744751,-61.4583334287008,1.9472091148297,-1.61787265737851,0.182617674209177,0.0429141107325753,33.9405874252319,49.4717776139577,26.40696463556,6.06523838632792
2011-02-18,-57.9464285714286,-61.4642857142857,0.815575399569103,338.62888445173,6.46887043544224,26.8464016060152,-57.9361047744751,-61.4583334287008,1.93576466143131,-1.61855932573477,0.191056041854123,0.04726808477814,33.9472506205241,48.7075432618459,26.40696463556,9.40827166887309
2011-02-19,-57.9464285714286,-61.4642857142857,0.835111652101789,338.46200125558,10.729225226811,26.8464016060152,-57.9361047744751,-61.4583334287008,1.89581592082977,-1.62606179217498,0.177241328855356,0.101051871106029,33.9607168515523,52.8110115687052,26.40696463556,20.6312336759281
2011-02-20,-57.9464285714286,-61.4642857142857,0.905829246555056,338.709221976144,11.8420034136091,26.8464016060152,-57.9361047744751,-61.4583334287008,1.88769190410773,-1.64124983052413,0.157312743583073,0.121717989010115,33.9716017087301,56.6779611905416,26.40696463556,30.6851746055522
2011-02-21,-57.9464285714286,-61.4642857142857,0.944968376840864,338.728659493583,9.03456728799003,26.8464016060152,-57.9361047744751,-61.4583334287008,1.92165290017923,-1.63805301586787,0.133706675873448,0.0533768728375435,33.9625480651855,46.8001364549001,26.40696463556,1.43732425482688
2011-02-22,-57.9464285714286,-61.4642857142857,0.960036863173757,338.604755946568,12.2937597206661,26.8464016060152,-57.9361047744751,-61.4583334287008,1.96363415618738,-1.64000366330147,0.13780632916217,0.0904721208227177,33.9587586720785,43.8665446678797,26.40696463556,11.3176688368998
2011-02-23,-57.9464285714286,-61.4642857142857,0.967845814568656,338.679718017578,11.0547931194305,26.8464016060152,-57.9361047744751,-61.4583334287008,1.95477158327897,-1.63767407933871,0.147195857018232,0.0957314782775938,33.9644301096598,50.3504568894704,26.40696463556,13.4043575252745
2011-02-24,-57.9464285714286,-61.4642857142857,0.956400168793542,338.290490286691,8.48957991600037,26.8464016060152,-57.9361047744751,-61.4583334287008,1.94421218732993,-1.6453876376152,0.204046754414837,0.0736411633590857,33.9526297569275,46.419926627477,26.40696463556,20.221438211295
2011-02-25,-57.9464285714286,-61.4642857142857,0.985400048749787,338.227323259626,13.2788056986673,26.8464016060152,-57.9361047744751,-61.4583334287008,1.88230233589808,-1.65897091726462,0.209896134740363,0.0894955290791889,33.9554400126139,50.4623576641083,26.40696463556,29.6452328205754
2011-02-26,-57.9464285714286,-61.4642857142857,1.03798773459026,338.745195661272,13.5800314630781,26.8464016060152,-57.9361047744751,-61.4583334287008,1.88714257180691,-1.65937528212865,0.135222429657976,0.0696178062818944,33.9572837511698,47.1917909781138,26.40696463556,4.08368877491466
2011-02-27,-57.9464285714286,-61.4642857142857,1.07460363422121,339.128008161272,13.5868802070618,26.8464016060152,-57.9361047744751,-61.4583334287008,1.90594196716944,-1.64897610445817,0.159627063324054,0.0571103038266301,33.9484208424886,45.7497910340627,26.40696463556,1.56379244798389
2011-02-28,-57.9464285714286,-61.4642857142857,1.08609247633389,339.2555607387,13.1333332742964,26.8464016060152,-57.9361047744751,-61.4583334287008,1.94494463105996,-1.64831995368004,0.142150130681694,0.0340128786861897,33.9335811932882,38.911101492246,26.40696463556,0.654378104055889
2011-03-01,-57.9464285714286,-61.4642857142857,1.03564445248672,338.958092825753,9.89170297554561,26.8464016060152,-57.9361047744751,-61.4583334287008,1.96238900721073,-1.651313311855,0.131224503926933,0.0115868607535958,33.924946975708,32.424646337827,26.40696463556,6.61390707855914
2011-03-02,-57.9464285714286,-61.4642857142857,0.980154456836837,338.641163417271,10.5686007227216,26.8464016060152,-57.9361047744751,-61.4583334287008,1.94198433756828,-1.65191350976626,0.164616839277248,0.0680359304882586,33.9209541320801,34.515164343516,26.40696463556,4.31202860192584
2011-03-03,-57.9464285714286,-61.4642857142857,0.970705711415836,338.586216517857,7.4989914553506,26.8464016060152,-57.9361047744751,-61.4583334287008,1.94179511467616,-1.64876756171385,0.174927009673168,0.0376496679149568,33.9135787963867,33.597065726916,26.40696463556,3.87712706958583
2011-03-04,-57.9464285714286,-61.4642857142857,0.995996734925679,338.64493233817,9.76284716810499,26.8464016060152,-57.9361047744751,-61.4583334287008,1.92021853029728,-1.64900407791138,0.201503545418382,0.0948006626218557,33.9103362401327,38.0629411300023,26.40696463556,27.3428664929059
2011-03-05,-57.9464285714286,-61.4642857142857,1.03869804952826,338.573863438198,9.02676395007542,26.8464016060152,-57.9361047744751,-61.4583334287008,1.91553698380788,-1.6560131619374,0.144688253570348,0.0899583926734825,33.9097259521484,43.0667051474253,26.40696463556,10.6287707720845
2011-03-06,-57.9464285714286,-61.4642857142857,1.01255647838116,338.167840140206,7.36881993498121,26.8464016060152,-57.9361047744751,-61.4583334287008,1.93344526092211,-1.65477462609609,0.173706269326309,0.0443383079022169,33.8811532020569,32.4971276919047,26.40696463556,3.35523558940099
2011-03-07,-57.9464285714286,-61.4642857142857,0.990497455000877,338.077396937779,8.98014722551618,26.8464016060152,-57.9361047744751,-61.4583334287008,1.86013368666172,-1.65479750732581,0.127959024378409,0.0821761731679241,33.8841159502665,41.1122490723928,26.40696463556,9.2723849781302
2011-03-08,-57.9464285714286,-61.4642857142857,1.00701443212373,338.208212716239,8.89182940551213,26.8464016060152,-57.9361047744751,-61.4583334287008,1.87206642429034,-1.63943398694197,0.15729239784802,0.0718354845729967,33.8576667467753,35.2615963856379,26.40696463556,4.33589477228891
2011-03-09,-57.9464285714286,-61.4642857142857,1.02389283691134,338.445700509208,11.1796098606927,26.8464016060152,-57.9361047744751,-61.4583334287008,1.91043429474036,-1.62859990894794,0.091118096653372,0.0100151574549576,33.8271863937378,27.3140672842662,26.40696463556,21.8272896872445
2011-03-10,-57.9464285714286,-61.4642857142857,1.01228991576603,338.574885777065,10.5218261310032,26.8464016060152,-57.9361047744751,-61.4583334287008,1.92714622716109,-1.61741487880548,0.188431450352073,0.0107526880068084,33.8013474782308,24.5089075565338,26.40696463556,13.7656895098388
2011-03-11,-57.9464285714286,-61.4642857142857,1.01752678624221,338.719815935407,10.3714044945581,26.8464016060152,-57.9361047744751,-61.4583334287008,1.88278452555339,-1.62365591327349,0.168813134760906,0.0708182010489205,33.7962864240011,32.6548067728678,26.40696463556,5.8141896138154
2011-03-12,-57.9464285714286,-61.4642857142857,1.02553007645266,339.16047668457,12.1666089807238,26.8464016060152,-57.9361047744751,-61.4583334287008,1.85822323064009,-1.62918739020824,0.091214738227427,0.0442823573636512,33.778560034434,31.6413379033407,26.40696463556,16.0125235592906
2011-03-13,-57.9464285714286,-61.4642857142857,1.0241332160575,339.829382760184,12.2456394263676,26.8464016060152,-57.9361047744751,-61.4583334287008,1.84265878895919,-1.62587105135123,0.101825007485847,0.0487889238012334,33.7560782114665,26.3603637377421,26.40696463556,10.6872546870612
2011-03-14,-57.9464285714286,-61.4642857142857,1.03176719376019,340.324833461217,12.4033382790429,26.8464016060152,-57.9361047744751,-61.4583334287008,1.78719445268313,-1.61842961808046,0.141687266497562,0.0551266009608905,33.7416456858317,27.8023634433746,26.40696463556,0.81079871041824
2011-03-15,-57.9464285714286,-61.4642857142857,0.996992407100541,340.17041015625,5.97344489608492,26.8464016060152,-57.9361047744751,-61.4583334287008,1.75467392404874,-1.62007761895657,0.168416395100455,0.0330769778229296,33.7256362597148,26.083153963089,26.40696463556,2.71622895061776
2011-03-16,-57.9464285714286,-61.4642857142857,0.872364018644605,339.393578665597,2.90680742263794,26.8464016060152,-57.9361047744751,-61.4583334287008,1.71794184843699,-1.63127282857895,0.152984201783935,0.0143640449270606,33.7039682070414,23.8514879147212,26.40696463556,4.5131352751464
2011-03-17,-57.9464285714286,-61.4642857142857,0.780430076377732,339.018055507115,5.87333626406533,26.8464016060152,-57.9361047744751,-61.4583334287008,1.7162022938331,-1.63476465046406,0.11749626143525,0.0382651242427528,33.6810792287191,20.6915503899256,26.40696463556,4.75498187653449
2011-03-18,-57.9464285714286,-61.4642857142857,0.777823020304952,339.402829851423,9.25793409347534,26.8464016060152,-57.9361047744751,-61.4583334287008,1.75123754541079,-1.62188329100609,0.114042582921684,0.0699128189745049,33.6654894193014,16.2066008885702,26.40696463556,9.06761345436207
2011-03-19,-57.9464285714286,-61.4642857142857,0.771877276045935,339.717021397182,8.01361012458801,26.8464016060152,-57.9361047744751,-61.4583334287008,1.71261331140995,-1.60921049118042,0.104480116907507,0.0375835446019967,33.6531803448995,18.1788597265879,26.40696463556,9.58816787557263
2011-03-20,-57.9464285714286,-61.4642857142857,0.73951772068228,339.675349644252,7.18160780838558,26.8464016060152,-57.9361047744751,-61.4583334287008,1.64857938885689,-1.60401470164458,0.0830866422814627,0.0664235356574257,33.6444698015849,23.4789077440898,26.40696463556,23.4655147819155
2011-03-21,-57.9464285714286,-61.4642857142857,0.694898445691381,339.561645507812,8.03519902910505,26.8464016060152,-57.9361047744751,-61.4583334287008,1.59406721989314,-1.60749635994434,0.0796634829292695,0.034618162487944,33.6363440831502,26.085697221756,26.40696463556,23.6521364871956
2011-03-22,-57.9464285714286,-61.4642857142857,0.612747999174254,338.616513933454,4.6004798752921,26.8464016060152,-57.9361047744751,-61.4583334287008,1.52413710951805,-1.60972421169281,0.0620797342310349,0.0337280395751198,33.6385694821676,31.0385974566142,26.40696463556,37.2669171030437
2011-03-23,-57.9464285714286,-61.4642857142857,0.575795682413237,338.274130684989,6.47827182497297,26.8464016060152,-57.9361047744751,-61.4583334287008,1.45931579470634,-1.6013468782107,0.0873643199913204,0.05821405655394,33.6357211748759,32.0190045674642,26.40696463556,19.2812545961571
2011-03-24,-57.9464285714286,-61.4642857142857,0.559072273118155,338.301799229213,5.91430522714342,26.8464016060152,-57.9361047744751,-61.4583334287008,1.39936523536841,-1.59318318168322,0.0794396796574195,0.0184433525117735,33.6344623247782,33.2117696603139,26.40696463556,26.6236995436283
2011-03-25,-57.9464285714286,-61.4642857142857,0.504792053784643,337.361724853516,3.23022013051169,26.8464016060152,-57.9361047744751,-61.4583334287008,1.34933929443359,-1.59013895988464,0.105868708870063,-0.0588193403246502,33.6369800885518,35.9126575946808,26.40696463556,61.6088754286326
2011-03-26,-57.9464285714286,-61.4642857142857,0.475856727787427,336.738767351423,5.32419216632843,26.8464016060152,-57.9361047744751,-61.4583334287008,1.3365581408143,-1.58936582803726,0.13603625514855,0.0134128848090768,33.6388111114502,34.7465962727865,26.40696463556,5.35745282441182
2011-03-27,-57.9464285714286,-61.4642857142857,0.478925262178694,336.780024937221,5.0388617515564,26.8464016060152,-57.9361047744751,-61.4583334287008,1.37808772772551,-1.59045685927073,0.112943917450806,0.0384177168831229,33.636178779602,28.2105484803518,26.40696463556,6.22976528459468
2011-03-28,-57.9464285714286,-61.4642857142857,0.473078063556126,336.736836024693,3.97692544119699,26.8464016060152,-57.9361047744751,-61.4583334287008,1.31941283891598,-1.59265164931615,0.0900957255624235,0.0140334279897312,33.6333811442057,32.3381772994995,26.40696463556,21.1288815122983
2011-03-29,-57.9464285714286,-61.4642857142857,0.462133950420788,336.627524239676,3.50884679385594,26.8464016060152,-57.9361047744751,-61.4583334287008,1.31657462169727,-1.58242540756861,0.128798282456895,0.0122175765223801,33.6292993545532,30.5439429998398,26.40696463556,6.84342651610128
2011-03-30,-57.9464285714286,-61.4642857142857,0.431713770542826,336.332002912249,2.1123600431851,26.8464016060152,-57.9361047744751,-61.4583334287008,1.28185675839583,-1.58853419820468,0.041591641989847,0.00588498581200838,33.6175371805827,28.304647286733,26.40696463556,63.6535827776286
2011-03-31,-57.9464285714286,-61.4642857142857,0.424267313310078,336.423076084682,4.93972374711718,26.8464016060152,-57.9361047744751,-61.4583334287008,1.24206673453252,-1.59261858761311,0.0932696515694261,0.0555691190063953,33.6100475629171,29.0625235001246,26.40696463556,15.5443397749
2011-04-01,-57.9464285714286,-61.4642857142857,0.425012833305768,336.784388950893,3.42478050504412,26.8464016060152,-57.9361047744751,-61.4583334287008,1.21452072064082,-1.60366882781188,0.0655893632521232,0.048163294326514,33.6101874351501,33.3045967022578,26.40696463556,33.8850570831132
2011-04-02,-57.9464285714286,-61.4642857142857,0.422630484615053,337.194139753069,3.6376268693379,26.8464016060152,-57.9361047744751,-61.4583334287008,1.18456985602776,-1.61350341935953,0.107516709032158,0.040477716550231,33.602697690328,33.1342018524806,26.40696463556,8.17608367995524
2011-04-03,-57.9464285714286,-61.4642857142857,0.423517199499266,337.652042933873,4.13654511315482,26.8464016060152,-57.9361047744751,-61.4583334287008,1.13263345956802,-1.61882127026717,0.0740073849447072,0.017792291007936,33.5983869552612,34.7961889505386,26.40696463556,30.6532613341386
2011-04-04,-57.9464285714286,-61.4642857142857,0.421054112059729,337.895623343331,4.05407306126186,26.8464016060152,-57.9361047744751,-61.4583334287008,1.08950470089912,-1.61396883328756,0.0751213108499845,0.0144810327328742,33.5990863482157,37.3025216261546,26.40696463556,30.7586542676388
2011-04-05,-57.9464285714286,-61.4642857142857,0.417930026139532,338.10466003418,3.78680762222835,26.8464016060152,-57.9361047744751,-61.4583334287008,1.03881345838308,-1.60235908031464,0.062196722223113,0.0539821569807828,33.5992007573446,38.5219903945923,26.40696463556,37.1458717286532
2011-04-06,-57.9464285714286,-61.4642857142857,0.411266286458288,338.236546107701,2.91923153400421,26.8464016060152,-57.9361047744751,-61.4583334287008,0.967400147020817,-1.59227271278699,0.0800703961402178,0.0342519404366612,33.5964286486308,39.3256445248922,26.40696463556,23.4105644926862
2011-04-07,-57.9464285714286,-61.4642857142857,0.405891109790121,338.279630388532,2.90967602389199,26.8464016060152,-57.9361047744751,-61.4583334287008,0.892434479296207,-1.60329498052597,0.0514033423736691,0.0795515815106531,33.5996456782023,41.3182489554087,26.40696463556,52.8004444238945
2011-04-08,-57.9464285714286,-61.4642857142857,0.418860241770744,338.631262642997,3.38276364122118,26.8464016060152,-57.9361047744751,-61.4583334287008,0.804229886084795,-1.61213771502177,0.109937842780103,0.0738802252958218,33.5979926427205,41.4619403998057,26.40696463556,11.6461340324352
2011-04-09,-57.9464285714286,-61.4642857142857,0.434009588190487,339.031463623047,2.73168679646083,26.8464016060152,-57.9361047744751,-61.4583334287008,0.733512394254406,-1.61169520020485,0.117140212499847,0.0460422577646871,33.5928935050964,40.9037057876587,26.40696463556,4.72321034530108
2011-04-10,-57.9464285714286,-61.4642857142857,0.448758340307644,339.490155901228,2.91708367211478,26.8464016060152,-57.9361047744751,-61.4583334287008,0.65866269680361,-1.61905778547128,0.0984730570266644,0.0855739008324842,33.5867898305257,40.7752739111582,26.40696463556,20.8273972498377
2011-04-11,-57.9464285714286,-61.4642857142857,0.472699014203889,339.982816423689,3.57103930200849,26.8464016060152,-57.9361047744751,-61.4583334287008,0.53583790405343,-1.62032939195633,0.0716167684644461,0.0526698608261843,33.5898797353109,43.8334830125173,26.40696463556,29.4023301955997
2011-04-12,-57.9464285714286,-61.4642857142857,0.4974382349423,340.4450138637,3.11599089418139,26.8464016060152,-57.9361047744751,-61.4583334287008,0.452644448479017,-1.61066265702248,0.124871567885081,0.0812199268800517,33.5847425460815,43.4926929632823,26.40696463556,9.57187831416296
2011-04-13,-57.9464285714286,-61.4642857142857,0.519305808203561,340.891235351562,3.89963965756553,26.8464016060152,-57.9361047744751,-61.4583334287008,0.36373792514205,-1.60035757819811,0.0603096603415906,0.0535142064404984,33.5817543665568,44.2671001911163,26.40696463556,38.7333346318868
2011-04-14,-57.9464285714286,-61.4642857142857,0.537624388933182,341.186067853655,3.394111428942,26.8464016060152,-57.9361047744751,-61.4583334287008,0.293600289026896,-1.59205653766791,0.0938342443667352,0.0540737120745083,33.5795418739319,44.5188778241475,26.40696463556,15.0755804299254
2011-04-15,-57.9464285714286,-61.4642857142857,0.544453393135752,341.371047973633,2.82688341821943,26.8464016060152,-57.9361047744751,-61.4583334287008,0.226343597782155,-1.58993550240994,0.0817540005470316,0.0316019164708753,33.5764138221741,44.8100751082102,26.40696463556,22.576686990762
2011-04-16,-57.9464285714286,-61.4642857142857,0.543704422456878,341.536100115095,2.27696453673499,26.8464016060152,-57.9361047744751,-61.4583334287008,0.165813184777896,-1.58755505979061,0.115024261952688,0.0511795402194063,33.5739214579264,45.211902252833,26.40696463556,5.633473967742
2011-04-17,-57.9464285714286,-61.4642857142857,0.535474519644465,341.721038818359,1.55017627988543,26.8464016060152,-57.9361047744751,-61.4583334287008,0.134116657699148,-1.58170313835144,0.127847122121602,0.0279702140639226,33.5607853571574,39.8813357512156,26.40696463556,3.26951579684922
2011-04-18,-57.9464285714286,-61.4642857142857,0.541137665510178,341.975577218192,3.27375187192644,26.8464016060152,-57.9361047744751,-61.4583334287008,0.0780846795067191,-1.58596046964327,0.0901872818979124,0.068865016506364,33.5510574022929,39.1005706389745,26.40696463556,19.7005271951836
2011-04-19,-57.9464285714286,-61.4642857142857,0.534361754144941,342.039814540318,2.31036789076669,26.8464016060152,-57.9361047744751,-61.4583334287008,0.0319101740295688,-1.58489486475786,0.0501113925750057,0.0351878412688772,33.5496331850688,41.1961750984192,26.40696463556,48.1042732843215
2011-04-20,-57.9464285714286,-61.4642857142857,0.525263149823461,342.034000941685,3.18152502604893,26.8464016060152,-57.9361047744751,-61.4583334287008,-0.0178349981705348,-1.57624286512534,0.0696279789010684,0.0649993390465776,33.5502689679464,43.4685324509939,26.40696463556,32.7715366760279
2011-04-21,-57.9464285714286,-61.4642857142857,0.528837248682976,342.123591831752,3.14222030980246,26.8464016060152,-57.9361047744751,-61.4583334287008,-0.065651398152113,-1.572962124149,0.121662038316329,0.0501724293765922,33.5409861246745,42.9649769941966,26.40696463556,3.6102381036226
2011-04-22,-57.9464285714286,-61.4642857142857,0.500187326754842,341.929959978376,1.09371809874262,26.8464016060152,-57.9361047744751,-61.4583334287008,-0.0119388212139408,-1.57273323436578,0.113401694285373,-0.00834681227182349,33.5317414919535,41.9718538284302,26.40696463556,19.5966864902968
2011-04-23,-57.9464285714286,-61.4642857142857,0.455575919577054,341.66643851144,1.59674942493439,26.8464016060152,-57.9361047744751,-61.4583334287008,0.0942350728437304,-1.55826237003009,0.171773429991057,0.00117496258268754,33.53293689092,43.1976807912191,26.40696463556,12.0244598905119
2011-04-24,-57.9464285714286,-61.4642857142857,0.446432469146592,341.732805524554,2.22739748443876,26.8464016060152,-57.9361047744751,-61.4583334287008,0.151463380269706,-1.55723237494628,0.138777835325648,0.048794010343651,33.5264516830444,43.4329275449117,26.40696463556,0.524340760665786
2011-04-25,-57.9464285714286,-61.4642857142857,0.455939795289721,341.988819667271,2.68119272163936,26.8464016060152,-57.9361047744751,-61.4583334287008,0.117654976435006,-1.55276904602846,0.0939970094400148,0.060121463270237,33.5075048446655,41.4415948073069,26.40696463556,15.7825224473611
2011-04-26,-57.9464285714286,-61.4642857142857,0.433600127696991,341.985663277762,1.19995118038995,26.8464016060152,-57.9361047744751,-61.4583334287008,0.0962615013122559,-1.54873551428318,0.0293994973103205,-0.00600705981875459,33.5018459955851,44.559569088618,26.40696463556,82.5812029917311
2011-04-27,-57.9464285714286,-61.4642857142857,0.4105390054839,342.009085518973,1.79293133531298,26.8464016060152,-57.9361047744751,-61.4583334287008,0.0721518785382311,-1.54864141245683,0.0216732286537687,0.0513677378495534,33.5092089970907,48.4316053072612,26.40696463556,79.8199961114003
2011-04-28,-57.9464285714286,-61.4642857142857,0.416242697409221,342.624847412109,2.00372196946825,26.8464016060152,-57.9361047744751,-61.4583334287008,-0.00340584373722474,-1.5500452687343,0.158055359590799,0.0819015068933368,33.4998116175334,48.3425929069519,26.40696463556,7.72398011611871
2011-04-29,-57.9464285714286,-61.4642857142857,0.427595296076366,343.550162179129,1.79751948799406,26.8464016060152,-57.9361047744751,-61.4583334287008,-0.0965727519864837,-1.56908373435338,0.156030966062099,0.167373678957423,33.4796186129252,49.1360741933187,26.40696463556,76.4956196412745
2011-04-30,-57.9464285714286,-61.4642857142857,0.447511047124863,344.613970075335,2.21047090632575,26.8464016060152,-57.9361047744751,-61.4583334287008,-0.237537744268775,-1.57622252504031,0.0977914769823352,0.126305937735985,33.4501045544942,47.5084201018016,26.40696463556,46.4124829759749
2011-05-01,-57.9464285714286,-61.4642857142857,0.462419675929206,345.481870378767,1.26625619615827,26.8464016060152,-57.9361047744751,-61.4583334287008,-0.335166459282239,-1.5783893396457,0.0619271423046788,0.0520645769623419,33.4376683870951,45.9863094329834,26.40696463556,37.2031792811291
2011-05-02,-57.9464285714286,-61.4642857142857,0.464309713670186,345.936346871512,1.43782776594162,26.8464016060152,-57.9361047744751,-61.4583334287008,-0.3985472974057,-1.57623777786891,0.111245053603003,0.0850143942361077,33.4405292828878,45.1890137513479,26.40696463556,15.1111295191359
2011-05-03,-57.9464285714286,-61.4642857142857,0.469316354819707,346.146264212472,2.02716539587293,26.8464016060152,-57.9361047744751,-61.4583334287008,-0.386309375738104,-1.57026124397914,0.176971749619891,0.02670369585976,33.4483240445455,44.7261491775513,26.40696463556,5.74218827708258
2011-05-04,-57.9464285714286,-61.4642857142857,0.477463026131902,346.356920514788,2.13874394553048,26.8464016060152,-57.9361047744751,-61.4583334287008,-0.378221971479555,-1.58378856678804,0.143559068286171,0.0622679319543143,33.4526220003764,43.939026037852,26.40696463556,1.76640005002475
2011-05-05,-57.9464285714286,-61.4642857142857,0.484266291771616,346.670423235212,2.18512982130051,26.8464016060152,-57.9361047744751,-61.4583334287008,-0.417340597013632,-1.57226528724035,0.0595873900068303,0.0706503494332234,33.456042544047,44.3294087012609,26.40696463556,42.4737076304879
2011-05-06,-57.9464285714286,-61.4642857142857,0.489662945270538,346.766959054129,2.08204718147005,26.8464016060152,-57.9361047744751,-61.4583334287008,-0.473689975216985,-1.56153294245402,0.126412752643228,0.0522578611659507,33.4589674313863,43.9123221635818,26.40696463556,2.6324760012812
2011-05-07,-57.9464285714286,-61.4642857142857,0.489405417016574,346.79205758231,2.02624155793871,26.8464016060152,-57.9361047744751,-61.4583334287008,-0.454426686900357,-1.56481113831202,0.108676413012048,-0.00267545611908038,33.468886089325,47.204506778717,26.40696463556,18.528390147749
2011-05-08,-57.9464285714286,-61.4642857142857,0.477518081665039,346.719818115234,1.22379303830011,26.8464016060152,-57.9361047744751,-61.4583334287008,-0.434650694703062,-1.57416506210963,0.125685394586374,0.0109510584113499,33.4819711367289,50.1291969935099,26.40696463556,7.89353621911925
2011-05-09,-57.9464285714286,-61.4642857142857,0.467705349837031,346.889787946429,1.61613751309259,26.8464016060152,-57.9361047744751,-61.4583334287008,-0.443952734706302,-1.58157088756561,0.141458377987146,0.0669830418502291,33.4845016797384,48.4710249423981,26.40696463556,2.85214598229757
2011-05-10,-57.9464285714286,-61.4642857142857,0.463983165366309,347.21299961635,1.64780724048615,26.8464016060152,-57.9361047744751,-61.4583334287008,-0.455305624691149,-1.57919298609098,0.07493311346819,0.0196793522685766,33.4914448738098,48.0641114791234,26.40696463556,29.4984289001074
2011-05-11,-57.9464285714286,-61.4642857142857,0.457491336124284,347.310629708426,1.61696743113654,26.8464016060152,-57.9361047744751,-61.4583334287008,-0.467232257810732,-1.5627028187116,0.0963265881252786,0.0105034534819424,33.5091712315877,51.072727839152,26.40696463556,18.8458768868949
2011-05-12,-57.9464285714286,-61.4642857142857,0.447792736547334,347.4232308524,0.980465165206364,26.8464016060152,-57.9361047744751,-61.4583334287008,-0.486263600302239,-1.55120752255122,0.156824446717898,0.0160018719732761,33.5192170143127,51.6360486189524,26.40696463556,4.31450234361441
2011-05-13,-57.9464285714286,-61.4642857142857,0.439362557871001,347.491302490234,1.23294770291873,26.8464016060152,-57.9361047744751,-61.4583334287008,-0.494119063081841,-1.55815047522386,0.14010030378898,0.0425936665075521,33.5212134679158,49.0674073934555,26.40696463556,0.306078022451589
2011-05-14,-57.9464285714286,-61.4642857142857,0.435854913932937,347.802573067801,1.03794837849481,26.8464016060152,-57.9361047744751,-61.4583334287008,-0.479653289293249,-1.56040630539258,0.160323903771738,0.0368663592884938,33.5282327651978,49.5468024094899,26.40696463556,1.03513056089448
2011-05-15,-57.9464285714286,-61.4642857142857,0.423046197210039,348.086430140904,0.519278311303684,26.8464016060152,-57.9361047744751,-61.4583334287008,-0.463716523473461,-1.56465854843458,0.191432436866065,0.00474562828118602,33.5332173983256,50.1559011618296,26.40696463556,17.2050109589852
2011-05-16,-57.9464285714286,-61.4642857142857,0.405227852719171,348.490517752511,0.488413406269891,26.8464016060152,-57.9361047744751,-61.4583334287008,-0.429242815325658,-1.56359039942424,0.208085371553898,0.0418307036471864,33.5383038202922,51.6029868761698,26.40696463556,18.1915516439622
2011-05-17,-57.9464285714286,-61.4642857142857,0.38709459560258,348.997059413365,0.311229075704302,26.8464016060152,-57.9361047744751,-61.4583334287008,-0.418799383565784,-1.55338704188665,0.193634856616457,0.0165206863855322,33.5313862800598,49.4539752960205,26.40696463556,14.2661243860012
2011-05-18,-57.9464285714286,-61.4642857142857,0.369629406503269,349.392547607422,0.456665051834924,26.8464016060152,-57.9361047744751,-61.4583334287008,-0.406823916422824,-1.55986205240091,0.176335947308689,0.0583259581588209,33.5202461878459,35.2844850063324,26.40696463556,5.10242391393345
2011-05-19,-57.9464285714286,-61.4642857142857,0.370442873665265,349.789943150112,1.46801698207855,26.8464016060152,-57.9361047744751,-61.4583334287008,-0.460560910652081,-1.55521306991577,0.150674967840314,0.0495315409575899,33.510861492157,33.8933495680491,26.40696463556,0.196524468137165
2011-05-20,-57.9464285714286,-61.4642857142857,0.374937617353031,349.926341465541,1.17980214101928,26.8464016060152,-57.9361047744751,-61.4583334287008,-0.475209794317683,-1.54921618103981,0.103752759005874,0.0315764845038454,33.5128578821818,41.3932736714681,26.40696463556,10.4692729056119
2011-05-21,-57.9464285714286,-61.4642857142857,0.36722134905202,349.835998535156,0.986928803580148,26.8464016060152,-57.9361047744751,-61.4583334287008,-0.498715151970585,-1.55274360378583,0.118701742527386,0.0782748905631403,33.5171177546183,45.9545196374257,26.40696463556,10.1231196154016
2011-05-22,-57.9464285714286,-61.4642857142857,0.364218594772475,350.074345179967,0.635710720505033,26.8464016060152,-57.9361047744751,-61.4583334287008,-0.560844732448459,-1.55467899739742,0.144891710144778,0.0758537551388145,33.5099078178406,44.707075214386,26.40696463556,5.12914198603521
2011-05-23,-57.9464285714286,-61.4642857142857,0.351926450218473,350.061785016741,0.213530077465943,26.8464016060152,-57.9361047744751,-61.4583334287008,-0.557328999787569,-1.55868455171585,0.159316792152822,-0.0103457747027278,33.5117644309998,45.953247833252,26.40696463556,15.4071237200911
2011-05-24,-57.9464285714286,-61.4642857142857,0.334249223981585,349.898271833147,0.212677119033677,26.8464016060152,-57.9361047744751,-61.4583334287008,-0.509152480463187,-1.56283506850402,0.132913195186605,-0.0128076011314988,33.5157191912333,47.5630993525187,26.40696463556,17.2203759512066
2011-05-25,-57.9464285714286,-61.4642857142857,0.328980943986348,350.008331298828,0.821343839168549,26.8464016060152,-57.9361047744751,-61.4583334287008,-0.518405691410104,-1.56304869055748,0.145008697764327,0.0312662129290402,33.5106201489766,44.4552978356679,26.40696463556,0.844479595178687
2011-05-26,-57.9464285714286,-61.4642857142857,0.32594633102417,350.845509120396,0.418333187699318,26.8464016060152,-57.9361047744751,-61.4583334287008,-0.507541103536884,-1.56250444749991,0.204601175027589,0.0542110456774632,33.5094502449036,45.8489764372508,26.40696463556,16.6549525931928
2011-05-27,-57.9464285714286,-61.4642857142857,0.31662777704852,351.460883004325,0.345179549285344,26.8464016060152,-57.9361047744751,-61.4583334287008,-0.48945583589375,-1.56864884396394,0.197576830660303,9.15555283427238e-05,33.5092595418294,48.3870990117391,26.40696463556,22.0077226612195
2011-05-28,-57.9464285714286,-61.4642857142857,0.304423203425748,351.538901192801,0.398536818368094,26.8464016060152,-57.9361047744751,-61.4583334287008,-0.468044049789508,-1.57410148084164,0.235221411474049,0.0459913934891423,33.5141299247742,50.8870735486348,26.40696463556,38.2292700830728
2011-05-29,-57.9464285714286,-61.4642857142857,0.29743815852063,351.999914986747,0.384950003453663,26.8464016060152,-57.9361047744751,-61.4583334287008,-0.47825554224352,-1.57555619577567,0.177973774323861,0.0449181594265004,33.5141046524048,52.8669621785482,26.40696463556,4.55554032863506
2011-05-30,-57.9464285714286,-61.4642857142857,0.293384442371981,352.159255981445,0.501736738852092,26.8464016060152,-57.9361047744751,-61.4583334287008,-0.482235156868895,-1.56007314125697,0.199580877553672,-0.00233975239098072,33.5155926068624,53.9274801572164,26.40696463556,24.1213475707614
2011-05-31,-57.9464285714286,-61.4642857142857,0.292039758392743,352.250643048968,0.500703004854066,26.8464016060152,-57.9361047744751,-61.4583334287008,-0.491189285988609,-1.55006560981274,0.173980935787161,0.0258390046966573,33.5168515205383,53.6388261159261,26.40696463556,5.06750875997685
2011-06-01,-57.9464285714286,-61.4642857142857,0.288042477199009,352.256240844727,0.292413155947413,26.8464016060152,-57.9361047744751,-61.4583334287008,-0.505404805764556,-1.54991810917854,0.101677500456572,-0.0163274025854965,33.5176653862,53.3806903203328,26.40696463556,28.8100956817942
2011-06-02,-57.9464285714286,-61.4642857142857,0.287077746220997,352.454984392439,0.5745022552354,26.8464016060152,-57.9361047744751,-61.4583334287008,-0.549790930872162,-1.56144393086433,0.0697500531872113,0.0650807213038206,33.5230189641317,54.4831715901693,26.40696463556,32.6933348698735
2011-06-03,-57.9464285714286,-61.4642857142857,0.286457153303283,352.809999738421,0.176786497235298,26.8464016060152,-57.9361047744751,-61.4583334287008,-0.608532956490914,-1.55960010786851,0.170252591464669,0.0444196905940771,33.526452255249,54.4577396074931,26.40696463556,2.5206535401005
2011-06-04,-57.9464285714286,-61.4642857142857,0.282059539641653,353.421397617885,0.240950711071491,26.8464016060152,-57.9361047744751,-61.4583334287008,-0.624469722807407,-1.56041647096475,0.198110903520137,0.0788801740854979,33.5278509775798,52.4651349067688,26.40696463556,18.7514969346698
2011-06-05,-57.9464285714286,-61.4642857142857,0.274959620620523,353.500252859933,0.184289294694151,26.8464016060152,-57.9361047744751,-61.4583334287008,-0.689736602207025,-1.56794183254242,0.0982797737543782,0.10844243708998,33.5254221280416,52.81482629776,26.40696463556,33.0547482849772
2011-06-06,-57.9464285714286,-61.4642857142857,0.263356023601123,352.806843348912,0.226746067404747,26.8464016060152,-57.9361047744751,-61.4583334287008,-0.7988402719299,-1.57949562768141,0.0327819656270246,0.0866776532183091,33.5286644935608,54.8201465129852,26.40696463556,75.2757769170357
2011-06-07,-57.9464285714286,-61.4642857142857,0.259373403021267,352.462437220982,0.421729464616094,26.8464016060152,-57.9361047744751,-61.4583334287008,-0.859999365111192,-1.58354950646559,0.0819828895231088,0.0326649780385196,33.5413549741109,57.6278493881226,26.40696463556,22.300065211727
2011-06-08,-57.9464285714286,-61.4642857142857,0.261222243309021,352.520732334682,0.334776716572898,26.8464016060152,-57.9361047744751,-61.4583334287008,-0.919504358867804,-1.56918545862039,0.156132694985718,0.0518204289488494,33.5490863800049,57.0467263539632,26.40696463556,0.655890435008521
2011-06-09,-57.9464285714286,-61.4642857142857,0.263192450361592,353.072989327567,0.325703934899398,26.8464016060152,-57.9361047744751,-61.4583334287008,-0.983574916919073,-1.55863877634207,0.165318765180806,0.0769981993983189,33.5493660926819,50.9633698781331,26.40696463556,6.99204951392484
2011-06-10,-57.9464285714286,-61.4642857142857,0.26433476805687,353.36729649135,0.302667026008878,26.8464016060152,-57.9361047744751,-61.4583334287008,-1.02645952751239,-1.55438653330008,0.126229641741763,0.0315256202283005,33.5545415560404,51.1553821881612,26.40696463556,3.10018003500703
2011-06-11,-57.9464285714286,-61.4642857142857,0.256979646427291,353.152348109654,0.124948534582342,26.8464016060152,-57.9361047744751,-61.4583334287008,-1.02749105344216,-1.56087171534697,0.0766218045415978,-0.0287738680839539,33.5686437924703,57.2667141914368,26.40696463556,51.784436889464
2011-06-12,-57.9464285714286,-61.4642857142857,0.246777289680072,353.247735159738,0.0978580239628043,26.8464016060152,-57.9361047744751,-61.4583334287008,-1.03059783478578,-1.55757062335809,0.0868912821946045,-0.0039674062281847,33.5738193194071,52.8224558194478,26.40696463556,30.0362771289641
2011-06-13,-57.9464285714286,-61.4642857142857,0.239649096769946,353.48038155692,0.118117220167603,26.8464016060152,-57.9361047744751,-61.4583334287008,-1.06070739676555,-1.54594561358293,0.0911740473471582,0.0164036989522477,33.5676901181539,45.3759389321009,26.40696463556,19.8312085934959
2011-06-14,-57.9464285714286,-61.4642857142857,0.233169110757964,353.771634783064,0.0663122979125806,26.8464016060152,-57.9361047744751,-61.4583334287008,-1.09400309175253,-1.53682312170664,0.0848872343388696,0.0260475479997694,33.5599334398905,42.8975818316142,26.40696463556,21.3968098075326
2011-06-15,-57.9464285714286,-61.4642857142857,0.228388501065118,354.274082728795,0.138724825211934,26.8464016060152,-57.9361047744751,-61.4583334287008,-1.16998807688554,-1.53369751969973,0.126773888338357,0.0482446767389774,33.5421945889791,35.7816823164622,26.40696463556,2.30331131504707
2011-06-16,-57.9464285714286,-61.4642857142857,0.224328620093209,354.731763567243,0.0839156556342329,26.8464016060152,-57.9361047744751,-61.4583334287008,-1.18218327462673,-1.53637551466624,0.115695669036359,-0.00856552828724186,33.543758614858,40.0936934947968,26.40696463556,18.9484447708674
2011-06-17,-57.9464285714286,-61.4642857142857,0.219419040850231,355.183617728097,0.0729812402278185,26.8464016060152,-57.9361047744751,-61.4583334287008,-1.16715595920881,-1.53392895162106,0.140781883771221,0.00888597266748548,33.5478276252747,45.3352476517359,26.40696463556,6.39679297740698
2011-06-18,-57.9464285714286,-61.4642857142857,0.216320332671915,355.628587995257,0.122288011546646,26.8464016060152,-57.9361047744751,-61.4583334287008,-1.17837456117074,-1.52527186473211,0.100848414407422,0.0186468093345563,33.548755868276,46.9705315113068,26.40696463556,14.227625136719
2011-06-19,-57.9464285714286,-61.4642857142857,0.21263722968953,355.807277134487,0.0957220819379602,26.8464016060152,-57.9361047744751,-61.4583334287008,-1.18160952180624,-1.51893418927987,0.0700704976916313,0.0216681417388221,33.5574917793274,50.5055922190348,26.40696463556,32.6970356451271
2011-06-20,-57.9464285714286,-61.4642857142857,0.207781076431274,355.790686471122,0.0906043648719788,26.8464016060152,-57.9361047744751,-61.4583334287008,-1.21324500838916,-1.52460046013196,0.123391419835389,-0.00892666401341558,33.562946955363,51.7428637186686,26.40696463556,16.9638862425127
2011-06-21,-57.9464285714286,-61.4642857142857,0.204903565347195,356.426417759487,0.123385232474123,26.8464016060152,-57.9361047744751,-61.4583334287008,-1.22374338507652,-1.53722494840622,0.175486515834928,0.0831069875508547,33.5631884256999,51.0892589728038,26.40696463556,11.4947205893472
2011-06-22,-57.9464285714286,-61.4642857142857,0.202801860868931,357.084446498326,0.10041230438011,26.8464016060152,-57.9361047744751,-61.4583334287008,-1.27571029861768,-1.54995879431566,0.159026865971585,0.026571448892355,33.5540329933167,45.0949145634969,26.40696463556,2.1411564835562
2011-06-23,-57.9464285714286,-61.4642857142857,0.199359968304634,357.148278372628,0.150691254862717,26.8464016060152,-57.9361047744751,-61.4583334287008,-1.28304084539413,-1.56117689212163,0.185343995379905,0.0689565720967948,33.562807114919,49.3255431652069,26.40696463556,10.1707365570181
2011-06-24,-57.9464285714286,-61.4642857142857,0.195876349295889,356.733845302037,0.198905372193881,26.8464016060152,-57.9361047744751,-61.4583334287008,-1.32782370448112,-1.56123030583064,0.147221289140483,0.0923998735224207,33.566837978363,53.6947765986125,26.40696463556,11.7348136775225
2011-06-25,-57.9464285714286,-61.4642857142857,0.193300517542022,356.986476353237,0.0928750240377017,26.8464016060152,-57.9361047744751,-61.4583334287008,-1.38147523701191,-1.55317087471485,0.235633410979062,0.0315307066775858,33.560683409373,45.8820377826691,26.40696463556,39.3417795504151
2011-06-26,-57.9464285714286,-61.4642857142857,0.190214244382722,357.653673444475,0.0950206480920315,26.8464016060152,-57.9361047744751,-61.4583334287008,-1.38772542774677,-1.56875565846761,0.211401714663953,0.0322529779436688,33.5611411412557,50.8196786562602,26.40696463556,20.9080666618536
2011-06-27,-57.9464285714286,-61.4642857142857,0.188953316637448,358.278549194336,0.162259092288358,26.8464016060152,-57.9361047744751,-61.4583334287008,-1.40943020284176,-1.57464573184649,0.201432335376739,0.058615884060661,33.5668760299683,52.4498754501343,26.40696463556,15.4540107975343
2011-06-28,-57.9464285714286,-61.4642857142857,0.186672568321228,358.784192766462,0.084810022264719,26.8464016060152,-57.9361047744751,-61.4583334287008,-1.4418164451917,-1.57564775745074,0.239041311014444,0.038254951685667,33.5701949119568,53.738010819753,26.40696463556,41.7834113733707
2011-06-29,-57.9464285714286,-61.4642857142857,0.183694546776158,359.191441127232,0.109643014946154,26.8464016060152,-57.9361047744751,-61.4583334287008,-1.45020292599996,-1.57897427777449,0.15651417542249,0.0616473891461889,33.5757773717244,54.582356484731,26.40696463556,1.94387967489946
2011-06-30,-57.9464285714286,-61.4642857142857,0.182688890823296,359.344294956752,0.154539587242263,26.8464016060152,-57.9361047744751,-61.4583334287008,-1.46624955634276,-1.57245857218901,0.131422873989989,0.0734580523955325,33.5978273709615,56.6970350265503,26.40696463556,5.69307423331986
2011-07-01,-57.9464285714286,-61.4642857142857,0.181262287710394,358.952405657087,0.157879185463701,26.8464016060152,-57.9361047744751,-61.4583334287008,-1.47909174859524,-1.56795200407505,0.0983865877302984,0.0607318338006735,33.6249124209086,59.373762512207,26.40696463556,13.6174634143959
2011-07-02,-57.9464285714286,-61.4642857142857,0.177990434425218,358.615208217076,0.0456820090434381,26.8464016060152,-57.9361047744751,-61.4583334287008,-1.49266638656457,-1.56183812717597,0.158391064188133,0.0219021168537438,33.6453978220622,61.049737071991,26.40696463556,2.99267109694332
2011-07-03,-57.9464285714286,-61.4642857142857,0.174490141017096,359.176393781389,0.0649088738220079,26.8464016060152,-57.9361047744751,-61.4583334287008,-1.54868005812168,-1.57405824760596,0.183645130321383,0.0511490218341351,33.6317028363546,30.8949057579041,26.40696463556,6.68131878810848
2011-07-04,-57.9464285714286,-61.4642857142857,0.175356310393129,360.50025503976,0.209965173687254,26.8464016060152,-57.9361047744751,-61.4583334287008,-1.58150576651096,-1.5797728429238,0.160278124548495,0.0865860976589223,33.626247660319,24.6042777776718,26.40696463556,9.86376498528457
2011-07-05,-57.9464285714286,-61.4642857142857,0.176349938980171,361.389694213867,0.152917243540287,26.8464016060152,-57.9361047744751,-61.4583334287008,-1.58522291580836,-1.57660399973392,0.175349181797355,0.0689209674485028,33.6264764149984,31.329794661204,26.40696463556,6.90931963713712
2011-07-06,-57.9464285714286,-61.4642857142857,0.175688641411918,361.277679443359,0.286245350326811,26.8464016060152,-57.9361047744751,-61.4583334287008,-1.58010801374912,-1.56725262105465,0.122547074438383,0.0193182163561384,33.6335592269897,37.8582128683726,26.40696463556,6.22525956944877
2011-07-07,-57.9464285714286,-61.4642857142857,0.172977590135166,360.11848449707,0.278929366597107,26.8464016060152,-57.9361047744751,-61.4583334287008,-1.55881219506264,-1.55316832562288,0.102847376931459,-0.0284890285382668,33.6544898668925,54.4653691291809,26.40696463556,36.3485114659483
2011-07-08,-57.9464285714286,-61.4642857142857,0.167948797345161,358.772347586496,0.162975231983832,26.8464016060152,-57.9361047744751,-61.4583334287008,-1.54220402638117,-1.54555141627789,0.126183863915503,-0.0329803359384338,33.6712879180908,62.967317199707,26.40696463556,31.9347343722538
2011-07-09,-57.9464285714286,-61.4642857142857,0.16545180869954,358.112679617746,0.205837206116744,26.8464016060152,-57.9361047744751,-61.4583334287008,-1.54227115909259,-1.5437813470761,0.106692708532015,-7.62962736189365e-05,33.6798460642497,64.4004158337911,26.40696463556,18.1459529921339
2011-07-10,-57.9464285714286,-61.4642857142857,0.162544363311359,357.027199881417,0.163932937596525,26.8464016060152,-57.9361047744751,-61.4583334287008,-1.54366891284784,-1.54257840315501,0.0923235774661104,0.0281533249032994,33.6966945648193,66.8686008453369,26.40696463556,16.639582100489
2011-07-11,-57.9464285714286,-61.4642857142857,0.159751310944557,356.489151000977,0.12684307087745,26.8464016060152,-57.9361047744751,-61.4583334287008,-1.53841362496217,-1.53635517259439,0.155400250044962,0.0220292773718635,33.7079354921977,69.3164406140645,26.40696463556,2.69280561146712
2011-07-12,-57.9464285714286,-61.4642857142857,0.158632003835269,356.764550345285,0.155352921358177,26.8464016060152,-57.9361047744751,-61.4583334287008,-1.54099549253782,-1.53564562102159,0.118518631750097,0.0299183120951056,33.7116866747538,69.8352553049723,26.40696463556,5.27385934228244
2011-07-13,-57.9464285714286,-61.4642857142857,0.158607136990343,357.268393380301,0.189288760934557,26.8464016060152,-57.9361047744751,-61.4583334287008,-1.54391306142012,-1.54552089373271,0.152384003748496,0.0705842258408666,33.7169509569804,70.1646005948385,26.40696463556,3.64966009963248
2011-07-14,-57.9464285714286,-61.4642857142857,0.157800629734993,357.323000226702,0.168032722281558,26.8464016060152,-57.9361047744751,-61.4583334287008,-1.55266577204069,-1.56316059827805,0.165771457180381,0.0509557380030553,33.7223170280457,70.0705019950867,26.40696463556,1.85890753268695
2011-07-15,-57.9464285714286,-61.4642857142857,0.155934464718614,356.694135393415,0.160900754587991,26.8464016060152,-57.9361047744751,-61.4583334287008,-1.55971554517746,-1.57493311663469,0.106860560644418,0.0330413727400204,33.7307602882385,71.5048722902934,26.40696463556,8.97788005352062
2011-07-16,-57.9464285714286,-61.4642857142857,0.152423700051648,355.777435302734,0.113778824252742,26.8464016060152,-57.9361047744751,-61.4583334287008,-1.56266974111398,-1.57416760623455,0.174998219435414,0.0579343037990232,33.7432344436645,72.8858345031738,26.40696463556,4.67419209860765
2011-07-17,-57.9464285714286,-61.4642857142857,0.149342054767268,355.550480433873,0.101978026330471,26.8464016060152,-57.9361047744751,-61.4583334287008,-1.58772543569406,-1.58435570200284,0.150207017206897,0.074383780049781,33.7436286608378,68.1338478088379,26.40696463556,4.65752483737299
2011-07-18,-57.9464285714286,-61.4642857142857,0.146114081144333,355.091794695173,0.0846099704504013,26.8464016060152,-57.9361047744751,-61.4583334287008,-1.58711506426334,-1.5847448160251,0.112826929303507,-0.0178584144450724,33.7613300005595,71.9486615498861,26.40696463556,25.22344462842
2011-07-19,-57.9464285714286,-61.4642857142857,0.143403314054012,355.167615618025,0.0802918986550399,26.8464016060152,-57.9361047744751,-61.4583334287008,-1.60732442537944,-1.57449567317963,0.191930905388047,0.0511846266686916,33.7658061027527,67.9405634562174,26.40696463556,9.99683109137227
2011-07-20,-57.9464285714286,-61.4642857142857,0.142468912260873,355.939880371094,0.105379437761647,26.8464016060152,-57.9361047744751,-61.4583334287008,-1.64102906485399,-1.56924395263195,0.165486618472884,0.0120700705175598,33.7589519182841,52.6113694985708,26.40696463556,6.64746472200173
2011-07-21,-57.9464285714286,-61.4642857142857,0.142565280199051,356.751717703683,0.147308204855238,26.8464016060152,-57.9361047744751,-61.4583334287008,-1.68235722680887,-1.56088442007701,0.137312946779033,-0.00658182520419359,33.7411236763,20.962402176857,26.40696463556,13.3216923790448
2011-07-22,-57.9464285714286,-61.4642857142857,0.143346740731171,356.634896414621,0.206503460449832,26.8464016060152,-57.9361047744751,-61.4583334287008,-1.66407053867976,-1.56179235577583,0.0799584945042928,-0.00820439262315631,33.7607190767924,52.7563323656718,26.40696463556,36.6199278161749
2011-07-23,-57.9464285714286,-61.4642857142857,0.14072207148586,355.754340035575,0.0993986885462489,26.8464016060152,-57.9361047744751,-61.4583334287008,-1.65161287784576,-1.5532039364179,0.0910112814046442,-0.061840673101445,33.772290802002,67.5539962132772,26.40696463556,72.0940541099964
2011-07-24,-57.9464285714286,-61.4642857142857,0.138912511723382,355.035239083426,0.193319189761366,26.8464016060152,-57.9361047744751,-61.4583334287008,-1.65659350355466,-1.55633462766806,0.0605995869574447,-0.0057679982855916,33.779119237264,70.6732422510783,26.40696463556,50.3868073162445
2011-07-25,-57.9464285714286,-61.4642857142857,0.138554583702769,354.269143240792,0.161936400724309,26.8464016060152,-57.9361047744751,-61.4583334287008,-1.6581865688165,-1.55938901702563,0.0963164154750605,0.0246030050640305,33.7856814066569,72.1457606315613,26.40696463556,15.1281707277511
2011-07-26,-57.9464285714286,-61.4642857142857,0.137664968413966,353.50206211635,0.174637980759144,26.8464016060152,-57.9361047744751,-61.4583334287008,-1.66283149123192,-1.55907874902089,0.126824752831211,0.0646127710429331,33.7874109268189,70.2981191476186,26.40696463556,4.33385967522406
2011-07-27,-57.9464285714286,-61.4642857142857,0.138041419642312,352.782867431641,0.222827449440956,26.8464016060152,-57.9361047744751,-61.4583334287008,-1.67567977408568,-1.55483922064304,0.0884324674494565,0.0461795910572012,33.7852362632751,66.9766876379649,26.40696463556,17.6498614697556
2011-07-28,-57.9464285714286,-61.4642857142857,0.137560703924724,351.798060825893,0.176375855292593,26.8464016060152,-57.9361047744751,-61.4583334287008,-1.68138674398263,-1.55389313598474,0.0834630368587871,0.0342112492459516,33.7903358777364,70.7915016492208,26.40696463556,21.1740980232178
2011-07-29,-57.9464285714286,-61.4642857142857,0.136369743517467,351.162724086217,0.127566202942814,26.8464016060152,-57.9361047744751,-61.4583334287008,-1.68955348730087,-1.56054363846779,0.0757469403557479,0.0419782099003593,33.7930952707926,71.2708966255188,26.40696463556,25.9810451006307
2011-07-30,-57.9464285714286,-61.4642857142857,0.135598403002535,350.650342668806,0.142089179051774,26.8464016060152,-57.9361047744751,-61.4583334287008,-1.69377115368843,-1.55005798637867,0.0548875389931103,0.0305032502238949,33.7994788169861,73.0587719599406,26.40696463556,44.0729354235399
2011-07-31,-57.9464285714286,-61.4642857142857,0.135689128722463,350.106493268694,0.163110121020249,26.8464016060152,-57.9361047744751,-61.4583334287008,-1.69851983388265,-1.54084393680096,0.112445447718104,0.0239061657339334,33.806765238444,74.2502656300863,26.40696463556,8.26167238047263
2011-08-01,-57.9464285714286,-61.4642857142857,0.136675249253001,350.122547694615,0.172574393451214,26.8464016060152,-57.9361047744751,-61.4583334287008,-1.7013946702083,-1.54697052339713,0.0941801200310389,0.0228074992075562,33.8126399358114,74.5389196713765,26.40696463556,16.6145646876595
2011-08-02,-57.9464285714286,-61.4642857142857,0.136944386575903,349.937704903739,0.173552621155977,26.8464016060152,-57.9361047744751,-61.4583334287008,-1.70407419800758,-1.55109561582406,0.104057944286615,0.0175684886674086,33.8213121732076,75.6350427627563,26.40696463556,13.0508102689396
2011-08-03,-57.9464285714286,-61.4642857142857,0.136846328420298,349.782470703125,0.155710178294352,26.8464016060152,-57.9361047744751,-61.4583334287008,-1.71089813709259,-1.5583615620931,0.10786258544152,0.0282906585062544,33.8281660079956,75.9580302556356,26.40696463556,9.20409255817707
2011-08-04,-57.9464285714286,-61.4642857142857,0.136498557669776,349.840109688895,0.168441514883723,26.8464016060152,-57.9361047744751,-61.4583334287008,-1.71747182607651,-1.56497644782066,0.0828068889987965,0.0533005768433213,33.8362277348836,76.7744003931681,26.40696463556,21.5598634606666
2011-08-05,-57.9464285714286,-61.4642857142857,0.135342613926956,349.501107352121,0.183658973446914,26.8464016060152,-57.9361047744751,-61.4583334287008,-1.72617570459843,-1.56498916745186,0.104520808098217,0.0689514856475095,33.8431577682495,75.4201414108276,26.40696463556,12.4907744763064
2011-08-06,-57.9464285714286,-61.4642857142857,0.133573966366904,348.798965454102,0.190429079745497,26.8464016060152,-57.9361047744751,-61.4583334287008,-1.73627732992172,-1.56338694393635,0.129047516857584,0.118203274036447,33.8469087918599,71.364994430542,26.40696463556,29.3209804097245
2011-08-07,-57.9464285714286,-61.4642857142857,0.134131627423423,348.81014578683,0.329541190394333,26.8464016060152,-57.9361047744751,-61.4583334287008,-1.74651323954264,-1.56834874649843,0.125390382762998,0.0960163169850906,33.8482565244039,66.5125518321991,26.40696463556,16.0623421003136
2011-08-08,-57.9464285714286,-61.4642857142857,0.137498212712152,349.090957641602,0.421238111598151,26.8464016060152,-57.9361047744751,-61.4583334287008,-1.75771353244782,-1.57305621802807,0.139983316262563,0.0851110365862648,33.8503037134806,63.3691451311111,26.40696463556,8.77374740296099
2011-08-09,-57.9464285714286,-61.4642857142857,0.140997222491673,349.052071707589,0.368972414306232,26.8464016060152,-57.9361047744751,-61.4583334287008,-1.76837669809659,-1.57742799719175,0.131519516309102,0.0579851676089068,33.8492864290873,59.2796646674474,26.40696463556,2.30981907201411
2011-08-10,-57.9464285714286,-61.4642857142857,0.142358915082046,349.330335344587,0.208167138908591,26.8464016060152,-57.9361047744751,-61.4583334287008,-1.79033781985442,-1.58159377773603,0.105075228214264,-0.00487278864408533,33.830339717865,37.5797315597534,26.40696463556,21.0511387393095
2011-08-11,-57.9464285714286,-61.4642857142857,0.143823576825006,350.100832257952,0.464444277541978,26.8464016060152,-57.9361047744751,-61.4583334287008,-1.80322883625825,-1.59302804569403,0.0574358343457182,0.054516230430454,33.8234986623128,24.1299692948659,26.40696463556,41.3898545487362
2011-08-12,-57.9464285714286,-61.4642857142857,0.145788189555917,349.783833095006,0.529095238872937,26.8464016060152,-57.9361047744751,-61.4583334287008,-1.80840477347374,-1.58740501006444,0.0692159795202315,0.0180415254707138,33.8329339345296,47.9674694697062,26.40696463556,34.2390642429532
2011-08-13,-57.9464285714286,-61.4642857142857,0.146562074976308,349.205350603376,0.467555533562388,26.8464016060152,-57.9361047744751,-61.4583334287008,-1.81318397621314,-1.58748130301634,0.0715506453377505,0.0658589435430865,33.8345234553019,51.9882834593455,26.40696463556,31.4715140227664
2011-08-14,-57.9464285714286,-61.4642857142857,0.147414309637887,348.782294137137,0.397167713514396,26.8464016060152,-57.9361047744751,-61.4583334287008,-1.81830498079459,-1.57478814721107,0.0641397339912752,0.0210984627095362,33.8317130724589,51.8255178848902,26.40696463556,37.6117274226926
2011-08-15,-57.9464285714286,-61.4642857142857,0.148939160364015,348.332996913365,0.398867817861693,26.8464016060152,-57.9361047744751,-61.4583334287008,-1.82567214866479,-1.56298257311185,0.0812453584124645,0.0139215267573794,33.8354642550151,52.2426042159398,26.40696463556,26.6615120922529
2011-08-16,-57.9464285714286,-61.4642857142857,0.150427967309952,347.87663269043,0.308159267263753,26.8464016060152,-57.9361047744751,-61.4583334287008,-1.83348488807678,-1.55762148698171,0.11628569389383,0.0170293285511434,33.8409321467082,52.4702215353648,26.40696463556,8.59291686607825
2011-08-17,-57.9464285714286,-61.4642857142857,0.152633469019617,347.665889195033,0.329290577343532,26.8464016060152,-57.9361047744751,-61.4583334287008,-1.83676867981752,-1.5681732604901,0.195043794127802,0.0209916482058664,33.844416364034,51.7746538003286,26.40696463556,13.795010352435
2011-08-18,-57.9464285714286,-61.4642857142857,0.156464887516839,348.026229858398,0.443469207201685,26.8464016060152,-57.9361047744751,-61.4583334287008,-1.83208103676637,-1.59572130044301,0.150262967776507,0.0572222053073347,33.8476970990499,50.8883454004923,26.40696463556,0.909926675468139
2011-08-19,-57.9464285714286,-61.4642857142857,0.163297858621393,348.566942487444,0.604592732020787,26.8464016060152,-57.9361047744751,-61.4583334287008,-1.83612168729305,-1.60557877620061,0.0945056508295238,0.0588549453454713,33.847557258606,50.146999613444,26.40696463556,15.3134351329508
2011-08-20,-57.9464285714286,-61.4642857142857,0.175202409071582,348.744158063616,0.508275470563344,26.8464016060152,-57.9361047744751,-61.4583334287008,-1.83872186541557,-1.59164963066578,0.147648549048851,0.0212866606190801,33.8476463317871,52.9636041800181,26.40696463556,2.57005215879422
2011-08-21,-57.9464285714286,-61.4642857142857,0.186133459210396,348.822620936802,0.402634532323905,26.8464016060152,-57.9361047744751,-61.4583334287008,-1.84596695999304,-1.58344778219859,0.160313729879757,0.0346232489682734,33.8443275133769,50.0783332427343,26.40696463556,1.21808667232133
2011-08-22,-57.9464285714286,-61.4642857142857,0.1942267034735,349.271979195731,0.779743622456278,26.8464016060152,-57.9361047744751,-61.4583334287008,-1.85285193026066,-1.58523564934731,0.164749087300152,0.0129195023328066,33.842674446106,48.668123404185,26.40696463556,6.25251534973394
2011-08-23,-57.9464285714286,-61.4642857142857,0.200733489223889,349.785784040179,0.916303034339632,26.8464016060152,-57.9361047744751,-61.4583334287008,-1.85421916345755,-1.59488458633423,0.208070111026367,0.0151524399096767,33.8521986961365,52.45496190389,26.40696463556,22.308507465685
2011-08-24,-57.9464285714286,-61.4642857142857,0.199635008616107,350.764321463449,0.972039751708508,26.8464016060152,-57.9361047744751,-61.4583334287008,-1.84818870524565,-1.60718354284763,0.194728436227888,0.0791853595525026,33.8581370353699,51.4758261680603,26.40696463556,17.2141475388611
2011-08-25,-57.9464285714286,-61.4642857142857,0.197010719350406,350.71202305385,0.919186130166054,26.8464016060152,-57.9361047744751,-61.4583334287008,-1.83646349708239,-1.61630858083566,0.138671020728846,0.0806502475092808,33.8592305183411,49.9104812781016,26.40696463556,7.14873442882754
2011-08-26,-57.9464285714286,-61.4642857142857,0.19743514167411,350.644391741071,0.947190689189093,26.8464016060152,-57.9361047744751,-61.4583334287008,-1.83723256289959,-1.60465559264024,0.144540747348219,0.0440636412861447,33.8600315729777,48.7660370667775,26.40696463556,0.0533158036629093
2011-08-27,-57.9464285714286,-61.4642857142857,0.197118238679,350.465685163225,0.93182318338326,26.8464016060152,-57.9361047744751,-61.4583334287008,-1.84126099745433,-1.59487695892652,0.17964212053145,0.0262255723898609,33.865372244517,50.2741600990295,26.40696463556,6.64035634531309
2011-08-28,-57.9464285714286,-61.4642857142857,0.199638211301395,350.232223510742,0.966742166451045,26.8464016060152,-57.9361047744751,-61.4583334287008,-1.84671160479387,-1.59709717830022,0.136392305418849,0.0214087345016499,33.870890935262,53.0259126663208,26.40696463556,3.19351862722172
2011-08-29,-57.9464285714286,-61.4642857142857,0.208492465317249,349.716380528041,1.13119359101568,26.8464016060152,-57.9361047744751,-61.4583334287008,-1.85278479258219,-1.59574673672517,0.144739117876937,0.000330617185682058,33.8810890833537,60.0998494625092,26.40696463556,9.56369123085577
2011-08-30,-57.9464285714286,-61.4642857142857,0.216119558683463,349.354317801339,1.14873500381197,26.8464016060152,-57.9361047744751,-61.4583334287008,-1.85393839776516,-1.58802555004756,0.173167109427353,0.0436567278268437,33.8902063687642,64.8340339978536,26.40696463556,3.21676714880279
2011-08-31,-57.9464285714286,-61.4642857142857,0.22883385845593,349.376190185547,1.30017215013504,26.8464016060152,-57.9361047744751,-61.4583334287008,-1.85550704300404,-1.58588416775068,0.172414318813632,0.0434583573912581,33.8949621200561,65.712712653478,26.40696463556,3.02946739755105
2011-09-01,-57.9464285714286,-61.4642857142857,0.257321875010218,349.777029854911,1.27121194132737,26.8464016060152,-57.9361047744751,-61.4583334287008,-1.85811943014463,-1.58945229649544,0.173828342867394,-0.0109764905646443,33.8981029828389,66.7160088857015,26.40696463556,18.4751545580365
2011-09-02,-57.9464285714286,-61.4642857142857,0.284546772284167,349.997416904994,1.61946401638644,26.8464016060152,-57.9361047744751,-61.4583334287008,-1.86000547011693,-1.60417238771915,0.179916786216199,0.0171107109636068,33.899641640981,66.0598603248596,26.40696463556,8.75986324591596
2011-09-03,-57.9464285714286,-61.4642857142857,0.322856721069132,350.764746529715,2.09076292174203,26.8464016060152,-57.9361047744751,-61.4583334287008,-1.86587112645308,-1.60844498376052,0.123569445032626,-0.0149795017205179,33.8987515767415,60.7547254721324,26.40696463556,20.3047857155743
2011-09-04,-57.9464285714286,-61.4642857142857,0.372460050242288,351.492337908064,2.57563920531954,26.8464016060152,-57.9361047744751,-61.4583334287008,-1.87183444499969,-1.61154006719589,0.0695364234658579,-0.00901313312351704,33.8933981895447,47.8174201011658,26.40696463556,44.6591110533891
2011-09-05,-57.9464285714286,-61.4642857142857,0.432447967784745,352.117867606027,4.16816925151007,26.8464016060152,-57.9361047744751,-61.4583334287008,-1.87788321077824,-1.61491490205129,0.0530615153101583,0.0366476433351636,33.8845353126526,31.2255229949951,26.40696463556,45.1483525543049
2011-09-06,-57.9464285714286,-61.4642857142857,0.486726684229715,352.885672433036,3.49953397682735,26.8464016060152,-57.9361047744751,-61.4583334287008,-1.87390359938145,-1.61817530095577,0.010605181970944,0.0591143530793488,33.8952927907308,48.5269755681356,26.40696463556,95.2668308673217
2011-09-07,-57.9464285714286,-61.4642857142857,0.525388189724514,353.783704485212,3.68288519552776,26.8464016060152,-57.9361047744751,-61.4583334287008,-1.87400126258532,-1.62424593468507,0.0495468000881374,0.0594500561865667,33.8995398203532,56.2608748912811,26.40696463556,49.4728943729578
2011-09-08,-57.9464285714286,-61.4642857142857,0.529207495706422,353.066251482282,3.50844487973622,26.8464016060152,-57.9361047744751,-61.4583334287008,-1.87002164920171,-1.62792087197304,0.0243537706322968,0.039826654891173,33.9067114830017,65.4952676932017,26.40696463556,76.2857314039389
2011-09-09,-57.9464285714286,-61.4642857142857,0.542277614985194,352.818590436663,3.53624007531575,26.8464016060152,-57.9361047744751,-61.4583334287008,-1.86693928142389,-1.62235123912493,0.0683614611936112,0.0154118472710252,33.9088988304138,67.1559835751851,26.40696463556,35.6303623140525
2011-09-10,-57.9464285714286,-61.4642857142857,0.5420848769801,352.538099016462,3.2131171311651,26.8464016060152,-57.9361047744751,-61.4583334287008,-1.86190982957681,-1.6105838149786,0.105410932159672,0.0377819146029651,33.9134892781575,70.1137357711792,26.40696463556,9.17678203324212
2011-09-11,-57.9464285714286,-61.4642857142857,0.551777505448886,352.859477451869,3.48581744091851,26.8464016060152,-57.9361047744751,-61.4583334287008,-1.86066466768583,-1.60013631482919,0.141219316081454,-0.0152846868149936,33.9089750607808,66.8596995353699,26.40696463556,17.7652560544417
2011-09-12,-57.9464285714286,-61.4642857142857,0.562099999615124,352.807787214007,2.11467163477625,26.8464016060152,-57.9361047744751,-61.4583334287008,-1.85367593069871,-1.58140049278736,0.185379600152373,-0.0660217087715864,33.8977087020874,64.580984099706,26.40696463556,67.5370428302611
2011-09-13,-57.9464285714286,-61.4642857142857,0.599353141018322,353.074543544224,3.84791858707155,26.8464016060152,-57.9361047744751,-61.4583334287008,-1.85230260193348,-1.57589698930581,0.16923022189488,0.0345876439164082,33.8878284136454,60.7814296086629,26.40696463556,2.73432158530234
2011-09-14,-57.9464285714286,-61.4642857142857,0.671073849712099,353.946561540876,3.89598537342889,26.8464016060152,-57.9361047744751,-61.4583334287008,-1.85283362766107,-1.56858018239339,0.178268786643942,-0.0424258145193259,33.871475537618,49.1856668392817,26.40696463556,41.9511184505479
2011-09-15,-57.9464285714286,-61.4642857142857,0.740222896848406,355.108527047294,4.12232371738979,26.8464016060152,-57.9361047744751,-61.4583334287008,-1.85637376705805,-1.56406852106253,0.207088432833552,-0.00490839366490642,33.8361253738403,33.1125843842824,26.40696463556,29.5125165620355
2011-09-16,-57.9464285714286,-61.4642857142857,0.78474637227399,355.823510306222,3.00838146890913,26.8464016060152,-57.9361047744751,-61.4583334287008,-1.84742574890455,-1.56643116275469,0.20365001320218,-0.0367595446296036,33.810871664683,17.6778474092484,26.40696463556,48.1701625380067
2011-09-17,-57.9464285714286,-61.4642857142857,0.821864379303796,356.21963936942,4.70579356806619,26.8464016060152,-57.9361047744751,-61.4583334287008,-1.84269537130992,-1.5640710691611,0.198294014638911,0.048488825156043,33.8145972887675,32.2135598818461,26.40696463556,12.8486083468611
2011-09-18,-57.9464285714286,-61.4642857142857,0.883601984807423,357.119903564453,6.51625612803868,26.8464016060152,-57.9361047744751,-61.4583334287008,-1.84051025013129,-1.56108279625575,0.194382559290777,0.070085756542782,33.8110368410746,35.1318926493327,26.40696463556,14.2609035215418
2011-09-19,-57.9464285714286,-61.4642857142857,0.956476345658302,358.357807704381,6.58331624099186,26.8464016060152,-57.9361047744751,-61.4583334287008,-1.84246343473593,-1.56505273977915,0.160222174413502,0.0674611648544669,33.8094981511434,33.7763618628184,26.40696463556,3.53300704003797
2011-09-20,-57.9464285714286,-61.4642857142857,0.981083635772978,357.920551845006,5.70793962478638,26.8464016060152,-57.9361047744751,-61.4583334287008,-1.84323860208193,-1.56693980097771,0.134525589396556,0.0267901648146411,33.8150039990743,35.5197319984436,26.40696463556,2.35530488010669
2011-09-21,-57.9464285714286,-61.4642857142857,0.951523208192417,356.368763514927,4.69646842139108,26.8464016060152,-57.9361047744751,-61.4583334287008,-1.84361702998479,-1.58026876648267,0.191478214940677,0.0781477297656238,33.8229388236999,39.0840396404266,26.40696463556,15.3816879813399
2011-09-22,-57.9464285714286,-61.4642857142857,0.910171730177743,355.438042776925,4.46176823547908,26.8464016060152,-57.9361047744751,-61.4583334287008,-1.83562118808428,-1.58519496122996,0.218227688564609,0.112582781258971,33.8387065887451,49.2962964216868,26.40696463556,48.3439941057782
2011-09-23,-57.9464285714286,-61.4642857142857,0.902985849550792,356.009684971401,4.61044187205178,26.8464016060152,-57.9361047744751,-61.4583334287008,-1.83386331895987,-1.59598834216595,0.245836767181754,0.0764742982573807,33.8469084103902,51.1337651252747,26.40696463556,53.3382150856117
2011-09-24,-57.9464285714286,-61.4642857142857,0.926995669092451,356.887191772461,4.04843866825104,26.8464016060152,-57.9361047744751,-61.4583334287008,-1.83169650236766,-1.59693187177181,0.288786482997239,-0.0286060162819922,33.8429791450501,50.1838766733805,26.40696463556,125.707244685435
2011-09-25,-57.9464285714286,-61.4642857142857,0.984942776816232,357.699000767299,6.38433059624263,26.8464016060152,-57.9361047744751,-61.4583334287008,-1.82512281338374,-1.60079246262709,0.255734936892986,0.0644550921395421,33.8378927548726,48.3197041829427,26.40696463556,60.3455819089005
2011-09-26,-57.9464285714286,-61.4642857142857,1.00179968987192,357.089656284877,4.42355138914926,26.8464016060152,-57.9361047744751,-61.4583334287008,-1.81452067891757,-1.60909603734811,0.273613695303599,0.0816929634350042,33.8433990160624,51.3868144353231,26.40696463556,86.2594533976349
2011-09-27,-57.9464285714286,-61.4642857142857,0.865979654448373,352.645089285714,3.51811558859689,26.8464016060152,-57.9361047744751,-61.4583334287008,-1.78209171593189,-1.6204489270846,0.209850358000646,0.135690379701555,33.8627659161886,57.527393023173,26.40696463556,61.3226702173262
2011-09-28,-57.9464285714286,-61.4642857142857,0.806710996798107,351.134174891881,2.4272649713925,26.8464016060152,-57.9361047744751,-61.4583334287008,-1.76334725022316,-1.61704610983531,0.197902361551921,0.101377402152866,33.8779617627462,61.1921576499939,26.40696463556,29.0339693252835
2011-09-29,-57.9464285714286,-61.4642857142857,0.804853677749634,351.06438773019,3.01709658758981,26.8464016060152,-57.9361047744751,-61.4583334287008,-1.77554854253928,-1.6057440896829,0.158060446971407,0.0924710836571952,33.8779488881429,57.3137636820475,26.40696463556,12.2935577897815
2011-09-30,-57.9464285714286,-61.4642857142857,0.848694541624614,351.533911568778,4.20438757964543,26.8464016060152,-57.9361047744751,-61.4583334287008,-1.78470409711202,-1.60884425640106,0.115070039375375,0.0681223995362719,33.8823360761007,57.5032327334086,26.40696463556,8.27732944245018
2011-10-01,-57.9464285714286,-61.4642857142857,0.920564779213497,351.935675484794,4.9114967414311,26.8464016060152,-57.9361047744751,-61.4583334287008,-1.80711689492067,-1.61385947267214,0.141936500153194,0.0703858555605014,33.8878165880839,55.3173446814219,26.40696463556,3.66434446489136
2011-10-02,-57.9464285714286,-61.4642857142857,1.01923660721098,352.790501185826,6.67392247063773,26.8464016060152,-57.9361047744751,-61.4583334287008,-1.82290716767311,-1.60922065277894,0.143131810147315,0.0651417582916717,33.8920000712077,54.8188756465912,26.40696463556,2.35294394946849
2011-10-03,-57.9464285714286,-61.4642857142857,1.11496920245034,353.801465715681,7.91144527707781,26.8464016060152,-57.9361047744751,-61.4583334287008,-1.83474835554759,-1.60154270629088,0.134393342056622,0.0813165687335034,33.8949756622314,52.8211845397949,26.40696463556,7.87763603043714
2011-10-04,-57.9464285714286,-61.4642857142857,1.18753930500575,354.499590192522,8.61269463811602,26.8464016060152,-57.9361047744751,-61.4583334287008,-1.83514509598414,-1.59288562436899,0.108584856490294,0.0835800246956448,33.9001638094584,59.3712200164795,26.40696463556,15.5404512593443
2011-10-05,-57.9464285714286,-61.4642857142857,1.24611721720014,354.961645943778,8.77836070741926,26.8464016060152,-57.9361047744751,-61.4583334287008,-1.83400370379289,-1.59274574518204,0.098890143726021,0.0728629414302607,33.903991317749,57.5083191871643,26.40696463556,16.1405645663511
2011-10-06,-57.9464285714286,-61.4642857142857,1.33965517367635,356.370023454939,11.0490535667964,26.8464016060152,-57.9361047744751,-61.4583334287008,-1.83135469555855,-1.58375804225604,0.178492588767161,0.086372468372186,33.9047034263611,54.335665512085,26.40696463556,13.703767029625
2011-10-07,-57.9464285714286,-61.4642857142857,1.4709820662226,358.583232334682,9.54289381844657,26.8464016060152,-57.9361047744751,-61.4583334287008,-1.82585525612036,-1.57531459033489,0.207291887545337,0.0578580075874925,33.904398282369,53.8906042734782,26.40696463556,18.6598170597396
2011-10-08,-57.9464285714286,-61.4642857142857,1.57070807474,360.682135445731,7.82077659879412,26.8464016060152,-57.9361047744751,-61.4583334287008,-1.82064269681772,-1.58398184676965,0.235206152374546,0.0328277433911959,33.8980529149373,45.0186184247335,26.40696463556,38.8146616263872
2011-10-09,-57.9464285714286,-61.4642857142857,1.57040484888213,361.684749058315,5.08923140593937,26.8464016060152,-57.9361047744751,-61.4583334287008,-1.81941585242748,-1.59974720776081,0.222617267010113,0.0197200435213745,33.8903848648071,38.9645090262095,26.40696463556,30.9221355564528
2011-10-10,-57.9464285714286,-61.4642857142857,1.59882135050637,362.401022774833,11.8079763139997,26.8464016060152,-57.9361047744751,-61.4583334287008,-1.82670367360115,-1.62108981410662,0.206213568958143,0.0512100587598979,33.8788130442301,30.4892642021179,26.40696463556,17.3210727723625
2011-10-11,-57.9464285714286,-61.4642857142857,1.71132462365287,363.70191519601,14.9599794660296,26.8464016060152,-57.9361047744751,-61.4583334287008,-1.82987760404746,-1.63702302277088,0.171732738862435,0.091092664313813,33.875634098053,32.5810536066691,26.40696463556,13.9712260595636
2011-10-12,-57.9464285714286,-61.4642857142857,1.79952853918076,364.810884748186,10.2247120993478,26.8464016060152,-57.9361047744751,-61.4583334287008,-1.82465893228849,-1.64614296952883,0.180008341527234,0.0778374585633477,33.8734342892965,34.643596069018,26.40696463556,10.9245566521709
2011-10-13,-57.9464285714286,-61.4642857142857,1.83264424119677,365.411812918527,9.93967887333461,26.8464016060152,-57.9361047744751,-61.4583334287008,-1.81570480267207,-1.64771975179513,0.190084536497792,0.0575579087249935,33.8683479309082,33.6797199567159,26.40696463556,9.86281184593111
2011-10-14,-57.9464285714286,-61.4642857142857,1.93700910466058,366.581909179688,19.441294670105,26.8464016060152,-57.9361047744751,-61.4583334287008,-1.82302924295266,-1.64181442757448,0.102455722106,0.0633360801575085,33.8545384724935,23.7128828684489,26.40696463556,12.1601165057515
2011-10-15,-57.9464285714286,-61.4642857142857,2.10677963495255,368.62948172433,23.7938755580357,26.8464016060152,-57.9361047744751,-61.4583334287008,-1.82492139140765,-1.63561408221722,0.134698527275274,0.0586158838743965,33.8474176088969,21.4735872745514,26.40696463556,1.93310981262823
2011-10-16,-57.9464285714286,-61.4642857142857,2.2407745208059,370.224546160017,24.3384370122637,26.8464016060152,-57.9361047744751,-61.4583334287008,-1.81608933508396,-1.62935778597991,0.181112094471852,0.0221259193494916,33.8313320477804,17.0776501099269,26.40696463556,7.93016601202308
2011-10-17,-57.9464285714286,-61.4642857142857,2.25074335506984,370.140437534877,22.7236350604466,26.8464016060152,-57.9361047744751,-61.4583334287008,-1.78914149006208,-1.6335133900245,0.205964334247013,0.080991037748754,33.8313700993856,23.676006380717,26.40696463556,23.7700983713819
2011-10-18,-57.9464285714286,-61.4642857142857,2.2853575689452,370.381033761161,14.0672684397016,26.8464016060152,-57.9361047744751,-61.4583334287008,-1.77407755454381,-1.63323109646638,0.192551448506614,0.0358795943980416,33.8276570638021,27.0254130999247,26.40696463556,10.3377505849399
2011-10-19,-57.9464285714286,-61.4642857142857,2.25334187916347,369.616141183036,18.608124596732,26.8464016060152,-57.9361047744751,-61.4583334287008,-1.74559158086777,-1.62728253404299,0.205226803570986,0.00117496258268754,33.8230285008748,28.3771288077037,26.40696463556,25.6385215792542
2011-10-20,-57.9464285714286,-61.4642857142857,2.20496929543359,368.412717546736,18.2858367647443,26.8464016060152,-57.9361047744751,-61.4583334287008,-1.70763876239459,-1.63023774127165,0.21532334331423,0.0431938639221092,33.8257750829061,34.0344977378845,26.40696463556,22.7968999837968
2011-10-21,-57.9464285714286,-61.4642857142857,2.24686749492373,368.525329589844,20.0565286363874,26.8464016060152,-57.9361047744751,-61.4583334287008,-1.67189548015594,-1.63238674799601,0.173675750692685,0.0502131209398309,33.8253426233927,36.4352873961131,26.40696463556,3.54224944749883
2011-10-22,-57.9464285714286,-61.4642857142857,2.33206146103995,369.330666678292,18.2897148132324,26.8464016060152,-57.9361047744751,-61.4583334287008,-1.6650593439738,-1.63689585924149,0.156875311459104,0.0558539586762587,33.8168611526489,34.3422261238098,26.40696463556,1.11897783437273
2011-10-23,-57.9464285714286,-61.4642857142857,2.28945491143635,368.716796875,11.343886920384,26.8464016060152,-57.9361047744751,-61.4583334287008,-1.66062805155913,-1.63758505980174,0.196086508780718,0.0637887711326281,33.8119654019674,35.0937444368998,26.40696463556,13.6220818272493
2011-10-24,-57.9464285714286,-61.4642857142857,2.31287212882723,368.589878627232,17.1562131472996,26.8464016060152,-57.9361047744751,-61.4583334287008,-1.65000760753949,-1.64438815315564,0.172022664050261,0.0797601247827212,33.8117110888163,37.5364967823029,26.40696463556,9.34158939048404
2011-10-25,-57.9464285714286,-61.4642857142857,2.35943539653506,368.920048304967,11.0917731353215,26.8464016060152,-57.9361047744751,-61.4583334287008,-1.6410534799099,-1.64221371014913,0.1573330897217,0.0246793013376494,33.8101214408874,39.8978665510813,26.40696463556,2.31229769925944
2011-10-26,-57.9464285714286,-61.4642857142857,2.31660856519427,368.336900983538,14.524945804051,26.8464016060152,-57.9361047744751,-61.4583334287008,-1.61264074444771,-1.63355153401693,0.186051006397853,0.0507065035092334,33.8122069358826,41.9921995639801,26.40696463556,7.54169867509304
2011-10-27,-57.9464285714286,-61.4642857142857,2.35695338249207,368.473454066685,14.4540839195251,26.8464016060152,-57.9361047744751,-61.4583334287008,-1.54435253043969,-1.61647134721279,0.185837376552323,0.0252845851704478,33.8130969683329,43.2332852840424,26.40696463556,8.97597178864397
2011-10-28,-57.9464285714286,-61.4642857142857,2.41767033508846,368.769609723772,16.0938117844718,26.8464016060152,-57.9361047744751,-61.4583334287008,-1.46612137655417,-1.59969125787417,0.16281624843056,0.00399792476867636,33.8098289171855,41.2673844973246,26.40696463556,9.11077228496451
2011-10-29,-57.9464285714286,-61.4642857142857,2.49207236937114,369.346594674247,18.3211282321385,26.8464016060152,-57.9361047744751,-61.4583334287008,-1.40197146832943,-1.59577471315861,0.152424696522454,0.00425733203689257,33.8035091082255,36.0410897095998,26.40696463556,7.98741618613114
2011-10-30,-57.9464285714286,-61.4642857142857,2.44095471075603,369.033580235073,12.5355452128819,26.8464016060152,-57.9361047744751,-61.4583334287008,-1.40906397501628,-1.60386720697085,0.169774469391753,0.087689850355188,33.8073493003845,40.4713602383931,26.40696463556,11.9758086090493
2011-10-31,-57.9464285714286,-61.4642857142857,2.44873375552041,368.846947806222,15.3022910526821,26.8464016060152,-57.9361047744751,-61.4583334287008,-1.38618729710579,-1.60599840780099,0.180491551570594,0.0371969766293963,33.808442846934,42.0646810372671,26.40696463556,5.57077351019302
2011-11-01,-57.9464285714286,-61.4642857142857,2.50487512350082,368.954635620117,20.5106460707528,26.8464016060152,-57.9361047744751,-61.4583334287008,-1.34645219842593,-1.6079566826423,0.165410320957502,0.0642974128946662,33.8133257548014,44.7668406327565,26.40696463556,3.61830162254273
2011-11-02,-57.9464285714286,-61.4642857142857,2.55015008790152,369.111330304827,17.4179838725499,26.8464016060152,-57.9361047744751,-61.4583334287008,-1.29912410179774,-1.58809167742729,0.134205145233621,-0.0246640420208375,33.8116090138753,42.6928537845612,26.40696463556,24.4695803072894
2011-11-03,-57.9464285714286,-61.4642857142857,2.5281497495515,368.999522617885,17.6071718760899,26.8464016060152,-57.9361047744751,-61.4583334287008,-1.27539900342623,-1.57437360485395,0.181966613202045,0.00792972603812814,33.8126263300578,40.6862614154816,26.40696463556,12.325409678767
2011-11-04,-57.9464285714286,-61.4642857142857,2.51014578342438,368.819665091378,15.7811358315604,26.8464016060152,-57.9361047744751,-61.4583334287008,-1.2462355196476,-1.56474502384663,0.198380484680335,0.026688436511904,33.8161105791728,41.8624957720439,26.40696463556,14.2808343884074
2011-11-05,-57.9464285714286,-61.4642857142857,2.4448458807809,368.417554582868,13.2057044506073,26.8464016060152,-57.9361047744751,-61.4583334287008,-1.20028075277805,-1.55776899357637,0.197988830817242,0.00230923388153315,33.8210571289062,43.2510881106059,26.40696463556,21.2654090851068
2011-11-06,-57.9464285714286,-61.4642857142857,2.34361506359918,367.997523716518,14.8652214663369,26.8464016060152,-57.9361047744751,-61.4583334287008,-1.15956294834614,-1.56227047344049,0.183868933779498,-0.016103600182881,33.8208027839661,42.6547053019206,26.40696463556,24.5401548244896
2011-11-07,-57.9464285714286,-61.4642857142857,2.31282270806176,368.340009416853,20.5719151496887,26.8464016060152,-57.9361047744751,-61.4583334287008,-1.12925197134415,-1.57241533895334,0.184464043813447,0.0535498115234077,33.8248718261719,46.5979512850444,26.40696463556,7.17963789059959
2011-11-08,-57.9464285714286,-61.4642857142857,2.34520943675722,369.550922938756,18.4516843387059,26.8464016060152,-57.9361047744751,-61.4583334287008,-1.06115296930075,-1.57865382830302,0.183629871315012,0.0244758445148667,33.8228880882263,45.2907416343689,26.40696463556,8.3150482933932
2011-11-09,-57.9464285714286,-61.4642857142857,2.30928122145789,370.120555332729,12.1485651220594,26.8464016060152,-57.9361047744751,-61.4583334287008,-1.01336708863576,-1.58780175149441,0.186463006647925,0.0211340678234895,33.8166700045268,42.0074585755666,26.40696463556,10.0770481454718
2011-11-10,-57.9464285714286,-61.4642857142857,2.18001362255641,369.495080130441,9.26494778905596,26.8464016060152,-57.9361047744751,-61.4583334287008,-0.99857781380415,-1.60282448430856,0.201391643844545,0.0346893724364539,33.8089641888936,40.6404837767283,26.40696463556,14.7874480006681
2011-11-11,-57.9464285714286,-61.4642857142857,2.07233236091478,368.770239693778,10.8917013577053,26.8464016060152,-57.9361047744751,-61.4583334287008,-0.992736575007439,-1.61199530263742,0.198360138759017,0.0520594906061888,33.8066117922465,42.9942237218221,26.40696463556,13.1075476001626
2011-11-12,-57.9464285714286,-61.4642857142857,1.95041436382702,367.133815220424,9.65944732938494,26.8464016060152,-57.9361047744751,-61.4583334287008,-0.980443719029427,-1.60942410926024,0.246843877062202,0.040706605091691,33.8067136764526,45.4458775838216,26.40696463556,49.0968611016255
2011-11-13,-57.9464285714286,-61.4642857142857,1.87295680812427,366.021275111607,11.2543373448508,26.8464016060152,-57.9361047744751,-61.4583334287008,-0.963286211589972,-1.6087883134683,0.216686503247668,0.0206966358547409,33.8115075429281,49.447617371877,26.40696463556,26.4290993876989
2011-11-14,-57.9464285714286,-61.4642857142857,1.8442459659917,365.811002458845,15.302661725453,26.8464016060152,-57.9361047744751,-61.4583334287008,-0.934470636645953,-1.60274819235007,0.208532974372307,0.0715099541159968,33.8163270314534,53.4900482813517,26.40696463556,22.2353192598153
2011-11-15,-57.9464285714286,-61.4642857142857,1.81528475029128,366.336785452706,20.7067752565656,26.8464016060152,-57.9361047744751,-61.4583334287008,-0.838294605414073,-1.5910952091217,0.163314717169851,0.00533565279717247,33.8117872873942,45.4153590838114,26.40696463556,8.6612350791086
2011-11-16,-57.9464285714286,-61.4642857142857,1.76261241521154,367.605252947126,22.9424105371748,26.8464016060152,-57.9361047744751,-61.4583334287008,-0.697451684375604,-1.58461001714071,0.137470626210173,0.0238705608062446,33.8018432617188,25.3990308443705,26.40696463556,2.55145370127947
2011-11-17,-57.9464285714286,-61.4642857142857,1.68326570306505,368.736249651228,23.5824632644653,26.8464016060152,-57.9361047744751,-61.4583334287008,-0.503176958362262,-1.57690663933754,0.151580349169672,0.0119632556724052,33.7971637090047,19.7848962624868,26.40696463556,5.18957927648427
2011-11-18,-57.9464285714286,-61.4642857142857,1.47107756137848,366.084666660854,8.73622407232012,26.8464016060152,-57.9361047744751,-61.4583334287008,-0.622693544626236,-1.56583350896835,0.142872402289261,-0.0687988931623598,33.783010673523,29.4134864966075,26.40696463556,63.6921246076396
2011-11-19,-57.9464285714286,-61.4642857142857,1.2974896132946,364.172079903739,10.5341911997114,26.8464016060152,-57.9361047744751,-61.4583334287008,-0.617041517049074,-1.56904558241367,0.161168247833848,0.021103549345086,33.7593459129333,27.858314148585,26.40696463556,3.5045626324154
2011-11-20,-57.9464285714286,-61.4642857142857,1.26561491404261,364.594015938895,13.7015249047961,26.8464016060152,-57.9361047744751,-61.4583334287008,-0.610858463992675,-1.57328511178493,0.132480849263569,0.0440789005098244,33.7636187871297,36.6183984279633,26.40696463556,1.17414225838681
2011-11-21,-57.9464285714286,-61.4642857142857,1.19077699099268,364.409399850028,11.495153767722,26.8464016060152,-57.9361047744751,-61.4583334287008,-0.615436242769162,-1.5753323952357,0.105151524270574,0.0136722922014693,33.7611263593038,40.2590023199717,26.40696463556,13.6824723638063
2011-11-22,-57.9464285714286,-61.4642857142857,1.14476532595498,364.51127406529,12.0607869284494,26.8464016060152,-57.9361047744751,-61.4583334287008,-0.59659411162138,-1.57164983054002,0.16409802492708,0.0761843726038933,33.7612153053284,42.7462610403697,26.40696463556,6.52011762494549
2011-11-23,-57.9464285714286,-61.4642857142857,1.17062920757702,365.719946725028,12.6746100017003,26.8464016060152,-57.9361047744751,-61.4583334287008,-0.540092143416405,-1.56961272160212,0.225989562707643,0.0842056539530555,33.7592061042786,39.6727927049001,26.40696463556,38.6639312151563
2011-11-24,-57.9464285714286,-61.4642857142857,1.17246020904609,367.128404889788,16.0961454936436,26.8464016060152,-57.9361047744751,-61.4583334287008,-0.264503902196884,-1.56313261687756,0.198848434817046,0.0457218135086199,33.7543485641479,25.0124628861745,26.40696463556,13.0429805583224
2011-11-25,-57.9464285714286,-61.4642857142857,1.09233082830906,367.173631940569,12.4076676368713,26.8464016060152,-57.9361047744751,-61.4583334287008,-0.305911415567001,-1.55030467510223,0.159052298311144,0.0190181177730362,33.7456761995951,27.5009931882222,26.40696463556,3.74253580883749
2011-11-26,-57.9464285714286,-61.4642857142857,0.99679111795766,366.579254150391,11.7692694664001,26.8464016060152,-57.9361047744751,-61.4583334287008,-0.255165237002075,-1.54003773927689,0.176747947682937,0.0208746606173615,33.7366986274719,29.6690791368484,26.40696463556,6.85280502221645
2011-11-27,-57.9464285714286,-61.4642857142857,0.934692570141384,366.476043701172,11.1931160177503,26.8464016060152,-57.9361047744751,-61.4583334287008,-0.173204729147255,-1.53385265270869,0.211986653382579,0.0219326354563236,33.7276193618774,28.3516966819763,26.40696463556,23.0223199603433
2011-11-28,-57.9464285714286,-61.4642857142857,0.917582377791405,367.093063354492,13.3617589473724,26.8464016060152,-57.9361047744751,-61.4583334287008,0.0170903848484159,-1.52934608459473,0.207764925838759,0.0714336574698488,33.7232451756795,20.1422171751658,26.40696463556,21.7508523112807
2011-11-29,-57.9464285714286,-61.4642857142857,0.920303844979831,367.429377964565,13.4461693763733,26.8464016060152,-57.9361047744751,-61.4583334287008,0.13084507714957,-1.5360321889321,0.21287677641958,0.0718609168504675,33.7188454627991,11.7661575635274,26.40696463556,25.0649009378991
2011-11-30,-57.9464285714286,-61.4642857142857,0.979224503040314,366.243344988142,10.8940834658487,26.8464016060152,-57.9361047744751,-61.4583334287008,-0.0614520511279504,-1.55681783556938,0.250205999581764,0.146661783879002,33.7287257194519,30.3532023270925,26.40696463556,105.170766516768
2011-12-01,-57.9464285714286,-61.4642857142857,1.07806626813752,365.214019775391,10.0309088059834,26.8464016060152,-57.9361047744751,-61.4583334287008,-0.207165727640192,-1.56916511356831,0.200211595495542,0.128808456131568,33.7475710233053,43.650371837616,26.40696463556,49.7305913670119
2011-12-02,-57.9464285714286,-61.4642857142857,1.16503500938416,365.036725725446,9.80241273130689,26.8464016060152,-57.9361047744751,-61.4583334287008,-0.202514704999824,-1.56880905926228,0.225898006713639,0.0995869829319418,33.7539416631063,43.9873468875885,26.40696463556,45.9659523883846
2011-12-03,-57.9464285714286,-61.4642857142857,1.2368231096438,365.203628540039,12.7767028467996,26.8464016060152,-57.9361047744751,-61.4583334287008,-0.15257421657443,-1.56452375153701,0.20602028525124,0.0845108388612668,33.7625630696615,43.4138531684875,26.40696463556,25.1680920451485
2011-12-04,-57.9464285714286,-61.4642857142857,1.24870801610606,364.860728672573,11.3909388610295,26.8464016060152,-57.9361047744751,-61.4583334287008,-0.0768272761876384,-1.5481912702322,0.2361115339833,0.0195623647732039,33.7633772214254,37.7183364152908,26.40696463556,41.9663905769833
2011-12-05,-57.9464285714286,-61.4642857142857,1.23812225886754,364.226115635463,8.07385574068342,26.8464016060152,-57.9361047744751,-61.4583334287008,-0.0417737157394489,-1.54568112492561,0.243181656145801,0.0370189520219962,33.7580617586772,32.1741400957108,26.40696463556,45.7247703171842
2011-12-06,-57.9464285714286,-61.4642857142857,1.26299667358398,364.053203037807,11.2237496205739,26.8464016060152,-57.9361047744751,-61.4583334287008,0.00330212221791347,-1.54986978073915,0.243863236469527,0.0426903084851801,33.7554675738017,29.5559062719345,26.40696463556,46.1444527763269
2011-12-07,-57.9464285714286,-61.4642857142857,1.30857127692018,363.700132097517,9.41582407270159,26.8464016060152,-57.9361047744751,-61.4583334287008,0.00537127746889989,-1.55890580614408,0.280266731139272,0.0699891146272421,33.7640766143799,38.3058176994324,26.40696463556,91.1193479116708
2011-12-08,-57.9464285714286,-61.4642857142857,1.3865147786481,363.215399605887,13.903224842889,26.8464016060152,-57.9361047744751,-61.4583334287008,-0.0312204149241249,-1.57774335443974,0.237754447758198,0.0776390882519384,33.7854017575582,50.6263949076335,26.40696463556,46.1270835178333
2011-12-09,-57.9464285714286,-61.4642857142857,1.40885280498437,362.971500941685,14.0018939971924,26.8464016060152,-57.9361047744751,-61.4583334287008,0.0510880042488376,-1.59074679017067,0.241116571084907,0.0531225520496567,33.7954727172852,51.1096043586731,26.40696463556,43.9556791043914
2011-12-10,-57.9464285714286,-61.4642857142857,1.38883851468563,362.409295218331,14.5915293352945,26.8464016060152,-57.9361047744751,-61.4583334287008,0.200122093160947,-1.5867437740167,0.208400728118916,0.011108737376829,33.7993890762329,33.973460706075,26.40696463556,23.7548681445124
2011-12-11,-57.9464285714286,-61.4642857142857,1.38806991917746,361.779545375279,14.9964607443128,26.8464016060152,-57.9361047744751,-61.4583334287008,0.283138542125622,-1.59459465543429,0.227774895727634,0.0518662068992853,33.8018940607707,24.0460434277852,26.40696463556,32.2890376700653
2011-12-12,-57.9464285714286,-61.4642857142857,1.39586810980524,361.024200439453,11.8785192455564,26.8464016060152,-57.9361047744751,-61.4583334287008,0.185760082987448,-1.60399690369765,0.236874498209606,0.0492568744346499,33.8156145095825,50.1253826141357,26.40696463556,39.807730612367
2011-12-13,-57.9464285714286,-61.4642857142857,1.44274668182646,359.939123971122,14.4408652101244,26.8464016060152,-57.9361047744751,-61.4583334287008,0.167296384895841,-1.61370688180129,0.254356517704825,0.0664591406472027,33.8297292391459,53.2815050125122,26.40696463556,59.2982023233376
2011-12-14,-57.9464285714286,-61.4642857142857,1.52840728632041,359.438249860491,14.7476378338678,26.8464016060152,-57.9361047744751,-61.4583334287008,0.194665384168426,-1.62618386050065,0.231274350732565,0.0642618081532419,33.8428393999735,55.01470190684,26.40696463556,36.8973311842706
2011-12-15,-57.9464285714286,-61.4642857142857,1.56506978401116,359.139454432896,11.559457387243,26.8464016060152,-57.9361047744751,-61.4583334287008,0.241407532244921,-1.61967324316502,0.226371043516944,0.0193639943376184,33.8495790481567,55.3771092732747,26.40696463556,33.887827002698
2011-12-16,-57.9464285714286,-61.4642857142857,1.54042685031891,358.194074358259,11.7861659697124,26.8464016060152,-57.9361047744751,-61.4583334287008,0.278688943199813,-1.61075167159239,0.251569160198172,0.00172429575274388,33.8538519541423,53.8956898371379,26.40696463556,62.7539351107434
2011-12-17,-57.9464285714286,-61.4642857142857,1.54462332384927,357.296630859375,16.3805590016501,26.8464016060152,-57.9361047744751,-61.4583334287008,0.22986543190976,-1.60958687464396,0.201172928108523,0.0859706411138177,33.8707766215007,58.7710222880046,26.40696463556,23.0662961553268
2011-12-18,-57.9464285714286,-61.4642857142857,1.53601091461522,356.793415614537,12.5907723563058,26.8464016060152,-57.9361047744751,-61.4583334287008,0.262050252966583,-1.60189112722874,0.178065329759071,-0.0405590992110471,33.8730527559916,58.3107014338175,26.40696463556,40.2942283924313
2011-12-19,-57.9464285714286,-61.4642857142857,1.45905817832266,356.30282156808,18.0698286805834,26.8464016060152,-57.9361047744751,-61.4583334287008,0.371349242081245,-1.6009501427412,0.185211747015516,-0.0340891749287645,33.8735615412394,44.5939024766286,26.40696463556,37.4532633034924
2011-12-20,-57.9464285714286,-61.4642857142857,1.35900597487177,356.513196672712,22.2745077269418,26.8464016060152,-57.9361047744751,-61.4583334287008,0.763567020495733,-1.61391288340092,0.15325378132984,-0.0272988069181641,33.8737522761027,19.7060567776362,26.40696463556,25.5360815892235
2011-12-21,-57.9464285714286,-61.4642857142857,1.26434630581311,356.595528738839,19.3189944880349,26.8464016060152,-57.9361047744751,-61.4583334287008,0.922660013536612,-1.62490717271964,0.154876348904024,-0.0219428083548943,33.8750111897786,10.5365154822667,26.40696463556,21.9645879288111
2011-12-22,-57.9464285714286,-61.4642857142857,1.2863404921123,356.869726998465,22.5860737732479,26.8464016060152,-57.9361047744751,-61.4583334287008,0.878389861683051,-1.63080487251282,0.144942574513455,0.0412508519676824,33.892648824056,12.3561820586522,26.40696463556,0.0775938163192214
2011-12-23,-57.9464285714286,-61.4642857142857,1.32295472494193,357.08625793457,25.0790538106646,26.8464016060152,-57.9361047744751,-61.4583334287008,0.865584293504556,-1.63189845085144,0.0989511798446377,0.0175684884501,33.9086835861206,21.2510564088821,26.40696463556,15.4152383337233
2011-12-24,-57.9464285714286,-61.4642857142857,1.33380208696638,357.218773978097,18.5597880567823,26.8464016060152,-57.9361047744751,-61.4583334287008,0.94422439088424,-1.62907803455989,0.138045391285171,0.00919624411811431,33.9120407104492,14.0906508207321,26.40696463556,6.5180709857249
2011-12-25,-57.9464285714286,-61.4642857142857,1.41585991638047,357.174957275391,22.7175418649401,26.8464016060152,-57.9361047744751,-61.4583334287008,0.894497528175513,-1.63023773928483,0.123920407984406,0.0587176123013099,33.9217178344727,20.7360566059748,26.40696463556,3.94148791795636
2011-12-26,-57.9464285714286,-61.4642857142857,1.47267608131681,356.579158238002,17.0303730113166,26.8464016060152,-57.9361047744751,-61.4583334287008,0.806140344093243,-1.63358714183172,0.13885921711723,0.0230465610822042,33.9375873883565,40.2246691068014,26.40696463556,2.58651428230879
2011-12-27,-57.9464285714286,-61.4642857142857,1.51238297777516,355.779124668666,20.3757723058973,26.8464016060152,-57.9361047744751,-61.4583334287008,0.750199915468693,-1.64732556343079,0.129734183351199,0.0627257098754247,33.9508627573649,48.8169013977051,26.40696463556,3.39382824398773
2011-12-28,-57.9464285714286,-61.4642857142857,1.55993019257273,355.194798060826,17.4244317667825,26.8464016060152,-57.9361047744751,-61.4583334287008,0.790569796661536,-1.64807834625244,0.144795068725944,-0.0108238979553183,33.9553514480591,46.010469977061,26.40696463556,15.0505222024408
2011-12-29,-57.9464285714286,-61.4642857142857,1.59472591323512,355.648836408343,23.8353268759591,26.8464016060152,-57.9361047744751,-61.4583334287008,1.01674857685963,-1.65749076803525,0.0974608598897855,0.0156661681830883,33.9624596595764,29.3244741598765,26.40696463556,16.6745198232053
2011-12-30,-57.9464285714286,-61.4642857142857,1.64150509238243,355.801563807896,21.2654495579856,26.8464016060152,-57.9361047744751,-61.4583334287008,0.967876235147317,-1.65191096961498,0.149657684067885,-0.00391654210786025,33.9668975194295,22.7668092012405,26.40696463556,11.4769935435603
2011-12-31,-57.9464285714286,-61.4642857142857,1.64443934815271,354.676635742188,19.3459263869694,26.8464016060152,-57.9361047744751,-61.4583334287008,0.854567113022009,-1.65504928926627,0.152404349204153,0.0555996379815042,33.9829958279928,48.493913936615,26.40696463556,0.783441443420899
2012-01-01,-57.9464285714286,-61.4642857142857,1.72794865284647,354.638656616211,22.2154340744019,26.8464016060152,-57.9361047744751,-61.4583334287008,0.906277677913507,-1.65184484322866,0.113366090289007,0.0250404370948672,33.9939825057983,42.1498783429464,26.40696463556,7.719371466297
2012-01-02,-57.9464285714286,-61.4642857142857,1.79461350185531,355.751739501953,25.6535180636815,26.8464016060152,-57.9361047744751,-61.4583334287008,1.07195045650005,-1.64603360891342,0.0923337504578133,0.0122938728891313,33.9971106529236,26.8969810088476,26.40696463556,20.3980722141242
2012-01-03,-57.9464285714286,-61.4642857142857,1.78696018457413,357.327514648438,30.7243527003697,26.8464016060152,-57.9361047744751,-61.4583334287008,1.40295421083768,-1.64267402887344,0.0491754917427897,0.00714641766001781,34.0006583213806,10.5606759786606,26.40696463556,55.4138261239006
2012-01-04,-57.9464285714286,-61.4642857142857,1.75954124757222,358.875893729074,29.9555022035326,26.8464016060152,-57.9361047744751,-61.4583334287008,1.50829189817111,-1.6447111427784,0.0685649177680413,0.0360067547609409,34.0103990236918,10.5288858413696,26.40696463556,31.7106505170747
2012-01-05,-57.9464285714286,-61.4642857142857,1.76456540397235,359.85710144043,33.0823477336339,26.8464016060152,-57.9361047744751,-61.4583334287008,1.47339093188445,-1.65015614926815,0.042181666319569,0.0397503586796423,34.0205720901489,10.5339722633362,26.40696463556,55.8694172284847
2012-01-06,-57.9464285714286,-61.4642857142857,1.83147421053478,358.869676862444,30.0592846189226,26.8464016060152,-57.9361047744751,-61.4583334287008,1.33493455648422,-1.65694397091866,0.0847905917093158,0.0476851711980999,34.0276166280111,18.3212793827057,26.40696463556,19.9232157306867
2012-01-07,-57.9464285714286,-61.4642857142857,1.87747167263712,356.796027047294,31.74687399183,26.8464016060152,-57.9361047744751,-61.4583334287008,1.189764110744,-1.66447696685791,0.114917448007812,0.0759097059567769,34.0358818372091,38.0438671429952,26.40696463556,10.51236837894
2012-01-08,-57.9464285714286,-61.4642857142857,1.96927226441247,356.527827671596,32.5852311679295,26.8464016060152,-57.9361047744751,-61.4583334287008,1.17759332855542,-1.66497035125891,0.0887122203285495,0.0753908912651241,34.0434986750285,44.5277792453766,26.40696463556,22.399636417613
2012-01-09,-57.9464285714286,-61.4642857142857,1.94384477393968,355.961103166853,18.4128092697689,26.8464016060152,-57.9361047744751,-61.4583334287008,1.21521043926477,-1.65589617093404,0.0638803266609708,-0.0233720919117332,34.0422652244568,39.7389160315196,26.40696463556,57.8829760788671
2012-01-10,-57.9464285714286,-61.4642857142857,1.73592281341553,353.623692103795,17.2619617666517,26.8464016060152,-57.9361047744751,-61.4583334287008,1.23422347456217,-1.65199997723103,0.0789005198515952,-0.0412610250525176,34.0370897928874,32.8353745698929,26.40696463556,60.0501272694992
2012-01-11,-57.9464285714286,-61.4642857142857,1.64509314724377,352.102985927037,22.0938564368657,26.8464016060152,-57.9361047744751,-61.4583334287008,1.26687827905019,-1.6595405926307,0.0747957807344695,0.0762148909581204,34.0345339139303,30.7995355765025,26.40696463556,31.8539146511215
2012-01-12,-57.9464285714286,-61.4642857142857,1.70039543509483,352.274357386998,26.7242057664054,26.8464016060152,-57.9361047744751,-61.4583334287008,1.21116369068623,-1.6646244674921,0.0674204736637572,0.103991820818434,34.043371518453,44.6943590164185,26.40696463556,50.3282912235676
2012-01-13,-57.9464285714286,-61.4642857142857,1.77819438917296,353.047380719866,24.2055110590798,26.8464016060152,-57.9361047744751,-61.4583334287008,1.29783015549183,-1.65992716352145,0.0749941506423056,0.0419324318878353,34.0374966303508,36.169521911939,26.40696463556,26.5272370983911
2012-01-14,-57.9464285714286,-61.4642857142857,1.79721310309001,353.330732073103,29.337368624551,26.8464016060152,-57.9361047744751,-61.4583334287008,1.32040774722894,-1.65923540194829,0.0726696575991809,0.0636361786474784,34.0341650009155,39.6829654057821,26.40696463556,30.1623803595355
2012-01-15,-57.9464285714286,-61.4642857142857,1.80325903637069,353.306747436523,31.741146496364,26.8464016060152,-57.9361047744751,-61.4583334287008,1.40023806194464,-1.6515549192826,0.0582293161191046,0.0529445275043448,34.0334656715393,37.6013487577438,26.40696463556,40.522349858471
2012-01-16,-57.9464285714286,-61.4642857142857,1.79780518157142,353.53122820173,31.5109560149057,26.8464016060152,-57.9361047744751,-61.4583334287008,1.4806543280681,-1.64875483810902,0.0531835896273454,0.0400504573869208,34.0327407836914,34.6385097821554,26.40696463556,44.8419107419066
2012-01-17,-57.9464285714286,-61.4642857142857,1.75251687424523,352.782095772879,18.2861401694162,26.8464016060152,-57.9361047744751,-61.4583334287008,1.55042574703693,-1.64610990583897,0.111875770054758,-0.0222276478695373,34.0237631797791,27.8977337916692,26.40696463556,28.3570114647626
2012-01-18,-57.9464285714286,-61.4642857142857,1.69562890699932,351.376028878348,26.5584068979536,26.8464016060152,-57.9361047744751,-61.4583334287008,1.51051974495252,-1.64706106583277,0.124937690825512,0.0072583186129729,34.0195286750793,37.1422993501027,26.40696463556,9.34875603834918
2012-01-19,-57.9464285714286,-61.4642857142857,1.72558406846864,351.218294416155,28.5661604063851,26.8464016060152,-57.9361047744751,-61.4583334287008,1.58762781620026,-1.65012563169003,0.0881679742286603,0.0220292773718635,34.0130818049113,35.6138307094574,26.40696463556,20.1868945470322
2012-01-20,-57.9464285714286,-61.4642857142857,1.72088146635464,351.655953543527,29.0987043380737,26.8464016060152,-57.9361047744751,-61.4583334287008,1.65959656238556,-1.65132348239422,0.082928963098675,0.0228787093112866,34.0085547765096,34.0510284582774,26.40696463556,23.2658329359223
2012-01-21,-57.9464285714286,-61.4642857142857,1.68727130762168,351.053272792271,23.8479176930019,26.8464016060152,-57.9361047744751,-61.4583334287008,1.69679252008597,-1.6529663960139,0.131478824559599,0.0422681357401113,34.0025402069092,34.9297073205312,26.40696463556,1.34691286104251
2012-01-22,-57.9464285714286,-61.4642857142857,1.6801335811615,350.326605660575,26.2288918495178,26.8464016060152,-57.9361047744751,-61.4583334287008,1.70990937054157,-1.65626493593057,0.0997548339888454,0.0407015188286702,33.9961695035299,36.3475465138753,26.40696463556,11.5968656959866
2012-01-23,-57.9464285714286,-61.4642857142857,1.67260133368628,350.343372889927,28.3300256729126,26.8464016060152,-57.9361047744751,-61.4583334287008,1.75878782769044,-1.64791049957275,0.0936206137761474,0.0486108990386128,33.9853480974833,35.4892134110133,26.40696463556,14.7877105244231
2012-01-24,-57.9464285714286,-61.4642857142857,1.6571130156517,350.365626743862,26.1756385394505,26.8464016060152,-57.9361047744751,-61.4583334287008,1.77675101856391,-1.64938301245371,0.0837071856173376,0.0627307962315778,33.9754295349121,36.3246575514476,26.40696463556,22.3044229595492
2012-01-25,-57.9464285714286,-61.4642857142857,1.61635476350784,350.218745640346,19.505327974047,26.8464016060152,-57.9361047744751,-61.4583334287008,1.82951751947403,-1.64447970290979,0.114978484250605,0.022537919289122,33.9631839434306,33.7534731388092,26.40696463556,7.68181435667192
2012-01-26,-57.9464285714286,-61.4642857142857,1.5820649436542,350.055672781808,25.8146098000663,26.8464016060152,-57.9361047744751,-61.4583334287008,1.85875424941381,-1.63839635451635,0.11587878021722,0.0402946053383251,33.9565715789795,33.7089669466019,26.40696463556,5.16335263263719
2012-01-27,-57.9464285714286,-61.4642857142857,1.53948192937034,350.406160627093,26.7396431991032,26.8464016060152,-57.9361047744751,-61.4583334287008,1.94009828368823,-1.62605670491854,0.07450076766933,-0.010778120222191,33.949209022522,25.9496354579926,26.40696463556,41.8473468333619
2012-01-28,-57.9464285714286,-61.4642857142857,1.48228734944548,351.257400512695,26.5353010381971,26.8464016060152,-57.9361047744751,-61.4583334287008,2.25814998149872,-1.62053031126658,0.0810012108025451,0.0018158512810866,33.94221534729,16.2650947014491,26.40696463556,31.1931581377811
2012-01-29,-57.9464285714286,-61.4642857142857,1.39905654106821,351.366324288504,21.7140367712293,26.8464016060152,-57.9361047744751,-61.4583334287008,2.32188483476639,-1.61983855366707,0.0731986443512142,-0.0226905117121836,33.9334287961324,10.5288858413696,26.40696463556,50.0402263084404
2012-01-30,-57.9464285714286,-61.4642857142857,1.31628356873989,349.413766043527,16.5931257520403,26.8464016060152,-57.9361047744751,-61.4583334287008,2.13783991336823,-1.62128055294355,0.0365510018542409,-0.0106306141863267,33.9169235547384,13.3162436803182,26.40696463556,76.7862293918139
2012-01-31,-57.9464285714286,-61.4642857142857,1.23087611155851,348.215680803571,21.1563795975276,26.8464016060152,-57.9361047744751,-61.4583334287008,2.17088536024094,-1.62488682369391,0.0744193855362634,0.0175634020939469,33.909573841095,15.5173912127813,26.40696463556,30.4102177477402
2012-02-01,-57.9464285714286,-61.4642857142857,1.14937453184809,348.614573887416,19.46320104599,26.8464016060152,-57.9361047744751,-61.4583334287008,2.33226114114126,-1.62497837344805,0.0861232331953943,-0.00749229413146774,33.9031396547953,11.0680464824041,26.40696463556,32.2585081597136
2012-02-02,-57.9464285714286,-61.4642857142857,1.07114911718028,347.811098371233,14.0043500150953,26.8464016060152,-57.9361047744751,-61.4583334287008,2.26668906609217,-1.61788537005583,0.110894089968254,-0.0234890795312822,33.8960056304932,12.2658981402715,26.40696463556,29.5573767743533
2012-02-03,-57.9464285714286,-61.4642857142857,1.05229324102402,346.2786189488,13.3355449267796,26.8464016060152,-57.9361047744751,-61.4583334287008,2.20770899852117,-1.61756238540014,0.151895708031952,0.0268918932415545,33.8975697835286,19.0702545404434,26.40696463556,1.53993729924269
2012-02-04,-57.9464285714286,-61.4642857142857,1.04894979510989,345.103873116629,14.347779921123,26.8464016060152,-57.9361047744751,-61.4583334287008,2.20688499013583,-1.61819564700127,0.150090029183775,0.0119123914279044,33.8936786651611,22.3204757849375,26.40696463556,5.16069886970579
2012-02-05,-57.9464285714286,-61.4642857142857,1.02030066932951,344.318195887974,17.0938124997275,26.8464016060152,-57.9361047744751,-61.4583334287008,2.24156622489293,-1.61988432904085,0.140588600343714,0.00116478974620501,33.881255086263,21.0145379940669,26.40696463556,9.41660602429236
2012-02-06,-57.9464285714286,-61.4642857142857,0.985096446105412,344.069178989955,17.179696559906,26.8464016060152,-57.9361047744751,-61.4583334287008,2.31676383018494,-1.62156539758046,0.112364065367728,0.0511439356642465,33.8627660433451,17.8495140949885,26.40696463556,6.53831068801669
2012-02-07,-57.9464285714286,-61.4642857142857,0.97078712284565,344.323405674526,16.9930258478437,26.8464016060152,-57.9361047744751,-61.4583334287008,2.37200232744217,-1.61387727459272,0.101153599532942,0.0440941597335041,33.8556829770406,18.3492547273636,26.40696463556,10.8816184353252
2012-02-08,-57.9464285714286,-61.4642857142857,0.960553443857602,344.762113298689,16.8390578883035,26.8464016060152,-57.9361047744751,-61.4583334287008,2.41639455556869,-1.60496332844098,0.114729250160356,0.0400402843952179,33.842191473643,18.3848596493403,26.40696463556,5.54659528166011
2012-02-09,-57.9464285714286,-61.4642857142857,0.953020926032748,343.814010620117,9.8371468271528,26.8464016060152,-57.9361047744751,-61.4583334287008,2.43697015047073,-1.59143599669139,0.205923643118391,0.0342875452712178,33.8219349543254,18.237353626887,26.40696463556,17.356763609193
2012-02-10,-57.9464285714286,-61.4642857142857,0.988874488643238,342.673747471401,15.6229470116752,26.8464016060152,-57.9361047744751,-61.4583334287008,2.28996249437332,-1.59098330835501,0.163355408391605,0.0853246659350892,33.8288526535034,26.6146847009659,26.40696463556,9.76519338052208
2012-02-11,-57.9464285714286,-61.4642857142857,1.03068451370512,342.159155709403,12.6548727580479,26.8464016060152,-57.9361047744751,-61.4583334287008,2.30972016056379,-1.58561967611313,0.194591101786743,0.0416119876628121,33.8139746030172,27.6001783132553,26.40696463556,10.9724545449843
2012-02-12,-57.9464285714286,-61.4642857142857,1.04022513542856,341.715153285435,14.0520464352199,26.8464016060152,-57.9361047744751,-61.4583334287008,2.46125677426656,-1.58689637283484,0.173833429844429,0.0437533694319427,33.7868131637573,19.2228470166524,26.40696463556,3.38773902595311
2012-02-13,-57.9464285714286,-61.4642857142857,1.03506000339985,341.788334437779,16.0516198362623,26.8464016060152,-57.9361047744751,-61.4583334287008,2.45674002369245,-1.5938367853562,0.122074038007607,0.0639769686385989,33.7699770609538,18.082217780749,26.40696463556,5.31409058381235
2012-02-14,-57.9464285714286,-61.4642857142857,1.03234534604209,341.533266339983,16.5376521519252,26.8464016060152,-57.9361047744751,-61.4583334287008,2.4350840985775,-1.58154799838861,0.167673777540525,0.0961434774411221,33.7593718210856,23.6861793200175,26.40696463556,15.5906046232151
2012-02-15,-57.9464285714286,-61.4642857142857,1.06621332679476,341.196655273438,15.0028887816838,26.8464016060152,-57.9361047744751,-61.4583334287008,2.35985597173373,-1.56797234714031,0.155964843307932,0.112455621175468,33.7579604466756,30.8554861227671,26.40696463556,23.7926308411457
2012-02-16,-57.9464285714286,-61.4642857142857,1.11273939056056,341.511324201311,17.8839959076473,26.8464016060152,-57.9361047744751,-61.4583334287008,2.36272471348445,-1.55437380969524,0.142124698404223,0.0697653125971556,33.7457401275635,27.4819191773732,26.40696463556,3.49140680165342
2012-02-17,-57.9464285714286,-61.4642857142857,1.14824759960175,342.335176740374,18.2716255528586,26.8464016060152,-57.9361047744751,-61.4583334287008,2.40838649471601,-1.5471510887146,0.168533381633461,0.0628020063042641,33.7334945996602,23.0821671326955,26.40696463556,3.92393322272077
2012-02-18,-57.9464285714286,-61.4642857142857,1.15545524018151,342.906991141183,18.2784992286137,26.8464016060152,-57.9361047744751,-61.4583334287008,2.43712272445361,-1.54063030779362,0.162175359670073,0.0257271037126581,33.715018081665,17.3154401461283,26.40696463556,2.69442394600874
2012-02-19,-57.9464285714286,-61.4642857142857,1.0895335567849,342.333391462054,16.8316889149802,26.8464016060152,-57.9361047744751,-61.4583334287008,2.36316417058309,-1.54528184235096,0.0783054080791771,0.0357829523893694,33.7243897120158,25.5389072974523,26.40696463556,24.4847592331283
2012-02-20,-57.9464285714286,-61.4642857142857,1.06160477229527,342.1089957101,16.3612656593323,26.8464016060152,-57.9361047744751,-61.4583334287008,2.29060335556666,-1.54265215893586,0.139281390296916,0.0847244685515761,33.7191759427389,27.7311535199483,26.40696463556,8.67277210825388
2012-02-21,-57.9464285714286,-61.4642857142857,1.06785505158561,342.972551618304,17.0894910948617,26.8464016060152,-57.9361047744751,-61.4583334287008,2.3171483596166,-1.54355499843756,0.141407512625058,0.049851985120525,33.7071466128031,21.9275501648585,26.40696463556,0.378306156117716
2012-02-22,-57.9464285714286,-61.4642857142857,1.05553014576435,343.835126604353,15.4333495412554,26.8464016060152,-57.9361047744751,-61.4583334287008,2.30074162284533,-1.54016744395097,0.145446129608899,0.0298165836681922,33.701017665863,24.128697792689,26.40696463556,1.02769652479982
2012-02-23,-57.9464285714286,-61.4642857142857,1.02040959043162,344.055668422154,15.7018620286669,26.8464016060152,-57.9361047744751,-61.4583334287008,2.27439194420973,-1.53616952399413,0.128564307404061,0.0366272980036835,33.7034973144531,26.6706352631251,26.40696463556,2.11961247180363
2012-02-24,-57.9464285714286,-61.4642857142857,0.973129287362099,344.354801722935,15.3828496932983,26.8464016060152,-57.9361047744751,-61.4583334287008,2.28125250140826,-1.53551083604495,0.14745017879953,0.0441653697441022,33.702441851298,25.8669812122981,26.40696463556,0.000842836635784698
2012-02-25,-57.9464285714286,-61.4642857142857,0.950892586793218,344.778747558594,14.7162720475878,26.8464016060152,-57.9361047744751,-61.4583334287008,2.27766962746779,-1.53192998667558,0.185867895092815,0.0750144965325793,33.7000003814697,26.6045118808746,26.40696463556,12.0666698423393
2012-02-26,-57.9464285714286,-61.4642857142857,0.972939919148173,344.772999354771,14.1961650167193,26.8464016060152,-57.9361047744751,-61.4583334287008,2.26714073717594,-1.53741823633512,0.206213567964733,0.109317301337918,33.6924088478088,28.5055605014165,26.40696463556,38.4173467953943
2012-02-27,-57.9464285714286,-61.4642857142857,1.0063432689224,344.653104509626,13.2630370344434,26.8464016060152,-57.9361047744751,-61.4583334287008,2.26100650926431,-1.54393393496672,0.224850204586983,0.0742311879371603,33.6923581759135,29.5495481491089,26.40696463556,34.2625674356992
2012-02-28,-57.9464285714286,-61.4642857142857,1.00234869761126,344.183336530413,7.77182410444532,26.8464016060152,-57.9361047744751,-61.4583334287008,2.25796687702338,-1.54996388057868,0.246640420736124,0.0627358823083341,33.698983224233,29.7644492467244,26.40696463556,50.605769712103
2012-02-29,-57.9464285714286,-61.4642857142857,1.00512253386634,343.352484566825,12.3885011672974,26.8464016060152,-57.9361047744751,-61.4583334287008,2.2348948776722,-1.56008331179619,0.241645557216058,0.121865494952848,33.7085836728414,33.1647201061249,26.40696463556,74.3786832765541
2012-03-01,-57.9464285714286,-61.4642857142857,1.01497630349227,342.742555890764,6.53107668672289,26.8464016060152,-57.9361047744751,-61.4583334287008,2.21159705221653,-1.55327514608701,0.215089366864413,0.0632699569066366,33.7062693595886,33.9175102074941,26.40696463556,24.5010499165204
2012-03-02,-57.9464285714286,-61.4642857142857,1.00510759438787,342.3538949149,13.2642203058515,26.8464016060152,-57.9361047744751,-61.4583334287008,2.25754572351774,-1.53961556553841,0.212098553807785,0.0154372792070111,33.7042984008789,29.3143012444178,26.40696463556,24.7357718111139
2012-03-03,-57.9464285714286,-61.4642857142857,1.00641891360283,342.465053013393,15.4268848896027,26.8464016060152,-57.9361047744751,-61.4583334287008,2.35645620624224,-1.52665028969447,0.198573769753178,0.0410982590479155,33.7011576334635,22.6129449367523,26.40696463556,12.9284896840641
2012-03-04,-57.9464285714286,-61.4642857142857,0.963804777179446,341.833326067243,12.2724559988294,26.8464016060152,-57.9361047744751,-61.4583334287008,2.38586995104949,-1.52475305000941,0.164174320859214,-0.0146183659012119,33.6948886871338,23.0084140459696,26.40696463556,18.4957654297065
2012-03-05,-57.9464285714286,-61.4642857142857,0.901108043534415,340.653614589146,13.5681415966579,26.8464016060152,-57.9361047744751,-61.4583334287008,2.40101323127747,-1.53053376575311,0.22940763461714,0.0310627561373015,33.693629805247,22.2683401346207,26.40696463556,34.1267966143475
2012-03-06,-57.9464285714286,-61.4642857142857,0.870279656989234,340.233038766044,11.544761623655,26.8464016060152,-57.9361047744751,-61.4583334287008,2.46181221206983,-1.53940193851789,0.194830164313316,0.0260577206499875,33.6733986536662,15.9103171428045,26.40696463556,12.6591586488485
2012-03-07,-57.9464285714286,-61.4642857142857,0.81809606722423,339.67879813058,9.37968376704625,26.8464016060152,-57.9361047744751,-61.4583334287008,2.46617635687192,-1.54781741996606,0.180750959552824,0.0114902187449237,33.6655782063802,20.695365301768,26.40696463556,10.6981098249424
2012-03-08,-57.9464285714286,-61.4642857142857,0.798794740012714,339.591792515346,10.575505903789,26.8464016060152,-57.9361047744751,-61.4583334287008,2.47334210276604,-1.55476546486219,0.197576829977334,0.0797346921948095,33.6524043401082,20.9369701306025,26.40696463556,18.7863178063256
2012-03-09,-57.9464285714286,-61.4642857142857,0.832686002765383,339.972673688616,11.0580571038382,26.8464016060152,-57.9361047744751,-61.4583334287008,2.45224769910177,-1.55829797883828,0.233761609128366,0.101351970092704,33.6470636367798,24.8814876556396,26.40696463556,53.413519324991
2012-03-10,-57.9464285714286,-61.4642857142857,0.859654430832182,340.055738176618,11.2325563771384,26.8464016060152,-57.9361047744751,-61.4583334287008,2.36378675202529,-1.5744143029054,0.135171564637373,0.100670390358816,33.6438339233398,30.4473009904226,26.40696463556,16.8794734480393
2012-03-11,-57.9464285714286,-61.4642857142857,0.860046872070858,340.215262276786,11.9283714294434,26.8464016060152,-57.9361047744751,-61.4583334287008,2.36150396863619,-1.57833592096965,0.134668009231488,0.0579190444822113,33.6468857447306,30.2323999722799,26.40696463556,1.83739962814814
2012-03-12,-57.9464285714286,-61.4642857142857,0.863684045416968,340.558896745954,12.0362312453134,26.8464016060152,-57.9361047744751,-61.4583334287008,2.38085270623366,-1.57251960833867,0.157043163074801,0.0758588414949675,33.6511965115865,28.4000177542369,26.40696463556,5.51510901196095
2012-03-13,-57.9464285714286,-61.4642857142857,0.894484330500875,340.971599033901,11.1465059007917,26.8464016060152,-57.9361047744751,-61.4583334287008,2.37604910929998,-1.56836908559004,0.187317525036633,0.0753451130352914,33.6554816881816,29.3219307899475,26.40696463556,12.7321802610042
2012-03-14,-57.9464285714286,-61.4642857142857,0.927928786192622,341.182747977121,8.85358716760363,26.8464016060152,-57.9361047744751,-61.4583334287008,2.36959136724472,-1.56741538345814,0.196895250026137,0.0431328266859055,33.6604406992594,30.9394118626912,26.40696463556,12.0529199086908
2012-03-15,-57.9464285714286,-61.4642857142857,0.925142699054309,340.888347080776,5.61399972438812,26.8464016060152,-57.9361047744751,-61.4583334287008,2.37306437889735,-1.56154311398665,0.21226640616854,0.0207322406272093,33.6685025850932,31.6680413881938,26.40696463556,23.4738578178528
2012-03-16,-57.9464285714286,-61.4642857142857,0.854495780808585,339.831763131278,3.55049418551581,26.8464016060152,-57.9361047744751,-61.4583334287008,2.33308513561885,-1.5610853344202,0.243629260640591,0.0363322853110731,33.6768063545227,33.9747322718302,26.40696463556,46.2026897268749
2012-03-17,-57.9464285714286,-61.4642857142857,0.836376818163054,339.228709629604,7.48977102552141,26.8464016060152,-57.9361047744751,-61.4583334287008,2.29017611543338,-1.57441684405009,0.194153670687228,0.0699331641818086,33.6798199971517,35.2158183892568,26.40696463556,14.1148009113077
2012-03-18,-57.9464285714286,-61.4642857142857,0.866512479526656,339.265666416713,10.1819885798863,26.8464016060152,-57.9361047744751,-61.4583334287008,2.19984131256739,-1.5817514538765,0.1870174253049,0.0989308349477748,33.6791081428528,36.6107687791189,26.40696463556,22.7983788977181
2012-03-19,-57.9464285714286,-61.4642857142857,0.904760609780039,339.520797729492,9.3812141588756,26.8464016060152,-57.9361047744751,-61.4583334287008,2.0725425183773,-1.58515426615874,0.154749189565579,0.117338582221419,33.6668882369995,37.8912745316823,26.40696463556,27.1647506977253
2012-03-20,-57.9464285714286,-61.4642857142857,0.938352135675294,339.97272164481,8.73004451819829,26.8464016060152,-57.9361047744751,-61.4583334287008,2.0004455725352,-1.57984404365222,0.123884802746276,0.0560777611409624,33.650624370575,35.9075714588165,26.40696463556,3.59520846767043
2012-03-21,-57.9464285714286,-61.4642857142857,0.975278196590287,340.623160226004,10.688987663814,26.8464016060152,-57.9361047744751,-61.4583334287008,1.926346646746,-1.57756787935893,0.121351766493171,0.059592476207763,33.6434144337972,35.7308184067408,26.40696463556,4.72092796169765
2012-03-22,-57.9464285714286,-61.4642857142857,1.01282834368093,341.292068481445,11.8027450357165,26.8464016060152,-57.9361047744751,-61.4583334287008,1.83065280715624,-1.56975259383519,0.0899634792779883,0.0756655576949318,33.6326185544332,34.471929693222,26.40696463556,21.7547804320217
2012-03-23,-57.9464285714286,-61.4642857142857,1.04720750876835,341.99634878976,12.2514463492802,26.8464016060152,-57.9361047744751,-61.4583334287008,1.72626119454702,-1.56033763388793,0.097964415854464,0.0679647206018368,33.6312705675761,35.306102180481,26.40696463556,15.3017942975052
2012-03-24,-57.9464285714286,-61.4642857142857,1.06515341997147,342.652818952288,12.0813841138567,26.8464016060152,-57.9361047744751,-61.4583334287008,1.67508165836334,-1.56469923158487,0.132099367398769,0.0318206326415141,33.6331651687622,35.6799538930257,26.40696463556,1.96982264059197
2012-03-25,-57.9464285714286,-61.4642857142857,1.06575207412243,343.03925214495,11.2168825183596,26.8464016060152,-57.9361047744751,-61.4583334287008,1.65271158615748,-1.55869472225507,0.149393189574281,0.04722230679666,33.6366366068522,35.9940403620402,26.40696463556,0.0659009330173527
2012-03-26,-57.9464285714286,-61.4642857142857,1.03588948931013,342.74637058803,7.47997272014618,26.8464016060152,-57.9361047744751,-61.4583334287008,1.60394301315149,-1.56086916327477,0.192739645360659,0.0838546907218794,33.6292485555013,35.0276207923889,26.40696463556,18.0546036962163
2012-03-27,-57.9464285714286,-61.4642857142857,0.981766215392521,342.116396222796,6.44933978148869,26.8464016060152,-57.9361047744751,-61.4583334287008,1.57577442626158,-1.56843521098296,0.215435244794935,0.067267881333828,33.6179567972819,34.9398800373077,26.40696463556,25.5863691699331
2012-03-28,-57.9464285714286,-61.4642857142857,0.946446333612714,341.830307006836,8.09391134125846,26.8464016060152,-57.9361047744751,-61.4583334287008,1.55391706923644,-1.57147180736065,0.198558510343234,0.0215511539330085,33.6107850392659,33.0502757231394,26.40696463556,15.3901717696585
2012-03-29,-57.9464285714286,-61.4642857142857,0.945479020476341,342.107262747628,9.85284517492567,26.8464016060152,-57.9361047744751,-61.4583334287008,1.50292063901822,-1.57751192251841,0.10409863612925,0.045538702296714,33.6061945915222,31.4467823346456,26.40696463556,9.5635005056915
2012-03-30,-57.9464285714286,-61.4642857142857,0.944187255842345,342.584466116769,8.29422155448369,26.8464016060152,-57.9361047744751,-61.4583334287008,1.42810145864884,-1.56258329153061,0.10896125237147,0.0500707011669874,33.6098184903463,33.5881645123164,26.40696463556,7.73081396814383
2012-03-31,-57.9464285714286,-61.4642857142857,0.887644501669066,342.431276593889,4.51533628361566,26.8464016060152,-57.9361047744751,-61.4583334287008,1.39279154837131,-1.54764956335227,0.116967273689806,-0.0215664134981732,33.6232974688212,36.9223119099935,26.40696463556,26.2218610915255
2012-04-01,-57.9464285714286,-61.4642857142857,0.830079668334552,342.277705601283,5.37879594734737,26.8464016060152,-57.9361047744751,-61.4583334287008,1.36900542626778,-1.55049033463001,0.0949329103032748,0.00362152975673477,33.6336101214091,38.9022001584371,26.40696463556,22.112140021906
2012-04-02,-57.9464285714286,-61.4642857142857,0.772662516151156,342.052130562919,3.00297628981727,26.8464016060152,-57.9361047744751,-61.4583334287008,1.36005128870408,-1.54779452184836,0.103620512162646,-0.0171157974749804,33.6433253924052,40.599792432785,26.40696463556,28.4111136971512
2012-04-03,-57.9464285714286,-61.4642857142857,0.653319842049054,340.79245867048,2.18005230597087,26.8464016060152,-57.9361047744751,-61.4583334287008,1.34646445264419,-1.55042929053307,0.0914792327210307,-0.0528885765311619,33.6615599314372,43.3235694726308,26.40696463556,62.7588921736763
2012-04-04,-57.9464285714286,-61.4642857142857,0.599627931203161,340.055478777204,5.07611094202314,26.8464016060152,-57.9361047744751,-61.4583334287008,1.32591328670581,-1.56411430339018,0.100985748444994,0.0152033040920893,33.6728007634481,45.1584948857625,26.40696463556,15.094110922984
2012-04-05,-57.9464285714286,-61.4642857142857,0.571022810680526,339.550735473633,3.13873985835484,26.8464016060152,-57.9361047744751,-61.4583334287008,1.26558429996173,-1.57255267302195,0.00750246653333306,0.0203914504808684,33.6778745333354,47.7601979573568,26.40696463556,101.200175123245
2012-04-06,-57.9464285714286,-61.4642857142857,0.543683471424239,339.136566162109,4.06864764009203,26.8464016060152,-57.9361047744751,-61.4583334287008,1.13670463065306,-1.56543168226878,-0.00745668907960256,0.0616321301087737,33.6861527125041,50.7026911576589,26.40696463556,122.092049147633
2012-04-07,-57.9464285714286,-61.4642857142857,0.549821410860334,339.607672555106,4.43452058519636,26.8464016060152,-57.9361047744751,-61.4583334287008,0.982836415370305,-1.55900499522686,0.0232296720457574,0.0730053609857957,33.6830627123515,52.0391473929087,26.40696463556,81.8131886783161
2012-04-08,-57.9464285714286,-61.4642857142857,0.563328536493438,340.288192749023,4.51520940235683,26.8464016060152,-57.9361047744751,-61.4583334287008,0.822931625197331,-1.55623035232226,0.0348470511846244,0.0739768667457004,33.6734367052714,51.6678387641907,26.40696463556,68.3025944768063
2012-04-09,-57.9464285714286,-61.4642857142857,0.56718267926148,340.637520926339,3.97645461559296,26.8464016060152,-57.9361047744751,-61.4583334287008,0.687417236467203,-1.56259091893832,0.041586556037267,0.0545670946749548,33.663734404246,51.5711968898773,26.40696463556,56.9740149681765
2012-04-10,-57.9464285714286,-61.4642857142857,0.550788287605558,340.592311314174,2.43311088425773,26.8464016060152,-57.9361047744751,-61.4583334287008,0.584655313193798,-1.56002481977145,0.0717439291067421,0.0010172836172084,33.6571093241374,52.1739374796549,26.40696463556,38.1455332510556
2012-04-11,-57.9464285714286,-61.4642857142857,0.522089366401945,340.680561610631,1.17694887518883,26.8464016060152,-57.9361047744751,-61.4583334287008,0.533243828949829,-1.56239763299624,0.138579464610666,0.015956093929708,33.6463645617167,50.9633700052897,26.40696463556,4.34601703644054
2012-04-12,-57.9464285714286,-61.4642857142857,0.524009131959506,341.437336512974,2.72667452267238,26.8464016060152,-57.9361047744751,-61.4583334287008,0.513620428244273,-1.57530696392059,0.191646066245933,0.0696991890668869,33.6340426762899,49.7731479962667,26.40696463556,12.9234851960224
2012-04-13,-57.9464285714286,-61.4642857142857,0.556713225586074,342.394973754883,3.86722188336509,26.8464016060152,-57.9361047744751,-61.4583334287008,0.454371795120339,-1.58162175118923,0.131397442799062,0.0732800277881324,33.6158714930217,49.0012839317322,26.40696463556,5.64488447924379
2012-04-14,-57.9464285714286,-61.4642857142857,0.567265540361404,342.735835484096,2.49507811239787,26.8464016060152,-57.9361047744751,-61.4583334287008,0.400720256380737,-1.58002970119317,0.072003336592267,0.004531998715053,33.5997985521952,45.8108281612396,26.40696463556,36.5010879292718
2012-04-15,-57.9464285714286,-61.4642857142857,0.565924178276743,342.892166137695,3.49660762718746,26.8464016060152,-57.9361047744751,-61.4583334287008,0.368175320016841,-1.57658111651738,0.111896114734312,0.0473748995301624,33.5939365069071,45.4268033504486,26.40696463556,6.50543398022461
2012-04-16,-57.9464285714286,-61.4642857142857,0.581172008599554,343.175330025809,4.47319402013506,26.8464016060152,-57.9361047744751,-61.4583334287008,0.310531955895325,-1.57079022626082,0.0740328174705307,0.0404065065085888,33.5877054532369,45.5387047290802,26.40696463556,27.274357520349
2012-04-17,-57.9464285714286,-61.4642857142857,0.56979846741472,342.99403163365,3.1065959249224,26.8464016060152,-57.9361047744751,-61.4583334287008,0.234693460725248,-1.57070630192757,0.00986256552860141,0.01709036535273,33.588544623057,47.7322225570679,26.40696463556,98.7491940469453
2012-04-18,-57.9464285714286,-61.4642857142857,0.527964249253273,342.242976597377,2.53114183459963,26.8464016060152,-57.9361047744751,-61.4583334287008,0.157426698505878,-1.57042145729065,0.0159204891882837,-0.0341654712644716,33.5959708849589,51.2075181007385,26.40696463556,117.483265194352
2012-04-19,-57.9464285714286,-61.4642857142857,0.487092516251973,341.554824829102,2.30483510664531,26.8464016060152,-57.9361047744751,-61.4583334287008,0.0902981843178471,-1.58183538019657,-0.0356354460430642,0.0241147090060016,33.6078604698181,54.0838876406352,26.40696463556,170.21980734465
2012-04-20,-57.9464285714286,-61.4642857142857,0.475755023104804,341.680524553571,2.52873023918697,26.8464016060152,-57.9361047744751,-61.4583334287008,-0.03836174638321,-1.58865372538567,0.00409965272992849,0.0668101032264531,33.6062580744425,54.0419246991475,26.40696463556,105.866505085496
2012-04-21,-57.9464285714286,-61.4642857142857,0.486842061792101,342.181836809431,3.16261948857989,26.8464016060152,-57.9361047744751,-61.4583334287008,-0.14869836512953,-1.60118411878745,0.0301522874583801,0.0563117365042369,33.6000145594279,54.0584554990133,26.40696463556,69.9732816795252
2012-04-22,-57.9464285714286,-61.4642857142857,0.510232612490654,342.892272949219,3.06430237633841,26.8464016060152,-57.9361047744751,-61.4583334287008,-0.257051280948023,-1.61434267958005,0.0766675825541218,0.0899024423211813,33.5865481058757,50.1622589747111,26.40696463556,35.8567890402713
2012-04-23,-57.9464285714286,-61.4642857142857,0.531953153865678,343.658155168806,2.46430603946958,26.8464016060152,-57.9361047744751,-61.4583334287008,-0.340348502558966,-1.61605935096741,0.115466780929516,0.0675628933745126,33.5671941439311,43.169705136617,26.40696463556,8.01460881075218
2012-04-24,-57.9464285714286,-61.4642857142857,0.550468038235392,344.450256347656,2.39352591548647,26.8464016060152,-57.9361047744751,-61.4583334287008,-0.385045912054678,-1.61366618871689,0.121545050262163,0.0785597301398714,33.5522148768107,40.3251257181168,26.40696463556,9.4342150529501
2012-04-25,-57.9464285714286,-61.4642857142857,0.575118316071374,345.235225132533,2.79091296025685,26.8464016060152,-57.9361047744751,-61.4583334287008,-0.468422478685776,-1.61332031289736,0.0876593325597545,0.0908485157725712,33.530139541626,36.6819785277049,26.40696463556,29.0808355680931
2012-04-26,-57.9464285714286,-61.4642857142857,0.599382807101522,345.855377197266,2.68243556363242,26.8464016060152,-57.9361047744751,-61.4583334287008,-0.505972453206778,-1.60583310425282,0.0955331075626115,0.0717591885477304,33.5068947792053,31.9083748817444,26.40696463556,17.5260365277999
2012-04-27,-57.9464285714286,-61.4642857142857,0.625291443296841,346.477698189872,3.35606993096215,26.8464016060152,-57.9361047744751,-61.4583334287008,-0.488741699978709,-1.59938352604707,0.0980661438467602,0.0697246212822696,33.4946873346965,28.4546965837479,26.40696463556,15.6891267936037
2012-04-28,-57.9464285714286,-61.4642857142857,0.645307841045516,347.013085501535,3.09621689149312,26.8464016060152,-57.9361047744751,-61.4583334287008,-0.454322928500672,-1.58473209738731,0.101250241914143,0.0578376618213952,33.4868923187256,25.0175492445628,26.40696463556,11.7997236213268
2012-04-29,-57.9464285714286,-61.4642857142857,0.654608741402626,347.394415719169,3.47053244284221,26.8464016060152,-57.9361047744751,-61.4583334287008,-0.415485073253512,-1.56875820060571,0.0971048105508089,0.0321156446201106,33.483128229777,23.3377596855164,26.40696463556,13.5534827374647
2012-04-30,-57.9464285714286,-61.4642857142857,0.63475301861763,347.397779192243,2.35559385163443,26.8464016060152,-57.9361047744751,-61.4583334287008,-0.337772738312682,-1.56030457615852,0.0989664398133755,-0.00364187536761165,33.4943058331807,27.8366967360179,26.40696463556,23.254477138753
2012-05-01,-57.9464285714286,-61.4642857142857,0.591017280306135,347.180661882673,1.65485904046467,26.8464016060152,-57.9361047744751,-61.4583334287008,-0.23417461036394,-1.56184575458368,0.0798059023606281,-0.0125837988220155,33.5093488057454,32.1868561903636,26.40696463556,39.1038675451209
2012-05-02,-57.9464285714286,-61.4642857142857,0.575530484318733,347.135641915458,2.66811568396432,26.8464016060152,-57.9361047744751,-61.4583334287008,-0.196862677733103,-1.56326487263044,0.0792972599156201,0.0269224118441343,33.5081917126973,30.5007084687551,26.40696463556,24.9172426472842
2012-05-03,-57.9464285714286,-61.4642857142857,0.586492361766951,347.348672049386,3.10182561193194,26.8464016060152,-57.9361047744751,-61.4583334287008,-0.227338460770746,-1.5667922993501,0.0734682249836624,0.0223039439568917,33.5052543322245,30.5007085005442,26.40696463556,29.9738717944493
2012-05-04,-57.9464285714286,-61.4642857142857,0.580461427569389,347.33549281529,2.09295133181981,26.8464016060152,-57.9361047744751,-61.4583334287008,-0.269606597162783,-1.56968901952108,0.0716422006798287,0.0169784641203781,33.5063732783,33.1214856227239,26.40696463556,32.6429237340363
2012-05-05,-57.9464285714286,-61.4642857142857,0.569072880915233,347.331778390067,1.73855286836624,26.8464016060152,-57.9361047744751,-61.4583334287008,-0.323972270637751,-1.56608274181684,0.0920539973303676,0.0290231027329961,33.504287815094,33.3376583576202,26.40696463556,16.6558286552285
2012-05-06,-57.9464285714286,-61.4642857142857,0.54355643263885,347.410858154297,0.742376361574445,26.8464016060152,-57.9361047744751,-61.4583334287008,-0.304593015089631,-1.56046733558178,0.120293791498989,0.0104220709453026,33.5079881032308,33.8412139415741,26.40696463556,9.40745801944815
2012-05-07,-57.9464285714286,-61.4642857142857,0.522038191556931,347.583840506417,1.42367681435176,26.8464016060152,-57.9361047744751,-61.4583334287008,-0.296713135764003,-1.55540635287762,0.103890092329433,0.0458337147099276,33.500447400411,26.1645366509755,26.40696463556,9.65996245472901
2012-05-08,-57.9464285714286,-61.4642857142857,0.514128697769982,347.850492204939,1.37600933653968,26.8464016060152,-57.9361047744751,-61.4583334287008,-0.355595549878975,-1.56007822553317,0.0548875395208597,0.0588651184923947,33.4946744918823,21.3171799500783,26.40696463556,44.2789163619988
2012-05-09,-57.9464285714286,-61.4642857142857,0.500346017735345,347.847263881138,1.732349387237,26.8464016060152,-57.9361047744751,-61.4583334287008,-0.392956307344139,-1.56605222821236,0.0676595353210966,0.025630461362501,33.5062458992004,27.9753017266591,26.40696463556,33.7955440554659
2012-05-10,-57.9464285714286,-61.4642857142857,0.496896418077605,347.843645368304,2.04943623713085,26.8464016060152,-57.9361047744751,-61.4583334287008,-0.433759555406868,-1.57135227521261,0.0809045691974461,0.0301421147150298,33.5188220024109,32.4488067626953,26.40696463556,23.3323764803396
2012-05-11,-57.9464285714286,-61.4642857142857,0.488743545753615,347.866121564593,1.12787941949708,26.8464016060152,-57.9361047744751,-61.4583334287008,-0.499661225825548,-1.57073172926903,0.112943916674703,0.0355235453695059,33.5243535677592,33.6301273187002,26.40696463556,6.43198975193076
2012-05-12,-57.9464285714286,-61.4642857142857,0.466742960470063,347.97577558245,0.465562739542552,26.8464016060152,-57.9361047744751,-61.4583334287008,-0.494473076611757,-1.57597837646802,0.13923561219126,0.0327107558647792,33.5287280718486,33.1710781812668,26.40696463556,0.999621704395169
2012-05-13,-57.9464285714286,-61.4642857142857,0.43255070916244,347.84935433524,0.340790229184287,26.8464016060152,-57.9361047744751,-61.4583334287008,-0.42515943950663,-1.57707448999087,0.14687541325887,0.00806705926855405,33.5465433120728,35.9241021633148,26.40696463556,6.44508619352106
2012-05-14,-57.9464285714286,-61.4642857142857,0.400824919342995,347.555934361049,0.448949517948287,26.8464016060152,-57.9361047744751,-61.4583334287008,-0.347257892104487,-1.56936094065507,0.148014770758649,0.0102389599196613,33.5722298622131,39.9525455474854,26.40696463556,5.68506329087794
2012-05-15,-57.9464285714286,-61.4642857142857,0.384124896356038,347.45811680385,0.596275595682008,26.8464016060152,-57.9361047744751,-61.4583334287008,-0.366753115939597,-1.56448815365632,0.111738435396304,0.028392386653771,33.5781935373942,37.3597438017527,26.40696463556,7.71522924737451
2012-05-16,-57.9464285714286,-61.4642857142857,0.370178375925337,347.253143310547,0.620023510285786,26.8464016060152,-57.9361047744751,-61.4583334287008,-0.308377310012778,-1.56150496701399,0.145715710024039,0.0329243854309122,33.6020108858744,42.5974831899007,26.40696463556,0.630509609414131
2012-05-17,-57.9464285714286,-61.4642857142857,0.373596770422799,347.452272687639,1.26271705968039,26.8464016060152,-57.9361047744751,-61.4583334287008,-0.344206040911376,-1.56608783006668,0.121468754361073,0.0573239336100717,33.601858329773,38.3846572081248,26.40696463556,4.36110483795616
2012-05-18,-57.9464285714286,-61.4642857142857,0.386946908065251,347.904194423131,1.01114496588707,26.8464016060152,-57.9361047744751,-61.4583334287008,-0.359904761860768,-1.57550533115864,0.135537786471347,0.0474257636504869,33.6060037295024,39.8559036095937,26.40696463556,0.81248909014508
2012-05-19,-57.9464285714286,-61.4642857142857,0.379104680248669,347.7386605399,0.428004384040833,26.8464016060152,-57.9361047744751,-61.4583334287008,-0.353288348577917,-1.58019247452418,0.118294829347481,-0.0344045330770314,33.6200677553813,42.8734214146932,26.40696463556,35.0574711480846
2012-05-20,-57.9464285714286,-61.4642857142857,0.34890108023371,346.679040091378,0.346086295587676,26.8464016060152,-57.9361047744751,-61.4583334287008,-0.255922099202871,-1.58198288877805,0.184092735995849,-0.0143843907862902,33.6546172777812,50.8362094720205,26.40696463556,23.6033133599399
2012-05-21,-57.9464285714286,-61.4642857142857,0.3446313057627,346.781742640904,0.887027131659644,26.8464016060152,-57.9361047744751,-61.4583334287008,-0.258406301401556,-1.58847569823265,0.15660064490512,0.0504216639325023,33.6608353614807,51.8941844940186,26.40696463556,0.59576190034837
2012-05-22,-57.9464285714286,-61.4642857142857,0.34939184997763,346.965301513672,0.671319412333625,26.8464016060152,-57.9361047744751,-61.4583334287008,-0.305899208659927,-1.58954130907853,0.0624815616446237,0.0378276923981806,33.6601742108663,48.9071852048238,26.40696463556,36.5879049619117
2012-05-23,-57.9464285714286,-61.4642857142857,0.353865476591246,346.979272024972,0.920670036758695,26.8464016060152,-57.9361047744751,-61.4583334287008,-0.356639283957581,-1.59301278591156,0.10053814308097,0.0434685301346084,33.6632896105448,48.6554074923197,26.40696463556,11.1717329753988
2012-05-24,-57.9464285714286,-61.4642857142857,0.363097101449966,347.331346784319,0.905664584466389,26.8464016060152,-57.9361047744751,-61.4583334287008,-0.407043652608991,-1.60518967409929,0.123620309587568,0.0472528256165485,33.6663541793823,47.6063337802887,26.40696463556,2.97865366445199
2012-05-25,-57.9464285714286,-61.4642857142857,0.370933592319489,347.868216378348,0.897226537976946,26.8464016060152,-57.9361047744751,-61.4583334287008,-0.454737978801131,-1.61650440593561,0.128050579192738,0.0814233832371732,33.6699911435445,46.5509019374847,26.40696463556,8.96938773554411
2012-05-26,-57.9464285714286,-61.4642857142857,0.361110144427844,348.017580304827,0.409849613904953,26.8464016060152,-57.9361047744751,-61.4583334287008,-0.504867679066956,-1.61528875430425,0.154143903404474,0.129164504632354,33.6674986521403,47.9890865961711,26.40696463556,36.5017493060223
2012-05-27,-57.9464285714286,-61.4642857142857,0.353545608265059,348.696803501674,0.551350904362542,26.8464016060152,-57.9361047744751,-61.4583334287008,-0.563170242744187,-1.60257016519705,0.0834884692293902,0.063595487177372,33.6675621986389,47.5160497347514,26.40696463556,22.6109192335948
2012-05-28,-57.9464285714286,-61.4642857142857,0.353465463433947,349.089978899275,0.723979281527655,26.8464016060152,-57.9361047744751,-61.4583334287008,-0.60504774308453,-1.5789946158727,0.0879797764432927,0.0432040364171068,33.6915448506673,51.9005423704783,26.40696463556,17.8978205652032
2012-05-29,-57.9464285714286,-61.4642857142857,0.354544677904674,349.397341047014,0.655368196112769,26.8464016060152,-57.9361047744751,-61.4583334287008,-0.691439537890255,-1.57850377758344,0.13684499633188,0.0726493117399514,33.6934141476949,48.226876783371,26.40696463556,4.71653105288333
2012-05-30,-57.9464285714286,-61.4642857142857,0.351160975439208,349.68771144322,0.468907564878464,26.8464016060152,-57.9361047744751,-61.4583334287008,-0.754002485734721,-1.5874965707461,0.106468906408797,0.0808435312782725,33.6901080131531,44.3980752150218,26.40696463556,15.3458910100966
2012-05-31,-57.9464285714286,-61.4642857142857,0.343976329479899,350.131798880441,0.492596187761852,26.8464016060152,-57.9361047744751,-61.4583334287008,-0.784069314474861,-1.58880377610524,0.124500259415557,0.11464278139174,33.6931599299113,46.2838649272919,26.40696463556,27.6971810555715
2012-06-01,-57.9464285714286,-61.4642857142857,0.337624605212893,350.997312273298,0.408078134059906,26.8464016060152,-57.9361047744751,-61.4583334287008,-0.82025816415747,-1.59487696190675,0.134601885794352,0.109144362869362,33.6919772466024,46.011741511027,26.40696463556,22.1179031793917
2012-06-02,-57.9464285714286,-61.4642857142857,0.331918135285378,352.04534476144,0.370689166443689,26.8464016060152,-57.9361047744751,-61.4583334287008,-0.849708525712291,-1.59909359912078,0.177999206477155,0.0933408607107898,33.6892559687297,45.1000009695689,26.40696463556,16.7519789148144
2012-06-03,-57.9464285714286,-61.4642857142857,0.323846416813987,352.895004272461,0.283839401389871,26.8464016060152,-57.9361047744751,-61.4583334287008,-0.887643033390244,-1.60843480726083,0.179738761329403,0.105253252976884,33.6845890680949,45.9456180413564,26.40696463556,23.8845776692257
2012-06-04,-57.9464285714286,-61.4642857142857,0.314106764537948,353.493988037109,0.229578614234924,26.8464016060152,-57.9361047744751,-61.4583334287008,-0.922354791934291,-1.60963265895844,0.109139276233812,0.0497960347061356,33.6833937327067,46.0384450435638,26.40696463556,7.64540966294112
2012-06-05,-57.9464285714286,-61.4642857142857,0.304879401411329,353.380676269531,0.369158472333636,26.8464016060152,-57.9361047744751,-61.4583334287008,-0.947892677287261,-1.59078747530778,0.0568051193840802,0.0486363313781718,33.7114576657613,51.0167771339417,26.40696463556,41.5138603735807
2012-06-06,-57.9464285714286,-61.4642857142857,0.297481680555003,353.422112601144,0.304465304527964,26.8464016060152,-57.9361047744751,-61.4583334287008,-1.00963773032029,-1.5924049526453,0.182480340947707,0.0595619576672713,33.712233320872,49.0839383920034,26.40696463556,7.22950445137433
2012-06-07,-57.9464285714286,-61.4642857142857,0.289756248039859,353.519069126674,0.2552781190191,26.8464016060152,-57.9361047744751,-61.4583334287008,-1.06214176292221,-1.60612048606078,0.0534277368026475,0.0592771183078488,33.7159337997437,49.5569751580556,26.40696463556,45.7082419186611
2012-06-08,-57.9464285714286,-61.4642857142857,0.282527708581516,353.687417166574,0.200805081852845,26.8464016060152,-57.9361047744751,-61.4583334287008,-1.12679828529557,-1.59988708198071,0.145512252518286,0.0830561235857507,33.7152470588684,46.9425561269124,26.40696463556,7.66961828864339
2012-06-09,-57.9464285714286,-61.4642857142857,0.274478109819548,353.946105957031,0.180446688617979,26.8464016060152,-57.9361047744751,-61.4583334287008,-1.15649278958639,-1.60028636157513,0.0321258175186813,0.0364085817399124,33.7195068677266,48.5155311902364,26.40696463556,67.1927334256449
2012-06-10,-57.9464285714286,-61.4642857142857,0.263981771256243,353.480760846819,0.157467187515327,26.8464016060152,-57.9361047744751,-61.4583334287008,-1.15418559412162,-1.58190150260925,0.0460676897317171,0.00727866472055515,33.7432223320007,55.9086399714152,26.40696463556,58.4787174437429
2012-06-11,-57.9464285714286,-61.4642857142857,0.255853402827467,353.348696027483,0.1458706004279,26.8464016060152,-57.9361047744751,-61.4583334287008,-1.20983914732933,-1.57111067175865,0.0788140508035819,0.0934222436820467,33.7488303502401,56.6995781262716,26.40696463556,36.031995484355
2012-06-12,-57.9464285714286,-61.4642857142857,0.249497302940914,353.447298322405,0.171153549637113,26.8464016060152,-57.9361047744751,-61.4583334287008,-1.28448132028182,-1.56803847352664,0.0560319832215707,0.0638040306357046,33.7416076978048,55.4165289878845,26.40696463556,44.0803005664927
2012-06-13,-57.9464285714286,-61.4642857142857,0.241864657827786,353.130456107003,0.131726929119655,26.8464016060152,-57.9361047744751,-61.4583334287008,-1.30680865893761,-1.57324696580569,0.0372529275094469,0.0155339214329918,33.7447993914286,56.6092943271001,26.40696463556,65.147853641613
2012-06-14,-57.9464285714286,-61.4642857142857,0.234479803059782,352.724692208426,0.159273166209459,26.8464016060152,-57.9361047744751,-61.4583334287008,-1.31956539402405,-1.57763654192289,0.051021861191839,0.0353506068699062,33.7458674430847,58.6540349721909,26.40696463556,47.2048108891175
2012-06-15,-57.9464285714286,-61.4642857142857,0.228627308138779,352.990594046456,0.0851448002670493,26.8464016060152,-57.9361047744751,-61.4583334287008,-1.36291999618212,-1.57968891263008,0.138823612903555,0.0396588030271232,33.7381997426351,53.6439127286275,26.40696463556,0.495692470865717
2012-06-16,-57.9464285714286,-61.4642857142857,0.225874572992325,354.059027535575,0.18539654889277,26.8464016060152,-57.9361047744751,-61.4583334287008,-1.41791434089343,-1.59398428996404,0.181503748769561,0.0795617542229593,33.7303021430969,37.5186943531036,26.40696463556,12.0163660145109
2012-06-17,-57.9464285714286,-61.4642857142857,0.221504274223532,354.988632202148,0.0785755280937467,26.8464016060152,-57.9361047744751,-61.4583334287008,-1.43509626587232,-1.59458957910538,0.158731854800135,0.0394960379227996,33.734981918335,40.9278664588928,26.40696463556,0.696579110451913
2012-06-18,-57.9464285714286,-61.4642857142857,0.21261715143919,354.310017177037,0.162554127829415,26.8464016060152,-57.9361047744751,-61.4583334287008,-1.37517621914546,-1.60049744546413,0.0576291190460324,0.0240994493477046,33.7701678593953,57.7384797175725,26.40696463556,42.6297780185648
2012-06-19,-57.9464285714286,-61.4642857142857,0.207816859441144,354.123450142997,0.149352930486202,26.8464016060152,-57.9361047744751,-61.4583334287008,-1.38240301012993,-1.5924024194479,0.183777377878626,0.0491144541030129,33.7833798090617,58.9999111970266,26.40696463556,6.60319415585173
2012-06-20,-57.9464285714286,-61.4642857142857,0.202791567359652,354.768214634487,0.0574582535773516,26.8464016060152,-57.9361047744751,-61.4583334287008,-1.40493176728487,-1.59249906241894,0.214819789243241,-0.0354879396657149,33.7811927159627,49.6752345085144,26.40696463556,54.0134800143162
2012-06-21,-57.9464285714286,-61.4642857142857,0.196822409118925,355.611216953823,0.0788571102810758,26.8464016060152,-57.9361047744751,-61.4583334287008,-1.36809593389432,-1.60465050935745,0.198960335925221,-0.0108544166199863,33.7921412150065,57.410405143102,26.40696463556,28.1065679598592
2012-06-22,-57.9464285714286,-61.4642857142857,0.191581326935972,356.107755388532,0.10500734139766,26.8464016060152,-57.9361047744751,-61.4583334287008,-1.34481031000614,-1.60565253694852,0.16661580229799,-0.048529516470929,33.798651822408,59.877318350474,26.40696463556,44.5389601146871
2012-06-23,-57.9464285714286,-61.4642857142857,0.188382498919964,356.663796561105,0.163330035018069,26.8464016060152,-57.9361047744751,-61.4583334287008,-1.35072479794423,-1.6072572996219,0.190115055007239,0.0454725790768862,33.8030896822612,62.3264290173848,26.40696463556,8.96239254156555
2012-06-24,-57.9464285714286,-61.4642857142857,0.186646151755537,357.126118251256,0.141761335411242,26.8464016060152,-57.9361047744751,-61.4583334287008,-1.37990659276644,-1.59847305715084,0.157623014350732,0.0225582648379107,33.802720896403,63.3958484649658,26.40696463556,2.77174432310737
2012-06-25,-57.9464285714286,-61.4642857142857,0.184817674968924,357.464224679129,0.179589172559125,26.8464016060152,-57.9361047744751,-61.4583334287008,-1.37629319826762,-1.58919542729855,0.193044831417501,-0.00526444294179479,33.8038526217143,64.1130335489909,26.40696463556,22.3476509665697
2012-06-26,-57.9464285714286,-61.4642857142857,0.183430567383766,357.724670410156,0.142841621169022,26.8464016060152,-57.9361047744751,-61.4583334287008,-1.37740407685439,-1.58237962722778,0.148477634042501,0.0199997965867321,33.8087864557902,66.773230266571,26.40696463556,2.87222463595878
2012-06-27,-57.9464285714286,-61.4642857142857,0.175795937223094,356.875305175781,0.0497742662472384,26.8464016060152,-57.9361047744751,-61.4583334287008,-1.36790061195691,-1.57374542355537,0.0258593504317105,-0.0204677471580605,33.8152589797974,70.1862168947856,26.40696463556,95.1064139368054
2012-06-28,-57.9464285714286,-61.4642857142857,0.166453421115875,356.041445050921,0.0599748058510678,26.8464016060152,-57.9361047744751,-61.4583334287008,-1.36107057183981,-1.56722972691059,0.0660115361524125,-0.0253049309675892,33.8243000984192,73.884043153127,26.40696463556,57.4371468666845
2012-06-29,-57.9464285714286,-61.4642857142857,0.159899182617664,356.077377319336,0.0452203487179109,26.8464016060152,-57.9361047744751,-61.4583334287008,-1.37676928838094,-1.56637013057868,0.0896328630236288,-0.0494908496116598,33.8173826535543,61.7656513690948,26.40696463556,60.5830531439393
2012-06-30,-57.9464285714286,-61.4642857142857,0.156252706689494,356.538994925363,0.140214434159654,26.8464016060152,-57.9361047744751,-61.4583334287008,-1.36663714498281,-1.5782189399004,0.130695517236988,-0.0293333740284046,33.8162508646647,65.476193745931,26.40696463556,28.3216546518493
2012-07-01,-57.9464285714286,-61.4642857142857,0.155240882720266,356.892802647182,0.143097286777837,26.8464016060152,-57.9361047744751,-61.4583334287008,-1.37493818004926,-1.58085370560487,0.127129937366893,0.0190079450296859,33.8155387878418,66.8266376495361,26.40696463556,5.24969150611308
2012-07-02,-57.9464285714286,-61.4642857142857,0.154777945152351,357.05980355399,0.147489760603224,26.8464016060152,-57.9361047744751,-61.4583334287008,-1.37839897324642,-1.57207963367303,0.128676208636413,0.0351318908855319,33.8166325887044,69.4614026705424,26.40696463556,2.21894897816513
2012-07-03,-57.9464285714286,-61.4642857142857,0.150403175503016,356.649015154157,0.0523830894380808,26.8464016060152,-57.9361047744751,-61.4583334287008,-1.37835625608762,-1.56052074531714,0.0845566168737908,-0.0340586565434933,33.816467444102,70.2294516245524,26.40696463556,50.4343972269197
2012-07-04,-57.9464285714286,-61.4642857142857,0.139817793986627,354.239700317383,0.0570374900209052,26.8464016060152,-57.9361047744751,-61.4583334287008,-1.33657641758521,-1.55964587926865,0.0450504067974786,-0.0301726331313451,33.819913482666,73.9247349421183,26.40696463556,80.2686994622796
2012-07-05,-57.9464285714286,-61.4642857142857,0.134599949632372,353.60067313058,0.123513206839561,26.8464016060152,-57.9361047744751,-61.4583334287008,-1.33944515536229,-1.56138035158316,0.0837631355971098,0.0102084413481255,33.8285352706909,76.6192647616069,26.40696463556,26.2016096397695
2012-07-06,-57.9464285714286,-61.4642857142857,0.133678728980677,353.594641549247,0.144793347588607,26.8464016060152,-57.9361047744751,-61.4583334287008,-1.35428325384855,-1.56092511514823,0.126280505768955,0.0433413695854445,33.8361392339071,77.9455485661825,26.40696463556,2.31830912404636
2012-07-07,-57.9464285714286,-61.4642857142857,0.13333164368357,353.854697091239,0.121634649911097,26.8464016060152,-57.9361047744751,-61.4583334287008,-1.37688525915146,-1.56420331497987,0.142628253996372,0.0159510075425108,33.8377286911011,77.7598942438761,26.40696463556,4.05590327327366
2012-07-08,-57.9464285714286,-61.4642857142857,0.132384201245649,354.427163260324,0.107851546257734,26.8464016060152,-57.9361047744751,-61.4583334287008,-1.42381662825743,-1.55953906277815,0.155741039384156,-0.0329701631329954,33.8266276041667,59.6408000628154,26.40696463556,29.9045962705891
2012-07-09,-57.9464285714286,-61.4642857142857,0.13007524769221,355.023941040039,0.0551086054848773,26.8464016060152,-57.9361047744751,-61.4583334287008,-1.43825187881788,-1.56405326624711,0.110329497884959,-0.0199489323422313,33.822393544515,53.5129373391469,26.40696463556,27.4423038281801
2012-07-10,-57.9464285714286,-61.4642857142857,0.127034043094942,355.225932529994,0.0873597235019718,26.8464016060152,-57.9361047744751,-61.4583334287008,-1.43220310509205,-1.56285540759563,0.107669301268955,-0.0195928830653429,33.8235253016154,58.4607510407766,26.40696463556,28.2476893616119
2012-07-11,-57.9464285714286,-61.4642857142857,0.126405158745391,355.16331917899,0.159918288035052,26.8464016060152,-57.9361047744751,-61.4583334287008,-1.43550521234671,-1.56439150671164,0.127562283134709,0.0150507115758955,33.8236013730367,63.2610581874847,26.40696463556,6.2268679267615
2012-07-12,-57.9464285714286,-61.4642857142857,0.127768746444157,355.049189976283,0.162725965891566,26.8464016060152,-57.9361047744751,-61.4583334287008,-1.45432292322318,-1.57390565474828,0.138106428117802,0.0231737216003239,33.8248220761617,69.1269701798757,26.40696463556,2.63017658567592
2012-07-13,-57.9464285714286,-61.4642857142857,0.127657919057778,354.885637555804,0.124646449727671,26.8464016060152,-57.9361047744751,-61.4583334287008,-1.45172884662946,-1.58762372732162,0.21047090018789,0.00204474016403158,33.829959487915,75.6960799535116,26.40696463556,28.4189721560145
2012-07-14,-57.9464285714286,-61.4642857142857,0.127791656979493,355.227876935686,0.118182911404542,26.8464016060152,-57.9361047744751,-61.4583334287008,-1.45581222871939,-1.60594754616419,0.183945228811353,0.0826695556441943,33.8347533543905,78.9348570187887,26.40696463556,14.0237194709839
2012-07-15,-57.9464285714286,-61.4642857142857,0.126768293125289,355.296750749861,0.0980258216815335,26.8464016060152,-57.9361047744751,-61.4583334287008,-1.46129945615927,-1.60736157298088,0.0867844680634638,-0.00746686197817326,33.8357451756795,80.1327083269755,26.40696463556,31.8397547086555
2012-07-16,-57.9464285714286,-61.4642857142857,0.126276496265616,355.133725847517,0.160950402596167,26.8464016060152,-57.9361047744751,-61.4583334287008,-1.45307777424653,-1.609604682525,0.114006978770097,0.0192826113663614,33.8429041544596,83.6982876459758,26.40696463556,8.75571207893245
2012-07-17,-57.9464285714286,-61.4642857142857,0.125577628080334,355.232585362026,0.07769246692104,26.8464016060152,-57.9361047744751,-61.4583334287008,-1.4480666299661,-1.60720897912979,0.195257423818111,-0.00396231977889935,33.8443792978923,84.2895837465922,26.40696463556,22.7406550581047
2012-07-18,-57.9464285714286,-61.4642857142857,0.122334150863545,355.654813494001,0.0492873492517642,26.8464016060152,-57.9361047744751,-61.4583334287008,-1.41599167684714,-1.61845759252707,0.19150364715606,-0.0092928860646983,33.8462103843689,85.5268554051717,26.40696463556,23.7263268802413
2012-07-19,-57.9464285714286,-61.4642857142857,0.121016807854176,356.372024536133,0.119669601853405,26.8464016060152,-57.9361047744751,-61.4583334287008,-1.399005078276,-1.63553524812063,0.183472191449255,0.0455793937668204,33.8485374132792,86.9014598210653,26.40696463556,6.37407221751069
2012-07-20,-57.9464285714286,-61.4642857142857,0.121934592723846,356.925238473075,0.144918262426342,26.8464016060152,-57.9361047744751,-61.4583334287008,-1.40332649846872,-1.64240954021613,0.166076642771562,0.0339823603319625,33.8517290751139,87.3363487879435,26.40696463556,2.16691792916025
2012-07-21,-57.9464285714286,-61.4642857142857,0.121464100267206,357.087350027902,0.126353699713945,26.8464016060152,-57.9361047744751,-61.4583334287008,-1.38712117274602,-1.63895331521829,0.160227260893832,0.00158187601094445,33.8529243469238,86.0672870000203,26.40696463556,9.75027337325908
2012-07-22,-57.9464285714286,-61.4642857142857,0.121915476662772,357.153804234096,0.24731129195009,26.8464016060152,-57.9361047744751,-61.4583334287008,-1.37964413364728,-1.63445692161719,0.144357635453343,-0.0103050833878418,33.8545773824056,84.2247321128845,26.40696463556,14.7817729082968
2012-07-23,-57.9464285714286,-61.4642857142857,0.122169315814972,357.162436349051,0.145125851035118,26.8464016060152,-57.9361047744751,-61.4583334287008,-1.362907782197,-1.63323109149933,0.134968108218163,0.00260424610848228,33.85382715861,81.575980091095,26.40696463556,9.37449561977351
2012-07-24,-57.9464285714286,-61.4642857142857,0.121700777539185,357.530766078404,0.0890728480049542,26.8464016060152,-57.9361047744751,-61.4583334287008,-1.38140810032686,-1.63714764018853,0.112119917540501,0.0685547449626029,33.8559888203939,81.0508071581523,26.40696463556,9.39196019228629
2012-07-25,-57.9464285714286,-61.4642857142857,0.11987459233829,357.928813389369,0.045730567271156,26.8464016060152,-57.9361047744751,-61.4583334287008,-1.38879968822002,-1.63876002728939,0.0517136141347388,0.0227718944661319,33.8548444112142,79.6533139864604,26.40696463556,48.4115163591775
2012-07-26,-57.9464285714286,-61.4642857142857,0.117463447685753,357.738089425223,0.0958928968757391,26.8464016060152,-57.9361047744751,-61.4583334287008,-1.4077699949344,-1.6490956346194,0.025569424747179,0.115787224471569,33.861011505127,82.0350296338399,26.40696463556,100.504293029198
2012-07-27,-57.9464285714286,-61.4642857142857,0.119341002511127,358.022327968052,0.201389854507787,26.8464016060152,-57.9361047744751,-61.4583334287008,-1.42935268481572,-1.64522486726443,0.0369426555621127,0.0449588508655628,33.8663775126139,83.7300782839457,26.40696463556,61.4567355575551
2012-07-28,-57.9464285714286,-61.4642857142857,0.121211972619806,357.916176932199,0.208278583628791,26.8464016060152,-57.9361047744751,-61.4583334287008,-1.4432752241691,-1.63779615263144,0.0546128729358315,-0.0134077984529237,33.8708534240723,84.570608997345,26.40696463556,59.877512619319
2012-07-29,-57.9464285714286,-61.4642857142857,0.121374090867383,357.565189906529,0.1880722434393,26.8464016060152,-57.9361047744751,-61.4583334287008,-1.4595599035422,-1.62660603423913,0.0942513298553725,-0.023702709004283,33.8753039042155,85.4747198104858,26.40696463556,37.2295074805843
2012-07-30,-57.9464285714286,-61.4642857142857,0.120194233953953,357.703752790179,0.076010116775121,26.8464016060152,-57.9361047744751,-61.4583334287008,-1.48360848824183,-1.61891536911329,0.157867162364225,0.0146234524746736,33.8731422424316,84.7282881418864,26.40696463556,4.80884302723573
2012-07-31,-57.9464285714286,-61.4642857142857,0.120221710630826,357.364639282227,0.204761142709426,26.8464016060152,-57.9361047744751,-61.4583334287008,-1.47787101169427,-1.62804803947608,0.173884294492503,0.0798923715638618,33.8779614766439,86.9561387379964,26.40696463556,9.85720542757811
2012-08-01,-57.9464285714286,-61.4642857142857,0.123418726559196,357.016087123326,0.221360945275852,26.8464016060152,-57.9361047744751,-61.4583334287008,-1.47721181213856,-1.63214005430539,0.103645944781601,0.111214535000424,33.8903086344401,90.1338788986206,26.40696463556,32.3671430449545
2012-08-02,-57.9464285714286,-61.4642857142857,0.124324119516781,356.676910400391,0.0724007378199271,26.8464016060152,-57.9361047744751,-61.4583334287008,-1.49320350388686,-1.61543880303701,0.0855688142900666,0.0054373811930418,33.8962852160136,88.6588174184163,26.40696463556,26.7855541376309
2012-08-03,-57.9464285714286,-61.4642857142857,0.124648311308452,356.849809919085,0.157438544290406,26.8464016060152,-57.9361047744751,-61.4583334287008,-1.52055419385433,-1.61553290386995,0.151788893342018,0.0568763287117084,33.8917329788208,83.299003982544,26.40696463556,0.913803638256242
2012-08-04,-57.9464285714286,-61.4642857142857,0.128524190081017,357.014460972377,0.311216878039496,26.8464016060152,-57.9361047744751,-61.4583334287008,-1.52373422781626,-1.62615334391594,0.0823847160985072,0.0571459089095394,33.8950645764669,85.4442012468974,26.40696463556,22.2683458235737
2012-08-05,-57.9464285714286,-61.4642857142857,0.133253528071301,356.801387241908,0.404834587659155,26.8464016060152,-57.9361047744751,-61.4583334287008,-1.51480450729529,-1.63225705126921,0.114052756348004,0.0404828026580314,33.9006595611572,86.8327936172485,26.40696463556,5.75627826694329
2012-08-06,-57.9464285714286,-61.4642857142857,0.136138735072953,356.715157645089,0.1965664619846,26.8464016060152,-57.9361047744751,-61.4583334287008,-1.51092255612214,-1.62677133977413,0.0948922190194329,-0.0208136234432459,33.9033680597941,87.5944845835368,26.40696463556,34.9753053473815
2012-08-07,-57.9464285714286,-61.4642857142857,0.137622244656086,357.103921072824,0.224975154868194,26.8464016060152,-57.9361047744751,-61.4583334287008,-1.52599258919557,-1.63001648286978,0.142104352638125,0.0305439415387809,33.9006976763407,83.000177192688,26.40696463556,1.06213197921513
2012-08-08,-57.9464285714286,-61.4642857142857,0.141046090849808,357.179284232003,0.296871207654476,26.8464016060152,-57.9361047744751,-61.4583334287008,-1.51804557442665,-1.6331751426061,0.105034536278496,0.0118513545021415,33.9059875488281,85.3259422302246,26.40696463556,14.3005011675029
2012-08-09,-57.9464285714286,-61.4642857142857,0.144315938332251,356.742124285017,0.406993278435298,26.8464016060152,-57.9361047744751,-61.4583334287008,-1.54640947182973,-1.63104647596677,0.104520808315525,-0.0171208838000894,33.9017786661784,72.88456214269,26.40696463556,28.020486291508
2012-08-10,-57.9464285714286,-61.4642857142857,0.146968773965325,356.489682878767,0.300740202622754,26.8464016060152,-57.9361047744751,-61.4583334287008,-1.55807975331942,-1.62937558492025,0.118940804029504,-0.0391603340394795,33.899934832255,75.1836229006449,26.40696463556,38.7087832904107
2012-08-11,-57.9464285714286,-61.4642857142857,0.150729134146656,356.763331821987,0.436817671571459,26.8464016060152,-57.9361047744751,-61.4583334287008,-1.56738179425399,-1.61573381622632,0.147887609992176,-0.0258949552662671,33.8972262064616,69.0112544695536,26.40696463556,24.3971572164242
2012-08-12,-57.9464285714286,-61.4642857142857,0.16042838458504,357.147225516183,0.754049535308565,26.8464016060152,-57.9361047744751,-61.4583334287008,-1.5675649056832,-1.60789056320985,0.158665730524808,-0.014806563500315,33.8955603599548,64.1613544305166,26.40696463556,17.8561573381457
2012-08-13,-57.9464285714286,-61.4642857142857,0.171087419348104,357.50604901995,0.494952312537602,26.8464016060152,-57.9361047744751,-61.4583334287008,-1.59279761016369,-1.61139001448949,0.0880357270439466,-0.0212256233207881,33.8916565895081,58.06401014328,26.40696463556,39.1059954474808
2012-08-14,-57.9464285714286,-61.4642857142857,0.179613087858473,357.724890572684,0.635938486882618,26.8464016060152,-57.9361047744751,-61.4583334287008,-1.60788596471151,-1.6216645826896,0.103157648351043,0.0109103672206402,33.8880834261576,52.8644189516703,26.40696463556,15.4274047222283
2012-08-15,-57.9464285714286,-61.4642857142857,0.189034865370819,357.687519618443,0.907671749591827,26.8464016060152,-57.9361047744751,-61.4583334287008,-1.60286262234052,-1.63567766050498,0.0997548341440658,0.0775475323200226,33.8978238423665,69.3177108128866,26.40696463556,17.1851542328965
2012-08-16,-57.9464285714286,-61.4642857142857,0.194909501288618,357.288602556501,0.746132812329701,26.8464016060152,-57.9361047744751,-61.4583334287008,-1.60767233371735,-1.63139998515447,0.202088482988377,0.0315510523505509,33.8991843859355,72.5285127957662,26.40696463556,15.5034142560773
2012-08-17,-57.9464285714286,-61.4642857142857,0.196598894894123,356.777005876814,0.506579883396626,26.8464016060152,-57.9361047744751,-61.4583334287008,-1.58808555106322,-1.62752666672071,0.218248033275207,0.0354421625224253,33.8999472618103,75.7723766326904,26.40696463556,25.1740582210289
2012-08-18,-57.9464285714286,-61.4642857142857,0.198229964290346,356.924521309989,0.490404917725495,26.8464016060152,-57.9361047744751,-61.4583334287008,-1.55833000342051,-1.61497847934564,0.215643786949416,0.0121260211492578,33.9021471341451,78.3206723213196,26.40696463556,28.0772040814149
2012-08-19,-57.9464285714286,-61.4642857142857,0.207095816731453,357.554951259068,1.04758914453643,26.8464016060152,-57.9361047744751,-61.4583334287008,-1.54437083701293,-1.60782189468543,0.200399792691072,0.0118360951853295,33.9010535558065,78.0294751485189,26.40696463556,18.9903908432556
2012-08-20,-57.9464285714286,-61.4642857142857,0.224880430315222,358.422877720424,1.2661361524037,26.8464016060152,-57.9361047744751,-61.4583334287008,-1.54990689456463,-1.61960712770621,0.186661376152188,0.066779585244755,33.9036602973938,80.6960297902425,26.40696463556,10.1534313516913
2012-08-21,-57.9464285714286,-61.4642857142857,0.236113814370973,358.813792637416,0.611859214093004,26.8464016060152,-57.9361047744751,-61.4583334287008,-1.55502179463704,-1.62106947302818,0.200806705529491,-0.00362661620602012,33.9036984125773,81.5047703742981,26.40696463556,25.3676184630486
2012-08-22,-57.9464285714286,-61.4642857142857,0.240497357078961,358.978123256138,0.750902965664864,26.8464016060152,-57.9361047744751,-61.4583334287008,-1.55402078926563,-1.61921292046706,0.193772189815839,0.0469679858535528,33.9045248985291,82.1304001172384,26.40696463556,10.6104517795948
2012-08-23,-57.9464285714286,-61.4642857142857,0.246592167232718,358.177825927734,1.06110149834837,26.8464016060152,-57.9361047744751,-61.4583334287008,-1.54246038496494,-1.62222408552965,0.17502365152662,0.106870733946562,33.9157530466715,85.5535592714945,26.40696463556,23.4945243127547
2012-08-24,-57.9464285714286,-61.4642857142857,0.244493321648666,355.651554652623,0.936499895794051,26.8464016060152,-57.9361047744751,-61.4583334287008,-1.50674151877562,-1.6266034891208,0.132475762814283,0.132694478767614,33.9374726613363,90.8777672449748,26.40696463556,40.5457307211726
2012-08-25,-57.9464285714286,-61.4642857142857,0.249805348260062,354.859606061663,0.722242700202124,26.8464016060152,-57.9361047744751,-61.4583334287008,-1.50239567756653,-1.61605935096741,0.148106326783697,0.11070589326943,33.9455098152161,88.9029657363892,26.40696463556,22.2769135448498
2012-08-26,-57.9464285714286,-61.4642857142857,0.253577381372452,355.21633039202,0.268029110240085,26.8464016060152,-57.9361047744751,-61.4583334287008,-1.53848687410355,-1.59681488573551,0.193639942196508,0.0469679860398173,33.9282272020976,42.7042982260386,26.40696463556,10.5497480372503
2012-08-27,-57.9464285714286,-61.4642857142857,0.254531471857003,356.097054617746,0.548731398369585,26.8464016060152,-57.9361047744751,-61.4583334287008,-1.54045837024848,-1.59128849009673,0.158594520079593,0.0366578165441751,33.9149896621704,29.0790545701981,26.40696463556,0.848582007169354
2012-08-28,-57.9464285714286,-61.4642857142857,0.271835416555405,356.751576014927,1.82026429687228,26.8464016060152,-57.9361047744751,-61.4583334287008,-1.53365884323915,-1.59591458638509,0.151392152005186,0.025528733090808,33.9151931762695,32.5759672641754,26.40696463556,1.76253188136142
2012-08-29,-57.9464285714286,-61.4642857142857,0.301088891923428,357.319322858538,2.1882500733648,26.8464016060152,-57.9361047744751,-61.4583334287008,-1.5174535125494,-1.59941150248051,0.147017832441876,0.0107476017748316,33.9141886711121,33.6059668858846,26.40696463556,5.51772112867801
2012-08-30,-57.9464285714286,-61.4642857142857,0.335653137947832,357.837180001395,2.51934270347868,26.8464016060152,-57.9361047744751,-61.4583334287008,-1.51902216772238,-1.60288298030694,0.152750226234396,0.00524409717569749,33.9113149325053,32.6713375409444,26.40696463556,7.61610313546601
2012-08-31,-57.9464285714286,-61.4642857142857,0.356199809483119,357.703794206892,1.67169065134866,26.8464016060152,-57.9361047744751,-61.4583334287008,-1.5199621339639,-1.60115359822909,0.129856257140636,-0.0513270464725792,33.9085682868958,34.9055468718211,26.40696463556,47.006821008294
2012-09-01,-57.9464285714286,-61.4642857142857,0.379648381045886,358.017264229911,2.61666483538491,26.8464016060152,-57.9361047744751,-61.4583334287008,-1.51999875406424,-1.6008229782184,0.179703156401714,0.0489618619903922,33.9110478719075,42.2668660481771,26.40696463556,5.21282319788174
2012-09-02,-57.9464285714286,-61.4642857142857,0.410319600786482,358.625383649554,2.10540877921241,26.8464016060152,-57.9361047744751,-61.4583334287008,-1.51340065697829,-1.59488968054454,0.185583055547128,0.0633869442778329,33.9150789260864,47.5363955815633,26.40696463556,9.02353635025102
2012-09-03,-57.9464285714286,-61.4642857142857,0.437539270945958,359.067265101842,2.51762791190829,26.8464016060152,-57.9361047744751,-61.4583334287008,-1.50313423077265,-1.59741508066654,0.174621824268252,0.0449181594575445,33.9191353480021,53.6655297279358,26.40696463556,3.60045866871736
2012-09-04,-57.9464285714286,-61.4642857142857,0.480365180543491,359.427631923131,3.32373866013118,26.8464016060152,-57.9361047744751,-61.4583334287008,-1.51441996991634,-1.60509557425976,0.12019714989389,0.0677663503525158,33.9187919298808,54.8595664978027,26.40696463556,6.64503097450369
2012-09-05,-57.9464285714286,-61.4642857142857,0.519507412399564,359.785086495536,1.97272422483989,26.8464016060152,-57.9361047744751,-61.4583334287008,-1.52957546412945,-1.59444207251072,0.158172348296891,0.0232652770044903,33.9148754437764,53.5599865913391,26.40696463556,2.67839082375685
2012-09-06,-57.9464285714286,-61.4642857142857,0.558690728885787,360.274004255022,3.51024895054953,26.8464016060152,-57.9361047744751,-61.4583334287008,-1.53179721732934,-1.59634184340636,0.136234626049797,0.0330057680296401,33.9107681592305,52.7219992001851,26.40696463556,1.26905663379315
2012-09-07,-57.9464285714286,-61.4642857142857,0.62440013885498,360.757502964565,5.8300633430481,26.8464016060152,-57.9361047744751,-61.4583334287008,-1.54895471632481,-1.60056357383728,0.0972777490504086,0.0072735780539612,33.902706305186,45.5501489639282,26.40696463556,19.4934609321669
2012-09-08,-57.9464285714286,-61.4642857142857,0.690730946404593,361.164162772042,6.75583628245762,26.8464016060152,-57.9361047744751,-61.4583334287008,-1.55764638880889,-1.59956154624621,0.106433301884681,0.0328379161035021,33.8925717989604,35.4205467542013,26.40696463556,9.17614672568038
2012-09-09,-57.9464285714286,-61.4642857142857,0.650013783148357,359.589141845703,3.3279606785093,26.8464016060152,-57.9361047744751,-61.4583334287008,-1.54827720522881,-1.5993351995945,0.0185857723467052,-0.0231686351199945,33.9051351865133,54.2504679044088,26.40696463556,106.017252355707
2012-09-10,-57.9464285714286,-61.4642857142857,0.660918840340206,359.134944370815,4.38120426450457,26.8464016060152,-57.9361047744751,-61.4583334287008,-1.64514906108379,-1.60247861345609,0.0585751925284664,0.0466678873014947,33.8920758565267,44.5875445365906,26.40696463556,39.8460528318836
2012-09-11,-57.9464285714286,-61.4642857142857,0.72591844201088,359.784792218889,4.99965041024344,26.8464016060152,-57.9361047744751,-61.4583334287008,-1.58373361031214,-1.59154790143172,0.117730236363908,0.0700654113044341,33.9169612884521,57.2667140642802,26.40696463556,7.93030704850917
2012-09-12,-57.9464285714286,-61.4642857142857,0.794015416077205,360.530077253069,5.26441265855517,26.8464016060152,-57.9361047744751,-61.4583334287008,-1.59601426223914,-1.5919064929088,0.0980356254304449,0.0856603695700566,33.9191740671794,68.1554645856222,26.40696463556,21.0801674305084
2012-09-13,-57.9464285714286,-61.4642857142857,0.859439654009683,361.109856741769,5.71670355115618,26.8464016060152,-57.9361047744751,-61.4583334287008,-1.61727345188459,-1.59683522880077,0.123757641917715,0.0596840314567089,33.9142912546794,53.4836904207865,26.40696463556,4.12780585419119
2012-09-14,-57.9464285714286,-61.4642857142857,0.932193458080292,361.766595023019,8.14720572744097,26.8464016060152,-57.9361047744751,-61.4583334287008,-1.66524855097135,-1.6135542879502,0.120273445577671,0.0537176630770167,33.900875600179,45.1127172787984,26.40696463556,4.26605337240306
2012-09-15,-57.9464285714286,-61.4642857142857,1.00259672743934,362.202686854771,9.66363154138837,26.8464016060152,-57.9361047744751,-61.4583334287008,-1.8030152062575,-1.61993519365787,0.117730236984789,0.0300454725821813,33.8467435836792,39.0001136620839,26.40696463556,5.49008332075332
2012-09-16,-57.9464285714286,-61.4642857142857,1.04939987404006,362.217546735491,7.4870742559433,26.8464016060152,-57.9361047744751,-61.4583334287008,-1.65882135530313,-1.63517410357793,0.140669982414693,0.0821354816357295,33.9115447044373,60.4876885732015,26.40696463556,7.54213574881151
2012-09-17,-57.9464285714286,-61.4642857142857,1.07118770905903,362.182686941964,6.4338869026729,26.8464016060152,-57.9361047744751,-61.4583334287008,-1.64707172811031,-1.63726208011309,0.179616686794907,0.0754926193505526,33.9133120536804,58.1835410753886,26.40696463556,10.0322663998881
2012-09-18,-57.9464285714286,-61.4642857142857,1.05748641065189,361.53273664202,4.00444643838065,26.8464016060152,-57.9361047744751,-61.4583334287008,-1.62564773261547,-1.6272596369187,0.202795496148368,0.0636870426746706,33.9164528846741,71.2073155403137,26.40696463556,17.0662473795734
2012-09-19,-57.9464285714286,-61.4642857142857,1.04924245391573,361.606201171875,2.07608498420034,26.8464016060152,-57.9361047744751,-61.4583334287008,-1.60051269034545,-1.61579739948114,0.187810907606035,0.00413525803014636,33.9152320226034,69.3698471387227,26.40696463556,15.9317922299579
2012-09-20,-57.9464285714286,-61.4642857142857,1.06980608190809,361.868811471122,4.96126765864236,26.8464016060152,-57.9361047744751,-61.4583334287008,-1.60731221238772,-1.60536006887754,0.0317138175480068,0.00124108605086803,33.9158298492432,69.3990936597188,26.40696463556,76.50885607699
2012-09-21,-57.9464285714286,-61.4642857142857,1.07628330162593,360.895121983119,5.06410581724984,26.8464016060152,-57.9361047744751,-61.4583334287008,-1.60205082098643,-1.59316029449304,0.0292112999906143,-0.0310373240771393,33.9233196258545,74.7678082466125,26.40696463556,98.4431528539651
2012-09-22,-57.9464285714286,-61.4642857142857,1.05594976459231,359.716387067522,3.23883751460484,26.8464016060152,-57.9361047744751,-61.4583334287008,-1.60101929803689,-1.59649189611276,0.0387534203007817,-0.0423647776246071,33.9289655367533,77.1126475334167,26.40696463556,96.7187164881398
2012-09-23,-57.9464285714286,-61.4642857142857,1.08496482031686,359.854779924665,5.03288498946599,26.8464016060152,-57.9361047744751,-61.4583334287008,-1.61857964197795,-1.6012298921744,0.0519170712369184,-0.0145776747105022,33.9204330762227,60.3033057530721,26.40696463556,63.1040614197642
2012-09-24,-57.9464285714286,-61.4642857142857,1.15731573104858,361.110331944057,3.62461394923074,26.8464016060152,-57.9361047744751,-61.4583334287008,-1.63822746574879,-1.59856715897719,0.180227057697872,0.0444705546212693,33.9147744496663,47.5503830750783,26.40696463556,5.25743001976372
2012-09-25,-57.9464285714286,-61.4642857142857,1.20213170562472,361.556219918387,6.56961338860648,26.8464016060152,-57.9361047744751,-61.4583334287008,-1.64099854330222,-1.61106193761031,0.162577185593545,0.13249102247258,33.9191868782043,66.9703286806742,26.40696463556,40.2817123411884
2012-09-26,-57.9464285714286,-61.4642857142857,1.26580484424319,362.469504220145,5.02947437763214,26.8464016060152,-57.9361047744751,-61.4583334287008,-1.6564287096262,-1.61486403743426,0.14947457369417,0.0855484683066607,33.9146726290385,60.3948616027832,26.40696463556,8.66281347772473
2012-09-27,-57.9464285714286,-61.4642857142857,1.34139452236039,363.419261387416,8.69505228315081,26.8464016060152,-57.9361047744751,-61.4583334287008,-1.67993406454722,-1.62315235833327,0.13204341782257,0.0952940460915367,33.9029864311218,44.6625693798065,26.40696463556,14.4190441346979
2012-09-28,-57.9464285714286,-61.4642857142857,1.44665509462357,364.314459664481,9.89076253346034,26.8464016060152,-57.9361047744751,-61.4583334287008,-1.6858058154583,-1.63487146000067,0.133004750435551,0.0743583486105005,33.8785721143087,36.6603612105052,26.40696463556,5.71609026997241
2012-09-29,-57.9464285714286,-61.4642857142857,1.52940915312086,364.640707833426,8.13519106592451,26.8464016060152,-57.9361047744751,-61.4583334287008,-1.6410901059707,-1.64233323832353,0.176061280785749,0.011164688008527,33.8801742871602,33.8641024589539,26.40696463556,9.36921365033009
2012-09-30,-57.9464285714286,-61.4642857142857,1.5903000661305,364.859237670898,9.12843339783805,26.8464016060152,-57.9361047744751,-61.4583334287008,-1.58743855655193,-1.63981546660264,0.159316792121778,0.0713980528215567,33.8932077407837,39.7096688508987,26.40696463556,4.42746981973181
2012-10-01,-57.9464285714286,-61.4642857142857,1.62040222542627,364.902616228376,5.02194973400661,26.8464016060152,-57.9361047744751,-61.4583334287008,-1.57205723424753,-1.6245816419522,0.115120904240757,-0.0281736706073085,33.8923940022786,40.5387552897135,26.40696463556,31.3559159247124
2012-10-02,-57.9464285714286,-61.4642857142857,1.64988011973245,365.121176583426,9.52062242371695,26.8464016060152,-57.9361047744751,-61.4583334287008,-1.54781333506107,-1.62203080554803,0.187622709448139,0.0308796452668806,33.8925466855367,44.4285939852397,26.40696463556,8.78266161956759
2012-10-03,-57.9464285714286,-61.4642857142857,1.75713813304901,366.002807617188,11.2070586340768,26.8464016060152,-57.9361047744751,-61.4583334287008,-1.5076143493255,-1.62088890175025,0.150593585148454,-0.000279753003269434,33.8904105186462,44.4718283971151,26.40696463556,9.82375506853379
2012-10-04,-57.9464285714286,-61.4642857142857,1.83442434242793,366.407076154436,7.21585580280849,26.8464016060152,-57.9361047744751,-61.4583334287008,-1.47869500517845,-1.62331257661184,0.124083172281583,-0.0112257250895103,33.8710695584615,22.8545499324799,26.40696463556,18.0396782265753
2012-10-05,-57.9464285714286,-61.4642857142857,1.89605330569404,366.817999703544,10.6985254968916,26.8464016060152,-57.9361047744751,-61.4583334287008,-1.47644884785016,-1.63171788454056,0.161061434168369,0.0230618202748398,33.8614561080933,23.8044386307398,26.40696463556,3.06196893273285
2012-10-06,-57.9464285714286,-61.4642857142857,2.00877238171441,367.834453037807,14.8267710549491,26.8464016060152,-57.9361047744751,-61.4583334287008,-1.48085571825504,-1.63880326847235,0.141315957996994,0.0525477868194381,33.8625367800395,30.8478565692902,26.40696463556,0.579433765751854
2012-10-07,-57.9464285714286,-61.4642857142857,2.11648712839399,368.865785871233,14.4090303693499,26.8464016060152,-57.9361047744751,-61.4583334287008,-1.48194217979908,-1.64444409807523,0.122338531787197,0.0443840856043001,33.8596501032511,31.8931156953176,26.40696463556,3.24348197182538
2012-10-08,-57.9464285714286,-61.4642857142857,2.17417181389672,369.511452811105,16.8273124694824,26.8464016060152,-57.9361047744751,-61.4583334287008,-1.48999295930068,-1.64699494143327,0.0808384449842075,0.0392213710273306,33.8606799125671,33.7928928693136,26.40696463556,22.5344272601188
2012-10-09,-57.9464285714286,-61.4642857142857,2.16199041264398,369.448983328683,17.0842025620597,26.8464016060152,-57.9361047744751,-61.4583334287008,-1.51131319403648,-1.64619383513927,0.0790276804628472,0.0809198282348613,33.8708402951558,39.5761507193248,26.40696463556,30.4821566716808
2012-10-10,-57.9464285714286,-61.4642857142857,2.07187520606177,368.130608694894,12.9578582218715,26.8464016060152,-57.9361047744751,-61.4583334287008,-1.52288580238819,-1.64389223257701,0.132602923798064,0.119515570004781,33.883238697052,47.4028772672017,26.40696463556,29.7002278090056
2012-10-11,-57.9464285714286,-61.4642857142857,2.02141788176128,367.291896275112,7.83007104056222,26.8464016060152,-57.9361047744751,-61.4583334287008,-1.52045043011506,-1.64202296336492,0.156061483857532,0.0762148910822968,33.8984982172648,54.2619122823079,26.40696463556,5.54345024794683
2012-10-12,-57.9464285714286,-61.4642857142857,1.99321725538799,367.048747471401,7.1266029221671,26.8464016060152,-57.9361047744751,-61.4583334287008,-1.50790732006232,-1.63222144246101,0.17057303522403,0.0688497572826842,33.9050597190857,55.4724796930949,26.40696463556,5.69005156006094
2012-10-13,-57.9464285714286,-61.4642857142857,1.94892672981535,366.140934535435,9.44928339549473,26.8464016060152,-57.9361047744751,-61.4583334287008,-1.49310584962368,-1.63039287130038,0.179235205737253,0.0846786909736693,33.9114303906759,59.2135404268901,26.40696463556,13.2303559127668
2012-10-14,-57.9464285714286,-61.4642857142857,1.90023917811257,365.041811261858,7.05953322138105,26.8464016060152,-57.9361047744751,-61.4583334287008,-1.48192997276783,-1.63732566634814,0.150486770365387,0.0935087126990159,33.9196320851644,63.7455392519633,26.40696463556,12.3123773126458
2012-10-15,-57.9464285714286,-61.4642857142857,1.87603956460953,364.271028791155,9.47364020347595,26.8464016060152,-57.9361047744751,-61.4583334287008,-1.49047515491645,-1.64220862587293,0.100695821549743,0.129647714830935,33.9257992744446,65.8792921702067,26.40696463556,47.8098334595796
2012-10-16,-57.9464285714286,-61.4642857142857,1.91920188495091,364.522916521345,9.27742467607771,26.8464016060152,-57.9361047744751,-61.4583334287008,-1.49460735420386,-1.63508001069228,0.158360545958082,0.0578173163036505,33.9271979967753,66.6626006444295,26.40696463556,1.5175660833249
2012-10-17,-57.9464285714286,-61.4642857142857,1.95342000041689,364.471154349191,9.99021019254412,26.8464016060152,-57.9361047744751,-61.4583334287008,-1.48724629680316,-1.64585304657618,0.113396607494603,0.114134139195085,33.933123588562,69.7169954617818,26.40696463556,30.5430171565824
2012-10-18,-57.9464285714286,-61.4642857142857,1.99756809643337,364.293579101562,9.99800358499799,26.8464016060152,-57.9361047744751,-61.4583334287008,-1.50904261171818,-1.64087089101473,0.0883612581839164,0.0666727701512476,33.9219079653422,45.9850377718608,26.40696463556,20.2473076625577
2012-10-19,-57.9464285714286,-61.4642857142857,2.02957558631897,364.131103515625,10.0488445077624,26.8464016060152,-57.9361047744751,-61.4583334287008,-1.51558577318986,-1.6329360773166,0.0481683806205789,0.0509608245454729,33.9328437487284,65.6949094454447,26.40696463556,49.8819697882926
2012-10-20,-57.9464285714286,-61.4642857142857,2.06305530241558,364.18070765904,11.6457877159119,26.8464016060152,-57.9361047744751,-61.4583334287008,-1.61776175399621,-1.62996307710807,0.0291706083652874,0.0558844772477945,33.9108960787455,44.5989887873332,26.40696463556,71.0811971143318
2012-10-21,-57.9464285714286,-61.4642857142857,2.09993956770216,364.422049386161,13.4209208829062,26.8464016060152,-57.9361047744751,-61.4583334287008,-1.58578445414702,-1.62473168969154,0.0170801922678947,0.0809452598604063,33.93733253479,51.2418514251709,26.40696463556,92.2845193359864
2012-10-22,-57.9464285714286,-61.4642857142857,2.1603621499879,365.208929879325,15.3015110833304,26.8464016060152,-57.9361047744751,-61.4583334287008,-1.76371346910795,-1.62595242957274,0.0651519312212865,0.0130110579542816,33.8551109313965,36.2356453895569,26.40696463556,38.9457654626435
2012-10-23,-57.9464285714286,-61.4642857142857,2.13470727205276,365.461209978376,8.41636776924133,26.8464016060152,-57.9361047744751,-61.4583334287008,-1.55836052795251,-1.63654744128386,0.17428103449444,0.0049287392757833,33.9356920560201,44.3281370798747,26.40696463556,11.1214240520872
2012-10-24,-57.9464285714286,-61.4642857142857,2.11579953772681,365.932327270508,11.3732244287218,26.8464016060152,-57.9361047744751,-61.4583334287008,-1.51252782742182,-1.64786472221216,0.119515569973737,-0.00441501090923945,33.9474800427755,68.3754521369934,26.40696463556,15.701017039674
2012-10-25,-57.9464285714286,-61.4642857142857,2.16528431858335,367.175284249442,13.1544743606022,26.8464016060152,-57.9361047744751,-61.4583334287008,-1.4911526620388,-1.64901170730591,0.106992807984352,0.0252133753150702,33.9465517997742,65.3426753679911,26.40696463556,10.0847552025906
2012-10-26,-57.9464285714286,-61.4642857142857,2.24981352261135,368.761535644531,18.787946837289,26.8464016060152,-57.9361047744751,-61.4583334287008,-1.45899225672086,-1.64643798073133,0.0394400872290134,0.0349691254707674,33.9338102022807,36.0932255744934,26.40696463556,59.1182060173478
2012-10-27,-57.9464285714286,-61.4642857142857,2.33066709552492,370.839863368443,22.3874850954328,26.8464016060152,-57.9361047744751,-61.4583334287008,-1.44368417859077,-1.64035462737083,0.0843480735085905,0.00686666465674837,33.9385787328084,42.3062856356303,26.40696463556,27.0123879213441
2012-10-28,-57.9464285714286,-61.4642857142857,2.29470349209649,371.598480224609,14.7885953358241,26.8464016060152,-57.9361047744751,-61.4583334287008,-1.4074831177791,-1.62991983890533,0.0904721213504672,-0.019689525042971,33.9406389554342,53.2853201071421,26.40696463556,36.6899875792884
2012-10-29,-57.9464285714286,-61.4642857142857,2.21964478492737,371.705274309431,17.9659784861973,26.8464016060152,-57.9361047744751,-61.4583334287008,-1.41185337106387,-1.63181706865629,0.0291604355288049,0.0567135634211202,33.9424319585164,57.7957018216451,26.40696463556,71.1955843977646
2012-10-30,-57.9464285714286,-61.4642857142857,2.18551161459514,372.365652901786,18.1049408231463,26.8464016060152,-57.9361047744751,-61.4583334287008,-1.40310675998529,-1.62990457415581,0.04267504910628,0.0478326771097879,33.9411604245504,50.8336664994558,26.40696463556,55.3360602036922
2012-10-31,-57.9464285714286,-61.4642857142857,2.07058107001441,372.070720127651,10.8978812013354,26.8464016060152,-57.9361047744751,-61.4583334287008,-1.42054504156113,-1.62377289732297,0.0407116916651527,-0.040782901396354,33.9411222457886,61.0014169692993,26.40696463556,93.249368235838
2012-11-01,-57.9464285714286,-61.4642857142857,1.82424759013312,370.224672589983,6.43134682519095,26.8464016060152,-57.9361047744751,-61.4583334287008,-1.43281348049641,-1.61809392174085,0.111880856131514,-0.0740379040129483,33.9296015103658,55.0503073692322,26.40696463556,76.0676109836078
2012-11-02,-57.9464285714286,-61.4642857142857,1.74432807309287,370.328133719308,15.3977131843567,26.8464016060152,-57.9361047744751,-61.4583334287008,-1.39544051885605,-1.61157821218173,0.120654926914722,-0.000162765383720398,33.922963809967,48.2357783794403,26.40696463556,13.4186680557589
2012-11-03,-57.9464285714286,-61.4642857142857,1.76630735823086,372.485135759626,20.088243825095,26.8464016060152,-57.9361047744751,-61.4583334287008,-1.20065308014552,-1.59772789180279,0.0797245195445915,0.0160171311038236,33.9225823402405,36.8574599583944,26.40696463556,27.0778476887075
2012-11-04,-57.9464285714286,-61.4642857142857,1.73914219226156,375.023125784738,22.3701028142657,26.8464016060152,-57.9361047744751,-61.4583334287008,-1.11907710433006,-1.59199296136697,0.0820998767080406,0.00389110998560985,33.9139355659485,24.585203742981,26.40696463556,29.6122251649315
2012-11-05,-57.9464285714286,-61.4642857142857,1.67942259992872,377.441458565848,24.2780925205776,26.8464016060152,-57.9361047744751,-61.4583334287008,-1.18015684634447,-1.59141311148802,0.0677663505077362,0.00230923381944497,33.9130200703939,29.4122148354848,26.40696463556,40.7035813126783
2012-11-06,-57.9464285714286,-61.4642857142857,1.5932000705174,379.193328857422,22.9924776894706,26.8464016060152,-57.9361047744751,-61.4583334287008,-1.06420481900374,-1.59520503083865,0.0903551336377859,-0.0172429577137033,33.9086203575134,21.895759900411,26.40696463556,35.2298786316728
2012-11-07,-57.9464285714286,-61.4642857142857,1.47876987712724,376.952464512416,14.7053549630301,26.8464016060152,-57.9361047744751,-61.4583334287008,-1.17271643231312,-1.59845270812511,0.0902076271673044,-0.0680003255916139,33.9071578979492,32.2987573623657,26.40696463556,79.2602368219835
2012-11-08,-57.9464285714286,-61.4642857142857,1.34519996813365,375.172518048968,12.8332890101842,26.8464016060152,-57.9361047744751,-61.4583334287008,-1.10152284999688,-1.60757265885671,0.110807621944696,-0.0195420189139744,33.8979004224141,27.3611166000366,26.40696463556,27.0050522296093
2012-11-09,-57.9464285714286,-61.4642857142857,1.21581326637949,373.295000348772,8.14405315262931,26.8464016060152,-57.9361047744751,-61.4583334287008,-1.16976833989223,-1.60665455659231,0.00488804768150051,-0.00962350331246853,33.8944669723511,37.371188322703,26.40696463556,116.480386422622
2012-11-10,-57.9464285714286,-61.4642857142857,1.13073199987411,371.919039045061,10.2660840238844,26.8464016060152,-57.9361047744751,-61.4583334287008,-1.24333626230558,-1.59589933256308,0.0377513962176939,-0.0112765892408788,33.8916186332703,45.0910999298096,26.40696463556,75.8126683311856
2012-11-11,-57.9464285714286,-61.4642857142857,1.10253034744944,372.170447213309,8.86816481181553,26.8464016060152,-57.9361047744751,-61.4583334287008,-1.18718220243851,-1.58793400128682,0.106189153591792,-0.0163070568193992,33.8854894955953,39.9894222895304,26.40696463556,26.8185177604165
2012-11-12,-57.9464285714286,-61.4642857142857,1.08040188040052,372.431860787528,6.00429315226419,26.8464016060152,-57.9361047744751,-61.4583334287008,-1.16054564615091,-1.58273058831692,0.163864050184687,0.0198421175591648,33.8802503903707,34.8076334317525,26.40696463556,4.1974083915867
2012-11-13,-57.9464285714286,-61.4642857142857,1.07438130038125,371.459293910435,8.87602979796273,26.8464016060152,-57.9361047744751,-61.4583334287008,-1.1616870418191,-1.58623258769512,0.184041870944202,0.0658284251267711,33.8951281547546,52.055678431193,26.40696463556,8.95733507888569
2012-11-14,-57.9464285714286,-61.4642857142857,1.14990861075265,371.793419974191,10.653080872127,26.8464016060152,-57.9361047744751,-61.4583334287008,-1.09355142265558,-1.59470402598381,0.150522374920547,0.0423291726348301,33.9010536511739,56.2189120292664,26.40696463556,0.0501987554846307
2012-11-15,-57.9464285714286,-61.4642857142857,1.2008722190346,372.683896745954,12.2693020275661,26.8464016060152,-57.9361047744751,-61.4583334287008,-1.03058562874794,-1.5958764364322,0.117496261745691,0.0390789512855311,33.89597975413,47.5732720851898,26.40696463556,4.71196382293844
2012-11-16,-57.9464285714286,-61.4642857142857,1.20517435457025,373.009096418108,11.0210104669843,26.8464016060152,-57.9361047744751,-61.4583334287008,-1.03236180891593,-1.59732352892558,0.113289793363462,0.0484989980235696,33.9017019271851,55.7878381411235,26.40696463556,6.05942657095116
2012-11-17,-57.9464285714286,-61.4642857142857,1.22946002653667,373.172326224191,10.4858856201172,26.8464016060152,-57.9361047744751,-61.4583334287008,-0.978350146611532,-1.59460737804572,0.154220200981945,0.0439263079625865,33.9024903933207,55.3542208353678,26.40696463556,0.205812047210266
2012-11-18,-57.9464285714286,-61.4642857142857,1.25960008374282,373.361439296177,9.87222596577236,26.8464016060152,-57.9361047744751,-61.4583334287008,-0.910171799361706,-1.58776868879795,0.170883307295541,0.00106306144346794,33.9008118629456,50.6925183296204,26.40696463556,11.8630056933198
2012-11-19,-57.9464285714286,-61.4642857142857,1.29794714706285,373.794540405273,10.6575504371098,26.8464016060152,-57.9361047744751,-61.4583334287008,-0.853614897529284,-1.59074678520362,0.155690176629772,0.0348470514640212,33.9010663032532,48.1582100391388,26.40696463556,0.725960508602445
2012-11-20,-57.9464285714286,-61.4642857142857,1.33812034981591,374.130501883371,9.92679563590458,26.8464016060152,-57.9361047744751,-61.4583334287008,-0.808734377721945,-1.59837895731131,0.152231411170214,0.0141555020585656,33.8966792106628,42.6775943438212,26.40696463556,4.53890969470704
2012-11-21,-57.9464285714286,-61.4642857142857,1.34957591337817,373.694063459124,10.8429236412048,26.8464016060152,-57.9361047744751,-61.4583334287008,-0.746617003281911,-1.59737184941769,0.158111310750246,-0.028102460782975,33.8791947682699,24.6386111338933,26.40696463556,26.4946474736043
2012-11-22,-57.9464285714286,-61.4642857142857,1.36412086657115,373.459322248186,14.0753529071808,26.8464016060152,-57.9361047744751,-61.4583334287008,-0.677480371793111,-1.60634682873885,0.142241686210036,0.0244249803945422,33.8639355977376,21.0692170143127,26.40696463556,2.06240279712852
2012-11-23,-57.9464285714286,-61.4642857142857,1.39555238400187,373.679755074637,12.9399413381304,26.8464016060152,-57.9361047744751,-61.4583334287008,-0.746928288539251,-1.61278369228045,0.153757337139299,0.0843226414484282,33.8810767173767,42.1231746355693,26.40696463556,8.32373491068264
2012-11-24,-57.9464285714286,-61.4642857142857,1.47831384624754,374.08211844308,15.7191174370902,26.8464016060152,-57.9361047744751,-61.4583334287008,-0.754252734283606,-1.61334828833739,0.123808506503701,0.0669067457318306,33.8847389856974,49.1869385083516,26.40696463556,5.51227738634117
2012-11-25,-57.9464285714286,-61.4642857142857,1.51057643124035,374.671999250139,15.8824016707284,26.8464016060152,-57.9361047744751,-61.4583334287008,-0.736991464595,-1.60973438521226,0.100950142617027,0.062746055268993,33.8837852795919,50.1533581733704,26.40696463556,12.7416167220358
2012-11-26,-57.9464285714286,-61.4642857142857,1.47065092197486,374.563230242048,14.7601138523647,26.8464016060152,-57.9361047744751,-61.4583334287008,-0.72106080253919,-1.60703349212805,0.105853450298309,-0.0168563900515437,33.8782030423482,48.4557660738627,26.40696463556,27.2913496762697
2012-11-27,-57.9464285714286,-61.4642857142857,1.40476024576596,374.207929338728,16.4533551420484,26.8464016060152,-57.9361047744751,-61.4583334287008,-0.710440361996492,-1.6004008124272,0.074841557815671,0.0433159378978113,33.87105662028,47.6304944992065,26.40696463556,26.6200045286309
2012-11-28,-57.9464285714286,-61.4642857142857,1.36468473289694,374.748408726283,17.732633795057,26.8464016060152,-57.9361047744751,-61.4583334287008,-0.559636198729277,-1.59094261626403,0.110441399893413,0.0317036448667447,33.8678141276042,38.0947312196096,26.40696463556,7.73083729267154
2012-11-29,-57.9464285714286,-61.4642857142857,1.35965902890478,375.097266060965,10.8149253129959,26.8464016060152,-57.9361047744751,-61.4583334287008,-0.535764620453119,-1.58581041693687,0.184408092343559,0.0200099693921705,33.8603879928589,37.7285089333852,26.40696463556,9.56664259973089
2012-11-30,-57.9464285714286,-61.4642857142857,1.39600481731551,375.069340297154,13.614472423281,26.8464016060152,-57.9361047744751,-61.4583334287008,-0.543424763778846,-1.59068829417229,0.193807794929792,0.0380820133102437,33.8577304840088,41.3347798347473,26.40696463556,10.7541541097565
2012-12-01,-57.9464285714286,-61.4642857142857,1.44783220120839,375.409715924944,18.285110098975,26.8464016060152,-57.9361047744751,-61.4583334287008,-0.496066146095594,-1.60146895448367,0.181869971193373,0.044150110365202,33.8567386627197,43.8131373723348,26.40696463556,5.80247138637642
2012-12-02,-57.9464285714286,-61.4642857142857,1.46032390849931,375.882372174944,19.0927152293069,26.8464016060152,-57.9361047744751,-61.4583334287008,-0.415771946435173,-1.61149682899316,0.172780541547885,0.0419883826437096,33.853343518575,42.4169152577718,26.40696463556,3.13841240871384
2012-12-03,-57.9464285714286,-61.4642857142857,1.45938961207867,376.189764840262,20.0337332657405,26.8464016060152,-57.9361047744751,-61.4583334287008,-0.383074414605896,-1.61491489907106,0.162083804234862,0.0565355389378965,33.8494905789693,42.275767215093,26.40696463556,1.8104769463797
2012-12-04,-57.9464285714286,-61.4642857142857,1.46345550673349,376.072219848633,18.6734186240605,26.8464016060152,-57.9361047744751,-61.4583334287008,-0.382659363374114,-1.60159357289473,0.171005380370965,0.0599739571722845,33.8522754669189,44.7910009702047,26.40696463556,3.97397453278411
2012-12-05,-57.9464285714286,-61.4642857142857,1.49978321790695,376.158979143415,18.8492772238595,26.8464016060152,-57.9361047744751,-61.4583334287008,-0.360661621640126,-1.59068320492903,0.14411857460315,0.0625731173592309,33.8538140614827,45.0860131581624,26.40696463556,1.80055707834707
2012-12-06,-57.9464285714286,-61.4642857142857,1.53390963801316,376.798429216657,21.0026291438511,26.8464016060152,-57.9361047744751,-61.4583334287008,-0.30946377000461,-1.58393099009991,0.145776746235788,0.0423952960409224,33.8582137425741,45.1050875981649,26.40696463556,0.0327676324053505
2012-12-07,-57.9464285714286,-61.4642857142857,1.53254257568291,377.463607788086,22.2765748500824,26.8464016060152,-57.9361047744751,-61.4583334287008,-0.244245716122289,-1.58219906489054,0.130832850933075,0.0278430533595383,33.8554289499919,42.5911250432332,26.40696463556,2.73862687423538
2012-12-08,-57.9464285714286,-61.4642857142857,1.52812376192638,378.069035121373,22.6117016247341,26.8464016060152,-57.9361047744751,-61.4583334287008,-0.171678804482023,-1.5769600490729,0.155832595657557,0.0432345548334221,33.8521737416585,38.3312498092651,26.40696463556,0.324869097621954
2012-12-09,-57.9464285714286,-61.4642857142857,1.5329921820334,378.453970772879,22.893027135304,26.8464016060152,-57.9361047744751,-61.4583334287008,-0.129557157369951,-1.57810957829158,0.166590371262282,0.0585039825489124,33.8523644447327,39.3205579598745,26.40696463556,2.82248690326074
2012-12-10,-57.9464285714286,-61.4642857142857,1.52996765077114,378.945617675781,23.9297471727644,26.8464016060152,-57.9361047744751,-61.4583334287008,-0.0378978642324607,-1.5828094313542,0.16638691406697,0.0441958881914616,33.8504189491272,36.2928675492605,26.40696463556,1.72681646532474
2012-12-11,-57.9464285714286,-61.4642857142857,1.49270269700459,380.098750523158,27.1957047666822,26.8464016060152,-57.9361047744751,-61.4583334287008,0.131473757512867,-1.57798495491346,0.159993286089351,0.0116224658985933,33.8451545397441,25.3735985994339,26.40696463556,5.97074311593877
2012-12-12,-57.9464285714286,-61.4642857142857,1.4048715531826,381.035204206194,27.2407379150391,26.8464016060152,-57.9361047744751,-61.4583334287008,0.32442398344477,-1.57194993495941,0.160908840317279,-0.004369233114024,33.8365713119507,15.736107246081,26.40696463556,12.5361904783321
2012-12-13,-57.9464285714286,-61.4642857142857,1.29445052359785,381.470049176897,24.5476172992161,26.8464016060152,-57.9361047744751,-61.4583334287008,0.662788801888625,-1.56776889661948,0.173986022515843,0.00639362757404645,33.8228888511658,11.0133674065272,26.40696463556,10.4827457707997
2012-12-14,-57.9464285714286,-61.4642857142857,1.19395278607096,381.31260899135,21.3662396158491,26.8464016060152,-57.9361047744751,-61.4583334287008,0.847602789103985,-1.56908627450466,0.184876043970386,0.0131127862880627,33.8103758176168,10.5288858413696,26.40696463556,11.6286145188535
2012-12-15,-57.9464285714286,-61.4642857142857,1.09979806201799,380.942568097796,20.7717760631016,26.8464016060152,-57.9361047744751,-61.4583334287008,1.21771906912327,-1.57220679223537,0.166193628932039,0.011332539934665,33.8003931999207,10.5288858413696,26.40696463556,7.01288099059429
2012-12-16,-57.9464285714286,-61.4642857142857,1.00854851731232,379.103476388114,12.9094996622631,26.8464016060152,-57.9361047744751,-61.4583334287008,0.964500888685385,-1.57631152967612,0.193100782173375,-0.0137180699656407,33.7775042851766,10.5288858413696,26.40696463556,26.8913731715654
2012-12-17,-57.9464285714286,-61.4642857142857,1.05635898773159,377.58975655692,20.0894205910819,26.8464016060152,-57.9361047744751,-61.4583334287008,0.727042469878991,-1.58012126584848,0.158853928217043,0.0668355356591443,33.780212688446,10.7971946080526,26.40696463556,3.22737688041679
2012-12-18,-57.9464285714286,-61.4642857142857,1.09939619047301,377.174479893276,19.7907109601157,26.8464016060152,-57.9361047744751,-61.4583334287008,0.756352447470029,-1.5840403487285,0.17884355072553,0.0416272468554477,33.7816752115885,12.2086759408315,26.40696463556,4.84427821192072
2012-12-19,-57.9464285714286,-61.4642857142857,1.10893884301186,377.102839878627,21.4699679442814,26.8464016060152,-57.9361047744751,-61.4583334287008,0.777776440481345,-1.58159123361111,0.170832442616423,0.0502385528137287,33.7811920166016,14.0575891017914,26.40696463556,2.84866571633011
2012-12-20,-57.9464285714286,-61.4642857142857,1.07464810141495,375.083520071847,20.5310380118234,26.8464016060152,-57.9361047744751,-61.4583334287008,0.82406691412131,-1.57567827105522,0.104297005974998,0.0131839961123963,33.7766523043315,15.4919591585795,26.40696463556,14.1996764391938
2012-12-21,-57.9464285714286,-61.4642857142857,1.0478490154658,371.980401175363,18.2116256441389,26.8464016060152,-57.9361047744751,-61.4583334287008,0.720719034969807,-1.56487218141556,0.0967691066674888,0.0300149538554251,33.7701543807983,22.2060315291087,26.40696463556,13.9950811457186
2012-12-22,-57.9464285714286,-61.4642857142857,0.988616093993187,370.635761805943,16.8462755339486,26.8464016060152,-57.9361047744751,-61.4583334287008,0.81843319684267,-1.56075725952784,0.136768700834364,0.0532700582717856,33.7665811538696,19.5928839763006,26.40696463556,1.04252203678677
2012-12-23,-57.9464285714286,-61.4642857142857,0.98507469786065,370.856837681362,16.0640433175223,26.8464016060152,-57.9361047744751,-61.4583334287008,0.846919174989065,-1.5653528402249,0.138416700127224,0.0686564735136926,33.7633258501689,21.2574144045512,26.40696463556,3.49074464434268
2012-12-24,-57.9464285714286,-61.4642857142857,1.00005588254758,370.12336730957,16.966710465295,26.8464016060152,-57.9361047744751,-61.4583334287008,0.810193197925886,-1.57617165048917,0.100767032181223,0.0584531183044116,33.761711025238,24.4059074560801,26.40696463556,12.1131634026707
2012-12-25,-57.9464285714286,-61.4642857142857,0.976182926978384,368.918993268694,17.8800048146929,26.8464016060152,-57.9361047744751,-61.4583334287008,0.918338596324126,-1.57770012915134,0.11702322497343,0.0322021137612561,33.7557344436646,20.0125133991241,26.40696463556,5.4284250790766
2012-12-26,-57.9464285714286,-61.4642857142857,0.967687341783728,369.064566476004,18.1135398319789,26.8464016060152,-57.9361047744751,-61.4583334287008,1.04935454924901,-1.57670827706655,0.157836643637468,0.0616626480904718,33.7521486282349,16.7063415686289,26.40696463556,2.07050756164555
2012-12-27,-57.9464285714286,-61.4642857142857,0.978172351207052,370.115604945592,15.5948886190142,26.8464016060152,-57.9361047744751,-61.4583334287008,1.21278727054596,-1.57985421816508,0.155400250603755,0.0421308024165531,33.746540927887,13.8350582679113,26.40696463556,0.305170105241688
2012-12-28,-57.9464285714286,-61.4642857142857,0.972969334040369,370.194606236049,14.4302392346518,26.8464016060152,-57.9361047744751,-61.4583334287008,1.22258372207483,-1.58153528273106,0.170064394362271,0.0431735179697474,33.7358469009399,12.1641697406769,26.40696463556,2.48059424876096
2012-12-29,-57.9464285714286,-61.4642857142857,0.935193379010473,368.808648245675,17.5973926271711,26.8464016060152,-57.9361047744751,-61.4583334287008,1.26919768850009,-1.5802026450634,0.122516556239376,0.00203965371474624,33.7260556221008,13.2831817785899,26.40696463556,11.9831030302158
2012-12-30,-57.9464285714286,-61.4642857142857,0.872979986880507,367.647295270647,17.4675272192274,26.8464016060152,-57.9361047744751,-61.4583334287008,1.38138982951641,-1.57141839961211,0.140196946139137,-0.00150557973732551,33.7159716924032,14.4924779971441,26.40696463556,10.6240234297616
2012-12-31,-57.9464285714286,-61.4642857142857,0.874512153012412,366.985593523298,16.6093720708575,26.8464016060152,-57.9361047744751,-61.4583334287008,1.48784449100494,-1.56844792664051,0.171096937730908,0.0479445787146687,33.7098044395447,12.7847128550212,26.40696463556,2.79215888058636
2013-01-01,-57.9464285714286,-61.4642857142857,0.959162182041577,366.376079014369,12.6558568307332,26.8464016060152,-57.9361047744751,-61.4583334287008,1.3984435737133,-1.57375051677227,0.17271441736569,0.0494145530896882,33.7081132253011,18.6251929362615,26.40696463556,3.25139770773337
2013-01-02,-57.9464285714286,-61.4642857142857,1.06630213132926,365.138187953404,18.3406621388027,26.8464016060152,-57.9361047744751,-61.4583334287008,1.34142279227575,-1.57634968757629,0.148955758816252,0.0740684223361313,33.7047054926554,21.9250069379807,26.40696463556,4.53983815464593
2013-01-03,-57.9464285714286,-61.4642857142857,1.10679415294102,364.491884504046,18.5865356581552,26.8464016060152,-57.9361047744751,-61.4583334287008,1.49406416714191,-1.5692871828874,0.126794233638793,-0.00744142973174651,33.6959314664205,16.4482058127721,26.40696463556,15.4166203915227
2013-01-04,-57.9464285714286,-61.4642857142857,0.987686385001455,360.75483921596,10.5400847196579,26.8464016060152,-57.9361047744751,-61.4583334287008,1.38105412522952,-1.5629774838686,0.114418978523463,-0.0834630366104345,33.6787521680196,20.8886491457621,26.40696463556,86.7534643701481
2013-01-05,-57.9464285714286,-61.4642857142857,0.832525224557945,355.460800170898,10.9827628987176,26.8464016060152,-57.9361047744751,-61.4583334287008,1.32573017378648,-1.55689667463303,0.113416953881582,-0.0478886277725299,33.6589153925578,19.6157728433609,26.40696463556,48.0914555183883
2013-01-06,-57.9464285714286,-61.4642857142857,0.739106198506696,352.703295026507,9.83049738407135,26.8464016060152,-57.9361047744751,-61.4583334287008,1.48098393082619,-1.55585650106271,0.129383221051345,-0.0396130252319078,33.6290961901347,15.694144320488,26.40696463556,36.6172313821743
2013-01-07,-57.9464285714286,-61.4642857142857,0.664579279720783,350.917606898717,5.53116020134517,26.8464016060152,-57.9361047744751,-61.4583334287008,1.3883419473966,-1.57124291658401,0.0469628997147083,-0.0293689789250493,33.6208435694377,18.1394400119781,26.40696463556,77.7292991097607
2013-01-08,-57.9464285714286,-61.4642857142857,0.6304044680936,349.224341256278,7.00211570944105,26.8464016060152,-57.9361047744751,-61.4583334287008,1.29398482044538,-1.57492039203644,0.0915911331151922,0.047069714559863,33.6162406603495,23.7116113344828,26.40696463556,15.8481209694817
2013-01-09,-57.9464285714286,-61.4642857142857,0.665905644851072,349.195251464844,10.9142216954912,26.8464016060152,-57.9361047744751,-61.4583334287008,1.45196083188057,-1.57034770548344,0.127521591726691,0.038717815776666,33.6150324185689,18.5908595482508,26.40696463556,2.19427241580191
2013-01-10,-57.9464285714286,-61.4642857142857,0.679387900446143,349.794767107282,11.1725667204176,26.8464016060152,-57.9361047744751,-61.4583334287008,1.80710472663244,-1.56865901549657,0.137124749242018,0.00380464093759656,33.6131754875183,10.8238982518514,26.40696463556,8.63171389752573
2013-01-11,-57.9464285714286,-61.4642857142857,0.659829803875514,349.010918753488,7.67880160467965,26.8464016060152,-57.9361047744751,-61.4583334287008,1.67309184968472,-1.56647948722045,0.163274025544524,-0.0304320403685172,33.5983606656392,11.1023799101512,26.40696463556,28.8658662889059
2013-01-12,-57.9464285714286,-61.4642857142857,0.676006647092955,348.532865251814,9.55203873770578,26.8464016060152,-57.9361047744751,-61.4583334287008,1.4803674608469,-1.58326974908511,0.104998932406306,0.0464135665136079,33.5990474065145,17.9957486788432,26.40696463556,9.19172765496038
2013-01-13,-57.9464285714286,-61.4642857142857,0.714508463229452,348.790259225028,11.6537309714726,26.8464016060152,-57.9361047744751,-61.4583334287008,1.45639211734136,-1.59067812263966,0.138442131411284,0.057751192804426,33.6050749460856,22.5137598355611,26.40696463556,1.38953986242328
2013-01-14,-57.9464285714286,-61.4642857142857,0.770305699535779,349.462180001395,13.2293712752206,26.8464016060152,-57.9361047744751,-61.4583334287008,1.42768640120824,-1.59009318848451,0.13348796069622,0.0697144479801257,33.617244275411,25.5923145294189,26.40696463556,4.34180738016128
2013-01-15,-57.9464285714286,-61.4642857142857,0.827683455177716,350.400305611747,14.9952893597739,26.8464016060152,-57.9361047744751,-61.4583334287008,1.47620473702749,-1.58970915575822,0.144037191725026,0.0395825067845484,33.6226616541545,25.4638825257619,26.40696463556,0.166683811617576
2013-01-16,-57.9464285714286,-61.4642857142857,0.882691108754703,351.375985281808,16.7936845506941,26.8464016060152,-57.9361047744751,-61.4583334287008,1.52399672369162,-1.59215572575728,0.129988505070408,0.0482141585089266,33.6260058085124,25.2578824679057,26.40696463556,1.67762345087132
2013-01-17,-57.9464285714286,-61.4642857142857,0.942239414368357,352.405262538365,17.5986893858228,26.8464016060152,-57.9361047744751,-61.4583334287008,1.63252054154873,-1.59687846799692,0.12924080065762,0.0290231024535994,33.6239965756734,20.9598589261373,26.40696463556,2.83829615543825
2013-01-18,-57.9464285714286,-61.4642857142857,0.999936640262604,353.551010131836,17.2532703535897,26.8464016060152,-57.9361047744751,-61.4583334287008,1.92038332819939,-1.60327972571055,0.11553290359055,-0.00125125888735056,33.6079107920329,10.8048242330551,26.40696463556,15.4266252863548
2013-01-19,-57.9464285714286,-61.4642857142857,1.08923328135695,353.544444492885,14.372261422021,26.8464016060152,-57.9361047744751,-61.4583334287008,1.8344432135423,-1.60394858320554,0.166259753331542,0.0226294747553766,33.6058380762736,12.1107622385025,26.40696463556,3.97749804093404
2013-01-20,-57.9464285714286,-61.4642857142857,1.22337389630931,353.330193655831,19.8772707326072,26.8464016060152,-57.9361047744751,-61.4583334287008,1.59425643583139,-1.60509302616119,0.154316843518366,0.0762250637325148,33.6305706977844,25.3468948443731,26.40696463556,5.41789607281041
2013-01-21,-57.9464285714286,-61.4642857142857,1.37411160979952,353.158294677734,21.0635839189802,26.8464016060152,-57.9361047744751,-61.4583334287008,1.63211770057678,-1.60302285750707,0.14103620549043,0.0434532710971932,33.6390269597371,26.9173267205556,26.40696463556,0.230321411269191
2013-01-22,-57.9464285714286,-61.4642857142857,1.46469016373158,353.036019461496,20.230931690761,26.8464016060152,-57.9361047744751,-61.4583334287008,1.67223732968171,-1.59650970101357,0.148803165927529,0.0338297676605483,33.641201432546,25.3023888111114,26.40696463556,0.51788441994176
2013-01-23,-57.9464285714286,-61.4642857142857,1.48217623361519,353.067066737584,24.2243336268834,26.8464016060152,-57.9361047744751,-61.4583334287008,1.7292764266332,-1.59349599381288,0.0907366146333516,0.0136773786507547,33.6414175987244,19.2978717168172,26.40696463556,20.8682658938907
2013-01-24,-57.9464285714286,-61.4642857142857,1.46167070950781,352.435834612165,21.1092898164477,26.8464016060152,-57.9361047744751,-61.4583334287008,1.68218026657899,-1.59266436199347,0.142653686366975,0.0437279375890891,33.6386711120605,21.4189082225164,26.40696463556,0.132918104524379
2013-01-25,-57.9464285714286,-61.4642857142857,1.41830573550292,351.669740949358,24.9245188576835,26.8464016060152,-57.9361047744751,-61.4583334287008,1.59074680606524,-1.60978016058604,0.0475681839821239,0.0647755364887416,33.6456268310547,28.4432521979014,26.40696463556,52.4034455925685
2013-01-26,-57.9464285714286,-61.4642857142857,1.39235718761172,352.015459333147,25.03173828125,26.8464016060152,-57.9361047744751,-61.4583334287008,1.65572071373463,-1.61658071180185,0.11171300355345,0.0295113986978928,33.6434268951416,22.343364739418,26.40696463556,7.55648546117601
2013-01-27,-57.9464285714286,-61.4642857142857,1.3166343250445,351.007893153599,15.5429072720664,26.8464016060152,-57.9361047744751,-61.4583334287008,1.59149755934874,-1.60833053191503,0.11531927442799,-0.0263781649060547,33.6386328061422,26.4404750108719,26.40696463556,30.0122705345753
2013-01-28,-57.9464285714286,-61.4642857142857,1.23107073136738,349.033708844866,17.2407416275569,26.8464016060152,-57.9361047744751,-61.4583334287008,1.5365520387888,-1.59869177341461,0.157623014040291,0.0191859694818656,33.6371831576029,25.9674379348755,26.40696463556,3.55026583433361
2013-01-29,-57.9464285714286,-61.4642857142857,1.1762711916651,347.798540387835,10.9427128349032,26.8464016060152,-57.9361047744751,-61.4583334287008,1.54055607020855,-1.59749901195367,0.159530421439558,0.0157068595911066,33.6405783335368,25.7843268712362,26.40696463556,4.67810069237975
2013-01-30,-57.9464285714286,-61.4642857142857,1.14254549571446,347.213631766183,14.9562285627638,26.8464016060152,-57.9361047744751,-61.4583334287008,1.41066929002603,-1.61003194053968,0.204377371041725,0.0696941029901306,33.6628059705098,29.3689803441366,26.40696463556,19.314212033659
2013-01-31,-57.9464285714286,-61.4642857142857,1.14846780044692,346.509959629604,14.3046012265342,26.8464016060152,-57.9361047744751,-61.4583334287008,1.38007143040498,-1.61882127126058,0.107033498833577,0.0191757968006035,33.6693421363831,21.2612292369207,26.40696463556,11.3821353889356
2013-02-01,-57.9464285714286,-61.4642857142857,1.11979139489787,345.925190516881,17.9774416514805,26.8464016060152,-57.9361047744751,-61.4583334287008,1.38687095741431,-1.61951556603114,0.068274992176642,0.00167343157033126,33.6633400599162,21.9809575239817,26.40696463556,40.5645921126558
2013-02-02,-57.9464285714286,-61.4642857142857,1.0966886558703,345.773406982422,16.8771626268114,26.8464016060152,-57.9361047744751,-61.4583334287008,1.42630086541176,-1.61119927167892,0.116865546038995,0.0396893214434385,33.6621702194214,24.9387098948161,26.40696463556,4.87719453400796
2013-02-03,-57.9464285714286,-61.4642857142857,1.0898521989584,345.773263113839,15.3307315281459,26.8464016060152,-57.9361047744751,-61.4583334287008,1.50518511037032,-1.60380107959112,0.124485000098745,0.00874355298777421,33.6537777264913,21.7113773345947,26.40696463556,8.91925101337534
2013-02-04,-57.9464285714286,-61.4642857142857,1.0781826376915,345.766527448382,17.6522327150617,26.8464016060152,-57.9361047744751,-61.4583334287008,1.5997741818428,-1.59970650871595,0.089439578478535,0.0252133753461142,33.6401715914408,17.934711543719,26.40696463556,18.7891018807877
2013-02-05,-57.9464285714286,-61.4642857142857,1.08359393690314,345.58918762207,16.0641205992017,26.8464016060152,-57.9361047744751,-61.4583334287008,1.6324961344401,-1.59826451440652,0.182068340325107,0.0308592994386951,33.6286762237549,20.2935380538305,26.40696463556,6.7279284977556
2013-02-06,-57.9464285714286,-61.4642857142857,1.11217856832913,345.615556989397,16.9137197222028,26.8464016060152,-57.9361047744751,-61.4583334287008,1.68843655288219,-1.59650969902674,0.141407513804734,0.0463220109542211,33.6221654891968,22.3713401476542,26.40696463556,0.232550781209331
2013-02-07,-57.9464285714286,-61.4642857142857,1.14656172267028,345.904667445592,19.0618628433772,26.8464016060152,-57.9361047744751,-61.4583334287008,1.73194374442101,-1.59346548517545,0.149159214707712,0.0701467937479417,33.6152988115946,23.061821436882,26.40696463556,3.43846134496366
2013-02-08,-57.9464285714286,-61.4642857142857,1.1808406157153,345.893208095006,15.3734886646271,26.8464016060152,-57.9361047744751,-61.4583334287008,1.75710320174694,-1.58383942445119,0.162592445562283,0.0577308470072846,33.6142560323079,24.7759444554647,26.40696463556,2.04188611565903
2013-02-09,-57.9464285714286,-61.4642857142857,1.17531009869916,345.325901576451,13.9119278362819,26.8464016060152,-57.9361047744751,-61.4583334287008,1.79263895650705,-1.57613095939159,0.1887773258922,0.0266273997103175,33.6097418785095,23.2818089644114,26.40696463556,9.89560350529136
2013-02-10,-57.9464285714286,-61.4642857142857,1.17986571788788,345.061700003488,20.4827359403883,26.8464016060152,-57.9361047744751,-61.4583334287008,1.85027620494366,-1.57794427176317,0.187658314903577,0.0506302072977026,33.6068935394287,22.3891426324844,26.40696463556,8.16423566174927
2013-02-11,-57.9464285714286,-61.4642857142857,1.20432364940643,345.339743477958,18.8763393674578,26.8464016060152,-57.9361047744751,-61.4583334287008,1.98369093040625,-1.58322905997435,0.154911954111109,0.0222530797744791,33.591379960378,16.6503910223643,26.40696463556,2.60808156770921
2013-02-12,-57.9464285714286,-61.4642857142857,1.16897488066128,344.412841796875,12.0883070400783,26.8464016060152,-57.9361047744751,-61.4583334287008,1.91042818923791,-1.58047477106253,0.0753501997329295,0.0176854760696491,33.5723949432373,19.9209580262502,26.40696463556,29.6993245677173
2013-02-13,-57.9464285714286,-61.4642857142857,1.12380704496588,343.45779636928,16.0827900000981,26.8464016060152,-57.9361047744751,-61.4583334287008,1.86722619036833,-1.56654560466607,0.101611377019435,0.0151473535224795,33.5624764760335,23.6429446935654,26.40696463556,14.8192606088148
2013-02-14,-57.9464285714286,-61.4642857142857,1.0688732202564,342.856342860631,13.4493199075971,26.8464016060152,-57.9361047744751,-61.4583334287008,1.86738488674164,-1.54931282500426,0.148660746371994,-0.0349131748390694,33.5624382654826,24.4885618289312,26.40696463556,31.1069159013719
2013-02-15,-57.9464285714286,-61.4642857142857,0.929330304265022,341.279564993722,7.53066408634186,26.8464016060152,-57.9361047744751,-61.4583334287008,1.80354016224543,-1.5462686051925,0.197307249406974,-0.0517492188761632,33.5682237943014,26.6312156677246,26.40696463556,58.0519029189664
2013-02-16,-57.9464285714286,-61.4642857142857,0.821296664220946,339.772072928292,8.6652375289372,26.8464016060152,-57.9361047744751,-61.4583334287008,1.80926543176174,-1.56501205166181,0.182515945720176,0.000411999908586343,33.5706778526306,25.114191420873,26.40696463556,15.5056643591761
2013-02-17,-57.9464285714286,-61.4642857142857,0.822627329400608,339.562343052455,11.7725792612348,26.8464016060152,-57.9361047744751,-61.4583334287008,1.82767420311769,-1.57439395387967,0.184235155085723,0.0747652615730961,33.5764378547668,26.178524462382,26.40696463556,11.3814292700197
2013-02-18,-57.9464285714286,-61.4642857142857,0.860224085194724,339.816234043666,11.2607200826917,26.8464016060152,-57.9361047744751,-61.4583334287008,1.81886655886968,-1.58053579628468,0.201330606453121,0.0671763257433971,33.5819442749023,28.2016473611196,26.40696463556,17.0206995660742
2013-02-19,-57.9464285714286,-61.4642857142857,0.890730781214578,340.285465785435,12.5406918866294,26.8464016060152,-57.9361047744751,-61.4583334287008,1.81201820671558,-1.58002971212069,0.122903124211977,0.0626494133534531,33.5813087463379,28.0935610453288,26.40696463556,4.84724802636579
2013-02-20,-57.9464285714286,-61.4642857142857,0.898487163441522,340.708672659738,13.0378925119128,26.8464016060152,-57.9361047744751,-61.4583334287008,1.76399428149064,-1.57532985210419,0.0872371587591867,0.0700145471530656,33.5815508524577,29.5203013102214,26.40696463556,21.7367435543648
2013-02-21,-57.9464285714286,-61.4642857142857,0.89912151651723,341.175428118025,13.8094652039664,26.8464016060152,-57.9361047744751,-61.4583334287008,1.81930602987607,-1.57157607177893,0.123228654762109,0.0383210750917594,33.581410853068,24.6386112054189,26.40696463556,3.17872743407232
2013-02-22,-57.9464285714286,-61.4642857142857,0.931588045188359,341.955891200474,14.2758234228407,26.8464016060152,-57.9361047744751,-61.4583334287008,1.80393690069517,-1.56515192985535,0.166575110393266,0.0735750398288171,33.575866540273,28.5729559898376,26.40696463556,6.14755005645055
2013-02-23,-57.9464285714286,-61.4642857142857,1.03108106766428,342.8671875,14.2833773408617,26.8464016060152,-57.9361047744751,-61.4583334287008,1.80095829665661,-1.55581071972847,0.173807998560369,0.111301004203657,33.5670543670654,29.5317458311717,26.40696463556,26.0563668154293
2013-02-24,-57.9464285714286,-61.4642857142857,1.15426913968154,343.867980957031,16.8132986000606,26.8464016060152,-57.9361047744751,-61.4583334287008,1.8439039448897,-1.5504292935133,0.17608162627245,0.0700145469047129,33.5528122266134,27.4018081744512,26.40696463556,7.39272193187773
2013-02-25,-57.9464285714286,-61.4642857142857,1.22784937918186,344.397197178432,14.7538664340973,26.8464016060152,-57.9361047744751,-61.4583334287008,1.89062777459621,-1.55138553877672,0.194240139455845,0.0790734581028422,33.5345772425334,25.4193764607112,26.40696463556,16.9468541659393
2013-02-26,-57.9464285714286,-61.4642857142857,1.24677608907223,344.140280587333,13.5509969506945,26.8464016060152,-57.9361047744751,-61.4583334287008,1.88494523763657,-1.56478571196397,0.220175786409527,0.0827763707377017,33.5183390617371,24.9921172936757,26.40696463556,33.7223858626548
2013-02-27,-57.9464285714286,-61.4642857142857,1.24941862268107,343.986400059291,17.1571902547564,26.8464016060152,-57.9361047744751,-61.4583334287008,1.85669120252132,-1.57046978374322,0.195786410477012,0.0819523705169558,33.505394077301,25.4104752620061,26.40696463556,18.7292161996307
2013-02-28,-57.9464285714286,-61.4642857142857,1.25907345329012,343.892146519252,14.3878243991307,26.8464016060152,-57.9361047744751,-61.4583334287008,1.87666251560052,-1.57085380454858,0.220394502238681,0.072135583528628,33.491444683075,24.4567716280619,26.40696463556,30.3164558257044
2013-03-01,-57.9464285714286,-61.4642857142857,1.26636778882572,343.710819789342,13.4726051603045,26.8464016060152,-57.9361047744751,-61.4583334287008,1.82533037662506,-1.57526118854682,0.160603656154126,0.101687673696627,33.4800001780192,26.6858946482341,26.40696463556,17.4827147559184
2013-03-02,-57.9464285714286,-61.4642857142857,1.29265981061118,343.598227364676,13.5666396958487,26.8464016060152,-57.9361047744751,-61.4583334287008,1.80269784927368,-1.56972462038199,0.196183152558903,0.0863673815193276,33.4716965039571,27.2072524547577,26.40696463556,20.6952883811825
2013-03-03,-57.9464285714286,-61.4642857142857,1.29828399845532,343.468878609794,12.5529206139701,26.8464016060152,-57.9361047744751,-61.4583334287008,1.78800624708335,-1.570515559117,0.181803846731782,0.0584276866788665,33.4662794431051,28.1889310677846,26.40696463556,6.82665332408847
2013-03-04,-57.9464285714286,-61.4642857142857,1.26542381303651,343.188489641462,11.8632130793163,26.8464016060152,-57.9361047744751,-61.4583334287008,1.79065524538358,-1.56805118521055,0.2354706463404,0.0582089704150955,33.4715184847514,28.8107459227244,26.40696463556,39.4422409436467
2013-03-05,-57.9464285714286,-61.4642857142857,1.25821042273726,343.222573416574,14.6026282310486,26.8464016060152,-57.9361047744751,-61.4583334287008,1.77380903263887,-1.57143874267737,0.18073061335211,0.0534124777962764,33.475358804067,31.3895602226257,26.40696463556,5.86759267864352
2013-03-06,-57.9464285714286,-61.4642857142857,1.26736243707793,343.744679042271,17.221250806536,26.8464016060152,-57.9361047744751,-61.4583334287008,1.78632162412008,-1.57285276552041,0.112872707098722,0.0386923834991952,33.4693442344666,28.4903015136719,26.40696463556,6.23977508557734
2013-03-07,-57.9464285714286,-61.4642857142857,1.26919518836907,344.393439156669,18.5884649753571,26.8464016060152,-57.9361047744751,-61.4583334287008,1.78997163971265,-1.57257301310698,0.118564409141739,0.0619322286918759,33.4635711669922,28.4368941466014,26.40696463556,5.89028863111889
2013-03-08,-57.9464285714286,-61.4642857142857,1.26649585579123,345.14937046596,18.0995743955885,26.8464016060152,-57.9361047744751,-61.4583334287008,1.8550187865893,-1.56590471565723,0.127175715006888,0.040548926157256,33.4591333071391,23.578092900912,26.40696463556,2.18583706348667
2013-03-09,-57.9464285714286,-61.4642857142857,1.23788591154984,345.246401105608,12.7393023967743,26.8464016060152,-57.9361047744751,-61.4583334287008,1.80338147381941,-1.55957721869151,0.146697389489661,0.0211900184241434,33.4481466929118,24.8179074128469,26.40696463556,2.59801558589976
2013-03-10,-57.9464285714286,-61.4642857142857,1.1441458761692,344.205575125558,13.6989251204899,26.8464016060152,-57.9361047744751,-61.4583334287008,1.77110509077708,-1.5546840796868,0.0991444648243487,-0.00940478732809424,33.4568954149882,28.3046471118927,26.40696463556,26.0768818840921
2013-03-11,-57.9464285714286,-61.4642857142857,1.09086650822844,343.747685023717,13.0075235707419,26.8464016060152,-57.9361047744751,-61.4583334287008,1.73287151058515,-1.55721966028214,0.0969674774445593,0.0577715380117297,33.4578617095947,30.0734492063522,26.40696463556,13.8760866155228
2013-03-12,-57.9464285714286,-61.4642857142857,1.09882957807609,344.142772129604,15.3963116918291,26.8464016060152,-57.9361047744751,-61.4583334287008,1.69966736833254,-1.54995880126953,0.133772800055643,0.0768659521825612,33.4517453511556,30.4078812042872,26.40696463556,6.39913301421946
2013-03-13,-57.9464285714286,-61.4642857142857,1.12478853123529,344.861940656389,15.8213547297886,26.8464016060152,-57.9361047744751,-61.4583334287008,1.67926879326502,-1.56246121525764,0.128452406792591,0.0755282242782414,33.4416996320089,29.8674492200216,26.40696463556,6.85593444771749
2013-03-14,-57.9464285714286,-61.4642857142857,1.16418603701251,345.450075422014,13.6811309201377,26.8464016060152,-57.9361047744751,-61.4583334287008,1.6617145438989,-1.56911679009597,0.178604490061601,0.0782647175714374,33.4339302062988,29.3321036656698,26.40696463556,10.6279824577493
2013-03-15,-57.9464285714286,-61.4642857142857,1.18495547132833,345.296589442662,10.9782971995217,26.8464016060152,-57.9361047744751,-61.4583334287008,1.64201790193717,-1.57703380485376,0.197714163487156,0.0758079776540399,33.4243425051371,29.5342888673147,26.40696463556,17.5270100348661
2013-03-16,-57.9464285714286,-61.4642857142857,1.22142232528755,345.463407244001,15.2694786616734,26.8464016060152,-57.9361047744751,-61.4583334287008,1.63301494220893,-1.5796711097161,0.130787071678787,0.0760724711231887,33.4122747421265,27.9053634007772,26.40696463556,6.60468296526407
2013-03-17,-57.9464285714286,-61.4642857142857,1.2381223653044,345.602397373744,9.39818012714386,26.8464016060152,-57.9361047744751,-61.4583334287008,1.62492143511772,-1.57468387881915,0.187846512968342,0.0530920336022973,33.4031954447428,27.3890920559565,26.40696463556,8.43397989649179
2013-03-18,-57.9464285714286,-61.4642857142857,1.19943136189665,345.097074236189,7.50281883989062,26.8464016060152,-57.9361047744751,-61.4583334287008,1.61574756503105,-1.56934568285942,0.189143548657497,0.0507166762836277,33.3942688941956,28.0541411717733,26.40696463556,8.77299463179768
2013-03-19,-57.9464285714286,-61.4642857142857,1.18926680513791,344.915516444615,9.32697796821594,26.8464016060152,-57.9361047744751,-61.4583334287008,1.63172095716,-1.56868953704834,0.168975901013861,0.0493331706151366,33.3837399164836,27.0966229915619,26.40696463556,2.38561071477673
2013-03-20,-57.9464285714286,-61.4642857142857,1.15606654116086,344.656685965402,7.53120979240962,26.8464016060152,-57.9361047744751,-61.4583334287008,1.66639608244101,-1.55931526521842,0.172526219983896,-0.00089520967255036,33.3722952842712,22.7820683479309,26.40696463556,13.1148382049265
2013-03-21,-57.9464285714286,-61.4642857142857,1.10790434692587,344.33211844308,10.1781168494906,26.8464016060152,-57.9361047744751,-61.4583334287008,1.64862821300824,-1.55084892412027,0.17755160247907,0.0333821629174054,33.37196448644,27.9829312642415,26.40696463556,4.98368840924762
2013-03-22,-57.9464285714286,-61.4642857142857,1.01765266486577,343.511254446847,5.51957123620169,26.8464016060152,-57.9361047744751,-61.4583334287008,1.64475846290588,-1.55526139338811,0.238095237252613,0.00202439442897836,33.3855833053589,31.2509551684062,26.40696463556,49.5542034855867
2013-03-23,-57.9464285714286,-61.4642857142857,0.967589946729796,343.07738167899,9.27542008672442,26.8464016060152,-57.9361047744751,-61.4583334287008,1.58263498942057,-1.57210252185663,0.124464654581,0.0920539970199267,33.3899201393127,33.2232138474782,26.40696463556,14.2899003656286
2013-03-24,-57.9464285714286,-61.4642857142857,0.971067373241697,343.404292515346,9.21303577082498,26.8464016060152,-57.9361047744751,-61.4583334287008,1.53647879262765,-1.57391583124797,0.0910723190444211,0.0121005890580515,33.3904034932454,33.4508309841156,26.40696463556,21.1671418138815
2013-03-25,-57.9464285714286,-61.4642857142857,0.879453884703772,342.89194379534,2.57300340277808,26.8464016060152,-57.9361047744751,-61.4583334287008,1.49521776835124,-1.56045208175977,0.166234321209292,-0.0422783084213734,33.4055231412252,35.4180035273234,26.40696463556,38.8817319162692
2013-03-26,-57.9464285714286,-61.4642857142857,0.747416421771049,341.904375348772,2.37481078931264,26.8464016060152,-57.9361047744751,-61.4583334287008,1.46039004524549,-1.56693980594476,0.182866908020029,0.00198370311409235,33.3957307815552,24.3397840817769,26.40696463556,14.9560429657218
2013-03-27,-57.9464285714286,-61.4642857142857,0.759061027850424,342.176906040737,7.91452351638249,26.8464016060152,-57.9361047744751,-61.4583334287008,1.41351361572742,-1.58086133599281,0.123411765725662,0.100446587335318,33.392271900177,26.6922525087992,26.40696463556,18.9298700674499
2013-03-28,-57.9464285714286,-61.4642857142857,0.785688378981182,342.689191545759,4.91995315892356,26.8464016060152,-57.9361047744751,-61.4583334287008,1.35995363295078,-1.58724733193715,0.135853144371261,0.00454217148944736,33.3870706558228,29.1197458902995,26.40696463556,8.48217987134083
2013-03-29,-57.9464285714286,-61.4642857142857,0.779464436428888,342.911575317383,7.16374366624015,26.8464016060152,-57.9361047744751,-61.4583334287008,1.35311138232549,-1.59590695897738,0.146560054831207,0.0261289305364092,33.3879351298014,28.3046472708384,26.40696463556,1.59710780763879
2013-03-30,-57.9464285714286,-61.4642857142857,0.770121712769781,343.147225516183,8.03767650468009,26.8464016060152,-57.9361047744751,-61.4583334287008,1.28947418729464,-1.60136722822984,0.111178930010647,0.00101219723001122,33.3939115206401,32.4182883103689,26.40696463556,15.9288330358781
2013-03-31,-57.9464285714286,-61.4642857142857,0.754015835268157,343.245638166155,6.15296128817967,26.8464016060152,-57.9361047744751,-61.4583334287008,1.25470139483611,-1.60826950470606,0.155349386079858,0.0194199446899196,33.3955009142558,33.0757078488668,26.40696463556,3.29518942946972
2013-04-01,-57.9464285714286,-61.4642857142857,0.727912136486598,343.144191196987,3.18957055466516,26.8464016060152,-57.9361047744751,-61.4583334287008,1.24317150513331,-1.59877570271492,0.216808578123649,0.0444705547764897,33.3955772082011,32.6484487533569,26.40696463556,23.8091382123294
2013-04-02,-57.9464285714286,-61.4642857142857,0.729204263005938,343.134170532227,6.87816105570112,26.8464016060152,-57.9361047744751,-61.4583334287008,1.1686636125048,-1.60164698064327,0.243354594366004,0.111087374575436,33.4088664054871,34.6652136484782,26.40696463556,68.1809335536797
2013-04-03,-57.9464285714286,-61.4642857142857,0.75425460083144,343.440872192383,4.76817573819842,26.8464016060152,-57.9361047744751,-61.4583334287008,1.07424544294675,-1.60395621756713,0.247627185999105,0.0701315347415706,33.4223338127136,38.5868420441945,26.40696463556,53.2481479358302
2013-04-04,-57.9464285714286,-61.4642857142857,0.78334992485387,343.893096923828,7.47370529174805,26.8464016060152,-57.9361047744751,-61.4583334287008,0.990820052226384,-1.6076896438996,0.162012594317396,0.0547400330193341,33.4267970085144,38.9784964879354,26.40696463556,1.5906213694184
2013-04-05,-57.9464285714286,-61.4642857142857,0.800515568682126,344.236315046038,4.1213926417487,26.8464016060152,-57.9361047744751,-61.4583334287008,0.952946581443151,-1.59304838975271,0.190333770556996,0.00792972610021631,33.4221300443013,38.4902003288269,26.40696463556,15.5338552794519
2013-04-06,-57.9464285714286,-61.4642857142857,0.787256973130362,344.309646606445,6.10060918331146,26.8464016060152,-57.9361047744751,-61.4583334287008,0.938450287779172,-1.58883429169655,0.222505365591496,-0.0154067608527839,33.4183277130127,38.239694182078,26.40696463556,45.5219358661222
2013-04-07,-57.9464285714286,-61.4642857142857,0.803038154329572,344.727329799107,5.80115963731493,26.8464016060152,-57.9361047744751,-61.4583334287008,0.902914534509182,-1.59152246713638,0.234641559670369,0.0594602292403579,33.4140546162923,38.5563234965007,26.40696463556,38.9049951482619
2013-04-08,-57.9464285714286,-61.4642857142857,0.81342474264758,345.124431065151,3.57048560891833,26.8464016060152,-57.9361047744751,-61.4583334287008,0.844636390606562,-1.58441927333673,0.201900285296142,0.0446384065163632,33.409578259786,38.5130891482035,26.40696463556,14.6340932734283
2013-04-09,-57.9464285714286,-61.4642857142857,0.796630037682397,345.25795854841,3.83982244559697,26.8464016060152,-57.9361047744751,-61.4583334287008,0.835541872183482,-1.58363342881203,0.239819533998768,0.0256914986607929,33.4081284840902,38.8348050753276,26.40696463556,44.002157297682
2013-04-10,-57.9464285714286,-61.4642857142857,0.763298394424575,345.206196376256,3.06136847393853,26.8464016060152,-57.9361047744751,-61.4583334287008,0.853132745126883,-1.58915473421415,0.226116723722468,0.0098574785515666,33.4052927335103,36.8600033124288,26.40696463556,36.4782349616692
2013-04-11,-57.9464285714286,-61.4642857142857,0.749060984168734,345.264310564314,6.06108347007206,26.8464016060152,-57.9361047744751,-61.4583334287008,0.845924273629983,-1.60112307071686,0.220781068783253,0.070197658178707,33.4073910077413,38.0120769659678,26.40696463556,30.0705274524366
2013-04-12,-57.9464285714286,-61.4642857142857,0.759784802794456,345.541843959263,6.00458312034607,26.8464016060152,-57.9361047744751,-61.4583334287008,0.826654883722464,-1.5994674573342,0.192332733112077,0.0401216671802104,33.409578259786,39.3688791910807,26.40696463556,9.98740861893494
2013-04-13,-57.9464285714286,-61.4642857142857,0.765250067625727,345.843409946987,4.79200678212302,26.8464016060152,-57.9361047744751,-61.4583334287008,0.817139214277267,-1.59507787525654,0.190379548600564,0.06817326353242,33.4066535313924,39.3078420797984,26.40696463556,11.9950938542295
2013-04-14,-57.9464285714286,-61.4642857142857,0.74870217697961,345.920113699777,4.62826141289302,26.8464016060152,-57.9361047744751,-61.4583334287008,0.823169671992461,-1.58427431583405,0.23067415341114,0.0175939206965268,33.4014272371928,39.2061136404673,26.40696463556,37.8122125675691
2013-04-15,-57.9464285714286,-61.4642857142857,0.739699348807335,345.852377755301,5.0789110660553,26.8464016060152,-57.9361047744751,-61.4583334287008,0.808276637395223,-1.58390047152837,0.244651629806807,0.095782341559728,33.3995962460836,40.1979654630025,26.40696463556,60.3256992150277
2013-04-16,-57.9464285714286,-61.4642857142857,0.758095334683146,346.141056605748,5.67608628954206,26.8464016060152,-57.9361047744751,-61.4583334287008,0.770915880302588,-1.58390809396903,0.210318308634063,0.0855688143521547,33.3968878428141,41.990927584966,26.40696463556,28.197222248626
2013-04-17,-57.9464285714286,-61.4642857142857,0.754286104014942,346.35281590053,3.52322613341468,26.8464016060152,-57.9361047744751,-61.4583334287008,0.738840925196807,-1.57531459728877,0.178599404605726,0.0387432477747401,33.387452729543,41.2139771461487,26.40696463556,4.87759949219355
2013-04-18,-57.9464285714286,-61.4642857142857,0.710051485470363,346.336480276925,2.62163126468658,26.8464016060152,-57.9361047744751,-61.4583334287008,0.746226406097412,-1.57153792778651,0.224768821864078,0.0328226572213074,33.3751182874044,38.5639532566071,26.40696463556,30.2375163139372
2013-04-19,-57.9464285714286,-61.4642857142857,0.68367050588131,346.373870849609,4.25001793248313,26.8464016060152,-57.9361047744751,-61.4583334287008,0.768681928018729,-1.57284768124421,0.168640196913232,0.0698009174627562,33.3592869758606,29.8038691282272,26.40696463556,5.50993636949754
2013-04-20,-57.9464285714286,-61.4642857142857,0.684262797236443,346.56827218192,3.82277655601501,26.8464016060152,-57.9361047744751,-61.4583334287008,0.759581306080023,-1.56781212886175,0.237322102238735,0.100070192261289,33.3553830782572,35.1204480965932,26.40696463556,55.8099529525325
2013-04-21,-57.9464285714286,-61.4642857142857,0.671495967677661,346.578419276646,1.58191390548434,26.8464016060152,-57.9361047744751,-61.4583334287008,0.728653847426176,-1.56846573551496,0.222073020103077,0.0710877814330161,33.3478425343831,38.1455955664317,26.40696463556,31.2592226653422
2013-04-22,-57.9464285714286,-61.4642857142857,0.658088522297995,346.53509085519,3.5169460943767,26.8464016060152,-57.9361047744751,-61.4583334287008,0.657277157654365,-1.57723725934823,0.135461490446081,0.166310617886484,33.3376061121623,39.7376445134481,26.40696463556,75.6126579183633
2013-04-23,-57.9464285714286,-61.4642857142857,0.663130798510143,346.939058576311,1.41952668769019,26.8464016060152,-57.9361047744751,-61.4583334287008,0.568974902729193,-1.57725760539373,0.191808831846962,0.102699870647242,33.3231732686361,38.4596818447113,26.40696463556,26.9349950074685
2013-04-24,-57.9464285714286,-61.4642857142857,0.656947540385383,347.291067940848,2.73371525321688,26.8464016060152,-57.9361047744751,-61.4583334287008,0.576104021817446,-1.57757804294427,0.19880265702183,0.123172704099367,33.3149079640706,36.5103119214376,26.40696463556,44.3789757960461
2013-04-25,-57.9464285714286,-61.4642857142857,0.650472628218787,347.509238106864,1.82551176207406,26.8464016060152,-57.9361047744751,-61.4583334287008,0.597759957114855,-1.56664987405141,0.207200334159036,0.0957670826154451,33.3030053138733,27.6052647749583,26.40696463556,31.0602797670946
2013-04-26,-57.9464285714286,-61.4642857142857,0.616303824952671,347.506308419364,1.71205498491015,26.8464016060152,-57.9361047744751,-61.4583334287008,0.608740518738826,-1.55844294726849,0.186630857611696,0.0543687243325015,33.304912630717,27.4081660747528,26.40696463556,8.07935997554287
2013-04-27,-57.9464285714286,-61.4642857142857,0.602005451917648,347.726693289621,2.80968480450766,26.8464016060152,-57.9361047744751,-61.4583334287008,0.618134118368228,-1.55873541633288,0.256513157735268,0.148457288866242,33.3112326304118,33.89334953626,26.40696463556,113.688465348808
2013-04-28,-57.9464285714286,-61.4642857142857,0.617783331445285,348.317446027483,3.91652415479933,26.8464016060152,-57.9361047744751,-61.4583334287008,0.563963763291637,-1.56414482295513,0.233029165615638,0.0954262926864127,33.3044041951497,36.1466329097748,26.40696463556,49.5611964674114
2013-04-29,-57.9464285714286,-61.4642857142857,0.622970336249897,348.734523228237,3.25412881374359,26.8464016060152,-57.9361047744751,-61.4583334287008,0.584221947689851,-1.56423382957776,0.257942440391829,0.0696788437354068,33.3054723421733,35.8147442022959,26.40696463556,63.95967489583
2013-04-30,-57.9464285714286,-61.4642857142857,0.616692623921803,349.007502964565,3.07785293034145,26.8464016060152,-57.9361047744751,-61.4583334287008,0.593273738212883,-1.56644896467527,0.262886440412452,0.0578224025356273,33.3067056655884,35.7435343106588,26.40696463556,67.1804011963917
2013-05-01,-57.9464285714286,-61.4642857142857,0.617737893547331,349.310594831194,3.21360535281045,26.8464016060152,-57.9361047744751,-61.4583334287008,0.563377811449269,-1.55884223083655,0.265973896502207,0.134286528794716,33.3114614168803,37.5377681096395,26.40696463556,110.616334493922
2013-05-02,-57.9464285714286,-61.4642857142857,0.61688189634255,349.529575892857,2.19107511213848,26.8464016060152,-57.9361047744751,-61.4583334287008,0.490206628541152,-1.55752738614877,0.231289609366407,0.118254138001551,33.3116014162699,38.0654841423035,26.40696463556,62.4484680306556
2013-05-03,-57.9464285714286,-61.4642857142857,0.617723809821265,349.804700578962,2.93542030879429,26.8464016060152,-57.9361047744751,-61.4583334287008,0.435230589285493,-1.55302591621876,0.239478744007647,0.163024790895482,33.3109274228414,37.3292252699534,26.40696463556,112.905444445153
2013-05-04,-57.9464285714286,-61.4642857142857,0.619630711419242,350.039090837751,2.11808087996074,26.8464016060152,-57.9361047744751,-61.4583334287008,0.371990131276349,-1.54787337084611,0.227912227747341,0.0846939503215253,33.3075068473816,36.1351883252462,26.40696463556,40.3833719501295
2013-05-05,-57.9464285714286,-61.4642857142857,0.584555583340781,349.889386858259,0.935645384447915,26.8464016060152,-57.9361047744751,-61.4583334287008,0.394170984067023,-1.54240037997564,0.265414390619844,0.0377157913210491,33.3070872306824,34.7631271362305,26.40696463556,69.3552703618911
2013-05-06,-57.9464285714286,-61.4642857142857,0.533318606870515,349.590146745954,0.85054018667766,26.8464016060152,-57.9361047744751,-61.4583334287008,0.407281735042731,-1.53813541432222,0.210674356793364,0.0325581630381445,33.3015811284383,32.0431648254395,26.40696463556,20.4128763982603
2013-05-07,-57.9464285714286,-61.4642857142857,0.511866729174342,349.61833190918,1.81888220991407,26.8464016060152,-57.9361047744751,-61.4583334287008,0.346507176260153,-1.54010386367639,0.184392833771805,0.110700806975365,33.2918150901794,31.4022761662801,26.40696463556,28.9665994178462
2013-05-08,-57.9464285714286,-61.4642857142857,0.513172422136579,349.841960362026,2.35080082075936,26.8464016060152,-57.9361047744751,-61.4583334287008,0.284609536329905,-1.5384151717027,0.193283894006163,0.0509557381272316,33.2887632687887,34.7618556658427,26.40696463556,10.5867302781988
2013-05-09,-57.9464285714286,-61.4642857142857,0.51161972114018,349.968527657645,2.65689708505358,26.8464016060152,-57.9361047744751,-61.4583334287008,0.237757519818842,-1.52845596174399,0.223192032240331,0.011251157335937,33.2843381245931,35.9419044494629,26.40696463556,33.7650737412082
2013-05-10,-57.9464285714286,-61.4642857142857,0.5097341047866,349.990116664342,2.65999487468175,26.8464016060152,-57.9361047744751,-61.4583334287008,0.179564824389915,-1.52515233854453,0.187170018193622,0.0299590035031239,33.2750426610311,35.3671391805013,26.40696463556,8.72807463577096
2013-05-11,-57.9464285714286,-61.4642857142857,0.509495028427669,350.143715994699,1.98768906933921,26.8464016060152,-57.9361047744751,-61.4583334287008,0.112521764325599,-1.53301593760649,0.20826339389508,0.0473596404306591,33.262899017334,34.5291519641876,26.40696463556,18.3342566726793
2013-05-12,-57.9464285714286,-61.4642857142857,0.506177029439381,350.327492850167,2.00492738825934,26.8464016060152,-57.9361047744751,-61.4583334287008,0.0622272598867615,-1.5423647771279,0.212347788270563,0.0375835443226,33.2532349904378,33.8450285593669,26.40696463556,21.0323533913146
2013-05-13,-57.9464285714286,-61.4642857142857,0.48892246399607,350.377461024693,1.13942235708237,26.8464016060152,-57.9361047744751,-61.4583334287008,0.0197943259030581,-1.55248420834541,0.151880448808273,0.0553504031772415,33.249165725708,34.7529542605082,26.40696463556,0.732010478590607
2013-05-14,-57.9464285714286,-61.4642857142857,0.467943251132965,350.487557547433,1.46703756707055,26.8464016060152,-57.9361047744751,-61.4583334287008,-0.0556840529665351,-1.55648213128249,0.118208359523366,0.0984272795729339,33.2515946070353,37.469101635615,26.40696463556,19.2142075475911
2013-05-15,-57.9464285714286,-61.4642857142857,0.461417076843125,350.860770089286,1.3315218431609,26.8464016060152,-57.9361047744751,-61.4583334287008,-0.159874243475497,-1.54802087644736,0.155954669136554,0.0856807152119776,33.257138856252,39.9716196537018,26.40696463556,9.03608465165989
2013-05-16,-57.9464285714286,-61.4642857142857,0.457369272197996,351.133204868862,1.37921974488667,26.8464016060152,-57.9361047744751,-61.4583334287008,-0.210431206040084,-1.5459583312273,0.171478417391578,0.0705537072382867,33.2611190160116,39.4871382077535,26.40696463556,6.33895417164132
2013-05-17,-57.9464285714286,-61.4642857142857,0.449691868254117,351.428035191127,1.11435776097434,26.8464016060152,-57.9361047744751,-61.4583334287008,-0.227344564907253,-1.53896196087201,0.179052094556391,0.0152745140716434,33.2700075785319,39.6804221153259,26.40696463556,8.99575507404978
2013-05-18,-57.9464285714286,-61.4642857142857,0.437941757696016,351.893818446568,0.809610068798065,26.8464016060152,-57.9361047744751,-61.4583334287008,-0.225751497720679,-1.52821690042814,0.214560381540408,0.057649464191248,33.2774973233541,39.3141998291016,26.40696463556,23.2190400995357
2013-05-19,-57.9464285714286,-61.4642857142857,0.424882252301489,352.675225394113,0.559695507798876,26.8464016060152,-57.9361047744751,-61.4583334287008,-0.229914223589003,-1.52615182002385,0.236960967505972,0.0669372642723223,33.2797225952148,38.9530640602112,26.40696463556,42.3846424924075
2013-05-20,-57.9464285714286,-61.4642857142857,0.410999527999333,353.380987984794,0.687122992106846,26.8464016060152,-57.9361047744751,-61.4583334287008,-0.216199204139411,-1.52945544918378,0.252291430346668,0.0478123314368228,33.2832449595133,39.9004097938538,26.40696463556,54.6618909501205
2013-05-21,-57.9464285714286,-61.4642857142857,0.393320266689573,353.849184308733,0.291476179446493,26.8464016060152,-57.9361047744751,-61.4583334287008,-0.194238087162375,-1.53894416193167,0.236075930421551,0.0283262631855905,33.2824310938517,38.3719411849976,26.40696463556,40.1809841401606
2013-05-22,-57.9464285714286,-61.4642857142857,0.380741734589849,354.209278651646,0.72138997060912,26.8464016060152,-57.9361047744751,-61.4583334287008,-0.218890938162804,-1.54584897061189,0.206442457716912,0.0623391416855156,33.2756408055623,34.179460867246,26.40696463556,18.8814052407007
2013-05-23,-57.9464285714286,-61.4642857142857,0.368106780307634,354.104679652623,0.658894202538899,26.8464016060152,-57.9361047744751,-61.4583334287008,-0.276216906122863,-1.55098117490609,0.0806960254597167,0.0477004305149118,33.281795279185,38.1188916365306,26.40696463556,22.5877586238076
2013-05-24,-57.9464285714286,-61.4642857142857,0.360206508210727,354.147221156529,1.16958520242146,26.8464016060152,-57.9361047744751,-61.4583334287008,-0.415112746320665,-1.55211289624373,0.0908179975735644,0.0814589881959061,33.2946638425191,43.7393844445546,26.40696463556,23.2689484551295
2013-05-25,-57.9464285714286,-61.4642857142857,0.36640465259552,354.731539045061,1.08167100804193,26.8464016060152,-57.9361047744751,-61.4583334287008,-0.52756124685208,-1.55563269853592,0.142811364494264,0.0825525684592625,33.3003732681274,45.0338780085246,26.40696463556,7.57238974812335
2013-05-26,-57.9464285714286,-61.4642857142857,0.366224520972797,355.374502999442,0.612426710980279,26.8464016060152,-57.9361047744751,-61.4583334287008,-0.643543789659937,-1.56216111580531,0.0909451584642132,0.109775078296661,33.3034633000692,46.0905813217163,26.40696463556,37.8244051209778
2013-05-27,-57.9464285714286,-61.4642857142857,0.36780614725181,356.267848423549,1.05381352560861,26.8464016060152,-57.9361047744751,-61.4583334287008,-0.766655452425281,-1.55415763457616,0.131188899433861,0.10594500573352,33.3070490837097,46.4148405234019,26.40696463556,20.592380872402
2013-05-28,-57.9464285714286,-61.4642857142857,0.375856325030327,357.093000139509,0.867724312203271,26.8464016060152,-57.9361047744751,-61.4583334287008,-0.846974071611961,-1.54488764206568,0.196590066049248,0.0894039735508462,33.3031961758931,42.891223971049,26.40696463556,22.2268823071003
2013-05-29,-57.9464285714286,-61.4642857142857,0.381546141845839,358.05256652832,0.689696307693209,26.8464016060152,-57.9361047744751,-61.4583334287008,-0.876381708184878,-1.53532516956329,0.212449516635388,0.122831914015114,33.2997120221456,42.5084709644318,26.40696463556,52.0004331753924
2013-05-30,-57.9464285714286,-61.4642857142857,0.376670596855027,358.7936466762,0.217784409012113,26.8464016060152,-57.9361047744751,-61.4583334287008,-0.917172747353713,-1.52709025641282,0.220140180550516,0.0338551997517546,33.2931125005086,41.4174340724945,26.40696463556,26.6725891993594
2013-05-31,-57.9464285714286,-61.4642857142857,0.366508056010519,359.206545148577,0.401901587843895,26.8464016060152,-57.9361047744751,-61.4583334287008,-0.939213210344315,-1.53867203791936,0.165374715067446,0.0855688143831988,33.287695535024,40.3098664919535,26.40696463556,10.2008965138945
2013-06-01,-57.9464285714286,-61.4642857142857,0.362654568893569,359.307721819196,0.657311711992536,26.8464016060152,-57.9361047744751,-61.4583334287008,-0.981444724897544,-1.54091514050961,0.150934374394516,0.0574358349045118,33.2890051841736,42.182940196991,26.40696463556,0.95725164686296
2013-06-02,-57.9464285714286,-61.4642857142857,0.359557481748717,359.561758858817,0.534432225993701,26.8464016060152,-57.9361047744751,-61.4583334287008,-1.03105561683575,-1.53612374265989,0.205181025310109,0.0629342530854046,33.2897680600484,43.0514459609985,26.40696463556,18.2608424289605
2013-06-03,-57.9464285714286,-61.4642857142857,0.348142498305866,359.758187430246,0.361404567956924,26.8464016060152,-57.9361047744751,-61.4583334287008,-1.04144411608577,-1.53144423365593,0.242011779608826,0.000717185003062089,33.2929470698039,45.1546800931295,26.40696463556,53.7238785706669
2013-06-04,-57.9464285714286,-61.4642857142857,0.340047427586147,360.286847795759,0.426567294767925,26.8464016060152,-57.9361047744751,-61.4583334287008,-1.02113099694252,-1.53921882609526,0.203538112932195,0.0489771213072042,33.2959861755371,45.2322478612264,26.40696463556,15.6571481258505
2013-06-05,-57.9464285714286,-61.4642857142857,0.338058280093329,360.5592716762,0.571149027773312,26.8464016060152,-57.9361047744751,-61.4583334287008,-1.04602189362049,-1.53779716889064,0.177953429644306,0.0512914416380227,33.2976392745972,44.2581986904144,26.40696463556,4.81369679231863
2013-06-06,-57.9464285714286,-61.4642857142857,0.33517271067415,360.636149815151,0.656892205987658,26.8464016060152,-57.9361047744751,-61.4583334287008,-1.035297686855,-1.53537094692389,0.217500330135226,0.0107933793527385,33.3016447703044,44.3230505943298,26.40696463556,29.7869886726902
2013-06-07,-57.9464285714286,-61.4642857142857,0.327636120574815,360.706654139927,0.2409440481237,26.8464016060152,-57.9361047744751,-61.4583334287008,-1.02022153933843,-1.54867447912693,0.184901474726697,0.000742616908003887,33.3043660481771,43.9759026527405,26.40696463556,16.218746378806
2013-06-08,-57.9464285714286,-61.4642857142857,0.318552834647042,360.69312613351,0.368346605982099,26.8464016060152,-57.9361047744751,-61.4583334287008,-1.038782898585,-1.56431012749672,0.184759056195617,0.0585497605303923,33.3062735239665,43.7470137278239,26.40696463556,7.8928102993782
2013-06-09,-57.9464285714286,-61.4642857142857,0.311786119427,360.727279663086,0.335389873811177,26.8464016060152,-57.9361047744751,-61.4583334287008,-1.03424784888824,-1.56751457353433,0.264656513960411,0.0776746934279799,33.3122883796692,45.4916554133097,26.40696463556,73.9560864211359
2013-06-10,-57.9464285714286,-61.4642857142857,0.304085955023766,361.27974155971,0.174866065382957,26.8464016060152,-57.9361047744751,-61.4583334287008,-1.12671282440424,-1.57378866374493,0.148462374911954,0.0522375154929856,33.2955286661784,29.0650668303172,26.40696463556,0.344922394731503
2013-06-11,-57.9464285714286,-61.4642857142857,0.299800206507955,361.66363961356,0.471554060067449,26.8464016060152,-57.9361047744751,-61.4583334287008,-1.18507643093665,-1.57104454835256,0.136336354849239,0.0914385409094393,33.3004369735718,41.3576688130697,26.40696463556,11.9296356783149
2013-06-12,-57.9464285714286,-61.4642857142857,0.295440110777106,362.170560564314,0.173546944345747,26.8464016060152,-57.9361047744751,-61.4583334287008,-1.24877466013034,-1.55516729652882,0.226884772069752,0.020772931817919,33.2972579638163,40.7981627146403,26.40696463556,33.956177883475
2013-06-13,-57.9464285714286,-61.4642857142857,0.290646057043757,363.160912649972,0.269898648772921,26.8464016060152,-57.9361047744751,-61.4583334287008,-1.28520765999953,-1.54831334253152,0.206457717902958,0.10336110504965,33.2970671335856,41.5725699106852,26.40696463556,34.8446990563308
2013-06-14,-57.9464285714286,-61.4642857142857,0.287923193403653,364.208275931222,0.189574986696243,26.8464016060152,-57.9361047744751,-61.4583334287008,-1.34225895553827,-1.54519282877445,0.215414899401367,0.0732952865771949,33.2976647059123,42.1943844954173,26.40696463556,27.1592452456297
2013-06-15,-57.9464285714286,-61.4642857142857,0.280148879757949,364.890232631138,0.0997880271502904,26.8464016060152,-57.9361047744751,-61.4583334287008,-1.35200656950474,-1.54309976100922,0.233619189697007,0.0291299172987541,33.2983641306559,42.4741375923157,26.40696463556,37.9201662969013
2013-06-16,-57.9464285714286,-61.4642857142857,0.273601814040116,365.421020507812,0.203773477247783,26.8464016060152,-57.9361047744751,-61.4583334287008,-1.37756277521451,-1.53955452640851,0.185857722628862,0.0799483220403393,33.3005639394124,42.0087302207947,26.40696463556,13.7167887147735
2013-06-17,-57.9464285714286,-61.4642857142857,0.270267333303179,365.591315133231,0.268255377454417,26.8464016060152,-57.9361047744751,-61.4583334287008,-1.40529189209143,-1.53747164507707,0.193421226491531,0.0339162368327379,33.3106730779012,43.4901498158773,26.40696463556,10.9086127208415
2013-06-18,-57.9464285714286,-61.4642857142857,0.263541490903922,365.420429774693,0.131772509110825,26.8464016060152,-57.9361047744751,-61.4583334287008,-1.43572494288286,-1.53044475118319,0.173319701726238,0.00237535734971364,33.3208839734395,44.9283347765605,26.40696463556,11.9006800174431
2013-06-19,-57.9464285714286,-61.4642857142857,0.258437290787697,365.353676932199,0.278348791812147,26.8464016060152,-57.9361047744751,-61.4583334287008,-1.45074615379175,-1.5344503124555,0.176183354854584,0.0476953437241415,33.3342357953389,45.8375320752462,26.40696463556,4.09664282244581
2013-06-20,-57.9464285714286,-61.4642857142857,0.251189288284097,364.785505022321,0.0979013240763119,26.8464016060152,-57.9361047744751,-61.4583334287008,-1.45956600805124,-1.54080069561799,0.106850387776891,0.00698365233838558,33.35046154658,48.0513954162598,26.40696463556,15.2216737212115
2013-06-21,-57.9464285714286,-61.4642857142857,0.24010979277747,364.017567225865,0.147352330386639,26.8464016060152,-57.9361047744751,-61.4583334287008,-1.46822716196378,-1.550775167346,0.0733003727781276,0.0568559829766552,33.3765423456828,50.0427282651265,26.40696463556,28.5861136017474
2013-06-22,-57.9464285714286,-61.4642857142857,0.235777875142438,364.382991245815,0.165854406143938,26.8464016060152,-57.9361047744751,-61.4583334287008,-1.51224705775579,-1.55752739210924,0.137089144190152,0.0871913816469411,33.3988212585449,50.626394589742,26.40696463556,9.91975260169519
2013-06-23,-57.9464285714286,-61.4642857142857,0.23340539421354,365.041717529297,0.117167491465807,26.8464016060152,-57.9361047744751,-61.4583334287008,-1.5488387465477,-1.55709504286448,0.173599454729507,0.104988759042074,33.3999149640401,49.0534198125203,26.40696463556,21.9507173239911
2013-06-24,-57.9464285714286,-61.4642857142857,0.230124317109585,365.170639038086,0.147726134530136,26.8464016060152,-57.9361047744751,-61.4583334287008,-1.56532484789689,-1.56207465032736,0.115105644830813,0.0997039705514908,33.404619661967,50.0745183308919,26.40696463556,20.884180144345
2013-06-25,-57.9464285714286,-61.4642857142857,0.227810117815222,365.135035923549,0.18432055786252,26.8464016060152,-57.9361047744751,-61.4583334287008,-1.58005307614803,-1.55049286981424,0.0953245642284552,0.0571153905242682,33.4123380978902,52.0455057144165,26.40696463556,14.6363053091283
2013-06-26,-57.9464285714286,-61.4642857142857,0.224891003753458,365.090063912528,0.113698835883822,26.8464016060152,-57.9361047744751,-61.4583334287008,-1.59414042929808,-1.53878139654795,0.0934375034334759,0.0417442345991731,33.4174116452535,52.1790240287781,26.40696463556,14.8033455618218
2013-06-27,-57.9464285714286,-61.4642857142857,0.220128258424146,365.165176391602,0.106588305107185,26.8464016060152,-57.9361047744751,-61.4583334287008,-1.61044341524442,-1.53540147145589,0.178772341211637,0.0402386547376712,33.4166868845622,51.9297892252604,26.40696463556,4.86420531693314
2013-06-28,-57.9464285714286,-61.4642857142857,0.214197247156075,365.36075265067,0.0789240758333887,26.8464016060152,-57.9361047744751,-61.4583334287008,-1.64842064181964,-1.54513687292735,0.136132898305853,0.0200252284916739,33.3943833351135,21.5358958562215,26.40696463556,3.54499890906373
2013-06-29,-57.9464285714286,-61.4642857142857,0.211298051689352,365.456017630441,0.276088419769491,26.8464016060152,-57.9361047744751,-61.4583334287008,-1.63189181685448,-1.54775129755338,0.10310678385819,0.076296273774157,33.4181110699972,49.4616047859192,26.40696463556,15.2182673051123
2013-06-30,-57.9464285714286,-61.4642857142857,0.210087875170367,365.450879778181,0.204752462250846,26.8464016060152,-57.9361047744751,-61.4583334287008,-1.63082978129387,-1.53890346884727,0.120995716905842,0.0260170290867488,33.4341840744019,53.4493569691976,26.40696463556,5.20292855104246
2013-07-01,-57.9464285714286,-61.4642857142857,0.207242835845266,365.140042986189,0.179722080273288,26.8464016060152,-57.9361047744751,-61.4583334287008,-1.63574936290582,-1.53864914973577,0.107236955904712,0.0288399916452666,33.4451325416565,53.6871469497681,26.40696463556,9.37138130308524
2013-07-02,-57.9464285714286,-61.4642857142857,0.200060075947217,364.109728131975,0.0951878646654742,26.8464016060152,-57.9361047744751,-61.4583334287008,-1.63759267727534,-1.53331858317057,0.0604317349692186,-0.0363678905181587,33.4607222874959,55.3643933931986,26.40696463556,70.4311685412388
2013-07-03,-57.9464285714286,-61.4642857142857,0.19084301165172,362.89644077846,0.0460365293547511,26.8464016060152,-57.9361047744751,-61.4583334287008,-1.63099458018939,-1.53461816012859,0.0767133596663674,-0.024842066783458,33.4758671124776,57.1001338005066,26.40696463556,48.936933228056
2013-07-04,-57.9464285714286,-61.4642857142857,0.18414118034499,362.049510410854,0.062058205849358,26.8464016060152,-57.9361047744751,-61.4583334287008,-1.6527664800485,-1.54615923961004,0.105288857749353,0.00743125705048442,33.4808264414469,54.4462951978048,26.40696463556,15.7088793032794
2013-07-05,-57.9464285714286,-61.4642857142857,0.181106003267424,361.678211757115,0.143592348854457,26.8464016060152,-57.9361047744751,-61.4583334287008,-1.67224339445432,-1.55334126651287,0.131143121638646,0.0448113448917866,33.4870447158813,54.5836284001668,26.40696463556,1.39164681486544
2013-07-06,-57.9464285714286,-61.4642857142857,0.179529543433871,361.969504220145,0.11826491116413,26.8464016060152,-57.9361047744751,-61.4583334287008,-1.6795861462752,-1.5522909194231,0.165481531682114,0.052461317833513,33.4909867922465,54.254282728831,26.40696463556,1.92392853517803
2013-07-07,-57.9464285714286,-61.4642857142857,0.177720349814211,362.166815621512,0.140401388119374,26.8464016060152,-57.9361047744751,-61.4583334287008,-1.69244664708773,-1.55752484997114,0.102801599384596,0.0271513005718589,33.4947381019592,53.4239248593648,26.40696463556,11.5386113293848
2013-07-08,-57.9464285714286,-61.4642857142857,0.175014860928059,361.850640433175,0.0977203037057604,26.8464016060152,-57.9361047744751,-61.4583334287008,-1.69089020192623,-1.56490524113178,0.14436780900384,0.029287596202145,33.5044278462728,55.6950107574463,26.40696463556,1.1351460835998
2013-07-09,-57.9464285714286,-61.4642857142857,0.172799063580377,361.971095493862,0.155554261058569,26.8464016060152,-57.9361047744751,-61.4583334287008,-1.69873956044515,-1.57134719093641,0.151310769872119,0.0809910375935336,33.505966536204,53.9249371528625,26.40696463556,6.91872822783044
2013-07-10,-57.9464285714286,-61.4642857142857,0.171659873000213,362.691951206752,0.101100156349795,26.8464016060152,-57.9361047744751,-61.4583334287008,-1.71061737239361,-1.57015187839667,0.150771609538545,0.0344757428082327,33.5087387084961,53.5574434598287,26.40696463556,0.493577795865269
2013-07-11,-57.9464285714286,-61.4642857142857,0.172675743699074,363.28303527832,0.33059334648507,26.8464016060152,-57.9361047744751,-61.4583334287008,-1.72195194065571,-1.5682597309351,0.176976835820824,0.0429751477825145,33.5112820307414,53.4480853398641,26.40696463556,4.2599594565431
2013-07-12,-57.9464285714286,-61.4642857142857,0.177185558847019,363.77662222726,0.361028736191137,26.8464016060152,-57.9361047744751,-61.4583334287008,-1.7294411867857,-1.57410148580869,0.117007964973648,0.0455030973379811,33.5190261205037,54.9193319956462,26.40696463556,4.75406609328721
2013-07-13,-57.9464285714286,-61.4642857142857,0.177975863218307,363.728278023856,0.153942604150091,26.8464016060152,-57.9361047744751,-61.4583334287008,-1.7368022531271,-1.57678457597891,0.0747906937574347,-0.0133162429556251,33.5251043319702,55.199084631602,26.40696463556,43.0567187975938
2013-07-14,-57.9464285714286,-61.4642857142857,0.177909309310572,363.676021030971,0.291410620723452,26.8464016060152,-57.9361047744751,-61.4583334287008,-1.73759573499362,-1.57299264669418,0.0865810113959014,0.063732820811371,33.533445930481,55.7178990999858,26.40696463556,20.696801691297
2013-07-15,-57.9464285714286,-61.4642857142857,0.17766376052584,363.565185546875,0.142684508115053,26.8464016060152,-57.9361047744751,-61.4583334287008,-1.74061706662178,-1.56903541187445,0.113869645167142,0.0173294268548489,33.5442672093709,56.8597998936971,26.40696463556,9.30325071880375
2013-07-16,-57.9464285714286,-61.4642857142857,0.173578930752618,363.414088657924,0.0954044655497585,26.8464016060152,-57.9361047744751,-61.4583334287008,-1.74869225422541,-1.57444735566775,0.0929492065993448,0.0119886877636115,33.5488068262736,56.2583311080933,26.40696463556,20.1556677615581
2013-07-17,-57.9464285714286,-61.4642857142857,0.17093957641295,363.216389247349,0.254940252218928,26.8464016060152,-57.9361047744751,-61.4583334287008,-1.73940242131551,-1.59534745117029,0.0973031808932622,0.0606351915746927,33.5708688735962,59.526355044047,26.40696463556,14.142565162701
2013-07-18,-57.9464285714286,-61.4642857142857,0.171312605696065,363.315179007394,0.253138964197465,26.8464016060152,-57.9361047744751,-61.4583334287008,-1.73928644557794,-1.60276344716549,0.12839645507435,0.0761894588669141,33.5832670529683,60.0922190348307,26.40696463556,7.07771783198372
2013-07-19,-57.9464285714286,-61.4642857142857,0.169638115380492,363.268046787807,0.146316791751555,26.8464016060152,-57.9361047744751,-61.4583334287008,-1.7379009137551,-1.60292875568072,0.0872829374857247,-0.000707012135535479,33.5985515912374,61.0573674837748,26.40696463556,28.2890705771876
2013-07-20,-57.9464285714286,-61.4642857142857,0.167591182248933,362.699778965541,0.299541883170605,26.8464016060152,-57.9361047744751,-61.4583334287008,-1.71792350014051,-1.60063987175624,0.0857417518583437,0.0339518419466913,33.627773253123,65.0680091222127,26.40696463556,19.7595225435143
2013-07-21,-57.9464285714286,-61.4642857142857,0.164328008890152,362.623522077288,0.0796564780175686,26.8464016060152,-57.9361047744751,-61.4583334287008,-1.71815544068813,-1.5955865085125,0.210669270406167,0.0337127801341315,33.6371448834737,64.7005149205526,26.40696463556,20.2847208539489
2013-07-22,-57.9464285714286,-61.4642857142857,0.158609398773738,363.391525268555,0.104692823785756,26.8464016060152,-57.9361047744751,-61.4583334287008,-1.72952052950859,-1.59837895731131,0.201152582497646,0.0798974578268826,33.6289938608805,58.0970718860626,26.40696463556,20.6883484608182
2013-07-23,-57.9464285714286,-61.4642857142857,0.156959987112454,363.778479439872,0.282000355954681,26.8464016060152,-57.9361047744751,-61.4583334287008,-1.72634050448736,-1.60172836085161,0.144851017991702,0.119978433474898,33.6311684608459,61.3282195091248,26.40696463556,28.9392052778079
2013-07-24,-57.9464285714286,-61.4642857142857,0.155674146754401,363.951649257115,0.110655047531639,26.8464016060152,-57.9361047744751,-61.4583334287008,-1.73835259179274,-1.58368174831072,0.183553575196614,0.0158441927904884,33.6282438913981,57.8987012863159,26.40696463556,10.341896198431
2013-07-25,-57.9464285714286,-61.4642857142857,0.153122609215123,363.919069562639,0.178119627492768,26.8464016060152,-57.9361047744751,-61.4583334287008,-1.74678180217743,-1.57359538773696,0.199046804538618,0.0247250790086885,33.6249761581421,56.0752201875051,26.40696463556,14.9783878402657
2013-07-26,-57.9464285714286,-61.4642857142857,0.153564597879137,364.127417428153,0.239465307976518,26.8464016060152,-57.9361047744751,-61.4583334287008,-1.74965664446354,-1.58084098895391,0.153085929683099,0.0756401259762545,33.6285239219666,56.871244653066,26.40696463556,5.15827836570197
2013-07-27,-57.9464285714286,-61.4642857142857,0.153549777609961,363.82335117885,0.28363090966429,26.8464016060152,-57.9361047744751,-61.4583334287008,-1.74681843121847,-1.59677673578262,0.124856308537225,0.112023274538418,33.6420790990194,58.0029726982117,26.40696463556,25.797554777597
2013-07-28,-57.9464285714286,-61.4642857142857,0.153237274714879,363.762551443917,0.164636914751359,26.8464016060152,-57.9361047744751,-61.4583334287008,-1.745866249005,-1.59776095549266,0.114785200636834,0.0740073851309717,33.6590928077698,59.6725898106893,26.40696463556,9.96621675964091
2013-07-29,-57.9464285714286,-61.4642857142857,0.153081626764366,363.524533952986,0.225326366190399,26.8464016060152,-57.9361047744751,-61.4583334287008,-1.7451521118482,-1.59521774351597,0.0892666399168471,0.0604724263151487,33.6716307004293,60.0947627703349,26.40696463556,18.4970407875723
2013-07-30,-57.9464285714286,-61.4642857142857,0.153800401304449,363.009229387556,0.192787913339479,26.8464016060152,-57.9361047744751,-61.4583334287008,-1.74051939845085,-1.59525843560696,0.0816014078445733,0.0313933733229836,33.6870936075846,61.1692687352498,26.40696463556,22.703576687999
2013-07-31,-57.9464285714286,-61.4642857142857,0.153132632374763,362.424540928432,0.138083620795182,26.8464016060152,-57.9361047744751,-61.4583334287008,-1.73370766937733,-1.59683522780736,0.142216253777345,0.0623442282279333,33.7052901903788,63.0639597892761,26.40696463556,1.84642283782915
2013-08-01,-57.9464285714286,-61.4642857142857,0.151069130216326,361.270119803292,0.235144989831107,26.8464016060152,-57.9361047744751,-61.4583334287008,-1.7075349966685,-1.61056092878183,0.0585446742052833,0.0758791871989767,33.7299469629924,65.6058978398641,26.40696463556,44.9314049236526
2013-08-02,-57.9464285714286,-61.4642857142857,0.150006677423205,359.963836669922,0.224480041435787,26.8464016060152,-57.9361047744751,-61.4583334287008,-1.69855035841465,-1.62207912504673,0.13501388564085,0.0902635784509281,33.7529377619425,67.5768841425578,26.40696463556,11.539066036645
2013-08-03,-57.9464285714286,-61.4642857142857,0.148609066648143,358.51972089495,0.149699995560305,26.8464016060152,-57.9361047744751,-61.4583334287008,-1.68355965813001,-1.62950274745623,0.169184443199386,0.0548570208251476,33.7701807975769,69.573303159078,26.40696463556,2.87946475688553
2013-08-04,-57.9464285714286,-61.4642857142857,0.147689652230058,357.159582955497,0.291301621922425,26.8464016060152,-57.9361047744751,-61.4583334287008,-1.6815027097861,-1.62669250567754,0.13497828124091,0.0570289213210344,33.7786877632141,69.4410565376282,26.40696463556,1.67681257999663
2013-08-05,-57.9464285714286,-61.4642857142857,0.148209036460945,355.699018205915,0.398481973579952,26.8464016060152,-57.9361047744751,-61.4583334287008,-1.67979366779327,-1.62521743476391,0.174367503418277,0.0623137100910147,33.7884026527405,69.5287969271342,26.40696463556,5.21264439306537
2013-08-06,-57.9464285714286,-61.4642857142857,0.150176437837737,354.98350742885,0.376350453921727,26.8464016060152,-57.9361047744751,-61.4583334287008,-1.6932462344567,-1.6198436409235,0.198243150797983,0.0206915493433674,33.7895469983419,64.7526503562927,26.40696463556,15.4269155760719
2013-08-07,-57.9464285714286,-61.4642857142857,0.154626517423562,355.301563807896,0.384461651955332,26.8464016060152,-57.9361047744751,-61.4583334287008,-1.71311988830566,-1.61335082948208,0.204769025711964,-0.00612913401176532,33.779806582133,53.3107519547145,26.40696463556,28.7683605764285
2013-08-08,-57.9464285714286,-61.4642857142857,0.162678136357239,355.754156930106,0.64467947610787,26.8464016060152,-57.9361047744751,-61.4583334287008,-1.7366801738739,-1.60118411680063,0.158899705701818,0.037527593690902,33.7714902877808,48.984753314654,26.40696463556,0.822265241857739
2013-08-09,-57.9464285714286,-61.4642857142857,0.171284011432103,355.642669677734,0.686703102929252,26.8464016060152,-57.9361047744751,-61.4583334287008,-1.73240148524443,-1.59682251413663,0.190878016563753,0.0551418604329228,33.7764748891195,55.0096158981323,26.40696463556,9.90204789059553
2013-08-10,-57.9464285714286,-61.4642857142857,0.177120135298797,355.788007463728,0.381162689200469,26.8464016060152,-57.9361047744751,-61.4583334287008,-1.74346749285857,-1.58642841676871,0.151234473257015,0.00980152795091271,33.7749362945557,52.3290731588999,26.40696463556,5.89212053911607
2013-08-11,-57.9464285714286,-61.4642857142857,0.181873186358384,356.05226789202,0.716713528015784,26.8464016060152,-57.9361047744751,-61.4583334287008,-1.7567857692639,-1.587903474768,0.183263649915655,0.0317748548152546,33.7728889783223,49.7515307823817,26.40696463556,7.02889753060409
2013-08-12,-57.9464285714286,-61.4642857142857,0.185181171766349,355.441783360073,0.799996795398848,26.8464016060152,-57.9361047744751,-61.4583334287008,-1.75746327737967,-1.5830713848273,0.189138462487608,0.0581072419260939,33.7772885958354,54.301332060496,26.40696463556,9.54350462301718
2013-08-13,-57.9464285714286,-61.4642857142857,0.182945021561214,354.337164742606,0.405745254031249,26.8464016060152,-57.9361047744751,-61.4583334287008,-1.76160769065221,-1.58501184781392,0.134856206737459,0.0460727762741347,33.78088722229,55.3058998743693,26.40696463556,0.860652598182767
2013-08-14,-57.9464285714286,-61.4642857142857,0.176087762628283,352.587783813477,0.361098352287497,26.8464016060152,-57.9361047744751,-61.4583334287008,-1.75634630024433,-1.58090965251128,0.108971424556027,0.0205491296326121,33.7881862640381,57.4345657348633,26.40696463556,10.2798908853434
2013-08-15,-57.9464285714286,-61.4642857142857,0.17139438859054,351.09754725865,0.334916889135327,26.8464016060152,-57.9361047744751,-61.4583334287008,-1.72450329264005,-1.56273588438829,0.138579464765886,-0.0424258143951496,33.7944044748942,60.055343023936,26.40696463556,37.7362550110569
2013-08-16,-57.9464285714286,-61.4642857142857,0.17386478717838,350.939974103655,0.514026652755482,26.8464016060152,-57.9361047744751,-61.4583334287008,-1.7351359407107,-1.56182795564334,0.131611071620136,-0.00922676268965006,33.7920768419902,53.7430975278219,26.40696463556,15.4541869032352
2013-08-17,-57.9464285714286,-61.4642857142857,0.178104679499354,350.945186070033,0.350885038264096,26.8464016060152,-57.9361047744751,-61.4583334287008,-1.73876763780912,-1.56982634862264,0.116311125488331,-0.0457574185915291,33.7918097178141,53.8956900596619,26.40696463556,45.2033706501632
2013-08-18,-57.9464285714286,-61.4642857142857,0.185160243085452,350.906982421875,0.783612155488559,26.8464016060152,-57.9361047744751,-61.4583334287008,-1.74242375791073,-1.57459740638733,0.175639106923093,0.0503046764371296,33.7889740626017,53.964356803894,26.40696463556,4.07523728042851
2013-08-19,-57.9464285714286,-61.4642857142857,0.188076338597706,350.573444911412,0.304574687566076,26.8464016060152,-57.9361047744751,-61.4583334287008,-1.7393841167291,-1.57148451705774,0.0813267411664128,-0.0240333262830973,33.7884399731954,54.8443072319031,26.40696463556,45.2105017706472
2013-08-20,-57.9464285714286,-61.4642857142857,0.191887820405619,350.757123674665,0.535713002085686,26.8464016060152,-57.9361047744751,-61.4583334287008,-1.71871088246504,-1.56401511828105,0.106662189898392,0.0113630583199362,33.7875498135885,56.7351833343506,26.40696463556,13.7755681400384
2013-08-21,-57.9464285714286,-61.4642857142857,0.199646155749049,350.323878696987,0.839226160730634,26.8464016060152,-57.9361047744751,-61.4583334287008,-1.7274269670248,-1.56320637464523,0.0860316784741978,0.034577471173058,33.7840911547343,54.7031590779622,26.40696463556,19.5193625436922
2013-08-22,-57.9464285714286,-61.4642857142857,0.206727732505117,349.835292271205,1.00114779706512,26.8464016060152,-57.9361047744751,-61.4583334287008,-1.73855401476224,-1.56252733866374,0.113121941530456,0.0481073436637719,33.7835316975911,54.7934427897135,26.40696463556,6.10048263037245
2013-08-23,-57.9464285714286,-61.4642857142857,0.204952796655042,349.973964146205,0.989040000098092,26.8464016060152,-57.9361047744751,-61.4583334287008,-1.75289160708586,-1.55594550967216,0.165506963866452,0.0959298476266364,33.7842565218608,55.8005539894104,26.40696463556,15.0722937699949
2013-08-24,-57.9464285714286,-61.4642857142857,0.196603599403586,350.881480625698,0.944041286196027,26.8464016060152,-57.9361047744751,-61.4583334287008,-1.76712543865045,-1.55442467033863,0.169565924691657,0.109719127758096,33.7872067133586,57.1039485613505,26.40696463556,23.9904818389688
2013-08-25,-57.9464285714286,-61.4642857142857,0.192529765622956,351.7702091762,0.967642307281494,26.8464016060152,-57.9361047744751,-61.4583334287008,-1.77850884298484,-1.55818862815698,0.212276578632494,0.0740124718906979,33.7916699727376,58.305615011851,26.40696463556,25.2996338990346
2013-08-26,-57.9464285714286,-61.4642857142857,0.199521437287331,352.599583217076,1.14565735203879,26.8464016060152,-57.9361047744751,-61.4583334287008,-1.78439891537031,-1.55493585964044,0.261070588820924,0.0396181116811931,33.793195883433,58.7621213912964,26.40696463556,64.2402210228816
2013-08-27,-57.9464285714286,-61.4642857142857,0.216681396322591,353.82012285505,1.01107893245561,26.8464016060152,-57.9361047744751,-61.4583334287008,-1.79382303059101,-1.56399985253811,0.218176823388785,0.0493687754186491,33.7855537414551,47.7601979891459,26.40696463556,24.9077166098889
2013-08-28,-57.9464285714286,-61.4642857142857,0.240524403750896,354.075816563198,1.65892981205668,26.8464016060152,-57.9361047744751,-61.4583334287008,-1.78890345096588,-1.57285530765851,0.130532750766724,0.08069093922774,33.7900170008341,56.2545170148214,26.40696463556,8.23813662479308
2013-08-29,-57.9464285714286,-61.4642857142857,0.264425742839064,353.721274239676,1.7073478272983,26.8464016060152,-57.9361047744751,-61.4583334287008,-1.78720051248868,-1.56683044930299,0.161025827657431,0.0866013571930428,33.7927509307861,57.2361957550049,26.40696463556,9.96633209994912
2013-08-30,-57.9464285714286,-61.4642857142857,0.284557667161737,352.938223702567,1.83851487295968,26.8464016060152,-57.9361047744751,-61.4583334287008,-1.79612412353357,-1.56344034771125,0.180338958185166,0.0725323237168292,33.7932722727458,55.6466899236043,26.40696463556,9.37494170846888
2013-08-31,-57.9464285714286,-61.4642857142857,0.29620961951358,352.161036900112,1.69020811149052,26.8464016060152,-57.9361047744751,-61.4583334287008,-1.78973965545495,-1.55692972540855,0.170278024456153,0.0726391386551162,33.7971887588501,56.8928625106812,26.40696463556,6.63836064842819
2013-09-01,-57.9464285714286,-61.4642857142857,0.296937970178468,351.10990687779,1.17300251552037,26.8464016060152,-57.9361047744751,-61.4583334287008,-1.78745076755683,-1.56466617782911,0.180781477782875,0.0848923204777141,33.8027964274089,57.6748996734619,26.40696463556,13.8155349090721
2013-09-02,-57.9464285714286,-61.4642857142857,0.301461754100663,350.281555175781,1.68895834684372,26.8464016060152,-57.9361047744751,-61.4583334287008,-1.79189426004887,-1.57116152942181,0.175267800999184,0.0757621995794276,33.8071962038676,57.6583682060242,26.40696463556,8.82872879388021
2013-09-03,-57.9464285714286,-61.4642857142857,0.309467905334064,350.529787336077,1.46289339661598,26.8464016060152,-57.9361047744751,-61.4583334287008,-1.78798788984617,-1.57201350529989,0.24375642153124,0.103630685402701,33.8119265238444,58.2127881685893,26.40696463556,63.8380636575471
2013-09-04,-57.9464285714286,-61.4642857142857,0.318393598709788,351.648694719587,1.6527111019407,26.8464016060152,-57.9361047744751,-61.4583334287008,-1.78556472162406,-1.56504257420699,0.247220273222774,0.122653889687111,33.815919303894,58.6959981918335,26.40696463556,80.3827708661113
2013-09-05,-57.9464285714286,-61.4642857142857,0.330903166106769,352.456767490932,2.02166689293725,26.8464016060152,-57.9361047744751,-61.4583334287008,-1.77993101378282,-1.56540370782216,0.257459230907261,0.105019277054816,33.8182081858317,59.5110964775085,26.40696463556,78.7632614579358
2013-09-06,-57.9464285714286,-61.4642857142857,0.349747549210276,352.677134922573,2.45899185112544,26.8464016060152,-57.9361047744751,-61.4583334287008,-1.77698902785778,-1.57591478923957,0.234356719969461,0.0813369142822921,33.8183480898539,59.2504175186157,26.40696463556,44.4423919130128
2013-09-07,-57.9464285714286,-61.4642857142857,0.368390702775546,352.564065115792,1.94505958471979,26.8464016060152,-57.9361047744751,-61.4583334287008,-1.78054747780164,-1.58822901248932,0.263837600188951,0.0854416535235941,33.8153092066447,57.3124921162923,26.40696463556,75.9229186520044
2013-09-08,-57.9464285714286,-61.4642857142857,0.38004915203367,352.772125244141,1.24629777244159,26.8464016060152,-57.9361047744751,-61.4583334287008,-1.785015386343,-1.59281441469987,0.254809207779666,0.0434939624741673,33.8086079915365,53.7723447004954,26.40696463556,57.251129647034
2013-09-09,-57.9464285714286,-61.4642857142857,0.400486680013793,353.507413591657,2.3675616979599,26.8464016060152,-57.9361047744751,-61.4583334287008,-1.787078444163,-1.589307325085,0.195176040753722,0.121102532123526,33.8054672241211,52.9547029177348,26.40696463556,40.9767753762114
2013-09-10,-57.9464285714286,-61.4642857142857,0.390969478658267,351.624470302037,1.96525228875024,26.8464016060152,-57.9361047744751,-61.4583334287008,-1.78038267890612,-1.57752464512984,0.178426465174804,0.136448255988459,33.8157544453939,56.9589858373006,26.40696463556,47.4608372463271
2013-09-11,-57.9464285714286,-61.4642857142857,0.363099936928068,349.020052228655,1.00786039233208,26.8464016060152,-57.9361047744751,-61.4583334287008,-1.75712757706642,-1.58880886137485,0.188080487493426,0.13710440400367,33.835146745046,60.2537134488424,26.40696463556,51.4921169078963
2013-09-12,-57.9464285714286,-61.4642857142857,0.342668567384992,347.027757917132,1.13216328620911,26.8464016060152,-57.9361047744751,-61.4583334287008,-1.73793143729369,-1.60469883084297,0.158976001944393,0.14253669778506,33.8550729433695,62.2946389198303,26.40696463556,49.2128886145296
2013-09-13,-57.9464285714286,-61.4642857142857,0.331414874110903,345.573832920619,1.07702856830188,26.8464016060152,-57.9361047744751,-61.4583334287008,-1.71735584537188,-1.60449283222357,0.154215114377439,0.127226579686006,33.8728500684102,63.7391820589701,26.40696463556,34.8738271770701
2013-09-14,-57.9464285714286,-61.4642857142857,0.329562685319356,344.803785051618,1.55667640481676,26.8464016060152,-57.9361047744751,-61.4583334287008,-1.70141909321149,-1.597918638587,0.103935870807618,0.0941394289645056,33.8829719225566,65.0832679748535,26.40696463556,22.2131945609732
2013-09-15,-57.9464285714286,-61.4642857142857,0.340720574770655,344.572967529297,2.01289760214942,26.8464016060152,-57.9361047744751,-61.4583334287008,-1.71899775564671,-1.58862320284049,0.143793044270327,0.0523239842305581,33.8804922739665,59.1830221494039,26.40696463556,0.430413232247496
2013-09-16,-57.9464285714286,-61.4642857142857,0.368565844638007,345.807501656669,2.83402281148093,26.8464016060152,-57.9361047744751,-61.4583334287008,-1.72719501753648,-1.57899207870166,0.198833175003529,0.0651366722149154,33.8770462036133,56.7835042953491,26.40696463556,15.2623331492571
2013-09-17,-57.9464285714286,-61.4642857142857,0.414193700466837,347.88835144043,3.32655700615474,26.8464016060152,-57.9361047744751,-61.4583334287008,-1.73858452836672,-1.58052053848902,0.23270363357539,0.0264493747924765,33.8682973543803,49.7617037614187,26.40696463556,37.5720732541435
2013-09-18,-57.9464285714286,-61.4642857142857,0.470065698027611,350.051426478795,4.22806540557316,26.8464016060152,-57.9361047744751,-61.4583334287008,-1.7558091789484,-1.57960753341516,0.226350698061287,0.0106306140931944,33.8556190808614,39.3561630090078,26.40696463556,36.4010852648374
2013-09-19,-57.9464285714286,-61.4642857142857,0.520767571670668,350.885707310268,3.2337988955634,26.8464016060152,-57.9361047744751,-61.4583334287008,-1.77102571129799,-1.57760602037112,0.213471886826058,0.0143691315626105,33.842229048411,33.2003250519435,26.40696463556,25.9385209795805
2013-09-20,-57.9464285714286,-61.4642857142857,0.572986845459257,351.480327061244,5.36421169553484,26.8464016060152,-57.9361047744751,-61.4583334287008,-1.78110901912053,-1.58065279225508,0.120771914813668,0.0843531599578758,33.838045501709,33.1583622058233,26.40696463556,11.812675330668
2013-09-21,-57.9464285714286,-61.4642857142857,0.603935727051326,351.593957083566,3.78793346881866,26.8464016060152,-57.9361047744751,-61.4583334287008,-1.78011411925157,-1.58498133122921,0.211493270937353,0.0586362296094497,33.8404996871948,41.449224281311,26.40696463556,21.3585706881466
2013-09-22,-57.9464285714286,-61.4642857142857,0.589780428579875,350.978380475725,4.05587821347373,26.8464016060152,-57.9361047744751,-61.4583334287008,-1.7620715757211,-1.59362823863824,0.195257424283773,0.105761893900732,33.8473791122437,52.2921969731649,26.40696463556,30.3575615729394
2013-09-23,-57.9464285714286,-61.4642857142857,0.617852332336562,352.487590244838,3.96415683201381,26.8464016060152,-57.9361047744751,-61.4583334287008,-1.75798820058505,-1.59263130525748,0.16123945924143,0.105243079705785,33.847544447581,54.551838239034,26.40696463556,19.6818451105351
2013-09-24,-57.9464285714286,-61.4642857142857,0.644588319318635,353.937981741769,2.2447073161602,26.8464016060152,-57.9361047744751,-61.4583334287008,-1.75571151971817,-1.58503473699093,0.171595406314979,0.0529953916246692,33.8470358212789,55.2016282399495,26.40696463556,3.23841889548755
2013-09-25,-57.9464285714286,-61.4642857142857,0.659616559743881,354.887653895787,3.04034577948706,26.8464016060152,-57.9361047744751,-61.4583334287008,-1.77208164831003,-1.57974741260211,0.141168452147394,0.0380209765397012,33.8391518592834,44.9995442231496,26.40696463556,0.396421305606424
2013-09-26,-57.9464285714286,-61.4642857142857,0.71585830620357,355.770882742746,7.93072632380894,26.8464016060152,-57.9361047744751,-61.4583334287008,-1.80952785511812,-1.57241533497969,0.102552364952862,0.0252540664747357,33.8251390775045,33.2867942651113,26.40696463556,11.9879430530023
2013-09-27,-57.9464285714286,-61.4642857142857,0.793722910540445,356.724456787109,9.26105267660958,26.8464016060152,-57.9361047744751,-61.4583334287008,-1.79367654422919,-1.5668101032575,0.122643716136614,0.0491551460698247,33.8387957572937,42.5173720041911,26.40696463556,3.30037714401359
2013-09-28,-57.9464285714286,-61.4642857142857,0.875989705324173,357.495792933873,7.42881298065186,26.8464016060152,-57.9361047744751,-61.4583334287008,-1.79526960750421,-1.55684326489766,0.145293537310014,0.0396588031823436,33.8406650543213,43.2777916749318,26.40696463556,0.123936429578307
2013-09-29,-57.9464285714286,-61.4642857142857,0.955464031015124,358.254993983677,8.37964715276446,26.8464016060152,-57.9361047744751,-61.4583334287008,-1.81261022786299,-1.55764183600744,0.155761385864268,0.0573646247697373,33.8273389498393,28.2525114536285,26.40696463556,1.21525967439415
2013-09-30,-57.9464285714286,-61.4642857142857,1.03525113633701,359.200053623744,10.6057513781956,26.8464016060152,-57.9361047744751,-61.4583334287008,-1.81927546858788,-1.563865061601,0.18326364789779,0.0553554900301,33.817090066274,21.0119947353999,26.40696463556,6.93628384983154
2013-10-01,-57.9464285714286,-61.4642857142857,1.09525010415486,359.431610107422,7.6103321313858,26.8464016060152,-57.9361047744751,-61.4583334287008,-1.8159123301506,-1.57335632145405,0.20511490162462,0.0327056692913175,33.8139237721761,19.428847026825,26.40696463556,17.0554852094605
2013-10-02,-57.9464285714286,-61.4642857142857,1.12854277661869,359.289773123605,5.36732290472303,26.8464016060152,-57.9361047744751,-61.4583334287008,-1.81149324874083,-1.58237199683984,0.194591101848831,0.0368714459861318,33.8111007372538,21.3604143857956,26.40696463556,11.1960282700848
2013-10-03,-57.9464285714286,-61.4642857142857,1.22278871280806,359.560143607003,11.4525593348912,26.8464016060152,-57.9361047744751,-61.4583334287008,-1.81004667679469,-1.57885219454765,0.164448987692595,0.0273445845581591,33.7910603205363,14.8917616605759,26.40696463556,2.7652123180932
2013-10-04,-57.9464285714286,-61.4642857142857,1.41290312153952,361.181294032506,17.7482635634286,26.8464016060152,-57.9361047744751,-61.4583334287008,-1.80692767500877,-1.57837915519873,0.1480859810176,0.0514338612556458,33.7626010576884,12.9487495501836,26.40696463556,0.279844500377599
2013-10-05,-57.9464285714286,-61.4642857142857,1.61375344651086,362.917146955218,14.5759147235325,26.8464016060152,-57.9361047744751,-61.4583334287008,-1.7881832142671,-1.57745088438193,0.169153924348454,0.0248674988436202,33.7716676076253,14.3665887673696,26.40696463556,4.10121415456346
2013-10-06,-57.9464285714286,-61.4642857142857,1.6509998525892,362.769400460379,8.08581052507673,26.8464016060152,-57.9361047744751,-61.4583334287008,-1.7659962584575,-1.56984669268131,0.214626504573971,0.00701417078574498,33.783723004659,16.5817242701848,26.40696463556,29.1501153735686
2013-10-07,-57.9464285714286,-61.4642857142857,1.71963289805821,363.450611659459,15.2530704225813,26.8464016060152,-57.9361047744751,-61.4583334287008,-1.74753255446752,-1.56828262607257,0.201630705036223,0.0628020061800877,33.781014474233,20.1358591397603,26.40696463556,16.2618071968253
2013-10-08,-57.9464285714286,-61.4642857142857,1.86638982806887,364.823538643973,11.3504699638912,26.8464016060152,-57.9361047744751,-61.4583334287008,-1.73103424906731,-1.56594032545884,0.193594164804866,0.0121412803108493,33.762525399526,16.9250575462977,26.40696463556,15.544967430068
2013-10-09,-57.9464285714286,-61.4642857142857,1.97080781630107,365.772088187081,13.0721270697457,26.8464016060152,-57.9361047744751,-61.4583334287008,-1.71754507025083,-1.57188634971778,0.202225816249847,0.02773623863856,33.7450026512146,13.7269718805949,26.40696463556,16.1241215452579
2013-10-10,-57.9464285714286,-61.4642857142857,2.00604769161769,365.843252999442,18.2303802626474,26.8464016060152,-57.9361047744751,-61.4583334287008,-1.6681722253561,-1.5839233537515,0.238263090203206,0.0430005798737208,33.7562565167745,20.8733898798625,26.40696463556,40.9183786884672
2013-10-11,-57.9464285714286,-61.4642857142857,1.95652501923697,364.659744262695,15.28427532741,26.8464016060152,-57.9361047744751,-61.4583334287008,-1.64382456143697,-1.59114098250866,0.235058647456268,0.048356577878197,33.7718337059021,28.1062768936157,26.40696463556,38.1631850662936
2013-10-12,-57.9464285714286,-61.4642857142857,1.93079911811011,363.818806239537,15.2544343130929,26.8464016060152,-57.9361047744751,-61.4583334287008,-1.62562332352002,-1.59511601924896,0.226213364799817,0.0836970118495325,33.7871436754862,38.9988421122233,26.40696463556,38.63573816755
2013-10-13,-57.9464285714286,-61.4642857142857,1.9546988265855,364.118865966797,5.97383373124259,26.8464016060152,-57.9361047744751,-61.4583334287008,-1.60458996494611,-1.58874528606733,0.222978403170904,0.0125125889045497,33.7812941551208,36.6069537798564,26.40696463556,33.1996347997785
2013-10-14,-57.9464285714286,-61.4642857142857,1.90123875652041,363.645579746791,10.2370187895639,26.8464016060152,-57.9361047744751,-61.4583334287008,-1.59717396199703,-1.5871328830719,0.255500961033007,0.0574002297595143,33.7777591387431,40.0593604405721,26.40696463556,58.8961327365083
2013-10-15,-57.9464285714286,-61.4642857142857,1.85130661725998,362.330623081752,12.7145651068006,26.8464016060152,-57.9361047744751,-61.4583334287008,-1.62301092942556,-1.5812657058239,0.220455539692193,0.0808486180379987,33.7873724619548,48.9834816296895,26.40696463556,33.1954957318556
2013-10-16,-57.9464285714286,-61.4642857142857,1.84856188297272,361.588997977121,12.0224736418043,26.8464016060152,-57.9361047744751,-61.4583334287008,-1.6440687050422,-1.58793908258279,0.200883001058052,0.109927670968076,33.7912126859029,55.3427762031555,26.40696463556,35.8466828270105
2013-10-17,-57.9464285714286,-61.4642857142857,1.90408719437463,361.715713500977,12.767080272947,26.8464016060152,-57.9361047744751,-61.4583334287008,-1.67403178413709,-1.59387748142083,0.159627064193288,0.104164759659519,33.7934887886047,51.1744560241699,26.40696463556,18.8231830772889
2013-10-18,-57.9464285714286,-61.4642857142857,1.96257048845291,362.146035330636,8.56957037108285,26.8464016060152,-57.9361047744751,-61.4583334287008,-1.69023711184661,-1.59617654085159,0.167699209569643,0.0439263080867628,33.7943407376607,54.4704554875692,26.40696463556,1.97900530108415
2013-10-19,-57.9464285714286,-61.4642857142857,2.04109130586897,362.89030456543,14.9179211344038,26.8464016060152,-57.9361047744751,-61.4583334287008,-1.72066406011581,-1.61332794527213,0.146315906972935,0.0739565216004849,33.7728250821432,35.2463368733724,26.40696463556,4.51065906170817
2013-10-20,-57.9464285714286,-61.4642857142857,2.10282747234617,363.343035016741,14.8252790314811,26.8464016060152,-57.9361047744751,-61.4583334287008,-1.69481488664945,-1.61978514591853,0.0890275787562132,0.0638091168987254,33.7914923032125,53.6591717084249,26.40696463556,19.2439732045923
2013-10-21,-57.9464285714286,-61.4642857142857,2.17367496660777,364.040913173131,15.6502005713327,26.8464016060152,-57.9361047744751,-61.4583334287008,-1.75517439345519,-1.61057618757089,0.133147170239439,0.0889360231657823,33.7781661987305,38.8856691360474,26.40696463556,11.1893320914921
2013-10-22,-57.9464285714286,-61.4642857142857,2.25463876553944,365.130639212472,14.6809353487832,26.8464016060152,-57.9361047744751,-61.4583334287008,-1.79307837982972,-1.59221421480179,0.120395519553373,0.0541194898386796,33.7643306732178,34.4121642430623,26.40696463556,4.27254422135528
2013-10-23,-57.9464285714286,-61.4642857142857,2.26085075310298,365.789934430804,8.04062306880951,26.8464016060152,-57.9361047744751,-61.4583334287008,-1.73642992774645,-1.57454145451387,0.209550258517265,0.0617796361446381,33.7918869018555,43.3146682580312,26.40696463556,20.6507700437897
2013-10-24,-57.9464285714286,-61.4642857142857,2.21868634223938,365.882431030273,11.5019827059337,26.8464016060152,-57.9361047744751,-61.4583334287008,-1.71122164130211,-1.57527136902014,0.201457767343769,0.0952380950252215,33.7919756889343,46.4161119143168,26.40696463556,27.5416539307276
2013-10-25,-57.9464285714286,-61.4642857142857,2.24452821697508,366.397092546736,14.2875330448151,26.8464016060152,-57.9361047744751,-61.4583334287008,-1.69323402444522,-1.58354696035385,0.182190415076911,0.06081321661671,33.7635932604472,24.175746846199,26.40696463556,7.3324655906552
2013-10-26,-57.9464285714286,-61.4642857142857,2.27206178222384,367.122288295201,14.8756303106036,26.8464016060152,-57.9361047744751,-61.4583334287008,-1.66165347496668,-1.58409374852975,0.221508428640664,0.0532446261495352,33.7730283419291,27.0114253838857,26.40696463556,27.5925707716118
2013-10-27,-57.9464285714286,-61.4642857142857,2.2546860064779,367.388268607003,17.159813608442,26.8464016060152,-57.9361047744751,-61.4583334287008,-1.6430432866017,-1.58637246886889,0.198487299277137,0.0983102915187677,33.7875883420308,47.4524696191152,26.40696463556,27.6146383367711
2013-10-28,-57.9464285714286,-61.4642857142857,2.23081220899309,367.03904070173,15.418238401413,26.8464016060152,-57.9361047744751,-61.4583334287008,-1.66017637252808,-1.59370708366235,0.151203954281906,0.127165542046229,33.7978251457214,58.5917261441549,26.40696463556,34.6753216976929
2013-10-29,-57.9464285714286,-61.4642857142857,2.20886233023235,366.817254202706,9.91115963459015,26.8464016060152,-57.9361047744751,-61.4583334287008,-1.65997495949268,-1.58940905829271,0.227484968646119,0.0641702524696787,33.7941756566366,59.3941084543864,26.40696463556,33.7875886832513
2013-10-30,-57.9464285714286,-61.4642857142857,2.14947183217321,366.772303989955,8.9511501959392,26.8464016060152,-57.9361047744751,-61.4583334287008,-1.61270788609982,-1.59136223892371,0.223156426971157,0.0436516413154701,33.793959458669,61.3040586471558,26.40696463556,28.3900447411011
2013-10-31,-57.9464285714286,-61.4642857142857,2.15942972898483,367.438711983817,14.2525572436196,26.8464016060152,-57.9361047744751,-61.4583334287008,-1.56533705194791,-1.58464053869247,0.229621264928331,0.058193710912019,33.7912128448486,61.2214047749837,26.40696463556,34.4832156445018
2013-11-01,-57.9464285714286,-61.4642857142857,2.20005076272147,368.509063720703,11.832127230508,26.8464016060152,-57.9361047744751,-61.4583334287008,-1.51031218568484,-1.57615894377232,0.23002309097598,0.0515355895583828,33.7892546335856,60.595774936676,26.40696463556,34.0866009302687
2013-11-02,-57.9464285714286,-61.4642857142857,2.0901250072888,368.133629935128,8.11599373817444,26.8464016060152,-57.9361047744751,-61.4583334287008,-1.4744529346625,-1.57407859563828,0.257093010377139,0.0159306619005899,33.7852873166402,59.5924787839254,26.40696463556,63.6475454455682
2013-11-03,-57.9464285714286,-61.4642857142857,1.8561549782753,364.444311959403,9.98265068871634,26.8464016060152,-57.9361047744751,-61.4583334287008,-1.46225774288177,-1.59220912754536,0.279961546665678,0.121295815706253,33.7901065826416,64.8899837176005,26.40696463556,117.233193196538
2013-11-04,-57.9464285714286,-61.4642857142857,1.78690421581268,362.671689714704,9.74066541876112,26.8464016060152,-57.9361047744751,-61.4583334287008,-1.45465862949689,-1.60733614166578,0.248318937669198,0.0978118228105207,33.7972020785014,68.9209707260132,26.40696463556,65.0169887399436
2013-11-05,-57.9464285714286,-61.4642857142857,1.79191322837557,362.273618425642,12.0290947130748,26.8464016060152,-57.9361047744751,-61.4583334287008,-1.44322639207045,-1.61314228773117,0.203619494692733,0.125125889138629,33.800164826711,68.2203164100647,26.40696463556,48.5177704990911
2013-11-06,-57.9464285714286,-61.4642857142857,1.85195289339338,362.75660269601,13.3011071341378,26.8464016060152,-57.9361047744751,-61.4583334287008,-1.41959897081057,-1.60175887147586,0.252398245284955,0.094581947196275,33.7988677660624,66.9690574328105,26.40696463556,67.5132326999237
2013-11-07,-57.9464285714286,-61.4642857142857,1.91224370683943,363.758019583566,14.571907384055,26.8464016060152,-57.9361047744751,-61.4583334287008,-1.40679339865843,-1.59482101003329,0.226808475703001,0.0837885676883161,33.7964771906535,66.1247118314107,26.40696463556,39.1405541134253
2013-11-08,-57.9464285714286,-61.4642857142857,1.93505711214883,364.830958775112,15.2359784671238,26.8464016060152,-57.9361047744751,-61.4583334287008,-1.40086671113968,-1.59415213962396,0.185206660193702,0.0969166127654413,33.7920648256938,64.9205024719238,26.40696463556,21.0177278676879
2013-11-09,-57.9464285714286,-61.4642857142857,1.91968956589699,365.398359026228,13.631559576307,26.8464016060152,-57.9361047744751,-61.4583334287008,-1.39778433740139,-1.59509822229544,0.220155440550298,0.117053743389746,33.7933111190796,66.4871190071106,26.40696463556,52.8882989059365
2013-11-10,-57.9464285714286,-61.4642857142857,1.89900101934161,365.753568376814,10.6467518295561,26.8464016060152,-57.9361047744751,-61.4583334287008,-1.37134310007095,-1.5879543453455,0.209280679530154,0.0486312447115779,33.7893182436625,56.8203806241353,26.40696463556,19.0058120949886
2013-11-11,-57.9464285714286,-61.4642857142857,1.89868853347642,366.651718139648,16.8559341430664,26.8464016060152,-57.9361047744751,-61.4583334287008,-1.28432261943817,-1.58282468914986,0.227134006066869,0.0544653664963941,33.7872710863749,56.0904796918233,26.40696463556,32.0178963603675
2013-11-12,-57.9464285714286,-61.4642857142857,1.85377677849361,367.723900931222,21.4963307380676,26.8464016060152,-57.9361047744751,-61.4583334287008,-1.15994138171275,-1.57580289145311,0.19119846119235,0.0227566353045404,33.7819685300191,29.5686223347982,26.40696463556,11.6626586905653
2013-11-13,-57.9464285714286,-61.4642857142857,1.7586823787008,367.949645996094,16.8743208135877,26.8464016060152,-57.9361047744751,-61.4583334287008,-1.12681048313777,-1.57390565375487,0.236630349916716,0.0311492253405352,33.777823193868,26.3082280794779,26.40696463556,40.2704848961748
2013-11-14,-57.9464285714286,-61.4642857142857,1.71022195475442,368.020941598075,15.7259008543832,26.8464016060152,-57.9361047744751,-61.4583334287008,-1.16343880643447,-1.57891323367755,0.246920173553129,0.0744448175964256,33.7788152058919,40.6277676582336,26.40696463556,53.7668523235681
2013-11-15,-57.9464285714286,-61.4642857142857,1.74399814009666,369.342915126256,20.5353147983551,26.8464016060152,-57.9361047744751,-61.4583334287008,-1.11770986616611,-1.58021790285905,0.217703787361582,0.0771151869557798,33.7807480494181,48.0450371742249,26.40696463556,29.9265831939394
2013-11-16,-57.9464285714286,-61.4642857142857,1.69970584767205,370.596058436802,20.3541457993644,26.8464016060152,-57.9361047744751,-61.4583334287008,-1.04539321263631,-1.57652515769005,0.189799696486443,0.0433006785189112,33.7761576016744,40.0034096558889,26.40696463556,8.82014873495433
2013-11-17,-57.9464285714286,-61.4642857142857,1.61312458344868,371.707837785993,23.6683842795236,26.8464016060152,-57.9361047744751,-61.4583334287008,-0.954234426716963,-1.58164210021496,0.202993864907573,0.0445417648802201,33.7727752049764,31.9923006375631,26.40696463556,15.2310425637287
2013-11-18,-57.9464285714286,-61.4642857142857,1.53789755702019,371.356506347656,17.7644651617323,26.8464016060152,-57.9361047744751,-61.4583334287008,-0.926773868004481,-1.58325703640779,0.239682200209548,-0.000686666462570429,33.7701557159424,33.6441151301066,26.40696463556,52.1732692685534
2013-11-19,-57.9464285714286,-61.4642857142857,1.5007343845708,371.282793317522,17.4895516463688,26.8464016060152,-57.9361047744751,-61.4583334287008,-0.867909765740236,-1.5759936273098,0.247825556155294,0.0412559384169678,33.7662137667338,34.4566703955332,26.40696463556,50.0575768408376
2013-11-20,-57.9464285714286,-61.4642857142857,1.41350570321083,370.992372785296,11.6931426525116,26.8464016060152,-57.9361047744751,-61.4583334287008,-0.834046428402265,-1.57104453643163,0.167821283452213,5.59505385657151e-05,33.7582789738973,31.8257205168406,26.40696463556,11.6402767910826
2013-11-21,-57.9464285714286,-61.4642857142857,1.30994005288397,370.584492274693,14.3069573811122,26.8464016060152,-57.9361047744751,-61.4583334287008,-0.816003887852033,-1.57284004986286,0.18496759980917,0.035625273330758,33.751603158315,33.6682756900787,26.40696463556,7.25265067697204
2013-11-22,-57.9464285714286,-61.4642857142857,1.27073026767799,371.062090192522,15.5362169742584,26.8464016060152,-57.9361047744751,-61.4583334287008,-0.701797522356113,-1.56049276391665,0.216472874209285,0.0244300667506953,33.7485513369242,29.2914124806722,26.40696463556,25.4834240501066
2013-11-23,-57.9464285714286,-61.4642857142857,1.23567385120051,371.388959612165,13.2528763157981,26.8464016060152,-57.9361047744751,-61.4583334287008,-0.551316853364309,-1.54739269812902,0.216457613650709,0.0119886878567437,33.7418500582377,21.640167315801,26.40696463556,28.676420103509
2013-11-24,-57.9464285714286,-61.4642857142857,1.21270176342555,371.646815708705,14.655368907111,26.8464016060152,-57.9361047744751,-61.4583334287008,-0.452619993189971,-1.54167810380459,0.219163589396824,0.045976134420683,33.7348431269328,17.782119011879,26.40696463556,25.4809747092819
2013-11-25,-57.9464285714286,-61.4642857142857,1.25743463209697,372.126902988979,16.6804677758898,26.8464016060152,-57.9361047744751,-61.4583334287008,-0.455311728641391,-1.54784030516942,0.213156529795378,0.101860611482213,33.7379456202189,25.563067706426,26.40696463556,38.1180556646882
2013-11-26,-57.9464285714286,-61.4642857142857,1.29376976830619,371.626107352121,15.0880292824336,26.8464016060152,-57.9361047744751,-61.4583334287008,-0.539103345572948,-1.55763674179713,0.193044832255691,0.10385448752592,33.7467579523722,38.8144594828288,26.40696463556,28.1714375466143
2013-11-27,-57.9464285714286,-61.4642857142857,1.31004833323615,371.290045601981,9.84921414511544,26.8464016060152,-57.9361047744751,-61.4583334287008,-0.454853947957357,-1.55942462484042,0.211177912447602,0.0284788558880488,33.72985719045,25.9394626776377,26.40696463556,21.2789639706735
2013-11-28,-57.9464285714286,-61.4642857142857,1.30840090130057,371.051206316267,13.7271671976362,26.8464016060152,-57.9361047744751,-61.4583334287008,-0.472841556618611,-1.56582588354746,0.130649738417317,0.0974405139374236,33.7287637710571,32.972707939148,26.40696463556,15.7733646022397
2013-11-29,-57.9464285714286,-61.4642857142857,1.3122346592801,370.990979875837,15.0743436813354,26.8464016060152,-57.9361047744751,-61.4583334287008,-0.431275349110365,-1.56439405779044,0.150140893397232,0.0855230364017188,33.7270090421041,38.410089190801,26.40696463556,8.66558748249297
2013-11-30,-57.9464285714286,-61.4642857142857,1.31093409018857,371.234643118722,14.3549126556941,26.8464016060152,-57.9361047744751,-61.4583334287008,-0.346275194485982,-1.55949329336484,0.200008137989789,0.0685089672294756,33.7201802571615,35.8694231986999,26.40696463556,16.6398758465956
2013-12-01,-57.9464285714286,-61.4642857142857,1.34583412323679,371.709527151925,16.6835670471191,26.8464016060152,-57.9361047744751,-61.4583334287008,-0.317514553231498,-1.55589973032475,0.200598163685451,0.107547227789958,33.7174718221029,36.8142253875732,26.40696463556,34.1538612102695
2013-12-02,-57.9464285714286,-61.4642857142857,1.39333469314235,372.275918143136,17.4699420588357,26.8464016060152,-57.9361047744751,-61.4583334287008,-0.285177139999966,-1.55386262536049,0.199901322647929,0.0880560724685589,33.7152465820312,38.1201632499695,26.40696463556,23.2936365487786
2013-12-03,-57.9464285714286,-61.4642857142857,1.3789675618921,372.383058820452,17.4047065121787,26.8464016060152,-57.9361047744751,-61.4583334287008,-0.189648102099697,-1.56096326808135,0.161956644244492,0.0254982148607572,33.709193833669,33.6453867912292,26.40696463556,2.70522207114242
2013-12-04,-57.9464285714286,-61.4642857142857,1.25760446701731,369.850917271205,13.0374849694116,26.8464016060152,-57.9361047744751,-61.4583334287008,-0.236622191158434,-1.56488489011923,0.0829543948794405,0.0407422101125121,33.7030392328898,37.2262253125509,26.40696463556,21.0793750551089
2013-12-05,-57.9464285714286,-61.4642857142857,1.18987526638167,368.294331141881,16.7344054835183,26.8464016060152,-57.9361047744751,-61.4583334287008,-0.179375571509202,-1.55882187684377,0.141117588120202,0.0627918330331643,33.6985503832499,33.4152264595032,26.40696463556,1.99715388582279
2013-12-06,-57.9464285714286,-61.4642857142857,1.17494044559343,369.117959158761,18.8227071080889,26.8464016060152,-57.9361047744751,-61.4583334287008,-0.081472193573912,-1.55813012520472,0.137658823343615,0.0480819116656979,33.6926248550415,31.5001894791921,26.40696463556,0.599708697674993
2013-12-07,-57.9464285714286,-61.4642857142857,1.19613511860371,370.009680611747,18.4422465733119,26.8464016060152,-57.9361047744751,-61.4583334287008,-0.0675191309923927,-1.55490533510844,0.149581388228883,0.0830154319604238,33.6858092625936,32.8010412057241,26.40696463556,7.64323214579747
2013-12-08,-57.9464285714286,-61.4642857142857,1.19395432514804,370.704517909459,18.7632697990962,26.8464016060152,-57.9361047744751,-61.4583334287008,0.0214911535382271,-1.55507827699184,0.140039266925305,0.0705893125074605,33.6786120414734,29.3041285355886,26.40696463556,3.84764773455749
2013-12-09,-57.9464285714286,-61.4642857142857,1.18305640774114,371.339723859514,19.9451355252947,26.8464016060152,-57.9361047744751,-61.4583334287008,0.113315245198707,-1.55781222581863,0.168584245753785,0.0710877814951042,33.6710206667582,25.9025861899058,26.40696463556,5.83913850195898
2013-12-10,-57.9464285714286,-61.4642857142857,1.19499204839979,372.070901053292,19.8442182881492,26.8464016060152,-57.9361047744751,-61.4583334287008,0.251002552794913,-1.55763419965903,0.170817184324066,0.0643838820047677,33.6659213701884,21.8461673974991,26.40696463556,4.73402072876436
2013-12-11,-57.9464285714286,-61.4642857142857,1.2057709481035,372.481310163225,20.7581800052098,26.8464016060152,-57.9361047744751,-61.4583334287008,0.303677499294281,-1.55877610544364,0.177500736682365,0.0570441806999346,33.660707728068,17.7783042271932,26.40696463556,5.26558755006495
2013-12-12,-57.9464285714286,-61.4642857142857,1.23311299724238,371.675567626953,16.5717095647539,26.8464016060152,-57.9361047744751,-61.4583334287008,0.237952836727103,-1.5632216334343,0.216966255785276,0.0566983044768373,33.6600976308187,23.0376609245936,26.40696463556,24.7283392679981
2013-12-13,-57.9464285714286,-61.4642857142857,1.25407077797822,370.391895839146,17.961573771068,26.8464016060152,-57.9361047744751,-61.4583334287008,0.202923692576587,-1.57438123524189,0.207851395041992,0.074032817936192,33.6674350102743,26.7087834835053,26.40696463556,22.5506536278157
2013-12-14,-57.9464285714286,-61.4642857142857,1.2539531567267,370.094866071429,19.5127729688372,26.8464016060152,-57.9361047744751,-61.4583334287008,0.265108207861582,-1.57555619180202,0.182861822533111,0.0561184522385399,33.6726231892904,25.6851417541504,26.40696463556,6.88447694734638
2013-12-15,-57.9464285714286,-61.4642857142857,1.22517647594213,369.598310198103,21.130900655474,26.8464016060152,-57.9361047744751,-61.4583334287008,0.326126914843917,-1.57308928668499,0.133218380405257,0.0409558396786451,33.673614915212,24.8624135335286,26.40696463556,1.10883476102813
2013-12-16,-57.9464285714286,-61.4642857142857,1.23115044938666,369.785297938756,22.0235939707075,26.8464016060152,-57.9361047744751,-61.4583334287008,0.373223079989354,-1.56665750344594,0.153894670059284,0.079597358747075,33.6744541486104,25.3494380315145,26.40696463556,6.53629883939384
2013-12-17,-57.9464285714286,-61.4642857142857,1.26065860050065,370.667659214565,22.597765990666,26.8464016060152,-57.9361047744751,-61.4583334287008,0.473311580965916,-1.55684835314751,0.164260790900638,0.0693278805042307,33.673157119751,23.0287597974141,26.40696463556,4.57222384227535
2013-12-18,-57.9464285714286,-61.4642857142857,1.27422099454062,370.982740129743,23.0550853184291,26.8464016060152,-57.9361047744751,-61.4583334287008,0.517239927003781,-1.55204677482446,0.154774620818595,0.0770643229285876,33.6704867680868,24.1426854133606,26.40696463556,5.72308270154556
2013-12-19,-57.9464285714286,-61.4642857142857,1.27450172496693,370.966345650809,19.6380244663783,26.8464016060152,-57.9361047744751,-61.4583334287008,0.56058231095473,-1.54821415543556,0.163050223359217,0.0565050202732285,33.665832678477,23.3390312274297,26.40696463556,1.94931098307218
2013-12-20,-57.9464285714286,-61.4642857142857,1.28047839552164,371.140629359654,22.3868227005005,26.8464016060152,-57.9361047744751,-61.4583334287008,0.663777600228787,-1.55733664631844,0.162897630625715,0.0702281767191986,33.66064453125,20.1422172228495,26.40696463556,4.58964648683181
2013-12-21,-57.9464285714286,-61.4642857142857,1.26285547550235,370.721435546875,20.0295907769884,26.8464016060152,-57.9361047744751,-61.4583334287008,0.724704751869043,-1.55763929188252,0.133920305439581,0.0215206355477373,33.6554691314697,17.894020318985,26.40696463556,3.48101145862449
2013-12-22,-57.9464285714286,-61.4642857142857,1.23776027453797,370.209243774414,21.8097569601876,26.8464016060152,-57.9361047744751,-61.4583334287008,0.735416750113169,-1.56264177858829,0.148823511538406,0.0595670437440276,33.6510566075643,18.9227484703064,26.40696463556,1.2234154027481
2013-12-23,-57.9464285714286,-61.4642857142857,1.28133078132357,370.011825561523,23.352705342429,26.8464016060152,-57.9361047744751,-61.4583334287008,0.722940780222416,-1.56376588046551,0.176524144752572,0.0829289628192782,33.6502555211385,22.6599943319956,26.40696463556,11.7178041599132
2013-12-24,-57.9464285714286,-61.4642857142857,1.28920720730509,368.986997331892,20.2603600365775,26.8464016060152,-57.9361047744751,-61.4583334287008,0.755870252847672,-1.57002980311712,0.191432437052329,0.0258339182473719,33.6456903775533,22.4883275826772,26.40696463556,11.1593885995002
2013-12-25,-57.9464285714286,-61.4642857142857,1.27897217124701,367.86039515904,19.6022939000811,26.8464016060152,-57.9361047744751,-61.4583334287008,0.785369444886843,-1.57816298902035,0.202795495527486,0.0371054211010536,33.6416848818461,21.6249081134796,26.40696463556,15.3548400034208
2013-12-26,-57.9464285714286,-61.4642857142857,1.25657060742378,367.457026890346,22.4248918465206,26.8464016060152,-57.9361047744751,-61.4583334287008,0.883657358586788,-1.58158360421658,0.153508102893829,0.033122755587101,33.6385186513265,17.9525141398112,26.40696463556,0.749660489458266
2013-12-27,-57.9464285714286,-61.4642857142857,1.23809148477656,366.812942504883,19.9404059478215,26.8464016060152,-57.9361047744751,-61.4583334287008,0.894869856039683,-1.58109784722328,0.13082776327307,0.0837224443443119,33.6326057751973,18.9570817073186,26.40696463556,9.34713140791604
2013-12-28,-57.9464285714286,-61.4642857142857,1.17911416079317,364.154510498047,19.9480006354196,26.8464016060152,-57.9361047744751,-61.4583334287008,0.831464603046576,-1.57480085889498,0.0720999788803359,0.061128574423492,33.6331270217895,24.8700432300568,26.40696463556,30.1300177641974
2013-12-29,-57.9464285714286,-61.4642857142857,1.11213476743017,363.064202444894,19.7780340058463,26.8464016060152,-57.9361047744751,-61.4583334287008,0.970555760463079,-1.56498408218225,0.125710827391595,0.0392366304683189,33.6334958076477,20.9763898213704,26.40696463556,2.55210155279633
2013-12-30,-57.9464285714286,-61.4642857142857,1.07323093925204,363.652391706194,19.1191029548645,26.8464016060152,-57.9361047744751,-61.4583334287008,1.08648336480061,-1.56217383146286,0.154932300156603,0.00472528245300055,33.6300243059794,18.0860325733821,26.40696463556,7.95002896462595
2013-12-31,-57.9464285714286,-61.4642857142857,0.996808227683817,361.512065342494,13.0794662066868,26.8464016060152,-57.9361047744751,-61.4583334287008,1.00379652281602,-1.56008585294088,0.18923510449628,-0.0304218675941229,33.6263112386068,24.6983765443166,26.40696463556,36.2442469868299
2014-01-01,-57.9464285714286,-61.4642857142857,0.890071803969996,358.745653424944,14.3589679173061,26.8464016060152,-57.9361047744751,-61.4583334287008,1.04881742745638,-1.56416770517826,0.154413485092421,0.0216020181775093,33.6164817492167,21.1073650121689,26.40696463556,2.71732669535641
2014-01-02,-57.9464285714286,-61.4642857142857,0.826884801898684,357.353899274554,13.4849072183881,26.8464016060152,-57.9361047744751,-61.4583334287008,1.05882750153542,-1.56595304210981,0.105395672097802,0.0378073467562596,33.6112807273865,24.4555000464122,26.40696463556,9.18168502217477
2014-01-03,-57.9464285714286,-61.4642857142857,0.784077265432903,356.56349836077,14.0854720047542,26.8464016060152,-57.9361047744751,-61.4583334287008,1.17172157069047,-1.5656656563282,0.16476434621339,0.0635395364835858,33.5997980435689,19.3156743129094,26.40696463556,3.3553824699309
2014-01-04,-57.9464285714286,-61.4642857142857,0.750697079513754,356.601658412388,13.692549603326,26.8464016060152,-57.9361047744751,-61.4583334287008,1.28473161061605,-1.56598610381285,0.162455113045871,0.0213171788180868,33.5809145609538,14.4085520188014,26.40696463556,3.63622086691806
2014-01-05,-57.9464285714286,-61.4642857142857,0.714308928166117,355.347523280552,11.5727848666055,26.8464016060152,-57.9361047744751,-61.4583334287008,1.18319041828314,-1.56746879120668,0.146371856921663,-0.0120700705486039,33.5743022282918,22.9995127836863,26.40696463556,15.7059421483734
2014-01-06,-57.9464285714286,-61.4642857142857,0.651512033173016,353.077440534319,11.228600365775,26.8464016060152,-57.9361047744751,-61.4583334287008,1.15856198469798,-1.55846074819565,0.150980153214186,0.00438449243083596,33.5756121317546,25.9394627094269,26.40696463556,7.88070617998883
2014-01-07,-57.9464285714286,-61.4642857142857,0.607954593641417,351.132138933454,10.3324133328029,26.8464016060152,-57.9361047744751,-61.4583334287008,1.12582783102989,-1.55067089796066,0.130288603746643,-0.00548315870886048,33.588086605072,29.4694371859233,26.40696463556,13.7561330623787
2014-01-08,-57.9464285714286,-61.4642857142857,0.55406527859824,349.291811261858,9.55666657856533,26.8464016060152,-57.9361047744751,-61.4583334287008,1.12782984574636,-1.54825484653314,0.136814477605124,0.0300963367335498,33.5979288101196,30.5782762209574,26.40696463556,1.56461912749332
2014-01-09,-57.9464285714286,-61.4642857142857,0.515315138867923,348.722087315151,9.28113375391279,26.8464016060152,-57.9361047744751,-61.4583334287008,1.16062504053116,-1.54316843350728,0.154210028269639,0.0305235957416395,33.6045793215434,29.5762520949046,26.40696463556,1.10756059343006
2014-01-10,-57.9464285714286,-61.4642857142857,0.492224065320832,348.957029070173,9.50325049672808,26.8464016060152,-57.9361047744751,-61.4583334287008,1.28677635391553,-1.53982665638129,0.178126366902143,0.0540584530681372,33.6071733474731,22.4222043275833,26.40696463556,5.10718616050412
2014-01-11,-57.9464285714286,-61.4642857142857,0.489952362009457,349.239961896624,9.23884742600577,26.8464016060152,-57.9361047744751,-61.4583334287008,1.26728722453117,-1.54119998812675,0.206462802489599,0.0682749920524657,33.6061560630798,21.4061921755473,26.40696463556,20.1605903362914
2014-01-12,-57.9464285714286,-61.4642857142857,0.519560850092343,348.803800310407,7.56701878138951,26.8464016060152,-57.9361047744751,-61.4583334287008,1.21552173892657,-1.53962065279484,0.248893703675518,0.0549027984961867,33.6096151034037,26.6286723295848,26.40696463556,51.6941020880318
2014-01-13,-57.9464285714286,-61.4642857142857,0.543526034270014,348.003437587193,7.88676524162292,26.8464016060152,-57.9361047744751,-61.4583334287008,1.24821926752726,-1.53847112258275,0.230760622893771,0.0674611649475992,33.6133662859599,25.0951171875,26.40696463556,37.1706159934529
2014-01-14,-57.9464285714286,-61.4642857142857,0.555481606296131,347.311168125698,7.59713247844151,26.8464016060152,-57.9361047744751,-61.4583334287008,1.27829220493635,-1.53166803916295,0.24592832159251,0.0422274442700048,33.6198895136515,25.2044751326243,26.40696463556,48.1564091906132
2014-01-15,-57.9464285714286,-61.4642857142857,0.548318739448275,346.41860307966,5.67586825575147,26.8464016060152,-57.9361047744751,-61.4583334287008,1.27125463287036,-1.53370006382465,0.216264331558098,0.0297911516390741,33.6269722620646,22.9982412020365,26.40696463556,24.4372398529673
2014-01-16,-57.9464285714286,-61.4642857142857,0.565473822610719,346.191641671317,10.3123465265547,26.8464016060152,-57.9361047744751,-61.4583334287008,1.26405226985613,-1.54223507940769,0.201605274000516,0.112292855419219,33.6453341801961,22.6803400357564,26.40696463556,37.8209396973188
2014-01-17,-57.9464285714286,-61.4642857142857,0.593171055827822,346.616363525391,11.3562161922455,26.8464016060152,-57.9361047744751,-61.4583334287008,1.42341992557049,-1.54014963805675,0.206472975326081,0.0546535642196735,33.662144947052,17.3357859611511,26.40696463556,17.7819424705936
2014-01-18,-57.9464285714286,-61.4642857142857,0.600001077566828,346.655796595982,10.2799900940486,26.8464016060152,-57.9361047744751,-61.4583334287008,1.50148016611735,-1.54565060039361,0.201808731320004,0.0272886337712407,33.6770607948303,14.2686755180359,26.40696463556,15.9716189708608
2014-01-19,-57.9464285714286,-61.4642857142857,0.606539711356163,346.398461478097,9.51333250318255,26.8464016060152,-57.9361047744751,-61.4583334287008,1.50732751190662,-1.54821415543556,0.203817865562936,0.029709768978258,33.6918622334798,16.6809095223745,26.40696463556,16.7025433358955
2014-01-20,-57.9464285714286,-61.4642857142857,0.606271639466286,345.68180847168,6.93394005298615,26.8464016060152,-57.9361047744751,-61.4583334287008,1.41415450572968,-1.54697307050228,0.214275541529059,-0.0163782668299973,33.7136829376221,23.7243273576101,26.40696463556,40.294285417633
2014-01-21,-57.9464285714286,-61.4642857142857,0.59475020638534,344.866082327706,10.0678243977683,26.8464016060152,-57.9361047744751,-61.4583334287008,1.44149297873179,-1.54678742190202,0.181707205499212,0.0326954965169231,33.7301118850708,22.4959573745728,26.40696463556,6.38118344018276
2014-01-22,-57.9464285714286,-61.4642857142857,0.577928494129862,344.56133379255,9.41773809705462,26.8464016060152,-57.9361047744751,-61.4583334287008,1.50403151015441,-1.54145939052105,0.151209041817735,0.0244046348457535,33.751004632314,24.2075371901194,26.40696463556,1.96961032366971
2014-01-23,-57.9464285714286,-61.4642857142857,0.580216188515936,344.352052961077,9.80993447984968,26.8464016060152,-57.9361047744751,-61.4583334287008,1.55761591692766,-1.54510635634263,0.196895250491798,0.102216661255807,33.7671793937683,23.6289570331573,26.40696463556,29.0199194233125
2014-01-24,-57.9464285714286,-61.4642857142857,0.607850589922496,344.740434919085,7.80034676619938,26.8464016060152,-57.9361047744751,-61.4583334287008,1.57340009013812,-1.54999440511068,0.208548233440767,0.0810113831112782,33.7768437067668,20.8314268747965,26.40696463556,25.3138095103806
2014-01-25,-57.9464285714286,-61.4642857142857,0.615982170615877,344.940179007394,10.8377528531211,26.8464016060152,-57.9361047744751,-61.4583334287008,1.64854275385539,-1.55617694854736,0.174565873791774,0.0623696605985363,33.781472269694,15.9573664267858,26.40696463556,5.27582011430014
2014-01-26,-57.9464285714286,-61.4642857142857,0.597833058663777,344.150259835379,9.78015293393816,26.8464016060152,-57.9361047744751,-61.4583334287008,1.67657095988592,-1.55274869998296,0.180201625792931,0.0179448836483061,33.7884660402934,16.2244034051895,26.40696463556,8.63126457136744
2014-01-27,-57.9464285714286,-61.4642857142857,0.566334315708705,342.895902361189,8.28501279013497,26.8464016060152,-57.9361047744751,-61.4583334287008,1.58804286519686,-1.55184077620506,0.186610512249172,-0.000478123314678669,33.7992620150248,23.1927967627843,26.40696463556,17.4023495483688
2014-01-28,-57.9464285714286,-61.4642857142857,0.543507863368307,342.202736990792,9.30966785975865,26.8464016060152,-57.9361047744751,-61.4583334287008,1.58922698597113,-1.55938901901245,0.156081830554952,0.0971251568136116,33.8043484687805,23.2131424029668,26.40696463556,14.4763462546675
2014-01-29,-57.9464285714286,-61.4642857142857,0.537942997046879,342.427860804967,9.20964012827192,26.8464016060152,-57.9361047744751,-61.4583334287008,1.6648884644111,-1.56796980897586,0.177276934745411,0.0577969707548618,33.8071841239929,19.2368348121643,26.40696463556,5.30072271496523
2014-01-30,-57.9464285714286,-61.4642857142857,0.526355954153197,342.31536429269,8.4299932888576,26.8464016060152,-57.9361047744751,-61.4583334287008,1.62657553156217,-1.57224493920803,0.129154331889004,0.0183975748096903,33.8193403879801,26.0297465403875,26.40696463556,5.00579795120016
2014-01-31,-57.9464285714286,-61.4642857142857,0.507457354239055,341.805116925921,8.58946984154838,26.8464016060152,-57.9361047744751,-61.4583334287008,1.6410352041324,-1.56907356083393,0.146590573123346,0.0547858109387259,33.8240706761678,25.8491788307826,26.40696463556,0.593583750924124
2014-02-01,-57.9464285714286,-61.4642857142857,0.50083734520844,342.337589808873,8.82270162446158,26.8464016060152,-57.9361047744751,-61.4583334287008,1.85392011900743,-1.56395153999329,0.168009480182081,0.054272082572182,33.8187426249186,18.4649706999461,26.40696463556,2.57311861537316
2014-02-02,-57.9464285714286,-61.4642857142857,0.492043669734682,342.513296944754,7.54298445156642,26.8464016060152,-57.9361047744751,-61.4583334287008,1.80133062700431,-1.56103193461895,0.181183303520083,0.0125685395983358,33.8065478960673,16.8703784386317,26.40696463556,10.4971943850857
2014-02-03,-57.9464285714286,-61.4642857142857,0.475982844829559,342.203837803432,5.15022775105068,26.8464016060152,-57.9361047744751,-61.4583334287008,1.7157384087642,-1.55877356727918,0.17473372578,0.00700908424332738,33.7947092056274,20.8237972577413,26.40696463556,10.4520032574478
2014-02-04,-57.9464285714286,-61.4642857142857,0.465890439493316,342.029942103795,5.65088975429535,26.8464016060152,-57.9361047744751,-61.4583334287008,1.69007234573364,-1.55709758599599,0.186457919267317,0.00734478790933887,33.7814463933309,20.4957233587901,26.40696463556,14.1730479813439
2014-02-05,-57.9464285714286,-61.4642857142857,0.471724478261811,342.356242588588,7.69554070064,26.8464016060152,-57.9361047744751,-61.4583334287008,1.78934295276801,-1.55882442096869,0.163569037771473,0.0389924822375178,33.7686542510986,15.2122060934703,26.40696463556,1.36588358625164
2014-02-06,-57.9464285714286,-61.4642857142857,0.477714102183069,342.598255702427,8.41869023868016,26.8464016060152,-57.9361047744751,-61.4583334287008,1.65143591165543,-1.56153548359871,0.107470931330075,0.0754773600026965,33.773410320282,22.2365499893824,26.40696463556,13.1013525079414
2014-02-07,-57.9464285714286,-61.4642857142857,0.471269950270653,342.646305629185,7.19700745173863,26.8464016060152,-57.9361047744751,-61.4583334287008,1.61702324450016,-1.55997141500314,0.120024211208026,0.0403556423882643,33.7738045056661,23.0325745026271,26.40696463556,3.92360020474844
2014-02-08,-57.9464285714286,-61.4642857142857,0.453679957560131,342.263741629464,5.80451284136091,26.8464016060152,-57.9361047744751,-61.4583334287008,1.5352397352457,-1.56069622735182,0.146804203589757,-0.00986256521816055,33.7706130027771,24.6297100067139,26.40696463556,14.4882273119029
2014-02-09,-57.9464285714286,-61.4642857142857,0.457431908164706,342.105274745396,6.97345267023359,26.8464016060152,-57.9361047744751,-61.4583334287008,1.47274393935998,-1.56277911563714,0.160283211059868,0.0705791394226253,33.780073483785,26.1861540635427,26.40696463556,4.32203895454756
2014-02-10,-57.9464285714286,-61.4642857142857,0.468818530440331,342.362976074219,6.50773143768311,26.8464016060152,-57.9361047744751,-61.4583334287008,1.42336498896281,-1.56117180685202,0.14278084654361,0.0333363852153222,33.7901315371195,26.2738947470983,26.40696463556,0.690269995407515
2014-02-11,-57.9464285714286,-61.4642857142857,0.468490762369973,342.652162824358,7.58257361820766,26.8464016060152,-57.9361047744751,-61.4583334287008,1.43991823395093,-1.55417797962825,0.134317046590149,0.0362814212838809,33.7965915044149,22.3675253152847,26.40696463556,1.20419834642619
2014-02-12,-57.9464285714286,-61.4642857142857,0.465239099093846,342.875673566546,7.33790060452053,26.8464016060152,-57.9361047744751,-61.4583334287008,1.40541399916013,-1.54743847846985,0.133854183057944,0.0522019106894731,33.8003046989441,23.1838954369227,26.40696463556,1.31287134431805
2014-02-13,-57.9464285714286,-61.4642857142857,0.464263711656843,342.876229422433,6.68089703151158,26.8464016060152,-57.9361047744751,-61.4583334287008,1.37101353208224,-1.54092022875945,0.160852890182286,0.056871242231379,33.8080231348673,22.919401605924,26.40696463556,1.68507350396155
2014-02-14,-57.9464285714286,-61.4642857142857,0.480209984949657,342.795314243862,4.607033933912,26.8464016060152,-57.9361047744751,-61.4583334287008,1.3800287147363,-1.55156610707442,0.223283588110159,0.0792514823998014,33.8217563311259,21.2256244659424,26.40696463556,34.7136517862299
2014-02-15,-57.9464285714286,-61.4642857142857,0.535964163286345,342.869803292411,6.5661815575191,26.8464016060152,-57.9361047744751,-61.4583334287008,1.36140020787716,-1.56826482017835,0.217953021731228,0.109668264072388,33.8501130739848,24.7021914402644,26.40696463556,46.1933308819011
2014-02-16,-57.9464285714286,-61.4642857142857,0.599465936422348,342.712809971401,5.4563707453864,26.8464016060152,-57.9361047744751,-61.4583334287008,1.3461653649807,-1.5696152617534,0.254346344123284,0.0644906969430546,33.8726842244466,23.3530189116796,26.40696463556,58.8638127242203
2014-02-17,-57.9464285714286,-61.4642857142857,0.65629460130419,342.619687761579,7.87626498086112,26.8464016060152,-57.9361047744751,-61.4583334287008,1.33279214799404,-1.57112084726493,0.222718995405982,0.0906755778007209,33.89011815389,24.7759444554647,26.40696463556,38.9736158331107
2014-02-18,-57.9464285714286,-61.4642857142857,0.693616754242352,342.7747933524,8.72189583097185,26.8464016060152,-57.9361047744751,-61.4583334287008,1.35958130558332,-1.57087160249551,0.169352294815083,0.0561031930459042,33.8864687601725,17.5748474597931,26.40696463556,3.05907849431675
2014-02-19,-57.9464285714286,-61.4642857142857,0.719388855355127,343.072182791574,9.28510556902204,26.8464016060152,-57.9361047744751,-61.4583334287008,1.36427504916986,-1.58153782784939,0.184179203833143,0.0798313345760107,33.874604511261,13.7129841645559,26.40696463556,13.0501092721435
2014-02-20,-57.9464285714286,-61.4642857142857,0.751691909773009,343.074715750558,8.35315527234759,26.8464016060152,-57.9361047744751,-61.4583334287008,1.26758630673091,-1.58790347675482,0.239163385611027,0.0782647176024815,33.8664026578267,25.0366234143575,26.40696463556,47.617024438262
2014-02-21,-57.9464285714286,-61.4642857142857,0.750119635037014,342.362335205078,6.36834933076586,26.8464016060152,-57.9361047744751,-61.4583334287008,1.17865537256002,-1.58958708047867,0.153091015014797,0.0342468538011114,33.8485365231832,29.4630791346232,26.40696463556,0.611261268685763
2014-02-22,-57.9464285714286,-61.4642857142857,0.725884450333459,342.053673880441,10.3568380560194,26.8464016060152,-57.9361047744751,-61.4583334287008,1.15368512471517,-1.58895128170649,0.12549719667683,0.0701417077643176,33.8361257870992,33.7890779972076,26.40696463556,5.91602864083495
2014-02-23,-57.9464285714286,-61.4642857142857,0.73466329063688,342.429526192801,10.7239154747554,26.8464016060152,-57.9361047744751,-61.4583334287008,1.15886106789112,-1.57757550477982,0.165064444827537,0.0818201240773002,33.8221254984538,32.031720439593,26.40696463556,8.65726258258339
2014-02-24,-57.9464285714286,-61.4642857142857,0.781939387321472,342.901508876256,9.63754333768572,26.8464016060152,-57.9361047744751,-61.4583334287008,1.15254983156919,-1.57733390132586,0.215297912092259,0.0914232811580102,33.8150554656982,33.2753499269486,26.40696463556,34.0416147774185
2014-02-25,-57.9464285714286,-61.4642857142857,0.857685680900301,343.047651018415,8.02421174730573,26.8464016060152,-57.9361047744751,-61.4583334287008,1.12996004521847,-1.58182521164417,0.283857743566235,0.110690634480367,33.8217695236206,37.161373535792,26.40696463556,114.818719897968
2014-02-26,-57.9464285714286,-61.4642857142857,0.93971645619188,342.885733468192,8.21403818471091,26.8464016060152,-57.9361047744751,-61.4583334287008,1.07701042195161,-1.5943072805802,0.251284318758796,0.0877203691750765,33.8278224309285,41.8764836072922,26.40696463556,63.1161385356623
2014-02-27,-57.9464285714286,-61.4642857142857,1.03049504969801,343.025059291295,12.0373055594308,26.8464016060152,-57.9361047744751,-61.4583334287008,1.04253671566645,-1.60358744462331,0.244376964711895,0.126921395212412,33.8278477668762,41.1821873346965,26.40696463556,81.0459080829378
2014-02-28,-57.9464285714286,-61.4642857142857,1.12049702874252,343.332111903599,11.5637892825263,26.8464016060152,-57.9361047744751,-61.4583334287008,1.01895811955134,-1.60312967399756,0.232622251287103,0.078986989085873,33.8242743174235,37.8696570555369,26.40696463556,42.1054448101021
2014-03-01,-57.9464285714286,-61.4642857142857,1.16167068907193,343.388085501535,10.3958266632898,26.8464016060152,-57.9361047744751,-61.4583334287008,1.04943389842908,-1.58982359965642,0.23853266996642,0.0740938543962936,33.8055689493815,28.6874003012975,26.40696463556,45.6988895769376
2014-03-02,-57.9464285714286,-61.4642857142857,1.21505067816802,343.707979474749,15.4021065916334,26.8464016060152,-57.9361047744751,-61.4583334287008,0.976128439108531,-1.58248136043549,0.14969328843678,0.118020162079483,33.8035979270935,34.2354113260905,26.40696463556,27.4439145404486
2014-03-03,-57.9464285714286,-61.4642857142857,1.28672662803105,344.556629725865,17.2273133141654,26.8464016060152,-57.9361047744751,-61.4583334287008,0.991753915448984,-1.57581560512384,0.172093874712785,0.0447757400261859,33.7882752418518,27.3178821007411,26.40696463556,2.95321636029268
2014-03-04,-57.9464285714286,-61.4642857142857,1.29805714530604,344.769256591797,13.407273888588,26.8464016060152,-57.9361047744751,-61.4583334287008,0.983074451982975,-1.5789564738671,0.230582598255326,0.0519018120132387,33.7845876693726,24.7327100435893,26.40696463556,34.5766069696825
2014-03-05,-57.9464285714286,-61.4642857142857,1.25523254488196,344.346930367606,8.36556172370911,26.8464016060152,-57.9361047744751,-61.4583334287008,0.968364530801773,-1.57668792903423,0.194245225501557,0.00540686259046197,33.7720623016357,22.7235745588938,26.40696463556,18.2146329381753
2014-03-06,-57.9464285714286,-61.4642857142857,1.18333940846579,343.914247785296,12.0451034818377,26.8464016060152,-57.9361047744751,-61.4583334287008,0.994659283260504,-1.58650217254957,0.234015930692355,0.0192012289228539,33.7597150166829,20.2655628442764,26.40696463556,40.2265361211186
2014-03-07,-57.9464285714286,-61.4642857142857,1.17757198001657,343.912610735212,13.3330754893167,26.8464016060152,-57.9361047744751,-61.4583334287008,0.973351255059242,-1.60135705073675,0.235048473191758,0.0933256016733746,33.7500761349996,24.1910063505173,26.40696463556,50.2434059995217
2014-03-08,-57.9464285714286,-61.4642857142857,1.14045989300523,343.601189749581,8.04270556994847,26.8464016060152,-57.9361047744751,-61.4583334287008,0.978728618224462,-1.59752189218998,0.207403791105996,-0.00888088621820013,33.7325660705566,22.1666117827098,26.40696463556,31.7200849060895
2014-03-09,-57.9464285714286,-61.4642857142857,1.04458731200014,342.931649344308,8.42216871465955,26.8464016060152,-57.9361047744751,-61.4583334287008,1.00100713372231,-1.59408602515856,0.223970252337555,-0.0236467580931882,33.7088000615438,21.0704886039098,26.40696463556,51.8580846725928
2014-03-10,-57.9464285714286,-61.4642857142857,1.00281221738883,342.829530988421,8.71286273002625,26.8464016060152,-57.9361047744751,-61.4583334287008,1.00119023869435,-1.60311440726121,0.181422365891437,0.0382142605570455,33.6959949175517,19.5356617291768,26.40696463556,5.81575779938825
2014-03-11,-57.9464285714286,-61.4642857142857,0.946760714054108,342.685398646763,4.7141849228314,26.8464016060152,-57.9361047744751,-61.4583334287008,0.983843518296878,-1.59688609143098,0.18560848813504,-0.00952177500973145,33.6975590070089,20.7831059376399,26.40696463556,21.4461034517604
2014-03-12,-57.9464285714286,-61.4642857142857,0.948182787214007,342.74623979841,8.64005107539041,26.8464016060152,-57.9361047744751,-61.4583334287008,0.910708964864413,-1.60288298130035,0.167190567124635,0.0950651568671068,33.6964398701986,20.7487725416819,26.40696463556,14.9388478950366
2014-03-13,-57.9464285714286,-61.4642857142857,1.00798953643867,343.280445643834,9.69501377855029,26.8464016060152,-57.9361047744751,-61.4583334287008,0.801239074766636,-1.61254463195801,0.141707612667233,0.0963215025141835,33.7359994252523,31.2458688100179,26.40696463556,13.8955818233964
2014-03-14,-57.9464285714286,-61.4642857142857,1.06278299859592,344.086406162807,12.330555166517,26.8464016060152,-57.9361047744751,-61.4583334287008,0.774346159398556,-1.60707673529784,0.107272561298062,0.0435804314911366,33.7529755274455,32.2046586513519,26.40696463556,8.21489674273614
2014-03-15,-57.9464285714286,-61.4642857142857,1.09003832510539,344.987827845982,12.0869284697941,26.8464016060152,-57.9361047744751,-61.4583334287008,0.783849624296029,-1.59357229173183,0.115853348063926,0.0306711019016802,33.7646744728088,30.1700913667679,26.40696463556,5.98707380665012
2014-03-16,-57.9464285714286,-61.4642857142857,1.08081784418651,345.4527457101,9.79895460605621,26.8464016060152,-57.9361047744751,-61.4583334287008,0.763115347921848,-1.57952615122,0.124006876535714,0.0137435021499793,33.770828851064,29.2341901779175,26.40696463556,7.39618686102027
2014-03-17,-57.9464285714286,-61.4642857142857,0.994218858225005,344.947115216936,5.90812611579895,26.8464016060152,-57.9361047744751,-61.4583334287008,0.718259243667126,-1.5816014111042,0.0855586407395701,-0.01763969839861,33.771782875061,29.7453752994537,26.40696463556,38.3440602236423
2014-03-18,-57.9464285714286,-61.4642857142857,0.918720969132015,344.414103916713,6.8863525220326,26.8464016060152,-57.9361047744751,-61.4583334287008,0.707956191897392,-1.59183019598325,0.113696707009027,0.030655842864265,33.7733722050985,29.7250297387441,26.40696463556,6.70142925432431
2014-03-19,-57.9464285714286,-61.4642857142857,0.879550107887813,344.245309012277,3.28486507279532,26.8464016060152,-57.9361047744751,-61.4583334287008,0.684310451646646,-1.59349854191144,0.16352325991417,0.0180008340937396,33.7757496833801,27.4297833840052,26.40696463556,4.60425159951982
2014-03-20,-57.9464285714286,-61.4642857142857,0.809491087283407,343.842498779297,4.18399104050228,26.8464016060152,-57.9361047744751,-61.4583334287008,0.674935167531172,-1.59772789577643,0.105756807420403,-0.0101524907474717,33.7660855611165,27.4679313262304,26.40696463556,23.4797201157135
2014-03-21,-57.9464285714286,-61.4642857142857,0.779262553368296,343.797175816127,6.44002643653325,26.8464016060152,-57.9361047744751,-61.4583334287008,0.643720835944017,-1.61202327211698,0.0863419504836202,0.0948820463692149,33.7800478299459,32.545448700587,26.40696463556,31.8545477769066
2014-03-22,-57.9464285714286,-61.4642857142857,0.752197548747063,343.863706316267,4.86650889260428,26.8464016060152,-57.9361047744751,-61.4583334287008,0.605700878798962,-1.61206904749076,0.07639800204585,0.00341298660884301,33.7911107063293,35.753707075119,26.40696463556,33.7138882642608
2014-03-23,-57.9464285714286,-61.4642857142857,0.714160593492644,343.778050013951,6.93593427113124,26.8464016060152,-57.9361047744751,-61.4583334287008,0.554783796270688,-1.61102888584137,0.0436414681685468,0.0281736707314849,33.7977738062541,39.1870394706726,26.40696463556,55.4953835278529
2014-03-24,-57.9464285714286,-61.4642857142857,0.692158311605453,343.882444109236,4.49007890905653,26.8464016060152,-57.9361047744751,-61.4583334287008,0.507412964602311,-1.61894334256649,0.104129154359301,-0.0079602443613112,33.7942132631938,36.2407317479451,26.40696463556,23.0151528433524
2014-03-25,-57.9464285714286,-61.4642857142857,0.696263709238597,344.248779296875,6.59344468797956,26.8464016060152,-57.9361047744751,-61.4583334287008,0.476046041399241,-1.63539282381535,0.113762830104679,0.0486922817925612,33.7991989771525,36.0766948223114,26.40696463556,5.90624217157933
2014-03-26,-57.9464285714286,-61.4642857142857,0.741853332945279,344.919004167829,7.7181350844247,26.8464016060152,-57.9361047744751,-61.4583334287008,0.451844863593578,-1.63480025827885,0.163843704666942,0.096504613229384,33.8196971257528,38.7635952949524,26.40696463556,15.0920563457532
2014-03-27,-57.9464285714286,-61.4642857142857,0.794071544493948,345.77125113351,8.63699500901359,26.8464016060152,-57.9361047744751,-61.4583334287008,0.42354199886322,-1.62803531984488,0.102776166486243,0.0516830956252913,33.840042591095,40.1877922693888,26.40696463556,10.4361388953294
2014-03-28,-57.9464285714286,-61.4642857142857,0.812860995531082,346.446740286691,8.30371327059609,26.8464016060152,-57.9361047744751,-61.4583334287008,0.422693582127492,-1.62293364107609,0.0790175073159238,0.0160679953793685,33.842305914561,37.968842403094,26.40696463556,27.5474817568308
2014-03-29,-57.9464285714286,-61.4642857142857,0.818817919918469,346.851468767439,6.6013194833483,26.8464016060152,-57.9361047744751,-61.4583334287008,0.417383364091317,-1.62236650089423,0.120736309482406,0.000600197352468967,33.8401313463847,38.1964596033096,26.40696463556,13.0628923168937
2014-03-30,-57.9464285714286,-61.4642857142857,0.808342054486275,346.909177507673,5.0019839491163,26.8464016060152,-57.9361047744751,-61.4583334287008,0.422785137593746,-1.64146345853806,0.10584836381798,0.00891140485182404,33.8403474171956,37.14738565286,26.40696463556,14.9428725750806
2014-03-31,-57.9464285714286,-61.4642857142857,0.799936575548989,346.989358084542,7.38379791804722,26.8464016060152,-57.9361047744751,-61.4583334287008,0.401391662657261,-1.63830988109112,0.032654805170993,0.0671966711059213,33.8586456934611,42.3202734470367,26.40696463556,68.9974411487272
2014-04-01,-57.9464285714286,-61.4642857142857,0.823398108993258,347.29457964216,7.60432871750423,26.8464016060152,-57.9361047744751,-61.4583334287008,0.348466462517778,-1.64518672029177,0.0596738588685791,0.123070975858718,33.8823864936829,48.7863828023275,26.40696463556,70.129412472638
2014-04-02,-57.9464285714286,-61.4642857142857,0.89203208897795,347.981225149972,7.03126864773887,26.8464016060152,-57.9361047744751,-61.4583334287008,0.311001941313346,-1.65325123568376,0.0709504481094579,0.103966388385743,33.9056314150492,52.8377150535583,26.40696463556,47.5377949117719
2014-04-03,-57.9464285714286,-61.4642857142857,0.964118878756251,348.660566057478,6.54671595777784,26.8464016060152,-57.9361047744751,-61.4583334287008,0.283108023616175,-1.65660826861858,0.0754926195678612,0.0844345427739124,33.9194155375163,55.647961362203,26.40696463556,34.3368134416533
2014-04-04,-57.9464285714286,-61.4642857142857,1.02011857926846,349.227569580078,7.60445836612156,26.8464016060152,-57.9361047744751,-61.4583334287008,0.249153131557008,-1.65973641971747,0.0841446168410281,0.0401674446339409,33.9184111277262,58.3310471216838,26.40696463556,20.3347327620153
2014-04-05,-57.9464285714286,-61.4642857142857,1.02269208431244,349.479646955218,4.23612375770296,26.8464016060152,-57.9361047744751,-61.4583334287008,0.235651742418607,-1.6538056542476,0.141987365608414,0.0121768853937586,33.9139094670614,57.6354793230693,26.40696463556,5.21936599805309
2014-04-06,-57.9464285714286,-61.4642857142857,0.974781715444156,349.511175973075,3.43878544228418,26.8464016060152,-57.9361047744751,-61.4583334287008,0.221649850159884,-1.64122948447863,0.105573696518938,0.0458794924430549,33.9158423105876,57.978812789917,26.40696463556,8.93565968632063
2014-04-07,-57.9464285714286,-61.4642857142857,0.947685729180064,349.673307146345,4.79581637041909,26.8464016060152,-57.9361047744751,-61.4583334287008,0.216150414633254,-1.62770215968291,0.151692251116037,0.0321156447442869,33.9132608731588,56.835640001297,26.40696463556,0.776771335351352
2014-04-08,-57.9464285714286,-61.4642857142857,0.945307322910854,350.101006644113,4.38353876556669,26.8464016060152,-57.9361047744751,-61.4583334287008,0.204559484745065,-1.62703075408936,0.1488133388261,0.0406201359815896,33.9144688606262,59.1703060944875,26.40696463556,0.0607930234812991
2014-04-09,-57.9464285714286,-61.4642857142857,0.92585760142122,350.430143083845,3.14391939980643,26.8464016060152,-57.9361047744751,-61.4583334287008,0.204651039776703,-1.63068025410175,0.154784793034196,0.0222429070000847,33.9080600738525,58.6858248154322,26.40696463556,2.60133298541284
2014-04-10,-57.9464285714286,-61.4642857142857,0.884448530418532,350.530155726842,2.62742997067315,26.8464016060152,-57.9361047744751,-61.4583334287008,0.204467928906282,-1.63894823491573,0.143167414050549,0.00139367853601774,33.8996165593465,54.6154181957245,26.40696463556,9.16608646585275
2014-04-11,-57.9464285714286,-61.4642857142857,0.850035961185183,350.601699829102,3.30427158730371,26.8464016060152,-57.9361047744751,-61.4583334287008,0.188103904575109,-1.64306822816531,0.130558183323592,0.0307372254940371,33.8897870063782,48.6757533391317,26.40696463556,2.3611087769124
2014-04-12,-57.9464285714286,-61.4642857142857,0.848186131034579,350.755246843611,5.94201326370239,26.8464016060152,-57.9361047744751,-61.4583334287008,0.155052358470857,-1.65821049809456,0.127368998620659,0.0964232303823034,33.8996801058451,60.4202936490377,26.40696463556,15.8510881942557
2014-04-13,-57.9464285714286,-61.4642857142857,0.871088966727257,350.882413591657,5.9210125718798,26.8464016060152,-57.9361047744751,-61.4583334287008,0.101394715346396,-1.66736858685811,0.170145776929955,0.0644449191788832,33.9029354095459,64.6445640246073,26.40696463556,4.59425176034386
2014-04-14,-57.9464285714286,-61.4642857142857,0.907199229512896,350.988721575056,7.31496797289167,26.8464016060152,-57.9361047744751,-61.4583334287008,0.0331736395135522,-1.67787966926893,0.146219264746954,0.0936155275131265,33.9069664319356,66.854612827301,26.40696463556,12.3419532917625
2014-04-15,-57.9464285714286,-61.4642857142857,0.954584930624281,351.363656180246,6.91159917627062,26.8464016060152,-57.9361047744751,-61.4583334287008,-0.0168461975951989,-1.66447950204213,0.12146366800492,0.0209916479575137,33.910374546051,66.7770453135172,26.40696463556,6.10644206661736
2014-04-16,-57.9464285714286,-61.4642857142857,0.903040351612227,350.988161359514,2.5637104000364,26.8464016060152,-57.9361047744751,-61.4583334287008,-0.0623065692062179,-1.64092684586843,0.0806248152938982,-0.0351624090224504,33.9017148653666,63.1071940898895,26.40696463556,53.8656745013386
2014-04-17,-57.9464285714286,-61.4642857142857,0.832061033163752,350.747203281948,4.08582666090557,26.8464016060152,-57.9361047744751,-61.4583334287008,-0.110446466691792,-1.63951536516349,0.121692556453248,0.0242927335513135,33.8945684432983,57.659639898936,26.40696463556,5.34276237846761
2014-04-18,-57.9464285714286,-61.4642857142857,0.804562753864697,351.133717128209,4.34169934477125,26.8464016060152,-57.9361047744751,-61.4583334287008,-0.136924325302243,-1.65459914008776,0.0865403202672799,0.0296538185017804,33.901015440623,61.0840712149938,26.40696463556,19.7895264356131
2014-04-19,-57.9464285714286,-61.4642857142857,0.747930479901178,351.212653023856,3.06773625101362,26.8464016060152,-57.9361047744751,-61.4583334287008,-0.171916847489774,-1.6500773092111,0.0606911422684789,0.0634225491123895,33.9052119255066,62.5845649401347,26.40696463556,39.8380309617908
2014-04-20,-57.9464285714286,-61.4642857142857,0.722379780241421,351.493214198521,4.73504092012133,26.8464016060152,-57.9361047744751,-61.4583334287008,-0.190478206363817,-1.6439049432675,0.111245053603003,0.0286568804954489,33.9085818608602,61.5087873140971,26.40696463556,7.85356959946539
2014-04-21,-57.9464285714286,-61.4642857142857,0.729266869170325,351.690556117467,4.73809390408652,26.8464016060152,-57.9361047744751,-61.4583334287008,-0.208111800191303,-1.6365805019935,0.141804254458596,0.0437330242867271,33.9141770044963,61.2239477316539,26.40696463556,0.180266736277652
2014-04-22,-57.9464285714286,-61.4642857142857,0.731816025716918,351.731002807617,3.69928015129907,26.8464016060152,-57.9361047744751,-61.4583334287008,-0.222827824515601,-1.62586342295011,0.153904842833678,0.0354523351726433,33.9218192100525,63.3195522705714,26.40696463556,0.547796900610291
2014-04-23,-57.9464285714286,-61.4642857142857,0.697247703160558,351.323246547154,2.27697704519544,26.8464016060152,-57.9361047744751,-61.4583334287008,-0.242841862638791,-1.61775311927001,0.189413129010548,0.0037792085049053,33.9240570704142,63.0321692466736,26.40696463556,16.7280415254198
2014-04-24,-57.9464285714286,-61.4642857142857,0.66126702938761,351.218778337751,2.57124587467739,26.8464016060152,-57.9361047744751,-61.4583334287008,-0.257209978190561,-1.61712495485942,0.206233914258579,0.0102338736566404,33.9228235880534,62.6481447299321,26.40696463556,22.7565482997412
2014-04-25,-57.9464285714286,-61.4642857142857,0.646689112697329,351.486796787807,2.85364720651082,26.8464016060152,-57.9361047744751,-61.4583334287008,-0.264326894842088,-1.62150181432565,0.192078412044793,0.052649515029043,33.921018187205,63.720107738177,26.40696463556,10.1786219273216
2014-04-26,-57.9464285714286,-61.4642857142857,0.616668820381165,351.560745239258,1.4530400463513,26.8464016060152,-57.9361047744751,-61.4583334287008,-0.264088848854105,-1.62826929191748,0.202225816218803,0.00942513321836789,33.915728410085,62.5629471937815,26.40696463556,20.7709740714287
2014-04-27,-57.9464285714286,-61.4642857142857,0.594643239464079,351.747427804129,2.51473898547036,26.8464016060152,-57.9361047744751,-61.4583334287008,-0.270729678124189,-1.62216304838657,0.181203650124371,0.0569526250784596,33.9118246396383,62.6545030752818,26.40696463556,6.42183258771001
2014-04-28,-57.9464285714286,-61.4642857142857,0.609235544289861,352.402060372489,3.21303536210741,26.8464016060152,-57.9361047744751,-61.4583334287008,-0.286245288327336,-1.61831008593241,0.153904843050987,0.0939970090364416,33.9097136815389,64.5949714024862,26.40696463556,12.7056227364591
2014-04-29,-57.9464285714286,-61.4642857142857,0.607124924659729,352.890430995396,2.22302679504667,26.8464016060152,-57.9361047744751,-61.4583334287008,-0.330082074925303,-1.61738944749037,0.150410474340121,0.0238858199678361,33.901829624176,62.7854784329732,26.40696463556,2.04840240115142
2014-04-30,-57.9464285714286,-61.4642857142857,0.592094636389187,353.192687988281,2.55109593697957,26.8464016060152,-57.9361047744751,-61.4583334287008,-0.327036327123642,-1.61864070594311,0.17706330595538,0.0618508460621039,33.8939835866292,60.3236515363057,26.40696463556,5.88117654836116
2014-05-01,-57.9464285714286,-61.4642857142857,0.549080233488764,352.587568010603,1.62232371738979,26.8464016060152,-57.9361047744751,-61.4583334287008,-0.318015056351821,-1.6115400681893,0.167073580436409,-0.0335144098227223,33.8764098485311,53.0424432436625,26.40696463556,31.8663015555704
2014-05-02,-57.9464285714286,-61.4642857142857,0.523187341434615,352.269605364118,2.42653031860079,26.8464016060152,-57.9361047744751,-61.4583334287008,-0.321750522218645,-1.60560930172602,0.250938444367299,0.0639311907812953,33.860578473409,50.433110777537,26.40696463556,55.1777249727049
2014-05-03,-57.9464285714286,-61.4642857142857,0.527128202574594,352.441746303013,2.34814176389149,26.8464016060152,-57.9361047744751,-61.4583334287008,-0.324723025970161,-1.60237942636013,0.210943938201914,0.0147607858292758,33.853623008728,49.4170986970266,26.40696463556,24.1953166261135
2014-05-04,-57.9464285714286,-61.4642857142857,0.50075626373291,352.055411202567,1.38709160259792,26.8464016060152,-57.9361047744751,-61.4583334287008,-0.316397575102746,-1.59993794262409,0.181783502269536,-0.0389263588624696,33.8378297487895,46.8344698588053,26.40696463556,40.1218885233373
2014-05-05,-57.9464285714286,-61.4642857142857,0.485800342900412,351.896168300084,2.27722651617868,26.8464016060152,-57.9361047744751,-61.4583334287008,-0.346037151416143,-1.61137729883194,0.170232245077689,0.0565558844556411,33.8150429089864,37.5937189817429,26.40696463556,3.30856530856788
2014-05-06,-57.9464285714286,-61.4642857142857,0.49668347622667,352.157998221261,2.1769962821688,26.8464016060152,-57.9361047744751,-61.4583334287008,-0.355699312438568,-1.62162897785505,0.146636352346589,0.0455336160336932,33.8113043467204,38.3541386206945,26.40696463556,0.0192367213476607
2014-05-07,-57.9464285714286,-61.4642857142857,0.509347255740847,352.717570713588,2.25642985105515,26.8464016060152,-57.9361047744751,-61.4583334287008,-0.355955667234957,-1.62825912137826,0.153335164859891,0.0862809128127992,33.8178659756978,46.0193713347117,26.40696463556,9.10911963278438
2014-05-08,-57.9464285714286,-61.4642857142857,0.517534519944872,353.155724661691,2.11536481550762,26.8464016060152,-57.9361047744751,-61.4583334287008,-0.380040873587132,-1.62311675349871,0.1450239575468,0.0284279913641512,33.8201805114746,50.0287406047185,26.40696463556,1.24455047493354
2014-05-09,-57.9464285714286,-61.4642857142857,0.489831922309739,352.867388044085,0.743202831063952,26.8464016060152,-57.9361047744751,-61.4583334287008,-0.389342916632692,-1.61675872703393,0.205725271099557,-0.00652587451040745,33.803191725413,45.503099600474,26.40696463556,29.5171560474794
2014-05-10,-57.9464285714286,-61.4642857142857,0.477445447019168,352.975941249302,1.98062166997365,26.8464016060152,-57.9361047744751,-61.4583334287008,-0.391790500034889,-1.62187058230241,0.18302458692342,0.0600705993982653,33.7981304486593,42.3355325778325,26.40696463556,7.50036963623063
2014-05-11,-57.9464285714286,-61.4642857142857,0.484441250562668,353.328813825335,1.39661542432649,26.8464016060152,-57.9361047744751,-61.4583334287008,-0.39666125352184,-1.63010040223598,0.168477432057261,0.0413830987177789,33.7987024307251,41.4848290681839,26.40696463556,2.17000226219728
2014-05-12,-57.9464285714286,-61.4642857142857,0.455473559243338,353.130940028599,0.517400490386145,26.8464016060152,-57.9361047744751,-61.4583334287008,-0.402288868402441,-1.63369396030903,0.159805088459204,-0.0257932269324859,33.7856429100037,41.5649402300517,26.40696463556,25.0461866442915
2014-05-13,-57.9464285714286,-61.4642857142857,0.434218483311789,352.987204415458,1.48075652122498,26.8464016060152,-57.9361047744751,-61.4583334287008,-0.425208268873394,-1.64284951488177,0.173548589460552,0.0262052266548077,33.7771613121033,42.817470796903,26.40696463556,4.88958559083478
2014-05-14,-57.9464285714286,-61.4642857142857,0.431932653699602,353.047079903739,1.36109416825431,26.8464016060152,-57.9361047744751,-61.4583334287008,-0.451686128787696,-1.63276823262374,0.100248217272262,0.0776797791632513,33.7880461374919,45.9824946085612,26.40696463556,16.9938111411227
2014-05-15,-57.9464285714286,-61.4642857142857,0.432461851409503,353.277184622628,1.4066972051348,26.8464016060152,-57.9361047744751,-61.4583334287008,-0.502169845998287,-1.62299213210742,0.12252164259553,0.0891954304029544,33.794811185201,48.935160557429,26.40696463556,13.4282712338434
2014-05-16,-57.9464285714286,-61.4642857142857,0.439357395683016,353.697843279157,1.41791568483625,26.8464016060152,-57.9361047744751,-61.4583334287008,-0.555223222884039,-1.62554806172848,0.150329090127101,0.0672882267894844,33.7968583742778,50.0325554529826,26.40696463556,2.75338364110222
2014-05-17,-57.9464285714286,-61.4642857142857,0.439123464482171,354.235408238002,0.740704485348293,26.8464016060152,-57.9361047744751,-61.4583334287008,-0.590008218586445,-1.62655770977338,0.193700979960461,0.0574256623163819,33.7906146685282,47.2808030764262,26.40696463556,11.4393412686458
2014-05-18,-57.9464285714286,-61.4642857142857,0.435895826135363,354.848900931222,0.861998132296971,26.8464016060152,-57.9361047744751,-61.4583334287008,-0.607049757738908,-1.62863805393378,0.17515081204474,0.0960519219127794,33.7873085021973,46.7390994310379,26.40696463556,17.3080318493225
2014-05-19,-57.9464285714286,-61.4642857142857,0.435698700802667,355.341969081334,0.763013575758253,26.8464016060152,-57.9361047744751,-61.4583334287008,-0.625073988735676,-1.63146864970525,0.168451999407262,0.0785902483078341,33.7847907066345,45.3683097998301,26.40696463556,8.12858918131539
2014-05-20,-57.9464285714286,-61.4642857142857,0.430809333920479,355.733287266323,0.64142912200519,26.8464016060152,-57.9361047744751,-61.4583334287008,-0.641077892978986,-1.63567765851816,0.200160730971644,0.0639515368267894,33.7777462005615,43.1201126416524,26.40696463556,15.704605463357
2014-05-21,-57.9464285714286,-61.4642857142857,0.425555529338973,356.083411080497,0.764083521706717,26.8464016060152,-57.9361047744751,-61.4583334287008,-0.668819219370683,-1.65111239651839,0.162027851771563,0.108595029637218,33.7788142840068,45.5145441055298,26.40696463556,21.9012988831427
2014-05-22,-57.9464285714286,-61.4642857142857,0.420887636286872,356.257936750139,0.712582758494786,26.8464016060152,-57.9361047744751,-61.4583334287008,-0.730716859797637,-1.64144057234128,0.110187078236292,0.0601519824005663,33.7812683741252,46.7747043927511,26.40696463556,8.38658438378858
2014-05-23,-57.9464285714286,-61.4642857142857,0.414707756468228,356.218789236886,1.08206262333053,26.8464016060152,-57.9361047744751,-61.4583334287008,-0.793493434786797,-1.630082599322,0.0691956339714428,0.0457319864071906,33.7821203867594,47.6978892644246,26.40696463556,30.9124939116452
2014-05-24,-57.9464285714286,-61.4642857142857,0.411652075392859,356.190146309989,0.995082621063505,26.8464016060152,-57.9361047744751,-61.4583334287008,-0.866084761420886,-1.62749107380708,0.0996225876112779,0.0685293130576611,33.7900297482808,50.9036044915517,26.40696463556,14.6262424072879
2014-05-25,-57.9464285714286,-61.4642857142857,0.390751097883497,355.793956211635,0.246344216167927,26.8464016060152,-57.9361047744751,-61.4583334287008,-0.913278582195441,-1.61850591202577,0.134123762728026,-0.0502843306710323,33.77900501887,48.5053582032522,26.40696463556,45.3438222490739
2014-05-26,-57.9464285714286,-61.4642857142857,0.362443800483431,355.456021990095,0.255792486880507,26.8464016060152,-57.9361047744751,-61.4583334287008,-0.908761843542258,-1.61722922722499,0.12454603627945,-0.0274717447037498,33.7649536768595,46.4860503276189,26.40696463556,28.2157640043082
2014-05-27,-57.9464285714286,-61.4642857142857,0.345517926982471,355.236343383789,0.299637066466468,26.8464016060152,-57.9361047744751,-61.4583334287008,-0.924771853288015,-1.60483107765516,0.156300545980533,0.00225836976120869,33.7563956260681,43.3273841778437,26.40696463556,9.05517874733336
2014-05-28,-57.9464285714286,-61.4642857142857,0.333213767835072,355.186220441546,0.268159261771611,26.8464016060152,-57.9361047744751,-61.4583334287008,-0.994744687775771,-1.60810673236847,0.112857447875043,0.00774661498144269,33.7441758155823,35.3582381884257,26.40696463556,12.6627710270204
2014-05-29,-57.9464285714286,-61.4642857142857,0.322029094610895,355.226303100586,0.288184703460761,26.8464016060152,-57.9361047744751,-61.4583334287008,-0.956511101623376,-1.59574927687645,0.160171310169001,-0.000152592671414216,33.7204348564148,30.7079800605774,26.40696463556,10.4933795559779
2014-05-30,-57.9464285714286,-61.4642857142857,0.320076495409012,355.529353550502,0.622141629457474,26.8464016060152,-57.9361047744751,-61.4583334287008,-0.99925533135732,-1.59135969777902,0.119342631225785,0.0722220527008176,33.7185657501221,34.7911023139954,26.40696463556,8.0446909141701
2014-05-31,-57.9464285714286,-61.4642857142857,0.322854999985014,355.887259347098,0.603863054088184,26.8464016060152,-57.9361047744751,-61.4583334287008,-1.02514723489682,-1.58383180399736,0.121611173575123,0.0500961331961056,33.7228635787964,46.5343709468842,26.40696463556,3.6188360018061
2014-06-01,-57.9464285714286,-61.4642857142857,0.322550454310008,356.111997331892,0.433403042810304,26.8464016060152,-57.9361047744751,-61.4583334287008,-1.10320136795441,-1.5794930934906,0.149291461581985,0.0568763287427525,33.7135936737061,45.6010133266449,26.40696463556,0.845481592975007
2014-06-02,-57.9464285714286,-61.4642857142857,0.318475295390402,356.338289533343,0.461110702582768,26.8464016060152,-57.9361047744751,-61.4583334287008,-1.10263983011246,-1.58143863876661,0.103849401200811,0.0571204769735535,33.7085962931315,50.1457282384237,26.40696463556,10.5265112138365
2014-06-03,-57.9464285714286,-61.4642857142857,0.314175375870296,356.586397443499,0.381939907159124,26.8464016060152,-57.9361047744751,-61.4583334287008,-1.14383981327216,-1.58427940607071,0.146229438359539,0.0864843693561852,33.7032428105672,52.8466163953145,26.40696463556,9.05489726862572
2014-06-04,-57.9464285714286,-61.4642857142857,0.312353134155273,356.659160069057,0.575206505400794,26.8464016060152,-57.9361047744751,-61.4583334287008,-1.16428721646468,-1.59177424410979,0.158406323039283,0.0496230962996681,33.6956130981445,51.553394540151,26.40696463556,0.722465806218681
2014-06-05,-57.9464285714286,-61.4642857142857,0.311472588351795,356.769093104771,0.41225554049015,26.8464016060152,-57.9361047744751,-61.4583334287008,-1.2197515591979,-1.59483880897363,0.198065126966685,0.0615405745493869,33.6749623934428,38.780126285553,26.40696463556,14.176408855701
2014-06-06,-57.9464285714286,-61.4642857142857,0.304659939238003,356.964076450893,0.201405471989087,26.8464016060152,-57.9361047744751,-61.4583334287008,-1.23792838404576,-1.59197261134783,0.174759158057471,0.0307067067672809,33.6637340545654,36.3589910427729,26.40696463556,4.51074555781646
2014-06-07,-57.9464285714286,-61.4642857142857,0.295394898525306,356.980420793806,0.218268073030881,26.8464016060152,-57.9361047744751,-61.4583334287008,-1.2118411625425,-1.59358501136303,0.152831609267741,0.0620949941997727,33.6631235758464,41.8167182524999,26.40696463556,1.7711267332639
2014-06-08,-57.9464285714286,-61.4642857142857,0.28828802811248,356.962243216378,0.33358299945082,26.8464016060152,-57.9361047744751,-61.4583334287008,-1.20027464777231,-1.59330017367999,0.12560909865424,0.0633564258304735,33.669837697347,47.6254080613454,26.40696463556,4.34468555832792
2014-06-09,-57.9464285714286,-61.4642857142857,0.284057510750634,356.829419817243,0.38527264552457,26.8464016060152,-57.9361047744751,-61.4583334287008,-1.20869165013234,-1.59108249048392,0.163604642885427,0.0289010286020736,33.6772129058838,50.6836170832316,26.40696463556,2.38177519702001
2014-06-10,-57.9464285714286,-61.4642857142857,0.280331222074372,356.724434988839,0.296248219907284,26.8464016060152,-57.9361047744751,-61.4583334287008,-1.23579208503167,-1.59720907608668,0.168401135286937,0.0372020629855494,33.6774671872457,50.3860617955526,26.40696463556,2.3493181790828
2014-06-11,-57.9464285714286,-61.4642857142857,0.268109443996634,356.361628941127,0.0900268639836993,26.8464016060152,-57.9361047744751,-61.4583334287008,-1.24804221640031,-1.60426394244035,0.108767967578024,-0.00289417207241058,33.6736142158508,50.141913541158,26.40696463556,18.5948423443228
2014-06-12,-57.9464285714286,-61.4642857142857,0.255662433803082,356.266821725028,0.120488657483033,26.8464016060152,-57.9361047744751,-61.4583334287008,-1.25622117718061,-1.61533452868462,0.105182043028375,0.0385397910140455,33.6699647585551,50.4051354408264,26.40696463556,9.23014359572493
2014-06-13,-57.9464285714286,-61.4642857142857,0.249088013810771,356.329171316964,0.178186894527503,26.8464016060152,-57.9361047744751,-61.4583334287008,-1.28076416055361,-1.6141061604023,0.119830927470078,0.046403393894434,33.6728385925293,51.3868144353231,26.40696463556,3.9425012907231
2014-06-14,-57.9464285714286,-61.4642857142857,0.245164187891143,356.375823974609,0.244421461863177,26.8464016060152,-57.9361047744751,-61.4583334287008,-1.30586868822575,-1.61633146703243,0.118661051647117,0.0413169751564662,33.6840921719869,54.0788015365601,26.40696463556,4.28157158888034
2014-06-15,-57.9464285714286,-61.4642857142857,0.243001082113811,356.49753679548,0.26307309951101,26.8464016060152,-57.9361047744751,-61.4583334287008,-1.32680438756943,-1.60979288021723,0.154037090484053,0.00221767838423451,33.6961341540019,55.983665339152,26.40696463556,8.90546674597377
2014-06-16,-57.9464285714286,-61.4642857142857,0.237985444920404,356.863030569894,0.0772656090557575,26.8464016060152,-57.9361047744751,-61.4583334287008,-1.35809196035067,-1.60229295492172,0.200537125238528,-0.0168767359107733,33.6817905426025,48.0424941221873,26.40696463556,32.4079349924286
2014-06-17,-57.9464285714286,-61.4642857142857,0.233211427927017,357.714599609375,0.17115949520043,26.8464016060152,-57.9361047744751,-61.4583334287008,-1.37651903827985,-1.60058391690254,0.193934954733898,0.0857061473031839,33.6785479545593,48.2523089090983,26.40696463556,19.3546724990473
2014-06-18,-57.9464285714286,-61.4642857142857,0.232365260166781,358.765657697405,0.155604874449117,26.8464016060152,-57.9361047744751,-61.4583334287008,-1.39132052063942,-1.60056357383728,0.170262763773402,0.10054322934399,33.6884030342102,53.7189372380575,26.40696463556,18.5313561471693
2014-06-19,-57.9464285714286,-61.4642857142857,0.2298887776477,359.502990722656,0.117220083517688,26.8464016060152,-57.9361047744751,-61.4583334287008,-1.40587784151236,-1.60039063493411,0.193512781802565,0.0409660127324363,33.6901578585307,53.4480854988098,26.40696463556,10.4909995465821
2014-06-20,-57.9464285714286,-61.4642857142857,0.224667306457247,359.905460902623,0.114227565271514,26.8464016060152,-57.9361047744751,-61.4583334287008,-1.402716127038,-1.59517960349719,0.235033213688682,0.0462914924447735,33.687868976593,50.4788886706034,26.40696463556,38.0714831777679
2014-06-21,-57.9464285714286,-61.4642857142857,0.215912971113409,359.00955418178,0.203113393059799,26.8464016060152,-57.9361047744751,-61.4583334287008,-1.40883814096451,-1.60192419290543,0.222998748688648,0.123004852514714,33.7112029075623,58.9172568639119,26.40696463556,59.5129720810462
2014-06-22,-57.9464285714286,-61.4642857142857,0.209492550364562,359.092777797154,0.0668135532843215,26.8464016060152,-57.9361047744751,-61.4583334287008,-1.44622330864271,-1.62389243046443,0.205842259681473,0.129103467923899,33.7428911209106,64.1982310612996,26.40696463556,53.090735897255
2014-06-23,-57.9464285714286,-61.4642857142857,0.202094813542707,359.683718000139,0.0335459596078311,26.8464016060152,-57.9361047744751,-61.4583334287008,-1.46677447060744,-1.62640512088935,0.238466546746592,0.0497553431428969,33.7484860738118,58.7379605770111,26.40696463556,41.2660975177791
2014-06-24,-57.9464285714286,-61.4642857142857,0.197324994419302,360.184454781669,0.128422744039978,26.8464016060152,-57.9361047744751,-61.4583334287008,-1.48134401341279,-1.62026073038578,0.193411054493239,0.0269173254258931,33.7491221110026,54.9752826213837,26.40696463556,11.8517055927036
2014-06-25,-57.9464285714286,-61.4642857142857,0.194592695151057,360.354051862444,0.135899095663003,26.8464016060152,-57.9361047744751,-61.4583334287008,-1.51208836138248,-1.60964791278044,0.153706472956886,0.00696330657228827,33.7475326538086,52.9750485261281,26.40696463556,7.01717534353284
2014-06-26,-57.9464285714286,-61.4642857142857,0.192401788064412,360.793718610491,0.144903420337609,26.8464016060152,-57.9361047744751,-61.4583334287008,-1.53099763095379,-1.61025573611259,0.198105818560968,0.037120680231601,33.7450658162435,49.3560618241628,26.40696463556,12.8848601372211
2014-06-27,-57.9464285714286,-61.4642857142857,0.192524375660079,361.222207205636,0.260186521070344,26.8464016060152,-57.9361047744751,-61.4583334287008,-1.54255193372568,-1.61628823479017,0.152139855641872,0.0472121340533098,33.7570188204447,57.4498250643412,26.40696463556,0.146926651473972
2014-06-28,-57.9464285714286,-61.4642857142857,0.191666020878724,361.301993233817,0.219502276607922,26.8464016060152,-57.9361047744751,-61.4583334287008,-1.56224247912566,-1.61612292826176,0.195613472722471,0.00502029471099377,33.7521612803141,53.5866902033488,26.40696463556,19.0091907685111
2014-06-29,-57.9464285714286,-61.4642857142857,0.189405573265893,361.538890293666,0.151895778519767,26.8464016060152,-57.9361047744751,-61.4583334287008,-1.58346504668395,-1.62745801011721,0.173462122709801,0.067725658758233,33.7551877339681,55.9887511253357,26.40696463556,6.11609826424574
2014-06-30,-57.9464285714286,-61.4642857142857,0.185433886945248,361.482256208147,0.0807244224207742,26.8464016060152,-57.9361047744751,-61.4583334287008,-1.59382302860419,-1.61775057812532,0.160898668846736,0.0103813796614607,33.7569425582886,57.150997988383,26.40696463556,6.49420938484333
2014-07-01,-57.9464285714286,-61.4642857142857,0.178316257894039,360.782215663365,0.061674651024597,26.8464016060152,-57.9361047744751,-61.4583334287008,-1.58216496209304,-1.61092969477177,0.220653909786294,-0.0165308592530588,33.7436161994934,47.2515560944875,26.40696463556,44.8296569632433
2014-07-02,-57.9464285714286,-61.4642857142857,0.173540134515081,360.540910993304,0.136314676276275,26.8464016060152,-57.9361047744751,-61.4583334287008,-1.58394724229972,-1.61538539528847,0.221854304273923,0.0360983104134599,33.743628915151,45.3657664457957,26.40696463556,27.7257460917472
2014-07-03,-57.9464285714286,-61.4642857142857,0.168396342013563,360.164005824498,0.0809298218893153,26.8464016060152,-57.9361047744751,-61.4583334287008,-1.5709341476361,-1.62199519673983,0.244839827530086,0.0212510554430385,33.7480159123739,49.5760493278503,26.40696463556,49.6572974386175
2014-07-04,-57.9464285714286,-61.4642857142857,0.164797902107239,360.0322265625,0.178750546915191,26.8464016060152,-57.9361047744751,-61.4583334287008,-1.57476726969083,-1.6358327994744,0.212139246085038,0.0748517309005062,33.749707253774,50.8400242169698,26.40696463556,25.4669443237325
2014-07-05,-57.9464285714286,-61.4642857142857,0.162701467318194,360.233409336635,0.0842505959527833,26.8464016060152,-57.9361047744751,-61.4583334287008,-1.59171115060647,-1.63823867440224,0.205816827745487,0.0312051758170128,33.7503048578898,52.9992088317871,26.40696463556,17.6403222228296
2014-07-06,-57.9464285714286,-61.4642857142857,0.162095933088235,360.402328491211,0.265180082193443,26.8464016060152,-57.9361047744751,-61.4583334287008,-1.58670611182849,-1.64280628065268,0.208787295625856,0.05944496995459,33.7496943791707,52.8148262341817,26.40696463556,19.7937590760234
2014-07-07,-57.9464285714286,-61.4642857142857,0.163786380418709,360.438480922154,0.227555527218751,26.8464016060152,-57.9361047744751,-61.4583334287008,-1.59591049551964,-1.6429359793663,0.196849471889436,0.0485854668853184,33.7571968396505,57.0022203445435,26.40696463556,12.134124468582
2014-07-08,-57.9464285714286,-61.4642857142857,0.164610891469887,360.512326921736,0.192045514072691,26.8464016060152,-57.9361047744751,-61.4583334287008,-1.60089111924171,-1.65004170139631,0.0904009109673401,0.0939563175973793,33.7755205154419,60.5194787979126,26.40696463556,28.975049186999
2014-07-09,-57.9464285714286,-61.4642857142857,0.164054852511202,360.790610177176,0.0866839656872409,26.8464016060152,-57.9361047744751,-61.4583334287008,-1.61687671840191,-1.65537226994832,0.168146814592183,0.0838699506595731,33.7879063924154,61.4248613675435,26.40696463556,10.0339017961472
2014-07-10,-57.9464285714286,-61.4642857142857,0.16374462310757,360.990075247628,0.204119741916656,26.8464016060152,-57.9361047744751,-61.4583334287008,-1.62680743436019,-1.6618472824494,0.167984048866977,0.140985340500871,33.8004317601522,62.1598488807678,26.40696463556,49.1076731746338
2014-07-11,-57.9464285714286,-61.4642857142857,0.166539456163134,361.510790143694,0.216178081929684,26.8464016060152,-57.9361047744751,-61.4583334287008,-1.63420512179534,-1.66025268733501,0.168914863932878,0.0755943479016423,33.8162380854289,63.1389843622843,26.40696463556,7.23255752514678
2014-07-12,-57.9464285714286,-61.4642857142857,0.165982793484415,361.981015886579,0.0763324251664536,26.8464016060152,-57.9361047744751,-61.4583334287008,-1.66184268593788,-1.654395677646,0.236396375484765,0.0125431074450413,33.8051878611247,54.181801366806,26.40696463556,44.1770682155946
2014-07-13,-57.9464285714286,-61.4642857142857,0.161213129758835,362.149778093611,0.0943935268691608,26.8464016060152,-57.9361047744751,-61.4583334287008,-1.68095337847869,-1.65088096857071,0.254259875199447,0.0399894203059375,33.7927260080973,45.7116428375244,26.40696463556,56.7424954286581
2014-07-14,-57.9464285714286,-61.4642857142857,0.160811253956386,362.667020525251,0.267382686691625,26.8464016060152,-57.9361047744751,-61.4583334287008,-1.6886745651563,-1.65087587932746,0.215603097372999,0.0587786491339405,33.7927512804667,50.7853453636169,26.40696463556,24.0815288024573
2014-07-15,-57.9464285714286,-61.4642857142857,0.165091884987695,363.437081473214,0.320975950786046,26.8464016060152,-57.9361047744751,-61.4583334287008,-1.69087189634641,-1.64175084233284,0.188319548933456,0.092847479134798,33.8057473182678,59.5759479840597,26.40696463556,20.1582957123316
2014-07-16,-57.9464285714286,-61.4642857142857,0.168378988546985,364.03165108817,0.246281142745699,26.8464016060152,-57.9361047744751,-61.4583334287008,-1.68630022108555,-1.63837600946426,0.181707203884919,0.0778120264410973,33.8282677014669,64.4080454826355,26.40696463556,11.4774734618078
2014-07-17,-57.9464285714286,-61.4642857142857,0.169124427650656,364.221601213728,0.2371878943273,26.8464016060152,-57.9361047744751,-61.4583334287008,-1.69662768642108,-1.63634398380915,0.168258715234697,0.0815658029789726,33.8361642837524,65.8424158096313,26.40696463556,9.16364101405985
2014-07-18,-57.9464285714286,-61.4642857142857,0.169510978673186,364.139770507812,0.235605377171721,26.8464016060152,-57.9361047744751,-61.4583334287008,-1.70056457022826,-1.62802005509535,0.147582425115009,0.0201829075502853,33.8449637730916,66.3841192563375,26.40696463556,2.8265032347681
2014-07-19,-57.9464285714286,-61.4642857142857,0.167791183505739,363.893070765904,0.137713054993323,26.8464016060152,-57.9361047744751,-61.4583334287008,-1.72239141563574,-1.62465030252934,0.151575263558577,-0.0112765892408788,33.8360370953878,56.7580723126729,26.40696463556,15.3253502914459
2014-07-20,-57.9464285714286,-61.4642857142857,0.167774058878422,363.657734462193,0.278617980224746,26.8464016060152,-57.9361047744751,-61.4583334287008,-1.73605759143829,-1.61262855827808,0.13494776232789,0.0353556931639711,33.835401280721,57.1331957022349,26.40696463556,1.19646835391042
2014-07-21,-57.9464285714286,-61.4642857142857,0.170019329658576,363.350653512137,0.238399355539254,26.8464016060152,-57.9361047744751,-61.4583334287008,-1.73355508049329,-1.60188095271587,0.131473738793284,0.0224209314833085,33.8384784380595,59.9091084480286,26.40696463556,3.65267629097333
2014-07-22,-57.9464285714286,-61.4642857142857,0.169153071939945,362.955751691546,0.225813598505088,26.8464016060152,-57.9361047744751,-61.4583334287008,-1.73586838742097,-1.60713267723719,0.136453342003127,0.0019633574411273,33.8392668088277,60.7699849764506,26.40696463556,9.46195972718197
2014-07-23,-57.9464285714286,-61.4642857142857,0.169653541275433,362.5478515625,0.30942867909159,26.8464016060152,-57.9361047744751,-61.4583334287008,-1.74290594955285,-1.60630613764127,0.150471510831267,0.01409446488445,33.8366472880046,60.8055897712708,26.40696463556,4.49469563718438
2014-07-24,-57.9464285714286,-61.4642857142857,0.171854781252997,362.202259608677,0.321838493858065,26.8464016060152,-57.9361047744751,-61.4583334287008,-1.74053771396478,-1.61181472639243,0.0702892139864465,0.0377819146960974,33.8418989181519,63.549712340037,26.40696463556,30.2338016606387
2014-07-25,-57.9464285714286,-61.4642857142857,0.173369340598583,361.454772949219,0.370710151536124,26.8464016060152,-57.9361047744751,-61.4583334287008,-1.73547165294488,-1.62135685483615,0.0902127141132951,0.0475681833922863,33.8542205810547,66.9652421951294,26.40696463556,16.6492303592923
2014-07-26,-57.9464285714286,-61.4642857142857,0.177005166453975,360.917813982282,0.465549243347985,26.8464016060152,-57.9361047744751,-61.4583334287008,-1.73363442520301,-1.62265388270219,0.140400403334449,0.0664947455128034,33.8632616678874,68.3220441818237,26.40696463556,2.81364409120989
2014-07-27,-57.9464285714286,-61.4642857142857,0.179803894034454,360.530667986189,0.396548688411713,26.8464016060152,-57.9361047744751,-61.4583334287008,-1.72728657623132,-1.62704601585865,0.132969145290554,0.0988901436018447,33.8766643206278,70.4570685386658,26.40696463556,16.1881811107051
2014-07-28,-57.9464285714286,-61.4642857142857,0.181932232209614,360.735569545201,0.347120351025036,26.8464016060152,-57.9361047744751,-61.4583334287008,-1.73021025160948,-1.62262083192666,0.169769381141911,0.0594195378633837,33.8837853749593,71.2594508488973,26.40696463556,3.6075910320354
2014-07-29,-57.9464285714286,-61.4642857142857,0.184746107884816,361.195454188756,0.379875883460045,26.8464016060152,-57.9361047744751,-61.4583334287008,-1.74286932547887,-1.61283200879892,0.170140689456214,-0.00511693675071001,33.8838489532471,70.0730440775553,26.40696463556,14.5362391767177
2014-07-30,-57.9464285714286,-61.4642857142857,0.187081265662398,361.737232753209,0.286145302866186,26.8464016060152,-57.9361047744751,-61.4583334287008,-1.75468609631062,-1.60937833090623,0.164647358252356,0.0335703606096407,33.8810006777445,67.3111187616984,26.40696463556,1.95791908709829
2014-07-31,-57.9464285714286,-61.4642857142857,0.186578749545983,362.172914777483,0.219462536275387,26.8464016060152,-57.9361047744751,-61.4583334287008,-1.75979489584764,-1.61904253065586,0.0874660477973521,-0.0168614765008291,33.879957930247,64.7577368736267,26.40696463556,36.6986315752798
2014-08-01,-57.9464285714286,-61.4642857142857,0.181837267109326,362.022593906948,0.172347558928388,26.8464016060152,-57.9361047744751,-61.4583334287008,-1.76281012992064,-1.62998087207476,0.0795363217281799,-0.0270597450435162,33.8740704854329,56.8292820930481,26.40696463556,48.520256190863
2014-08-02,-57.9464285714286,-61.4642857142857,0.184240611536162,362.36939566476,0.59021543604987,26.8464016060152,-57.9361047744751,-61.4583334287008,-1.77241124709447,-1.64182459712028,0.139845982845873,0.0356151005874078,33.8729133288066,54.0775294939677,26.40696463556,0.66470218071044
2014-08-03,-57.9464285714286,-61.4642857142857,0.191249127898897,362.672330583845,0.542122127754348,26.8464016060152,-57.9361047744751,-61.4583334287008,-1.76813865403334,-1.65407778024673,0.0767693103291094,0.00279244361445308,33.8797801653544,60.4253798166911,26.40696463556,33.7029635543615
2014-08-04,-57.9464285714286,-61.4642857142857,0.188370724873883,361.463956560407,0.459169470838138,26.8464016060152,-57.9361047744751,-61.4583334287008,-1.75359352926413,-1.65944903989633,0.0559404277553161,-0.0112867620773613,33.8975063959757,68.7988963445028,26.40696463556,57.4549010571637
2014-08-05,-57.9464285714286,-61.4642857142857,0.186928493635995,360.313273838588,0.373851903847286,26.8464016060152,-57.9361047744751,-61.4583334287008,-1.74357735912005,-1.66044342617194,0.113355917173127,-0.0483921832405031,33.9125110626221,73.3181792894999,26.40696463556,48.5762293296126
2014-08-06,-57.9464285714286,-61.4642857142857,0.183966557894434,359.55678667341,0.189007014568363,26.8464016060152,-57.9361047744751,-61.4583334287008,-1.746464407444,-1.65190334022045,0.166437778621912,-0.0483362327640255,33.9143420855204,72.7167105992635,26.40696463556,44.3270536209581
2014-08-07,-57.9464285714286,-61.4642857142857,0.181867460055011,359.44098336356,0.276616493506091,26.8464016060152,-57.9361047744751,-61.4583334287008,-1.76107667783896,-1.63525294363499,0.177734711828331,-0.0136875515493254,33.9085691134135,66.660057703654,26.40696463556,21.0940957499622
2014-08-08,-57.9464285714286,-61.4642857142857,0.183220385440758,359.669974190848,0.345844675387655,26.8464016060152,-57.9361047744751,-61.4583334287008,-1.77231358985106,-1.62912635306517,0.180567847161243,-0.0271614734704296,33.9036862691243,58.8574915250142,26.40696463556,30.6570318824021
2014-08-09,-57.9464285714286,-61.4642857142857,0.182412872357028,358.9127873012,0.416732172880854,26.8464016060152,-57.9361047744751,-61.4583334287008,-1.76273077825705,-1.62895087301731,0.193583991875251,-0.0358694214063386,33.8947214444478,56.0981095949809,26.40696463556,42.3408403748772
2014-08-10,-57.9464285714286,-61.4642857142857,0.18771279496806,358.535093035017,0.611768190349851,26.8464016060152,-57.9361047744751,-61.4583334287008,-1.75867791672548,-1.64040803015232,0.103651031044622,0.0303455712894599,33.8996170043945,61.1819846471151,26.40696463556,10.6741180646273
2014-08-11,-57.9464285714286,-61.4642857142857,0.196363633232457,358.588485717773,0.513782971671649,26.8464016060152,-57.9361047744751,-61.4583334287008,-1.75449688136578,-1.63148899674416,0.0901415039474765,0.0164850815820197,33.9096498807271,66.888946501414,26.40696463556,20.3988819342567
2014-08-12,-57.9464285714286,-61.4642857142857,0.199604813541685,358.544132777623,0.36155393081052,26.8464016060152,-57.9361047744751,-61.4583334287008,-1.75964229901632,-1.62042857706547,0.118696655984968,-0.0408439385083814,33.9120786348979,67.749822584788,26.40696463556,40.1931067464925
2014-08-13,-57.9464285714286,-61.4642857142857,0.205620713531971,358.755499703544,0.675061621836254,26.8464016060152,-57.9361047744751,-61.4583334287008,-1.77355874478817,-1.61223435997963,0.128243863334258,0.00402844327812393,33.9082383473714,64.2936014493307,26.40696463556,9.88490618252092
2014-08-14,-57.9464285714286,-61.4642857142857,0.218239154134478,359.170024326869,0.917769930192402,26.8464016060152,-57.9361047744751,-61.4583334287008,-1.77007352908452,-1.59361298282941,0.103289895070096,-0.0162155013531446,33.911633682251,67.158526134491,26.40696463556,28.0119483352952
2014-08-15,-57.9464285714286,-61.4642857142857,0.221366189420223,358.601830618722,0.732200967414039,26.8464016060152,-57.9361047744751,-61.4583334287008,-1.765666654706,-1.58678700625896,0.166056295484304,-0.0471510969723264,33.9077934583028,63.5331814448039,26.40696463556,43.1699100616385
2014-08-16,-57.9464285714286,-61.4642857142857,0.231844926519053,358.739983694894,1.24318963289261,26.8464016060152,-57.9361047744751,-61.4583334287008,-1.76981106897195,-1.60196742415428,0.190618609326581,0.0212459689937532,33.9019314448039,57.2222080071767,26.40696463556,11.7444103184061
2014-08-17,-57.9464285714286,-61.4642857142857,0.251513267202037,359.371398925781,1.28132383312498,26.8464016060152,-57.9361047744751,-61.4583334287008,-1.76790671646595,-1.61694693366686,0.159449038809786,0.0419629503972828,33.9088615735372,64.3266629695892,26.40696463556,0.697877721279104
2014-08-18,-57.9464285714286,-61.4642857142857,0.267215446702072,359.652927943638,0.920779147318431,26.8464016060152,-57.9361047744751,-61.4583334287008,-1.75251928071181,-1.62927894989649,0.118366039295991,0.0638447218264143,33.9231796264648,69.3380567232768,26.40696463556,6.31053439939031
2014-08-19,-57.9464285714286,-61.4642857142857,0.273122040288789,359.652611868722,0.744435101747513,26.8464016060152,-57.9361047744751,-61.4583334287008,-1.74100770056248,-1.63870917161306,0.154911953986933,0.0848872338421643,33.9363278706868,71.164080842336,26.40696463556,8.62862319902162
2014-08-20,-57.9464285714286,-61.4642857142857,0.267409258655139,358.221296037946,0.805320918560028,26.8464016060152,-57.9361047744751,-61.4583334287008,-1.70728474756082,-1.64137699902058,0.132892849110067,0.113691620652874,33.9593439102173,74.0493516921997,26.40696463556,25.4257277269774
2014-08-21,-57.9464285714286,-61.4642857142857,0.27081231453589,357.648764474051,0.816322469285556,26.8464016060152,-57.9361047744751,-61.4583334287008,-1.69446086982886,-1.63329976697763,0.0715760773668686,0.0425987527084847,33.9774264017741,75.1047835350037,26.40696463556,29.0630874591156
2014-08-22,-57.9464285714286,-61.4642857142857,0.272629567555019,357.769925798689,0.491135388612747,26.8464016060152,-57.9361047744751,-61.4583334287008,-1.69872735242049,-1.62885677417119,0.143136895975719,0.0304167811137935,33.9852597872416,74.1599808692932,26.40696463556,1.0257444937907
2014-08-23,-57.9464285714286,-61.4642857142857,0.274348860340459,358.112928118025,0.86445297726563,26.8464016060152,-57.9361047744751,-61.4583334287008,-1.69351479212443,-1.63884141643842,0.124195074786743,0.0964334032808741,33.9906131108602,74.371067682902,26.40696463556,16.5554016934919
2014-08-24,-57.9464285714286,-61.4642857142857,0.283419809171132,358.852161952427,0.9389217708792,26.8464016060152,-57.9361047744751,-61.4583334287008,-1.69204990267754,-1.64081239899,0.159235410112888,0.087984862861534,33.9947966257731,74.9661787668864,26.40696463556,10.3451876142971
2014-08-25,-57.9464285714286,-61.4642857142857,0.296474201338632,359.460671561105,0.998559755938394,26.8464016060152,-57.9361047744751,-61.4583334287008,-1.70270696779092,-1.6281497657299,0.172109133439759,0.0465000357168416,33.993486849467,70.3400810559591,26.40696463556,2.98589134642099
2014-08-26,-57.9464285714286,-61.4642857142857,0.313154490930693,359.551040649414,1.46298784017563,26.8464016060152,-57.9361047744751,-61.4583334287008,-1.70908533632755,-1.6146554907163,0.165812147781253,0.0856247645181914,33.9952543258667,70.8423648516337,26.40696463556,10.3020081867143
2014-08-27,-57.9464285714286,-61.4642857142857,0.329937234520912,359.199822562081,1.12138819268772,26.8464016060152,-57.9361047744751,-61.4583334287008,-1.70354928076267,-1.61269468665123,0.0841497029798726,0.0327921383393307,34.0054144541423,74.7105864524841,26.40696463556,20.8830301301107
2014-08-28,-57.9464285714286,-61.4642857142857,0.341044168387141,358.167565482003,1.34863845791136,26.8464016060152,-57.9361047744751,-61.4583334287008,-1.70205997625987,-1.60965808928013,0.0661030917738875,0.0119022187776864,34.0165921529134,78.2850669542948,26.40696463556,38.5134290858949
2014-08-29,-57.9464285714286,-61.4642857142857,0.354885529194559,357.388007027762,1.42687816279275,26.8464016060152,-57.9361047744751,-61.4583334287008,-1.7003143231074,-1.60699026187261,0.105797499231994,0.0425275428841511,34.0266122817993,79.9216227213542,26.40696463556,8.83316424825971
2014-08-30,-57.9464285714286,-61.4642857142857,0.369393152850015,356.935065133231,1.724587729999,26.8464016060152,-57.9361047744751,-61.4583334287008,-1.69327675203482,-1.60974963605404,0.160527359694242,0.0767438782379031,34.0365942319234,82.4355848948161,26.40696463556,6.18395215173653
2014-08-31,-57.9464285714286,-61.4642857142857,0.385848330599921,356.811253138951,2.02075640644346,26.8464016060152,-57.9361047744751,-61.4583334287008,-1.68077026506265,-1.61847539544106,0.175552638589094,0.0683360291644931,34.0451266606649,85.1301152547201,26.40696463556,6.82126052388932
2014-09-01,-57.9464285714286,-61.4642857142857,0.404608947890145,356.561614990234,2.15222699301583,26.8464016060152,-57.9361047744751,-61.4583334287008,-1.74019590715567,-1.62396109501521,0.173045035203298,0.0190181179282566,34.0115564982096,51.1744563420614,26.40696463556,6.29539610410838
2014-09-02,-57.9464285714286,-61.4642857142857,0.418931452291352,356.686582292829,1.50582791226251,26.8464016060152,-57.9361047744751,-61.4583334287008,-1.72491833865643,-1.61601611773173,0.208955148172875,-0.0339721875886122,34.0018920898438,12.8559226433436,26.40696463556,49.0625282556684
2014-09-03,-57.9464285714286,-61.4642857142857,0.439345843025616,357.293664114816,3.38314260755266,26.8464016060152,-57.9361047744751,-61.4583334287008,-1.76445201436679,-1.61266416708628,0.212190109801789,0.0560014645879467,33.9710428555806,13.9851076682409,26.40696463556,21.4527778543638
2014-09-04,-57.9464285714286,-61.4642857142857,0.47458664221423,357.588405064174,3.18778397355761,26.8464016060152,-57.9361047744751,-61.4583334287008,-1.82085022727648,-1.61735892891884,0.178324737368772,0.0176091801996032,33.9370912233988,10.5212562322617,26.40696463556,8.12871009178504
2014-09-05,-57.9464285714286,-61.4642857142857,0.512250881109919,357.929166521345,3.54927401883262,26.8464016060152,-57.9361047744751,-61.4583334287008,-1.82353585660458,-1.62297942241033,0.217200230869154,0.0409761853826543,33.9244767824809,10.5161698182424,26.40696463556,24.123301418695
2014-09-06,-57.9464285714286,-61.4642857142857,0.549798854759761,358.888739449637,4.63489982060024,26.8464016060152,-57.9361047744751,-61.4583334287008,-1.78084655503432,-1.62241483032703,0.233980324553947,0.0727968182725211,33.9493112564087,12.3854290326436,26.40696463556,41.2897860509657
2014-09-07,-57.9464285714286,-61.4642857142857,0.593968480825424,360.169978550502,4.76239269120353,26.8464016060152,-57.9361047744751,-61.4583334287008,-1.78297065496445,-1.61841436127822,0.214692627483358,0.0442416659245888,33.9446955998739,17.0751068592072,26.40696463556,22.3705204926712
2014-09-08,-57.9464285714286,-61.4642857142857,0.650544422013419,360.673692975725,5.91531394209181,26.8464016060152,-57.9361047744751,-61.4583334287008,-1.8416333258152,-1.61200547615687,0.183167007938027,0.0290078432609638,33.9008123397827,12.408317565918,26.40696463556,7.37006444633056
2014-09-09,-57.9464285714286,-61.4642857142857,0.710333794355392,360.61895098005,4.96800102506365,26.8464016060152,-57.9361047744751,-61.4583334287008,-1.78961147765319,-1.61598305304845,0.175222022241602,-0.0244809310572843,33.9320177078247,14.6298111597697,26.40696463556,27.1779900954225
2014-09-10,-57.9464285714286,-61.4642857142857,0.774732832397733,360.682379586356,5.86865147522518,26.8464016060152,-57.9361047744751,-61.4583334287008,-1.80806906918685,-1.62651193539302,0.182073427985112,0.0152287361832956,33.9218194961548,15.1397247473399,26.40696463556,9.99863295869104
2014-09-11,-57.9464285714286,-61.4642857142857,0.854848750999996,360.939594813756,7.7132317338671,26.8464016060152,-57.9361047744751,-61.4583334287008,-1.81972103814284,-1.6357336084048,0.172714417614043,0.022736289507399,33.9144313176473,14.2508730332057,26.40696463556,5.35431221950526
2014-09-12,-57.9464285714286,-61.4642857142857,0.869424411228725,359.994866507394,7.62893870898655,26.8464016060152,-57.9361047744751,-61.4583334287008,-1.79559921820958,-1.63433738648891,0.177632983991255,-0.0318816694741448,33.9272617340088,23.0745374361674,26.40696463556,33.2069152843443
2014-09-13,-57.9464285714286,-61.4642857142857,0.889410964080266,359.479699271066,7.75314051764352,26.8464016060152,-57.9361047744751,-61.4583334287008,-1.79243748883406,-1.62306843400002,0.150522374268621,-0.00531530703107516,33.9336831728617,30.4701900164286,26.40696463556,12.1761903537346
2014-09-14,-57.9464285714286,-61.4642857142857,0.935811672891889,359.615559169224,5.61038214819772,26.8464016060152,-57.9361047744751,-61.4583334287008,-1.80469982822736,-1.60626035829385,0.202124087885022,-0.0157373778211574,33.9179026603699,24.188462972641,26.40696463556,32.5707406280357
2014-09-15,-57.9464285714286,-61.4642857142857,0.994318519319807,360.328347342355,9.31440758705139,26.8464016060152,-57.9361047744751,-61.4583334287008,-1.82018491824468,-1.60168512960275,0.220669168637445,0.0152338225704928,33.901283009847,20.278278986613,26.40696463556,30.6716801036514
2014-09-16,-57.9464285714286,-61.4642857142857,1.03180918948991,360.662233625139,7.15231929506574,26.8464016060152,-57.9361047744751,-61.4583334287008,-1.79944453736146,-1.60187587141991,0.24795780275017,-0.00827051599820455,33.8900165557861,20.9802046855291,26.40696463556,63.7924841017743
2014-09-17,-57.9464285714286,-61.4642857142857,1.06398073690278,360.964760916574,5.75069693156651,26.8464016060152,-57.9361047744751,-61.4583334287008,-1.79620346923669,-1.6106423129638,0.193670460457603,0.00468967764948805,33.8887066841125,24.212623612086,26.40696463556,18.228413738136
2014-09-18,-57.9464285714286,-61.4642857142857,1.10278755426407,361.33795601981,7.26444063867841,26.8464016060152,-57.9361047744751,-61.4583334287008,-1.81112092634042,-1.61816512743632,0.129327268991619,0.0472375665170451,33.893640422821,28.8527089118958,26.40696463556,1.76081790420477
2014-09-19,-57.9464285714286,-61.4642857142857,1.14823979565075,361.728467668806,8.57633829116821,26.8464016060152,-57.9361047744751,-61.4583334287008,-1.79424418906371,-1.61581520140171,0.146229437583437,0.062400178766499,33.913859240214,39.8724345525106,26.40696463556,1.71298795304818
2014-09-20,-57.9464285714286,-61.4642857142857,1.20527657440731,362.329635620117,10.0907680647714,26.8464016060152,-57.9361047744751,-61.4583334287008,-1.80330208142598,-1.60608488519986,0.144566178663323,0.0547552921809256,33.9218701044718,39.142533604304,26.40696463556,0.635349102803697
2014-09-21,-57.9464285714286,-61.4642857142857,1.27314060074942,362.952220371791,9.65108122144427,26.8464016060152,-57.9361047744751,-61.4583334287008,-1.80254522164663,-1.59750663836797,0.198217718924085,0.00156153046215574,33.9218065579732,36.1288307030996,26.40696463556,21.6947410037345
2014-09-22,-57.9464285714286,-61.4642857142857,1.20513552427292,361.42684500558,4.9462936265128,26.8464016060152,-57.9361047744751,-61.4583334287008,-1.79222996532917,-1.59613075852394,0.226976328591506,-0.0637023021156589,33.9125364939372,41.9464217503866,26.40696463556,89.2945238213421
2014-09-23,-57.9464285714286,-61.4642857142857,1.13970732263156,360.117440359933,4.57741907664708,26.8464016060152,-57.9361047744751,-61.4583334287008,-1.7868770211935,-1.60449791550636,0.248069704106698,-0.0203914509154856,33.8796017011007,34.5583988030752,26.40696463556,70.9697799885361
2014-09-24,-57.9464285714286,-61.4642857142857,1.20005377701351,360.481290544782,9.70949762208121,26.8464016060152,-57.9361047744751,-61.4583334287008,-1.81483197212219,-1.60738192001979,0.22337514438356,0.035721915277342,33.849884223938,19.6208592414856,26.40696463556,28.8937817798184
2014-09-25,-57.9464285714286,-61.4642857142857,1.33349668979645,362.321317400251,13.5455769811358,26.8464016060152,-57.9361047744751,-61.4583334287008,-1.81837822695573,-1.60189876457055,0.192159794426213,0.078229112830013,33.8484727859497,19.1656247377396,26.40696463556,15.7095397461799
2014-09-26,-57.9464285714286,-61.4642857142857,1.3509076833725,362.405979701451,9.88952033860343,26.8464016060152,-57.9361047744751,-61.4583334287008,-1.78612626294295,-1.60925117234389,0.11475976795579,0.0767743969336152,33.8898125330607,46.4682477474213,26.40696463556,10.8443716320039
2014-09-27,-57.9464285714286,-61.4642857142857,1.31373872927257,361.686649867467,6.12903543881008,26.8464016060152,-57.9361047744751,-61.4583334287008,-1.75681628783544,-1.61129845579465,0.0964334030635655,0.117608162295073,33.9235485712687,57.8173184394836,26.40696463556,40.3167294630372
2014-09-28,-57.9464285714286,-61.4642857142857,1.30798350061689,361.687789916992,6.20208828789847,26.8464016060152,-57.9361047744751,-61.4583334287008,-1.73033842941125,-1.61187576254209,0.0762911868902544,0.100304167345166,33.9512188593547,65.1989838282267,26.40696463556,41.4452556572205
2014-09-29,-57.9464285714286,-61.4642857142857,1.37404700262206,362.682477678571,9.621844461986,26.8464016060152,-57.9361047744751,-61.4583334287008,-1.72609635988871,-1.62018951872985,0.0861791839202245,0.102130191835264,33.9651936848958,56.5864056587219,26.40696463556,35.9084533352446
2014-09-30,-57.9464285714286,-61.4642857142857,1.49864426255226,364.861369541713,14.2393165656498,26.8464016060152,-57.9361047744751,-61.4583334287008,-1.72952663401763,-1.63380840023359,0.128126875311136,0.0847142959013581,33.9686016400655,55.1202454884847,26.40696463556,10.2414515001767
2014-10-01,-57.9464285714286,-61.4642857142857,1.61088404485158,367.119631086077,12.5156861713954,26.8464016060152,-57.9361047744751,-61.4583334287008,-1.71874139706294,-1.64114810129007,0.151656646498789,0.101819920508812,33.9772485097249,64.8124158541361,26.40696463556,16.814249798689
2014-10-02,-57.9464285714286,-61.4642857142857,1.59248186860766,367.258440290179,5.65782066753932,26.8464016060152,-57.9361047744751,-61.4583334287008,-1.69024931589762,-1.64402447640896,0.185659352876246,0.0996988841642936,33.9874976793925,65.2078848838806,26.40696463556,22.7002290935476
2014-10-03,-57.9464285714286,-61.4642857142857,1.38075143524579,364.130074637277,3.27956983872822,26.8464016060152,-57.9361047744751,-61.4583334287008,-1.6230231453975,-1.6433734168609,0.223151340956489,0.110298979841173,33.9989039421082,64.0405519485474,26.40696463556,50.3914228582678
2014-10-04,-57.9464285714286,-61.4642857142857,1.30092098457473,363.18698992048,2.29191923992974,26.8464016060152,-57.9361047744751,-61.4583334287008,-1.59825432697932,-1.6413719167312,0.160440889683863,0.0726594846695661,34.0074873288472,58.3895411491394,26.40696463556,4.91729195310126
2014-10-05,-57.9464285714286,-61.4642857142857,1.25807292546545,362.732990809849,2.46568294933864,26.8464016060152,-57.9361047744751,-61.4583334287008,-1.62221135298411,-1.63140506545703,0.18247525456051,0.0421867529551188,33.9888838450114,33.9353128433228,26.40696463556,6.02599647434824
2014-10-06,-57.9464285714286,-61.4642857142857,1.27236981902804,362.380246843611,5.84089429037912,26.8464016060152,-57.9361047744751,-61.4583334287008,-1.60577408075333,-1.63529617687066,0.217703786926965,0.0670389921714862,33.9855904261271,40.1000521183014,26.40696463556,27.0932408460388
2014-10-07,-57.9464285714286,-61.4642857142857,1.38305999125753,362.991823468889,8.33043571880886,26.8464016060152,-57.9361047744751,-61.4583334287008,-1.57328407863776,-1.65192113618056,0.164159062473724,0.0639718819409609,33.9907275835673,50.5475556453069,26.40696463556,3.34015386198857
2014-10-08,-57.9464285714286,-61.4642857142857,1.56454181671143,364.824087960379,9.16710693495614,26.8464016060152,-57.9361047744751,-61.4583334287008,-1.56407358845075,-1.66568243801594,0.171656442712992,0.0783817049426337,33.9956614176432,56.5914923429489,26.40696463556,8.76956338905354
2014-10-09,-57.9464285714286,-61.4642857142857,1.68794569798878,366.590818132673,8.51697748047965,26.8464016060152,-57.9361047744751,-61.4583334287008,-1.52604142626127,-1.67201757629712,0.204763939293722,0.0953194782448312,34.0054781277974,63.1377134164174,26.40696463556,29.4119441340578
2014-10-10,-57.9464285714286,-61.4642857142857,1.77932653256825,367.625006539481,12.084358385631,26.8464016060152,-57.9361047744751,-61.4583334287008,-1.48622697194417,-1.67241177360217,0.174113183065007,0.0747449161174397,34.0213350613912,69.1803786595662,26.40696463556,8.19993281371372
2014-10-11,-57.9464285714286,-61.4642857142857,1.90359941550664,368.313751220703,14.2555675506592,26.8464016060152,-57.9361047744751,-61.4583334287008,-1.49533369541168,-1.67132327755292,0.137852107733488,0.0484430473297834,34.0107425371806,42.1041005452474,26.40696463556,0.595830801945703
2014-10-12,-57.9464285714286,-61.4642857142857,1.97638536351068,368.32606288365,12.3110931260245,26.8464016060152,-57.9361047744751,-61.4583334287008,-1.47701648672422,-1.67125715414683,0.203919593586276,0.0319325340290864,34.0235096295675,65.9568600654602,26.40696463556,16.4675768288527
2014-10-13,-57.9464285714286,-61.4642857142857,2.04245662689209,368.494144984654,14.8369036402021,26.8464016060152,-57.9361047744751,-61.4583334287008,-1.46331367691358,-1.67733796934287,0.168207851052284,0.0640329193634292,34.0260146776835,64.0100337028503,26.40696463556,4.09651419934759
2014-10-14,-57.9464285714286,-61.4642857142857,2.14054824624743,369.330677577427,16.4214660099574,26.8464016060152,-57.9361047744751,-61.4583334287008,-1.48349861900012,-1.67676829497019,0.107216609983395,0.0854619990413388,34.0269810994466,48.1671115398407,26.40696463556,16.8498198862293
2014-10-15,-57.9464285714286,-61.4642857142857,2.1816605755261,369.830217633929,9.02596875599452,26.8464016060152,-57.9361047744751,-61.4583334287008,-1.49423502981663,-1.6639708618323,0.173507899076988,0.0338958911597729,34.0314061482747,47.7716423352559,26.40696463556,3.80954981844875
2014-10-16,-57.9464285714286,-61.4642857142857,2.19044788394655,370.055058070592,11.2716356004987,26.8464016060152,-57.9361047744751,-61.4583334287008,-1.41337929169337,-1.65618355870247,0.148574277106673,0.050380972524484,34.0413628260295,53.2420854409536,26.40696463556,0.209240755960331
2014-10-17,-57.9464285714286,-61.4642857142857,2.28018118653979,370.778956821987,18.5418714114598,26.8464016060152,-57.9361047744751,-61.4583334287008,-1.42318793833256,-1.65038249989351,0.156163213433077,0.0602231921938558,34.0394426345825,37.5619289875031,26.40696463556,1.67213668421823
2014-10-18,-57.9464285714286,-61.4642857142857,2.27864822319576,370.675676618304,21.1281308446612,26.8464016060152,-57.9361047744751,-61.4583334287008,-1.43736073176066,-1.65432193179925,0.117735322906325,0.0744549903087318,34.057181485494,62.5057251930237,26.40696463556,9.17112830432512
2014-10-19,-57.9464285714286,-61.4642857142857,2.37087426015309,371.351928710938,21.2869225910732,26.8464016060152,-57.9361047744751,-61.4583334287008,-1.43691516816616,-1.65866572956244,0.141265093379964,0.0239926349061231,34.0300076802572,33.7115104357402,26.40696463556,2.20688176735383
2014-10-20,-57.9464285714286,-61.4642857142857,2.43605709075928,371.844133649554,15.1737326213292,26.8464016060152,-57.9361047744751,-61.4583334287008,-1.38944667875767,-1.66290017863115,0.180069379104922,0.00259407324095567,34.042964998881,18.8540818134944,26.40696463556,13.7599570493245
2014-10-21,-57.9464285714286,-61.4642857142857,2.31492463179997,370.538896833147,8.11995039667402,26.8464016060152,-57.9361047744751,-61.4583334287008,-1.39624620974064,-1.65883357822895,0.218441317540904,-0.0110985648197432,34.0355642318726,27.2911784013112,26.40696463556,40.1038944541778
2014-10-22,-57.9464285714286,-61.4642857142857,2.30814583812441,370.188058035714,16.5806074823652,26.8464016060152,-57.9361047744751,-61.4583334287008,-1.39888300001621,-1.65741956134637,0.205440431305518,0.066850795255353,34.0390355745951,38.3910151322683,26.40696463556,19.2299295736753
2014-10-23,-57.9464285714286,-61.4642857142857,2.32654795476369,369.679255894252,16.2028271811349,26.8464016060152,-57.9361047744751,-61.4583334287008,-1.39509259959062,-1.65760012368361,0.229784030467272,0.0813776053177814,34.0492338816325,50.7764442125956,26.40696463556,40.6043925803771
2014-10-24,-57.9464285714286,-61.4642857142857,2.26231190987996,368.23223223005,11.0022771017892,26.8464016060152,-57.9361047744751,-61.4583334287008,-1.41591232518355,-1.66726177930832,0.179998168566575,0.0841853079386055,34.0727841377258,67.8909706115723,26.40696463556,13.2733789601702
2014-10-25,-57.9464285714286,-61.4642857142857,2.00376506362643,364.103607177734,10.1027641296387,26.8464016060152,-57.9361047744751,-61.4583334287008,-1.38435619274775,-1.67457858920097,0.182195501153668,0.127964110362033,34.1020311673482,75.8995365142822,26.40696463556,41.1989079052317
2014-10-26,-57.9464285714286,-61.4642857142857,1.91897077219827,362.350104195731,8.27062678337097,26.8464016060152,-57.9361047744751,-61.4583334287008,-1.35323341588179,-1.66899115542571,0.234992522777369,0.0943327127334972,34.1191086769104,79.0658325195313,26.40696463556,50.696866999336
2014-10-27,-57.9464285714286,-61.4642857142857,1.88965682472501,362.007494245257,5.11245451654707,26.8464016060152,-57.9361047744751,-61.4583334287008,-1.363457112511,-1.65989155073961,0.199219743534923,0.0291604357461135,34.122948996226,73.9692410151164,26.40696463556,14.3124720595603
2014-10-28,-57.9464285714286,-61.4642857142857,1.93065404040473,362.598680768694,10.29416009358,26.8464016060152,-57.9361047744751,-61.4583334287008,-1.37247839470704,-1.65595721105735,0.219229712337255,0.0413373206121226,34.1171887715658,67.2271933555603,26.40696463556,25.5421531834338
2014-10-29,-57.9464285714286,-61.4642857142857,2.04899935211454,363.710623604911,12.6330951622554,26.8464016060152,-57.9361047744751,-61.4583334287008,-1.36531874338786,-1.65586566030979,0.163396100451549,0.0734478793727855,34.1187399864197,73.7708709081014,26.40696463556,5.56378012154526
2014-10-30,-57.9464285714286,-61.4642857142857,2.14360341855458,364.682096208845,12.7999141897474,26.8464016060152,-57.9361047744751,-61.4583334287008,-1.40621965428193,-1.65548417369525,0.0791700993354122,0.0799940997424225,34.1120641708374,75.2828082720439,26.40696463556,30.0464249111312
2014-10-31,-57.9464285714286,-61.4642857142857,2.19752674443381,365.293670654297,14.2372284616743,26.8464016060152,-57.9361047744751,-61.4583334287008,-1.43729359507561,-1.65498061875502,0.129444257201006,0.0823643707359831,34.103862285614,66.9499831517537,26.40696463556,9.06076617393625
2014-11-01,-57.9464285714286,-61.4642857142857,2.16827911990029,365.110634940011,10.213385786329,26.8464016060152,-57.9361047744751,-61.4583334287008,-1.4152348190546,-1.66289762953917,0.173299355215083,0.115466780463854,34.1147980690002,79.0849062601725,26.40696463556,28.817525834416
2014-11-02,-57.9464285714286,-61.4642857142857,2.14138102531433,365.107395717076,10.9390251295907,26.8464016060152,-57.9361047744751,-61.4583334287008,-1.36678363184134,-1.66557309130828,0.201584927644581,0.0897447634488344,34.1268275578817,82.2206832885742,26.40696463556,24.943854004306
2014-11-03,-57.9464285714286,-61.4642857142857,2.15593523638589,365.357685634068,12.8288715907506,26.8464016060152,-57.9361047744751,-61.4583334287008,-1.32348396778107,-1.66259498099486,0.221742403320968,0.0632648702710867,34.1338212966919,83.0001770655314,26.40696463556,29.1978698954453
2014-11-04,-57.9464285714286,-61.4642857142857,2.19675731658936,365.820635114397,13.6434306757791,26.8464016060152,-57.9361047744751,-61.4583334287008,-1.30524610877037,-1.67070783277353,0.175715403196712,0.0782850629650056,34.1413746198018,83.2837443033854,26.40696463556,9.78685959744428
2014-11-05,-57.9464285714286,-61.4642857142857,2.24395880528859,366.385617937361,14.4570302622659,26.8464016060152,-57.9361047744751,-61.4583334287008,-1.2973845432202,-1.66776787738005,0.129317097334812,0.0648620054125786,34.1490677515666,83.0713867823283,26.40696463556,3.89382094656209
2014-11-06,-57.9464285714286,-61.4642857142857,2.29223156826837,367.106257847377,16.8792249815805,26.8464016060152,-57.9361047744751,-61.4583334287008,-1.22258367637793,-1.65722372829914,0.115080213205268,-0.0047659738920629,34.1481013615926,72.5590310096741,26.40696463556,17.2244802659431
2014-11-07,-57.9464285714286,-61.4642857142857,2.26274640219552,367.474251883371,11.187801020486,26.8464016060152,-57.9361047744751,-61.4583334287008,-1.21101716359456,-1.65505691170692,0.0433718886226416,-0.0161798964254558,34.1383227348328,60.7992316404978,26.40696463556,72.613622391883
2014-11-08,-57.9464285714286,-61.4642857142857,2.21965980529785,367.993589128767,14.8677230562483,26.8464016060152,-57.9361047744751,-61.4583334287008,-1.21131624182065,-1.65953550934792,0.0555843778265019,0.0282703126159807,34.1293449401855,60.7000462849935,26.40696463556,43.7532464711815
2014-11-09,-57.9464285714286,-61.4642857142857,2.23202016523906,369.307713099888,17.3713126863752,26.8464016060152,-57.9361047744751,-61.4583334287008,-1.18944057325522,-1.65909044841925,0.0822626421538492,0.0437889748252928,34.126318581899,62.1865518411001,26.40696463556,21.4788086165974
2014-11-10,-57.9464285714286,-61.4642857142857,2.1770629797663,370.138384137835,13.8307495117188,26.8464016060152,-57.9361047744751,-61.4583334287008,-1.17629930178324,-1.65445671876272,0.128783023357391,-0.0338602864183486,34.115242989858,58.9681207180023,26.40696463556,32.0874482424102
2014-11-11,-57.9464285714286,-61.4642857142857,2.11494979688099,371.095587594169,20.3208280972072,26.8464016060152,-57.9361047744751,-61.4583334287008,-1.12217167317867,-1.65005696813265,0.175079602468759,0.0034282458635668,34.0986739476522,50.007123263677,26.40696463556,11.9329335757704
2014-11-12,-57.9464285714286,-61.4642857142857,2.05848386457988,372.542977469308,21.4505733081273,26.8464016060152,-57.9361047744751,-61.4583334287008,-1.04489270448685,-1.65037995477517,0.188894315032909,0.0118818730736772,34.0849659919739,46.4644326527913,26.40696463556,13.5862353464907
2014-11-13,-57.9464285714286,-61.4642857142857,1.98175816025053,373.891483851842,21.40587581907,26.8464016060152,-57.9361047744751,-61.4583334287008,-0.974156907200813,-1.65116326014201,0.1733146150286,0.0318969287909567,34.0712198257446,43.6338409423828,26.40696463556,3.98117148598141
2014-11-14,-57.9464285714286,-61.4642857142857,1.89974503006254,375.082172938756,21.6474977902004,26.8464016060152,-57.9361047744751,-61.4583334287008,-0.915762791534265,-1.644222843647,0.134128849270443,0.0565406253561378,34.0619497299194,49.9142962932587,26.40696463556,1.72673713472179
2014-11-15,-57.9464285714286,-61.4642857142857,1.80926604781832,375.267752511161,19.4332089424133,26.8464016060152,-57.9361047744751,-61.4583334287008,-0.941666901111603,-1.63626768986384,0.177399008472761,0.0700399789648751,34.0572320620219,62.0848238945007,26.40696463556,7.78054740576589
2014-11-16,-57.9464285714286,-61.4642857142857,1.73247886555535,375.722019740513,18.2657114437648,26.8464016060152,-57.9361047744751,-61.4583334287008,-0.902517758309841,-1.6396348943313,0.118233791831881,0.0364340138000747,34.0482673009237,63.1148235321045,26.40696463556,4.65517552038422
2014-11-17,-57.9464285714286,-61.4642857142857,1.574181667396,374.766366141183,10.5277225290026,26.8464016060152,-57.9361047744751,-61.4583334287008,-0.869606591761112,-1.63859471877416,0.15669220018511,-0.0123040456014375,34.0239161173503,47.7741857528687,26.40696463556,16.2220026735064
2014-11-18,-57.9464285714286,-61.4642857142857,1.47754509108407,374.22796194894,17.5087020737784,26.8464016060152,-57.9361047744751,-61.4583334287008,-0.737272234757741,-1.62959939042727,0.17798394675677,0.0420036418984334,33.993652121226,20.6750195980072,26.40696463556,4.57309558557703
2014-11-19,-57.9464285714286,-61.4642857142857,1.46299299171993,375.166218348912,16.8619027818952,26.8464016060152,-57.9361047744751,-61.4583334287008,-0.757011609772841,-1.62074394325415,0.162729778016607,0.0936002689413726,33.9964624404907,29.488511133194,26.40696463556,13.4356346359281
2014-11-20,-57.9464285714286,-61.4642857142857,1.40195935964584,374.206874302455,9.06730379377093,26.8464016060152,-57.9361047744751,-61.4583334287008,-0.787701018154621,-1.60639515221119,0.244956816422443,0.0596738588685791,34.0061392784119,53.8206656932831,26.40696463556,48.4278306612814
2014-11-21,-57.9464285714286,-61.4642857142857,1.38699047480311,373.100415910993,9.98902869224548,26.8464016060152,-57.9361047744751,-61.4583334287008,-0.766081708172957,-1.59682251214981,0.249809258027623,0.0793074331556757,34.007105700175,58.682010269165,26.40696463556,58.2728079896687
2014-11-22,-57.9464285714286,-61.4642857142857,1.414416713374,373.13637651716,12.9666951383863,26.8464016060152,-57.9361047744751,-61.4583334287008,-0.717984538773696,-1.58934801916281,0.213629566474507,0.081667531033357,34.0030875205994,58.8244297981262,26.40696463556,28.7747795487781
2014-11-23,-57.9464285714286,-61.4642857142857,1.42513550605093,373.971119471959,16.09253348623,26.8464016060152,-57.9361047744751,-61.4583334287008,-0.580724488943815,-1.58265684247017,0.205547247702877,0.0716727195307612,33.9952290852865,45.3187170505524,26.40696463556,20.5116830205479
2014-11-24,-57.9464285714286,-61.4642857142857,1.34434776221003,373.449661254883,10.5209593091692,26.8464016060152,-57.9361047744751,-61.4583334287008,-0.612884896248579,-1.57704397241275,0.184581032115966,-0.00683105969801545,33.9661601702372,31.9210907618205,26.40696463556,19.6601756113713
2014-11-25,-57.9464285714286,-61.4642857142857,1.24173873662949,372.250662667411,12.30995120321,26.8464016060152,-57.9361047744751,-61.4583334287008,-0.596813846876224,-1.57619200348854,0.179581081215292,0.00156661691144109,33.9334162394206,23.6327719608943,26.40696463556,14.0338742470569
2014-11-26,-57.9464285714286,-61.4642857142857,1.17063223038401,371.89988054548,13.258296591895,26.8464016060152,-57.9361047744751,-61.4583334287008,-0.57278357197841,-1.57305622796218,0.168421480370065,0.0437075917298595,33.916313012441,33.3847076733907,26.40696463556,2.12561579225824
2014-11-27,-57.9464285714286,-61.4642857142857,1.12352724586214,371.70329284668,9.23114092009408,26.8464016060152,-57.9361047744751,-61.4583334287008,-0.547837743659814,-1.56863866448402,0.257708467543125,0.0245470545565089,33.901854801178,32.9383741855621,26.40696463556,62.2783357307044
2014-11-28,-57.9464285714286,-61.4642857142857,1.08588766625949,371.081957135882,7.51799263272967,26.8464016060152,-57.9361047744751,-61.4583334287008,-0.549259904772043,-1.57110303938389,0.30323699588577,0.0198421178385615,33.8860868771871,28.908659418424,26.40696463556,123.70418718225
2014-11-29,-57.9464285714286,-61.4642857142857,1.09944327388491,370.850738525391,12.9078980854579,26.8464016060152,-57.9361047744751,-61.4583334287008,-0.50408640752236,-1.57470930914084,0.292189296459158,0.0665506964238981,33.8877780278524,28.3046471993128,26.40696463556,106.787035886373
2014-11-30,-57.9464285714286,-61.4642857142857,1.10080500159945,371.02985055106,11.6985414028168,26.8464016060152,-57.9361047744751,-61.4583334287008,-0.398925727357467,-1.56945757865906,0.23706778138876,0.0500605281442404,33.8813059171041,18.9507236719131,26.40696463556,40.0258892774088
2014-12-01,-57.9464285714286,-61.4642857142857,1.05729709352766,370.986849103655,13.1926122733525,26.8464016060152,-57.9361047744751,-61.4583334287008,-0.382451837571959,-1.57454909086227,0.203232927558323,0.0291960407669346,33.868360932668,17.8825757026672,26.40696463556,16.451126916047
2014-12-02,-57.9464285714286,-61.4642857142857,1.03180293951716,371.247164045061,14.0031447069986,26.8464016060152,-57.9361047744751,-61.4583334287008,-0.312625487024585,-1.58311207195123,0.258644367350886,0.0595873898205658,33.8609092712402,19.1885136763255,26.40696463556,62.6487987018659
2014-12-03,-57.9464285714286,-61.4642857142857,1.07525102368423,371.444946289062,13.5600648266929,26.8464016060152,-57.9361047744751,-61.4583334287008,-0.344132797544201,-1.58437350591024,0.245445112045854,0.120192063227296,33.881712881724,33.8882632255554,26.40696463556,76.7266811828861
2014-12-04,-57.9464285714286,-61.4642857142857,1.10847408218043,371.276238577706,10.9975525651659,26.8464016060152,-57.9361047744751,-61.4583334287008,-0.382274832203984,-1.58795180022717,0.247321999290337,0.0757265949311356,33.8983961105347,45.0580381393433,26.40696463556,54.5649208658617
2014-12-05,-57.9464285714286,-61.4642857142857,1.11118856711047,371.07706124442,9.49054249695369,26.8464016060152,-57.9361047744751,-61.4583334287008,-0.349430808362862,-1.5831781933705,0.269417402179291,0.0254575235458712,33.8967939694722,41.9387919267019,26.40696463556,75.6598317818311
2014-12-06,-57.9464285714286,-61.4642857142857,1.11482971906662,370.961434500558,12.1885852813721,26.8464016060152,-57.9361047744751,-61.4583334287008,-0.245149063132703,-1.57871740261714,0.239315979306897,0.0280719423666596,33.898828347524,30.9330540498098,26.40696463556,43.1335896628802
2014-12-07,-57.9464285714286,-61.4642857142857,1.06932306502547,370.23420715332,9.27079003197806,26.8464016060152,-57.9361047744751,-61.4583334287008,-0.230573422089219,-1.57893866697947,0.215923541566978,-0.0164596493666371,33.8800976117452,23.5132410526276,26.40696463556,41.4524442099911
2014-12-08,-57.9464285714286,-61.4642857142857,1.02030498428004,369.685232979911,11.7568221432822,26.8464016060152,-57.9361047744751,-61.4583334287008,-0.000750736147165298,-1.59159876008828,0.224163538652162,0.0488601338118315,33.8570818265279,10.7361575603485,26.40696463556,29.2736836564117
2014-12-09,-57.9464285714286,-61.4642857142857,1.05347073078156,370.01785496303,14.3893333503178,26.8464016060152,-57.9361047744751,-61.4583334287008,-0.0408093310892582,-1.60143334766229,0.239112522670378,0.0981017483398318,33.8668857256571,18.740908964475,26.40696463556,56.3435579801122
2014-12-10,-57.9464285714286,-61.4642857142857,1.10862656150545,369.483280726842,10.9523442132132,26.8464016060152,-57.9361047744751,-61.4583334287008,-0.0832239551469684,-1.60428174436092,0.319905188120902,0.0578783531362812,33.8744521141052,30.3163257916768,26.40696463556,149.062151803336
2014-12-11,-57.9464285714286,-61.4642857142857,1.12803888533797,368.330202375139,13.2748379707336,26.8464016060152,-57.9361047744751,-61.4583334287008,-0.188384635063509,-1.60922065973282,0.30105492171521,0.068686991961052,33.8938692092895,41.9756685892741,26.40696463556,120.486115955823
2014-12-12,-57.9464285714286,-61.4642857142857,1.17375415776457,367.987306867327,14.0941083771842,26.8464016060152,-57.9361047744751,-61.4583334287008,-0.169048107725879,-1.61228013436,0.212892034742981,0.107450585160404,33.9074499766032,47.7233215649923,26.40696463556,41.3385366292173
2014-12-13,-57.9464285714286,-61.4642857142857,1.21756925753185,368.35530090332,15.2002144541059,26.8464016060152,-57.9361047744751,-61.4583334287008,-0.0901516567915678,-1.6047827531894,0.200354015175253,0.0795770131982863,33.9140114466349,48.0424940109253,26.40696463556,20.1508636502529
2014-12-14,-57.9464285714286,-61.4642857142857,1.24280927223819,368.572572980608,12.371170435633,26.8464016060152,-57.9361047744751,-61.4583334287008,-0.0411389312396447,-1.59003214140733,0.227256080818673,0.0327667063102126,33.9061656951904,41.1046194632848,26.40696463556,32.1889968917745
2014-12-15,-57.9464285714286,-61.4642857142857,1.27829769679478,368.309003557478,15.643212556839,26.8464016060152,-57.9361047744751,-61.4583334287008,-0.0148136647418141,-1.59252449174722,0.247016815189272,0.0582394889555872,33.9061403274536,39.8406444946925,26.40696463556,50.2352478851157
2014-12-16,-57.9464285714286,-61.4642857142857,1.30540064828736,368.519832066127,17.8473961353302,26.8464016060152,-57.9361047744751,-61.4583334287008,0.275740856677294,-1.59472945233186,0.209509567233423,0.0334025086214145,33.9025035540263,23.0084139744441,26.40696463556,19.5946696020301
2014-12-17,-57.9464285714286,-61.4642857142857,1.32078201004437,369.208530970982,19.9408164705549,26.8464016060152,-57.9361047744751,-61.4583334287008,0.34009218501548,-1.60388755003611,0.212307096955677,0.0529801325872541,33.9015879948934,13.7625767389933,26.40696463556,21.2099360386132
2014-12-18,-57.9464285714286,-61.4642857142857,1.34100167240415,370.201812744141,23.0572240693229,26.8464016060152,-57.9361047744751,-61.4583334287008,0.591674569497506,-1.60544144411882,0.185054068795095,0.0439466534803311,33.9008503913879,15.3698850870132,26.40696463556,6.93765805308973
2014-12-19,-57.9464285714286,-61.4642857142857,1.35436909752233,369.645220075335,23.6136390481676,26.8464016060152,-57.9361047744751,-61.4583334287008,0.489657294253508,-1.60461490551631,0.122964161261916,0.0313323364282648,33.8949120839437,17.5341562191645,26.40696463556,3.88223556746916
2014-12-20,-57.9464285714286,-61.4642857142857,1.39920393483979,368.175912039621,23.3391147341047,26.8464016060152,-57.9361047744751,-61.4583334287008,0.385674630602201,-1.60750653147697,0.127099419975032,0.0555843786646922,33.8890372594198,28.2957459688187,26.40696463556,2.81937102788992
2014-12-21,-57.9464285714286,-61.4642857142857,1.42167391947338,368.313868931362,24.2897247246334,26.8464016060152,-57.9361047744751,-61.4583334287008,0.488491488744815,-1.60448520282904,0.192698955070227,0.04729351674517,33.886722723643,27.4412277460098,26.40696463556,10.1331981030334
2014-12-22,-57.9464285714286,-61.4642857142857,1.44088011341436,368.536856515067,23.3329011372157,26.8464016060152,-57.9361047744751,-61.4583334287008,0.627301876246929,-1.60025584697723,0.19402650979658,-9.66419465839863e-05,33.8819669405619,20.7118961334229,26.40696463556,20.3864010709251
2014-12-23,-57.9464285714286,-61.4642857142857,1.44086004793644,366.463117327009,19.4074390275138,26.8464016060152,-57.9361047744751,-61.4583334287008,0.600274687012037,-1.59885199069977,0.24362417353938,0.0139418723061681,33.8701666514079,22.0763278166453,26.40696463556,50.4118797885625
2014-12-24,-57.9464285714286,-61.4642857142857,1.43654064834118,365.118449619838,23.9535413128989,26.8464016060152,-57.9361047744751,-61.4583334287008,0.686898423731327,-1.60907569328944,0.181351156129191,0.0462965790182352,33.8801485379537,19.8955260594686,26.40696463556,5.65424224879099
2014-12-25,-57.9464285714286,-61.4642857142857,1.4113971548421,365.305123465402,23.2293998513903,26.8464016060152,-57.9361047744751,-61.4583334287008,0.735837905605634,-1.60925625860691,0.188304289554556,0.0209000923981269,33.8727733929952,17.404452474912,26.40696463556,10.8594884415328
2014-12-26,-57.9464285714286,-61.4642857142857,1.42674555097307,365.116252354213,20.9282718726567,26.8464016060152,-57.9361047744751,-61.4583334287008,0.797576852142811,-1.6072496732076,0.235852127025525,0.0364950508500139,33.8611002604167,15.1142926136653,26.40696463556,39.0404084886096
2014-12-27,-57.9464285714286,-61.4642857142857,1.46249606141022,364.244931902204,22.5769773551396,26.8464016060152,-57.9361047744751,-61.4583334287008,0.650856061776479,-1.6129362821579,0.20831425798436,0.123157444565247,33.8790806134542,30.495622030894,26.40696463556,49.6699845270914
2014-12-28,-57.9464285714286,-61.4642857142857,1.54200815941606,363.584577287946,20.2169122014727,26.8464016060152,-57.9361047744751,-61.4583334287008,0.602734478314718,-1.61091698209445,0.210989715034763,0.0845464440993965,33.8911863962809,37.605163637797,26.40696463556,28.1990068183266
2014-12-29,-57.9464285714286,-61.4642857142857,1.61525185193334,364.127807617188,26.0515585626875,26.8464016060152,-57.9361047744751,-61.4583334287008,0.686526096363862,-1.60818048318227,0.196066164628913,0.0779849647544324,33.8943526268005,31.3399675687154,26.40696463556,17.435146562625
2014-12-30,-57.9464285714286,-61.4642857142857,1.67607653566769,365.912436349051,30.1628598485674,26.8464016060152,-57.9361047744751,-61.4583334287008,0.978447846571604,-1.60524053176244,0.204433321362982,0.0508387504766385,33.8913770357768,20.6712046702703,26.40696463556,16.2708544361549
2014-12-31,-57.9464285714286,-61.4642857142857,1.69542619585991,368.143168858119,32.4913603918893,26.8464016060152,-57.9361047744751,-61.4583334287008,1.26164130667845,-1.60547450979551,0.203360087362428,0.0467747022708257,33.8850825945536,11.1850341002146,26.40696463556,15.4717959411741
2015-01-01,-57.9464285714286,-61.4642857142857,1.72187780482428,369.848260062081,34.9016466821943,26.8464016060152,-57.9361047744751,-61.4583334287008,1.12356335719426,-1.60719371934732,0.227128920300553,0.0728527688421309,33.8775421778361,15.503403544426,26.40696463556,35.6363908029013
2015-01-02,-57.9464285714286,-61.4642857142857,1.7811281638486,371.231421334403,37.847157069615,26.8464016060152,-57.9361047744751,-61.4583334287008,1.2306711157163,-1.61050752401352,0.209224728463838,0.0629037346070011,33.8696328481038,16.6859958092372,26.40696463556,20.6569504394601
2015-01-03,-57.9464285714286,-61.4642857142857,1.90328369821821,371.09708077567,36.8845591545105,26.8464016060152,-57.9361047744751,-61.4583334287008,1.15738396942616,-1.60397147138913,0.210704874247313,0.0985340935798983,33.863707224528,24.2456852992376,26.40696463556,34.6750870025434
2015-01-04,-57.9464285714286,-61.4642857142857,1.97945602451052,370.981942313058,33.3762438978468,26.8464016060152,-57.9361047744751,-61.4583334287008,1.20220345258713,-1.59760581950347,0.220658995490521,0.0671152886313697,33.8600193659464,22.3128463904063,26.40696463556,29.220216431844
2015-01-05,-57.9464285714286,-61.4642857142857,1.9619930769716,370.899211338588,29.8391327857971,26.8464016060152,-57.9361047744751,-61.4583334287008,1.33387251496315,-1.59523554941018,0.191325621896734,0.0464135664515197,33.8503679911296,15.1193789800008,26.40696463556,9.50059766555653
2015-01-06,-57.9464285714286,-61.4642857142857,1.81345774233341,368.189106532506,25.5359183379582,26.8464016060152,-57.9361047744751,-61.4583334287008,1.21797541975975,-1.59769483109315,0.161448001333823,-0.00562049221868316,33.8365967750549,14.0563174883525,26.40696463556,13.2208237075051
2015-01-07,-57.9464285714286,-61.4642857142857,1.58520156783717,363.934834071568,26.7932624476297,26.8464016060152,-57.9361047744751,-61.4583334287008,1.16562397181988,-1.59331033726533,0.143686229083687,6.61234060923258e-05,33.8265766143799,20.165106121699,26.40696463556,9.71725030671392
2015-01-08,-57.9464285714286,-61.4642857142857,1.37363564329488,361.270381382533,24.3663724490574,26.8464016060152,-57.9361047744751,-61.4583334287008,1.20644552409649,-1.59568824768066,0.138147118221968,0.0252998442699512,33.8209814389547,22.7718955119451,26.40696463556,2.20694309540354
2015-01-09,-57.9464285714286,-61.4642857142857,1.26201704144478,360.937547956194,23.283154794148,26.8464016060152,-57.9361047744751,-61.4583334287008,1.33181556264559,-1.60463016430537,0.199692779903611,0.0630715863468746,33.8187052408854,18.5616127808889,26.40696463556,15.2886364018409
2015-01-10,-57.9464285714286,-61.4642857142857,1.20286161984716,361.874616350446,20.6110392638615,26.8464016060152,-57.9361047744751,-61.4583334287008,1.64660178422928,-1.61070588429769,0.193812880540888,0.0482650230638683,33.8163401285807,14.3754902362823,26.40696463556,10.6766178198498
2015-01-11,-57.9464285714286,-61.4642857142857,1.10295982020242,361.250769478934,18.1038256713322,26.8464016060152,-57.9361047744751,-61.4583334287008,1.61443527241548,-1.61137221157551,0.14901170860976,0.022863449777166,33.8128304799398,11.6377253929774,26.40696463556,2.23217084196911
2015-01-12,-57.9464285714286,-61.4642857142857,1.03240643228803,359.491697038923,18.0006176062993,26.8464016060152,-57.9361047744751,-61.4583334287008,1.46429030994574,-1.60548214217027,0.133599860810985,0.021128981312116,33.8113299687703,19.5369335810343,26.40696463556,3.61465954039493
2015-01-13,-57.9464285714286,-61.4642857142857,0.939796739390918,358.141313825335,14.630923645837,26.8464016060152,-57.9361047744751,-61.4583334287008,1.51283915936947,-1.60137739578883,0.172510961194833,0.0552690207958221,33.8108339945475,19.7276740868886,26.40696463556,3.69175452127711
2015-01-14,-57.9464285714286,-61.4642857142857,0.873945574675288,357.202532087054,12.9905180590493,26.8464016060152,-57.9361047744751,-61.4583334287008,1.52927032113075,-1.59825942715009,0.186015401656429,0.0578630939436456,33.8131100654602,19.9845381418864,26.40696463556,8.26713967410071
2015-01-15,-57.9464285714286,-61.4642857142857,0.805207175867898,355.083770751953,11.4909281390054,26.8464016060152,-57.9361047744751,-61.4583334287008,1.56209602753321,-1.60192927320798,0.148635313473642,0.0308287808361153,33.8067139307658,15.6458234389623,26.40696463556,0.86532318411297
2015-01-16,-57.9464285714286,-61.4642857142857,0.766460327165467,353.484793526786,12.747987304415,26.8464016060152,-57.9361047744751,-61.4583334287008,1.47842037975788,-1.60115868151188,0.0951109348796308,0.0504470961478849,33.8143815994263,23.9315989971161,26.40696463556,14.0935980596358
2015-01-17,-57.9464285714286,-61.4642857142857,0.759316176176071,352.473645891462,12.5072763647352,26.8464016060152,-57.9361047744751,-61.4583334287008,1.42442703743776,-1.60465051134427,0.101153600029647,0.104108807972322,33.8201927820841,29.4719802538554,26.40696463556,28.9721705105738
2015-01-18,-57.9464285714286,-61.4642857142857,0.747673935123852,352.212984357561,10.7859053271157,26.8464016060152,-57.9361047744751,-61.4583334287008,1.43678703208764,-1.60349335372448,0.146097191950927,0.052725811333706,33.8231301307678,28.9124742984772,26.40696463556,0.398953622081562
2015-01-19,-57.9464285714286,-61.4642857142857,0.735229685902596,352.073069981166,10.295517376491,26.8464016060152,-57.9361047744751,-61.4583334287008,1.44404433270295,-1.60760571956635,0.163345236051828,0.0752942493185401,33.8199636777242,30.1090541919072,26.40696463556,6.11740158636276
2015-01-20,-57.9464285714286,-61.4642857142857,0.803870897207941,351.992477416992,11.9090933118548,26.8464016060152,-57.9361047744751,-61.4583334287008,1.39941406548023,-1.62495040595531,0.153284301174184,0.136789046538373,33.8194293340047,31.3183501561483,26.40696463556,43.2382298621073
2015-01-21,-57.9464285714286,-61.4642857142857,0.874548645956176,351.046316964286,6.45037472248077,26.8464016060152,-57.9361047744751,-61.4583334287008,1.36205329795678,-1.62357198993365,0.169723604278018,0.0767947429170211,33.8102865219116,31.4188070456187,26.40696463556,7.79352279472807
2015-01-22,-57.9464285714286,-61.4642857142857,0.891485250421933,349.787846156529,5.94119945594243,26.8464016060152,-57.9361047744751,-61.4583334287008,1.35372785727183,-1.62533442974091,0.191630807363739,0.0644296602035562,33.7909583727519,26.6884378751119,26.40696463556,11.6991928261475
2015-01-23,-57.9464285714286,-61.4642857142857,0.958570018410683,349.186080932617,12.2623043741499,26.8464016060152,-57.9361047744751,-61.4583334287008,1.33229776223501,-1.63650929629803,0.180013428783665,0.0981322674080729,33.7847149848938,29.4618075211843,26.40696463556,19.8613784841776
2015-01-24,-57.9464285714286,-61.4642857142857,1.05501207070691,349.057344709124,14.5382445539747,26.8464016060152,-57.9361047744751,-61.4583334287008,1.4355846007665,-1.64637694656849,0.153386028452466,0.0748924220912159,33.7661622683207,20.8276120185852,26.40696463556,4.94048445149468
2015-01-25,-57.9464285714286,-61.4642857142857,1.13553290281977,349.66038949149,20.4219121251787,26.8464016060152,-57.9361047744751,-61.4583334287008,1.44854886333148,-1.65311644375324,0.12348806168884,0.0942665891411404,33.7616479873657,19.8497481505076,26.40696463556,15.6112519348519
2015-01-26,-57.9464285714286,-61.4642857142857,1.20321773631232,350.000150408064,16.0600028038025,26.8464016060152,-57.9361047744751,-61.4583334287008,1.54669027825197,-1.64658803443114,0.166107160039246,0.0525935648940504,33.7510807991028,18.5234646399816,26.40696463556,2.04781114213882
2015-01-27,-57.9464285714286,-61.4642857142857,1.25099068028586,349.553497314453,14.8084826469421,26.8464016060152,-57.9361047744751,-61.4583334287008,1.56904203991095,-1.64200007816156,0.186457920074463,0.0546535643438498,33.7397888183594,20.325328318278,26.40696463556,8.04242393838035
2015-01-28,-57.9464285714286,-61.4642857142857,1.30598633204188,349.096544538225,17.5066651616778,26.8464016060152,-57.9361047744751,-61.4583334287008,1.59533679286639,-1.64029867549737,0.172353282229354,0.0716218550689518,33.7325915018717,22.3522660255432,26.40696463556,6.83968301975683
2015-01-29,-57.9464285714286,-61.4642857142857,1.35061680419104,348.546401977539,15.5270779473441,26.8464016060152,-57.9361047744751,-61.4583334287008,1.64114507039388,-1.63245795667171,0.188100833476832,0.0786919765174389,33.7258012453715,23.1012411594391,26.40696463556,14.1512509918007
2015-01-30,-57.9464285714286,-61.4642857142857,1.35901821511132,347.63158089774,14.6724633829934,26.8464016060152,-57.9361047744751,-61.4583334287008,1.66325878103574,-1.62876013219357,0.204947049853702,0.0716371147893369,33.7190362612406,24.6386110941569,26.40696463556,20.1570519454622
2015-01-31,-57.9464285714286,-61.4642857142857,1.36575808482511,346.754366193499,17.9156580993107,26.8464016060152,-57.9361047744751,-61.4583334287008,1.71783808668454,-1.62988169093927,0.185918758933743,0.0391959387498597,33.7046031951904,21.1773032824198,26.40696463556,7.37687178663068
2015-02-01,-57.9464285714286,-61.4642857142857,1.37585274023669,346.206787109375,19.570762532098,26.8464016060152,-57.9361047744751,-61.4583334287008,1.79180274407069,-1.63131605684757,0.186875006183982,0.0724153361904124,33.69570201238,20.7920072078705,26.40696463556,11.6816500463306
2015-02-02,-57.9464285714286,-61.4642857142857,1.3827374045338,345.782976422991,19.9418139117105,26.8464016060152,-57.9361047744751,-61.4583334287008,1.8647969186306,-1.63689840336641,0.166773480487367,0.0683919797030588,33.6876274108887,19.8128715435664,26.40696463556,4.78422968008448
2015-02-03,-57.9464285714286,-61.4642857142857,1.39474762124675,345.569691249302,22.2946633952005,26.8464016060152,-57.9361047744751,-61.4583334287008,1.84806057413419,-1.63796401023865,0.132079022812347,0.125756604721149,33.6864192962646,24.9552406787872,26.40696463556,34.6915728825664
2015-02-04,-57.9464285714286,-61.4642857142857,1.41332457959652,345.207502092634,15.579866375242,26.8464016060152,-57.9361047744751,-61.4583334287008,1.83998536864916,-1.62460452417533,0.13742484798034,0.0147760452392201,33.6761830647786,25.0951172510783,26.40696463556,4.79659414128709
2015-02-05,-57.9464285714286,-61.4642857142857,1.39513332503183,344.769958496094,22.0710527215685,26.8464016060152,-57.9361047744751,-61.4583334287008,1.90858487685521,-1.61205124656359,0.172531307240327,0.0132145146218439,33.6696852048238,21.2256242990494,26.40696463556,7.78286430242074
2015-02-06,-57.9464285714286,-61.4642857142857,1.37369959056377,344.394496372768,22.0206048148019,26.8464016060152,-57.9361047744751,-61.4583334287008,2.01316570142905,-1.60766930580139,0.180867946085831,0.0174362420104444,33.6601356188456,19.1122174739838,26.40696463556,8.98295993612317
2015-02-07,-57.9464285714286,-61.4642857142857,1.34260295331478,343.770557948521,17.9685885906219,26.8464016060152,-57.9361047744751,-61.4583334287008,2.05547657112281,-1.61615598797798,0.205135247918467,0.052654601726681,33.6559519767761,23.3492039601008,26.40696463556,16.8122429596885
2015-02-08,-57.9464285714286,-61.4642857142857,1.33454158689295,343.261862618583,19.7919297558921,26.8464016060152,-57.9361047744751,-61.4583334287008,2.08204597731431,-1.62505213022232,0.187729525379837,0.0588142541858057,33.651259803772,25.1103764216105,26.40696463556,9.07359715131857
2015-02-09,-57.9464285714286,-61.4642857142857,1.3386549034289,343.219565255301,19.1651251316071,26.8464016060152,-57.9361047744751,-61.4583334287008,2.12321544984976,-1.62907549043496,0.163650420152893,0.0691244240229329,33.6412269910177,24.8268085638682,26.40696463556,4.42223227676319
2015-02-10,-57.9464285714286,-61.4642857142857,1.30044515430927,342.963509695871,15.9962377548218,26.8464016060152,-57.9361047744751,-61.4583334287008,2.14651327133179,-1.62974435389042,0.170842615577082,0.0121260210871696,33.6312956492106,24.2851050535838,26.40696463556,7.72012701450376
2015-02-11,-57.9464285714286,-61.4642857142857,1.21823368115085,342.708415440151,15.9952465806689,26.8464016060152,-57.9361047744751,-61.4583334287008,2.18753625750542,-1.62690104842186,0.14151941522335,0.015889970647792,33.6225344022115,21.6325377146403,26.40696463556,4.13656012684213
2015-02-12,-57.9464285714286,-61.4642857142857,1.16638809868268,342.983723231724,19.9241807460785,26.8464016060152,-57.9361047744751,-61.4583334287008,2.26792201002439,-1.62616097033024,0.130476800352335,0.0669626963014404,33.6164306958516,15.9268479426702,26.40696463556,4.14734138394738
2015-02-13,-57.9464285714286,-61.4642857142857,1.15387630036899,343.179768153599,19.1764288629804,26.8464016060152,-57.9361047744751,-61.4583334287008,2.2505447725455,-1.62854905029138,0.108737448882312,0.0956602674288054,33.6121960639954,20.0481185118357,26.40696463556,20.996828954602
2015-02-14,-57.9464285714286,-61.4642857142857,1.14998257373061,343.098369053432,15.1327780655452,26.8464016060152,-57.9361047744751,-61.4583334287008,2.24901884198189,-1.61810408433278,0.149667857214808,0.0366934212545554,33.6045155207316,20.2871800581614,26.40696463556,0.28122567014092
2015-02-15,-57.9464285714286,-61.4642857142857,1.13187636009284,342.65866960798,13.4642364297594,26.8464016060152,-57.9361047744751,-61.4583334287008,2.25619069536527,-1.61355682710807,0.207708975362281,0.0469476401184996,33.6020867665609,21.0030934731166,26.40696463556,17.987431810107
2015-02-16,-57.9464285714286,-61.4642857142857,1.13130586275033,342.355965750558,17.3384096963065,26.8464016060152,-57.9361047744751,-61.4583334287008,2.29355755647024,-1.61862035493056,0.175720491136114,0.0506352933744589,33.5947750409444,19.8166864951452,26.40696463556,4.11945336652905
2015-02-17,-57.9464285714286,-61.4642857142857,1.11025543510914,342.415065220424,17.2573523521423,26.8464016060152,-57.9361047744751,-61.4583334287008,2.32948394815127,-1.61881872514884,0.15358439842239,0.0463525293705364,33.577684656779,18.8604398012161,26.40696463556,0.195707698748391
2015-02-18,-57.9464285714286,-61.4642857142857,1.079258701631,342.793555123465,17.256349665778,26.8464016060152,-57.9361047744751,-61.4583334287008,2.45992005864779,-1.61738690336545,0.120217495442679,0.0487634919273357,33.5560165723165,14.1211693525314,26.40696463556,3.92067748569916
2015-02-19,-57.9464285714286,-61.4642857142857,1.04890365898609,343.267371041434,18.0299491882324,26.8464016060152,-57.9361047744751,-61.4583334287008,2.42988373835882,-1.61179692645868,0.0943276266567409,0.061988179013133,33.5474585215251,12.4782560984294,26.40696463556,15.9243227058981
2015-02-20,-57.9464285714286,-61.4642857142857,1.02116864706789,343.276691981724,11.9902960572924,26.8464016060152,-57.9361047744751,-61.4583334287008,2.38881193598111,-1.60296690960725,0.148024943595131,0.0359711497711639,33.5441269556681,14.3653174082438,26.40696463556,0.319185703546754
2015-02-21,-57.9464285714286,-61.4642857142857,1.00350427840437,342.458212716239,10.2083515099117,26.8464016060152,-57.9361047744751,-61.4583334287008,2.27423323790232,-1.60312967399756,0.174871058731029,0.0803298031600813,33.5455129623413,19.9311307827632,26.40696463556,10.2775655443074
2015-02-22,-57.9464285714286,-61.4642857142857,1.04320437141827,341.613555908203,14.0152316093445,26.8464016060152,-57.9361047744751,-61.4583334287008,2.1553758541743,-1.60788547595342,0.212134160008281,0.105573697108775,33.5495948791504,24.5877469380697,26.40696463556,39.6740537506255
2015-02-23,-57.9464285714286,-61.4642857142857,1.09493442092623,341.716166904994,15.4384099755968,26.8464016060152,-57.9361047744751,-61.4583334287008,2.08432875772317,-1.60481073359648,0.114871669560671,0.0385957418940961,33.5486669222514,24.9959320068359,26.40696463556,5.56661660958652
2015-02-24,-57.9464285714286,-61.4642857142857,1.13435712882451,341.887237548828,15.9954636096954,26.8464016060152,-57.9361047744751,-61.4583334287008,1.98467362225056,-1.60402234196663,0.132038331373284,0.126519567643603,33.5443562189738,26.3946972211202,26.40696463556,35.3249842568833
2015-02-25,-57.9464285714286,-61.4642857142857,1.18266551409449,341.50080871582,10.7487115689686,26.8464016060152,-57.9361047744751,-61.4583334287008,1.82989595035712,-1.60825169682503,0.140151168747495,0.100614438888927,33.5388245264689,29.2062149683634,26.40696463556,16.3426704991611
2015-02-26,-57.9464285714286,-61.4642857142857,1.21927148955209,341.465909685407,14.730895791735,26.8464016060152,-57.9361047744751,-61.4583334287008,1.75665152072906,-1.61233608722687,0.0963011565928658,0.0591499576965968,33.5402995109558,28.234708960851,26.40696463556,14.416953914873
2015-02-27,-57.9464285714286,-61.4642857142857,1.25422504970006,342.130329677037,16.4581317220415,26.8464016060152,-57.9361047744751,-61.4583334287008,1.69860532283783,-1.60443433920542,0.0728883731178939,0.0328836940228939,33.5560294151306,28.8463505983353,26.40696463556,28.6753118738451
2015-02-28,-57.9464285714286,-61.4642857142857,1.20838133352143,342.110222952706,9.59499565192631,26.8464016060152,-57.9361047744751,-61.4583334287008,1.63905150393645,-1.5906272560358,0.111789299796025,-0.0439771720829109,33.593669128418,32.2478928724925,26.40696463556,45.1483721760364
2015-03-01,-57.9464285714286,-61.4642857142857,1.16775317702975,342.155116489955,13.9466321468353,26.8464016060152,-57.9361047744751,-61.4583334287008,1.62640462915103,-1.59496597250303,0.128976307498912,0.0273903621981541,33.620411046346,31.7189053853353,26.40696463556,3.14492163685052
2015-03-02,-57.9464285714286,-61.4642857142857,1.14465447408812,342.339318411691,11.9154182331903,26.8464016060152,-57.9361047744751,-61.4583334287008,1.63227639297644,-1.59347310761611,0.136865341849625,-0.015915402614822,33.6375393867493,26.320944126447,26.40696463556,18.5223995850991
2015-03-03,-57.9464285714286,-61.4642857142857,1.10489083613668,342.298015049526,11.2673107726233,26.8464016060152,-57.9361047744751,-61.4583334287008,1.63143408000469,-1.59718619287014,0.155395162881662,0.021958067578574,33.6494923591614,24.1490432659785,26.40696463556,2.70806002894486
2015-03-04,-57.9464285714286,-61.4642857142857,1.09203190675804,342.582826886858,12.6764755930219,26.8464016060152,-57.9361047744751,-61.4583334287008,1.60795314808687,-1.60480055610339,0.167917925429841,0.0358694212821623,33.6596904754639,25.2871295849482,26.40696463556,2.34987166508163
2015-03-05,-57.9464285714286,-61.4642857142857,1.0721091649362,342.943008422852,13.8421025276184,26.8464016060152,-57.9361047744751,-61.4583334287008,1.60410780906677,-1.6055686066548,0.126926480482022,0.0301980651604633,33.667866675059,23.8743767420451,26.40696463556,3.12612376058711
2015-03-06,-57.9464285714286,-61.4642857142857,1.00481900359903,342.719035557338,12.7438731874738,26.8464016060152,-57.9361047744751,-61.4583334287008,1.57709892888864,-1.60636208852132,0.0889004178655644,0.029246904887259,33.699377377828,29.6563628911972,26.40696463556,18.4305158956649
2015-03-07,-57.9464285714286,-61.4642857142857,0.950867291007723,342.472104753767,9.88680226462228,26.8464016060152,-57.9361047744751,-61.4583334287008,1.57484055757523,-1.60366628964742,0.161509037793924,0.0348928291350603,33.7180956522624,30.5363132317861,26.40696463556,1.34995340876142
2015-03-08,-57.9464285714286,-61.4642857142857,0.867903981889997,341.778414045061,6.48514197553907,26.8464016060152,-57.9361047744751,-61.4583334287008,1.5821527938048,-1.6000193297863,0.155908892521014,0.00413017164294918,33.7363181432088,31.1530417283376,26.40696463556,8.25965579163448
2015-03-09,-57.9464285714286,-61.4642857142857,0.796186651502337,341.187602451869,8.84915956429073,26.8464016060152,-57.9361047744751,-61.4583334287008,1.62470780213674,-1.60031688114007,0.131290627208849,0.0497756886916856,33.7291843096415,12.8025151968002,26.40696463556,1.53276953306343
2015-03-10,-57.9464285714286,-61.4642857142857,0.732084812862532,340.596629551479,5.03019751821245,26.8464016060152,-57.9361047744751,-61.4583334287008,1.60860624015331,-1.59879350364208,0.13943398296833,0.00683105954279502,33.7430703163147,21.1378835837046,26.40696463556,7.24234630044115
2015-03-11,-57.9464285714286,-61.4642857142857,0.687074650611196,340.113087245396,7.97353628703526,26.8464016060152,-57.9361047744751,-61.4583334287008,1.58066349426905,-1.60236416359742,0.103361104987562,0.0569933162691693,33.7690234502157,34.7987322489421,26.40696463556,10.7256776423783
2015-03-12,-57.9464285714286,-61.4642857142857,0.674336344003677,339.720840454102,5.27286507402148,26.8464016060152,-57.9361047744751,-61.4583334287008,1.58055972854296,-1.59194463690122,0.222800379091253,0.00906399718175332,33.7778992335002,38.4571388085683,26.40696463556,34.2098506831589
2015-03-13,-57.9464285714286,-61.4642857142857,0.643058591655323,339.036958966936,2.9783012015479,26.8464016060152,-57.9361047744751,-61.4583334287008,1.59158301005761,-1.5963596512874,0.220862452158084,0.0199845373009642,33.7698625564575,29.7555482387543,26.40696463556,29.5609487271032
2015-03-14,-57.9464285714286,-61.4642857142857,0.656592490417617,339.079714093889,6.91455093451909,26.8464016060152,-57.9361047744751,-61.4583334287008,1.53140051066875,-1.60676900744438,0.20154932209601,0.0814539015914003,33.756930510203,33.7280411402384,26.40696463556,21.4722797420215
2015-03-15,-57.9464285714286,-61.4642857142857,0.699366420507431,339.671447753906,7.92566304547446,26.8464016060152,-57.9361047744751,-61.4583334287008,1.472560830911,-1.60880103210608,0.139601834584028,0.0690989920248588,33.7427143414815,35.1382508436839,26.40696463556,3.49678426135941
2015-03-16,-57.9464285714286,-61.4642857142857,0.685822265488761,339.54506792341,4.6030102457319,26.8464016060152,-57.9361047744751,-61.4583334287008,1.43682365169128,-1.60439109802246,0.176656391533713,-0.00673950426280498,33.722927570343,26.9287711143494,26.40696463556,17.0133079238193
2015-03-17,-57.9464285714286,-61.4642857142857,0.685753850000245,339.59368460519,7.77238547801971,26.8464016060152,-57.9361047744751,-61.4583334287008,1.41331219424804,-1.59979298313459,0.190995004835228,0.0503962318102519,33.7130603790283,30.151017220815,26.40696463556,9.53436409764848
2015-03-18,-57.9464285714286,-61.4642857142857,0.73292293718883,340.204476492746,8.60402015277318,26.8464016060152,-57.9361047744751,-61.4583334287008,1.36143682872256,-1.59272794524829,0.186498612258583,0.0648874375037849,33.7046550750732,35.285756667455,26.40696463556,9.67640036281579
2015-03-19,-57.9464285714286,-61.4642857142857,0.781705741371427,340.589981079102,9.24834064074925,26.8464016060152,-57.9361047744751,-61.4583334287008,1.27031466116508,-1.59077221651872,0.228364920026312,0.075706249071906,33.7033833821615,37.1283117771149,26.40696463556,37.4896995553838
2015-03-20,-57.9464285714286,-61.4642857142857,0.844462588429451,341.305062430246,9.85001816068377,26.8464016060152,-57.9361047744751,-61.4583334287008,1.10863981122772,-1.60365357398987,0.159148940754433,0.103467920143157,33.6927141507467,38.3719411055247,26.40696463556,18.3506824595424
2015-03-21,-57.9464285714286,-61.4642857142857,0.902715806450163,342.236363002232,10.5759088141578,26.8464016060152,-57.9361047744751,-61.4583334287008,1.00740381057064,-1.61590675711632,0.13268430630366,0.0643686227500439,33.6877423286438,36.6527315775553,26.40696463556,3.22608245945113
2015-03-22,-57.9464285714286,-61.4642857142857,0.947265635643687,343.006042480469,9.10030129977635,26.8464016060152,-57.9361047744751,-61.4583334287008,0.978008382767439,-1.61487930119038,0.170842615049332,0.0492873924473921,33.695473575592,35.9304601669312,26.40696463556,2.79579340124981
2015-03-23,-57.9464285714286,-61.4642857142857,0.989107704588345,343.682510375977,10.3366195474352,26.8464016060152,-57.9361047744751,-61.4583334287008,0.950096151232719,-1.60541347265244,0.162302520032972,0.0679443752703567,33.7019209543864,34.2748309135437,26.40696463556,3.9277146612951
2015-03-24,-57.9464285714286,-61.4642857142857,1.01777613588742,344.022332327706,9.52661539827074,26.8464016060152,-57.9361047744751,-61.4583334287008,0.947904928028584,-1.6024531831344,0.229850153966496,0.0880052085034549,33.7125260353088,35.4752256790797,26.40696463556,43.3582758958033
2015-03-25,-57.9464285714286,-61.4642857142857,1.03172237106732,343.568052019392,9.72234226976122,26.8464016060152,-57.9361047744751,-61.4583334287008,0.852717689921459,-1.62172561387221,0.185003205544005,0.155156101907293,33.7198247591654,40.3709034283956,26.40696463556,68.7438995112522
2015-03-26,-57.9464285714286,-61.4642857142857,1.08521276499544,343.798134940011,8.30460185664041,26.8464016060152,-57.9361047744751,-61.4583334287008,0.780828289439281,-1.62502670486768,0.199769076829155,0.0993886129309734,33.7245040257772,41.0512121041616,26.40696463556,28.8644011581835
2015-03-27,-57.9464285714286,-61.4642857142857,1.11535215803555,344.268155779157,7.06960914816175,26.8464016060152,-57.9361047744751,-61.4583334287008,0.774217982093493,-1.61091697712739,0.187526068153481,0.0522120832155148,33.736495367686,39.602854347229,26.40696463556,8.22967663642301
2015-03-28,-57.9464285714286,-61.4642857142857,1.14964968817575,344.890860421317,10.6172170979636,26.8464016060152,-57.9361047744751,-61.4583334287008,0.767955586314201,-1.60601366857688,0.142638426336149,0.0712708924897015,33.7472914059957,37.3762746016184,26.40696463556,3.86343246275375
2015-03-29,-57.9464285714286,-61.4642857142857,1.16393294930458,345.399797712054,7.49115249088832,26.8464016060152,-57.9361047744751,-61.4583334287008,0.750291474660238,-1.6046276162068,0.148574276796232,0.0170395010150969,33.7622966766357,36.4569044192632,26.40696463556,3.62596997481151
2015-03-30,-57.9464285714286,-61.4642857142857,1.14081188823496,345.605625697545,7.577595608575,26.8464016060152,-57.9361047744751,-61.4583334287008,0.780095846951008,-1.60946480333805,0.171290220568577,0.0105288857283692,33.7787130673726,33.7992509682973,26.40696463556,8.34540134726299
2015-03-31,-57.9464285714286,-61.4642857142857,1.12501314708165,345.791870117188,8.94678136280605,26.8464016060152,-57.9361047744751,-61.4583334287008,0.7847468684117,-1.61213772098223,0.172688986143718,0.0214901170072456,33.785922908783,34.594003868103,26.40696463556,5.62020337526974
2015-04-01,-57.9464285714286,-61.4642857142857,1.08783727884293,345.70991734096,7.15956633431571,26.8464016060152,-57.9361047744751,-61.4583334287008,0.803399779399236,-1.61702830990156,0.152663756875942,0.00930814531942209,33.7912635485331,32.2428068637848,26.40696463556,6.12109790634105
2015-04-02,-57.9464285714286,-61.4642857142857,1.02253139019012,345.285415649414,7.13407620361873,26.8464016060152,-57.9361047744751,-61.4583334287008,0.773503845681747,-1.62728252708912,0.0823999754153192,0.0783766187727451,33.7983463287353,34.6410530726115,26.40696463556,27.3119827138865
2015-04-03,-57.9464285714286,-61.4642857142857,0.979828268289566,345.005889892578,6.42026901245117,26.8464016060152,-57.9361047744751,-61.4583334287008,0.707431277632713,-1.62475203375022,0.0989664404032131,0.0913317256917556,33.8034967104594,35.9406329790751,26.40696463556,23.147159200836
2015-04-04,-57.9464285714286,-61.4642857142857,0.967923636947359,345.048525129046,8.00946380410876,26.8464016060152,-57.9361047744751,-61.4583334287008,0.636414705961943,-1.61896369357904,0.0882137520549198,0.0677358314705392,33.8106555620829,37.1588304122289,26.40696463556,20.5822221117185
2015-04-05,-57.9464285714286,-61.4642857142857,0.955073369400842,345.121481759208,4.9210228068488,26.8464016060152,-57.9361047744751,-61.4583334287008,0.594671486069759,-1.61255480349064,0.121570483098427,0.096860662723581,33.8141395250956,37.5721019029617,26.40696463556,17.4346139223896
2015-04-06,-57.9464285714286,-61.4642857142857,0.968251181500299,345.447743007115,8.12920796871185,26.8464016060152,-57.9361047744751,-61.4583334287008,0.559807140131791,-1.61647896866004,0.102231919889649,0.0821405680850148,33.8136055310567,36.7213983694712,26.40696463556,17.6738656262268
2015-04-07,-57.9464285714286,-61.4642857142857,1.01003901660442,346.148568289621,9.42696959631784,26.8464016060152,-57.9361047744751,-61.4583334287008,0.550834700713555,-1.61356191635132,0.114118879660964,0.0546230455550055,33.816364924113,36.6247565507889,26.40696463556,6.24232432514122
2015-04-08,-57.9464285714286,-61.4642857142857,1.04288038824286,346.824238368443,7.63579596791949,26.8464016060152,-57.9361047744751,-61.4583334287008,0.552415558695793,-1.60685038765272,0.150329091058423,0.067339090971897,33.8187301635742,36.9095959583918,26.40696463556,2.76526336896615
2015-04-09,-57.9464285714286,-61.4642857142857,1.04048670189721,347.233431134905,5.29625001975468,26.8464016060152,-57.9361047744751,-61.4583334287008,0.571404175211986,-1.605024360617,0.163167210823546,0.0222073021344841,33.8231552441915,36.5675341288249,26.40696463556,3.54551413797573
2015-04-10,-57.9464285714286,-61.4642857142857,1.00768662563392,347.391756330218,5.06693238019943,26.8464016060152,-57.9361047744751,-61.4583334287008,0.603186152378718,-1.60620949665705,0.17317728108416,0.0306202379986644,33.8285086631775,34.5151641686757,26.40696463556,4.10836301457179
2015-04-11,-57.9464285714286,-61.4642857142857,0.922223455139569,346.696147373744,3.86234373705728,26.8464016060152,-57.9361047744751,-61.4583334287008,0.616138206919034,-1.61259295245012,0.224087242099146,0.0534887741630276,33.8366723696391,38.5715830167135,26.40696463556,29.549480724424
2015-04-12,-57.9464285714286,-61.4642857142857,0.903319669621331,346.443775721959,6.92944834913526,26.8464016060152,-57.9361047744751,-61.4583334287008,0.555473514646292,-1.62668487429619,0.141387167976548,0.107089449434231,33.8384272575378,44.9435936609904,26.40696463556,20.1338582561998
2015-04-13,-57.9464285714286,-61.4642857142857,0.943651997617313,346.936471121652,6.19223710468837,26.8464016060152,-57.9361047744751,-61.4583334287008,0.493728466207782,-1.6305022329092,0.129037344735116,0.0808231860399246,33.8378423055013,44.8520382563273,26.40696463556,8.55626606786661
2015-04-14,-57.9464285714286,-61.4642857142857,0.966225019523076,347.348935808454,4.89775265966143,26.8464016060152,-57.9361047744751,-61.4583334287008,0.434479831345379,-1.63919492562612,0.121051667258143,0.104612363843868,33.830327129364,44.268371407191,26.40696463556,21.9733725869595
2015-04-15,-57.9464285714286,-61.4642857142857,0.951302172882216,347.687986101423,2.52282330819539,26.8464016060152,-57.9361047744751,-61.4583334287008,0.377550604877373,-1.65018920699755,0.120558284564565,0.0818302972552677,33.8220997492472,43.4787049929301,26.40696463556,10.8833610692421
2015-04-16,-57.9464285714286,-61.4642857142857,0.903109791023391,347.908569335938,2.31636531012399,26.8464016060152,-57.9361047744751,-61.4583334287008,0.385613594017923,-1.64803002874056,0.195760979379217,0.0977202673753103,33.8133637746175,44.5748283704122,26.40696463556,25.951075333386
2015-04-17,-57.9464285714286,-61.4642857142857,0.868162538324084,348.348789760045,1.80473774671555,26.8464016060152,-57.9361047744751,-61.4583334287008,0.367760266301533,-1.65479496220748,0.149047314313551,0.0978932054402928,33.8015760739644,46.2558895905813,26.40696463556,14.5527968461461
2015-04-18,-57.9464285714286,-61.4642857142857,0.850771695375443,348.728086199079,2.88435081924711,26.8464016060152,-57.9361047744751,-61.4583334287008,0.366405245227118,-1.66675567527612,0.141809340193868,0.0629189937685927,33.7950021107992,43.6147667566935,26.40696463556,1.97731993018338
2015-04-19,-57.9464285714286,-61.4642857142857,0.835519224405289,348.894984654018,3.13635776724134,26.8464016060152,-57.9361047744751,-61.4583334287008,0.411395631047587,-1.66480503181616,0.197948139129827,0.0102593056547145,33.8007625261943,44.0496555646261,26.40696463556,18.2499140745834
2015-04-20,-57.9464285714286,-61.4642857142857,0.842219678418977,349.219029017857,6.05335749898638,26.8464016060152,-57.9361047744751,-61.4583334287008,0.422742414660752,-1.66180913746357,0.152348398572455,0.0668507948517799,33.8020468711853,44.6625689506531,26.40696463556,2.72365376753328
2015-04-21,-57.9464285714286,-61.4642857142857,0.850437530449459,349.451117379325,4.15226577009474,26.8464016060152,-57.9361047744751,-61.4583334287008,0.427619270359476,-1.64775281151136,0.178762169244389,0.0292825097218156,33.8038651784261,45.3288897673289,26.40696463556,5.86872973273916
2015-04-22,-57.9464285714286,-61.4642857142857,0.843336846147265,349.532564435686,4.96918914999281,26.8464016060152,-57.9361047744751,-61.4583334287008,0.415552253462374,-1.65030111074448,0.130848109411697,0.0551215145426492,33.8006225903829,42.4715942382812,26.40696463556,2.06072232200673
2015-04-23,-57.9464285714286,-61.4642857142857,0.846549919673375,349.704156058175,5.12568073613303,26.8464016060152,-57.9361047744751,-61.4583334287008,0.357329039337734,-1.63943906923135,0.130191961303353,0.0709046700038016,33.7908185640971,39.3765086253484,26.40696463556,5.18164097940304
2015-04-24,-57.9464285714286,-61.4642857142857,0.848759864057813,350.039627075195,4.42912859576089,26.8464016060152,-57.9361047744751,-61.4583334287008,0.280257593964537,-1.63075909415881,0.124515518763413,0.0807824950354795,33.7789417584737,38.5893853505452,26.40696463556,9.49212547950229
2015-04-25,-57.9464285714286,-61.4642857142857,0.858162496771131,350.635864257812,4.23223618098668,26.8464016060152,-57.9361047744751,-61.4583334287008,0.254261928920945,-1.62420778572559,0.151849929864208,0.0742566195006172,33.7706891059876,38.4024596134822,26.40696463556,4.67188331253729
2015-04-26,-57.9464285714286,-61.4642857142857,0.860221826604434,351.170072283064,3.62191324574607,26.8464016060152,-57.9361047744751,-61.4583334287008,0.238178674069544,-1.61747336486975,0.155084893014282,0.0427259132576485,33.7652466773987,35.4650528669357,26.40696463556,0.272610929184323
2015-04-27,-57.9464285714286,-61.4642857142857,0.845603395785604,351.480937412807,4.15573612281254,26.8464016060152,-57.9361047744751,-61.4583334287008,0.207867691045006,-1.61698507269224,0.127877641345064,0.0987019461890062,33.7613172849019,37.9650277614594,26.40696463556,16.9699361582361
2015-04-28,-57.9464285714286,-61.4642857142857,0.819108252014433,351.624025617327,3.46808107410158,26.8464016060152,-57.9361047744751,-61.4583334287008,0.200256374043723,-1.60675374269485,0.186117129493505,-0.00415051728487015,33.7675482749939,37.451299349467,26.40696463556,18.9114034898907
2015-04-29,-57.9464285714286,-61.4642857142857,0.763910063675472,351.238211495536,3.17129024437496,26.8464016060152,-57.9361047744751,-61.4583334287008,0.230689432347814,-1.60767947336038,0.2029684347411,0.00610370188951492,33.7852743148804,37.4894475460053,26.40696463556,22.3800167801632
2015-04-30,-57.9464285714286,-61.4642857142857,0.742195983018194,351.41960144043,2.8709979227611,26.8464016060152,-57.9361047744751,-61.4583334287008,0.268160059116781,-1.61217077871164,0.156259854945044,0.0110070090740919,33.7859864552816,33.0871522506078,26.40696463556,5.78627987510767
2015-05-01,-57.9464285714286,-61.4642857142857,0.717763319611549,351.474251883371,1.77399915456772,26.8464016060152,-57.9361047744751,-61.4583334287008,0.312308134449025,-1.60775068600973,0.128493097734948,-0.00574256619438529,33.7523651123047,17.8482424338659,26.40696463556,14.2153413015333
2015-05-02,-57.9464285714286,-61.4642857142857,0.709819167852402,351.942504882812,3.21745129142489,26.8464016060152,-57.9361047744751,-61.4583334287008,0.296096702044209,-1.61084831058979,0.120690531438837,0.0578936125772695,33.7251783688863,11.4444415012995,26.40696463556,4.64684971070172
2015-05-03,-57.9464285714286,-61.4642857142857,0.690554078136172,352.100825718471,2.61737049477441,26.8464016060152,-57.9361047744751,-61.4583334287008,0.2677999396498,-1.61034729878108,0.0812504454515874,0.00250760419294238,33.7241609573364,16.6364032745361,26.40696463556,30.7378454266444
2015-05-04,-57.9464285714286,-61.4642857142857,0.658795065113476,352.03125,3.24956330231258,26.8464016060152,-57.9361047744751,-61.4583334287008,0.225800368065635,-1.61390778919061,0.0462965788319707,0.0743634345009923,33.7304553667704,25.0340802828471,26.40696463556,56.1417509968991
2015-05-05,-57.9464285714286,-61.4642857142857,0.660534860832351,352.318110874721,2.62577132667814,26.8464016060152,-57.9361047744751,-61.4583334287008,0.164500889368355,-1.60718100667,0.110466832108796,0.0680308441010614,33.7316379547119,29.8839803616206,26.40696463556,9.86802943342756
2015-05-06,-57.9464285714286,-61.4642857142857,0.664854615926743,352.70866394043,2.40115338563919,26.8464016060152,-57.9361047744751,-61.4583334287008,0.139896866927544,-1.60257779856523,0.120929593686014,0.0774305446694295,33.7197230974833,29.9551901181539,26.40696463556,9.21338112051556
2015-05-07,-57.9464285714286,-61.4642857142857,0.668221526912281,353.205335344587,2.54670000076294,26.8464016060152,-57.9361047744751,-61.4583334287008,0.110617408466836,-1.59712769885858,0.108935819628338,0.0684733622396986,33.7063837369283,29.5673508087794,26.40696463556,10.5588997131439
2015-05-08,-57.9464285714286,-61.4642857142857,0.662723196404321,353.299922398158,2.45677510329655,26.8464016060152,-57.9361047744751,-61.4583334287008,0.0728110794598858,-1.59458448986212,0.121122877734403,0.019460636160026,33.6972409884135,28.1584127426147,26.40696463556,6.56012605703121
2015-05-09,-57.9464285714286,-61.4642857142857,0.650427075369017,353.312752859933,2.0868986078671,26.8464016060152,-57.9361047744751,-61.4583334287008,0.0347667053341866,-1.60079754988352,0.149662770082553,0.0397147537209094,33.6858603159587,27.8023633400599,26.40696463556,0.107288521762994
2015-05-10,-57.9464285714286,-61.4642857142857,0.636169993451663,353.500187465123,1.63635578751564,26.8464016060152,-57.9361047744751,-61.4583334287008,0.0180120441441735,-1.60258033970992,0.151626128268739,0.0291807813259463,33.6728900273641,27.5658450921377,26.40696463556,1.16484428938411
2015-05-11,-57.9464285714286,-61.4642857142857,0.601185700723103,353.506829398019,0.599654078483582,26.8464016060152,-57.9361047744751,-61.4583334287008,0.0399121263995767,-1.60763877729575,0.160822372169544,0.00308236945420504,33.6665956497192,27.6523140748342,26.40696463556,9.20138110341488
2015-05-12,-57.9464285714286,-61.4642857142857,0.563711611287934,353.453964233398,0.874697006174496,26.8464016060152,-57.9361047744751,-61.4583334287008,0.0472426719963551,-1.62549465099971,0.100675476280351,0.0208950061971943,33.6621960004171,27.0266847133636,26.40696463556,13.7652079173126
2015-05-13,-57.9464285714286,-61.4642857142857,0.530250176787376,353.183983939035,0.734100090605872,26.8464016060152,-57.9361047744751,-61.4583334287008,0.0730613301197688,-1.62484867572784,0.108228807492803,-0.0364441867607335,33.6620816866557,24.4885616938273,26.40696463556,40.153667175497
2015-05-14,-57.9464285714286,-61.4642857142857,0.502445480653218,353.064634050642,0.757583320140839,26.8464016060152,-57.9361047744751,-61.4583334287008,0.100155663614472,-1.62227749923865,0.133060701129337,0.0130466628509263,33.670156288147,28.5907582759857,26.40696463556,5.864425700857
2015-05-15,-57.9464285714286,-61.4642857142857,0.492627482329096,353.191746303013,1.10430618269103,26.8464016060152,-57.9361047744751,-61.4583334287008,0.0758995521192749,-1.61709189911683,0.0889818008057773,0.00865199745943149,33.6665576616923,27.6383262952169,26.40696463556,23.533082670513
2015-05-16,-57.9464285714286,-61.4642857142857,0.470505190747125,353.094613211496,0.485785673771586,26.8464016060152,-57.9361047744751,-61.4583334287008,0.0648640594134728,-1.6068529377381,0.0805281737819314,-0.0329955951621135,33.6678420066834,27.9994619846344,26.40696463556,52.2397297494567
2015-05-17,-57.9464285714286,-61.4642857142857,0.441646969744137,352.91399710519,0.809708348342351,26.8464016060152,-57.9361047744751,-61.4583334287008,0.0553544918696086,-1.60220393737157,0.0519170712058743,-0.0310576699674129,33.6801257451375,31.5586835225423,26.40696463556,74.1086763133136
2015-05-18,-57.9464285714286,-61.4642857142857,0.435305548565728,353.41159929548,1.09737531627927,26.8464016060152,-57.9361047744751,-61.4583334287008,0.0162236593663692,-1.5957416454951,0.127455468444775,0.0522680339713891,33.6840676307678,33.005769666036,26.40696463556,2.41570216172839
2015-05-19,-57.9464285714286,-61.4642857142857,0.445806154182979,354.297664097377,1.39314310891288,26.8464016060152,-57.9361047744751,-61.4583334287008,-0.0733176472907265,-1.61196478207906,0.0807061986997724,0.0701315345242619,33.6785360018412,33.7509299437205,26.40696463556,25.9361900352501
2015-05-20,-57.9464285714286,-61.4642857142857,0.435093745589256,354.491982596261,0.39607303908893,26.8464016060152,-57.9361047744751,-61.4583334287008,-0.147825537684063,-1.6156854947408,0.0989308350719511,-0.0444858140312135,33.6814605394999,34.7249788443247,26.40696463556,51.0546410136532
2015-05-21,-57.9464285714286,-61.4642857142857,0.402605097208704,354.356667654855,0.237597767795835,26.8464016060152,-57.9361047744751,-61.4583334287008,-0.132700562663376,-1.6176564882199,0.0711640776755909,-0.0165868099778891,33.6841059366862,27.2746476491292,26.40696463556,47.6970834295153
2015-05-22,-57.9464285714286,-61.4642857142857,0.392198313559805,354.845598493304,0.747905113867351,26.8464016060152,-57.9361047744751,-61.4583334287008,-0.177678742321829,-1.61823379000028,0.126194036565721,0.0600146487044791,33.6846522967021,31.8880290667216,26.40696463556,3.62414971509466
2015-05-23,-57.9464285714286,-61.4642857142857,0.400532999208995,355.582340785435,1.17267331055232,26.8464016060152,-57.9361047744751,-61.4583334287008,-0.266133591160178,-1.61919512848059,0.0820388395649691,0.0546637368388474,33.6760943730672,34.9576825936635,26.40696463556,22.1986729816435
2015-05-24,-57.9464285714286,-61.4642857142857,0.399400698287146,355.545412336077,1.0709447647844,26.8464016060152,-57.9361047744751,-61.4583334287008,-0.373418358092507,-1.61714784403642,-0.0293435469580193,0.0193843399174511,33.6803540229797,38.0362373352051,26.40696463556,159.926431160697
2015-05-25,-57.9464285714286,-61.4642857142857,0.391887266721044,355.6637638637,0.685698015349252,26.8464016060152,-57.9361047744751,-61.4583334287008,-0.48700825193276,-1.60758791764577,-0.0355184589202205,0.0684377575603624,33.6841688474019,41.6018167495728,26.40696463556,171.032820686873
2015-05-26,-57.9464285714286,-61.4642857142857,0.392548412084579,356.183850969587,0.952518961259297,26.8464016060152,-57.9361047744751,-61.4583334287008,-0.558311695667605,-1.60000152389208,0.01126133032764,0.0123905148357153,33.6888736089071,44.3077913125356,26.40696463556,98.2026717456819
2015-05-27,-57.9464285714286,-61.4642857142857,0.399073756166867,356.656138828823,1.00450508083616,26.8464016060152,-57.9361047744751,-61.4583334287008,-0.620441273413599,-1.59969125588735,0.0742159286203484,0.0173446862027049,33.6892551104228,44.4921738465627,26.40696463556,30.6176999754581
2015-05-28,-57.9464285714286,-61.4642857142857,0.403892998184477,357.144790649414,0.700638306992395,26.8464016060152,-57.9361047744751,-61.4583334287008,-0.654426692177852,-1.60109001795451,0.0853907896516224,0.00679036835208535,33.6890644073486,44.4540256818136,26.40696463556,26.3844823231352
2015-05-29,-57.9464285714286,-61.4642857142857,0.401238596865109,357.620814732143,0.614030150430543,26.8464016060152,-57.9361047744751,-61.4583334287008,-0.669795811548829,-1.61608732442061,0.1073488569508,0.0316578671336174,33.6898275375366,46.04734638532,26.40696463556,8.93974606591022
2015-05-30,-57.9464285714286,-61.4642857142857,0.397121701921736,358.08130972726,0.767857564347131,26.8464016060152,-57.9361047744751,-61.4583334287008,-0.736857186257839,-1.61919257640839,0.0586107974561552,0.0648060542841752,33.6956894556681,49.277222442627,26.40696463556,41.9507925919532
2015-05-31,-57.9464285714286,-61.4642857142857,0.390858662979943,358.533743722098,0.596424341201782,26.8464016060152,-57.9361047744751,-61.4583334287008,-0.817810582742095,-1.62157048285007,0.13474939117829,0.0988392791400353,33.6891407330831,53.0920364061991,26.40696463556,15.9119939178309
2015-06-01,-57.9464285714286,-61.4642857142857,0.388698032924107,359.579273768834,0.584150195121765,26.8464016060152,-57.9361047744751,-61.4583334287008,-0.88388315004607,-1.62229529718558,0.0928576507605612,0.0705537073935072,33.6818162600199,55.613628466924,26.40696463556,18.6324519011433
2015-06-02,-57.9464285714286,-61.4642857142857,0.389042952230998,360.60895211356,0.590753634061132,26.8464016060152,-57.9361047744751,-61.4583334287008,-0.955241532747944,-1.61008280118306,0.114118879474699,0.0494450715991358,33.6875384012858,55.8755785147349,26.40696463556,5.82414416566058
2015-06-03,-57.9464285714286,-61.4642857142857,0.387832220111574,361.412514822824,0.529946963701929,26.8464016060152,-57.9361047744751,-61.4583334287008,-1.01033354674776,-1.59535254041354,0.0976337982962529,0.0493179114535451,33.6919253985087,55.4851956526438,26.40696463556,12.729136491536
2015-06-04,-57.9464285714286,-61.4642857142857,0.383626280086381,361.5166015625,0.522204663072314,26.8464016060152,-57.9361047744751,-61.4583334287008,-1.02978604435921,-1.58474226991336,0.0962401197291911,0.0156712545702855,33.7040435791016,56.9132078170776,26.40696463556,17.2950968086308
2015-06-05,-57.9464285714286,-61.4642857142857,0.37410292668002,361.342926025391,0.28471661146198,26.8464016060152,-57.9361047744751,-61.4583334287008,-1.04397715205948,-1.58507034182549,0.106473993385832,0.0184179203895231,33.7143818219503,56.3435288270315,26.40696463556,11.8025062782471
2015-06-06,-57.9464285714286,-61.4642857142857,0.358622029423714,361.189557756696,0.173566911901746,26.8464016060152,-57.9361047744751,-61.4583334287008,-1.02324898143609,-1.58665985266368,0.13392539213722,0.0111494287848473,33.7319938341777,60.1201946735382,26.40696463556,6.34513241312616
2015-06-07,-57.9464285714286,-61.4642857142857,0.3435118496418,361.131892613002,0.219064746584211,26.8464016060152,-57.9361047744751,-61.4583334287008,-1.02874230717619,-1.60400453607241,0.111082288250327,0.0390484327760835,33.7359613100688,60.5258364359538,26.40696463556,6.86311416356309
2015-06-08,-57.9464285714286,-61.4642857142857,0.330094386424337,361.03354535784,0.167494129389524,26.8464016060152,-57.9361047744751,-61.4583334287008,-1.03546249220769,-1.61810663243135,0.174235256047299,0.0303201391982536,33.7441759427388,62.6214406649272,26.40696463556,4.42287392605486
2015-06-09,-57.9464285714286,-61.4642857142857,0.319823586515018,360.853445870536,0.332732585924012,26.8464016060152,-57.9361047744751,-61.4583334287008,-1.04206058283647,-1.6262906730175,0.194296090646336,0.0461388999285797,33.7458544095357,63.7518973668416,26.40696463556,10.8311302324696
2015-06-10,-57.9464285714286,-61.4642857142857,0.304328556571688,360.37277003697,0.144727801105806,26.8464016060152,-57.9361047744751,-61.4583334287008,-1.03461407274008,-1.62545142074426,0.205038606158147,-0.0146692301146686,33.7575658480326,66.2493291378021,26.40696463556,33.5644381764517
2015-06-11,-57.9464285714286,-61.4642857142857,0.29008281656674,360.046657017299,0.272833397345884,26.8464016060152,-57.9361047744751,-61.4583334287008,-1.05201572875182,-1.63145593206088,0.103503524387876,0.0791802724512915,33.774808883667,67.5349216461182,26.40696463556,16.0159452881214
2015-06-12,-57.9464285714286,-61.4642857142857,0.281239622405597,359.48834664481,0.226311664496149,26.8464016060152,-57.9361047744751,-61.4583334287008,-1.08446300576131,-1.62354400952657,0.0808282718993723,0.00752789896602432,33.7971892992655,69.3914642969767,26.40696463556,29.064798766792
2015-06-13,-57.9464285714286,-61.4642857142857,0.271888549838747,358.933909824916,0.123629581715379,26.8464016060152,-57.9361047744751,-61.4583334287008,-1.12809226860603,-1.60952838460604,0.10255745081231,0.00348928294455012,33.8112279574076,67.5616252263387,26.40696463556,18.4250245114229
2015-06-14,-57.9464285714286,-61.4642857142857,0.261599303356239,358.608361380441,0.111305679593767,26.8464016060152,-57.9361047744751,-61.4583334287008,-1.17256384044886,-1.59857987562815,0.0287992999578516,-0.0124668111093342,33.821235148112,64.5135889689128,26.40696463556,86.7299233025541
2015-06-15,-57.9464285714286,-61.4642857142857,0.251332180840628,358.165601457868,0.129568544881684,26.8464016060152,-57.9361047744751,-61.4583334287008,-1.20852074523767,-1.58500676651796,0.0243944615746538,-0.00286365343878667,33.8363166491191,65.0285887718201,26.40696463556,87.1114694343183
2015-06-16,-57.9464285714286,-61.4642857142857,0.243668853172234,357.882919311523,0.127048829836505,26.8464016060152,-57.9361047744751,-61.4583334287008,-1.24161501526833,-1.57427696188291,0.0248166345059872,0.0436618139967322,33.8541958808899,67.9342052141825,26.40696463556,75.6304954001589
2015-06-17,-57.9464285714286,-61.4642857142857,0.236909729029451,357.757714407785,0.0892146080732346,26.8464016060152,-57.9361047744751,-61.4583334287008,-1.25860772480567,-1.57416506409645,0.0874355293189486,0.0763827426048617,33.8724301656087,72.2576610247294,26.40696463556,23.4788989164272
2015-06-18,-57.9464285714286,-61.4642857142857,0.232328124344349,357.715663364955,0.138164848621402,26.8464016060152,-57.9361047744751,-61.4583334287008,-1.26833702474833,-1.58283994793892,0.0812351856691142,0.0273649302000801,33.8871041297913,74.0862280845642,26.40696463556,23.5339951188398
2015-06-19,-57.9464285714286,-61.4642857142857,0.225927176220076,357.459664481027,0.0462631850636431,26.8464016060152,-57.9361047744751,-61.4583334287008,-1.289468045036,-1.58532466292381,0.122470777916412,-0.0511134169064462,33.8947847048442,73.9488949139913,26.40696463556,48.4017814961532
2015-06-20,-57.9464285714286,-61.4642857142857,0.219013152377946,357.516533987863,0.098978640511632,26.8464016060152,-57.9361047744751,-61.4583334287008,-1.35665148347616,-1.58264157275359,0.14544612908115,0.00637836850558718,33.8780632019043,37.970113992691,26.40696463556,7.08892361176243
2015-06-21,-57.9464285714286,-61.4642857142857,0.214766065989222,357.79764011928,0.103455906733871,26.8464016060152,-57.9361047744751,-61.4583334287008,-1.34657427767913,-1.58407340248426,0.0371868037618697,0.0301319415681064,33.896501159668,59.6140961011251,26.40696463556,62.137145895251
2015-06-22,-57.9464285714286,-61.4642857142857,0.210498996078968,358.03573172433,0.116661243672882,26.8464016060152,-57.9361047744751,-61.4583334287008,-1.30798056821028,-1.60166732768218,0.0962909837253392,0.0614235864952207,33.9212852160136,78.3168573379517,26.40696463556,14.7934512243756
2015-06-23,-57.9464285714286,-61.4642857142857,0.205336502620152,358.330141339983,0.0655167597745146,26.8464016060152,-57.9361047744751,-61.4583334287008,-1.35614488025506,-1.61822616259257,0.207993814504395,0.0232093264348805,33.9153080940247,50.6530983289083,26.40696463556,20.2662980512775
2015-06-24,-57.9464285714286,-61.4642857142857,0.202964487884726,359.079284667969,0.179021062595504,26.8464016060152,-57.9361047744751,-61.4583334287008,-1.36638078788916,-1.62866349716981,0.20804467946291,0.0609098583459854,33.9260914802551,66.2582303682963,26.40696463556,19.5812457126404
2015-06-25,-57.9464285714286,-61.4642857142857,0.201267478721482,359.933240618025,0.0709891985835774,26.8464016060152,-57.9361047744751,-61.4583334287008,-1.36781515876452,-1.62127547462781,0.15466271918267,0.00893175049374501,33.9398253440857,75.5116980870565,26.40696463556,6.36934050232658
2015-06-26,-57.9464285714286,-61.4642857142857,0.198023266025952,360.695020403181,0.0889938907431705,26.8464016060152,-57.9361047744751,-61.4583334287008,-1.37228306829929,-1.61536759734154,0.198365224401156,0.0260882391283909,33.9510663668315,73.236797618866,26.40696463556,14.3785697016574
2015-06-27,-57.9464285714286,-61.4642857142857,0.194877060396331,361.342821393694,0.0853812681244952,26.8464016060152,-57.9361047744751,-61.4583334287008,-1.37667773266633,-1.62803786297639,0.20556250733013,0.00336212236434221,33.9663635571798,72.9608591715495,26.40696463556,24.9200405925699
2015-06-28,-57.9464285714286,-61.4642857142857,0.192871976111616,361.800968715123,0.145809679691281,26.8464016060152,-57.9361047744751,-61.4583334287008,-1.40439464648565,-1.65112257003784,0.176783551524083,0.04365672795102,33.9794102986654,70.7711554209391,26.40696463556,4.19938503774487
2015-06-29,-57.9464285714286,-61.4642857142857,0.191030622592994,361.787955147879,0.127928469596165,26.8464016060152,-57.9361047744751,-61.4583334287008,-1.40578018426895,-1.65760775407155,0.0731732127256692,0.0762962742087742,34.0021464665731,76.1894628206889,26.40696463556,33.0779790525643
2015-06-30,-57.9464285714286,-61.4642857142857,0.18743585050106,361.40943472726,0.0984812961625201,26.8464016060152,-57.9361047744751,-61.4583334287008,-1.4024048358202,-1.65629292428493,0.0859146904200316,0.091697947991391,34.0272350947062,81.818856048584,26.40696463556,30.5472836079631
2015-07-01,-57.9464285714286,-61.4642857142857,0.183186069130898,360.901744297573,0.105889123731426,26.8464016060152,-57.9361047744751,-61.4583334287008,-1.40681781570117,-1.64433728853861,0.0868251590058207,0.106229844782501,34.047987651825,86.3216074625651,26.40696463556,37.9813525874286
2015-07-02,-57.9464285714286,-61.4642857142857,0.179180658289364,360.521200997489,0.0880228246429137,26.8464016060152,-57.9361047744751,-61.4583334287008,-1.43742176989714,-1.63909064730008,0.146763512026519,0.0849126656850179,34.0516881306966,85.2649044672648,26.40696463556,8.39187306786159
2015-07-03,-57.9464285714286,-61.4642857142857,0.174546571714537,359.637037004743,0.08316952043346,26.8464016060152,-57.9361047744751,-61.4583334287008,-1.41880548298359,-1.64623197515806,0.0707266463587681,0.137078971415758,34.0741828282674,91.4296439488729,26.40696463556,73.0626148911487
2015-07-04,-57.9464285714286,-61.4642857142857,0.171018433357988,358.942258562361,0.107704634112971,26.8464016060152,-57.9361047744751,-61.4583334287008,-1.3958616733551,-1.63974679708481,0.0312153491812448,0.100522883546849,34.0956224441528,98.8952348073324,26.40696463556,83.9631071859087
2015-07-05,-57.9464285714286,-61.4642857142857,0.168554925492832,358.240101405552,0.134227759071759,26.8464016060152,-57.9361047744751,-61.4583334287008,-1.38557692865531,-1.63264361818631,0.0434380118114253,0.0755638295474152,34.1086944262187,102.323481241862,26.40696463556,59.4564705576045
2015-07-06,-57.9464285714286,-61.4642857142857,0.166391126811504,357.480098179408,0.118802179183279,26.8464016060152,-57.9361047744751,-61.4583334287008,-1.3854304432869,-1.62144587437312,0.0828374069804947,0.0524460584235688,34.1164765357971,103.333135414124,26.40696463556,21.463848469384
2015-07-07,-57.9464285714286,-61.4642857142857,0.163955219089985,356.86003112793,0.127587235399655,26.8464016060152,-57.9361047744751,-61.4583334287008,-1.3911068846782,-1.62270983457565,0.119647816258172,0.0722780030220747,34.1239280382792,103.233950424194,26.40696463556,7.9741248094858
2015-07-08,-57.9464285714286,-61.4642857142857,0.161003323537963,356.035616193499,0.129880038223096,26.8464016060152,-57.9361047744751,-61.4583334287008,-1.40427867472172,-1.63930936356386,0.139632353838533,0.0786716306271652,34.1324350992839,103.726061503092,26.40696463556,6.35912630521128
2015-07-09,-57.9464285714286,-61.4642857142857,0.159761162740844,355.755222865513,0.186236760446004,26.8464016060152,-57.9361047744751,-61.4583334287008,-1.43336281577746,-1.64545884331067,0.151595608952145,0.0192775248239438,34.1373306592305,102.41376508077,26.40696463556,3.11747324893927
2015-07-10,-57.9464285714286,-61.4642857142857,0.159127247120653,356.004616873605,0.173242336405175,26.8464016060152,-57.9361047744751,-61.4583334287008,-1.49699391126633,-1.6546271165212,0.158721681404859,-0.0206966357926528,34.1286963780721,80.7888566652934,26.40696463556,21.4969854192739
2015-07-11,-57.9464285714286,-61.4642857142857,0.157391290579523,356.338204520089,0.187964720119323,26.8464016060152,-57.9361047744751,-61.4583334287008,-1.55817131201426,-1.66855118175348,0.17749056443572,0.0321410767734051,34.1155224482218,67.0809589783351,26.40696463556,5.10450574007818
2015-07-12,-57.9464285714286,-61.4642857142857,0.154261309121336,356.310745239258,0.124168779834041,26.8464016060152,-57.9361047744751,-61.4583334287008,-1.57037260532379,-1.68061870932579,0.159418520672868,0.0674255600509544,34.1228595415751,77.8361905097961,26.40696463556,3.42807916749546
2015-07-13,-57.9464285714286,-61.4642857142857,0.149891485060964,355.88217817034,0.0804185598556485,26.8464016060152,-57.9361047744751,-61.4583334287008,-1.64564957022667,-1.68402153054873,0.0835851115174591,0.0342671995982528,34.1032517115275,38.2307929356893,26.40696463556,21.0901902851552
2015-07-14,-57.9464285714286,-61.4642857142857,0.14653629809618,354.808755057199,0.178401043904679,26.8464016060152,-57.9361047744751,-61.4583334287008,-1.5803277472655,-1.67483036716779,0.0881984927070638,0.078529210947454,34.128975836436,87.3833981513977,26.40696463556,23.7402415817213
2015-07-15,-57.9464285714286,-61.4642857142857,0.143971515021154,354.138275146484,0.132035208333816,26.8464016060152,-57.9361047744751,-61.4583334287008,-1.60574356516202,-1.6633961002032,0.142399364771942,-0.00349436942487955,34.1215370178223,75.3324011961619,26.40696463556,11.4046766792092
2015-07-16,-57.9464285714286,-61.4642857142857,0.141205270907709,353.877768380301,0.14398783285703,26.8464016060152,-57.9361047744751,-61.4583334287008,-1.62857750952244,-1.66433199842771,0.162795902447154,0.0524714904526869,34.120100180308,78.7568325519562,26.40696463556,1.48611716232382
2015-07-17,-57.9464285714286,-61.4642857142857,0.137103842305286,354.018173217773,0.0717386584728956,26.8464016060152,-57.9361047744751,-61.4583334287008,-1.65084381798903,-1.65809350609779,0.182831304116795,-0.0145268101245165,34.1088973999023,64.0634407997131,26.40696463556,23.2367099998673
2015-07-18,-57.9464285714286,-61.4642857142857,0.13397730620844,354.298213413783,0.135385475520577,26.8464016060152,-57.9361047744751,-61.4583334287008,-1.66201968987783,-1.64741711715857,0.113081250494967,0.0503555406505863,34.1137296676636,72.2652907371521,26.40696463556,6.23316270511735
2015-07-19,-57.9464285714286,-61.4642857142857,0.131243160792759,353.413264683315,0.132616655901074,26.8464016060152,-57.9361047744751,-61.4583334287008,-1.66046935121218,-1.64440087179343,0.156778669854005,0.0785292112889389,34.123953183492,81.8582758267721,26.40696463556,6.3785499971835
2015-07-20,-57.9464285714286,-61.4642857142857,0.12766823385443,352.026835850307,0.133824314922094,26.8464016060152,-57.9361047744751,-61.4583334287008,-1.62920619348685,-1.65125735998154,0.06957202811415,0.0905891088458399,34.1449345906575,97.0857413609823,26.40696463556,41.4739243451638
2015-07-21,-57.9464285714286,-61.4642857142857,0.125056339161737,350.980571201869,0.13537922129035,26.8464016060152,-57.9361047744751,-61.4583334287008,-1.62912684480349,-1.65277056892713,0.161524297265957,0.0734936570438246,34.1517122268677,99.5513831456502,26.40696463556,5.30296429841602
2015-07-22,-57.9464285714286,-61.4642857142857,0.123166047036648,350.233001708984,0.130269568679588,26.8464016060152,-57.9361047744751,-61.4583334287008,-1.61513716081778,-1.66374706129233,0.155944496579468,0.065045116469264,34.1630674044291,104.489023717244,26.40696463556,2.55464767793504
2015-07-23,-57.9464285714286,-61.4642857142857,0.120129287775074,348.817374093192,0.0945653596094676,26.8464016060152,-57.9361047744751,-61.4583334287008,-1.5880733470122,-1.67135888636112,0.112374237769594,0.112023275159299,34.1798782666524,111.768960062663,26.40696463556,29.4409732949573
2015-07-24,-57.9464285714286,-61.4642857142857,0.117334249828543,347.700003487723,0.0899324731103012,26.8464016060152,-57.9361047744751,-61.4583334287008,-1.56310309867064,-1.68417920867602,0.090721355813245,0.106087425258011,34.1981009801229,119.605859375,26.40696463556,35.5927938188239
2015-07-25,-57.9464285714286,-61.4642857142857,0.116079930748258,347.165108816964,0.119015573923077,26.8464016060152,-57.9361047744751,-61.4583334287008,-1.56713155210018,-1.6814121901989,0.0892564675149818,0.0463983073209723,34.2057308514913,120.446390406291,26.40696463556,17.1691292202101
2015-07-26,-57.9464285714286,-61.4642857142857,0.115613063531263,346.751453944615,0.111734676573958,26.8464016060152,-57.9361047744751,-61.4583334287008,-1.5748649319013,-1.68445641497771,0.0378887293549875,0.00755841753756007,34.206849861145,115.73255182902,26.40696463556,67.0319866429722
2015-07-27,-57.9464285714286,-61.4642857142857,0.114574894841228,346.482131958008,0.0647673082670995,26.8464016060152,-57.9361047744751,-61.4583334287008,-1.61610764761766,-1.67724895675977,0.00679545470823844,-0.0137282428952555,34.1971855481466,88.3905093193054,26.40696463556,116.056201690241
2015-07-28,-57.9464285714286,-61.4642857142857,0.113509710345949,346.1871207101,0.129771107541663,26.8464016060152,-57.9361047744751,-61.4583334287008,-1.67795035243034,-1.66910306016604,0.0742413602769375,0.0242622149797777,34.1837573369344,55.174924548467,26.40696463556,28.9972711622074
2015-07-29,-57.9464285714286,-61.4642857142857,0.11330899436559,346.046168736049,0.170803918370179,26.8464016060152,-57.9361047744751,-61.4583334287008,-1.63696399629116,-1.65677612423897,0.0831069876439869,0.0663370667646329,34.1983552932739,98.442543665568,26.40696463556,23.4329613892389
2015-07-30,-57.9464285714286,-61.4642857142857,0.112905054220131,346.000416346959,0.100945517420769,26.8464016060152,-57.9361047744751,-61.4583334287008,-1.63745839397113,-1.65618863900503,0.101840266523262,0.00224311041335265,34.1973633766174,100.522888342539,26.40696463556,19.2641746991869
2015-07-31,-57.9464285714286,-61.4642857142857,0.113520063992058,345.829748971122,0.20447437358754,26.8464016060152,-57.9361047744751,-61.4583334287008,-1.68070312241713,-1.65468815565109,0.127140110513816,0.020228685438633,34.1822440465291,67.3734278996785,26.40696463556,4.95046535007075
2015-08-01,-57.9464285714286,-61.4642857142857,0.11549327362861,345.779758998326,0.220965043774673,26.8464016060152,-57.9361047744751,-61.4583334287008,-1.69159213105838,-1.66612241665522,0.115039521176368,0.0606504512019455,34.1767886797587,68.5865386644999,26.40696463556,6.76091688339564
2015-08-02,-57.9464285714286,-61.4642857142857,0.117961755820683,345.917194911412,0.274992670331682,26.8464016060152,-57.9361047744751,-61.4583334287008,-1.68771628042062,-1.67376221219699,0.134337392728776,0.0385957415836553,34.1747667948405,75.8868204434713,26.40696463556,1.05057780938691
2015-08-03,-57.9464285714286,-61.4642857142857,0.121612529137305,346.080695016044,0.400479081485953,26.8464016060152,-57.9361047744751,-61.4583334287008,-1.69688404301802,-1.68968016902606,0.159861038966725,0.0535905024347206,34.1715369860331,72.9621299743652,26.40696463556,1.1907354328323
2015-08-04,-57.9464285714286,-61.4642857142857,0.126833232385772,346.664814540318,0.441530925886972,26.8464016060152,-57.9361047744751,-61.4583334287008,-1.70542921721935,-1.69106112321218,0.172658467882623,0.0414492220617831,34.170278040568,70.6846860567729,26.40696463556,3.12007018436554
2015-08-05,-57.9464285714286,-61.4642857142857,0.132160200604371,347.399666922433,0.441713142607893,26.8464016060152,-57.9361047744751,-61.4583334287008,-1.72625505427519,-1.6763791869084,0.159459211397916,-0.0286772259511054,34.1621143976847,58.7138003031413,26.40696463556,27.0584871819251
2015-08-06,-57.9464285714286,-61.4642857142857,0.129120607993432,346.518188476562,0.323499218959893,26.8464016060152,-57.9361047744751,-61.4583334287008,-1.73805961410205,-1.66017893354098,0.205135247980555,0.00355031996344527,34.144846089681,50.9913453578949,26.40696463556,24.5979535657982
2015-08-07,-57.9464285714286,-61.4642857142857,0.131003588438034,346.89357648577,0.467319571013962,26.8464016060152,-57.9361047744751,-61.4583334287008,-1.76444591085116,-1.66198461850484,0.143777785170823,0.0156814273757239,34.1405099550883,47.128210512797,26.40696463556,4.0788724478097
2015-08-08,-57.9464285714286,-61.4642857142857,0.136616338576589,347.666296822684,0.527429864342724,26.8464016060152,-57.9361047744751,-61.4583334287008,-1.78306831121445,-1.66691080729167,0.141198970346401,0.0418510492580632,34.1376615842183,48.2523088614146,26.40696463556,0.240358701909317
2015-08-09,-57.9464285714286,-61.4642857142857,0.137586812887873,347.028937203544,0.455669908651284,26.8464016060152,-57.9361047744751,-61.4583334287008,-1.77242345313231,-1.67461418807507,0.19678843508785,0.0421969257605573,34.1384880065918,59.4080961545308,26.40696463556,12.0126423177692
2015-08-10,-57.9464285714286,-61.4642857142857,0.140251377863543,347.210922241211,0.418983766010829,26.8464016060152,-57.9361047744751,-61.4583334287008,-1.77217320700487,-1.68414360185464,0.161768445403626,0.0625222529284656,34.1362118403117,63.1771323204041,26.40696463556,2.69813275291688
2015-08-11,-57.9464285714286,-61.4642857142857,0.142891450652054,347.286828177316,0.385704470000097,26.8464016060152,-57.9361047744751,-61.4583334287008,-1.78295844197273,-1.6756492694219,0.206742555554956,0.0211849320059021,34.1259754816691,60.8297501246134,26.40696463556,19.9615262126421
2015-08-12,-57.9464285714286,-61.4642857142857,0.140706292220524,345.846594674247,0.35934819866504,26.8464016060152,-57.9361047744751,-61.4583334287008,-1.76760153075059,-1.67568233807882,0.174398020934314,0.100975574739277,34.1327913602193,66.4883909543355,26.40696463556,19.7911440633592
2015-08-13,-57.9464285714286,-61.4642857142857,0.135404510157449,344.867438180106,0.117556916017618,26.8464016060152,-57.9361047744751,-61.4583334287008,-1.75367288589478,-1.67651397287846,0.221935686500122,0.0559760327761372,34.1377635002136,69.7475143750509,26.40696463556,28.1993499588265
2015-08-14,-57.9464285714286,-61.4642857142857,0.132058568298817,344.865733555385,0.22352369528796,26.8464016060152,-57.9361047744751,-61.4583334287008,-1.73930476307869,-1.68327890535196,0.209097567821542,0.0402488275431097,34.1424937884013,72.0783651351929,26.40696463556,18.8529968598299
2015-08-15,-57.9464285714286,-61.4642857142857,0.133345937622445,345.037081037249,0.253424729619707,26.8464016060152,-57.9361047744751,-61.4583334287008,-1.73431804776192,-1.67868586579959,0.221091341879219,0.0160781680916746,34.145113213857,72.935426680247,26.40696463556,30.7412203968384
2015-08-16,-57.9464285714286,-61.4642857142857,0.132009561572756,343.300722394671,0.21449073563729,26.8464016060152,-57.9361047744751,-61.4583334287008,-1.69108552138011,-1.68555761873722,0.136712749830137,0.069846695382148,34.1670992215474,80.1988315582275,26.40696463556,3.96627576349526
2015-08-17,-57.9464285714286,-61.4642857142857,0.133261056882995,342.379174368722,0.29944312785353,26.8464016060152,-57.9361047744751,-61.4583334287008,-1.69233068029086,-1.70211900472641,0.0537634413068493,0.0685140538650254,34.1685615857442,79.5210668881734,26.40696463556,47.2336075474142
2015-08-18,-57.9464285714286,-61.4642857142857,0.135953925549984,341.993486676897,0.287855439952442,26.8464016060152,-57.9361047744751,-61.4583334287008,-1.68737447063128,-1.70198420981566,0.0747449161484837,0.0778069396192829,34.1811376253764,81.7463748296102,26.40696463556,32.4172828913907
2015-08-19,-57.9464285714286,-61.4642857142857,0.137431061161416,341.847551618304,0.269588532192366,26.8464016060152,-57.9361047744751,-61.4583334287008,-1.68695331911246,-1.68929104606311,0.114769941568375,0.0685903499523799,34.1945146560669,83.8178187052409,26.40696463556,8.49018774850327
2015-08-20,-57.9464285714286,-61.4642857142857,0.139384012137141,341.794126238142,0.383991980126926,26.8464016060152,-57.9361047744751,-61.4583334287008,-1.66908777753512,-1.67957345247269,0.151631213786701,0.0933713802446922,34.2072559992472,87.4787680943807,26.40696463556,12.2816682880589
2015-08-21,-57.9464285714286,-61.4642857142857,0.142270543213402,341.009684971401,0.415929040738514,26.8464016060152,-57.9361047744751,-61.4583334287008,-1.65653856694698,-1.67456586956978,0.066565955337137,0.0763522244989872,34.2205949147542,90.1885577519735,26.40696463556,38.245447617089
2015-08-22,-57.9464285714286,-61.4642857142857,0.141459044601236,338.594022478376,0.377376114683492,26.8464016060152,-57.9361047744751,-61.4583334287008,-1.65624559223652,-1.67500839432081,0.102760907573005,0.0791548405773938,34.2332218805949,93.007705116272,26.40696463556,16.3387346006505
2015-08-23,-57.9464285714286,-61.4642857142857,0.140520370432309,336.202015468052,0.400346034339496,26.8464016060152,-57.9361047744751,-61.4583334287008,-1.65465863247712,-1.68030334810416,0.111494287227591,0.0835647653167446,34.2426065127055,94.4725936253866,26.40696463556,14.4356623424229
2015-08-24,-57.9464285714286,-61.4642857142857,0.145500865365778,335.28848702567,0.606357770306723,26.8464016060152,-57.9361047744751,-61.4583334287008,-1.65905940035979,-1.68836024800936,0.106804609826456,0.0793888159096241,34.2485705375671,92.9581127166748,26.40696463556,14.6816899080004
2015-08-25,-57.9464285714286,-61.4642857142857,0.157182750957353,335.578931535993,0.828237435647419,26.8464016060152,-57.9361047744751,-61.4583334287008,-1.67693714002768,-1.69304228325685,0.141829686518759,0.0580258593894541,34.2508976618449,88.8139533042908,26.40696463556,1.16802533220743
2015-08-26,-57.9464285714286,-61.4642857142857,0.173023908265999,336.581734793527,1.01637122886521,26.8464016060152,-57.9361047744751,-61.4583334287008,-1.71139864226182,-1.6898505628109,0.134393343236297,0.0234738204007347,34.2452644348145,67.4039464791616,26.40696463556,2.99728582972739
2015-08-27,-57.9464285714286,-61.4642857142857,0.186994686722755,338.861700875419,0.752779858452933,26.8464016060152,-57.9361047744751,-61.4583334287008,-1.7390239973863,-1.68542791903019,0.168365530079852,-0.00175990036999186,34.2319502830505,34.4032629728317,26.40696463556,12.5643794924179
2015-08-28,-57.9464285714286,-61.4642857142857,0.195167343531336,340.655787876674,0.654047074062484,26.8464016060152,-57.9361047744751,-61.4583334287008,-1.78049254715443,-1.68655710220337,0.110553300473839,0.0267952511397501,34.2058952967326,22.8672658363978,26.40696463556,8.4110402321285
2015-08-29,-57.9464285714286,-61.4642857142857,0.201629740851266,341.889216831752,0.744277358055115,26.8464016060152,-57.9361047744751,-61.4583334287008,-1.79050261775653,-1.67824843923251,0.0355286319119235,-0.0282855715602636,34.195646349589,20.7029948790868,26.40696463556,89.1249482501085
2015-08-30,-57.9464285714286,-61.4642857142857,0.210043544215815,343.355327061244,0.994928240776062,26.8464016060152,-57.9361047744751,-61.4583334287008,-1.79689319729805,-1.6786172101895,0.0712047686179479,0.00588498596722881,34.1899492581685,28.4127337535222,26.40696463556,36.5853253291977
2015-08-31,-57.9464285714286,-61.4642857142857,0.222017655415194,343.358241489955,1.80578209672655,26.8464016060152,-57.9361047744751,-61.4583334287008,-1.80092773934205,-1.68400626381238,0.118157495589306,0.0849380983971059,34.1985582351685,38.5499656200409,26.40696463556,12.791594021462
2015-09-01,-57.9464285714286,-61.4642857142857,0.209172439362322,340.397168840681,0.523926255958421,26.8464016060152,-57.9361047744751,-61.4583334287008,-1.77258825600147,-1.70193334519863,0.187648141353081,0.0873592335730791,34.206009833018,60.6491824626923,26.40696463556,17.3559537185104
2015-09-02,-57.9464285714286,-61.4642857142857,0.171187772282532,333.787715366908,0.4714225679636,26.8464016060152,-57.9361047744751,-61.4583334287008,-1.68256475329399,-1.72867264548937,0.0957060454723736,0.126809493017693,34.2235576629639,82.5741894404093,26.40696463556,47.8931507494311
2015-09-03,-57.9464285714286,-61.4642857142857,0.171204855399472,332.67643737793,0.68385360283511,26.8464016060152,-57.9361047744751,-61.4583334287008,-1.69799491763115,-1.71466973821322,0.0600960322966178,0.0621102532682319,34.2268766403198,73.92982117335,26.40696463556,40.111399047263
2015-09-04,-57.9464285714286,-61.4642857142857,0.182096096021788,334.104782104492,0.535250263554709,26.8464016060152,-57.9361047744751,-61.4583334287008,-1.70294501384099,-1.69654937485854,0.151615955432256,0.0305998919531703,34.2244988123576,72.3403158346812,26.40696463556,0.96482143123643
2015-09-05,-57.9464285714286,-61.4642857142857,0.195186726748943,335.650137765067,0.893941106540816,26.8464016060152,-57.9361047744751,-61.4583334287008,-1.70758383075396,-1.69461908241113,0.110548214272906,0.103829055465758,34.2232779502869,79.344313621521,26.40696463556,24.862911396259
2015-09-06,-57.9464285714286,-61.4642857142857,0.202011293598584,335.613919939314,0.873409164803369,26.8464016060152,-57.9361047744751,-61.4583334287008,-1.70852990150452,-1.6899039665858,0.0769829396779338,0.0915911330531041,34.2242572466532,82.3580164909363,26.40696463556,36.4230702307623
2015-09-07,-57.9464285714286,-61.4642857142857,0.21197689643928,336.768916538783,1.0244414295469,26.8464016060152,-57.9361047744751,-61.4583334287008,-1.73040556708972,-1.68590095440547,0.142017883403848,-0.00503555399676164,34.2130672454834,62.810910097758,26.40696463556,12.1692274981671
2015-09-08,-57.9464285714286,-61.4642857142857,0.23538957961968,339.358317783901,1.56564133507865,26.8464016060152,-57.9361047744751,-61.4583334287008,-1.75834221343199,-1.69650867680709,0.138080995312581,0.0418154445787271,34.1993719736735,49.9638888518016,26.40696463556,0.495682329036824
2015-09-09,-57.9464285714286,-61.4642857142857,0.255319514444896,340.237165178571,1.69819600241525,26.8464016060152,-57.9361047744751,-61.4583334287008,-1.76985379457474,-1.70667388836543,0.0191503648646176,0.0344452243608733,34.1964603106181,57.5655411879222,26.40696463556,83.2118704296444
2015-09-10,-57.9464285714286,-61.4642857142857,0.257831569228853,339.257640293666,1.11717394420079,26.8464016060152,-57.9361047744751,-61.4583334287008,-1.78126161297162,-1.70658487776915,0.0793074336523811,0.0638599806465208,34.200427532196,62.789293162028,26.40696463556,25.4396898923913
2015-09-11,-57.9464285714286,-61.4642857142857,0.264311335980892,339.066438947405,1.30737360886165,26.8464016060152,-57.9361047744751,-61.4583334287008,-1.78533888459206,-1.71744946539402,0.0673340045536558,0.0576647232907514,34.2009615580241,67.1992175102234,26.40696463556,33.3168731548742
2015-09-12,-57.9464285714286,-61.4642857142857,0.276078110294683,338.916377476283,1.38577952980995,26.8464016060152,-57.9361047744751,-61.4583334287008,-1.7905880689621,-1.73642434378465,0.0759656570541362,0.0462609739974141,34.2019916534424,67.8502793312073,26.40696463556,25.830606323454
2015-09-13,-57.9464285714286,-61.4642857142857,0.283156097999641,338.599247523717,1.15361910206931,26.8464016060152,-57.9361047744751,-61.4583334287008,-1.79153414269288,-1.75102236668269,0.0544246753988167,0.0179652293833594,34.2037590662638,68.6844523429871,26.40696463556,46.9770448018165
2015-09-14,-57.9464285714286,-61.4642857142857,0.270117477646896,336.712044852121,1.18939564909254,26.8464016060152,-57.9361047744751,-61.4583334287008,-1.77731861770153,-1.74424471755822,-0.00630715849498908,0.0474155907208721,34.2139319737752,74.896240234375,26.40696463556,118.811770842924
2015-09-15,-57.9464285714286,-61.4642857142857,0.259884032819952,335.319989885603,0.746907610978399,26.8464016060152,-57.9361047744751,-61.4583334287008,-1.74835045437018,-1.7439700504144,0.0948057489780088,0.073692027417322,34.2283775647481,83.9220900853475,26.40696463556,18.4649151390464
2015-09-16,-57.9464285714286,-61.4642857142857,0.252582848072052,334.650671822684,0.77616600053651,26.8464016060152,-57.9361047744751,-61.4583334287008,-1.72174441317717,-1.7393210619688,-0.0466984061213831,0.0348063601180911,34.2369738896688,88.9614594141642,26.40696463556,189.575628986198
2015-09-17,-57.9464285714286,-61.4642857142857,0.25262192104544,334.434690202986,1.14581877631801,26.8464016060152,-57.9361047744751,-61.4583334287008,-1.70630815625191,-1.72558773557345,-0.0180771308019757,0.039557074693342,34.2447560628255,93.4057172139486,26.40696463556,137.680389819522
2015-09-18,-57.9464285714286,-61.4642857142857,0.264239207974502,334.532849993025,1.47485086321831,26.8464016060152,-57.9361047744751,-61.4583334287008,-1.70848107834657,-1.72466964026292,0.0167851798546811,-0.00358083847289284,34.2464981714884,94.3479767481486,26.40696463556,97.1299607456849
2015-09-19,-57.9464285714286,-61.4642857142857,0.280007283602442,334.50074332101,1.44931110739708,26.8464016060152,-57.9361047744751,-61.4583334287008,-1.71066009402275,-1.73028250137965,0.0234789067568878,0.0146031067706645,34.2478588104248,96.0455688476563,26.40696463556,81.5927732175752
2015-09-20,-57.9464285714286,-61.4642857142857,0.287631739463125,333.965207781111,1.10753768256732,26.8464016060152,-57.9361047744751,-61.4583334287008,-1.70476391514142,-1.72822504540284,0.100238044311603,0.0779849647233884,34.2504400571187,95.6361124674479,26.40696463556,17.102029467236
2015-09-21,-57.9464285714286,-61.4642857142857,0.302131663475718,335.204897199358,1.62989848852158,26.8464016060152,-57.9361047744751,-61.4583334287008,-1.70281073649724,-1.73761965632439,0.0500147503179808,0.0814437291584909,34.2487996419271,88.6753487586975,26.40696463556,54.8400896683898
2015-09-22,-57.9464285714286,-61.4642857142857,0.329418952975954,337.338788713728,2.07476770877838,26.8464016060152,-57.9361047744751,-61.4583334287008,-1.72842796742916,-1.73885056575139,0.0989511805276076,0.0610319320733349,34.2384359677633,68.4250448067983,26.40696463556,13.3908358631692
2015-09-23,-57.9464285714286,-61.4642857142857,0.336310891168458,336.361301967076,2.05299192667007,26.8464016060152,-57.9361047744751,-61.4583334287008,-1.72753683129946,-1.73939736088117,0.125425987038761,0.0915962196576099,34.235587533315,70.6045753479004,26.40696463556,13.8510226587935
2015-09-24,-57.9464285714286,-61.4642857142857,0.307534073080335,332.280447823661,0.984511528696333,26.8464016060152,-57.9361047744751,-61.4583334287008,-1.688839362065,-1.74176254769166,0.100070193440964,0.097821995181342,34.2453914324443,84.7778802871704,26.40696463556,25.8995046367265
2015-09-25,-57.9464285714286,-61.4642857142857,0.303333731634276,331.798546927316,1.36276714290891,26.8464016060152,-57.9361047744751,-61.4583334287008,-1.68397470812003,-1.73994923035304,0.0948820459035536,0.0937884658885499,34.2393005371094,80.6260910987854,26.40696463556,26.4193381328249
2015-09-26,-57.9464285714286,-61.4642857142857,0.317461714148521,333.079731532506,0.886376955679485,26.8464016060152,-57.9361047744751,-61.4583334287008,-1.68266852200031,-1.74337239861488,0.0440941599508127,0.0540838849109908,34.2406993230184,81.0190169652303,26.40696463556,54.2918333110324
2015-09-27,-57.9464285714286,-61.4642857142857,0.328790615711893,335.036618913923,1.61427867412567,26.8464016060152,-57.9361047744751,-61.4583334287008,-1.7147739837567,-1.7489903430144,0.0476648254009585,0.0217495245548586,34.2308953921,61.1489232381185,26.40696463556,52.6058219463451
2015-09-28,-57.9464285714286,-61.4642857142857,0.351501449942589,337.475306919643,3.37018192665918,26.8464016060152,-57.9361047744751,-61.4583334287008,-1.78229924539725,-1.75631732642651,-0.000798568098495404,0.014725180901587,34.2081850369771,41.0194218794505,26.40696463556,114.68710304564
2015-09-29,-57.9464285714286,-61.4642857142857,0.390352864350591,339.341044834682,4.06557442460741,26.8464016060152,-57.9361047744751,-61.4583334287008,-1.76095459759235,-1.75814844469229,0.0733308920015891,0.014999847424527,34.2248045285543,35.8439911047618,26.40696463556,31.9244309263451
2015-09-30,-57.9464285714286,-61.4642857142857,0.452275310243879,340.444024222238,3.74176943302155,26.8464016060152,-57.9361047744751,-61.4583334287008,-1.73941462934017,-1.75067140758038,0.112994780515631,-0.0198268582733969,34.22825050354,46.1350874582926,26.40696463556,26.4010689723528
2015-10-01,-57.9464285714286,-61.4642857142857,0.510207478489195,343.154959542411,5.46859085559845,26.8464016060152,-57.9361047744751,-61.4583334287008,-1.74604935844739,-1.75051880876223,0.0798008155388137,0.063961709352831,34.2214601834615,48.1810988903046,26.40696463556,25.1232528260368
2015-10-02,-57.9464285714286,-61.4642857142857,0.566350543073246,345.660897391183,5.06319163526808,26.8464016060152,-57.9361047744751,-61.4583334287008,-1.75247045656045,-1.74739829699198,0.071586250482748,0.0433973204344511,34.2123430887858,46.5585316419601,26.40696463556,29.0476678330165
2015-10-03,-57.9464285714286,-61.4642857142857,0.582305846469743,346.881790161133,2.41847599404199,26.8464016060152,-57.9361047744751,-61.4583334287008,-1.75519271095594,-1.75472528239091,0.101804660850515,0.0407625559096535,34.2021832148234,46.8115808486939,26.40696463556,10.6309710047565
2015-10-04,-57.9464285714286,-61.4642857142857,0.595893853477069,348.099060058594,4.72035794598716,26.8464016060152,-57.9361047744751,-61.4583334287008,-1.8005309989055,-1.75565100510915,0.00732952880983551,0.0023702709004283,34.1654581387838,28.29320277373,26.40696463556,107.313730589885
2015-10-05,-57.9464285714286,-61.4642857142857,0.634596435087068,349.520645141602,4.54648235866002,26.8464016060152,-57.9361047744751,-61.4583334287008,-1.78555251657963,-1.74979399641355,0.0611641794753571,-0.0582038838105897,34.171154944102,24.2342409610748,26.40696463556,89.7178861677588
2015-10-06,-57.9464285714286,-61.4642857142857,0.69885784813336,352.055973597935,8.10468861034938,26.8464016060152,-57.9361047744751,-61.4583334287008,-1.79502545992533,-1.74974059561888,0.0509048737585545,0.0437381106739243,34.1586932500203,27.1525735457738,26.40696463556,46.9479150006459
2015-10-07,-57.9464285714286,-61.4642857142857,0.770029787506376,354.003616333008,7.12324064118522,26.8464016060152,-57.9361047744751,-61.4583334287008,-1.79183322985967,-1.74808496236801,0.0537481816485524,0.0425326292092601,34.1557048479716,37.3037931283315,26.40696463556,44.243098422827
2015-10-08,-57.9464285714286,-61.4642857142857,0.807961595909936,354.941029139927,7.27680536678859,26.8464016060152,-57.9361047744751,-61.4583334287008,-1.78841515481472,-1.74505345225334,0.0491754910287758,0.072181361168623,34.1519153594971,41.8624960104624,26.40696463556,52.6212048305045
2015-10-09,-57.9464285714286,-61.4642857142857,0.807273000478745,355.129274640764,4.86587807110378,26.8464016060152,-57.9361047744751,-61.4583334287008,-1.77673266629378,-1.75215918123722,0.040930407649527,0.0618254134431481,34.1513304392497,46.9425564606984,26.40696463556,58.7065783420539
2015-10-10,-57.9464285714286,-61.4642857142857,0.772637512002672,354.427551269531,3.79293094362531,26.8464016060152,-57.9361047744751,-61.4583334287008,-1.76328621009986,-1.75746941069762,0.0723288672044873,0.0572628967153529,34.1489018758138,50.4814318974813,26.40696463556,29.367956195203
2015-10-11,-57.9464285714286,-61.4642857142857,0.747062125376293,353.87701851981,4.23526228325708,26.8464016060152,-57.9361047744751,-61.4583334287008,-1.75654772718747,-1.76433352728685,0.0686310411741336,0.0403251239098609,34.1437773386637,52.2616782188416,26.40696463556,31.4081572631936
2015-10-12,-57.9464285714286,-61.4642857142857,0.794636309146881,354.741659981864,9.7967415537153,26.8464016060152,-57.9361047744751,-61.4583334287008,-1.77545699477196,-1.75616219043732,0.000534074194729328,0.0332753480412066,34.1300570805868,43.359174267451,26.40696463556,109.013456663572
2015-10-13,-57.9464285714286,-61.4642857142857,0.914273747376033,356.971293858119,10.0269779477801,26.8464016060152,-57.9361047744751,-61.4583334287008,-1.78727986514568,-1.73591824571292,-0.0494857635349035,-0.0258542640755574,34.1221225420634,40.8744589646657,26.40696463556,218.985918059457
2015-10-14,-57.9464285714286,-61.4642857142857,1.04394405228751,358.261145455497,11.7369249548231,26.8464016060152,-57.9361047744751,-61.4583334287008,-1.84290900329749,-1.72464420100053,-0.0335398421312372,-0.0036927397052447,34.0947070121765,31.8079179684321,26.40696463556,175.781753186786
2015-10-15,-57.9464285714286,-61.4642857142857,1.1359937446458,359.126615251814,8.43744254112244,26.8464016060152,-57.9361047744751,-61.4583334287008,-1.7857112099727,-1.72122867405415,0.054063539703687,0.0112867621084054,34.1250597318014,43.9848037401835,26.40696463556,49.2738478517463
2015-10-16,-57.9464285714286,-61.4642857142857,1.16200352566583,359.332057407924,6.7881007535117,26.8464016060152,-57.9361047744751,-61.4583334287008,-1.7752311527729,-1.72756126622359,0.0891547386844953,0.0244860173823933,34.1215246200561,46.6780625502268,26.40696463556,19.0947392338035
2015-10-17,-57.9464285714286,-61.4642857142857,1.24836306061063,360.307503836496,11.1481588908604,26.8464016060152,-57.9361047744751,-61.4583334287008,-1.81077911953131,-1.73405662377675,0.0240536720181505,0.0273598437507947,34.0977458953857,34.6944604555766,26.40696463556,77.9487998148913
2015-10-18,-57.9464285714286,-61.4642857142857,1.30590047155108,360.385877336775,7.78111842700413,26.8464016060152,-57.9361047744751,-61.4583334287008,-1.7898861438036,-1.73298339247704,0.0204117960607012,-0.110985645931214,34.1127633412679,48.0513955116272,26.40696463556,201.182033140171
2015-10-19,-57.9464285714286,-61.4642857142857,1.40945500135422,361.663759504046,13.1024855204991,26.8464016060152,-57.9361047744751,-61.4583334287008,-1.80838646690051,-1.73685160577297,0.0113121940754354,-0.00537125775590539,34.1059854825338,43.32356950442,26.40696463556,105.317567707449
2015-10-20,-57.9464285714286,-61.4642857142857,1.52795669010707,362.42887878418,14.2934989248003,26.8464016060152,-57.9361047744751,-61.4583334287008,-1.81704761087894,-1.7335734128952,0.040513321198523,0.0431531723899146,34.1071173350016,48.5206174691518,26.40696463556,57.5602073968107
2015-10-21,-57.9464285714286,-61.4642857142857,1.64260321855545,362.910522460938,14.6325338227408,26.8464016060152,-57.9361047744751,-61.4583334287008,-1.8123599777619,-1.72462131778399,0.0883917768796285,0.0749585457146168,34.1119114240011,55.5932827313741,26.40696463556,22.4545427005582
2015-10-22,-57.9464285714286,-61.4642857142857,1.77551375968116,364.063936505999,9.83122416904994,26.8464016060152,-57.9361047744751,-61.4583334287008,-1.81190830071767,-1.72390412886937,0.106133203860372,0.0727306943076352,34.1097621281942,53.6655300140381,26.40696463556,12.821840395771
2015-10-23,-57.9464285714286,-61.4642857142857,1.86099918399538,365.012675694057,8.59664699009487,26.8464016060152,-57.9361047744751,-61.4583334287008,-1.80175784528255,-1.72765281597773,0.134032207075506,0.0791751864366233,34.1093552589416,58.42260278066,26.40696463556,7.1496566059057
2015-10-24,-57.9464285714286,-61.4642857142857,1.96663785832269,366.122783115932,11.7299462045942,26.8464016060152,-57.9361047744751,-61.4583334287008,-1.79340187609196,-1.7290490458409,0.130415763892233,0.0717642751832803,34.1062145233154,58.3564792633057,26.40696463556,5.3778043756039
2015-10-25,-57.9464285714286,-61.4642857142857,2.08572878156389,366.985565185547,13.0102481842041,26.8464016060152,-57.9361047744751,-61.4583334287008,-1.78387399613857,-1.72326070070267,0.132541886003067,0.0779442726324002,34.0982672055562,53.3043941656748,26.40696463556,6.94009463313788
2015-10-26,-57.9464285714286,-61.4642857142857,2.22594818047115,367.82222202846,16.3158566611154,26.8464016060152,-57.9361047744751,-61.4583334287008,-1.82306587000688,-1.734557629625,0.154184596395741,0.0197454755194485,34.047606086731,31.7061896642049,26.40696463556,3.13474204536641
2015-10-27,-57.9464285714286,-61.4642857142857,2.36018939529146,368.625813075474,13.9290918622698,26.8464016060152,-57.9361047744751,-61.4583334287008,-1.82287665307522,-1.73546809951464,0.16553239558513,0.0134434034116566,34.0149892807007,12.5799842755,26.40696463556,6.22707342531733
2015-10-28,-57.9464285714286,-61.4642857142857,2.45385820525033,369.081399100167,17.4726960318429,26.8464016060152,-57.9361047744751,-61.4583334287008,-1.80212406913439,-1.73380229969819,0.132765688685079,0.0239773755893111,34.0201650937398,18.0822177648544,26.40696463556,3.12693826787106
2015-10-29,-57.9464285714286,-61.4642857142857,2.60297352927072,370.023304530552,20.4940005029951,26.8464016060152,-57.9361047744751,-61.4583334287008,-1.77387613455455,-1.72379477123419,0.097013255301863,0.0752688170100252,34.0418841362,26.514228049914,26.40696463556,17.8006057066674
2015-10-30,-57.9464285714286,-61.4642857142857,2.68551434789385,370.565697806222,12.2736849784851,26.8464016060152,-57.9361047744751,-61.4583334287008,-1.7560167024533,-1.71227403283119,0.152104252111167,0.0149642424657941,34.0477207183838,33.1087694883347,26.40696463556,4.29560739304762
2015-10-31,-57.9464285714286,-61.4642857142857,2.79543939658574,371.600147792271,22.2949867248535,26.8464016060152,-57.9361047744751,-61.4583334287008,-1.75926387210687,-1.71487065851688,0.0945209103326003,0.0283974729478359,34.0332877159119,34.0777322212855,26.40696463556,15.4063346658495
2015-11-01,-57.9464285714286,-61.4642857142857,3.02441719600133,373.826675415039,25.5173835754395,26.8464016060152,-57.9361047744751,-61.4583334287008,-1.75388040741285,-1.71651610334714,0.0894243194100757,0.0290332753521701,34.0230514208476,25.493129436175,26.40696463556,18.1549442081009
2015-11-02,-57.9464285714286,-61.4642857142857,3.16368525368827,374.942611694336,24.6823597635542,26.8464016060152,-57.9361047744751,-61.4583334287008,-1.73652147948742,-1.72336242198944,0.136595761651794,0.0542975146633883,34.0254421234131,32.8188436508179,26.40696463556,1.16271323900141
2015-11-03,-57.9464285714286,-61.4642857142857,3.29594239166805,376.03624180385,31.9200857707432,26.8464016060152,-57.9361047744751,-61.4583334287008,-1.71489606698354,-1.71872870226701,0.0715455587953329,0.0605334629615148,34.0385015805562,34.3396826267242,26.40696463556,30.4508619308449
2015-11-04,-57.9464285714286,-61.4642857142857,3.43839001655579,378.319431849888,34.2977214540754,26.8464016060152,-57.9361047744751,-61.4583334287008,-1.71180148720741,-1.69228186905384,0.0735241754601399,0.0094353058685859,34.030655447642,30.4778196334839,26.40696463556,33.5468773178636
2015-11-05,-57.9464285714286,-61.4642857142857,3.54864592211587,380.66780090332,29.7253709520612,26.8464016060152,-57.9361047744751,-61.4583334287008,-1.68739278813203,-1.68428347607454,0.130517492132882,0.0280363374389708,34.0310368537903,30.2044246435165,26.40696463556,2.76168498924784
2015-11-06,-57.9464285714286,-61.4642857142857,3.58367209775107,380.863876342773,32.1830930709839,26.8464016060152,-57.9361047744751,-61.4583334287008,-1.64781027634939,-1.68532363871733,0.17516607089589,0.0871761219576001,34.0350681304932,34.2099792321523,26.40696463556,13.08234569733
2015-11-07,-57.9464285714286,-61.4642857142857,3.63033352579389,380.736413138253,30.6394765036447,26.8464016060152,-57.9361047744751,-61.4583334287008,-1.62005064388116,-1.68351034124692,0.161173335028191,0.0418663087300956,34.0350554466248,37.5301386674245,26.40696463556,0.915504979735605
2015-11-08,-57.9464285714286,-61.4642857142857,3.67567614146641,381.268474033901,40.1456334250314,26.8464016060152,-57.9361047744751,-61.4583334287008,-1.59384134511153,-1.68721834123135,0.152841782631973,0.0602486242850622,34.0170367876689,33.7178682168325,26.40696463556,1.45380665260916
2015-11-09,-57.9464285714286,-61.4642857142857,3.57035691397531,380.374152047294,38.2381234850202,26.8464016060152,-57.9361047744751,-61.4583334287008,-1.54997403820356,-1.68283639550209,0.196025473314027,0.0221564377347628,34.0232422192891,29.6957828601201,26.40696463556,14.0028422017275
2015-11-10,-57.9464285714286,-61.4642857142857,3.38956090382167,378.020462036133,29.1040755680629,26.8464016060152,-57.9361047744751,-61.4583334287008,-1.49284948706627,-1.6831517457962,0.192927843239158,0.0576494642843803,34.0324615160624,35.5858553568522,26.40696463556,11.1178788185651
2015-11-11,-57.9464285714286,-61.4642857142857,3.25165354354041,375.660603114537,20.4738905089242,26.8464016060152,-57.9361047744751,-61.4583334287008,-1.433845008413,-1.67328918576241,0.213064974887917,0.00618508445719878,34.0336060523987,34.5177074988683,26.40696463556,28.4285940933417
2015-11-12,-57.9464285714286,-61.4642857142857,2.97708156279155,371.620989118304,18.2138639177595,26.8464016060152,-57.9361047744751,-61.4583334287008,-1.38262884318829,-1.6781975766023,0.206483148255696,0.0982289085785548,34.0685114860535,51.0205921808879,26.40696463556,31.9426271788728
2015-11-13,-57.9464285714286,-61.4642857142857,2.91617580822536,369.801712036133,27.2237901687622,26.8464016060152,-57.9361047744751,-61.4583334287008,-1.29227574567,-1.67537461221218,0.197536139159153,0.0362763348345955,34.06521803538,47.6063337643941,26.40696463556,12.6612210111018
2015-11-14,-57.9464285714286,-61.4642857142857,3.00709112201418,371.075380597796,30.9126822607858,26.8464016060152,-57.9361047744751,-61.4583334287008,-1.24329353471597,-1.67496515611807,0.167607653792948,0.0500045776988069,34.0416297594706,32.1677820841471,26.40696463556,2.14363764143807
2015-11-15,-57.9464285714286,-61.4642857142857,3.00821613413947,372.128134591239,28.3608350072588,26.8464016060152,-57.9361047744751,-61.4583334287008,-1.2617816478014,-1.67207098205884,0.123386334441602,0.0366374706849456,34.0374843279521,26.7164129892985,26.40696463556,3.24917548845249
2015-11-16,-57.9464285714286,-61.4642857142857,2.9793336391449,373.915786743164,44.0868785040719,26.8464016060152,-57.9361047744751,-61.4583334287008,-1.20029296080271,-1.67210658987363,0.14385916714867,0.084653258882463,34.0391501744588,25.7716108798981,26.40696463556,8.35837968224186
2015-11-17,-57.9464285714286,-61.4642857142857,2.7763946226665,373.362965175084,30.7007558005197,26.8464016060152,-57.9361047744751,-61.4583334287008,-1.14151430825392,-1.66309599975745,0.0982187366113067,0.0398724331520498,34.038667011261,24.5686728954315,26.40696463556,12.3771883945511
2015-11-18,-57.9464285714286,-61.4642857142857,2.0991367995739,365.23904636928,17.9026326451983,26.8464016060152,-57.9361047744751,-61.4583334287008,-1.19663073420525,-1.67111218969027,-0.0019379246669511,0.0586565749409298,34.0463091532389,46.095667552948,26.40696463556,113.194198367385
2015-11-19,-57.9464285714286,-61.4642857142857,1.97487628034183,364.255059378488,23.6610043389457,26.8464016060152,-57.9361047744751,-61.4583334287008,-1.05255284706751,-1.66443881591161,0.0723390403203666,0.0937935524620116,34.0545235951742,41.2559401194255,26.40696463556,40.8931168613584
2015-11-20,-57.9464285714286,-61.4642857142857,1.97470346944673,365.0396597726,19.5009330000196,26.8464016060152,-57.9361047744751,-61.4583334287008,-1.08979153285424,-1.67070019642512,0.14391003055498,0.0461694178792338,34.0558206558228,49.6243702888489,26.40696463556,0.100287440827412
2015-11-21,-57.9464285714286,-61.4642857142857,1.97358380896705,365.834686279297,17.8111632551466,26.8464016060152,-57.9361047744751,-61.4583334287008,-1.04816429068645,-1.68584754765034,0.175674713434031,0.0823033331582944,34.0569524129232,46.7200254917145,26.40696463556,11.23560071927
2015-11-22,-57.9464285714286,-61.4642857142857,2.00497271759169,367.117553710938,17.3942867006574,26.8464016060152,-57.9361047744751,-61.4583334287008,-0.979253495236238,-1.68959877789021,0.162856939466049,0.0828831848998865,34.0548544565837,45.5145444234212,26.40696463556,8.7087621693546
2015-11-23,-57.9464285714286,-61.4642857142857,1.96676523770605,367.781524658203,10.2727776936122,26.8464016060152,-57.9361047744751,-61.4583334287008,-0.961772493024667,-1.68754387001197,0.162856938969344,0.0838343461975455,34.0495140075684,46.1096553007762,26.40696463556,9.08352766452969
2015-11-24,-57.9464285714286,-61.4642857142857,1.89204313073839,367.538735525949,16.039744581495,26.8464016060152,-57.9361047744751,-61.4583334287008,-0.945115489761035,-1.69033376971881,0.184082561793427,0.0669474374813338,34.0422278086344,45.2284333070119,26.40696463556,9.22308322718033
2015-11-25,-57.9464285714286,-61.4642857142857,1.86062350017684,367.072695050921,16.7924150739397,26.8464016060152,-57.9361047744751,-61.4583334287008,-0.911526823043823,-1.68166141907374,0.209555345928917,0.096382539284726,34.0345217386881,46.3728773593903,26.40696463556,32.8075462705881
2015-11-26,-57.9464285714286,-61.4642857142857,1.84456770547799,366.547690255301,10.3320800065994,26.8464016060152,-57.9361047744751,-61.4583334287008,-0.895693821211656,-1.67958108286063,0.193700978718698,0.115451521178087,34.0308594385783,52.8478879292806,26.40696463556,36.0891138741776
2015-11-27,-57.9464285714286,-61.4642857142857,1.88570356794766,367.095561436244,15.9754561015538,26.8464016060152,-57.9361047744751,-61.4583334287008,-0.841767614583174,-1.6727652768294,0.185771253984421,0.109642831701785,34.0232043584188,52.0544069925944,26.40696463556,28.7799141663488
2015-11-28,-57.9464285714286,-61.4642857142857,1.90320328090872,368.049824305943,12.727751152856,26.8464016060152,-57.9361047744751,-61.4583334287008,-0.778484430909157,-1.66418957908948,0.178243354490648,0.0782545451074839,34.0111621538798,47.0404698212941,26.40696463556,10.5139154496032
2015-11-29,-57.9464285714286,-61.4642857142857,1.87552990870816,368.464250837054,14.0665850979941,26.8464016060152,-57.9361047744751,-61.4583334287008,-0.743784886101882,-1.66012807190418,0.198288928220669,0.104861598275602,33.9987509409587,44.1869891484578,26.40696463556,31.2896835827909
2015-11-30,-57.9464285714286,-61.4642857142857,1.8944240467889,369.070292881557,17.0727567672729,26.8464016060152,-57.9361047744751,-61.4583334287008,-0.692953256269296,-1.6651203930378,0.188314462794612,0.110568559697519,33.9903330802917,45.0491370836894,26.40696463556,30.3901763871747
2015-12-01,-57.9464285714286,-61.4642857142857,1.92627750337124,369.983858380999,17.8569265093122,26.8464016060152,-57.9361047744751,-61.4583334287008,-0.639954813073079,-1.66490167876085,0.178355255536735,0.125003813765943,33.9815208435059,44.2467544396718,26.40696463556,37.5089303117251
2015-12-02,-57.9464285714286,-61.4642857142857,1.88586574367114,370.105545043945,11.4518715143204,26.8464016060152,-57.9361047744751,-61.4583334287008,-0.601007090260585,-1.66385133465131,0.19018626542141,0.0956297492608428,33.9689320882161,39.9156692663829,26.40696463556,22.3309649048049
2015-12-03,-57.9464285714286,-61.4642857142857,1.86547454127244,369.436065673828,16.167181287493,26.8464016060152,-57.9361047744751,-61.4583334287008,-0.583935036261876,-1.6637114584446,0.234336376097053,0.143879513101031,33.9630700111389,39.9334715684255,26.40696463556,87.3604621081783
2015-12-04,-57.9464285714286,-61.4642857142857,1.91258476035936,368.123341151646,14.0274337359837,26.8464016060152,-57.9361047744751,-61.4583334287008,-0.603906351576249,-1.666999822855,0.190867845434695,0.176030762369434,33.9727595647176,49.5836788495382,26.40696463556,96.4884401494765
2015-12-05,-57.9464285714286,-61.4642857142857,1.95207047888211,367.440198625837,12.4187855379922,26.8464016060152,-57.9361047744751,-61.4583334287008,-0.571587246408065,-1.66452020009359,0.19154433797424,0.109673349931836,33.972899500529,48.0081606864929,26.40696463556,31.1584606431234
2015-12-06,-57.9464285714286,-61.4642857142857,1.87599177019937,366.579971313477,10.9944716351373,26.8464016060152,-57.9361047744751,-61.4583334287008,-0.513010019809008,-1.65642261306445,0.193212683312595,0.0602587969973683,33.9632352193197,39.0102867762248,26.40696463556,11.6381148587754
2015-12-07,-57.9464285714286,-61.4642857142857,1.82975436321327,365.997052873884,17.524590577398,26.8464016060152,-57.9361047744751,-61.4583334287008,-0.450996409356594,-1.64922025501728,0.219087292874853,0.0987578964481751,33.9559743881226,36.0105713049571,26.40696463556,40.4213791222703
2015-12-08,-57.9464285714286,-61.4642857142857,1.8114059141704,365.979184831892,18.0752766643252,26.8464016060152,-57.9361047744751,-61.4583334287008,-0.346256885305047,-1.64488916099072,0.19350769566372,0.084439629347374,33.949196879069,33.4533746083577,26.40696463556,18.6377602105078
2015-12-09,-57.9464285714286,-61.4642857142857,1.77466889151505,366.095840454102,19.5923188924789,26.8464016060152,-57.9361047744751,-61.4583334287008,-0.27056487860779,-1.64068778852622,0.195160781374822,0.0927508362568915,33.940588315328,31.7532391230265,26.40696463556,23.1168361325594
2015-12-10,-57.9464285714286,-61.4642857142857,1.7509564725416,366.217529296875,20.0880296570914,26.8464016060152,-57.9361047744751,-61.4583334287008,-0.247535610261063,-1.64277575314045,0.187312437811246,0.125008901456992,33.9368752479553,36.2013120492299,26.40696463556,40.6506975692813
2015-12-11,-57.9464285714286,-61.4642857142857,1.71280825350966,365.80683026995,14.1042316981724,26.8464016060152,-57.9361047744751,-61.4583334287008,-0.2364696001634,-1.64129306773345,0.113986633221308,0.122486037947237,33.9262066841126,34.7504111925761,26.40696463556,36.5515601078545
2015-12-12,-57.9464285714286,-61.4642857142857,1.6178283563682,364.343667166574,14.4298591102873,26.8464016060152,-57.9361047744751,-61.4583334287008,-0.252186631287138,-1.63801995913188,0.0748262985919913,0.140430920974662,33.9252784411112,39.1132866223653,26.40696463556,73.1642757123236
2015-12-13,-57.9464285714286,-61.4642857142857,1.55902351651873,363.518953595843,17.6879754747663,26.8464016060152,-57.9361047744751,-61.4583334287008,-0.212720095614592,-1.62944171726704,0.0747296565833191,0.0887834305875003,33.9214127222697,40.078434530894,26.40696463556,36.7462837039736
2015-12-14,-57.9464285714286,-61.4642857142857,1.48301993949073,363.611271449498,19.2971819809505,26.8464016060152,-57.9361047744751,-61.4583334287008,-0.0945951523259282,-1.62525558769703,0.129739269583176,0.0916419980426629,33.9167968114217,36.3780648549398,26.40696463556,13.0006153600996
2015-12-15,-57.9464285714286,-61.4642857142857,1.40994269081524,364.575347900391,22.8355100836073,26.8464016060152,-57.9361047744751,-61.4583334287008,0.110849349573255,-1.62484867473443,0.12339142014583,0.0730562252923846,33.9110873858134,24.196092859904,26.40696463556,7.21354483253612
2015-12-16,-57.9464285714286,-61.4642857142857,1.34203626002584,365.805424281529,23.5441256250654,26.8464016060152,-57.9361047744751,-61.4583334287008,0.258021809222798,-1.62464521924655,0.151783805930366,0.0907213560305536,33.9063187599182,16.6618353764216,26.40696463556,11.0132685438172
2015-12-17,-57.9464285714286,-61.4642857142857,1.4174979605845,366.361049107143,24.0081910746438,26.8464016060152,-57.9361047744751,-61.4583334287008,0.24084599185735,-1.62567267715931,0.1752372808444,0.123818679340184,33.9029235204061,24.8191790024439,26.40696463556,35.6514938129617
2015-12-18,-57.9464285714286,-61.4642857142857,1.52032424083778,366.1224496024,21.9839589595795,26.8464016060152,-57.9361047744751,-61.4583334287008,0.230329314495126,-1.62666706840197,0.201717174425721,0.103101698185007,33.9001767794291,31.1288811047872,26.40696463556,32.0228213442456
2015-12-19,-57.9464285714286,-61.4642857142857,1.57898219568389,364.916277204241,16.6070346151079,26.8464016060152,-57.9361047744751,-61.4583334287008,0.246363737930854,-1.63282672464848,0.236772769596428,0.0702790406843026,33.8912119547526,30.0429308096568,26.40696463556,43.0407845192089
2015-12-20,-57.9464285714286,-61.4642857142857,1.62648725935391,364.086739676339,19.793003490993,26.8464016060152,-57.9361047744751,-61.4583334287008,0.276162011238436,-1.63399659891923,0.219382305350155,0.0952737003254394,33.886812210083,30.9813750902812,26.40696463556,38.7834670055552
2015-12-21,-57.9464285714286,-61.4642857142857,1.63313681100096,364.119718279157,20.9885204860142,26.8464016060152,-57.9361047744751,-61.4583334287008,0.371868056803942,-1.62932981451352,0.191066213821371,0.0781324706661204,33.8825905164083,28.0770300388336,26.40696463556,15.1973845577579
2015-12-22,-57.9464285714286,-61.4642857142857,1.58652519328254,364.074212210519,19.7918288026537,26.8464016060152,-57.9361047744751,-61.4583334287008,0.476052145908276,-1.62475966711839,0.188482314317177,0.0546891688990096,33.8758509318034,22.097945133845,26.40696463556,8.84922718448504
2015-12-23,-57.9464285714286,-61.4642857142857,1.4941117635795,363.065907069615,17.5499725682395,26.8464016060152,-57.9361047744751,-61.4583334287008,0.554893662532171,-1.61742250919342,0.145105339524647,0.0363577175885439,33.8607188542684,12.9614659229914,26.40696463556,0.325242509042567
2015-12-24,-57.9464285714286,-61.4642857142857,1.40652484766075,361.835198538644,18.0146700995309,26.8464016060152,-57.9361047744751,-61.4583334287008,0.565654488404592,-1.61531418561935,0.157572150602937,0.029089225952824,33.8590403874715,19.6742666721344,26.40696463556,1.58242713094229
2015-12-25,-57.9464285714286,-61.4642857142857,1.32372386540685,360.491230555943,16.2087772233146,26.8464016060152,-57.9361047744751,-61.4583334287008,0.577697093784809,-1.61703594227632,0.098417106612275,0.0386567786956827,33.855187479655,22.6765251636505,26.40696463556,12.336076410255
2015-12-26,-57.9464285714286,-61.4642857142857,1.28253698136125,360.073178972517,20.3689610617501,26.8464016060152,-57.9361047744751,-61.4583334287008,0.644550935924053,-1.62750887175401,0.146005635491262,0.0952177494453887,33.8522374471029,20.9089947700501,26.40696463556,13.1540285875578
2015-12-27,-57.9464285714286,-61.4642857142857,1.33960833932672,360.752511160714,20.1899073805128,26.8464016060152,-57.9361047744751,-61.4583334287008,0.687374512851238,-1.64141005277634,0.186412141410013,0.0977762180070082,33.8501392364502,22.5900560379028,26.40696463556,21.9348002706154
2015-12-28,-57.9464285714286,-61.4642857142857,1.43475449723857,361.228363037109,22.991034916469,26.8464016060152,-57.9361047744751,-61.4583334287008,0.663698255022367,-1.64548935890198,0.165776544064283,0.135863318232199,33.8489057223002,25.4689690113068,26.40696463556,43.8479833274894
2015-12-29,-57.9464285714286,-61.4642857142857,1.45576077699661,361.746861049107,22.1006368909563,26.8464016060152,-57.9361047744751,-61.4583334287008,0.770281094809373,-1.64177118738492,0.153360597013185,0.0831934563815594,33.8424331665039,20.5109825293223,26.40696463556,7.85148748776347
2015-12-30,-57.9464285714286,-61.4642857142857,1.40835137878145,362.292530604771,23.6539868286678,26.8464016060152,-57.9361047744751,-61.4583334287008,0.847254878779252,-1.64630064964294,0.152775658387691,0.0889868878138562,33.8364182472229,19.4746248245239,26.40696463556,10.2616014000125
2015-12-31,-57.9464285714286,-61.4642857142857,1.36472137698105,362.671247209821,23.3195553847722,26.8464016060152,-57.9361047744751,-61.4583334287008,0.990227994819482,-1.64661092062791,0.168024739374717,0.087028616014868,33.827059173584,12.0929600318273,26.40696463556,11.3197166049147
2016-01-01,-57.9464285714286,-61.4642857142857,1.34746138964381,362.22006879534,23.0349406174251,26.8464016060152,-57.9361047744751,-61.4583334287008,1.04810939878225,-1.6433352659146,0.184331796814998,0.0723848182397584,33.8183103561401,15.8619960864385,26.40696463556,10.7116645009714
2016-01-02,-57.9464285714286,-61.4642857142857,1.31843171375138,360.013331821987,17.6789250033242,26.8464016060152,-57.9361047744751,-61.4583334287008,1.08950470139583,-1.64064963857333,0.195206559635699,0.0268715475685894,33.809561475118,18.5590696255366,26.40696463556,12.6945043828783
2016-01-03,-57.9464285714286,-61.4642857142857,1.2837471216917,357.306041172573,18.0926508903503,26.8464016060152,-57.9361047744751,-61.4583334287008,1.08548846791188,-1.64291055003802,0.226996673550457,0.037634408660233,33.8021989822388,21.3616859753927,26.40696463556,31.556947675403
2016-01-04,-57.9464285714286,-61.4642857142857,1.31585490490709,356.131973266602,18.833517074585,26.8464016060152,-57.9361047744751,-61.4583334287008,1.01155432512363,-1.646371854345,0.194982755618791,0.101748710777611,33.8033815701803,25.9623514970144,26.40696463556,27.8278220774362
2016-01-05,-57.9464285714286,-61.4642857142857,1.37473186637674,356.417105538504,19.2325657435826,26.8464016060152,-57.9361047744751,-61.4583334287008,1.09307536929846,-1.64908799827099,0.165440839684258,0.0799330623820424,33.7991472880046,23.4572906176249,26.40696463556,8.02625845505757
2016-01-06,-57.9464285714286,-61.4642857142857,1.42046368547848,356.905545915876,23.7487176486424,26.8464016060152,-57.9361047744751,-61.4583334287008,1.13075351516406,-1.65969572762648,0.152348398758719,0.0961383913333217,33.7943534215291,25.3952157497406,26.40696463556,13.717242388998
2016-01-07,-57.9464285714286,-61.4642857142857,1.45136708659785,357.088984898158,24.5435939175742,26.8464016060152,-57.9361047744751,-61.4583334287008,1.18498491644859,-1.66751355727514,0.141234574932605,0.0814742473264535,33.7922044436137,24.9806728363037,26.40696463556,7.25319173854903
2016-01-08,-57.9464285714286,-61.4642857142857,1.44156851513045,357.090181623186,26.017244543348,26.8464016060152,-57.9361047744751,-61.4583334287008,1.26289256413778,-1.65942105650902,0.111580756306648,0.0705791392363608,33.789775689443,22.1170191605886,26.40696463556,10.1042385474952
2016-01-09,-57.9464285714286,-61.4642857142857,1.41039736994675,356.976590837751,22.4140167917524,26.8464016060152,-57.9361047744751,-61.4583334287008,1.34806361794472,-1.64616077542305,0.124535864281158,0.0501419108671447,33.7841678937276,20.0214147090912,26.40696463556,2.89835213981807
2016-01-10,-57.9464285714286,-61.4642857142857,1.32939202657768,355.395167759487,14.5972295658929,26.8464016060152,-57.9361047744751,-61.4583334287008,1.25481736858686,-1.63695180912813,0.0821812590584159,-0.0028433077968657,33.7726982434591,22.5417352517446,26.40696463556,32.4838147875494
2016-01-11,-57.9464285714286,-61.4642857142857,1.24341118974345,353.481704711914,17.8443454333714,26.8464016060152,-57.9361047744751,-61.4583334287008,1.19977418283621,-1.6362524241209,0.0774814092864593,0.0170751059427857,33.7620040893555,24.160487763087,26.40696463556,28.3401041094372
2016-01-12,-57.9464285714286,-61.4642857142857,1.16194996024881,352.264811924526,18.4768853528159,26.8464016060152,-57.9361047744751,-61.4583334287008,1.14458451370398,-1.62973672250907,0.0363729765638709,0.0502385525343319,33.7643183708191,30.8771034876506,26.40696463556,62.2821370681242
2016-01-13,-57.9464285714286,-61.4642857142857,1.12589701584407,351.585019792829,18.2505298342024,26.8464016060152,-57.9361047744751,-61.4583334287008,1.14734338323275,-1.6267052223285,0.0835952839193245,0.0652638322673738,33.7615845044454,33.4241271495819,26.40696463556,22.8838165501591
2016-01-14,-57.9464285714286,-61.4642857142857,1.15096856440817,352.136315482003,18.3135050705501,26.8464016060152,-57.9361047744751,-61.4583334287008,1.17866757909457,-1.62373729348183,0.10417493119215,0.0748008669354022,33.7573627789815,33.6911642074585,26.40696463556,14.2741259860424
2016-01-15,-57.9464285714286,-61.4642857142857,1.20237397296088,352.95528956822,16.8610434872764,26.8464016060152,-57.9361047744751,-61.4583334287008,1.22876676668723,-1.62407045960426,0.135608996792386,0.0678121279925108,33.753980255127,32.6268312931061,26.40696463556,3.58876527445717
2016-01-16,-57.9464285714286,-61.4642857142857,1.27256255277566,353.708927699498,19.322867836271,26.8464016060152,-57.9361047744751,-61.4583334287008,1.25784480075041,-1.62521489858627,0.136173588813593,0.0794956310341755,33.7517931302389,31.267485777537,26.40696463556,6.99103238094648
2016-01-17,-57.9464285714286,-61.4642857142857,1.33953870407173,354.690117972238,24.9441543306623,26.8464016060152,-57.9361047744751,-61.4583334287008,1.31127661069234,-1.6185771236817,0.138101341202855,0.0723085215315223,33.7504834493001,28.449610153834,26.40696463556,4.48953733439616
2016-01-18,-57.9464285714286,-61.4642857142857,1.35191252827644,355.941059657506,27.0013558523996,26.8464016060152,-57.9361047744751,-61.4583334287008,1.43889280557632,-1.61528620620569,0.116565447424849,0.0593483278838297,33.7497968037923,22.1246487855911,26.40696463556,6.06371026997263
2016-01-19,-57.9464285714286,-61.4642857142857,1.32875635368483,356.992695399693,26.2365694046021,26.8464016060152,-57.9361047744751,-61.4583334287008,1.51493883232276,-1.60833052794139,0.128676209102074,0.076148767862469,33.7491737683614,18.5094769159953,26.40696463556,7.01070734069365
2016-01-20,-57.9464285714286,-61.4642857142857,1.30924010063921,357.386657714844,20.4999270439148,26.8464016060152,-57.9361047744751,-61.4583334287008,1.51481675008933,-1.60165970226129,0.138976205916454,0.060223192255944,33.7474951426188,20.369834446907,26.40696463556,1.71248756852325
2016-01-21,-57.9464285714286,-61.4642857142857,1.34186522024018,355.962238856724,21.7439883436475,26.8464016060152,-57.9361047744751,-61.4583334287008,1.4604632884264,-1.61016418735186,0.174169132734338,0.0987222912721336,33.7475333213806,24.9247221787771,26.40696463556,18.471153647842
2016-01-22,-57.9464285714286,-61.4642857142857,1.37469896461282,353.976983206613,20.4087924616677,26.8464016060152,-57.9361047744751,-61.4583334287008,1.40598164598147,-1.61853389342626,0.171020641333113,0.131748405626665,33.7498476346334,31.0309674580892,26.40696463556,41.230794175316
2016-01-23,-57.9464285714286,-61.4642857142857,1.42670826401029,353.345873151507,22.9456419263567,26.8464016060152,-57.9361047744751,-61.4583334287008,1.4073854992787,-1.61905270715555,0.114429151204725,0.123004851676524,33.7511828422546,31.303090985616,26.40696463556,36.8116496250753
2016-01-24,-57.9464285714286,-61.4642857142857,1.35819543046611,351.7457951137,12.8364332573754,26.8464016060152,-57.9361047744751,-61.4583334287008,1.37747736076514,-1.61156804164251,0.0693889174920817,-0.0043946656708916,33.7528994878133,30.6609304904938,26.40696463556,42.4348701542928
2016-01-25,-57.9464285714286,-61.4642857142857,1.1504027311291,348.652415684291,12.5232802459172,26.8464016060152,-57.9361047744751,-61.4583334287008,1.25758844763041,-1.61264890034993,0.0149438966996968,0.0145115510560572,33.7647763252258,37.0329411188761,26.40696463556,92.5951237418657
2016-01-26,-57.9464285714286,-61.4642857142857,1.07665503450802,347.880602155413,17.3667223453522,26.8464016060152,-57.9361047744751,-61.4583334287008,1.37943054636319,-1.61126794417699,0.0612048707591991,0.0477106035066148,33.7680062294006,26.9872648557027,26.40696463556,37.5678791144952
2016-01-27,-57.9464285714286,-61.4642857142857,1.0774637652295,348.555528913225,16.6605667727334,26.8464016060152,-57.9361047744751,-61.4583334287008,1.3412213653326,-1.60911384423574,0.128991567281385,0.0609963273008664,33.7676628748576,31.6413379987081,26.40696463556,3.22116557806399
2016-01-28,-57.9464285714286,-61.4642857142857,1.09024125550474,349.030112130301,15.7125104154859,26.8464016060152,-57.9361047744751,-61.4583334287008,1.46391188005606,-1.60738700628281,0.0864029867574573,0.0168716494614879,33.7611651102702,21.6312662124634,26.40696463556,22.5190509467651
2016-01-29,-57.9464285714286,-61.4642857142857,1.08070332876274,348.518565586635,10.8626338584082,26.8464016060152,-57.9361047744751,-61.4583334287008,1.47467881043752,-1.60883154273033,0.152506077755243,0.0317748548152546,33.7440107981364,16.4761811415354,26.40696463556,0.852660558523383
2016-01-30,-57.9464285714286,-61.4642857142857,1.111705620374,347.611927577427,12.7423125675746,26.8464016060152,-57.9361047744751,-61.4583334287008,1.44945831298828,-1.61325419147809,0.191290016503384,0.0791751862503588,33.739280351003,27.1322278022766,26.40696463556,15.6562355234899
2016-01-31,-57.9464285714286,-61.4642857142857,1.1568459293672,346.635905674526,14.0720140593393,26.8464016060152,-57.9361047744751,-61.4583334287008,1.46367383698622,-1.62193416059017,0.180857773094128,0.0590278837519387,33.7376908620199,32.4119302272797,26.40696463556,6.59811788724949
2016-02-01,-57.9464285714286,-61.4642857142857,1.1817976555654,346.043818882533,17.5210098879678,26.8464016060152,-57.9361047744751,-61.4583334287008,1.52375257611275,-1.62968332270781,0.125075024894128,0.0840327157328526,33.7315870285034,33.2066831429799,26.40696463556,10.6130870713531
2016-02-02,-57.9464285714286,-61.4642857142857,1.19759614978518,345.939104352679,19.6213494028364,26.8464016060152,-57.9361047744751,-61.4583334287008,1.5620960265398,-1.63403983215491,0.102654092945158,0.0961485636110107,33.7236649195353,32.9421893596649,26.40696463556,23.812104662766
2016-02-03,-57.9464285714286,-61.4642857142857,1.19405188943659,345.735560825893,14.9473332677569,26.8464016060152,-57.9361047744751,-61.4583334287008,1.61065097649892,-1.62462741831938,0.140364797754834,0.0208339689920346,33.7090796788533,28.4063759009043,26.40696463556,2.95033087216218
2016-02-04,-57.9464285714286,-61.4642857142857,1.19815088382789,345.67849949428,18.3450978483473,26.8464016060152,-57.9361047744751,-61.4583334287008,1.66283763349056,-1.62924333910147,0.144291511985163,0.06373790713648,33.6956260363261,23.9532162825267,26.40696463556,2.01794386063032
2016-02-05,-57.9464285714286,-61.4642857142857,1.26149067921298,345.589708600725,19.5992251804897,26.8464016060152,-57.9361047744751,-61.4583334287008,1.68052005767822,-1.62609739700953,0.163309629820287,0.141880550173422,33.6880089124044,28.6047459761302,26.40696463556,49.1462526033151
2016-02-06,-57.9464285714286,-61.4642857142857,1.37712461394923,345.599785940988,19.9543270042964,26.8464016060152,-57.9361047744751,-61.4583334287008,1.61778009831905,-1.61299731731415,0.132333343662322,0.104602191224694,33.6865722020467,34.9869296550751,26.40696463556,19.5854177307942
2016-02-07,-57.9464285714286,-61.4642857142857,1.45792090467044,345.838097708566,14.0961801324572,26.8464016060152,-57.9361047744751,-61.4583334287008,1.66570027271907,-1.59864344894886,0.180110070326676,0.0254371775314212,33.6789044698079,33.6453866481781,26.40696463556,6.9333441489457
2016-02-08,-57.9464285714286,-61.4642857142857,1.48432268415179,345.826651436942,13.2560270513807,26.8464016060152,-57.9361047744751,-61.4583334287008,1.69761652151744,-1.5943123648564,0.188024536892772,0.0110985646955669,33.6716690699259,31.4773007551829,26.40696463556,13.4869498008665
2016-02-09,-57.9464285714286,-61.4642857142857,1.49272911463465,345.763554164342,17.8868307386126,26.8464016060152,-57.9361047744751,-61.4583334287008,1.73303630053997,-1.59550512532393,0.198950163802753,0.013489181175828,33.6634801228841,29.0765113989512,26.40696463556,17.7211232295145
2016-02-10,-57.9464285714286,-61.4642857142857,1.46741731251989,345.888253348214,20.9891676562173,26.8464016060152,-57.9361047744751,-61.4583334287008,1.77875303129355,-1.60564491450787,0.143803215740869,0.0339111504455407,33.6547316233317,27.605264822642,26.40696463556,0.584738927919926
2016-02-11,-57.9464285714286,-61.4642857142857,1.42019626072475,345.97830418178,16.8939463070461,26.8464016060152,-57.9361047744751,-61.4583334287008,1.79360944032669,-1.60072379608949,0.143879511859268,0.00493891211226583,33.6412399927775,25.1497961997986,26.40696463556,7.68944293752233
2016-02-12,-57.9464285714286,-61.4642857142857,1.38361778003829,346.191393171038,22.8860774721418,26.8464016060152,-57.9361047744751,-61.4583334287008,1.80598775347074,-1.59449039697647,0.104729351618638,0.0243029062946637,33.6345514933268,25.6736973921458,26.40696463556,11.2089339447786
2016-02-13,-57.9464285714286,-61.4642857142857,1.32998309390885,346.145815168108,19.8850960731506,26.8464016060152,-57.9361047744751,-61.4583334287008,1.8199652304252,-1.58527634143829,0.127923418736706,-0.0209306110317508,33.6305205027262,28.0058201471965,26.40696463556,23.028892929195
2016-02-14,-57.9464285714286,-61.4642857142857,1.19161137725626,344.843089512416,15.7963507856641,26.8464016060152,-57.9361047744751,-61.4583334287008,1.76392103731632,-1.58930733104547,0.0979288106784224,-0.0279447819106281,33.6298208554586,33.2537323792775,26.40696463556,38.2879090218581
2016-02-15,-57.9464285714286,-61.4642857142857,1.0510693362781,343.451527186802,11.2900633471353,26.8464016060152,-57.9361047744751,-61.4583334287008,1.71549426515897,-1.59316283663114,0.144835759202639,-0.0241197953311106,33.6231192588806,34.3409540017446,26.40696463556,23.2169449998536
2016-02-16,-57.9464285714286,-61.4642857142857,0.891523252640452,341.657115391323,6.11484469686236,26.8464016060152,-57.9361047744751,-61.4583334287008,1.64963532686234,-1.59805850684643,0.138940600616237,-0.0368561866382758,33.601069577535,28.2906596183777,26.40696463556,33.0474434295422
2016-02-17,-57.9464285714286,-61.4642857142857,0.781419155853135,340.550534929548,9.74735672133309,26.8464016060152,-57.9361047744751,-61.4583334287008,1.59534289042155,-1.60359253386656,0.113706879348805,0.0137740205973387,33.5892815589905,24.72508020401,26.40696463556,10.3685732713823
2016-02-18,-57.9464285714286,-61.4642857142857,0.755958299551691,340.876336233956,10.2732989106859,26.8464016060152,-57.9361047744751,-61.4583334287008,1.56236459215482,-1.59983367125193,0.177475305274129,0.0444349497867127,33.5891415596008,29.7174002011617,26.40696463556,4.40292561685188
2016-02-19,-57.9464285714286,-61.4642857142857,0.770904125911849,341.167151314872,7.18512632165636,26.8464016060152,-57.9361047744751,-61.4583334287008,1.52901396751404,-1.59420046508312,0.226310007274151,0.0215002896574636,33.5894721984863,33.358003950119,26.40696463556,33.3373114064465
2016-02-20,-57.9464285714286,-61.4642857142857,0.750352225133351,340.561793736049,5.76711731297629,26.8464016060152,-57.9361047744751,-61.4583334287008,1.48934600750605,-1.59103417098522,0.199468976445496,-0.0523748486302793,33.5836228688558,34.0027075767517,26.40696463556,59.7461122944886
2016-02-21,-57.9464285714286,-61.4642857142857,0.702561227338655,339.841979980469,6.29279329095568,26.8464016060152,-57.9361047744751,-61.4583334287008,1.48830838104089,-1.59282458821932,0.187617623060942,-0.00758893607805173,33.5726744016012,24.2558581352234,26.40696463556,21.2108229128699
2016-02-22,-57.9464285714286,-61.4642857142857,0.676509874207633,339.585832868304,5.31261393002101,26.8464016060152,-57.9361047744751,-61.4583334287008,1.45136266648769,-1.59716584682465,0.163523261218021,0.00627664004762967,33.5555460294088,16.3706379493078,26.40696463556,8.33479484919498
2016-02-23,-57.9464285714286,-61.4642857142857,0.679570327912058,339.812447684152,6.59480549607958,26.8464016060152,-57.9361047744751,-61.4583334287008,1.37308269341787,-1.59336883525054,0.144245734810829,0.069877214046816,33.5477130572001,22.0178339958191,26.40696463556,3.42237188798778
2016-02-24,-57.9464285714286,-61.4642857142857,0.717716344765254,340.357548304967,6.65829951422555,26.8464016060152,-57.9361047744751,-61.4583334287008,1.28252817889055,-1.59740745723248,0.145430870323131,0.100395723835876,33.5592081069946,28.9061162471771,26.40696463556,15.9542973289661
2016-02-25,-57.9464285714286,-61.4642857142857,0.76489739545754,340.966513497489,9.73080052648272,26.8464016060152,-57.9361047744751,-61.4583334287008,1.19620961993933,-1.59822382529577,0.103162735079726,0.0760724714025855,33.5849455515544,32.1614240169525,26.40696463556,15.1211504884013
2016-02-26,-57.9464285714286,-61.4642857142857,0.797761442405837,341.648962838309,10.9266624110086,26.8464016060152,-57.9361047744751,-61.4583334287008,1.16478776484728,-1.60585853457451,0.132312997647872,0.0474003313109279,33.6077840805054,31.8473376433055,26.40696463556,1.25918181298901
2016-02-27,-57.9464285714286,-61.4642857142857,0.823430140103613,342.304813929967,11.6074881894248,26.8464016060152,-57.9361047744751,-61.4583334287008,1.14219185958306,-1.60308135052522,0.158360546051214,0.0311288795123498,33.6304692268372,31.8549674590429,26.40696463556,1.38007383253425
2016-02-28,-57.9464285714286,-61.4642857142857,0.846670397690364,342.624060494559,8.43388966151646,26.8464016060152,-57.9361047744751,-61.4583334287008,1.14026308904092,-1.60104169845581,0.162724692560732,0.0417391479636232,33.6473813374837,25.7716109673182,26.40696463556,1.13767775211433
2016-02-29,-57.9464285714286,-61.4642857142857,0.868280617254121,342.68454851423,10.0427245923451,26.8464016060152,-57.9361047744751,-61.4583334287008,1.07795650164286,-1.59607735574245,0.150985239259899,0.0872727639973164,33.6637975374858,31.9655970652898,26.40696463556,9.4314634499667
2016-03-01,-57.9464285714286,-61.4642857142857,0.889362648129463,342.785258701869,9.56728417532785,26.8464016060152,-57.9361047744751,-61.4583334287008,1.05168616424004,-1.59494053622087,0.186198512930423,0.0423596909580131,33.6806083679199,33.3096830050151,26.40696463556,7.3832785762396
2016-03-02,-57.9464285714286,-61.4642857142857,0.928174001829965,343.126756940569,12.9334826128823,26.8464016060152,-57.9361047744751,-61.4583334287008,1.03245340387026,-1.6082593212525,0.141219315771013,0.0931272319207589,33.6932991345723,32.9332881212234,26.40696463556,12.304927217029
2016-03-03,-57.9464285714286,-61.4642857142857,0.965199628046581,343.437430245536,11.4364864826202,26.8464016060152,-57.9361047744751,-61.4583334287008,1.07106542090575,-1.6142740180095,0.179570908999691,0.0320342619592945,33.6950795491536,28.3733139832815,26.40696463556,5.75639683363708
2016-03-04,-57.9464285714286,-61.4642857142857,1.00308418699673,343.246778215681,8.89850194113595,26.8464016060152,-57.9361047744751,-61.4583334287008,1.06938689649105,-1.61167994042238,0.21525722052902,0.105980610785385,33.7056210835775,29.4071285247803,26.40696463556,41.9834268726137
2016-03-05,-57.9464285714286,-61.4642857142857,1.01066559978894,342.77154976981,6.23641814504351,26.8464016060152,-57.9361047744751,-61.4583334287008,1.04383070319891,-1.61189865767956,0.172973825968802,0.035874507886668,33.6983091990153,23.8807347377141,26.40696463556,3.49418655247829
2016-03-06,-57.9464285714286,-61.4642857142857,0.993197924324444,342.519635881696,9.44315505027771,26.8464016060152,-57.9361047744751,-61.4583334287008,1.05963928947846,-1.61696981588999,0.164301482401788,0.085884172283113,33.7014500617981,22.3649820725123,26.40696463556,10.1498066962636
2016-03-07,-57.9464285714286,-61.4642857142857,0.975267203790801,342.360565185547,5.51737509455,26.8464016060152,-57.9361047744751,-61.4583334287008,1.03801387399435,-1.61262601216634,0.171341084099064,0.0730613114933173,33.7076935768127,25.8504503011703,26.40696463556,7.00489370817741
2016-03-08,-57.9464285714286,-61.4642857142857,0.982499912381172,342.371834891183,10.8537968908037,26.8464016060152,-57.9361047744751,-61.4583334287008,1.0340037420392,-1.61069826086362,0.152373830291132,0.074688965578874,33.7193923314412,25.3570676724116,26.40696463556,4.82637961694725
2016-03-09,-57.9464285714286,-61.4642857142857,0.996519442115511,342.497486659459,7.31143052237374,26.8464016060152,-57.9361047744751,-61.4583334287008,1.01099278628826,-1.6111865590016,0.133905046929916,0.0900702944646279,33.7325664202372,26.7710921128591,26.40696463556,11.5977261473259
2016-03-10,-57.9464285714286,-61.4642857142857,0.941051334142685,342.074683053153,4.51465209041323,26.8464016060152,-57.9361047744751,-61.4583334287008,0.968749063710372,-1.60830001533031,0.148721783018361,0.0381735688696305,33.7471389134725,26.2573638359706,26.40696463556,0.171500912278838
2016-03-11,-57.9464285714286,-61.4642857142857,0.890260770916939,341.612572806222,7.75411948135921,26.8464016060152,-57.9361047744751,-61.4583334287008,0.86109807540973,-1.61683248480161,0.211574653380861,0.120431124760459,33.7846257845561,32.1741402308146,26.40696463556,49.5739251098365
2016-03-12,-57.9464285714286,-61.4642857142857,0.937862211040088,341.862891060965,11.3909027917045,26.8464016060152,-57.9361047744751,-61.4583334287008,0.733835891385873,-1.63081250190735,0.119602039176971,0.133208207599819,33.7967312812805,37.3978919347127,26.40696463556,43.80495673075
2016-03-13,-57.9464285714286,-61.4642857142857,0.950214528611728,341.917683192662,6.35951842580523,26.8464016060152,-57.9361047744751,-61.4583334287008,0.681063285470009,-1.63731294572353,0.153172399538259,0.0316120895246665,33.8012329101563,32.2631525834401,26.40696463556,0.906170486196814
2016-03-14,-57.9464285714286,-61.4642857142857,0.924249874694007,341.757099696568,6.71651080676487,26.8464016060152,-57.9361047744751,-61.4583334287008,0.625446351617575,-1.64014607568582,0.10036520473659,0.0710369170022507,33.8182977676392,32.4462635676066,26.40696463556,14.9187863323712
2016-03-15,-57.9464285714286,-61.4642857142857,0.898648019347872,341.704786028181,3.63993445464543,26.8464016060152,-57.9361047744751,-61.4583334287008,0.579662484675646,-1.62445956667264,0.138732056785375,0.0515508484095335,33.8324761072795,31.2039058764776,26.40696463556,0.699807398474932
2016-03-16,-57.9464285714286,-61.4642857142857,0.82939168385097,341.464183262416,2.62224568639483,26.8464016060152,-57.9361047744751,-61.4583334287008,0.554698345810175,-1.61422059933345,0.186641030727575,0.0612913401797414,33.8472902933757,32.0304489453634,26.40696463556,9.04362321254271
2016-03-17,-57.9464285714286,-61.4642857142857,0.826355642506054,341.616237095424,7.08497153009687,26.8464016060152,-57.9361047744751,-61.4583334287008,0.513705881933371,-1.6196554462115,0.157612842073043,0.0793939020174245,33.8653470039368,37.2135093053182,26.40696463556,6.75956254861098
2016-03-18,-57.9464285714286,-61.4642857142857,0.879077277013234,342.163114275251,9.36645548684256,26.8464016060152,-57.9361047744751,-61.4583334287008,0.459712535142899,-1.63266904850801,0.109022288552175,0.110207424281786,33.8777579943339,39.6232000350952,26.40696463556,29.4652762803539
2016-03-19,-57.9464285714286,-61.4642857142857,0.936627769044467,342.750810895647,10.676270706313,26.8464016060152,-57.9361047744751,-61.4583334287008,0.342075888564189,-1.63887193302313,0.0795770136949917,0.0919115772781273,33.8889735221863,43.3019523620605,26.40696463556,34.7727043167693
2016-03-20,-57.9464285714286,-61.4642857142857,0.970197962863105,343.009129115513,9.21914616652897,26.8464016060152,-57.9361047744751,-61.4583334287008,0.28386488383015,-1.63337860107422,0.178375600837171,0.0627358823704223,33.9116465250651,45.6251740455627,26.40696463556,6.43602446227638
2016-03-21,-57.9464285714286,-61.4642857142857,1.01418843439647,343.485944475446,11.0145450489862,26.8464016060152,-57.9361047744751,-61.4583334287008,0.202630714637538,-1.63725953499476,0.133599860810985,0.0922828862133125,33.92615553538,51.3054318745931,26.40696463556,12.6853673443774
2016-03-22,-57.9464285714286,-61.4642857142857,1.05719970592431,344.065798078264,9.34828492573329,26.8464016060152,-57.9361047744751,-61.4583334287008,0.156260891755422,-1.63677378197511,0.0978118225000799,0.0404471979786952,33.94253393809,53.3501720190048,26.40696463556,12.557957515086
2016-03-23,-57.9464285714286,-61.4642857142857,1.06982093197959,344.378195626395,7.78338873386383,26.8464016060152,-57.9361047744751,-61.4583334287008,0.160368683934212,-1.63784193396568,0.14867600540941,0.0273038927465677,33.9548174858093,50.2589012066523,26.40696463556,1.39058127473964
2016-03-24,-57.9464285714286,-61.4642857142857,1.08378613208021,344.70856148856,8.88160954202924,26.8464016060152,-57.9361047744751,-61.4583334287008,0.173052175653477,-1.64437034924825,0.137134922419985,0.0635802278295159,33.9570936838786,46.7390995661418,26.40696463556,2.49437217191679
2016-03-25,-57.9464285714286,-61.4642857142857,1.02923862848963,344.4440373012,2.85788181424141,26.8464016060152,-57.9361047744751,-61.4583334287008,0.171123405421774,-1.65501877069473,0.203945025025556,0.0755282246507704,33.9594079017639,50.2283825715383,26.40696463556,20.7422209883569
2016-03-26,-57.9464285714286,-61.4642857142857,0.96569804421493,344.288783482143,4.01029988697597,26.8464016060152,-57.9361047744751,-61.4583334287008,0.138895859879752,-1.65791802207629,0.174921923006574,0.103340759097288,33.968436272939,55.0236035664876,26.40696463556,21.3083835925435
2016-03-27,-57.9464285714286,-61.4642857142857,0.971331059932709,344.430616106306,8.69269827433995,26.8464016060152,-57.9361047744751,-61.4583334287008,0.146403412272533,-1.65962706506252,0.171997233076642,0.0679240290696422,33.9771467208862,58.4365902423859,26.40696463556,5.798316585647
2016-03-28,-57.9464285714286,-61.4642857142857,0.987079294664519,344.682351248605,10.369616985321,26.8464016060152,-57.9361047744751,-61.4583334287008,0.158751202436785,-1.65247301459312,0.185186314613869,0.0723949907968442,33.9833395322164,60.9111329078674,26.40696463556,11.0303401437585
2016-03-29,-57.9464285714286,-61.4642857142857,1.0116093563182,345.07082257952,9.70692127091544,26.8464016060152,-57.9361047744751,-61.4583334287008,0.164580237617095,-1.65115054746469,0.127918332877258,0.0831069877681633,33.9889221827189,57.9025163332621,26.40696463556,9.6405418091951
2016-03-30,-57.9464285714286,-61.4642857142857,1.00940011867455,345.206813267299,4.91853924308504,26.8464016060152,-57.9361047744751,-61.4583334287008,0.172252591202656,-1.64221371213595,0.148401338700205,0.0484277876093984,33.9822080612183,49.7489874839783,26.40696463556,0.101679641014955
2016-03-31,-57.9464285714286,-61.4642857142857,1.01649546197483,345.548860822405,7.41652376311166,26.8464016060152,-57.9361047744751,-61.4583334287008,0.160844772060712,-1.63016144136588,0.164321828012665,0.0765556807629764,33.9859845479329,51.3791848341624,26.40696463556,6.67718229620891
2016-04-01,-57.9464285714286,-61.4642857142857,1.06934658118657,346.348634992327,10.2057180404663,26.8464016060152,-57.9361047744751,-61.4583334287008,0.124271390711268,-1.63016144235929,0.121361939174434,0.0945412556640804,33.9940590858459,59.6128246943156,26.40696463556,16.2894091468179
2016-04-02,-57.9464285714286,-61.4642857142857,1.09418441355228,346.97569492885,9.07521343231201,26.8464016060152,-57.9361047744751,-61.4583334287008,0.0829371211429437,-1.63781395455201,0.0849991353539129,0.0685445726228257,33.9960046132406,62.7307991027832,26.40696463556,22.7450766180791
2016-04-03,-57.9464285714286,-61.4642857142857,1.07595373903002,347.328789847238,9.69173053332737,26.8464016060152,-57.9361047744751,-61.4583334287008,0.0365184680869182,-1.64340901970863,0.0656656592463454,0.0915962198438744,33.9985605239868,66.8139216423035,26.40696463556,45.0809704479146
2016-04-04,-57.9464285714286,-61.4642857142857,1.05080991983414,347.644463675363,5.23781841141837,26.8464016060152,-57.9361047744751,-61.4583334287008,-0.014673279846708,-1.63994007706642,0.104785302467644,0.0686005227888624,33.9996541976929,69.0951802889506,26.40696463556,12.2895391250213
2016-04-05,-57.9464285714286,-61.4642857142857,0.970487469008991,347.442884172712,3.27548035553523,26.8464016060152,-57.9361047744751,-61.4583334287008,-0.0022888687128822,-1.64205094178518,0.155257830861956,0.0396842351493736,33.9924189249674,61.4108736753464,26.40696463556,0.369083831660461
2016-04-06,-57.9464285714286,-61.4642857142857,0.86495204269886,346.483585902623,3.83206242322922,26.8464016060152,-57.9361047744751,-61.4583334287008,0.0272713600968321,-1.65020701984564,0.1896827093636,0.055798007765164,33.9856537501017,64.3050456841787,26.40696463556,9.46986642138909
2016-04-07,-57.9464285714286,-61.4642857142857,0.849400558641979,346.398498535156,5.70644690309252,26.8464016060152,-57.9361047744751,-61.4583334287008,0.0153325187042356,-1.6632053544124,0.177088737798234,0.0650298569661876,33.9864293734233,65.20152703921,26.40696463556,6.50796938203029
2016-04-08,-57.9464285714286,-61.4642857142857,0.873039379715919,346.714157104492,6.87193369865417,26.8464016060152,-57.9361047744751,-61.4583334287008,-0.00827659945935011,-1.67712180117766,0.140247809731712,0.0890733562099437,33.9889598210653,69.1282422701518,26.40696463556,10.4625285049098
2016-04-09,-57.9464285714286,-61.4642857142857,0.90607388317585,347.247815813337,5.77354463509151,26.8464016060152,-57.9361047744751,-61.4583334287008,-0.034022015457352,-1.67307555278142,0.135532700456679,0.119073050748557,33.9905620892843,76.23778368632,26.40696463556,28.9643959466068
2016-04-10,-57.9464285714286,-61.4642857142857,0.923965196524348,347.794823782785,3.94266829320363,26.8464016060152,-57.9361047744751,-61.4583334287008,-0.0458631968125701,-1.66508479019006,0.179438663087785,0.110889003736277,33.9866329511007,75.5155125617981,26.40696463556,27.4024542480391
2016-04-11,-57.9464285714286,-61.4642857142857,0.955217197537422,348.270185198103,6.54869534288134,26.8464016060152,-57.9361047744751,-61.4583334287008,-0.0999114774167538,-1.66227962871393,0.144215216301382,0.150639362664272,33.9978740374247,80.6311775843302,26.40696463556,56.9690626210219
2016-04-12,-57.9464285714286,-61.4642857142857,1.00297997253282,348.961691720145,4.80308474813189,26.8464016060152,-57.9361047744751,-61.4583334287008,-0.148246692741911,-1.6512421031793,0.17944374869888,0.102903327997774,34.0017652193705,79.7779309908549,26.40696463556,22.3780191385698
2016-04-13,-57.9464285714286,-61.4642857142857,1.00431671738625,349.482301984514,3.20062902144023,26.8464016060152,-57.9361047744751,-61.4583334287008,-0.217053723583619,-1.64222642878691,0.138864303845912,0.0853195795789361,34.0039267857869,75.9796478589376,26.40696463556,8.95356758416956
2016-04-14,-57.9464285714286,-61.4642857142857,1.00319525812353,349.900464739118,6.0300738300596,26.8464016060152,-57.9361047744751,-61.4583334287008,-0.249848913028836,-1.63751131792863,0.14025798322012,0.091631824709475,33.9945424397786,68.6641067345937,26.40696463556,11.648753209885
2016-04-15,-57.9464285714286,-61.4642857142857,0.980192182319505,350.053078787667,5.56897721971784,26.8464016060152,-57.9361047744751,-61.4583334287008,-0.297170912350217,-1.62731558680534,0.154388053249568,0.0339721873713036,33.9862771034241,64.3597249190013,26.40696463556,0.715291377522296
2016-04-16,-57.9464285714286,-61.4642857142857,0.941463527934892,350.144670758929,5.13136323860713,26.8464016060152,-57.9361047744751,-61.4583334287008,-0.351817358098924,-1.63353373308977,0.0780510876327753,0.0831425924474994,33.9883624712626,67.8108597119649,26.40696463556,32.0048740990382
2016-04-17,-57.9464285714286,-61.4642857142857,0.877719627959388,349.741313389369,4.24211706433977,26.8464016060152,-57.9361047744751,-61.4583334287008,-0.450727846225103,-1.63845484852791,0.0397198403875033,0.123427024763078,33.9964243253072,73.8115622838338,26.40696463556,89.9881432047302
2016-04-18,-57.9464285714286,-61.4642857142857,0.873513696449144,350.321173531669,4.47450486251286,26.8464016060152,-57.9361047744751,-61.4583334287008,-0.543729953219493,-1.64332509140174,0.0552435890150567,0.0998056986990074,34.0087841669718,76.0979069391886,26.40696463556,58.4324679696135
2016-04-19,-57.9464285714286,-61.4642857142857,0.882783257535526,351.080080304827,2.91615892308099,26.8464016060152,-57.9361047744751,-61.4583334287008,-0.607769992699226,-1.62986642916997,0.125914283748716,0.0972217985739311,34.0100558916728,74.3608950932821,26.40696463556,16.5811070484713
2016-04-20,-57.9464285714286,-61.4642857142857,0.882754970874105,351.739198957171,3.47663568598883,26.8464016060152,-57.9361047744751,-61.4583334287008,-0.671291216214498,-1.62747326592604,0.0861181472738584,0.0660267951898277,34.0098906199137,71.9588338534037,26.40696463556,21.4611970940912
2016-04-21,-57.9464285714286,-61.4642857142857,0.866045387727874,352.051417759487,3.66114282608032,26.8464016060152,-57.9361047744751,-61.4583334287008,-0.737815464784702,-1.62699005901813,0.058254748241355,0.105390586331487,34.0113657315572,71.0013155937195,26.40696463556,58.9656378006635
2016-04-22,-57.9464285714286,-61.4642857142857,0.873462174619947,352.780147007533,4.40914818218776,26.8464016060152,-57.9361047744751,-61.4583334287008,-0.805444481472174,-1.62776573995749,0.0688853619930645,0.103773105485986,34.0160579999288,70.4176492373149,26.40696463556,49.0304205518506
2016-04-23,-57.9464285714286,-61.4642857142857,0.888835732425962,353.530153547014,3.71478288514274,26.8464016060152,-57.9361047744751,-61.4583334287008,-0.859462242821852,-1.63143813610077,0.0620085251207153,0.0793532110129793,34.0171133041382,69.3571309089661,26.40696463556,43.0688660061817
2016-04-24,-57.9464285714286,-61.4642857142857,0.869936400226184,353.811950683594,1.82057755759784,26.8464016060152,-57.9361047744751,-61.4583334287008,-0.936875495811303,-1.61824142038822,0.103991820849478,0.0360474460447828,33.9955341974894,56.5075658957163,26.40696463556,9.91062594389819
2016-04-25,-57.9464285714286,-61.4642857142857,0.840121433138847,354.044956752232,3.04926288979394,26.8464016060152,-57.9361047744751,-61.4583334287008,-0.977428492407004,-1.61122216582298,0.0976795758431157,0.0511693673518797,33.9746162732442,48.5663953145345,26.40696463556,12.8225573359547
2016-04-26,-57.9464285714286,-61.4642857142857,0.824924600975854,354.541889735631,2.75156737225396,26.8464016060152,-57.9361047744751,-61.4583334287008,-0.979534266889095,-1.61422569255034,0.161442915319155,0.0610522783982257,33.9608066240946,47.8746423244476,26.40696463556,2.39111890713231
2016-04-27,-57.9464285714286,-61.4642857142857,0.813060890351023,354.978053501674,3.10786825418472,26.8464016060152,-57.9361047744751,-61.4583334287008,-0.934983345369498,-1.62820062637329,0.167394024413079,0.110248115162055,33.970318031311,58.6451335430145,26.40696463556,23.8906984573142
2016-04-28,-57.9464285714286,-61.4642857142857,0.804646457944598,355.80952671596,1.31171958787101,26.8464016060152,-57.9361047744751,-61.4583334287008,-0.940000587205092,-1.6346298545599,0.155624052571754,0.113493250217289,33.9894685745239,69.0964514732361,26.40696463556,24.4815371725274
2016-04-29,-57.9464285714286,-61.4642857142857,0.78085039130279,356.778056553432,1.5474140048027,26.8464016060152,-57.9361047744751,-61.4583334287008,-0.957255752384663,-1.63810133934021,0.146382030565292,0.0945310824861129,34.0040537516276,70.2841304461161,26.40696463556,12.7983394350209
2016-04-30,-57.9464285714286,-61.4642857142857,0.772356097187315,357.566537039621,2.41153231688908,26.8464016060152,-57.9361047744751,-61.4583334287008,-0.989263567825158,-1.64849289258321,0.143859167552243,0.116453545851012,34.0227972348531,72.5704754193624,26.40696463556,26.3559046721827
2016-05-01,-57.9464285714286,-61.4642857142857,0.768329918384552,358.17304120745,2.28403457573482,26.8464016060152,-57.9361047744751,-61.4583334287008,-1.05670336633921,-1.64925585289796,0.0858994310721755,0.0709301021881402,34.0357929547628,73.6576975504557,26.40696463556,22.7986709692669
2016-05-02,-57.9464285714286,-61.4642857142857,0.765898410763059,358.40635899135,2.88887860093798,26.8464016060152,-57.9361047744751,-61.4583334287008,-1.14321113626162,-1.64363791147868,0.0866471353297432,0.034343495965004,34.0273496627808,69.7843901634216,26.40696463556,19.1632931585253
2016-05-03,-57.9464285714286,-61.4642857142857,0.752577268651554,358.333062308175,1.61460390261241,26.8464016060152,-57.9361047744751,-61.4583334287008,-1.21935482025146,-1.63524277408918,0.116453545695792,0.0268105105807384,34.007372601827,46.104568529129,26.40696463556,6.38457569459152
2016-05-04,-57.9464285714286,-61.4642857142857,0.72431923023292,357.804048810686,2.04068435089929,26.8464016060152,-57.9361047744751,-61.4583334287008,-1.23849602788687,-1.63288267950217,0.0623544009712835,-0.00570696108043194,33.9980389912923,53.3183817545573,26.40696463556,48.8415877189786
2016-05-05,-57.9464285714286,-61.4642857142857,0.716949333037649,357.208881923131,3.18166780471802,26.8464016060152,-57.9361047744751,-61.4583334287008,-1.2842310667038,-1.63633635540803,0.0995361188426614,0.0340128787172337,33.9907782236735,52.0887402375539,26.40696463556,12.1436953977655
2016-05-06,-57.9464285714286,-61.4642857142857,0.723111067499433,357.091703142439,2.7376190338816,26.8464016060152,-57.9361047744751,-61.4583334287008,-1.30142519374688,-1.63730022609234,0.113961200447132,0.0444349497556686,33.992494837443,54.5620113690694,26.40696463556,5.72797736376123
2016-05-07,-57.9464285714286,-61.4642857142857,0.710548341274261,357.440761021205,1.28338634542056,26.8464016060152,-57.9361047744751,-61.4583334287008,-1.28730122645696,-1.64567756354809,0.125873591937125,0.0555436871014535,34.0025149345398,54.7082457383474,26.40696463556,3.07597008591044
2016-05-08,-57.9464285714286,-61.4642857142857,0.688546663948468,357.597250802176,1.72641808220318,26.8464016060152,-57.9361047744751,-61.4583334287008,-1.27843254307906,-1.65692617297173,0.104419080757846,0.0028941720413665,34.0049818356832,50.1355554421743,26.40696463556,17.842624572825
2016-05-09,-57.9464285714286,-61.4642857142857,0.67668604850769,357.985164097377,2.01116153172084,26.8464016060152,-57.9361047744751,-61.4583334287008,-1.26132997572422,-1.65451266666253,0.132409639935941,0.0496536150574684,34.0109206199646,52.716912984848,26.40696463556,1.34721085992142
2016-05-10,-57.9464285714286,-61.4642857142857,0.659885591694287,358.867289951869,1.56262192555836,26.8464016060152,-57.9361047744751,-61.4583334287008,-1.22433543602626,-1.65185501674811,0.122394482263674,0.0715455592609942,34.0255568504333,57.4053190072378,26.40696463556,7.03372973464698
2016-05-11,-57.9464285714286,-61.4642857142857,0.642233927335058,359.990951538086,1.40769774147442,26.8464016060152,-57.9361047744751,-61.4583334287008,-1.1923825631539,-1.64981027344863,0.141733044168601,0.0603300064491729,34.0359203974406,59.9383556683858,26.40696463556,1.52453763906555
2016-05-12,-57.9464285714286,-61.4642857142857,0.626730586801256,360.780072893415,1.58670369216374,26.8464016060152,-57.9361047744751,-61.4583334287008,-1.16602677206198,-1.65020955701669,0.14853867230316,0.0317239904776216,34.0413757006327,60.9480097293854,26.40696463556,0.751040618855932
2016-05-13,-57.9464285714286,-61.4642857142857,0.616132802196911,361.355518886021,1.63328542028155,26.8464016060152,-57.9361047744751,-61.4583334287008,-1.15251317620277,-1.65491958359877,0.138060650167366,0.0355744093035658,34.0426600138346,60.6886023203532,26.40696463556,0.826128066728175
2016-05-14,-57.9464285714286,-61.4642857142857,0.61282353741782,361.725014822824,1.9431238259588,26.8464016060152,-57.9361047744751,-61.4583334287008,-1.15519270400206,-1.65116072396437,0.123467717164507,0.0189723401019971,34.0427363077799,58.7913680712382,26.40696463556,6.08278801489525
2016-05-15,-57.9464285714286,-61.4642857142857,0.611261944685664,362.034833635603,1.66309926339558,26.8464016060152,-57.9361047744751,-61.4583334287008,-1.15665149092674,-1.64814192950726,0.133350627683103,0.0421308024475972,34.0530362764994,60.1265530586243,26.40696463556,1.0612618132933
2016-05-16,-57.9464285714286,-61.4642857142857,0.608798916850771,362.756548200335,1.23394813282149,26.8464016060152,-57.9361047744751,-61.4583334287008,-1.14933314919472,-1.65213731726011,0.153096102519582,0.0257881407315532,34.0647730191549,60.916219552358,26.40696463556,1.79071092254709
2016-05-17,-57.9464285714286,-61.4642857142857,0.59155908865588,363.286721365792,0.732412612863949,26.8464016060152,-57.9361047744751,-61.4583334287008,-1.13838310837746,-1.64897610445817,0.139484847616404,0.0682190413586795,34.0849533081055,65.9670327504476,26.40696463556,3.28909128043311
2016-05-18,-57.9464285714286,-61.4642857142857,0.57692534157208,364.064091273717,0.904452153614589,26.8464016060152,-57.9361047744751,-61.4583334287008,-1.12966702133417,-1.64517909685771,0.125593839244296,0.0492110961737732,34.104358069102,69.8657723426819,26.40696463556,2.60454311983685
2016-05-19,-57.9464285714286,-61.4642857142857,0.559316724538803,364.169910975865,0.521699060286794,26.8464016060152,-57.9361047744751,-61.4583334287008,-1.19352395534515,-1.64035971065362,0.115217546094209,-0.0105644907181462,34.0841142018636,18.8591681957245,26.40696463556,20.1730106976169
2016-05-20,-57.9464285714286,-61.4642857142857,0.527743488550186,363.980684552874,0.315211039568697,26.8464016060152,-57.9361047744751,-61.4583334287008,-1.22667926053206,-1.64767397642136,0.125731172474722,-0.0392722350234787,34.0945286432902,26.4493761777878,26.40696463556,37.0724512714239
2016-05-21,-57.9464285714286,-61.4642857142857,0.502780301230294,363.927525111607,0.703632388796125,26.8464016060152,-57.9361047744751,-61.4583334287008,-1.17752615014712,-1.65686767995358,0.127989542670548,0.018199204467237,34.1199096361796,62.0097993532817,26.40696463556,5.2807174981587
2016-05-22,-57.9464285714286,-61.4642857142857,0.492432775241988,364.128056117467,1.05882612296513,26.8464016060152,-57.9361047744751,-61.4583334287008,-1.19783926308155,-1.66629027426243,0.0828221482535203,0.0231788078633447,34.1218554496765,66.2035512606303,26.40696463556,23.2723785534853
2016-05-23,-57.9464285714286,-61.4642857142857,0.476900445563453,364.396615164621,0.337488263845444,26.8464016060152,-57.9361047744751,-61.4583334287008,-1.22009946803252,-1.66899115641912,0.156595558145394,0.0395519881819685,34.1234575907389,69.868316078186,26.40696463556,0.483476110774558
2016-05-24,-57.9464285714286,-61.4642857142857,0.451586346541132,364.135740007673,0.638892948627472,26.8464016060152,-57.9361047744751,-61.4583334287008,-1.20360116263231,-1.67712433636189,0.0859960729256272,0.0570696122323473,34.1305530230204,75.8486723264058,26.40696463556,19.9609811297315
2016-05-25,-57.9464285714286,-61.4642857142857,0.4401808402368,364.347989763532,0.617015842880521,26.8464016060152,-57.9361047744751,-61.4583334287008,-1.21785331070423,-1.66149123311043,0.141097242602458,0.0491297137923539,34.1213084538778,75.5015238761902,26.40696463556,0.358672636625196
2016-05-26,-57.9464285714286,-61.4642857142857,0.431862997157233,364.399252755301,0.807987315314157,26.8464016060152,-57.9361047744751,-61.4583334287008,-1.20250860551993,-1.66426587899526,0.141799167636782,0.0649128697191676,34.1281368255615,78.4885235468547,26.40696463556,2.37586825346838
2016-05-27,-57.9464285714286,-61.4642857142857,0.428081872207778,364.600997924805,0.870852423565728,26.8464016060152,-57.9361047744751,-61.4583334287008,-1.19619126220544,-1.65513321061929,0.174270861161252,0.032720928452909,34.1341641108195,81.5772517522176,26.40696463556,4.13369547970067
2016-05-28,-57.9464285714286,-61.4642857142857,0.420882331473487,364.632633754185,0.471813519086157,26.8464016060152,-57.9361047744751,-61.4583334287008,-1.18441111991803,-1.65123701294263,0.161610766127706,0.0102898240710298,34.1367709477743,80.2318936983744,26.40696463556,6.62077123796316
2016-05-29,-57.9464285714286,-61.4642857142857,0.408640618835177,364.4429800851,0.445566060287612,26.8464016060152,-57.9361047744751,-61.4583334287008,-1.17774588167667,-1.65822066068649,0.161412397027016,-0.0121463670084874,34.1346345901489,74.6838826656342,26.40696463556,16.6643328432531
2016-05-30,-57.9464285714286,-61.4642857142857,0.394927563411849,364.309167044503,0.213373206555843,26.8464016060152,-57.9361047744751,-61.4583334287008,-1.17230137983958,-1.6531037290891,0.168477431746821,0.00340790015955766,34.1324474652608,70.6617976665497,26.40696463556,10.3583751730912
2016-05-31,-57.9464285714286,-61.4642857142857,0.380752870014736,364.424918038504,0.237710537655013,26.8464016060152,-57.9361047744751,-61.4583334287008,-1.16091187198957,-1.64398886660735,0.181646168169876,0.0276650287210941,34.1324729919434,71.7515627384186,26.40696463556,7.0535894966763
2016-06-01,-57.9464285714286,-61.4642857142857,0.367951229214668,364.69212777274,0.19044241309166,26.8464016060152,-57.9361047744751,-61.4583334287008,-1.15104829172293,-1.64451277554035,0.198004089699437,0.0241096225567162,34.1306927045186,71.9372166315714,26.40696463556,14.5697765524188
2016-06-02,-57.9464285714286,-61.4642857142857,0.358742837394987,364.51067679269,0.541531722460474,26.8464016060152,-57.9361047744751,-61.4583334287008,-1.14415721098582,-1.65078178147475,0.185577969501416,0.0645873387033741,34.1374956766764,79.4040789604187,26.40696463556,9.26204467235909
2016-06-03,-57.9464285714286,-61.4642857142857,0.355368882417679,364.43312726702,0.452257290482521,26.8464016060152,-57.9361047744751,-61.4583334287008,-1.17068389505148,-1.6598635862271,0.13751640378808,0.0356710511259735,34.1349142074585,81.1843255360921,26.40696463556,0.872584274558531
2016-06-04,-57.9464285714286,-61.4642857142857,0.350139066576958,364.314915248326,0.367409891315869,26.8464016060152,-57.9361047744751,-61.4583334287008,-1.2101748491327,-1.65412355860074,0.138960946475466,0.0237942641911407,34.1245761553446,79.7817455927531,26.40696463556,2.42390646306759
2016-06-05,-57.9464285714286,-61.4642857142857,0.345772353666169,364.240474155971,0.550160927431924,26.8464016060152,-57.9361047744751,-61.4583334287008,-1.24840233723323,-1.64735607604186,0.166025777564694,-0.0445061593937377,34.1111356099447,72.0516609827677,26.40696463556,40.7895464257601
2016-06-06,-57.9464285714286,-61.4642857142857,0.34261231975896,364.325583321708,0.423815942236355,26.8464016060152,-57.9361047744751,-61.4583334287008,-1.30321968495846,-1.6402045716842,0.196671447716653,-0.00721254087984562,34.0941472371419,64.313947057724,26.40696463556,25.0319817822238
2016-06-07,-57.9464285714286,-61.4642857142857,0.339261831981795,364.577595302037,0.341660137687411,26.8464016060152,-57.9361047744751,-61.4583334287008,-1.342027019461,-1.63580482204755,0.218029318843037,0.0500554421295722,34.0819399515788,65.2498480796814,26.40696463556,24.8435350815192
2016-06-08,-57.9464285714286,-61.4642857142857,0.336424425244331,364.889290945871,0.41285214466708,26.8464016060152,-57.9361047744751,-61.4583334287008,-1.32905054887136,-1.6355784813563,0.217546107930442,0.0884833322527508,34.0819399197896,76.6459685961405,26.40696463556,34.2320303220474
2016-06-09,-57.9464285714286,-61.4642857142857,0.331509045192174,365.409665788923,0.143626786236252,26.8464016060152,-57.9361047744751,-61.4583334287008,-1.31087982853254,-1.63108208576838,0.224448378228893,0.0833409631624818,34.080375734965,81.8137699127197,26.40696463556,37.1265512063436
2016-06-10,-57.9464285714286,-61.4642857142857,0.32279554435185,365.755763462612,0.156638219952583,26.8464016060152,-57.9361047744751,-61.4583334287008,-1.30994595984618,-1.6331446270148,0.225318155127267,0.0359151994499067,34.0646207491557,73.7835868994395,26.40696463556,30.3652721574877
2016-06-11,-57.9464285714286,-61.4642857142857,0.315962252872331,366.015897478376,0.25000568159989,26.8464016060152,-57.9361047744751,-61.4583334287008,-1.30163271625837,-1.63659830093384,0.27058727738137,0.0597399823367596,34.0457247416178,63.8014904419581,26.40696463556,76.6234374338477
2016-06-12,-57.9464285714286,-61.4642857142857,0.305184781551361,365.247469220843,0.337640530296734,26.8464016060152,-57.9361047744751,-61.4583334287008,-1.22390817304452,-1.64738404949506,0.303170872603854,0.103406883000086,34.0563934644063,80.184844493866,26.40696463556,138.364466308924
2016-06-13,-57.9464285714286,-61.4642857142857,0.295545484338488,364.994757516044,0.22126765442746,26.8464016060152,-57.9361047744751,-61.4583334287008,-1.17037871281306,-1.64902187883854,0.283084608831753,0.0299386578301589,34.0559230486552,68.6513905843099,26.40696463556,92.486258261877
2016-06-14,-57.9464285714286,-61.4642857142857,0.290346477712904,365.072450910296,0.269184866121837,26.8464016060152,-57.9361047744751,-61.4583334287008,-1.17518843015035,-1.65809350609779,0.241869358935704,0.0981678719321887,34.0549056688944,78.8928940137227,26.40696463556,58.9345955076269
2016-06-15,-57.9464285714286,-61.4642857142857,0.284129762223789,365.455858503069,0.106602936450924,26.8464016060152,-57.9361047744751,-61.4583334287008,-1.18504590590795,-1.64517400960128,0.316410821055373,0.0260322886208693,34.0475686073303,72.5908215840658,26.40696463556,143.747124331569
2016-06-16,-57.9464285714286,-61.4642857142857,0.277434687529291,365.873441423689,0.236556454428605,26.8464016060152,-57.9361047744751,-61.4583334287008,-1.18534498860439,-1.63683736224969,0.287377543716381,0.0567847731833657,34.0447583516439,73.6081053098043,26.40696463556,98.2258339144181
2016-06-17,-57.9464285714286,-61.4642857142857,0.271141835621425,366.330718994141,0.0888781771063805,26.8464016060152,-57.9361047744751,-61.4583334287008,-1.21096833099922,-1.62664418121179,0.286177149166663,0.0303252256164948,34.0275409380595,57.1573560237885,26.40696463556,96.6642228933891
2016-06-18,-57.9464285714286,-61.4642857142857,0.263441160321236,366.59712437221,0.160614163747856,26.8464016060152,-57.9361047744751,-61.4583334287008,-1.2325937439998,-1.6230811436971,0.285556607103596,0.0592364269619187,34.0181819915772,57.3048623561859,26.40696463556,96.0453990401425
2016-06-19,-57.9464285714286,-61.4642857142857,0.254554437739508,366.508056640625,0.106211726686784,26.8464016060152,-57.9361047744751,-61.4583334287008,-1.20990018596252,-1.6241111467282,0.319528795219958,0.0678629924232761,34.0198732376099,70.4608835379283,26.40696463556,150.303455226611
2016-06-20,-57.9464285714286,-61.4642857142857,0.245285205543041,366.11580984933,0.236555735979761,26.8464016060152,-57.9361047744751,-61.4583334287008,-1.16749166101217,-1.63468835055828,0.298150578700006,0.0790938039620717,34.0266507784526,76.283561929067,26.40696463556,119.192390094242
2016-06-21,-57.9464285714286,-61.4642857142857,0.240209602883884,366.073294503348,0.173125318118504,26.8464016060152,-57.9361047744751,-61.4583334287008,-1.15217136989037,-1.62880845566591,0.280719422517965,0.0581072422675788,34.0314064661662,78.8636470476786,26.40696463556,89.3329191595389
2016-06-22,-57.9464285714286,-61.4642857142857,0.238886895988669,366.139476231166,0.310087172048433,26.8464016060152,-57.9361047744751,-61.4583334287008,-1.15381326874097,-1.62268694937229,0.250673951146503,0.0810317293740809,34.0302619934082,78.685622660319,26.40696463556,59.7829709753826
2016-06-23,-57.9464285714286,-61.4642857142857,0.238129443355969,366.173261369978,0.207083350845746,26.8464016060152,-57.9361047744751,-61.4583334287008,-1.16528212527434,-1.60860774119695,0.245124667976052,-0.00444044306253394,34.0242345174154,69.7983777046204,26.40696463556,59.0680989013916
2016-06-24,-57.9464285714286,-61.4642857142857,0.235121472605637,366.211421421596,0.230725111705916,26.8464016060152,-57.9361047744751,-61.4583334287008,-1.16576431542635,-1.61340423027674,0.291889196882645,0.017171747982502,34.0073729515076,56.7224673668544,26.40696463556,107.389516540954
2016-06-25,-57.9464285714286,-61.4642857142857,0.22957943379879,365.617189679827,0.261447903301035,26.8464016060152,-57.9361047744751,-61.4583334287008,-1.14875329534213,-1.62019206186136,0.333129876727859,0.0312712992231051,34.0031510988871,61.6524785836538,26.40696463556,172.532255916591
2016-06-26,-57.9464285714286,-61.4642857142857,0.222376870257514,364.475786481585,0.196508854627609,26.8464016060152,-57.9361047744751,-61.4583334287008,-1.11929072688023,-1.62772250672181,0.329187902870278,0.0778781496919692,34.0145574569702,75.4532042821248,26.40696463556,170.252630226145
2016-06-27,-57.9464285714286,-61.4642857142857,0.217343760388238,364.2144644601,0.0966501416904586,26.8464016060152,-57.9361047744751,-61.4583334287008,-1.11990110029777,-1.62849564154943,0.288933989157279,0.0517237871574859,34.0189318974813,73.8865866661072,26.40696463556,99.8892278112456
2016-06-28,-57.9464285714286,-61.4642857142857,0.215535913194929,364.463989257812,0.229201992707593,26.8464016060152,-57.9361047744751,-61.4583334287008,-1.14114197889964,-1.62739188273748,0.264798934726665,0.0718965215298037,34.0200508753459,79.5744743982951,26.40696463556,72.3413327645949
2016-06-29,-57.9464285714286,-61.4642857142857,0.214607238769531,364.755126953125,0.170686192810535,26.8464016060152,-57.9361047744751,-61.4583334287008,-1.19199192076921,-1.61699270705382,0.287987914215773,0.0332855210949977,33.9947966575623,55.2296037038167,26.40696463556,98.8264697185826
2016-06-30,-57.9464285714286,-61.4642857142857,0.211627404604639,364.978879656111,0.180324824792998,26.8464016060152,-57.9361047744751,-61.4583334287008,-1.20214848121007,-1.61368653476238,0.295520899817348,0.111662140395492,33.9955595334371,68.6323164145152,26.40696463556,132.020001446276
2016-07-01,-57.9464285714286,-61.4642857142857,0.210487755281585,365.127267020089,0.259035922586918,26.8464016060152,-57.9361047744751,-61.4583334287008,-1.213965250055,-1.6275470217069,0.229936622455716,0.0895413067812721,33.9988402048747,76.7375247319539,26.40696463556,44.1176645212949
2016-07-02,-57.9464285714286,-61.4642857142857,0.207966341504029,365.033144269671,0.175180014755045,26.8464016060152,-57.9361047744751,-61.4583334287008,-1.23637193789085,-1.63740195930004,0.306044699500004,0.095319477810214,33.997314230601,78.1273884137472,26.40696463556,138.389874042503
2016-07-03,-57.9464285714286,-61.4642857142857,0.202962584793568,364.279364449637,0.239199042320251,26.8464016060152,-57.9361047744751,-61.4583334287008,-1.24765768448512,-1.64024272163709,0.346034119836986,0.0770643229906758,33.9980263074239,76.8532402515411,26.40696463556,201.955109155212
2016-07-04,-57.9464285714286,-61.4642857142857,0.199823140033654,363.470498221261,0.216200732759067,26.8464016060152,-57.9361047744751,-61.4583334287008,-1.25778983086348,-1.6626814554135,0.262255723463992,0.116672261928519,34.0187024116516,85.0296579678853,26.40696463556,91.9323055729279
2016-07-05,-57.9464285714286,-61.4642857142857,0.196786536702088,362.479577200753,0.22245190931218,26.8464016060152,-57.9361047744751,-61.4583334287008,-1.26142763396104,-1.66489150325457,0.204565568082035,0.111331522682061,34.0476444880168,90.1860148747762,26.40696463556,38.8051126936499
2016-07-06,-57.9464285714286,-61.4642857142857,0.193019528474127,361.211578369141,0.182696821434157,26.8464016060152,-57.9361047744751,-61.4583334287008,-1.27773672391971,-1.65259000957012,0.178278958766411,0.0917182937574883,34.065892124176,92.0018663406372,26.40696463556,16.0487330275139
2016-07-07,-57.9464285714286,-61.4642857142857,0.188699414687497,360.231730869838,0.150166655757598,26.8464016060152,-57.9361047744751,-61.4583334287008,-1.3012237722675,-1.64436526497205,0.140797143088033,0.0819269384257495,34.0776796658834,90.7874841054281,26.40696463556,7.45374506036846
2016-07-08,-57.9464285714286,-61.4642857142857,0.186333581805229,360.099269321987,0.18655076622963,26.8464016060152,-57.9361047744751,-61.4583334287008,-1.32065795809031,-1.63353882233302,0.205638803138087,0.0719372130619983,34.0854111989339,88.9983362197876,26.40696463556,20.638245199575
2016-07-09,-57.9464285714286,-61.4642857142857,0.186402309153761,360.23049054827,0.233695972178664,26.8464016060152,-57.9361047744751,-61.4583334287008,-1.32817771683137,-1.6289025525252,0.219092379665623,0.064139733898143,34.0927357355754,89.2450273195902,26.40696463556,27.4463470951322
2016-07-10,-57.9464285714286,-61.4642857142857,0.187886626592704,359.978934151786,0.303904065064022,26.8464016060152,-57.9361047744751,-61.4583334287008,-1.34017149806023,-1.62990966439247,0.204738506985207,0.0456607766139011,34.0976186116536,87.5029289881388,26.40696463556,16.22191278664
2016-07-11,-57.9464285714286,-61.4642857142857,0.18849787648235,359.269110543387,0.224460487919194,26.8464016060152,-57.9361047744751,-61.4583334287008,-1.35491803834836,-1.63460951546828,0.196676533855498,0.0430972218203048,34.1032010396322,86.4398674011231,26.40696463556,11.9460897641686
2016-07-12,-57.9464285714286,-61.4642857142857,0.186215360249792,358.63958304269,0.141107662447861,26.8464016060152,-57.9361047744751,-61.4583334287008,-1.44896997610728,-1.6547949641943,0.208293913180629,0.0203253272610406,34.0814819018046,42.4258166948954,26.40696463556,21.087352323604
2016-07-13,-57.9464285714286,-61.4642857142857,0.185729071497917,358.176679338728,0.340350488466876,26.8464016060152,-57.9361047744751,-61.4583334287008,-1.49773245255152,-1.67490411301454,0.185048982407898,0.0664235359057784,34.0831221898397,43.8334826409817,26.40696463556,9.45928181581588
2016-07-14,-57.9464285714286,-61.4642857142857,0.187077346657004,357.750649588449,0.397440901824406,26.8464016060152,-57.9361047744751,-61.4583334287008,-1.45442058642705,-1.67999562521776,0.214982552950581,0.0806858526232342,34.0999327341716,68.4314028501511,26.40696463556,29.3091682364123
2016-07-15,-57.9464285714286,-61.4642857142857,0.187373301812581,357.808024815151,0.36064822865384,26.8464016060152,-57.9361047744751,-61.4583334287008,-1.46039611001809,-1.66886908113956,0.201991840234647,0.0921709846705198,34.1035313924154,66.3446998119354,26.40696463556,26.303844083888
2016-07-16,-57.9464285714286,-61.4642857142857,0.187968229608876,358.099293300084,0.494059732982091,26.8464016060152,-57.9361047744751,-61.4583334287008,-1.46883753240108,-1.65491449435552,0.235836869260917,0.0456556901956598,34.1076132456462,61.810157473882,26.40696463556,38.7629153592236
2016-07-17,-57.9464285714286,-61.4642857142857,0.186864933797291,357.895111083984,0.414089877690588,26.8464016060152,-57.9361047744751,-61.4583334287008,-1.48012938002745,-1.64361501832803,0.255144912004471,0.0225531785438458,34.1078930219014,50.0172961235046,26.40696463556,59.9006515349424
2016-07-18,-57.9464285714286,-61.4642857142857,0.182137474417686,357.97896030971,0.108562045863697,26.8464016060152,-57.9361047744751,-61.4583334287008,-1.46914271910985,-1.65278327961763,0.264397107313077,0.0139011811154584,34.1048284212748,43.707593870163,26.40696463556,72.4862362600605
2016-07-19,-57.9464285714286,-61.4642857142857,0.178045685802187,358.813842773438,0.178738233234201,26.8464016060152,-57.9361047744751,-61.4583334287008,-1.44972073634466,-1.6727678189675,0.246487827102343,0.0281228067042927,34.1046631495158,40.6926194190979,26.40696463556,49.9457643823086
2016-07-20,-57.9464285714286,-61.4642857142857,0.1763970213277,359.819148472377,0.123060568634953,26.8464016060152,-57.9361047744751,-61.4583334287008,-1.46117128431797,-1.67854344844818,0.240811384220918,0.0438703572998444,34.0965885480245,34.3155223051707,26.40696463556,43.2514547359146
2016-07-21,-57.9464285714286,-61.4642857142857,0.175780915788242,360.607066563198,0.237816108124597,26.8464016060152,-57.9361047744751,-61.4583334287008,-1.49438152313232,-1.6799091587464,0.228334400554498,0.0432396415310601,34.0825373331706,29.2214742183685,26.40696463556,32.4279160335705
2016-07-22,-57.9464285714286,-61.4642857142857,0.179291253643376,360.664975847517,0.436541280576161,26.8464016060152,-57.9361047744751,-61.4583334287008,-1.51837517519792,-1.68737855950991,0.231147190742195,0.0690328684014579,34.0986103375753,47.8733706315358,26.40696463556,37.8737974557746
2016-07-23,-57.9464285714286,-61.4642857142857,0.183727734855243,360.450899396624,0.397177636623383,26.8464016060152,-57.9361047744751,-61.4583334287008,-1.50992765029271,-1.68251085778077,0.137913144752383,0.0833511354712149,34.1216389973958,62.852873245875,26.40696463556,8.24831920907039
2016-07-24,-57.9464285714286,-61.4642857142857,0.185332203549998,359.400571550642,0.381335450070245,26.8464016060152,-57.9361047744751,-61.4583334287008,-1.49169589281082,-1.67455315987269,0.14526810531194,0.0751111380755901,34.137890179952,70.5791432698568,26.40696463556,4.88478031333966
2016-07-25,-57.9464285714286,-61.4642857142857,0.184447935649327,357.744138445173,0.347908699086734,26.8464016060152,-57.9361047744751,-61.4583334287008,-1.45948055485884,-1.6730679243803,0.163914914553364,0.076230150119712,34.1556292533875,77.9760670979818,26.40696463556,6.50521305656103
2016-07-26,-57.9464285714286,-61.4642857142857,0.185080018426691,356.851976667132,0.373952010912555,26.8464016060152,-57.9361047744751,-61.4583334287008,-1.44341561297576,-1.67447940508525,0.167719555490961,0.0620746482163668,34.163907178243,80.7926710446676,26.40696463556,3.62412889019883
2016-07-27,-57.9464285714286,-61.4642857142857,0.183551349810192,355.880055018834,0.23238083081586,26.8464016060152,-57.9361047744751,-61.4583334287008,-1.4160527125001,-1.69201229214668,0.196264534567793,0.106804610726734,34.1741183916728,83.8788548469543,26.40696463556,31.4904130596336
2016-07-28,-57.9464285714286,-61.4642857142857,0.183867573738098,355.96665082659,0.270371119890894,26.8464016060152,-57.9361047744751,-61.4583334287008,-1.39455547829469,-1.69580930173397,0.218604084507873,0.0867234309824804,34.1782509167989,85.8333122571309,26.40696463556,34.2073599389848
2016-07-29,-57.9464285714286,-61.4642857142857,0.187458816383566,356.818459647042,0.240918982241835,26.8464016060152,-57.9361047744751,-61.4583334287008,-1.41422770669063,-1.69291767279307,0.226655883279939,0.0344248785637319,34.172897307078,72.4242413202922,26.40696463556,31.5421095896272
2016-07-30,-57.9464285714286,-61.4642857142857,0.191941726420607,357.433438982282,0.429260790348053,26.8464016060152,-57.9361047744751,-61.4583334287008,-1.44777975579103,-1.69155959288279,0.166982024007787,0.0453555916436017,34.168293984731,68.3500198284785,26.40696463556,1.84865738312886
2016-07-31,-57.9464285714286,-61.4642857142857,0.195560814014503,357.208631243025,0.528929393206324,26.8464016060152,-57.9361047744751,-61.4583334287008,-1.43965573459864,-1.67793816725413,0.183487451511125,0.0628528701762358,34.1759366353353,76.5010055541992,26.40696463556,8.15146568738132
2016-08-01,-57.9464285714286,-61.4642857142857,0.187943415982383,354.686806815011,0.36310416672911,26.8464016060152,-57.9361047744751,-61.4583334287008,-1.37611619482438,-1.68505915900071,0.228141117468476,0.113910336388896,34.1929126739502,88.1972249348958,26.40696463556,56.7365735196411
2016-08-02,-57.9464285714286,-61.4642857142857,0.18175017620836,352.201978410993,0.406486532517842,26.8464016060152,-57.9361047744751,-61.4583334287008,-1.25531782954931,-1.70041505297025,0.172348196276774,0.129200109528999,34.2283268292745,105.72375125885,26.40696463556,39.3431210250399
2016-08-03,-57.9464285714286,-61.4642857142857,0.182493308825152,352.431753976004,0.200038123343672,26.8464016060152,-57.9361047744751,-61.4583334287008,-1.25754568576813,-1.69581438402335,0.215943886898458,0.0489516892470419,34.2351429303487,101.683863512675,26.40696463556,23.3395789016623
2016-08-04,-57.9464285714286,-61.4642857142857,0.181907207838127,353.253690447126,0.199110666556018,26.8464016060152,-57.9361047744751,-61.4583334287008,-1.30680865893761,-1.68234809239705,0.19639169468234,0.0686005227267742,34.2246521949768,83.95260887146,26.40696463556,14.8398733904184
2016-08-05,-57.9464285714286,-61.4642857142857,0.182793220239026,353.799647739955,0.495982636298452,26.8464016060152,-57.9361047744751,-61.4583334287008,-1.38324531763792,-1.66494999627272,0.186844488140196,0.00637836841245492,34.202729511261,51.3639254887899,26.40696463556,14.6817236079209
2016-08-06,-57.9464285714286,-61.4642857142857,0.187476500868797,354.428159441267,0.77920863032341,26.8464016060152,-57.9361047744751,-61.4583334287008,-1.45818657179674,-1.65784936447938,0.241238643446316,0.006337677128613,34.1793319066366,29.744103717804,26.40696463556,50.7261240190098
2016-08-07,-57.9464285714286,-61.4642857142857,0.18874336459807,354.460305350167,0.387732976249286,26.8464016060152,-57.9361047744751,-61.4583334287008,-1.50768148650726,-1.66397595107555,0.254463331898053,0.00477614648019274,34.1660312016805,26.4404749393463,26.40696463556,64.5566058392518
2016-08-08,-57.9464285714286,-61.4642857142857,0.189403522227492,354.245313371931,0.703201289687838,26.8464016060152,-57.9361047744751,-61.4583334287008,-1.53020414710045,-1.67190313637257,0.27344075695922,0.0708385465666652,34.172668615977,42.4957549015681,26.40696463556,82.5352037510837
2016-08-09,-57.9464285714286,-61.4642857142857,0.195641632590975,354.313422066825,0.748107454606465,26.8464016060152,-57.9361047744751,-61.4583334287008,-1.55125581721465,-1.67557298441728,0.227810500406971,0.0634937593402962,34.1783656438192,47.9407656828562,26.40696463556,33.9130570102516
2016-08-10,-57.9464285714286,-61.4642857142857,0.189487887280328,351.480505807059,0.578839778900146,26.8464016060152,-57.9361047744751,-61.4583334287008,-1.4077272683382,-1.68441063165665,0.190933969244361,0.143136895851543,34.2257072766622,86.5441390991211,26.40696463556,58.4831057682081
2016-08-11,-57.9464285714286,-61.4642857142857,0.190215638705662,350.074410574777,0.604252996189254,26.8464016060152,-57.9361047744751,-61.4583334287008,-1.34897912889719,-1.68090100387732,0.182699056249112,0.0825881727039814,34.2433824221293,98.206024869283,26.40696463556,13.5496366203089
2016-08-12,-57.9464285714286,-61.4642857142857,0.193705841898918,348.990009852818,0.643523284367153,26.8464016060152,-57.9361047744751,-61.4583334287008,-1.38261663218339,-1.66494236091773,0.150440992663304,0.0558590449703236,34.2286698977152,90.9858534495036,26.40696463556,0.74293943915923
2016-08-13,-57.9464285714286,-61.4642857142857,0.191927419177123,347.078874860491,0.440464234777859,26.8464016060152,-57.9361047744751,-61.4583334287008,-1.40512098073959,-1.65214493572712,0.124825790027777,0.103813796552519,34.2244865099589,92.9810014724731,26.40696463556,20.5537304290915
2016-08-14,-57.9464285714286,-61.4642857142857,0.187777990741389,345.844338553292,0.311454649482455,26.8464016060152,-57.9361047744751,-61.4583334287008,-1.39866326451302,-1.64548936188221,0.146865240577608,0.133879614186784,34.2335404078166,99.1711726506551,26.40696463556,40.433964072214
2016-08-15,-57.9464285714286,-61.4642857142857,0.188023405415671,345.755942208426,0.38802593094962,26.8464016060152,-57.9361047744751,-61.4583334287008,-1.39669787287712,-1.65338602463404,0.127908159606159,0.100822982223084,34.241411558787,100.549591732025,26.40696463556,18.1474939268825
2016-08-16,-57.9464285714286,-61.4642857142857,0.189227430948189,345.423902239118,0.360967830887863,26.8464016060152,-57.9361047744751,-61.4583334287008,-1.40006711880366,-1.6584622691075,0.115370138951888,0.10369680893297,34.2477314631144,99.865468788147,26.40696463556,23.1036068138946
2016-08-17,-57.9464285714286,-61.4642857142857,0.191269225307873,344.630046299526,0.435572300638471,26.8464016060152,-57.9361047744751,-61.4583334287008,-1.43553573389848,-1.65687785148621,0.194865769209961,0.0747754345958432,34.2416914621989,90.1059037208557,26.40696463556,15.8224175548189
2016-08-18,-57.9464285714286,-61.4642857142857,0.198250837624073,344.136356898717,0.525311237999371,26.8464016060152,-57.9361047744751,-61.4583334287008,-1.43963131805261,-1.66135644515355,0.204941963373373,0.0822066918946803,34.2413099606832,89.9698414802551,26.40696463556,23.6382989006029
2016-08-19,-57.9464285714286,-61.4642857142857,0.205151461064816,343.322995867048,0.444749046649252,26.8464016060152,-57.9361047744751,-61.4583334287008,-1.45117952128251,-1.66687775353591,0.179214860467861,0.0628528702693681,34.240229066213,87.4787685712179,26.40696463556,6.71815365029105
2016-08-20,-57.9464285714286,-61.4642857142857,0.20427486619779,341.6666128976,0.447968593665532,26.8464016060152,-57.9361047744751,-61.4583334287008,-1.44657733142376,-1.67078920801481,0.114052756130695,0.0632903024864693,34.2446669896444,89.19034837087,26.40696463556,7.5646006282725
2016-08-21,-57.9464285714286,-61.4642857142857,0.200861299676555,339.178503853934,0.43080041131803,26.8464016060152,-57.9361047744751,-61.4583334287008,-1.46404002010822,-1.66305021842321,0.143472599362334,0.052949613891542,34.2501223246257,90.093187046051,26.40696463556,0.498078740844732
2016-08-22,-57.9464285714286,-61.4642857142857,0.200085398341928,337.397229875837,0.485128287758146,26.8464016060152,-57.9361047744751,-61.4583334287008,-1.46458934545517,-1.65245775878429,0.148569189788153,0.0209611294170221,34.2502494176229,90.4136319796244,26.40696463556,2.64718632877895
2016-08-23,-57.9464285714286,-61.4642857142857,0.206544621714524,337.470245361328,0.680118651262351,26.8464016060152,-57.9361047744751,-61.4583334287008,-1.51310157477856,-1.65867081284523,0.0943734040794273,0.0189570809404055,34.2383595784505,74.2057590484619,26.40696463556,17.3996125040546
2016-08-24,-57.9464285714286,-61.4642857142857,0.22217208892107,338.683144705636,1.00430894749505,26.8464016060152,-57.9361047744751,-61.4583334287008,-1.58176821966966,-1.65378022392591,0.128879665210843,0.0399995930492878,34.2229351043701,59.3813924789429,26.40696463556,1.86908590440992
2016-08-25,-57.9464285714286,-61.4642857142857,0.236653037369251,339.652034214565,1.04785270988941,26.8464016060152,-57.9361047744751,-61.4583334287008,-1.60070191125075,-1.65924812555313,0.157928200097134,0.0457065543780724,34.2171365737915,65.4774650573731,26.40696463556,0.527736591288683
2016-08-26,-57.9464285714286,-61.4642857142857,0.241741879710129,340.567306518555,1.10255583695003,26.8464016060152,-57.9361047744751,-61.4583334287008,-1.63248999218146,-1.66969053844611,0.15550706529369,0.0724051634470622,34.2062390645345,67.2500819524129,26.40696463556,4.3428762911372
2016-08-27,-57.9464285714286,-61.4642857142857,0.245514067155974,341.294780186244,1.38668494565146,26.8464016060152,-57.9361047744751,-61.4583334287008,-1.65478070477645,-1.67750582496325,0.142007710815718,0.0678680785310765,34.1949597676595,67.6277483781179,26.40696463556,3.02649076684561
2016-08-28,-57.9464285714286,-61.4642857142857,0.255023373024804,342.6340876988,1.24069400770324,26.8464016060152,-57.9361047744751,-61.4583334287008,-1.69211094478766,-1.68338826398055,0.198665323512008,0.00329091254000862,34.1753643989563,58.1403065840403,26.40696463556,21.2031529066117
2016-08-29,-57.9464285714286,-61.4642857142857,0.258701453251498,344.528071812221,0.654191249183246,26.8464016060152,-57.9361047744751,-61.4583334287008,-1.7242652485768,-1.69080934723218,0.220023192775746,0.00817896028359731,34.1475163777669,41.1020761410395,26.40696463556,32.4783793637998
2016-08-30,-57.9464285714286,-61.4642857142857,0.262573802045413,346.819549560547,1.36440596835954,26.8464016060152,-57.9361047744751,-61.4583334287008,-1.76411631306012,-1.6882585088412,0.209631642202536,0.0196844385626415,34.1202528953552,27.0076104720434,26.40696463556,22.0589968762793
2016-08-31,-57.9464285714286,-61.4642857142857,0.276243156620434,348.586031232561,1.84817335435322,26.8464016060152,-57.9361047744751,-61.4583334287008,-1.78400827546914,-1.69511245886485,0.102608315615604,0.0770287179698547,34.1127505302429,34.0166951974233,26.40696463556,15.6818562533575
2016-09-01,-57.9464285714286,-61.4642857142857,0.287019670009613,348.7995060512,2.04414589064462,26.8464016060152,-57.9361047744751,-61.4583334287008,-1.79185764094194,-1.69283120632172,0.10861028842628,0.0721508429075281,34.1081474304199,41.993471066157,26.40696463556,11.6551290770019
2016-09-02,-57.9464285714286,-61.4642857142857,0.287441444184099,348.454731532506,1.61704434667315,26.8464016060152,-57.9361047744751,-61.4583334287008,-1.78209171593189,-1.6935560186704,0.13568020692716,0.11080762144799,34.1101820627848,52.6863942782084,26.40696463556,23.0794018499476
2016-09-03,-57.9464285714286,-61.4642857142857,0.279167504182884,348.503040858677,1.06139300763607,26.8464016060152,-57.9361047744751,-61.4583334287008,-1.76343880593777,-1.69155450562636,0.163126519881189,0.103264462854713,34.1114537556966,60.4101206461589,26.40696463556,18.7601523840699
2016-09-04,-57.9464285714286,-61.4642857142857,0.262052419994559,348.416663033622,0.486995120133672,26.8464016060152,-57.9361047744751,-61.4583334287008,-1.75879388451576,-1.68906724949678,0.267489647120237,0.0476393933407962,34.0968047777812,57.2997758388519,26.40696463556,71.69045614705
2016-09-05,-57.9464285714286,-61.4642857142857,0.257318960768836,348.272617885045,1.19668571012361,26.8464016060152,-57.9361047744751,-61.4583334287008,-1.74324775735537,-1.69975635806719,0.253283282369375,0.0872676776101192,34.0917947451274,65.2549346923828,26.40696463556,65.0075577754711
2016-09-06,-57.9464285714286,-61.4642857142857,0.280222394636699,349.657828194754,1.00569444043296,26.8464016060152,-57.9361047744751,-61.4583334287008,-1.74409007529418,-1.69047872920831,0.254702392965555,0.0511591943601767,34.0865429242452,67.1191075483958,26.40696463556,57.3951050852361
2016-09-07,-57.9464285714286,-61.4642857142857,0.298050780381475,351.158275059291,0.735846906900406,26.8464016060152,-57.9361047744751,-61.4583334287008,-1.75396586457888,-1.66939553419749,0.262647378941377,0.0296639910278221,34.0719956715902,59.7565161546071,26.40696463556,66.9660336870834
2016-09-08,-57.9464285714286,-61.4642857142857,0.324309385248593,352.682165963309,2.17984853472028,26.8464016060152,-57.9361047744751,-61.4583334287008,-1.76616715490818,-1.67782880862554,0.211961220266918,0.0831324195489287,34.065345064799,59.8506148338318,26.40696463556,28.253639412126
2016-09-09,-57.9464285714286,-61.4642857142857,0.356955911431994,353.443982805525,2.57026866504124,26.8464016060152,-57.9361047744751,-61.4583334287008,-1.75775015552839,-1.69223608672619,0.224885810973744,0.0889818014577031,34.0707493146261,66.11581103007,26.40696463556,39.8434023510878
2016-09-10,-57.9464285714286,-61.4642857142857,0.368279280407088,352.659123011998,2.25397689001901,26.8464016060152,-57.9361047744751,-61.4583334287008,-1.70885950227578,-1.70346689522266,0.198080385290086,0.128696554216246,34.0860213915507,72.9824760437012,26.40696463556,48.54150920501
2016-09-11,-57.9464285714286,-61.4642857142857,0.386858929480825,352.894090924944,1.95916257160051,26.8464016060152,-57.9361047744751,-61.4583334287008,-1.66690876136223,-1.7115085264047,0.215196183137596,0.0821100499170522,34.0995256741842,75.2840798377991,26.40696463556,29.9861289340411
2016-09-12,-57.9464285714286,-61.4642857142857,0.413112206118447,353.414801461356,2.09804805687496,26.8464016060152,-57.9361047744751,-61.4583334287008,-1.67457501093547,-1.70928576687972,0.216533910917739,0.0785444703884423,34.0954056739807,72.4560309966405,26.40696463556,29.599816320238
2016-09-13,-57.9464285714286,-61.4642857142857,0.448846342308181,354.085438319615,2.65277409553528,26.8464016060152,-57.9361047744751,-61.4583334287008,-1.69969174067179,-1.69630014101664,0.217271441966295,0.0283974730099241,34.085372765859,59.035516166687,26.40696463556,25.3389284073734
2016-09-14,-57.9464285714286,-61.4642857142857,0.484933516808919,354.661496843611,2.64059421845845,26.8464016060152,-57.9361047744751,-61.4583334287008,-1.73388468027115,-1.68391980131467,0.234626301253835,-0.00277718439077338,34.067481358846,37.7666573047638,26.40696463556,48.6109898647636
2016-09-15,-57.9464285714286,-61.4642857142857,0.525741189718246,355.432100568499,3.2755400623594,26.8464016060152,-57.9361047744751,-61.4583334287008,-1.75196994841099,-1.68565426369508,0.224402600216369,0.0537430948577821,34.0653577804565,35.5286332050959,26.40696463556,29.8151041675156
2016-09-16,-57.9464285714286,-61.4642857142857,0.563453518918582,355.912464686802,2.76563759360995,26.8464016060152,-57.9361047744751,-61.4583334287008,-1.74127015968164,-1.67422253787518,0.192953276230643,0.0562201809758941,34.0794470469157,62.2755650043488,26.40696463556,10.9438816051926
2016-09-17,-57.9464285714286,-61.4642857142857,0.589621030858585,356.017144339425,2.42884228910719,26.8464016060152,-57.9361047744751,-61.4583334287008,-1.75630358358224,-1.66700491110484,0.202475050774713,0.0242113509525855,34.075479666392,59.4704050858816,26.40696463556,16.89398918377
2016-09-18,-57.9464285714286,-61.4642857142857,0.593025235193116,355.328946794782,2.08939829894475,26.8464016060152,-57.9361047744751,-61.4583334287008,-1.74610429306825,-1.67676574985186,0.220658996080359,0.0574866994594534,34.0792181015015,65.1468485196431,26.40696463556,27.4540378618533
2016-09-19,-57.9464285714286,-61.4642857142857,0.626550508396966,355.742457798549,3.54025598934719,26.8464016060152,-57.9361047744751,-61.4583334287008,-1.72300788462162,-1.67491937279701,0.193909522580604,0.032502212561667,34.0846861203512,68.8523046175639,26.40696463556,11.2845388461403
2016-09-20,-57.9464285714286,-61.4642857142857,0.666020514709609,356.502297537667,1.53919992702348,26.8464016060152,-57.9361047744751,-61.4583334287008,-1.72059081991514,-1.67754905323188,0.173126418174555,-0.00793481254950166,34.0781118710836,61.4235895792643,26.40696463556,16.6702812264008
2016-09-21,-57.9464285714286,-61.4642857142857,0.695243980203356,357.215183803013,2.65787897791181,26.8464016060152,-57.9361047744751,-61.4583334287008,-1.72933741907279,-1.67749055922031,0.147373881967117,0.0183568835879366,34.075199731191,60.0311824321747,26.40696463556,3.27799306468557
2016-09-22,-57.9464285714286,-61.4642857142857,0.741620055266789,357.372780936105,4.27123081684113,26.8464016060152,-57.9361047744751,-61.4583334287008,-1.72090211013953,-1.67045095960299,0.182358266661565,0.0479649240461489,34.0764841079712,62.7880214055379,26.40696463556,6.05009939910721
2016-09-23,-57.9464285714286,-61.4642857142857,0.749047236783164,356.781675066267,1.61949450203351,26.8464016060152,-57.9361047744751,-61.4583334287008,-1.70578933954239,-1.65093692044417,0.194453769704948,-0.00346385066707929,34.0822699864705,70.9021308898926,26.40696463556,22.1249016153059
2016-09-24,-57.9464285714286,-61.4642857142857,0.73805752822331,355.300020490374,3.76654880387442,26.8464016060152,-57.9361047744751,-61.4583334287008,-1.66791586577892,-1.6547771602869,0.211920529728134,0.0320342620834708,34.087114906311,75.7761912663778,26.40696463556,21.2652042677904
2016-09-25,-57.9464285714286,-61.4642857142857,0.768103923116412,355.038988385882,2.92512165648597,26.8464016060152,-57.9361047744751,-61.4583334287008,-1.61940364539623,-1.66132339040438,0.200064088497311,0.0121260210871696,34.0922013600667,78.8827217102051,26.40696463556,18.721680464148
2016-09-26,-57.9464285714286,-61.4642857142857,0.791481567280633,355.764683314732,1.97990404708045,26.8464016060152,-57.9361047744751,-61.4583334287008,-1.6180913468202,-1.65776289105415,0.181137526097397,-0.0430921351847549,34.074920241038,60.6491822242737,26.40696463556,43.4440208252505
2016-09-27,-57.9464285714286,-61.4642857142857,0.868857575314386,357.330383300781,6.11980693680899,26.8464016060152,-57.9361047744751,-61.4583334287008,-1.61162142753601,-1.66440066595872,0.174509922818591,0.0111290829877059,34.0606276194255,52.294739929835,26.40696463556,8.95456553384769
2016-09-28,-57.9464285714286,-61.4642857142857,0.976610443421773,358.637446812221,5.52485636302403,26.8464016060152,-57.9361047744751,-61.4583334287008,-1.59851678113143,-1.66853847006957,0.161366618269434,0.0102491327561438,34.0578171094259,66.8279093106588,26.40696463556,6.60106981033773
2016-09-29,-57.9464285714286,-61.4642857142857,1.01839817421777,359.01180594308,4.89721509388515,26.8464016060152,-57.9361047744751,-61.4583334287008,-1.59551376005014,-1.66564429104328,0.202556433497618,0.0211188084756335,34.0559733072917,71.7871674219767,26.40696463556,17.5970049024559
2016-09-30,-57.9464285714286,-61.4642857142857,1.07201168792588,359.44991847447,5.48556925569262,26.8464016060152,-57.9361047744751,-61.4583334287008,-1.58083436091741,-1.66316466927528,0.210531937144697,0.0203660186690589,34.0563675562541,74.4588087717692,26.40696463556,22.45655581874
2016-10-01,-57.9464285714286,-61.4642857142857,1.12753677368164,359.684786115374,6.11997129235949,26.8464016060152,-57.9361047744751,-61.4583334287008,-1.55039519220591,-1.65976439416409,0.204601174375663,0.049928281425188,34.0626874923706,78.6029680252075,26.40696463556,16.3075454773395
2016-10-02,-57.9464285714286,-61.4642857142857,1.21470315115792,360.346152169364,6.42979996544974,26.8464016060152,-57.9361047744751,-61.4583334287008,-1.51546981136004,-1.66101819674174,0.179743847902864,0.0185399944273134,34.0649382273356,79.9546835581462,26.40696463556,8.33096981334398
2016-10-03,-57.9464285714286,-61.4642857142857,1.31839402232851,361.167173113142,6.19301436628614,26.8464016060152,-57.9361047744751,-61.4583334287008,-1.50591141581535,-1.65702027380466,0.193477176812788,0.0089775281958282,34.0595339457194,78.7911656697591,26.40696463556,16.5481137618941
2016-10-04,-57.9464285714286,-61.4642857142857,1.40277569208826,361.711196899414,6.04753271171025,26.8464016060152,-57.9361047744751,-61.4583334287008,-1.49867853373289,-1.65506709218025,0.196279793915649,-0.0166631061894198,34.0520822207133,75.927512550354,26.40696463556,30.1238234144603
2016-10-05,-57.9464285714286,-61.4642857142857,1.50846815109253,362.533342633929,9.86264531952994,26.8464016060152,-57.9361047744751,-61.4583334287008,-1.4814844061931,-1.66565955181917,0.199463891579459,0.0634072898266216,34.0548671086629,76.4170801798503,26.40696463556,15.2348608215562
2016-10-06,-57.9464285714286,-61.4642857142857,1.66026105199541,363.798117501395,10.9582004887717,26.8464016060152,-57.9361047744751,-61.4583334287008,-1.43805045386155,-1.67582222322623,0.17923012006407,0.0317290770200392,34.0577664375305,76.2886479695638,26.40696463556,5.68557596676381
2016-10-07,-57.9464285714286,-61.4642857142857,1.80033177137375,364.87260219029,11.2015790939331,26.8464016060152,-57.9361047744751,-61.4583334287008,-1.41020537267129,-1.66978209118048,0.210603147341559,-0.00237535738075773,34.052349058787,71.1144891262054,26.40696463556,30.4522240081083
2016-10-08,-57.9464285714286,-61.4642857142857,1.94323609556471,365.926167079381,13.2515602793012,26.8464016060152,-57.9361047744751,-61.4583334287008,-1.36515394697587,-1.65838597814242,0.176351206408193,-0.0037334310511748,34.0490046819051,65.4520333766937,26.40696463556,15.4469025024174
2016-10-09,-57.9464285714286,-61.4642857142857,2.04788769994463,366.542356218611,9.77519941329956,26.8464016060152,-57.9361047744751,-61.4583334287008,-1.35288550605377,-1.65838089088599,0.135492009234925,-0.0321715955622494,34.0361614863078,51.2736416657766,26.40696463556,29.7365029217685
2016-10-10,-57.9464285714286,-61.4642857142857,2.1485716019358,367.215061732701,14.8098645210266,26.8464016060152,-57.9361047744751,-61.4583334287008,-1.27493513027827,-1.66587572693825,0.146061585905651,0.00637836866080761,34.0203809102376,35.3760405699412,26.40696463556,7.0763028257301
2016-10-11,-57.9464285714286,-61.4642857142857,2.25611214126859,368.030327933175,11.923862525395,26.8464016060152,-57.9361047744751,-61.4583334287008,-1.26076233138641,-1.67070019642512,0.152918077788005,-0.0228431045077741,34.0078172683716,30.9470415115356,26.40696463556,22.4426302023784
2016-10-12,-57.9464285714286,-61.4642857142857,2.34320895160948,368.725276402065,16.8168911252703,26.8464016060152,-57.9361047744751,-61.4583334287008,-1.2381175989906,-1.67706838945548,0.166483554958055,-0.0143894770803551,33.9997553189596,29.4885111411413,26.40696463556,18.7666334436482
2016-10-13,-57.9464285714286,-61.4642857142857,2.443674828325,369.77316066197,17.6757465771266,26.8464016060152,-57.9361047744751,-61.4583334287008,-1.18032164772352,-1.6741767625014,0.146743166353554,-0.0162002420673768,33.9894045511882,22.3713400999705,26.40696463556,18.1006558138969
2016-10-14,-57.9464285714286,-61.4642857142857,2.58558847223009,371.723883492606,28.7973913465227,26.8464016060152,-57.9361047744751,-61.4583334287008,-1.11944942524036,-1.67320016920567,0.127343566777805,0.0339518417293827,33.9844835917155,14.6679591655731,26.40696463556,2.59385416084662
2016-10-15,-57.9464285714286,-61.4642857142857,2.71272656747273,373.318753923689,23.4747804233006,26.8464016060152,-57.9361047744751,-61.4583334287008,-1.12458874235551,-1.67662078042825,0.121153396057586,0.0339518421329558,34.0029984156291,28.0350670576096,26.40696463556,4.05201096478197
2016-10-16,-57.9464285714286,-61.4642857142857,2.73300787380763,373.516832624163,21.1186983925956,26.8464016060152,-57.9361047744751,-61.4583334287008,-1.16418955773115,-1.67612994809945,0.129566331673414,0.0398775190425416,34.0129042625427,38.2740275065104,26.40696463556,1.74639966880233
2016-10-17,-57.9464285714286,-61.4642857142857,2.80489187581199,374.216886247907,23.7620002882821,26.8464016060152,-57.9361047744751,-61.4583334287008,-1.1756401091814,-1.6695760935545,0.109230831700067,0.0286517941703399,34.0222509066264,45.6086432615916,26.40696463556,8.61102151622882
2016-10-18,-57.9464285714286,-61.4642857142857,2.85098245314189,374.556147984096,15.4531900542123,26.8464016060152,-57.9361047744751,-61.4583334287008,-1.14889368414879,-1.66543828944365,0.17247026960055,0.0374106062886616,34.0287996610006,46.9743465900421,26.40696463556,3.25634136754712
2016-10-19,-57.9464285714286,-61.4642857142857,2.68760458912168,372.271477835519,6.85012984275818,26.8464016060152,-57.9361047744751,-61.4583334287008,-1.12868432601293,-1.66992196937402,0.204921618166069,0.03490808835874,34.0423294067383,49.8799629688263,26.40696463556,16.7213319251693
2016-10-20,-57.9464285714286,-61.4642857142857,2.47790743623461,368.973423549107,10.3849214145115,26.8464016060152,-57.9361047744751,-61.4583334287008,-1.11492657512426,-1.68859675526619,0.176030762555699,0.0666880295301477,34.070101070404,56.8877761522929,26.40696463556,6.56690251396821
2016-10-21,-57.9464285714286,-61.4642857142857,2.53126744713102,368.046700613839,17.1718628065927,26.8464016060152,-57.9361047744751,-61.4583334287008,-1.08796042601267,-1.7043392231067,0.189530116847406,0.0690532132672767,34.0979617754618,60.1952195167542,26.40696463556,11.8540098044595
2016-10-22,-57.9464285714286,-61.4642857142857,2.64325760943549,367.992671421596,17.4554040772574,26.8464016060152,-57.9361047744751,-61.4583334287008,-1.07857293536266,-1.71615242858728,0.102710043949385,0.0673187457645933,34.1255047162374,62.555317846934,26.40696463556,12.8961834403176
2016-10-23,-57.9464285714286,-61.4642857142857,2.72006759473256,368.257261003767,12.8718357086182,26.8464016060152,-57.9361047744751,-61.4583334287008,-1.06308784733216,-1.70830154319604,0.146687216218561,0.0277006336798271,34.1406370162964,59.5810347239176,26.40696463556,1.32773864948131
2016-10-24,-57.9464285714286,-61.4642857142857,2.68317025899887,367.843163626535,9.55886612619672,26.8464016060152,-57.9361047744751,-61.4583334287008,-1.01706592788299,-1.70025991698106,0.202047791952888,0.0432040366033713,34.1592532475789,56.6652448018392,26.40696463556,14.7145233981482
2016-10-25,-57.9464285714286,-61.4642857142857,2.60421477045332,366.436257498605,14.4206900937217,26.8464016060152,-57.9361047744751,-61.4583334287008,-0.951615935564041,-1.70849228302638,0.175094860885292,0.068737855895112,34.1864783287048,58.6985408147176,26.40696463556,6.79404853880872
2016-10-26,-57.9464285714286,-61.4642857142857,2.58153986930847,365.310932704381,13.7158933367048,26.8464016060152,-57.9361047744751,-61.4583334287008,-0.90585647970438,-1.70739615956942,0.121046581709137,0.117842137503127,34.2062134742737,62.7524165789286,26.40696463556,30.8743131021523
2016-10-27,-57.9464285714286,-61.4642857142857,2.55935566765921,364.755641392299,11.2722652639662,26.8464016060152,-57.9361047744751,-61.4583334287008,-0.863606656591097,-1.69987080395222,0.132531713352849,0.0514643798582256,34.2107531229655,60.3122070948283,26.40696463556,1.44802229760567
2016-10-28,-57.9464285714286,-61.4642857142857,2.55270086867469,364.720417567662,21.8964576721191,26.8464016060152,-57.9361047744751,-61.4583334287008,-0.812195175886154,-1.69087293346723,0.0998158714423577,-0.00530513413250446,34.1998045921326,47.914061776797,26.40696463556,23.64877896422
2016-10-29,-57.9464285714286,-61.4642857142857,2.59696854863848,365.895244053432,31.6220763070243,26.8464016060152,-57.9361047744751,-61.4583334287008,-0.630671082685391,-1.68990142842134,0.115283669841786,0.0158848842605948,34.1847741444906,24.6640432596207,26.40696463556,9.22849451587919
2016-10-30,-57.9464285714286,-61.4642857142857,2.57479779209409,365.966729300363,23.5919242586408,26.8464016060152,-57.9361047744751,-61.4583334287008,-0.644477655241887,-1.692002115647,0.170623898940782,-0.010701823917528,34.1867197036743,30.4256838003794,26.40696463556,17.5420676318523
2016-10-31,-57.9464285714286,-61.4642857142857,2.52287357194083,365.575993129185,17.1419962474278,26.8464016060152,-57.9361047744751,-61.4583334287008,-0.624311023950577,-1.69975381096204,0.179692983410011,-0.0185349078848958,34.1896062850952,34.0306828419367,26.40696463556,24.611150867947
2016-11-01,-57.9464285714286,-61.4642857142857,2.49108560596194,365.650665283203,14.2319892815181,26.8464016060152,-57.9361047744751,-61.4583334287008,-0.595587003976107,-1.71385845541954,0.209697763714939,0.0381583094596863,34.1890721638997,35.5286332130432,26.40696463556,19.3220672309528
2016-11-02,-57.9464285714286,-61.4642857142857,2.42135408094951,365.643099103655,11.428959608078,26.8464016060152,-57.9361047744751,-61.4583334287008,-0.592974619070689,-1.71147037645181,0.20360423574845,0.0655130669785043,34.1932811101278,43.2320140361786,26.40696463556,17.8911821138536
2016-11-03,-57.9464285714286,-61.4642857142857,2.39812586988722,366.241252354213,14.9107001849583,26.8464016060152,-57.9361047744751,-61.4583334287008,-0.571697113662958,-1.70119581520557,0.22096418151632,0.067232276375095,34.1656746546427,36.8345710674922,26.40696463556,29.4701836199896
2016-11-04,-57.9464285714286,-61.4642857142857,2.42485852752413,367.445149012974,20.3576105662755,26.8464016060152,-57.9361047744751,-61.4583334287008,-0.539402426034212,-1.69273964265982,0.249361654308935,0.102430290915072,34.1494236310323,39.2773237069448,26.40696463556,68.6643823985493
2016-11-05,-57.9464285714286,-61.4642857142857,2.41123864480427,368.401724679129,19.2162308011736,26.8464016060152,-57.9361047744751,-61.4583334287008,-0.503469933321079,-1.695336257418,0.256075727132459,0.0905585895292461,34.1389457066854,41.2076194763184,26.40696463556,69.4714200631239
2016-11-06,-57.9464285714286,-61.4642857142857,2.37250133923122,369.255619594029,20.4048551491329,26.8464016060152,-57.9361047744751,-61.4583334287008,-0.481868933389584,-1.69314147631327,0.209753715526313,0.113620410456012,34.1501995404561,50.412765343984,26.40696463556,43.4528468714011
2016-11-07,-57.9464285714286,-61.4642857142857,2.33674730147634,370.187927246094,21.2934479372842,26.8464016060152,-57.9361047744751,-61.4583334287008,-0.471987041582664,-1.68811609049638,0.227261166616033,0.11738436014081,34.1493985176086,52.6774932861328,26.40696463556,58.5240298843758
2016-11-08,-57.9464285714286,-61.4642857142857,2.29723740049771,371.272824968611,22.8134648459298,26.8464016060152,-57.9361047744751,-61.4583334287008,-0.418420952434341,-1.6767911752065,0.227515488831947,0.104134241056939,34.1497417767843,52.8567892074585,26.40696463556,49.8751671298611
2016-11-09,-57.9464285714286,-61.4642857142857,2.18454534241131,372.360384259905,25.9013185841697,26.8464016060152,-57.9361047744751,-61.4583334287008,-0.376122298464179,-1.671516563495,0.189331746815393,0.0455692209303379,34.1349404335022,44.6956308046977,26.40696463556,8.63554873069452
2016-11-10,-57.9464285714286,-61.4642857142857,2.0163593675409,372.656725202288,23.1635242530278,26.8464016060152,-57.9361047744751,-61.4583334287008,-0.348173446704944,-1.664708395799,0.196462904910247,0.0344655697854857,34.1095591862996,35.4447071870168,26.40696463556,12.2887328813676
2016-11-11,-57.9464285714286,-61.4642857142857,1.89274937340191,373.292602539062,23.7338846751622,26.8464016060152,-57.9361047744751,-61.4583334287008,-0.299295004022618,-1.65672017335892,0.232947782302896,0.0766116316430271,34.0960799853007,32.4119302749634,26.40696463556,41.5782288728981
2016-11-12,-57.9464285714286,-61.4642857142857,1.78715994528362,374.611112322126,24.7499982970101,26.8464016060152,-57.9361047744751,-61.4583334287008,-0.253846838076909,-1.65220852792263,0.217988626969357,0.0576748964687188,34.0865937868754,30.8643874645233,26.40696463556,25.5698457054456
2016-11-13,-57.9464285714286,-61.4642857142857,1.66688918003014,375.184498378209,22.6195712089539,26.8464016060152,-57.9361047744751,-61.4583334287008,-0.228369987010956,-1.64092939198017,0.193360188541313,0.0617948954924941,34.0773745218913,31.1670293013255,26.40696463556,11.9673985949677
2016-11-14,-57.9464285714286,-61.4642857142857,1.52758467623166,374.386936732701,17.575368472508,26.8464016060152,-57.9361047744751,-61.4583334287008,-0.244447136173646,-1.62689595917861,0.16820785102124,0.0494654175825417,34.0679392178853,33.4406582514445,26.40696463556,2.23314920946945
2016-11-15,-57.9464285714286,-61.4642857142857,1.41328899349485,373.720317295619,16.3024144513266,26.8464016060152,-57.9361047744751,-61.4583334287008,-0.232221422779063,-1.62181717455387,0.192887152700375,0.0763980016112328,34.064671198527,35.9317317167918,26.40696463556,15.4240282394177
2016-11-16,-57.9464285714286,-61.4642857142857,1.35191763298852,373.942077636719,16.1069727284568,26.8464016060152,-57.9361047744751,-61.4583334287008,-0.19842522436132,-1.62533951898416,0.226894944782058,0.0901923683471978,34.0690836906433,37.1244966983795,26.40696463556,41.9646239538034
2016-11-17,-57.9464285714286,-61.4642857142857,1.29297956824303,374.620574951172,17.9061646461487,26.8464016060152,-57.9361047744751,-61.4583334287008,-0.115610197807352,-1.6238619128863,0.208975492790341,0.0722271390569707,34.0756451924642,36.727756357193,26.40696463556,22.7052039152945
2016-11-18,-57.9464285714286,-61.4642857142857,1.19000712888581,375.168042864118,19.0399146420615,26.8464016060152,-57.9361047744751,-61.4583334287008,-0.00220952040205399,-1.62609994014104,0.20548112327233,0.0452792951837182,34.0718048413595,28.4648696581523,26.40696463556,16.6417030688563
2016-11-19,-57.9464285714286,-61.4642857142857,1.09056459367275,374.995104108538,17.7594466209412,26.8464016060152,-57.9361047744751,-61.4583334287008,0.0851954903453589,-1.6276512970527,0.207408877896766,0.0546688231950005,34.0605765342712,21.6630562384923,26.40696463556,18.3370351561917
2016-11-20,-57.9464285714286,-61.4642857142857,1.03694946638175,374.542650495257,15.6026675019945,26.8464016060152,-57.9361047744751,-61.4583334287008,0.168114280203978,-1.62545904020468,0.271289203812679,0.0727662994526327,34.0504926363627,19.1897853533427,26.40696463556,80.3919916579174
2016-11-21,-57.9464285714286,-61.4642857142857,1.04535953913416,373.997724260603,14.1079503808703,26.8464016060152,-57.9361047744751,-61.4583334287008,0.21059604541709,-1.62851089139779,0.272245448703567,0.0857417526034017,34.0374716122945,16.5219588518143,26.40696463556,86.1572093689633
2016-11-22,-57.9464285714286,-61.4642857142857,1.04562813256468,373.72178867885,15.4331278119768,26.8464016060152,-57.9361047744751,-61.4583334287008,0.306686625257134,-1.63069805800915,0.242337309662253,0.101458784441153,34.0376750946045,20.2299578666687,26.40696463556,61.2140201898321
2016-11-23,-57.9464285714286,-61.4642857142857,1.06124585015433,372.444455827986,9.41970421586718,26.8464016060152,-57.9361047744751,-61.4583334287008,0.250386078531543,-1.62350332140923,0.346736044622958,0.0562049216590822,34.0263705889384,23.9036237239838,26.40696463556,198.618771763152
2016-11-24,-57.9464285714286,-61.4642857142857,1.10554200623717,370.539411272321,10.3725743974958,26.8464016060152,-57.9361047744751,-61.4583334287008,0.216742474026978,-1.63545385698477,0.332326221683373,0.0981475263213118,34.03247423172,29.6716222127279,26.40696463556,184.923922119833
2016-11-25,-57.9464285714286,-61.4642857142857,1.18536576841559,369.660799298968,12.5359315020697,26.8464016060152,-57.9361047744751,-61.4583334287008,0.231922380067408,-1.64043092131615,0.330057680327445,0.114103620809813,34.0445162773132,36.3767932097117,26.40696463556,190.683230758543
2016-11-26,-57.9464285714286,-61.4642857142857,1.24900097932134,369.320842197963,13.4994849136898,26.8464016060152,-57.9361047744751,-61.4583334287008,0.271321776571373,-1.63855403165023,0.278822188420842,0.120553198301544,34.0557062149048,41.6781132698059,26.40696463556,115.16237425352
2016-11-27,-57.9464285714286,-61.4642857142857,1.25028568506241,368.779846191406,8.73161772319249,26.8464016060152,-57.9361047744751,-61.4583334287008,0.326065878321727,-1.62830998202165,0.301583910733461,0.055574205579857,34.0532774925232,36.9324846585592,26.40696463556,118.915248864858
2016-11-28,-57.9464285714286,-61.4642857142857,1.24266763031483,368.280798775809,13.6714921508517,26.8464016060152,-57.9361047744751,-61.4583334287008,0.525608100493749,-1.62402722140153,0.262499872905513,0.0599180069131156,34.0560751914978,25.2998456478119,26.40696463556,67.0487813619661
2016-11-29,-57.9464285714286,-61.4642857142857,1.22661047854594,368.157106672014,14.9169253962381,26.8464016060152,-57.9361047744751,-61.4583334287008,0.536301785707474,-1.62272001306216,0.257057404921701,0.0276752017748853,34.0466018040975,13.2234164476395,26.40696463556,61.0066373935735
2016-11-30,-57.9464285714286,-61.4642857142857,1.24566585677011,367.098839896066,9.60057713304247,26.8464016060152,-57.9361047744751,-61.4583334287008,0.486300260573626,-1.62261065045993,0.339442122199883,0.0601723282287518,34.0453048706055,23.1686362346013,26.40696463556,184.939454483194
2016-12-01,-57.9464285714286,-61.4642857142857,1.30182304126876,366.330365862165,17.2866059030805,26.8464016060152,-57.9361047744751,-61.4583334287008,0.556602697571119,-1.63604643046856,0.248598691665878,0.107938881435742,34.0589616457621,26.4722650845846,26.40696463556,71.2651758871285
2016-12-02,-57.9464285714286,-61.4642857142857,1.31247647425958,366.517026628767,20.1659914766039,26.8464016060152,-57.9361047744751,-61.4583334287008,0.73478196511666,-1.63437808156013,0.246258939430118,0.103356018848717,34.0568636258443,20.671204717954,26.40696463556,66.1070671066877
2016-12-03,-57.9464285714286,-61.4642857142857,1.29194267307009,366.675367082868,20.4190108776093,26.8464016060152,-57.9361047744751,-61.4583334287008,0.922495210667451,-1.63410596350829,0.239448223666598,0.0790175075642765,34.0534430503845,20.4690195798874,26.40696463556,48.1387465908953
2016-12-04,-57.9464285714286,-61.4642857142857,1.24031060082572,365.376116071429,15.7771365472249,26.8464016060152,-57.9361047744751,-61.4583334287008,0.813177913924058,-1.63580737213294,0.217459638075282,0.0110120954612891,34.0323343276978,22.8876116673152,26.40696463556,29.6863392623485
2016-12-05,-57.9464285714286,-61.4642857142857,1.16068987016167,363.790584019252,12.6454880918775,26.8464016060152,-57.9361047744751,-61.4583334287008,0.835120719671249,-1.64305805365245,0.269641202067335,0.0495824049537381,34.0108697573344,22.6015005747477,26.40696463556,74.3791019907832
2016-12-06,-57.9464285714286,-61.4642857142857,1.14784145568098,363.381576538086,17.1653602293559,26.8464016060152,-57.9361047744751,-61.4583334287008,0.932840986549854,-1.64794864753882,0.263629057692985,0.0858739991051455,34.013222249349,21.2307107925415,26.40696463556,75.8614454391772
2016-12-07,-57.9464285714286,-61.4642857142857,1.13288789348943,363.391852242606,18.4346218449729,26.8464016060152,-57.9361047744751,-61.4583334287008,1.0360301733017,-1.65237636764844,0.224087241571397,0.073763237738361,34.0186646461487,21.1137231667837,26.40696463556,33.5370787351151
2016-12-08,-57.9464285714286,-61.4642857142857,1.0935146648969,363.707473754883,19.4466596671513,26.8464016060152,-57.9361047744751,-61.4583334287008,1.2289254595836,-1.64597002764543,0.204901272027443,0.0568661559062699,34.017825349172,18.6696990092595,26.40696463556,17.1333278202978
2016-12-09,-57.9464285714286,-61.4642857142857,1.0467920292701,363.83812386649,19.832474402019,26.8464016060152,-57.9361047744751,-61.4583334287008,1.31022677123547,-1.63632617990176,0.215277565767368,0.02275663514932,34.0092929840088,13.1255029439926,26.40696463556,25.0105559857647
2016-12-10,-57.9464285714286,-61.4642857142857,1.02105958014727,363.157337733677,18.9848142010825,26.8464016060152,-57.9361047744751,-61.4583334287008,1.2909756988287,-1.63543351491292,0.191783400718123,0.0160832544167837,34.0006840705872,17.5773907979329,26.40696463556,13.5557106902867
2016-12-11,-57.9464285714286,-61.4642857142857,0.959268613585404,362.328857421875,17.2952533790043,26.8464016060152,-57.9361047744751,-61.4583334287008,1.35513170758883,-1.63345489799976,0.207856480590999,0.0133315021793048,33.9936648686727,17.4057240565618,26.40696463556,22.7210989086721
2016-12-12,-57.9464285714286,-61.4642857142857,0.902525892215116,361.874143327986,17.2434822150639,26.8464016060152,-57.9361047744751,-61.4583334287008,1.51662955482801,-1.63547674516837,0.200252286499987,0.0323394471158584,33.9897991816203,15.1766011794408,26.40696463556,14.4288041979232
2016-12-13,-57.9464285714286,-61.4642857142857,0.952683629734176,361.547219412667,15.8106730324881,26.8464016060152,-57.9361047744751,-61.4583334287008,1.47503282229106,-1.63748334844907,0.21730196007217,0.0880713320337236,33.9993105888367,18.7002174139023,26.40696463556,33.8794596197633
2016-12-14,-57.9464285714286,-61.4642857142857,1.02096796780825,360.696422031948,12.555690578052,26.8464016060152,-57.9361047744751,-61.4583334287008,1.45163733661175,-1.63793348968029,0.239626250012467,0.0519933672932287,34.0088858604431,23.0173152605693,26.40696463556,42.4790244000056
2016-12-15,-57.9464285714286,-61.4642857142857,1.04854370121445,359.495651245117,16.8955704484667,26.8464016060152,-57.9361047744751,-61.4583334287008,1.49134192069372,-1.63238166173299,0.25038402347515,0.0322631508732835,34.0069783528646,20.0341308514277,26.40696463556,53.2966468591876
2016-12-16,-57.9464285714286,-61.4642857142857,1.04275740044458,358.5296761649,17.6611830166408,26.8464016060152,-57.9361047744751,-61.4583334287008,1.62101505895456,-1.63555050293605,0.224702699234088,0.0287738678045571,34.0066094398499,15.6598109642665,26.40696463556,30.7194542525585
2016-12-17,-57.9464285714286,-61.4642857142857,1.0270974870239,357.781502859933,15.4523930549622,26.8464016060152,-57.9361047744751,-61.4583334287008,1.74173407256603,-1.6387447754542,0.210109764834245,0.0513067003960411,33.9997552553813,12.5011450688044,26.40696463556,19.6797620806365
2016-12-18,-57.9464285714286,-61.4642857142857,1.02427743375301,357.378112792969,16.0557554108756,26.8464016060152,-57.9361047744751,-61.4583334287008,1.73189490735531,-1.64516129096349,0.157816299268355,0.0827865432947874,34.0110727310181,18.519649720192,26.40696463556,8.0394910727278
2016-12-19,-57.9464285714286,-61.4642857142857,0.961955945406641,356.149017333984,14.3573733738491,26.8464016060152,-57.9361047744751,-61.4583334287008,1.77115392486254,-1.64393545885881,0.155288348222772,0.0112969350380202,34.0084917068481,19.1173039754232,26.40696463556,5.61374154738834
2016-12-20,-57.9464285714286,-61.4642857142857,0.862503430673054,354.06629725865,12.7263301781246,26.8464016060152,-57.9361047744751,-61.4583334287008,1.78317211469014,-1.64061657289664,0.172012492486586,-0.0107730337108175,33.9950001716614,18.9240199168523,26.40696463556,17.9075259460882
2016-12-21,-57.9464285714286,-61.4642857142857,0.788048652665956,351.920846121652,11.2603361606598,26.8464016060152,-57.9361047744751,-61.4583334287008,1.77966859141986,-1.64549445211887,0.135832799195002,0.0189621672034264,33.9817500750224,21.1505996147792,26.40696463556,3.84054523656062
2016-12-22,-57.9464285714286,-61.4642857142857,0.763465636542865,350.700871058873,10.8259719439915,26.8464016060152,-57.9361047744751,-61.4583334287008,1.68413344522317,-1.65311136146386,0.0882086650157968,0.0852839744339387,33.9916052182515,27.1513018290202,26.40696463556,26.2975217105418
2016-12-23,-57.9464285714286,-61.4642857142857,0.751743378383773,349.978153773717,11.6652220657894,26.8464016060152,-57.9361047744751,-61.4583334287008,1.649794019262,-1.64983316063881,0.124225593203058,0.0718100526370108,34.0033802668254,31.6298933664958,26.40696463556,6.65852648446228
2016-12-24,-57.9464285714286,-61.4642857142857,0.728253749864442,350.28464617048,12.5054443563734,26.8464016060152,-57.9361047744751,-61.4583334287008,1.79703362087409,-1.64222897291183,0.170395011051248,0.0231788078943888,34.0048934618632,22.5074018160502,26.40696463556,4.7105173291352
2016-12-25,-57.9464285714286,-61.4642857142857,0.690013768417495,350.417484828404,12.1867215633392,26.8464016060152,-57.9361047744751,-61.4583334287008,1.88468277752399,-1.63597013056278,0.177760145192345,0.0103966388851404,34.0013711293538,19.0435507933299,26.40696463556,10.1185066430159
2016-12-26,-57.9464285714286,-61.4642857142857,0.64698911351817,349.80296761649,11.5609017780849,26.8464016060152,-57.9361047744751,-61.4583334287008,1.98392896652222,-1.63777580757936,0.191218807299932,0.0121209346689284,33.9959413846334,14.4810334602992,26.40696463556,14.4919858234969
2016-12-27,-57.9464285714286,-61.4642857142857,0.631622608218874,349.080437796456,10.6280411652156,26.8464016060152,-57.9361047744751,-61.4583334287008,1.86182442208131,-1.63275551199913,0.16326385360832,-0.0301624601085981,33.9886041641235,26.328573624293,26.40696463556,28.6641159667674
2016-12-28,-57.9464285714286,-61.4642857142857,0.581371916191919,347.982692173549,9.68620361600603,26.8464016060152,-57.9361047744751,-61.4583334287008,1.92035891314348,-1.63372702002525,0.164352346397936,0.0167343160447975,33.9805292447408,22.6383769989014,26.40696463556,5.07478230830745
2016-12-29,-57.9464285714286,-61.4642857142857,0.541188076138496,347.356741768973,8.17521040780204,26.8464016060152,-57.9361047744751,-61.4583334287008,1.91360822121302,-1.6286991049846,0.169911800604314,-0.00189214758574963,33.9712210655212,25.2400801261266,26.40696463556,12.9548116272503
2016-12-30,-57.9464285714286,-61.4642857142857,0.515682812247958,346.851383754185,9.08828745569502,26.8464016060152,-57.9361047744751,-61.4583334287008,1.90437942544619,-1.62698497672876,0.151905880837391,0.0227515488862991,33.9622816403707,27.1118821620941,26.40696463556,2.33265864517659
2016-12-31,-57.9464285714286,-61.4642857142857,0.502682138766561,347.142305646624,10.338246686118,26.8464016060152,-57.9361047744751,-61.4583334287008,2.15276956955592,-1.62018443346024,0.198441520612687,0.0459354431368411,33.9602216084798,19.3220322926839,26.40696463556,12.8400997542805
