"date","lon.x","lat.x","chla","o2","productivity","distance_km.x","lon.y","lat.y","temp","ssh","u","v","salinity","mixed_layer","distance_km.y","EKE"
2010-01-01,-57.9333333333333,-61.4166666666667,0.681944044431051,357.655565388997,14.390699450175,39.726367998394,-57.9321497523652,-61.4597273759239,1.25018662841696,-1.60662742440862,0.0451421529418768,0.0474092423691785,34.0401158153563,10.7354022112108,39.5648574702353,31.7332851024096
2010-01-02,-57.9333333333333,-61.4166666666667,0.642287812630336,357.898327636719,13.8233901023865,39.726367998394,-57.9321497523652,-61.4597273759239,1.49203365234504,-1.6081705581873,0.0483638063017139,0.032877383781667,34.0420146597955,10.5793676232933,39.5648574702353,29.7960333130618
2010-01-03,-57.9333333333333,-61.4166666666667,0.629757416248321,357.162772623698,12.2835355122884,39.726367998394,-57.9321497523652,-61.4597273759239,1.27315123368027,-1.60302486186637,0.059322934373653,-0.00545202832865088,34.0415500124594,10.9545389297313,39.5648574702353,33.6743102970099
2010-01-04,-57.9333333333333,-61.4166666666667,0.70196538468202,354.729114786784,7.26133955319723,39.726367998394,-57.9321497523652,-61.4597273759239,0.912196661968876,-1.61434768734122,0.0776179774727364,-0.0324712351692798,34.0282353996334,20.972871446968,39.5648574702353,40.419049362509
2010-01-05,-57.9333333333333,-61.4166666666667,0.664513244231542,351.318441772461,10.0872789700826,39.726367998394,-57.9321497523652,-61.4597273759239,0.748773484189708,-1.62228250682802,0.00888249217847684,-0.0187126649893764,34.022343900867,28.7206722919206,39.5648574702353,86.84217410896
2010-01-06,-57.9333333333333,-61.4166666666667,0.61512962281704,349.247602335612,10.3510508855184,39.726367998394,-57.9321497523652,-61.4597273759239,0.670872811144008,-1.62152642280536,0.00607387166946454,0.0145869296940422,34.0238696937274,33.3529462455807,39.5648574702353,74.7630460104258
2010-01-07,-57.9333333333333,-61.4166666666667,0.575077286362648,348.544770304362,9.86326820055644,39.726367998394,-57.9321497523652,-61.4597273759239,0.743751009155933,-1.61782748313775,0.017457504959819,0.0575537784515243,34.0236057625677,27.3714329640668,39.5648574702353,58.4518037389497
2010-01-08,-57.9333333333333,-61.4166666666667,0.539875887831052,348.06780090332,9.49874567985535,39.726367998394,-57.9321497523652,-61.4597273759239,0.814621871239261,-1.61380271893695,0.00904311575835809,0.0268746452280005,34.0205023916144,25.5340120344234,39.5648574702353,68.4119324134131
2010-01-09,-57.9333333333333,-61.4166666666667,0.512274007002513,347.164010620117,9.21021178563436,39.726367998394,-57.9321497523652,-61.4597273759239,0.802550309694799,-1.60925247346548,-0.00258833651703999,0.0163560853780884,34.0157181015588,30.2569236360995,39.5648574702353,84.9107579352815
2010-01-10,-57.9333333333333,-61.4166666666667,0.486866088708242,346.372012329102,9.05683115323385,39.726367998394,-57.9321497523652,-61.4597273759239,0.885762583044239,-1.60613637804089,0.00430012691794033,0.0431068210365405,34.0107445107367,25.3510157040187,39.5648574702353,72.5329953890053
2010-01-11,-57.9333333333333,-61.4166666666667,0.471155715982119,346.275165812174,8.94172690709432,39.726367998394,-57.9321497523652,-61.4597273759239,1.01308121537804,-1.61094820633867,0.0393069217583739,0.0327465901837537,34.0055415504857,20.0917354382967,39.5648574702353,37.1381810938983
2010-01-12,-57.9333333333333,-61.4166666666667,0.465145685275396,345.414452107747,8.58281051317851,39.726367998394,-57.9321497523652,-61.4597273759239,0.955322756579048,-1.61556154668779,0.00576639227232987,-0.0225814022684008,34.0013768188935,29.1302628839823,39.5648574702353,93.0058912906181
2010-01-13,-57.9333333333333,-61.4166666666667,0.461347186565399,343.899982706706,7.60055519739787,39.726367998394,-57.9321497523652,-61.4597273759239,0.883678144978401,-1.61521046815958,-0.0248255454760073,-0.0100825812835666,33.9982619321436,37.0231987981868,39.5648574702353,126.527886979051
2010-01-14,-57.9333333333333,-61.4166666666667,0.436009482542674,342.132524617513,4.89530374209086,39.726367998394,-57.9321497523652,-61.4597273759239,0.845640610707434,-1.6153756792384,0.037519409510314,-0.0409085702263099,33.989909423025,37.2079160482364,39.5648574702353,74.1701680195435
2010-01-15,-57.9333333333333,-61.4166666666667,0.43596703906854,341.529151407878,8.03332735697428,39.726367998394,-57.9321497523652,-61.4597273759239,0.877496426490913,-1.62622122432953,0.0854311748582842,0.0524711845568696,33.9890718962017,29.8157821418647,39.5648574702353,8.07592592169979
2010-01-16,-57.9333333333333,-61.4166666666667,0.454060622056325,341.933887736003,8.69413634936015,39.726367998394,-57.9321497523652,-61.4597273759239,0.98362649338586,-1.63268862720719,0.0795041593001749,0.0280907965244207,33.9955254174713,21.6365916818604,39.5648574702353,11.5128327073998
2010-01-17,-57.9333333333333,-61.4166666666667,0.457820155223211,341.79604695638,8.07796969413757,39.726367998394,-57.9321497523652,-61.4597273759239,1.04209261550043,-1.62455533052746,0.0824734033330491,-0.0241394524175422,33.9876492292361,20.1944199683971,39.5648574702353,32.216199690817
2010-01-18,-57.9333333333333,-61.4166666666667,0.456820384661357,341.280178833008,7.32629950841268,39.726367998394,-57.9321497523652,-61.4597273759239,1.08896904825268,-1.61827838331237,0.0971865378376237,-0.0196351043851976,33.9745412123831,19.4693184185745,39.5648574702353,24.1075692128061
2010-01-19,-57.9333333333333,-61.4166666666667,0.45911853313446,341.040712483724,8.71819764773051,39.726367998394,-57.9321497523652,-61.4597273759239,1.22625552823669,-1.61750280050407,0.0925238601499258,-0.0153831645454231,33.9609110552566,13.1361536943823,39.5648574702353,22.8813240617567
2010-01-20,-57.9333333333333,-61.4166666666667,0.458071555693944,341.040496826172,8.48952601750692,39.726367998394,-57.9321497523652,-61.4597273759239,1.44298467017654,-1.61553171747609,0.0825927240451924,-0.00420604686819969,33.9546928118942,12.1477439600722,39.5648574702353,20.5497948996676
2010-01-21,-57.9333333333333,-61.4166666666667,0.443100336194038,340.491055297852,5.99876263936361,39.726367998394,-57.9321497523652,-61.4597273759239,1.41300677939465,-1.61151956570776,0.0734440551412509,-0.0507800464511366,33.9393246299342,12.3668807144452,39.5648574702353,58.168589283621
2010-01-22,-57.9333333333333,-61.4166666666667,0.430876794457436,339.743529256185,6.49465017318726,39.726367998394,-57.9321497523652,-61.4597273759239,1.38476361995353,-1.61714024785766,0.09460967408031,0.00271224646471945,33.9255855244801,13.4023302372237,39.5648574702353,13.1043453766579
2010-01-23,-57.9333333333333,-61.4166666666667,0.445685449242592,339.831108601888,8.43532722791036,39.726367998394,-57.9321497523652,-61.4597273759239,1.48364083300856,-1.62618451369436,0.0757662151288941,0.0494560473703576,33.9170666601425,10.793915196469,39.5648574702353,12.1352017494898
2010-01-24,-57.9333333333333,-61.4166666666667,0.48548968732357,340.498219807943,9.37070582707723,39.726367998394,-57.9321497523652,-61.4597273759239,1.47103233153659,-1.62861795981128,0.0835725290462711,0.0889350668968339,33.9280005576915,14.0637560105862,39.5648574702353,18.5237816474939
2010-01-25,-57.9333333333333,-61.4166666666667,0.524304449558258,340.944016520182,9.28179044723511,39.726367998394,-57.9321497523652,-61.4597273759239,1.43134266339747,-1.62471366018281,0.0711058323460638,0.0510324548677842,33.9361464995191,17.8980741214035,39.5648574702353,14.6229684335428
2010-01-26,-57.9333333333333,-61.4166666666667,0.547225122650464,341.1361328125,9.309778881073,39.726367998394,-57.9321497523652,-61.4597273759239,1.47713970577806,-1.62495803295222,0.10718880704415,0.0254519777022358,33.9340697553821,15.2672867022063,39.5648574702353,3.27913487665036
2010-01-27,-57.9333333333333,-61.4166666666667,0.568135247627894,341.44309387207,9.83106956481934,39.726367998394,-57.9321497523652,-61.4597273759239,1.65966700521627,-1.62993966367908,0.0762113726004622,0.0348714129032945,33.9164815343412,11.2126843050907,39.5648574702353,12.2008026384335
2010-01-28,-57.9333333333333,-61.4166666666667,0.565800030032794,341.641067504883,10.6189792792002,39.726367998394,-57.9321497523652,-61.4597273759239,1.72427078969497,-1.62828179678523,0.0358833418528836,0.0216383114597179,33.9182941895679,10.9998577232648,39.5648574702353,41.999938599109
2010-01-29,-57.9333333333333,-61.4166666666667,0.54292884071668,341.540252685547,8.86442252794902,39.726367998394,-57.9321497523652,-61.4597273759239,1.53878617824468,-1.62296744665705,-0.0285772568217122,0.0158397948747515,33.9392673234294,20.6326932871252,39.5648574702353,121.523552034989
2010-01-30,-57.9333333333333,-61.4166666666667,0.525087258219719,340.884264119466,8.2630929629008,39.726367998394,-57.9321497523652,-61.4597273759239,1.50043748778508,-1.61710697591753,0.0257342164649775,0.0619456903182698,33.9469371164652,23.8910606463153,39.5648574702353,50.6021699372452
2010-01-31,-57.9333333333333,-61.4166666666667,0.521402102708816,340.858009847005,5.837912940979,39.726367998394,-57.9321497523652,-61.4597273759239,1.47365646165116,-1.61325660011822,0.0747152775722115,0.0298347110979091,33.9469028415537,23.6621717761334,39.5648574702353,13.5297531453656
2010-02-01,-57.9333333333333,-61.4166666666667,0.524829422434171,341.008682250977,8.10895827611287,39.726367998394,-57.9321497523652,-61.4597273759239,1.68243610993364,-1.60877634528884,0.0622738218845281,0.0394927868689585,33.9445279773913,16.3405974466998,39.5648574702353,19.6159208782446
2010-02-02,-57.9333333333333,-61.4166666666667,0.52123505671819,340.969159952799,7.44991629918416,39.726367998394,-57.9321497523652,-61.4597273759239,1.59992048525272,-1.62403215680804,0.0155437879292364,0.0316979463135165,33.9455489968895,13.9404197850622,39.5648574702353,60.3876100850719
2010-02-03,-57.9333333333333,-61.4166666666667,0.504082781076431,340.486600748698,6.25743152300517,39.726367998394,-57.9321497523652,-61.4597273759239,1.56826843130857,-1.62827950447126,0.0501834439407838,0.0120398961147644,33.9460652717074,18.1544984229525,39.5648574702353,32.9326601154538
2010-02-04,-57.9333333333333,-61.4166666666667,0.480165132880211,339.875236002604,4.0520298242569,39.726367998394,-57.9321497523652,-61.4597273759239,1.52634563705975,-1.61260262915963,-0.0197819604125238,-0.00041532701343522,33.9414645603725,19.8576837123785,39.5648574702353,114.34080775223
2010-02-05,-57.9333333333333,-61.4166666666667,0.465475165843964,339.947164916992,4.22329343159994,39.726367998394,-57.9321497523652,-61.4597273759239,1.26221964547509,-1.60936147019379,-0.0844353074558023,0.0344010145032316,33.9562073470955,32.7856002750253,39.5648574702353,219.240712363506
2010-02-06,-57.9333333333333,-61.4166666666667,0.469343036413193,339.353955078125,7.08813904126485,39.726367998394,-57.9321497523652,-61.4597273759239,1.20261905874525,-1.61164806346248,-0.0286851038077944,0.0380265218646903,33.9575209366648,35.996927817065,39.5648574702353,117.879862875326
2010-02-07,-57.9333333333333,-61.4166666666667,0.467100311319033,339.16553141276,6.42844042778015,39.726367998394,-57.9321497523652,-61.4597273759239,1.26293281280905,-1.60249021851031,0.0140476926629032,-0.00721888971003823,33.9534191619185,33.3265582242406,39.5648574702353,74.4321454807612
2010-02-08,-57.9333333333333,-61.4166666666667,0.449429257710775,338.480963134766,4.28319316705068,39.726367998394,-57.9321497523652,-61.4597273759239,1.2646868242357,-1.6026095344608,-0.00631021852500008,-0.0452109916989965,33.951141758969,36.3239118676437,39.5648574702353,125.753576812636
2010-02-09,-57.9333333333333,-61.4166666666667,0.425391777356466,337.314385986328,3.54834923744202,39.726367998394,-57.9321497523652,-61.4597273759239,1.26501173677301,-1.60915610351061,-0.0222647440220628,-0.0222693332155844,33.9465582137717,36.9245300006149,39.5648574702353,130.076480194234
2010-02-10,-57.9333333333333,-61.4166666666667,0.404032507538795,336.273338826497,3.68803047339122,39.726367998394,-57.9321497523652,-61.4597273759239,1.24424997801171,-1.61741904477428,-0.0740177108997241,-0.0220444603101876,33.9413493880652,36.6434383248924,39.5648574702353,219.398317907411
2010-02-11,-57.9333333333333,-61.4166666666667,0.405187657475471,335.970627848307,6.37919875780741,39.726367998394,-57.9321497523652,-61.4597273759239,1.26911452659091,-1.61902872422584,0.00429094827880985,0.035887931158444,33.9380623380044,30.9992348305265,39.5648574702353,72.8764176423522
2010-02-12,-57.9333333333333,-61.4166666666667,0.413067418336868,336.543698120117,7.47151219050089,39.726367998394,-57.9321497523652,-61.4597273759239,1.55526892179833,-1.61412166563192,0.0294813389112627,0.0063997086249572,33.9360832558539,20.396346906074,39.5648574702353,52.4775841730943
2010-02-13,-57.9333333333333,-61.4166666666667,0.417572478453318,337.058150227865,7.02836329142253,39.726367998394,-57.9321497523652,-61.4597273759239,1.53935340517446,-1.60129356697986,0.0100711080476754,-0.0159201067417188,33.9343566034073,11.5563044368773,39.5648574702353,83.7570145543919
2010-02-14,-57.9333333333333,-61.4166666666667,0.423047152161598,337.161803181966,6.6297056833903,39.726367998394,-57.9321497523652,-61.4597273759239,1.37906927945919,-1.58868346133627,-0.0252385776545992,-0.0171247848302574,33.9347639585796,25.7726530670223,39.5648574702353,131.210208108481
2010-02-15,-57.9333333333333,-61.4166666666667,0.42216123342514,337.381171671549,6.37874054908752,39.726367998394,-57.9321497523652,-61.4597273759239,1.33681055029532,-1.58578190812491,-0.00447910738394673,0.0123450813492886,33.9350508496277,32.8756643596448,39.5648574702353,88.529418813573
2010-02-16,-57.9333333333333,-61.4166666666667,0.430448718865713,337.955130004883,6.08519649505615,39.726367998394,-57.9321497523652,-61.4597273759239,1.37228177947209,-1.58839433713067,0.0710346990762124,0.0192266611900545,33.9344313628691,32.0989337576959,39.5648574702353,17.514744638204
2010-02-17,-57.9333333333333,-61.4166666666667,0.452051930626233,338.632600911458,5.61021454334259,39.726367998394,-57.9321497523652,-61.4597273759239,1.38370625461851,-1.59279427851053,0.108593117389688,0.0454565168435412,33.9369727543422,33.9581536565508,39.5648574702353,1.31268655302135
2010-02-18,-57.9333333333333,-61.4166666666667,0.483218271533648,339.263498942057,5.85267365773519,39.726367998394,-57.9321497523652,-61.4597273759239,1.36654613295892,-1.59215867026408,0.083980971513162,0.0341256595867917,33.9412294258749,36.7891471439734,39.5648574702353,8.80382020537169
2010-02-19,-57.9333333333333,-61.4166666666667,0.519315045078595,339.875678507487,7.7329558690389,39.726367998394,-57.9321497523652,-61.4597273759239,1.36458560577909,-1.58606070414522,0.0735702598817591,0.0294813389952918,33.9442927855298,37.0042683414947,39.5648574702353,14.1601323411412
2010-02-20,-57.9333333333333,-61.4166666666667,0.556999382376671,340.420494588216,8.24558121363322,39.726367998394,-57.9321497523652,-61.4597273759239,1.36772465056046,-1.5792972965348,0.0658121330285431,0.0339558572277315,33.9479756176024,37.4132851801421,39.5648574702353,17.8767634390072
2010-02-21,-57.9333333333333,-61.4166666666667,0.587491581837336,340.874799601237,9.08836587270101,39.726367998394,-57.9321497523652,-61.4597273759239,1.35385226867253,-1.58316947374129,0.0468906572970905,-0.000309774330011884,33.9526106898946,38.6345992984628,39.5648574702353,40.1639147923233
2010-02-22,-57.9333333333333,-61.4166666666667,0.598414595921834,340.71762491862,7.98940580685933,39.726367998394,-57.9321497523652,-61.4597273759239,1.28056378651382,-1.58564193445937,0.0643665193250977,-0.0467828097928287,33.9597009357653,43.1246065483954,39.5648574702353,59.5241968053571
2010-02-23,-57.9333333333333,-61.4166666666667,0.611529410878817,340.56780090332,8.05340215365092,39.726367998394,-57.9321497523652,-61.4597273759239,1.32243151167282,-1.59069240227678,0.0807845595719895,-0.00956399600140582,33.9674565308076,35.4456442567639,39.5648574702353,24.0600550178116
2010-02-24,-57.9333333333333,-61.4166666666667,0.616352454821269,340.460568237305,3.95343916018804,39.726367998394,-57.9321497523652,-61.4597273759239,1.23175161471941,-1.59408156584976,0.139726586415804,0.0053441810904813,33.9665444739779,44.2466778862745,39.5648574702353,8.63373588243016
2010-02-25,-57.9333333333333,-61.4166666666667,0.630939426024755,340.443359375,7.46946892738342,39.726367998394,-57.9321497523652,-61.4597273759239,1.22284938831975,-1.59829564336547,0.0798529419291737,0.0413789684583146,33.968884962842,43.3162075057066,39.5648574702353,10.111015233371
2010-02-26,-57.9333333333333,-61.4166666666667,0.647770509123802,340.331483968099,5.8970952351888,39.726367998394,-57.9321497523652,-61.4597273759239,1.21735880675172,-1.59951408958077,0.14322588850457,0.0165603068286091,33.9699290999793,42.4253195461474,39.5648574702353,5.50134662834545
2010-02-27,-57.9333333333333,-61.4166666666667,0.667526553074519,340.339400227865,7.15661296844482,39.726367998394,-57.9321497523652,-61.4597273759239,1.17014644535861,-1.60335758843816,0.123893675443373,0.0739832918782879,33.9747305131496,44.9081035377388,39.5648574702353,4.46818123847189
2010-02-28,-57.9333333333333,-61.4166666666667,0.680540843804677,339.986466471354,5.83930762608846,39.726367998394,-57.9321497523652,-61.4597273759239,1.16341676927151,-1.60396910430793,0.0805528031704121,0.00699860563403682,33.9571482579511,27.9043595808789,39.5648574702353,16.6453870095949
2010-03-01,-57.9333333333333,-61.4166666666667,0.675728535652161,339.835026041667,9.24325791994731,39.726367998394,-57.9321497523652,-61.4597273759239,1.08583550166367,-1.61501657469828,0.0358718695693222,0.0581985681940963,33.9699806987791,45.2918794603276,39.5648574702353,40.4807929258123
2010-03-02,-57.9333333333333,-61.4166666666667,0.683870879809062,339.934880574544,8.63855503400167,39.726367998394,-57.9321497523652,-61.4597273759239,1.09105072613049,-1.60444409013691,0.0901420394560896,0.0334418613771747,33.9735373446816,44.1801338195801,39.5648574702353,6.55301434842407
2010-03-03,-57.9333333333333,-61.4166666666667,0.685576179623604,339.772514851888,6.77078930536906,39.726367998394,-57.9321497523652,-61.4597273759239,1.08216502612695,-1.58342188372648,0.140986335134708,0.00234969603107836,33.973256319089,42.9347262203245,39.5648574702353,10.0358891085038
2010-03-04,-57.9333333333333,-61.4166666666667,0.71368006169796,340.080072021484,8.40793441136678,39.726367998394,-57.9321497523652,-61.4597273759239,1.07404480594441,-1.58386934072451,0.12174590625205,0.0983384392763439,33.9779660361154,44.6275855293848,39.5648574702353,14.753027969764
2010-03-05,-57.9333333333333,-61.4166666666667,0.754672273993492,340.633745320638,7.27716703414917,39.726367998394,-57.9321497523652,-61.4597273759239,1.06945463902968,-1.58906551411277,0.0828153028299934,0.0339925713360982,33.9763885010454,44.4445892491735,39.5648574702353,9.29908717581724
2010-03-06,-57.9333333333333,-61.4166666666667,0.774422740936279,340.752436319987,6.8372265736262,39.726367998394,-57.9321497523652,-61.4597273759239,1.08074419099585,-1.60884747245258,0.148051484901094,0.0396189911192969,33.976147601479,42.9966811201626,39.5648574702353,2.81773980021264
2010-03-07,-57.9333333333333,-61.4166666666667,0.781515704592069,340.644635009766,6.82305908997854,39.726367998394,-57.9321497523652,-61.4597273759239,1.11363534506102,-1.62640020497759,0.0962113217219598,0.0172257480400621,33.9723040788694,38.3701436609254,39.5648574702353,7.68077793545793
2010-03-08,-57.9333333333333,-61.4166666666667,0.752050552765528,340.058364868164,5.95107770760854,39.726367998394,-57.9321497523652,-61.4597273759239,1.12356464284703,-1.61891743249463,0.14087848824666,-0.016661270584603,33.9696996875275,37.2446301144765,39.5648574702353,19.7629325379617
2010-03-09,-57.9333333333333,-61.4166666666667,0.769624178608259,340.120670572917,9.26655384699504,39.726367998394,-57.9321497523652,-61.4597273759239,1.11545544056068,-1.61768866302376,0.167163414488498,0.0755551097200329,33.9686212181149,41.1816328306843,39.5648574702353,13.9456461449717
2010-03-10,-57.9333333333333,-61.4166666666667,0.829937571287155,340.75849202474,9.16515437761942,39.726367998394,-57.9321497523652,-61.4597273759239,1.10554541232891,-1.61479170161082,0.11187672591243,0.0780837864411953,33.9636476703156,44.1325202310892,39.5648574702353,6.60121374718199
2010-03-11,-57.9333333333333,-61.4166666666667,0.846706029772758,340.869027709961,6.38424439430237,39.726367998394,-57.9321497523652,-61.4597273759239,1.10736000493057,-1.61164691797773,0.111142444893494,0.0254565673859272,33.953052061841,39.3637162509717,39.5648574702353,2.66254985107957
2010-03-12,-57.9333333333333,-61.4166666666667,0.835177137454351,340.721901448568,9.58841718037923,39.726367998394,-57.9321497523652,-61.4597273759239,1.09710027512751,-1.60598722526005,0.0400434968839014,0.0246878678077146,33.9473499642279,38.0999514931127,39.5648574702353,37.7513959589865
2010-03-13,-57.9333333333333,-61.4166666666667,0.809466784199079,340.604501342773,9.13039277394613,39.726367998394,-57.9321497523652,-61.4597273759239,1.07225500058411,-1.5926416856902,0.037512525776051,0.0313812883752853,33.9458640822791,41.942300814435,39.5648574702353,38.8516258100862
2010-03-14,-57.9333333333333,-61.4166666666667,0.789490244785945,340.726521809896,9.13464953104655,39.726367998394,-57.9321497523652,-61.4597273759239,1.05970982747867,-1.57294347859863,0.0609635911545807,0.033744751930909,33.940666844074,43.3701312703298,39.5648574702353,20.8730575004173
2010-03-15,-57.9333333333333,-61.4166666666667,0.780665067831675,341.238554890951,7.96169215838114,39.726367998394,-57.9321497523652,-61.4597273759239,1.08792820259144,-1.56044351203101,0.0897381858886185,0.0334257990317909,33.9319128595797,41.800034207509,39.5648574702353,6.69526584293592
2010-03-16,-57.9333333333333,-61.4166666666667,0.711895267168681,340.628750610352,2.93316455682119,39.726367998394,-57.9321497523652,-61.4597273759239,1.05354737966581,-1.55134762050514,0.131860612520486,-0.0598484031940089,33.9192179199448,46.0886880688201,39.5648574702353,54.2814802311765
2010-03-17,-57.9333333333333,-61.4166666666667,0.624739607175191,339.544893391927,3.78469772338867,39.726367998394,-57.9321497523652,-61.4597273759239,1.04425690676037,-1.56495933694051,0.0568883375901925,-0.0114478829519865,33.9093339102609,48.6701411089503,39.5648574702353,38.4474821909863
2010-03-18,-57.9333333333333,-61.4166666666667,0.602070884903272,339.45741780599,4.89766311645508,39.726367998394,-57.9321497523652,-61.4597273759239,1.00483158051519,-1.56670898692052,0.0964591416313236,0.0557387305941797,33.9077219138468,50.2161446191314,39.5648574702353,4.67597955774256
2010-03-19,-57.9333333333333,-61.4166666666667,0.591891096035639,339.774788411458,2.71107184092204,39.726367998394,-57.9321497523652,-61.4597273759239,0.95974220570765,-1.56543546690977,0.132861068640324,0.0598139836964078,33.9067409486699,49.674613185395,39.5648574702353,1.56422008135242
2010-03-20,-57.9333333333333,-61.4166666666667,0.56169453561306,339.734604899089,2.30307331085205,39.726367998394,-57.9321497523652,-61.4597273759239,0.923483461253625,-1.57637394594967,0.153138667723178,0.00925192704662344,33.8879193040661,33.8738261165475,39.5648574702353,10.1050685991005
2010-03-21,-57.9333333333333,-61.4166666666667,0.559599575400352,339.911001586914,4.68402414321899,39.726367998394,-57.9321497523652,-61.4597273759239,0.890724479703975,-1.59231814316341,0.091569296259405,0.0536781572981885,33.8826817390614,40.9842949917442,39.5648574702353,5.95982790293427
2010-03-22,-57.9333333333333,-61.4166666666667,0.548655678828557,339.938297526042,3.60162680149078,39.726367998394,-57.9321497523652,-61.4597273759239,0.889223796644605,-1.58818552771905,0.146803209250023,-0.000536942168285972,33.8734745656637,43.8847007751465,39.5648574702353,12.3970222545579
2010-03-23,-57.9333333333333,-61.4166666666667,0.544211136301359,340.074738566081,5.79886865615845,39.726367998394,-57.9321497523652,-61.4597273759239,0.885724033180036,-1.57787118728896,0.0865761921986153,0.0410921404180222,33.8608828379696,42.7046900871105,39.5648574702353,7.32741960972244
2010-03-24,-57.9333333333333,-61.4166666666667,0.552520957589149,340.573979695638,5.33965963522593,39.726367998394,-57.9321497523652,-61.4597273759239,0.875089824087638,-1.56524501259166,0.152532886923816,0.056869980269917,33.8512339771242,43.9208410879723,39.5648574702353,4.67756928880054
2010-03-25,-57.9333333333333,-61.4166666666667,0.564428619543711,341.135939534505,4.08279356161753,39.726367998394,-57.9321497523652,-61.4597273759239,0.887197183038955,-1.55741231333941,0.144432861441956,0.0448690925381686,33.8405468302562,42.5566866093112,39.5648574702353,1.94211526815183
2010-03-26,-57.9333333333333,-61.4166666666667,0.581569295128187,341.722714233398,4.32577331066132,39.726367998394,-57.9321497523652,-61.4597273759239,0.907818518298909,-1.55748689219468,0.165529641455838,0.0667758755161798,33.840627268741,45.0239820587904,39.5648574702353,10.8898688393396
2010-03-27,-57.9333333333333,-61.4166666666667,0.593692938486735,342.09443766276,3.03621182441711,39.726367998394,-57.9321497523652,-61.4597273759239,0.916811609682732,-1.54769916686797,0.170733851121556,0.0254198532355459,33.8366002821384,45.1461708563611,39.5648574702353,12.3224854787593
2010-03-28,-57.9333333333333,-61.4166666666667,0.611194316546122,342.432852172852,5.20274844169617,39.726367998394,-57.9321497523652,-61.4597273759239,0.922863908840301,-1.56081524244825,0.149563643269073,0.0602316057687639,33.8361700531235,46.5372870775094,39.5648574702353,4.38212477247247
2010-03-29,-57.9333333333333,-61.4166666666667,0.649836245179176,343.017088826497,5.49864810307821,39.726367998394,-57.9321497523652,-61.4597273759239,0.892770367401435,-1.57026565388629,0.157558115087169,0.0893985809184107,33.8401798449065,51.3514100806157,39.5648574702353,15.6444767891284
2010-03-30,-57.9333333333333,-61.4166666666667,0.708732244372368,343.722365315755,5.90297442277273,39.726367998394,-57.9321497523652,-61.4597273759239,0.857959990242594,-1.57632460854107,0.183083521258226,0.0877143263648775,33.8476028872612,54.5179925108314,39.5648574702353,26.5305938051037
2010-03-31,-57.9333333333333,-61.4166666666667,0.757138442993164,344.143456013997,4.19109366734823,39.726367998394,-57.9321497523652,-61.4597273759239,0.855214705732756,-1.58004993245118,0.172948163044744,0.0166543866122576,33.8494729206974,53.1148294649626,39.5648574702353,15.3871639540886
2010-04-01,-57.9333333333333,-61.4166666666667,0.788527723153432,344.465614827474,6.19887402852376,39.726367998394,-57.9321497523652,-61.4597273759239,0.876279354767692,-1.56934665558033,0.165056949509378,0.0332445237169364,33.8461112115616,49.9637357453655,39.5648574702353,8.71690920454141
2010-04-02,-57.9333333333333,-61.4166666666667,0.825995355844498,345.050262451172,6.73426485061646,39.726367998394,-57.9321497523652,-61.4597273759239,0.847025645322594,-1.56840930352534,0.139898682657377,0.078297186376793,33.8521919107079,56.7816398807038,39.5648574702353,6.99574720121094
2010-04-03,-57.9333333333333,-61.4166666666667,0.848823177814484,345.503597005208,5.34232492446899,39.726367998394,-57.9321497523652,-61.4597273759239,0.794198793604186,-1.56502243809234,0.153423201236734,0.0465854720625662,33.858611142725,59.8799570019084,39.5648574702353,4.14466318244791
2010-04-04,-57.9333333333333,-61.4166666666667,0.826482021808624,345.597536214193,3.13519483804703,39.726367998394,-57.9321497523652,-61.4597273759239,0.793890397323478,-1.5634173464058,0.21023811040012,0.040651572490097,33.8600338383725,59.3263789191282,39.5648574702353,36.6096889629976
2010-04-05,-57.9333333333333,-61.4166666666667,0.819709419210752,345.817654418945,5.5196749607722,39.726367998394,-57.9321497523652,-61.4597273759239,0.766275046127183,-1.569309938671,0.17183068065547,0.0725032587752755,33.8754536621553,62.8555122210567,39.5648574702353,15.1212583000108
2010-04-06,-57.9333333333333,-61.4166666666667,0.803282302618027,345.927369181315,2.43846356074015,39.726367998394,-57.9321497523652,-61.4597273759239,0.773750933489405,-1.56167687105953,0.169958267164858,0.000851305747838845,33.8745013645717,58.1331742007033,39.5648574702353,19.5766459004864
2010-04-07,-57.9333333333333,-61.4166666666667,0.765095462401708,345.905635579427,3.43673574924469,39.726367998394,-57.9321497523652,-61.4597273759239,0.782399835667216,-1.56369269880137,0.169682912668563,0.0559177111442152,33.8737440754596,55.2746452353054,39.5648574702353,10.797726503648
2010-04-08,-57.9333333333333,-61.4166666666667,0.731620572010676,345.867424519857,2.25604294538498,39.726367998394,-57.9321497523652,-61.4597273759239,0.762995569441552,-1.56848617469458,0.181091786999451,0.0457639964087341,33.878585657679,58.656348576223,39.5648574702353,15.8917975970335
2010-04-09,-57.9333333333333,-61.4166666666667,0.703989639878273,345.912521362305,2.9452661951383,39.726367998394,-57.9321497523652,-61.4597273759239,0.744703739405351,-1.57965181913591,0.160004185512662,0.0810782718507195,33.8825611602095,59.1749339247108,39.5648574702353,13.054444048768
2010-04-10,-57.9333333333333,-61.4166666666667,0.70839878420035,346.133997599284,4.46568388938904,39.726367998394,-57.9321497523652,-61.4597273759239,0.709706121369412,-1.58937873248767,0.151273138148892,0.03654419388482,33.8848615087065,60.7610932938138,39.5648574702353,3.80577093742523
2010-04-11,-57.9333333333333,-61.4166666666667,0.701850414276123,346.184702555339,3.20865086714427,39.726367998394,-57.9321497523652,-61.4597273759239,0.717311427277282,-1.58965294208742,0.198654844614684,0.0121706898387213,33.8755740832565,54.0103070323629,39.5648574702353,32.4153773025821
2010-04-12,-57.9333333333333,-61.4166666666667,0.707678404450417,346.338470458984,4.65198171138763,39.726367998394,-57.9321497523652,-61.4597273759239,0.688209159621843,-1.59693493296329,0.192399697308254,0.0857730738930684,33.884310987659,57.6369615533298,39.5648574702353,31.5722013241809
2010-04-13,-57.9333333333333,-61.4166666666667,0.719915442665418,346.606265258789,3.15887670119603,39.726367998394,-57.9321497523652,-61.4597273759239,0.647049099234934,-1.59751547010321,0.174086297056953,0.0452683573322637,33.8956121573771,60.8488629025624,39.5648574702353,12.1824070180265
2010-04-14,-57.9333333333333,-61.4166666666667,0.721028469006221,346.835717773438,4.55931397279104,39.726367998394,-57.9321497523652,-61.4597273759239,0.630764604931263,-1.59840349102379,0.183826980033987,0.0503830761557683,33.8987786716088,58.5410437225399,39.5648574702353,17.6540227616202
2010-04-15,-57.9333333333333,-61.4166666666667,0.729454614718755,346.966772460937,5.44885279337565,39.726367998394,-57.9321497523652,-61.4597273759239,0.610253413032768,-1.59157238956681,0.215979262010047,0.0362000002392701,33.9025704520089,56.906697000776,39.5648574702353,41.9357645742861
2010-04-16,-57.9333333333333,-61.4166666666667,0.730785837769508,347.049748738607,4.29661303758621,39.726367998394,-57.9321497523652,-61.4597273759239,0.586633461954674,-1.58580141408103,0.122668345605856,-0.0156952334021715,33.8948719626979,47.7104142088639,39.5648574702353,17.8996964654696
2010-04-17,-57.9333333333333,-61.4166666666667,0.721187766393026,347.120533243815,5.32266427675883,39.726367998394,-57.9321497523652,-61.4597273759239,0.59994687420085,-1.58371674163001,0.162379121029736,-0.0151146931671783,33.8770713662743,42.2520751630453,39.5648574702353,24.6165486724391
2010-04-18,-57.9333333333333,-61.4166666666667,0.718117345372836,347.271171061198,4.83141157627106,39.726367998394,-57.9321497523652,-61.4597273759239,0.581908370067078,-1.58465295402627,0.162679717728966,0.00249425715353704,33.8708873834825,41.0233035195143,39.5648574702353,15.8531686979278
2010-04-19,-57.9333333333333,-61.4166666666667,0.712530433138212,347.411225382487,4.31564438343048,39.726367998394,-57.9321497523652,-61.4597273759239,0.533264161892852,-1.57662979462989,0.110254425751536,0.0188549317951713,33.8744498518177,43.1527155252328,39.5648574702353,4.2360149203751
2010-04-20,-57.9333333333333,-61.4166666666667,0.690991503000259,347.420420328776,3.49193463722865,39.726367998394,-57.9321497523652,-61.4597273759239,0.485748907817262,-1.56498227890273,0.066064541893346,0.0353234538150237,33.8758266707112,46.6640650491069,39.5648574702353,17.5989444772939
2010-04-21,-57.9333333333333,-61.4166666666667,0.678498389323552,347.549333699544,4.15860597292582,39.726367998394,-57.9321497523652,-61.4597273759239,0.392557770770071,-1.55637514322324,0.0873035885869784,0.052556085855441,33.8844946094025,50.3756210391683,39.5648574702353,7.36458567531796
2010-04-22,-57.9333333333333,-61.4166666666667,0.661010406414668,347.767835489909,1.42829708456993,39.726367998394,-57.9321497523652,-61.4597273759239,0.336649697946202,-1.55855962835756,0.144953741068791,0.0458213621820498,33.887661238362,49.4531818009857,39.5648574702353,2.05789483553032
2010-04-23,-57.9333333333333,-61.4166666666667,0.636931025981903,348.106087239583,1.69185817639033,39.726367998394,-57.9321497523652,-61.4597273759239,0.317878748773408,-1.56700269844299,0.162411246840891,0.0851168111106731,33.9071080917703,50.9819755876871,39.5648574702353,15.5071298231976
2010-04-24,-57.9333333333333,-61.4166666666667,0.627256841460864,348.54623819987,2.08042837778727,39.726367998394,-57.9321497523652,-61.4597273759239,0.281025238083045,-1.58083010526528,0.113700951694658,0.0300710573372312,33.9118121871375,41.2825962547073,39.5648574702353,1.59350026888863
2010-04-25,-57.9333333333333,-61.4166666666667,0.621592352787654,348.64384765625,3.640003434817,39.726367998394,-57.9321497523652,-61.4597273759239,0.210005685883133,-1.58648291297425,0.0700181802188544,0.0352890344994857,33.9247308315191,52.729905988937,39.5648574702353,15.360337797294
2010-04-26,-57.9333333333333,-61.4166666666667,0.569628072778384,347.657232666016,1.43686368862788,39.726367998394,-57.9321497523652,-61.4597273759239,0.143050370023663,-1.5781144177107,0.0149999622227554,-0.0564959564463312,33.915047351579,53.2525067831341,39.5648574702353,110.812929213736
2010-04-27,-57.9333333333333,-61.4166666666667,0.524999430775642,347.197241210937,2.22065369288127,39.726367998394,-57.9321497523652,-61.4597273759239,0.0692359630886773,-1.58218967107902,0.0486322774558811,0.0339030809140295,33.9051400665054,55.7588110866403,39.5648574702353,29.4814821189991
2010-04-28,-57.9333333333333,-61.4166666666667,0.507950308918953,347.104645792643,1.19743425250053,39.726367998394,-57.9321497523652,-61.4597273759239,0.0227367679371422,-1.57385215409716,0.137108419650703,0.0149448910742102,33.8996788110948,52.237708984461,39.5648574702353,5.01550906597064
2010-04-29,-57.9333333333333,-61.4166666666667,0.498628808061282,347.264053344727,1.95198546648026,39.726367998394,-57.9321497523652,-61.4597273759239,0.0108992580072324,-1.5706454156933,0.130135054412977,0.0430425713889133,33.8939308223868,46.5556440998737,39.5648574702353,0.151174133647527
2010-04-30,-57.9333333333333,-61.4166666666667,0.501661549011866,347.62516784668,2.49860275189082,39.726367998394,-57.9321497523652,-61.4597273759239,-0.0379046578996612,-1.56603092582602,0.0345524595420163,0.0321660500047798,33.8956345723088,48.1636026676436,39.5648574702353,41.3806637953822
2010-05-01,-57.9333333333333,-61.4166666666667,0.50772370994091,347.960815429688,2.81633185545603,39.726367998394,-57.9321497523652,-61.4597273759239,-0.151565683039283,-1.56241115322687,0.0628497724638398,0.0344193713893568,33.8967762567047,50.0543736300074,39.5648574702353,19.6203260759127
2010-05-02,-57.9333333333333,-61.4166666666667,0.515207893649737,348.254296875,2.55706250667572,39.726367998394,-57.9321497523652,-61.4597273759239,-0.262506202255425,-1.55899216447558,0.0662917095775667,0.0219412019574328,33.8975394973181,49.2598595906021,39.5648574702353,19.5360367968776
2010-05-03,-57.9333333333333,-61.4166666666667,0.518824757138888,348.439455159505,2.18928818702698,39.726367998394,-57.9321497523652,-61.4597273759239,-0.37243065887824,-1.55248919510304,0.100449493827116,0.0191899468856198,33.9000578858799,47.2417370466361,39.5648574702353,6.05291798181545
2010-05-04,-57.9333333333333,-61.4166666666667,0.501422930757205,348.409763590495,1.23172823985418,39.726367998394,-57.9321497523652,-61.4597273759239,-0.436070701233426,-1.55273013500343,0.0454909364111665,-0.00860254826458325,33.8963349277812,46.7386405844437,39.5648574702353,45.2901531541926
2010-05-05,-57.9333333333333,-61.4166666666667,0.469759368896484,348.668476359049,0.789966736237208,39.726367998394,-57.9321497523652,-61.4597273759239,-0.513073717965219,-1.5516355920555,0.104192026967841,-0.0262344449870568,33.8817754903234,43.973617510688,39.5648574702353,26.8466959687728
2010-05-06,-57.9333333333333,-61.4166666666667,0.451855317751567,349.285935465495,1.20681358575821,39.726367998394,-57.9321497523652,-61.4597273759239,-0.512737785459013,-1.54243758925818,0.140747694018528,0.0292908850693165,33.8599249187269,35.3372230565638,39.5648574702353,2.37810588003644
2010-05-07,-57.9333333333333,-61.4166666666667,0.45630142390728,350.062692260742,1.81192019383113,39.726367998394,-57.9321497523652,-61.4597273759239,-0.544637659102454,-1.53672512133319,0.0877762812336809,0.0538846734855184,33.8589552542321,35.5563598288629,39.5648574702353,7.30989892491829
2010-05-08,-57.9333333333333,-61.4166666666667,0.456949861844381,350.966338094076,1.36492104530334,39.726367998394,-57.9321497523652,-61.4597273759239,-0.560173188273172,-1.52681923002229,0.1441299711123,0.0219205505725809,33.8532416121404,35.5844690208148,39.5648574702353,4.33995251235738
2010-05-09,-57.9333333333333,-61.4166666666667,0.445248044530551,352.072837320964,0.529244831204414,39.726367998394,-57.9321497523652,-61.4597273759239,-0.536104409850406,-1.53451195336822,0.210706214665582,0.0920144534368712,33.8691605446034,39.1698204305835,39.5648574702353,48.4297497256762
2010-05-10,-57.9333333333333,-61.4166666666667,0.430988800525665,353.005035400391,0.670046832164129,39.726367998394,-57.9321497523652,-61.4597273759239,-0.509568450566297,-1.55386711825105,0.211353298472731,0.0730218442535042,33.8883664554223,43.4831414939766,39.5648574702353,41.6917982652263
2010-05-11,-57.9333333333333,-61.4166666666667,0.437239647905032,353.541749064128,1.84795142014821,39.726367998394,-57.9321497523652,-61.4597273759239,-0.53746741595573,-1.56684781106791,0.124146084196137,0.0562573156942775,33.904331365026,48.9954040534514,39.5648574702353,0.740578309909989
2010-05-12,-57.9333333333333,-61.4166666666667,0.443443105618159,353.774401855469,1.23494964440664,39.726367998394,-57.9321497523652,-61.4597273759239,-0.567439805828315,-1.56520141694779,0.0575606619196951,-0.00929552497328224,33.9062531693537,48.3150478986869,39.5648574702353,36.821104831614
2010-05-13,-57.9333333333333,-61.4166666666667,0.440587156017621,353.622748819987,1.64263965686162,39.726367998394,-57.9321497523652,-61.4597273759239,-0.628056447952986,-1.56419751921991,0.0661471477828752,0.00802200832369184,33.9029031050833,49.0980886122338,39.5648574702353,23.6738898088623
2010-05-14,-57.9333333333333,-61.4166666666667,0.447594287991524,353.866455078125,1.45729157924652,39.726367998394,-57.9321497523652,-61.4597273759239,-0.67703934630057,-1.55996852351311,0.113189250720959,0.0648759262482251,33.912580619181,50.9848438241428,39.5648574702353,2.82490795921526
2010-05-15,-57.9333333333333,-61.4166666666667,0.444640610615412,354.26723836263,0.660762941837311,39.726367998394,-57.9321497523652,-61.4597273759239,-0.722792325947518,-1.55767619296124,0.153338300120226,-0.00265258610864779,33.9092878040515,47.5916673581403,39.5648574702353,15.0192220897338
2010-05-16,-57.9333333333333,-61.4166666666667,0.431317653258642,354.840693155924,0.739879584312439,39.726367998394,-57.9321497523652,-61.4597273759239,-0.693128335632776,-1.57291365297217,0.180458470016606,0.0775812634904134,33.9197856644939,49.1778267200728,39.5648574702353,21.1275646560705
2010-05-17,-57.9333333333333,-61.4166666666667,0.421006848414739,355.675282796224,0.432176368435224,39.726367998394,-57.9321497523652,-61.4597273759239,-0.674610714042993,-1.58706115914467,0.176259307512887,0.0137746324972775,33.9307080605873,51.9457180159433,39.5648574702353,17.8701198475164
2010-05-18,-57.9333333333333,-61.4166666666667,0.409525699416796,356.164989217122,0.655027051766713,39.726367998394,-57.9321497523652,-61.4597273759239,-0.660217909604535,-1.59443608396932,0.116775749615373,-0.00528681552723834,33.9269161798004,48.6334269925168,39.5648574702353,12.5131277957005
2010-05-19,-57.9333333333333,-61.4166666666667,0.410724458098412,356.80639444987,1.22854826450348,39.726367998394,-57.9321497523652,-61.4597273759239,-0.671262396177403,-1.60282293791161,0.129088705573651,0.0624895165429304,33.9231530239708,47.692630764237,39.5648574702353,1.78517833846574
2010-05-20,-57.9333333333333,-61.4166666666667,0.418115150928497,357.323768107096,1.25393087466558,39.726367998394,-57.9321497523652,-61.4597273759239,-0.711326545398486,-1.59959440213397,0.101975419705636,0.0129164429731611,33.9273866639101,54.0843082980106,39.5648574702353,7.45352678893111
2010-05-21,-57.9333333333333,-61.4166666666667,0.410646775364876,357.491555786133,0.447476149598757,39.726367998394,-57.9321497523652,-61.4597273759239,-0.694309607036132,-1.59437183195487,0.167140468310817,-0.0219480860418171,33.9129936677173,45.0417653922748,39.5648574702353,30.8020122927604
2010-05-22,-57.9333333333333,-61.4166666666667,0.398094789187113,357.794216918945,0.786566881338755,39.726367998394,-57.9321497523652,-61.4597273759239,-0.688282087837395,-1.59995924350911,0.188478183967615,0.0441623486130309,33.9185064645638,50.3389070661444,39.5648574702353,20.3132047637282
2010-05-23,-57.9333333333333,-61.4166666666667,0.390889430046082,358.229128011068,0.600238075852394,39.726367998394,-57.9321497523652,-61.4597273759239,-0.681472560740951,-1.60890140658931,0.195977018165745,0.0311265850817799,33.9318613324847,55.1903175303811,39.5648574702353,26.215760314392
2010-05-24,-57.9333333333333,-61.4166666666667,0.381577429175377,358.51005859375,0.622699803113937,39.726367998394,-57.9321497523652,-61.4597273759239,-0.669937942541183,-1.60824399066151,0.144207988228453,-0.0158191431677879,33.932234154608,50.9154313560715,39.5648574702353,19.8475584309662
2010-05-25,-57.9333333333333,-61.4166666666667,0.377141096194585,358.92219543457,0.735962088902791,39.726367998394,-57.9321497523652,-61.4597273759239,-0.675144901737235,-1.60866734273452,0.15254206519882,0.0675812888946524,33.9315630403676,48.5433628684596,39.5648574702353,6.62145190276989
2010-05-26,-57.9333333333333,-61.4166666666667,0.373708365360896,359.397157796224,0.631261265277863,39.726367998394,-57.9321497523652,-61.4597273759239,-0.723929545372949,-1.60619374415032,0.145261220844056,0.0926385913884505,33.9512451430012,59.0820011375542,39.5648574702353,13.8849759113321
2010-05-27,-57.9333333333333,-61.4166666666667,0.361717335383097,359.551042683919,0.295363509654999,39.726367998394,-57.9321497523652,-61.4597273759239,-0.7304747327602,-1.60178003051227,0.207252803797785,0.0533706775229228,33.9582037674753,58.7693587174093,39.5648574702353,34.471926854083
2010-05-28,-57.9333333333333,-61.4166666666667,0.338522080580393,357.776560465495,0.636261862516403,39.726367998394,-57.9321497523652,-61.4597273759239,-0.761438397088445,-1.60869946963805,0.177356137943111,0.149976675181573,33.9956748216672,68.4142407582219,39.5648574702353,69.8903808795413
2010-05-29,-57.9333333333333,-61.4166666666667,0.328313757975896,357.684380086263,0.323675411939621,39.726367998394,-57.9321497523652,-61.4597273759239,-0.810878382589584,-1.59712538504063,0.141771096778207,0.0378658980887411,34.0078648588711,69.8862430314372,39.5648574702353,1.64481381498921
2010-05-30,-57.9333333333333,-61.4166666666667,0.324836571017901,358.397958374023,0.541601104537646,39.726367998394,-57.9321497523652,-61.4597273759239,-0.835467582358454,-1.61072447873596,0.0657547669331158,0.118659636019764,34.0132055641117,68.2507489032315,39.5648574702353,45.1904860008666
2010-05-31,-57.9333333333333,-61.4166666666667,0.323022730151812,359.067119344076,0.271061167617639,39.726367998394,-57.9321497523652,-61.4597273759239,-0.864817669517116,-1.61636696184488,0.089602802396941,0.0528452083664505,34.0237608314457,67.8532052936411,39.5648574702353,6.55515114177146
2010-06-01,-57.9333333333333,-61.4166666666667,0.315679944554965,359.490166219076,0.279063846667608,39.726367998394,-57.9321497523652,-61.4597273759239,-0.854425772352326,-1.61718499346783,0.0953531324359259,0.0438571632244533,34.0300481839288,62.5032873906587,39.5648574702353,4.31805136254468
2010-06-02,-57.9333333333333,-61.4166666666667,0.310829366246859,359.643633015951,0.579282603661219,39.726367998394,-57.9321497523652,-61.4597273759239,-0.836257850541208,-1.63075654981728,0.126796375806058,0.00951121971571356,34.0295376598387,56.8516261165303,39.5648574702353,6.00359641849774
2010-06-03,-57.9333333333333,-61.4166666666667,0.308757043878237,359.618955485026,0.600400966405868,39.726367998394,-57.9321497523652,-61.4597273759239,-0.833738354251797,-1.64112710863128,0.10745039393187,0.0122739479673984,34.0318954152272,57.6472874153826,39.5648574702353,6.55950993319941
2010-06-04,-57.9333333333333,-61.4166666666667,0.306033939123154,359.626381429036,0.448435480395953,39.726367998394,-57.9321497523652,-61.4597273759239,-0.83750520937873,-1.65018628593674,0.108939605253868,0.0330357128488166,34.0287173565169,54.0854559876865,39.5648574702353,1.86042079837251
2010-06-05,-57.9333333333333,-61.4166666666667,0.301262683669726,359.502363077799,0.380669823288918,39.726367998394,-57.9321497523652,-61.4597273759239,-0.85482779033202,-1.64367070233912,0.0624046155104512,0.0210394144926528,34.0257916844877,56.6766610002159,39.5648574702353,22.087404538659
2010-06-06,-57.9333333333333,-61.4166666666667,0.298938343922297,359.290625,0.573488040765126,39.726367998394,-57.9321497523652,-61.4597273759239,-0.883258190818299,-1.63659981363698,0.0263950686789769,0.0127145158252994,34.0189708623671,55.0543613039461,39.5648574702353,53.2837176086955
2010-06-07,-57.9333333333333,-61.4166666666667,0.299180575211843,359.410557047526,0.45422066450119,39.726367998394,-57.9321497523652,-61.4597273759239,-0.920582558651616,-1.61707714625767,0.104664719796606,0.0462894654391628,34.0139571024959,55.6326065672968,39.5648574702353,2.03889238094461
2010-06-08,-57.9333333333333,-61.4166666666667,0.294510129094124,359.895383707682,0.160546825577815,39.726367998394,-57.9321497523652,-61.4597273759239,-0.946008836640451,-1.61118454547753,0.153492039937834,0.0370971985525431,34.0051457684739,54.2024814885362,39.5648574702353,4.37888374219397
2010-06-09,-57.9333333333333,-61.4166666666667,0.281869106988112,360.304825846354,0.0535662074883779,39.726367998394,-57.9321497523652,-61.4597273759239,-0.922733079445989,-1.62061889772128,0.192599330111442,0.050692850317722,34.0027994428362,56.0353132549085,39.5648574702353,23.2421044550953
2010-06-10,-57.9333333333333,-61.4166666666667,0.271760370830695,360.905621337891,0.119337409486373,39.726367998394,-57.9321497523652,-61.4597273759239,-0.944152943845978,-1.62567281185236,0.156385562669738,0.064522553935535,34.0071018907361,61.7913800038789,39.5648574702353,7.09250541306924
2010-06-11,-57.9333333333333,-61.4166666666667,0.263812404870987,361.488813273112,0.0770884145051241,39.726367998394,-57.9321497523652,-61.4597273759239,-0.950274083399235,-1.62386464983001,0.176078033024319,0.0300917091702384,34.0051630206574,61.1609318453567,39.5648574702353,14.1596672035597
2010-06-12,-57.9333333333333,-61.4166666666667,0.254774956405163,361.927517700195,0.0544504561771949,39.726367998394,-57.9321497523652,-61.4597273759239,-0.927697728451033,-1.62408263970138,0.181006885896948,0.0156241000763008,33.9974875485987,51.4300011441224,39.5648574702353,19.8849840191745
2010-06-13,-57.9333333333333,-61.4166666666667,0.246853665014108,362.376630655924,0.123219696929057,39.726367998394,-57.9321497523652,-61.4597273759239,-0.938053828208966,-1.62766684087596,0.195944892690706,0.0555390978750206,33.9981128577899,57.0185600474365,39.5648574702353,26.0052294385913
2010-06-14,-57.9333333333333,-61.4166666666667,0.240983645617962,362.244991048177,0.236877705653508,39.726367998394,-57.9321497523652,-61.4597273759239,-0.957455342201362,-1.63205760403683,0.19847586441477,0.0988340777506058,34.0112954620132,65.6756062973711,39.5648574702353,42.1636293635656
2010-06-15,-57.9333333333333,-61.4166666666667,0.239247592290243,362.778410847982,0.232930116852125,39.726367998394,-57.9321497523652,-61.4597273759239,-1.0009366464346,-1.6340929345977,0.126011613714404,0.101644993472592,34.0186783783418,68.6844333275816,39.5648574702353,16.5643572058335
2010-06-16,-57.9333333333333,-61.4166666666667,0.237909051775932,363.503669230143,0.22312251329422,39.726367998394,-57.9321497523652,-61.4597273759239,-1.03177089440195,-1.63123613327069,0.162867876876118,0.0586620822997021,34.0183514616543,67.8245224379059,39.5648574702353,8.32896945665861
2010-06-17,-57.9333333333333,-61.4166666666667,0.236651441454887,363.966142781576,0.251165017485619,39.726367998394,-57.9321497523652,-61.4597273759239,-1.04599022305101,-1.63859613631901,0.133703196281217,0.0594697900508579,34.0200839508745,67.8922136815867,39.5648574702353,1.5826721015908
2010-06-18,-57.9333333333333,-61.4166666666667,0.231380997101466,363.897481282552,0.151458871116241,39.726367998394,-57.9321497523652,-61.4597273759239,-1.07149360300903,-1.65297654696873,0.0128269523830342,0.0589351425353522,34.0217647122261,68.4337454379949,39.5648574702353,63.7221223619861
2010-06-19,-57.9333333333333,-61.4166666666667,0.222842606902122,363.400560506185,0.180493654310703,39.726367998394,-57.9321497523652,-61.4597273759239,-1.10185975105243,-1.65951508283615,0.00902475946043667,0.0506125387308517,34.0228833793698,70.2791973522731,39.5648574702353,67.1613154531865
2010-06-20,-57.9333333333333,-61.4166666666667,0.219323792556922,363.476514689128,0.240723820527395,39.726367998394,-57.9321497523652,-61.4597273759239,-1.12530622558486,-1.65479963076742,0.13662884312969,0.0936665835097096,34.0215811191645,69.8954213794909,39.5648574702353,12.990282626315
2010-06-21,-57.9333333333333,-61.4166666666667,0.218442995846272,363.890190633138,0.193853722016017,39.726367998394,-57.9321497523652,-61.4597273759239,-1.14994774142602,-1.65030560771325,0.157523696107748,0.0614729975735335,34.0225735857971,70.2539562569525,39.5648574702353,6.8829057658027
2010-06-22,-57.9333333333333,-61.4166666666667,0.216576618452867,364.215937296549,0.191065393388271,39.726367998394,-57.9321497523652,-61.4597273759239,-1.15428733646421,-1.64445087111982,0.181314365630199,0.0131757354181736,34.0179441781869,63.5639777111828,39.5648574702353,20.7856711836749
2010-06-23,-57.9333333333333,-61.4166666666667,0.213036405046781,364.346024576823,0.108319695045551,39.726367998394,-57.9321497523652,-61.4597273759239,-1.14617813171301,-1.63960003359873,0.132413616950127,-0.00457777633310709,34.0151848757177,55.9314815944299,39.5648574702353,12.1428340333714
2010-06-24,-57.9333333333333,-61.4166666666667,0.204799366990725,363.651769002279,0.0439287489900986,39.726367998394,-57.9321497523652,-61.4597273759239,-1.11932276290162,-1.63055806903911,0.0958694229672726,-0.051266506566365,34.0013251340479,51.6623320722939,39.5648574702353,49.6426574784014
2010-06-25,-57.9333333333333,-61.4166666666667,0.199483315646648,363.204032389323,0.152862809598446,39.726367998394,-57.9321497523652,-61.4597273759239,-1.13001204343667,-1.62813609300699,0.103616076290495,0.0539007361109992,33.9937126761989,47.53200710985,39.5648574702353,2.71109072832098
2010-06-26,-57.9333333333333,-61.4166666666667,0.197189208865166,363.164981079102,0.0892572623987993,39.726367998394,-57.9321497523652,-61.4597273759239,-1.15661684014743,-1.62968381499886,0.109568332525012,0.00904311631855212,33.9936726362185,47.6645217981554,39.5648574702353,7.29625471677631
2010-06-27,-57.9333333333333,-61.4166666666667,0.193501842518648,363.328083292643,0.0685971944282452,39.726367998394,-57.9321497523652,-61.4597273759239,-1.14946587170873,-1.63191533671286,0.127654565484228,0.00756996715987535,33.9852283592511,40.3934291681849,39.5648574702353,6.71525908048164
2010-06-28,-57.9333333333333,-61.4166666666667,0.19146508226792,363.631292724609,0.124876776089271,39.726367998394,-57.9321497523652,-61.4597273759239,-1.16745756219204,-1.64434302301335,0.115541241530861,0.0241096225336082,33.9799104991712,35.848350904938,39.5648574702353,2.42140447589791
2010-06-29,-57.9333333333333,-61.4166666666667,0.188621355096499,363.710670979818,0.0648315165191889,39.726367998394,-57.9321497523652,-61.4597273759239,-1.16850115863004,-1.65242699124759,0.0381412529631665,-0.0260554643529922,33.9767094518905,38.3431817786138,39.5648574702353,62.1061668706809
2010-06-30,-57.9333333333333,-61.4166666666667,0.184801140924295,363.182136027018,0.118397752195597,39.726367998394,-57.9321497523652,-61.4597273759239,-1.18433407173121,-1.65770692171011,0.0378888446165431,0.0122096983617858,33.9747648024021,46.8946750863154,39.5648574702353,42.8005003726857
2010-07-01,-57.9333333333333,-61.4166666666667,0.182867672542731,362.863590494792,0.11294052451849,39.726367998394,-57.9321497523652,-61.4597273759239,-1.23418709165172,-1.64604449137709,0.0854128177340766,-0.0211495564816366,33.9688103181079,45.5041323496883,39.5648574702353,29.0213924721797
2010-07-02,-57.9333333333333,-61.4166666666667,0.179861596226692,362.66103108724,0.0547226006786029,39.726367998394,-57.9321497523652,-61.4597273759239,-1.25412554534754,-1.64003716599672,0.049566190143613,-0.0462229212227845,33.9596605516018,43.7504653966516,39.5648574702353,69.0475416533916
2010-07-03,-57.9333333333333,-61.4166666666667,0.177094010512034,362.665455118815,0.0997224286198616,39.726367998394,-57.9321497523652,-61.4597273759239,-1.26103970744556,-1.64415715870104,0.0831136042322207,0.0158558572201352,33.950332885398,43.181398337945,39.5648574702353,12.6526028140754
2010-07-04,-57.9333333333333,-61.4166666666667,0.176586219668388,363.021079508464,0.175069866577784,39.726367998394,-57.9321497523652,-61.4597273759239,-1.2881979700318,-1.65048917881528,0.0840245699299906,0.0713834818312548,33.9629646960954,49.5988905591176,39.5648574702353,12.0100027421352
2010-07-05,-57.9333333333333,-61.4166666666667,0.176702365775903,363.018284098307,0.205961415668329,39.726367998394,-57.9321497523652,-61.4597273759239,-1.31068896082111,-1.64957362189329,0.0442334815887804,0.046638248390273,33.9803465506188,56.7191115537084,39.5648574702353,32.4381602886424
2010-07-06,-57.9333333333333,-61.4166666666667,0.177209044496218,362.890697224935,0.172485429545244,39.726367998394,-57.9321497523652,-61.4597273759239,-1.32212169860539,-1.64442563505101,0.0948827340078533,0.0267736817100891,33.9945906158677,62.5623737026874,39.5648574702353,5.95835925387326
2010-07-07,-57.9333333333333,-61.4166666666667,0.176901371280352,362.902996826172,0.12875830406944,39.726367998394,-57.9321497523652,-61.4597273759239,-1.35864753830702,-1.63813033005349,0.140203868284037,-0.020807657474862,33.9909422307982,60.4754125731332,39.5648574702353,22.261752810844
2010-07-08,-57.9333333333333,-61.4166666666667,0.174572449922562,363.255634562174,0.0653638614962498,39.726367998394,-57.9321497523652,-61.4597273759239,-1.4259966083039,-1.63074508286957,0.168283191446523,-0.022182137628359,33.9507862607339,29.619018013316,39.5648574702353,31.4479326309819
2010-07-09,-57.9333333333333,-61.4166666666667,0.171584641436736,363.836467488607,0.0828128238519033,39.726367998394,-57.9321497523652,-61.4597273759239,-1.46993224692524,-1.62865697306798,0.136810118472554,0.00121156185081131,33.9104068153783,14.3815612864674,39.5648574702353,9.9262526747361
2010-07-10,-57.9333333333333,-61.4166666666667,0.171041734516621,364.452389526367,0.155805830160777,39.726367998394,-57.9321497523652,-61.4597273759239,-1.45446555955069,-1.62856633143317,0.122392990241261,0.0652476552929869,33.9501953125,34.8369950387711,39.5648574702353,2.26332524455
2010-07-11,-57.9333333333333,-61.4166666666667,0.170477536817392,365.091020711263,0.0917110718786716,39.726367998394,-57.9321497523652,-61.4597273759239,-1.45879414162241,-1.63433387360178,0.115116735584194,0.0549264332573665,33.9657355000202,50.4668323832347,39.5648574702353,1.04886995570615
2010-07-12,-57.9333333333333,-61.4166666666667,0.169549147288005,365.653186035156,0.154743714382251,39.726367998394,-57.9321497523652,-61.4597273759239,-1.44638388900829,-1.64871198924861,0.0804288927045532,0.0726340525692567,33.9747074958973,57.031754102922,39.5648574702353,13.8876197990133
2010-07-13,-57.9333333333333,-61.4166666666667,0.170539883275827,365.934726969401,0.204190644125144,39.726367998394,-57.9321497523652,-61.4597273759239,-1.44103098901591,-1.64925008071096,0.0704358020251183,0.0316520542102425,33.9862841412537,63.9322648155958,39.5648574702353,15.5193282644319
2010-07-14,-57.9333333333333,-61.4166666666667,0.170576158662637,366.380622355143,0.133347783237696,39.726367998394,-57.9321497523652,-61.4597273759239,-1.46053713470473,-1.64400915543836,0.138012501222074,0.0771957666970285,33.9903971449773,65.4237708077395,39.5648574702353,6.35703102286914
2010-07-15,-57.9333333333333,-61.4166666666667,0.168971392512321,367.132215372721,0.0868565795322259,39.726367998394,-57.9321497523652,-61.4597273759239,-1.43883365796025,-1.64340223405594,0.145387425962695,0.0791507871135285,33.9958985981188,67.3799383945035,39.5648574702353,8.27397258009157
2010-07-16,-57.9333333333333,-61.4166666666667,0.167010884980361,367.399307250977,0.0798817484329144,39.726367998394,-57.9321497523652,-61.4597273759239,-1.43092822132254,-1.64216428143638,0.143108863103435,0.0045364732272867,34.0005566159585,70.9389016502782,39.5648574702353,9.51415214152221
2010-07-17,-57.9333333333333,-61.4166666666667,0.164920377234618,367.22824605306,0.111727025608222,39.726367998394,-57.9321497523652,-61.4597273759239,-1.40563686449725,-1.63843207072495,0.168519538148005,0.0964752041867801,34.011892132293,77.9891368392715,39.5648574702353,23.2985392334987
2010-07-18,-57.9333333333333,-61.4166666666667,0.163610947628816,367.625763956706,0.0823676598568757,39.726367998394,-57.9321497523652,-61.4597273759239,-1.37811513099455,-1.6360204210855,0.191006860520719,0.0248117777133795,34.0163895886643,79.7164157028485,39.5648574702353,23.817374197722
2010-07-19,-57.9333333333333,-61.4166666666667,0.163440380990505,367.998627726237,0.189738789945841,39.726367998394,-57.9321497523652,-61.4597273759239,-1.35208858000605,-1.65080698181812,0.190164733790141,0.0591393641819407,34.0221376921001,82.5967433362975,39.5648574702353,22.5330811957455
2010-07-20,-57.9333333333333,-61.4166666666667,0.163367982705434,368.164191691081,0.175552346309026,39.726367998394,-57.9321497523652,-61.4597273759239,-1.35697888476508,-1.66655843732949,0.163689352768032,0.0841117656572645,34.0290559037287,86.7396884358915,39.5648574702353,15.5896123064758
2010-07-21,-57.9333333333333,-61.4166666666667,0.164317533870538,368.43251953125,0.310307209690412,39.726367998394,-57.9321497523652,-61.4597273759239,-1.36494766052504,-1.67232597367208,0.165277232745088,0.0894674198856031,34.0311669658001,87.8755276436196,39.5648574702353,18.5069244668312
2010-07-22,-57.9333333333333,-61.4166666666667,0.167160209516684,368.59030456543,0.330976902445157,39.726367998394,-57.9321497523652,-61.4597273759239,-1.41301637843139,-1.65968603702416,0.102594968323645,0.0507203859690213,34.0247994473106,82.2812323175875,39.5648574702353,2.67091894534106
2010-07-23,-57.9333333333333,-61.4166666666667,0.169069328904152,368.609842936198,0.247902831435204,39.726367998394,-57.9321497523652,-61.4597273759239,-1.42720266213094,-1.65732486534836,0.157218511041282,0.0715670521069962,34.027036724234,85.1753283550865,39.5648574702353,9.04625597083975
2010-07-24,-57.9333333333333,-61.4166666666667,0.167496519784133,368.330541992187,0.120538025597731,39.726367998394,-57.9321497523652,-61.4597273759239,-1.43792498515065,-1.66059241214193,0.20161491027452,0.0570306041018855,34.0305933701365,85.8465059861205,39.5648574702353,30.3850563009351
2010-07-25,-57.9333333333333,-61.4166666666667,0.163989380002022,367.900146484375,0.123725361997883,39.726367998394,-57.9321497523652,-61.4597273759239,-1.42314668615958,-1.6608769445491,0.207865468401434,0.0321385144795242,34.0337483685716,84.6464171624721,39.5648574702353,35.2653126537502
2010-07-26,-57.9333333333333,-61.4166666666667,0.163354614377022,367.578184000651,0.222777684529622,39.726367998394,-57.9321497523652,-61.4597273759239,-1.42183048474161,-1.66056028344577,0.151663224149803,0.0348920640920786,34.0345687866211,83.3241396488104,39.5648574702353,4.04854060173576
2010-07-27,-57.9333333333333,-61.4166666666667,0.165275025367737,367.559954833984,0.274954330921173,39.726367998394,-57.9321497523652,-61.4597273759239,-1.4276955508648,-1.65105021403248,0.172585612485059,0.0130747718862573,34.029388599826,71.1999154449406,39.5648574702353,16.2596092715161
2010-07-28,-57.9333333333333,-61.4166666666667,0.168152637779713,367.68977355957,0.378086060285568,39.726367998394,-57.9321497523652,-61.4597273759239,-1.4486197744097,-1.64839762180371,0.120520577352858,0.08232425290503,34.0331001138329,78.1881957018286,39.5648574702353,7.39388224947943
2010-07-29,-57.9333333333333,-61.4166666666667,0.167338262995084,366.738471476237,0.304457131524881,39.726367998394,-57.9321497523652,-61.4597273759239,-1.4484105074316,-1.64962639665245,0.137239212926505,0.158026218792438,34.0505966530707,87.187714128566,39.5648574702353,65.6754308291351
2010-07-30,-57.9333333333333,-61.4166666666667,0.168028428157171,366.153713989258,0.324476230144501,39.726367998394,-57.9321497523652,-61.4597273759239,-1.43823063194304,-1.65043869547378,0.0469158987577697,0.0661012557916399,34.0699060052857,94.9785397106543,39.5648574702353,32.7024029273949
2010-07-31,-57.9333333333333,-61.4166666666667,0.17098811964194,365.876462809245,0.395365113019943,39.726367998394,-57.9321497523652,-61.4597273759239,-1.45838385999651,-1.65097104606772,0.0716955507440226,0.0914935733618817,34.0786143281406,96.6507474999679,39.5648574702353,25.2982699976662
2010-08-01,-57.9333333333333,-61.4166666666667,0.174331800142924,365.669865926107,0.360279713571072,39.726367998394,-57.9321497523652,-61.4597273759239,-1.4771548097295,-1.64917894861752,0.0613926860706923,0.0562963240492837,34.0837599101819,97.3867481704941,39.5648574702353,20.8075754231155
2010-08-02,-57.9333333333333,-61.4166666666667,0.17653603553772,365.600710042318,0.255689249932766,39.726367998394,-57.9321497523652,-61.4597273759239,-1.50794500381427,-1.64670878469496,0.133836284966061,0.0812549575519069,34.0832492283412,91.0558780082186,39.5648574702353,7.31566430306545
2010-08-03,-57.9333333333333,-61.4166666666667,0.175521214306355,365.577905273438,0.133431102335453,39.726367998394,-57.9321497523652,-61.4597273759239,-1.54669846269421,-1.65374869197831,0.195559395995355,0.0678887685438744,34.0674048545665,59.4640565205337,39.5648574702353,27.9065541320273
2010-08-04,-57.9333333333333,-61.4166666666667,0.175858150422573,365.541948445638,0.278988984723886,39.726367998394,-57.9321497523652,-61.4597273759239,-1.53844331753881,-1.66682460926529,0.144754109357981,0.10841643131037,34.0706919333092,80.435207198437,39.5648574702353,22.6849976449848
2010-08-05,-57.9333333333333,-61.4166666666667,0.181941785415014,365.613869222005,0.484690338373184,39.726367998394,-57.9321497523652,-61.4597273759239,-1.55056720075751,-1.66920413872353,0.108629831301987,0.0550113344719087,34.0675540579889,77.6810834103061,39.5648574702353,1.89270678033048
2010-08-06,-57.9333333333333,-61.4166666666667,0.190576105813185,365.641733805339,0.602623079220454,39.726367998394,-57.9321497523652,-61.4597273759239,-1.57092419020215,-1.65661926780428,0.118900571774719,0.0114960700721669,34.0589262453237,61.9428251488765,39.5648574702353,5.48603006583132
2010-08-07,-57.9333333333333,-61.4166666666667,0.199623134732246,365.565868123372,0.658421018719673,39.726367998394,-57.9321497523652,-61.4597273759239,-1.60787132539247,-1.64217345562196,0.0979735940218644,0.049015479764544,34.0501837336031,52.1648549244816,39.5648574702353,3.70276767939663
2010-08-08,-57.9333333333333,-61.4166666666667,0.205509085953236,365.656575520833,0.403091057638327,39.726367998394,-57.9321497523652,-61.4597273759239,-1.61296814635284,-1.64244766566986,0.126339745392701,0.0286736312721457,34.0462770103512,49.4434297532964,39.5648574702353,1.20290288081354
2010-08-09,-57.9333333333333,-61.4166666666667,0.211062636971474,365.973743693034,0.680460927883784,39.726367998394,-57.9321497523652,-61.4597273759239,-1.62881206345737,-1.64614774947776,0.126612805334249,0.0256332532691776,34.0413091415749,49.0860419058262,39.5648574702353,1.72293092765802
2010-08-10,-57.9333333333333,-61.4166666666667,0.21802682330211,365.914667765299,0.622342270612717,39.726367998394,-57.9321497523652,-61.4597273759239,-1.64423470075865,-1.66118327701898,0.0556148209686118,0.0691186871827769,34.048296175505,60.2809429025291,39.5648574702353,27.020308300096
2010-08-11,-57.9333333333333,-61.4166666666667,0.212335199117661,364.393297322591,0.257007124026616,39.726367998394,-57.9321497523652,-61.4597273759239,-1.63428887702469,-1.65780215066178,-0.0318861054466631,-0.0052592798899439,34.0527018353455,72.1464483827577,39.5648574702353,134.840123888739
2010-08-12,-57.9333333333333,-61.4166666666667,0.213699699938297,363.670855712891,0.590135182936986,39.726367998394,-57.9321497523652,-61.4597273759239,-1.6252517283411,-1.658910448838,0.00160164790774198,0.0614385780619275,34.0728369547908,83.4331346275215,39.5648574702353,77.3173549895786
2010-08-13,-57.9333333333333,-61.4166666666667,0.219638871649901,363.845723470052,0.345113399624825,39.726367998394,-57.9321497523652,-61.4597273759239,-1.64448527196296,-1.65912729501724,0.0911585580193459,0.0454955253666057,34.0755677043943,78.2708024333294,39.5648574702353,5.64806887448782
2010-08-14,-57.9333333333333,-61.4166666666667,0.226243395109971,364.439439900716,0.621572982271512,39.726367998394,-57.9321497523652,-61.4597273759239,-1.65144624925198,-1.66199213266373,0.0563422165867081,0.0780906703715262,34.0824285951772,82.9386429356453,39.5648574702353,29.1671645297097
2010-08-15,-57.9333333333333,-61.4166666666667,0.231271138290564,364.894615681966,0.406434688468774,39.726367998394,-57.9321497523652,-61.4597273759239,-1.66690192052296,-1.64280562875862,0.143228183507471,0.0522623739128274,34.0781491215068,71.2618704164835,39.5648574702353,2.04218108328413
2010-08-16,-57.9333333333333,-61.4166666666667,0.235478817423185,365.134909057617,0.81174584031105,39.726367998394,-57.9321497523652,-61.4597273759239,-1.66540674159401,-1.64951740350938,0.0853944608339466,0.101954767872628,34.0876488362936,78.8375741808038,39.5648574702353,24.4751056698297
2010-08-17,-57.9333333333333,-61.4166666666667,0.245375236372153,364.881384277344,1.01896320581436,39.726367998394,-57.9321497523652,-61.4597273759239,-1.65433747562251,-1.6385869563074,0.0330999624124147,0.0505138697396768,34.1087136949812,93.0940788563033,39.5648574702353,42.1944910112144
2010-08-18,-57.9333333333333,-61.4166666666667,0.257084723810355,364.396564737956,1.08414194484552,39.726367998394,-57.9321497523652,-61.4597273759239,-1.65124248606818,-1.64132329978441,0.0776523968162841,0.0369113339321282,34.1158730786546,95.4225492477417,39.5648574702353,11.3444050497994
2010-08-19,-57.9333333333333,-61.4166666666667,0.269993027547995,364.082397460938,0.968141794204712,39.726367998394,-57.9321497523652,-61.4597273759239,-1.64970324810286,-1.64871772608363,0.103012589457676,0.030116950126743,34.1219079870927,97.6425989373286,39.5648574702353,3.33810269654848
2010-08-20,-57.9333333333333,-61.4166666666667,0.279972227414449,363.62046101888,0.762001266082128,39.726367998394,-57.9321497523652,-61.4597273759239,-1.6602741255796,-1.64842975274064,0.130408114900714,-0.0453578479083857,34.1199002086668,92.9718903598929,39.5648574702353,40.1755547407408
2010-08-21,-57.9333333333333,-61.4166666666667,0.294340455035369,363.656162516276,1.17052423854669,39.726367998394,-57.9321497523652,-61.4597273759239,-1.71832446630736,-1.64509107430178,0.135222237935304,0.00742311132861707,34.0861001839315,45.3303144282864,39.5648574702353,7.27597688921218
2010-08-22,-57.9333333333333,-61.4166666666667,0.312920579314232,363.917157999674,1.17775471607844,39.726367998394,-57.9321497523652,-61.4597273759239,-1.73686686090957,-1.64257731070196,0.110667458406292,-0.0208214252374898,34.074391702064,12.6106845884395,39.5648574702353,22.0650282839305
2010-08-23,-57.9333333333333,-61.4166666666667,0.335102646052837,364.146271769206,1.97389982144038,39.726367998394,-57.9321497523652,-61.4597273759239,-1.7691852768561,-1.64922254470954,0.12322593955113,0.0108030933634679,34.0540958203767,12.347376314321,39.5648574702353,5.55537405579243
2010-08-24,-57.9333333333333,-61.4166666666667,0.357674925525983,364.325977579753,2.48905245761077,39.726367998394,-57.9321497523652,-61.4597273759239,-1.76596638134548,-1.64482145694862,0.147289669253212,-0.000362550657718701,34.0554840546802,15.7560417311532,39.5648574702353,12.4278436525649
2010-08-25,-57.9333333333333,-61.4166666666667,0.375952241321405,364.37204284668,2.06331641077995,39.726367998394,-57.9321497523652,-61.4597273759239,-1.76218024904567,-1.65002337030898,0.158453019643973,-0.00513307561159582,34.0566027074828,21.7937735184691,39.5648574702353,17.8032737861725
2010-08-26,-57.9333333333333,-61.4166666666667,0.385146544873714,364.346250406901,1.02476638257504,39.726367998394,-57.9321497523652,-61.4597273759239,-1.76923209294341,-1.66140470334462,0.129719727847697,-0.027136232437832,34.0470513652142,23.5761232662918,39.5648574702353,25.4980978467032
2010-08-27,-57.9333333333333,-61.4166666666667,0.397900454203288,364.401301066081,1.94617695510387,39.726367998394,-57.9321497523652,-61.4597273759239,-1.7804748335279,-1.66804191358107,0.0696808705876644,0.018577282155927,34.0414697173843,25.1737559254008,39.5648574702353,18.4146184409549
2010-08-28,-57.9333333333333,-61.4166666666667,0.412488049268723,363.917625935872,2.26841028134028,39.726367998394,-57.9321497523652,-61.4597273759239,-1.77388008375813,-1.66963438073495,0.0653991004998298,0.0343115242492211,34.0542222073204,36.453558122305,39.5648574702353,18.0855528122654
2010-08-29,-57.9333333333333,-61.4166666666667,0.430683756868045,363.670694986979,2.2081261853377,39.726367998394,-57.9321497523652,-61.4597273759239,-1.78858404051989,-1.6571596506843,0.118980883543653,0.0289834054901188,34.0538435484234,31.0841359231705,39.5648574702353,1.30858543587517
2010-08-30,-57.9333333333333,-61.4166666666667,0.438631398479144,363.622545369466,1.19951200783253,39.726367998394,-57.9321497523652,-61.4597273759239,-1.78092366143277,-1.64896554740748,0.169483279963409,-0.0130839504553635,34.0531552106814,36.163861687022,39.5648574702353,26.3609731575655
2010-08-31,-57.9333333333333,-61.4166666666667,0.44343330959479,363.893016560872,1.59659565488497,39.726367998394,-57.9321497523652,-61.4597273759239,-1.78350924504431,-1.66484090708252,0.0787125134602525,0.058751572707766,34.0506885069654,36.6606480627132,39.5648574702353,11.6654766703591
2010-09-01,-57.9333333333333,-61.4166666666667,0.459991580247879,363.854530843099,2.11520135998726,39.726367998394,-57.9321497523652,-61.4597273759239,-1.77715955685852,-1.67741430791697,0.0932650240768391,0.0453830885707884,34.0691258279901,48.6449003112047,39.5648574702353,4.96138242491041
2010-09-02,-57.9333333333333,-61.4166666666667,0.471894833445549,363.638858032227,1.65252444346746,39.726367998394,-57.9321497523652,-61.4597273759239,-1.78510354649752,-1.68333099838486,0.163856860390283,0.0136415443166082,34.0594368411186,35.8460564003851,39.5648574702353,12.2899395388808
2010-09-03,-57.9333333333333,-61.4166666666667,0.48048266073068,363.758878580729,2.68378587563833,39.726367998394,-57.9321497523652,-61.4597273759239,-1.78684378969938,-1.68676834626305,0.152062489280015,0.0651191565719314,34.0593852566597,39.1526106353989,39.5648574702353,5.94147398712571
2010-09-04,-57.9333333333333,-61.4166666666667,0.498728115359942,363.787857055664,3.0421992679437,39.726367998394,-57.9321497523652,-61.4597273759239,-1.80472534401972,-1.68143219293508,0.106748238808118,0.0139352561751927,34.0544001500409,34.702759538378,39.5648574702353,6.16841629911289
2010-09-05,-57.9333333333333,-61.4166666666667,0.51335927049319,363.42448425293,2.56138290365537,39.726367998394,-57.9321497523652,-61.4597273759239,-1.77774606701127,-1.6816478824257,0.0713857765400544,0.0549700310859913,34.072694090076,50.4909257422713,39.5648574702353,14.8236502032769
2010-09-06,-57.9333333333333,-61.4166666666667,0.511575344204903,362.299329630534,2.23300398985545,39.726367998394,-57.9321497523652,-61.4597273759239,-1.75915409927081,-1.68432686293036,0.00890543886033216,0.0324597620034128,34.0967990617107,67.1803061012039,39.5648574702353,67.7651414857974
2010-09-07,-57.9333333333333,-61.4166666666667,0.507558846473694,361.271614583333,2.14283764362335,39.726367998394,-57.9321497523652,-61.4597273759239,-1.74466492000379,-1.69642297800322,0.0610530812685427,0.0885426860050599,34.1086335289747,74.6246431859812,39.5648574702353,30.1548045382443
2010-09-08,-57.9333333333333,-61.4166666666667,0.51784329811732,361.22219543457,2.6862743139267,39.726367998394,-57.9321497523652,-61.4597273759239,-1.74056488499606,-1.68960564387472,0.056195360643411,0.0430724016369734,34.1115419057975,77.4091704447467,39.5648574702353,23.4966968401313
2010-09-09,-57.9333333333333,-61.4166666666667,0.546091426412264,361.531666056315,3.01892143885295,39.726367998394,-57.9321497523652,-61.4597273759239,-1.74761948235949,-1.69112697803885,0.108395779491367,0.0305116255592583,34.1071935524618,65.4822837571452,39.5648574702353,2.2589880759425
2010-09-10,-57.9333333333333,-61.4166666666667,0.576722569266955,361.644216918945,2.74160992105802,39.726367998394,-57.9321497523652,-61.4597273759239,-1.75788195644106,-1.69458268952549,0.129621058800503,0.0241440417511123,34.0985657397966,56.6439625446061,39.5648574702353,2.11065687348315
2010-09-11,-57.9333333333333,-61.4166666666667,0.617936961849531,361.709075927734,4.53097906907399,39.726367998394,-57.9321497523652,-61.4597273759239,-1.78934126330498,-1.69158246284141,0.101709242994176,0.017207391153937,34.0714376492608,32.9823642816759,39.5648574702353,6.26839959403961
2010-09-12,-57.9333333333333,-61.4166666666667,0.67912009259065,362.175853474935,6.39955837726593,39.726367998394,-57.9321497523652,-61.4597273759239,-1.77937616934454,-1.67625207963743,0.137519157330569,0.0249058573849891,34.0671810781149,21.9004734799378,39.5648574702353,2.65898051430677
2010-09-13,-57.9333333333333,-61.4166666666667,0.75070818066597,362.780307006836,7.77435663143794,39.726367998394,-57.9321497523652,-61.4597273759239,-1.78497412912828,-1.67678672075272,0.133652714256169,0.00450893770203106,34.0569184238749,22.0846172167843,39.5648574702353,8.23509689035315
2010-09-14,-57.9333333333333,-61.4166666666667,0.806964523593585,362.724137369792,4.11450174848239,39.726367998394,-57.9321497523652,-61.4597273759239,-1.77738259968005,-1.67630026215001,0.146663236984969,-0.0190683317167642,34.0502123438326,22.0995323066425,39.5648574702353,22.3554238721207
2010-09-15,-57.9333333333333,-61.4166666666667,0.85953124165535,362.629322306315,6.12642620404561,39.726367998394,-57.9321497523652,-61.4597273759239,-1.81469044425434,-1.68839867491471,0.080144359219007,0.0296281949946083,34.0143302114386,11.9968723246926,39.5648574702353,10.9909557976695
2010-09-16,-57.9333333333333,-61.4166666666667,0.941241536537806,362.883659871419,7.45442972183228,39.726367998394,-57.9321497523652,-61.4597273759239,-1.79876667081862,-1.6860971647994,0.146034510077951,-0.00125974894298199,34.0207092313838,14.3706619076263,39.5648574702353,12.555634129873
2010-09-17,-57.9333333333333,-61.4166666666667,1.02270572185516,363.206154378255,10.5288724263509,39.726367998394,-57.9321497523652,-61.4597273759239,-1.82353209015122,-1.67327135846131,0.0802453228069427,0.0305070362677027,34.0080773489816,17.5183137556664,39.5648574702353,10.8226464189374
2010-09-18,-57.9333333333333,-61.4166666666667,1.04975808858871,362.527815755208,5.57499744494756,39.726367998394,-57.9321497523652,-61.4597273759239,-1.79108150426606,-1.66224912548424,0.161862831436714,-0.0404014584181228,34.0104235742325,18.8635375625209,39.5648574702353,42.594515339991
2010-09-19,-57.9333333333333,-61.4166666666667,1.05423549612363,362.192192586263,5.00718073050181,39.726367998394,-57.9321497523652,-61.4597273759239,-1.78464094947155,-1.67017590909972,0.164643916616538,-0.00544973381591919,34.0021858502151,20.642445474639,39.5648574702353,20.2384942460616
2010-09-20,-57.9333333333333,-61.4166666666667,1.1071073393027,362.595362345378,6.7627166668574,39.726367998394,-57.9321497523652,-61.4597273759239,-1.80134949110504,-1.67769195262651,0.144834420496696,0.00135382864260136,33.982675638414,17.3880937583464,39.5648574702353,11.1558766856086
2010-09-21,-57.9333333333333,-61.4166666666667,1.17926975687345,363.144704182943,6.4791069428126,39.726367998394,-57.9321497523652,-61.4597273759239,-1.81115212834867,-1.6787015903265,0.0589259640222653,-0.00763651127821969,33.9562876565116,11.7599523587334,39.5648574702353,35.0411304141962
2010-09-22,-57.9333333333333,-61.4166666666667,1.25674169063568,363.868705240885,10.0451254208883,39.726367998394,-57.9321497523652,-61.4597273759239,-1.80377537191362,-1.67447259596416,0.0676501276237624,0.0445271936714425,33.974512430062,18.9134456340532,39.5648574702353,16.2968102361121
2010-09-23,-57.9333333333333,-61.4166666666667,1.31233175396919,364.293795776367,5.96556499004364,39.726367998394,-57.9321497523652,-61.4597273759239,-1.79652527669319,-1.662034583271,0.12466007992065,0.00544055544288087,33.9824462259622,23.2359451709833,39.5648574702353,7.47337735686864
2010-09-24,-57.9333333333333,-61.4166666666667,1.3736640950044,364.672043863932,11.0227617740631,39.726367998394,-57.9321497523652,-61.4597273759239,-1.83359631335825,-1.66321516574774,0.0641209944326403,0.0126617394835877,33.9593854201467,19.8582574227699,39.5648574702353,23.3152282126066
2010-09-25,-57.9333333333333,-61.4166666666667,1.43807874123255,364.910106404622,11.2196559111277,39.726367998394,-57.9321497523652,-61.4597273759239,-1.78410125540611,-1.65384965866132,-0.00460301724759708,-0.000126204348372338,33.995164369282,27.5125523689098,39.5648574702353,93.4277094342587
2010-09-26,-57.9333333333333,-61.4166666666667,1.50654675165812,365.439827473958,9.45762209892273,39.726367998394,-57.9321497523652,-61.4597273759239,-1.78784883784172,-1.65205067351348,0.0755206904745192,0.0329760525207546,34.0040503480381,28.9902907780239,39.5648574702353,12.7312675099401
2010-09-27,-57.9333333333333,-61.4166666666667,1.59402282238007,366.362086995443,9.95659590562185,39.726367998394,-57.9321497523652,-61.4597273759239,-1.79275290948108,-1.6627332944619,0.0725032589013191,0.00973379829044181,33.9872711296368,24.7928482213415,39.5648574702353,19.5487501058761
2010-09-28,-57.9333333333333,-61.4166666666667,1.66313152511915,367.09789835612,9.40377162297567,39.726367998394,-57.9321497523652,-61.4597273759239,-1.75254007075962,-1.67134846690902,0.102409103409128,-0.0133615999825691,33.9888829109364,22.080027902933,39.5648574702353,19.0032459461032
2010-09-29,-57.9333333333333,-61.4166666666667,1.70822801589966,367.712915039063,10.6666353861491,39.726367998394,-57.9321497523652,-61.4597273759239,-1.71853923887238,-1.68387711496281,0.0968377546764406,0.0664546283424125,34.0080659192308,29.8656901667889,39.5648574702353,6.39080897793182
2010-09-30,-57.9333333333333,-61.4166666666667,1.67368487715721,367.34784749349,5.47184989054998,39.726367998394,-57.9321497523652,-61.4597273759239,-1.68964899841108,-1.68473989802196,0.153090480827075,0.0182720970474464,34.0234513390333,34.9127175216388,39.5648574702353,7.35472143164813
2010-10-01,-57.9333333333333,-61.4166666666667,1.5581886947155,365.982057698568,7.5190195719401,39.726367998394,-57.9321497523652,-61.4597273759239,-1.66260087355635,-1.69533991186242,0.148106555839566,0.0794559722080043,34.0428753185989,41.694481369248,39.5648574702353,8.97981942339062
2010-10-02,-57.9333333333333,-61.4166666666667,1.61460950573285,366.41112874349,12.3192608118057,39.726367998394,-57.9321497523652,-61.4597273759239,-1.63975467628106,-1.69147347417989,0.073441760558495,0.0569112836838441,34.0508548908664,40.4295694128911,39.5648574702353,13.9776721480388
2010-10-03,-57.9333333333333,-61.4166666666667,1.76952328880628,367.996572875977,18.0367817083995,39.726367998394,-57.9321497523652,-61.4597273759239,-1.57300587256152,-1.67974334775953,0.0638984163760915,0.0317163035357581,34.0373626508211,26.9050504641425,39.5648574702353,19.2750704967287
2010-10-04,-57.9333333333333,-61.4166666666667,1.92937095562617,369.908539835612,22.127325852712,39.726367998394,-57.9321497523652,-61.4597273759239,-1.58129130494326,-1.6769966814751,0.0696693971136907,0.0348392878904154,34.0357392103152,24.5031517753027,39.5648574702353,15.592449444248
2010-10-05,-57.9333333333333,-61.4166666666667,2.07173622846603,371.803879801432,24.6313871383667,39.726367998394,-57.9321497523652,-61.4597273759239,-1.5307994659682,-1.67447030499465,0.0811677619226669,0.0300664683397775,34.0424624708362,34.9534471088782,39.5648574702353,10.4773338333152
2010-10-06,-57.9333333333333,-61.4166666666667,2.15408191680908,372.601843261719,21.4579123179118,39.726367998394,-57.9321497523652,-61.4597273759239,-1.50367699664338,-1.67054764130958,0.101901991614946,-0.0379439152048943,34.0366511810991,32.7947789134836,39.5648574702353,36.2649843757939
2010-10-07,-57.9333333333333,-61.4166666666667,2.10648141304652,371.977444458008,14.4387163798014,39.726367998394,-57.9321497523652,-61.4597273759239,-1.48591384986289,-1.67383239547113,0.139763300202059,-0.0248691432346079,34.0254361145478,30.1674333945253,39.5648574702353,24.9133464494958
2010-10-08,-57.9333333333333,-61.4166666666667,2.05604413350423,371.234479777018,11.3911393960317,39.726367998394,-57.9321497523652,-61.4597273759239,-1.46666929148194,-1.66906301643615,0.166862819007689,-0.0198026118533952,34.0153570246876,30.3257623937793,39.5648574702353,29.2906096904179
2010-10-09,-57.9333333333333,-61.4166666666667,1.90070655345917,369.286728922526,6.82758007049561,39.726367998394,-57.9321497523652,-61.4597273759239,-1.4647252828555,-1.67419953543441,0.221121515728589,0.0206424446034252,34.012144590679,36.6807260513306,39.5648574702353,49.199234539099
2010-10-10,-57.9333333333333,-61.4166666666667,1.8607594927152,368.653110758464,10.6152109781901,39.726367998394,-57.9321497523652,-61.4597273759239,-1.45634623622536,-1.68031700347599,0.192484598872917,0.0513284614491732,34.0185065448732,43.6575330217978,39.5648574702353,23.2082290096297
2010-10-11,-57.9333333333333,-61.4166666666667,1.91176514625549,369.005173746745,12.1499653975169,39.726367998394,-57.9321497523652,-61.4597273759239,-1.44573680933257,-1.69118434952614,0.171190481226807,0.0864224525350601,34.0309031780501,50.1966402512744,39.5648574702353,19.7438438493605
2010-10-12,-57.9333333333333,-61.4166666666667,1.86410426894824,368.235071818034,5.9739399433136,39.726367998394,-57.9321497523652,-61.4597273759239,-1.43164964457204,-1.70314967139323,0.220788795641042,0.0585932437386504,34.0371617482121,51.6743784596149,39.5648574702353,47.1775193464636
2010-10-13,-57.9333333333333,-61.4166666666667,1.84930057525635,367.857672119141,12.1504629770915,39.726367998394,-57.9321497523652,-61.4597273759239,-1.4314128397999,-1.71309228319871,0.152626966399358,0.0973081523342464,34.0489157913323,54.6969733632597,39.5648574702353,18.0433274817532
2010-10-14,-57.9333333333333,-61.4166666666667,1.93921561638514,368.627432250977,13.618123515447,39.726367998394,-57.9321497523652,-61.4597273759239,-1.43611315228885,-1.70654915553287,0.11197080558404,0.0912388702504393,34.0597178093473,58.223238095305,39.5648574702353,11.9248353485812
2010-10-15,-57.9333333333333,-61.4166666666667,1.94691585699717,368.654249064128,8.17351663907369,39.726367998394,-57.9321497523652,-61.4597273759239,-1.41630411327333,-1.70439794189052,0.175568624980804,0.058425735780283,34.0623681491479,55.3446312703584,39.5648574702353,13.9439868108806
2010-10-16,-57.9333333333333,-61.4166666666667,1.84091189901034,366.622101847331,11.0438380161921,39.726367998394,-57.9321497523652,-61.4597273759239,-1.3996341259856,-1.70748995255707,0.125825749654183,0.126374164582195,34.0897889244825,63.0000733755585,39.5648574702353,33.8498519953699
2010-10-17,-57.9333333333333,-61.4166666666667,1.83952990174294,366.219133504232,9.27193653583527,39.726367998394,-57.9321497523652,-61.4597273759239,-1.35802523085946,-1.70124512955658,0.122358571639971,-0.0193781063268731,34.0989618516506,61.518319398837,39.5648574702353,20.1766474707688
2010-10-18,-57.9333333333333,-61.4166666666667,1.84143541256587,366.320078531901,11.0625702381134,39.726367998394,-57.9321497523652,-61.4597273759239,-1.31445581662027,-1.69668800490243,0.151261664772952,-0.0268494045655978,34.0895595980766,54.9843748494198,39.5648574702353,28.687321711906
2010-10-19,-57.9333333333333,-61.4166666666667,1.82484087944031,366.173009236654,10.6593978404999,39.726367998394,-57.9321497523652,-61.4597273759239,-1.26486163479941,-1.68762309210641,0.14515796312152,-0.0494537531097132,34.0748624729931,50.5448495284059,39.5648574702353,45.8475296733511
2010-10-20,-57.9333333333333,-61.4166666666667,1.85260557929675,366.626416015625,16.1014251391093,39.726367998394,-57.9321497523652,-61.4597273759239,-1.19004493414011,-1.69165245437981,0.120137374778103,0.00377006846991249,34.0664987492382,43.932314417416,39.5648574702353,8.2390162178091
2010-10-21,-57.9333333333333,-61.4166666666667,1.92344858845075,367.765536499023,13.5989157835642,39.726367998394,-57.9321497523652,-61.4597273759239,-1.1230317907674,-1.69119582364434,0.133684838974946,0.0444491763872311,34.0651678214396,44.7360067367554,39.5648574702353,0.400712038467884
2010-10-22,-57.9333333333333,-61.4166666666667,1.86564684907595,367.769498697917,5.90599118073781,39.726367998394,-57.9321497523652,-61.4597273759239,-1.108848258965,-1.68417656869817,0.169061069663866,0.0303991889174944,34.064680228556,48.9959778032805,39.5648574702353,10.7608358658562
2010-10-23,-57.9333333333333,-61.4166666666667,1.77025836110115,367.232954915365,9.57455134391785,39.726367998394,-57.9321497523652,-61.4597273759239,-1.08580380207614,-1.68356619248713,0.207590113723076,0.0439099396081795,34.0657127925328,52.9673998230382,39.5648574702353,34.321417660172
2010-10-24,-57.9333333333333,-61.4166666666667,1.80878883401553,367.614562988281,13.3752110799154,39.726367998394,-57.9321497523652,-61.4597273759239,-1.03360200376439,-1.68605012777156,0.202303298419916,0.0549218438817818,34.068305653737,53.9581039901963,39.5648574702353,30.6662185383312
2010-10-25,-57.9333333333333,-61.4166666666667,1.86379022796949,368.360368855794,13.2428522109985,39.726367998394,-57.9321497523652,-61.4597273759239,-0.98228685109687,-1.69318640949135,0.194118372563805,0.0929713115880364,34.0702274150418,54.3166391975001,39.5648574702353,36.0085235208012
2010-10-26,-57.9333333333333,-61.4166666666667,1.90513671636581,369.151514689128,14.6920669078827,39.726367998394,-57.9321497523652,-61.4597273759239,-0.951532456099539,-1.69211022925556,0.158898175981148,0.0882696258814487,34.0777710075665,58.2702776112951,39.5648574702353,15.5882359640371
2010-10-27,-57.9333333333333,-61.4166666666667,1.88561562697093,369.369853719076,12.5246798197428,39.726367998394,-57.9321497523652,-61.4597273759239,-0.894517456006287,-1.6845471451157,0.215671782640922,0.0137906949547,34.0726482563449,51.8327076309606,39.5648574702353,45.9372510457304
2010-10-28,-57.9333333333333,-61.4166666666667,1.85502246022224,369.570388793945,12.4728933175405,39.726367998394,-57.9321497523652,-61.4597273759239,-0.811707202989356,-1.681772943278,0.191798505730423,0.0648460960561844,34.0703306843464,49.2524021729491,39.5648574702353,24.6363327181394
2010-10-29,-57.9333333333333,-61.4166666666667,1.83056598305702,370.152762858073,14.8088906129201,39.726367998394,-57.9321497523652,-61.4597273759239,-0.739371450435846,-1.67887138917034,0.180502068125328,0.0448851550796202,34.0643188075015,43.0064331642667,39.5648574702353,15.550466728175
2010-10-30,-57.9333333333333,-61.4166666666667,1.77092007199923,370.335797119141,13.797856871287,39.726367998394,-57.9321497523652,-61.4597273759239,-0.735356774097098,-1.68734773433298,0.237360575733552,0.0675835831693016,34.0624085333114,47.2142015005413,39.5648574702353,66.1747268452737
2010-10-31,-57.9333333333333,-61.4166666666667,1.73765523930391,369.974638875326,12.0068984031677,39.726367998394,-57.9321497523652,-61.4597273759239,-0.727933203479401,-1.67937735328101,0.240924128338246,0.0874297928513217,34.0632001690398,53.6024372523889,39.5648574702353,76.8811997694613
2010-11-01,-57.9333333333333,-61.4166666666667,1.72753896812598,369.875439453125,12.6203141848246,39.726367998394,-57.9321497523652,-61.4597273759239,-0.696234339722117,-1.66531130335385,0.217328501165025,0.0678681167668866,34.063538572842,56.561929735026,39.5648574702353,45.688000854981
2010-11-02,-57.9333333333333,-61.4166666666667,1.69505725800991,369.968826293945,11.2816965977351,39.726367998394,-57.9321497523652,-61.4597273759239,-0.627522259054327,-1.65279757080222,0.215800280983847,0.0643412784666271,34.057624185892,52.8325905441342,39.5648574702353,43.5086953009475
2010-11-03,-57.9333333333333,-61.4166666666667,1.61814567148685,369.632108561198,9.84623788197835,39.726367998394,-57.9321497523652,-61.4597273759239,-0.570141039032461,-1.63978819605103,0.212186246480149,0.0185359789520726,34.0502124872423,48.0006842362253,39.5648574702353,41.5027679832033
2010-11-04,-57.9333333333333,-61.4166666666667,1.56646286845207,369.522278849284,14.9965758482615,39.726367998394,-57.9321497523652,-61.4597273759239,-0.474532282049943,-1.62647937070158,0.210839302230038,0.0601880074359645,34.0463459760623,40.0320255738452,39.5648574702353,38.3598748178819
2010-11-05,-57.9333333333333,-61.4166666666667,1.51205488443375,369.754526774089,16.5906822045644,39.726367998394,-57.9321497523652,-61.4597273759239,-0.368275553072081,-1.61337247244398,0.185281771466248,0.0196947643351286,34.0461394661351,35.746240042206,39.5648574702353,21.3053613596794
2010-11-06,-57.9333333333333,-61.4166666666667,1.39489749570688,368.887831624349,7.59784753322601,39.726367998394,-57.9321497523652,-61.4597273759239,-0.374352638686734,-1.61006821232631,0.230896617362934,0.0068609280497732,34.0420436428902,39.8507502132789,39.5648574702353,63.2811165275404
2010-11-07,-57.9333333333333,-61.4166666666667,1.34712249934673,368.160873413086,10.5043976624807,39.726367998394,-57.9321497523652,-61.4597273759239,-0.368941911881355,-1.61168478081997,0.230724521219394,0.0606033347715113,34.0482048235442,45.4238203916335,39.5648574702353,57.5258199980695
2010-11-08,-57.9333333333333,-61.4166666666667,1.36013048887253,368.148438517253,12.4440054257711,39.726367998394,-57.9321497523652,-61.4597273759239,-0.348959401249886,-1.6304077689809,0.206305123753566,0.0751764969129984,34.0573489110273,52.12584585534,39.5648574702353,38.0931412834563
2010-11-09,-57.9333333333333,-61.4166666666667,1.37315859893958,368.324917602539,13.2306540330251,39.726367998394,-57.9321497523652,-61.4597273759239,-0.350143429171994,-1.64756926378809,0.157537463394211,0.120229158942637,34.0693613210119,60.0979465757097,39.5648574702353,34.3556736767039
2010-11-10,-57.9333333333333,-61.4166666666667,1.38099136153857,368.510053507487,12.100021759669,39.726367998394,-57.9321497523652,-61.4597273759239,-0.301422120793197,-1.65238453974401,0.1911996094636,0.0823494937635006,34.0765434207773,59.3648139587919,39.5648574702353,29.3993639603277
2010-11-11,-57.9333333333333,-61.4166666666667,1.37025331060092,368.41806233724,12.0454891999563,39.726367998394,-57.9321497523652,-61.4597273759239,-0.245759112382294,-1.65237765563162,0.206883369671895,0.0583591918580066,34.0830716154629,56.5676660501867,39.5648574702353,34.7545967246187
2010-11-12,-57.9333333333333,-61.4166666666667,1.35237003266811,368.328438313802,12.5780809720357,39.726367998394,-57.9321497523652,-61.4597273759239,-0.176405455777071,-1.65018628683305,0.178730618264666,0.0549608527269579,34.0883205958775,50.267773570871,39.5648574702353,15.1649049587706
2010-11-13,-57.9333333333333,-61.4166666666667,1.33743786513805,368.470110066732,11.7340582370758,39.726367998394,-57.9321497523652,-61.4597273759239,-0.127951240573162,-1.64764613450918,0.177888489965546,0.0806009893662723,34.0917223593346,45.3957112534602,39.5648574702353,20.7852093057174
2010-11-14,-57.9333333333333,-61.4166666666667,1.32622274557749,368.323447672526,11.214745426178,39.726367998394,-57.9321497523652,-61.4597273759239,-0.133752969310696,-1.64571750522556,0.171169829141713,0.0716244172080791,34.1000231262436,56.8550678984563,39.5648574702353,14.5664936537521
2010-11-15,-57.9333333333333,-61.4166666666667,1.30892632603645,367.92373453776,10.4947721481323,39.726367998394,-57.9321497523652,-61.4597273759239,-0.0886498253540437,-1.65225603571512,0.178129426168656,0.0545065168683466,34.1006541574808,51.5780043351023,39.5648574702353,14.7938151658078
2010-11-16,-57.9333333333333,-61.4166666666667,1.27138129969438,367.578740437826,11.8260639508565,39.726367998394,-57.9321497523652,-61.4597273759239,-0.0168565235527834,-1.66480648876133,0.142427359700651,0.0176296017895964,34.0936784385739,31.0766783585226,39.5648574702353,5.06813493309132
2010-11-17,-57.9333333333333,-61.4166666666667,1.21850443085035,366.820496622721,11.514985537529,39.726367998394,-57.9321497523652,-61.4597273759239,-0.0246435621179136,-1.67444162081955,0.202122022558872,0.0144928503025295,34.0891465351994,34.5708184457363,39.5648574702353,34.3237425112332
2010-11-18,-57.9333333333333,-61.4166666666667,1.20271680255731,365.944300333659,10.3878492673238,39.726367998394,-57.9321497523652,-61.4597273759239,-0.0362304991349242,-1.6836120871673,0.18259706045676,0.0465671150644023,34.0968392307597,46.0749202133121,39.5648574702353,16.7679616727758
2010-11-19,-57.9333333333333,-61.4166666666667,1.19376363356908,365.370288085937,12.6168211619059,39.726367998394,-57.9321497523652,-61.4597273759239,0.0147597348611606,-1.68208386485738,0.174067940787041,-0.00976133374567319,34.0891236183339,35.1261176847874,39.5648574702353,26.6725708865664
2010-11-20,-57.9333333333333,-61.4166666666667,1.17337910532951,364.949544270833,12.2058830897013,39.726367998394,-57.9321497523652,-61.4597273759239,0.0290919612616973,-1.67746478543246,0.19089442389296,0.0377557558196604,34.0950952687658,43.3133392513246,39.5648574702353,22.0838029619753
2010-11-21,-57.9333333333333,-61.4166666666667,1.11213967204094,363.821783447266,7.69928462505341,39.726367998394,-57.9321497523652,-61.4597273759239,0.0595517280910696,-1.66270805435969,0.116594473418212,-0.043414300545714,34.0845974083234,36.6681055449005,39.5648574702353,38.6267791291185
2010-11-22,-57.9333333333333,-61.4166666666667,1.05215876996517,362.961251831055,11.10094435215,39.726367998394,-57.9321497523652,-61.4597273759239,0.0993212460071073,-1.66157565932525,0.139857379971702,0.0364271681475684,34.0837312139067,33.7493428251797,39.5648574702353,1.43724952394994
2010-11-23,-57.9333333333333,-61.4166666666667,1.02783825198809,362.654118855794,9.13752868175507,39.726367998394,-57.9321497523652,-61.4597273759239,0.176902510309802,-1.65976520140368,0.124490277659624,0.0148416330155573,34.0728145398592,20.8053638020852,39.5648574702353,4.28101138500757
2010-11-24,-57.9333333333333,-61.4166666666667,1.00608145793279,362.588501993815,11.5277230342229,39.726367998394,-57.9321497523652,-61.4597273759239,0.183031912024756,-1.66235697896857,0.100181023107099,0.0139306671217196,34.0821134667648,28.9644762519607,39.5648574702353,7.56695831719278
2010-11-25,-57.9333333333333,-61.4166666666667,1.00497849285603,362.867006429036,13.7638137420019,39.726367998394,-57.9321497523652,-61.4597273759239,0.259024377408108,-1.66564861589805,0.096936423527567,0.0506446632955755,34.0819471402276,24.7676073232091,39.5648574702353,4.07908178256552
2010-11-26,-57.9333333333333,-61.4166666666667,1.03075976371765,363.077955118815,13.1548382520676,39.726367998394,-57.9321497523652,-61.4597273759239,0.273962384972133,-1.66800978264414,0.14148656337669,0.0616152640712216,34.0951525752706,33.5915873212026,39.5648574702353,2.93600195080028
2010-11-27,-57.9333333333333,-61.4166666666667,1.05315103232861,362.884474690755,13.2643463929494,39.726367998394,-57.9321497523652,-61.4597273759239,0.287347388670857,-1.66971354242554,0.114923986585293,0.0501490243031342,34.1083753485429,38.4952007092928,39.5648574702353,0.664570426893403
2010-11-28,-57.9333333333333,-61.4166666666667,1.0516088138024,362.635129801432,12.9647845983505,39.726367998394,-57.9321497523652,-61.4597273759239,0.362268723155323,-1.66601575586133,0.127340201792636,0.0398071506445793,34.1130048278579,35.5121882696797,39.5648574702353,0.126029290685002
2010-11-29,-57.9333333333333,-61.4166666666667,1.05790328184764,362.722256469727,15.3863800843557,39.726367998394,-57.9321497523652,-61.4597273759239,0.474966006003376,-1.66827596354305,0.0777579494997075,0.0539512174918239,34.1136644693246,25.7497068276083,39.5648574702353,11.521350217545
2010-11-30,-57.9333333333333,-61.4166666666667,1.03781240383784,362.224439493815,13.2060727755229,39.726367998394,-57.9321497523652,-61.4597273759239,0.48871448070259,-1.6660157540687,0.0803577591966193,-0.000181275482912709,34.1138194521567,26.6962395789928,39.5648574702353,19.653458126011
2010-12-01,-57.9333333333333,-61.4166666666667,0.988558925191561,360.936463419596,8.89513398806254,39.726367998394,-57.9321497523652,-61.4597273759239,0.512246317321197,-1.66106395479432,0.0578153655353121,0.0164249240651839,34.09839957101,17.8797171062097,39.5648574702353,26.2240736827619
2010-12-02,-57.9333333333333,-61.4166666666667,0.969408931334813,360.279219563802,9.69482202529907,39.726367998394,-57.9321497523652,-61.4597273759239,0.525763492106943,-1.66680740324178,0.0194262933630244,0.0563559844473699,34.0832606437511,12.1167666535628,39.5648574702353,56.2050746437861
2010-12-03,-57.9333333333333,-61.4166666666667,1.00155445039272,360.541471354167,14.0372204462687,39.726367998394,-57.9321497523652,-61.4597273759239,0.506452847636284,-1.66550864178435,0.0698346101952003,0.0906606250463572,34.1045950552575,27.6496562419977,39.5648574702353,25.91141691124
2010-12-04,-57.9333333333333,-61.4166666666667,1.04955575962861,360.761717732747,15.2345532099406,39.726367998394,-57.9321497523652,-61.4597273759239,0.535472509052072,-1.65575648698592,0.0728910504875327,0.0677533856404007,34.1146340190916,34.5352517823528,39.5648574702353,16.2382945291404
2010-12-05,-57.9333333333333,-61.4166666666667,1.060542456309,361.111605834961,16.4745785713196,39.726367998394,-57.9321497523652,-61.4597273759239,0.674303732084152,-1.6428125110784,0.0472073155574333,0.0350710451042742,34.1142267643061,26.6635411090421,39.5648574702353,30.4638384129213
2010-12-06,-57.9333333333333,-61.4166666666667,1.01721191704273,360.286139933268,14.1401388327281,39.726367998394,-57.9321497523652,-61.4597273759239,0.670490066135736,-1.61853193654154,0.0478979977814103,-0.0428612963821655,34.1073774466837,28.4005721924,39.5648574702353,67.3356233035051
2010-12-07,-57.9333333333333,-61.4166666666667,0.930387364824613,358.60422668457,13.475363222758,39.726367998394,-57.9321497523652,-61.4597273759239,0.620045035965461,-1.60584151789658,0.0411495058692263,-0.044864503246613,34.1026504918149,34.7211163241164,39.5648574702353,74.5110763991883
2010-12-08,-57.9333333333333,-61.4166666666667,0.843268771966298,357.034737141927,9.63985911210378,39.726367998394,-57.9321497523652,-61.4597273759239,0.618943616523778,-1.6013394639008,0.0531985809732425,-0.0547703986469292,34.0990308603846,35.5374289993057,39.5648574702353,74.4686864921321
2010-12-09,-57.9333333333333,-61.4166666666667,0.751474937796593,355.565889485677,6.75392496585846,39.726367998394,-57.9321497523652,-61.4597273759239,0.603369537432839,-1.60785849336395,0.0386323030421832,-0.0496143767456139,34.086324433635,34.3098048661885,39.5648574702353,80.9854636470787
2010-12-10,-57.9333333333333,-61.4166666666667,0.6917992045482,354.736467488607,7.78636717001597,39.726367998394,-57.9321497523652,-61.4597273759239,0.591485217381689,-1.62215285462544,0.00270306765753076,0.0179783848527455,34.0790389498374,34.8421578873369,39.5648574702353,77.8763749452916
2010-12-11,-57.9333333333333,-61.4166666666667,0.68780891696612,354.993970743815,10.5962339083354,39.726367998394,-57.9321497523652,-61.4597273759239,0.621317175378029,-1.63387265510129,0.0906606250183475,0.0425010402091688,34.0800140638997,35.8999800000872,39.5648574702353,5.81960951036493
2010-12-12,-57.9333333333333,-61.4166666666667,0.691541116436323,355.719909667969,11.5933831055959,39.726367998394,-57.9321497523652,-61.4597273759239,0.755996046321733,-1.63370629360801,0.0547795772020306,0.00839144285572203,34.0786430244159,26.6818980740425,39.5648574702353,30.8479018570503
2010-12-13,-57.9333333333333,-61.4166666666667,0.661604994535446,354.980133056641,6.04806833267212,39.726367998394,-57.9321497523652,-61.4597273759239,0.730531218132578,-1.6383838868679,0.0460278779772439,-0.0294813390793209,34.0646744348053,27.8326525939138,39.5648574702353,58.0496659471737
2010-12-14,-57.9333333333333,-61.4166666666667,0.638312846422195,354.114452107747,7.20095075766246,39.726367998394,-57.9321497523652,-61.4597273759239,0.657977936747379,-1.64437515170951,0.025323479107224,0.0861470979827463,34.0657644486965,37.408122105706,39.5648574702353,58.2567487695885
2010-12-15,-57.9333333333333,-61.4166666666667,0.657411576310794,354.077857462565,10.3630701065063,39.726367998394,-57.9321497523652,-61.4597273759239,0.726169595704939,-1.63585176817457,0.0877257998948707,0.0327878932895741,34.0691260574456,33.135530712013,39.5648574702353,7.49000869684866
2010-12-16,-57.9333333333333,-61.4166666666667,0.669312676787376,353.833440144857,9.86090528170268,39.726367998394,-57.9321497523652,-61.4597273759239,0.76738748200854,-1.62616271049456,0.153400255101068,0.00245524858845804,34.0578824380287,32.3358539029172,39.5648574702353,12.7792878272181
2010-12-17,-57.9333333333333,-61.4166666666667,0.692990013957024,353.850638834635,10.7179072380066,39.726367998394,-57.9321497523652,-61.4597273759239,0.846904488994663,-1.63000161844985,0.099036005318613,0.0748162407820162,34.0598843653399,30.2896219984929,39.5648574702353,8.02028739177884
2010-12-18,-57.9333333333333,-61.4166666666667,0.722916261355082,354.481229654948,12.1775251229604,39.726367998394,-57.9321497523652,-61.4597273759239,0.92963489285089,-1.62906770957144,0.0815486696205641,0.0665349400133119,34.0591731537554,28.3397646810775,39.5648574702353,11.8434746873797
2010-12-19,-57.9333333333333,-61.4166666666667,0.734496819972992,354.523640950521,8.73648187319438,39.726367998394,-57.9321497523652,-61.4597273759239,0.964960182519784,-1.6257623071061,0.0744399220255533,0.00173014681086056,34.0489047057647,23.287574198013,39.5648574702353,21.6268298755895
2010-12-20,-57.9333333333333,-61.4166666666667,0.754462345441182,354.397085571289,11.5317622025808,39.726367998394,-57.9321497523652,-61.4597273759239,1.00229831185556,-1.62437978902257,0.100470145408036,0.0392633244199188,34.0444529683966,20.8655976245278,39.5648574702353,3.06201476242293
2010-12-21,-57.9333333333333,-61.4166666666667,0.775784533222516,354.350345865885,12.0203994274139,39.726367998394,-57.9321497523652,-61.4597273759239,1.05040833510851,-1.62397593932044,0.110224595797577,0.0277626651962449,34.046862336926,24.0149703133375,39.5648574702353,2.3881811675459
2010-12-22,-57.9333333333333,-61.4166666666667,0.798146574695905,354.417982991536,12.9908584276835,39.726367998394,-57.9321497523652,-61.4597273759239,1.0769663253673,-1.63202662934038,0.0636574806071314,0.0834600922924684,34.0573027761359,30.6120169144824,39.5648574702353,26.4004731390055
2010-12-23,-57.9333333333333,-61.4166666666667,0.804077557722727,354.337540690104,8.98837321599325,39.726367998394,-57.9321497523652,-61.4597273759239,1.12922869678727,-1.633519275296,0.0789121458432952,-0.00503670132922051,34.0471891245448,24.5593700588198,39.5648574702353,22.573486985504
2010-12-24,-57.9333333333333,-61.4166666666667,0.794428969422976,354.004601033529,10.3314769824346,39.726367998394,-57.9321497523652,-61.4597273759239,1.15505974498907,-1.63615236560205,0.0759084820047133,-0.00201009108888027,34.0355552443884,20.9952440369398,39.5648574702353,22.5536723274128
2010-12-25,-57.9333333333333,-61.4166666666667,0.793090290824572,353.912618001302,12.9246611913045,39.726367998394,-57.9321497523652,-61.4597273759239,1.2760452164295,-1.63533661822627,0.0828244807408716,-0.0041509762798485,34.0196935897483,17.6341921440641,39.5648574702353,20.425797706499
2010-12-26,-57.9333333333333,-61.4166666666667,0.783409548799197,354.228525797526,14.0355888207754,39.726367998394,-57.9321497523652,-61.4597273759239,1.58977640840344,-1.63558099951063,0.0600686874380685,0.0153579236589428,34.014318251072,10.7910468954789,39.5648574702353,25.0424495824107
2010-12-27,-57.9333333333333,-61.4166666666667,0.728195877869924,353.130144246419,7.98564286231995,39.726367998394,-57.9321497523652,-61.4597273759239,1.4211132293357,-1.63312231015442,0.0335129950811764,-0.079187500871774,33.9960416349253,15.0785537877477,39.5648574702353,117.612148829435
2010-12-28,-57.9333333333333,-61.4166666666667,0.681951548655828,351.75780843099,11.5208892186483,39.726367998394,-57.9321497523652,-61.4597273759239,1.37485083601529,-1.62870057453787,0.054371134146936,0.0158260270701091,33.9796235937821,16.9406418907911,39.5648574702353,28.755952284235
2010-12-29,-57.9333333333333,-61.4166666666667,0.68011505206426,351.638110351562,10.4581114768982,39.726367998394,-57.9321497523652,-61.4597273759239,1.48388039483164,-1.61328413567149,0.130169474288709,-0.0137310344025605,33.971563941554,14.1348893122565,39.5648574702353,16.8704448246305
2010-12-30,-57.9333333333333,-61.4166666666667,0.693399947881699,351.604578653971,9.65566985607147,39.726367998394,-57.9321497523652,-61.4597273759239,1.49589688661403,-1.61384746230635,0.129611880469479,0.0146901875146125,33.971059053464,17.5630587993708,39.5648574702353,4.4438357225596
2010-12-31,-57.9333333333333,-61.4166666666667,0.714619501431783,351.711469523112,10.8274333000183,39.726367998394,-57.9321497523652,-61.4597273759239,1.54131944152646,-1.61329446027153,0.1219180032919,0.0546143638964434,33.967313121136,17.2200124496804,39.5648574702353,0.592401150225685
2011-01-01,-57.9333333333333,-61.4166666666667,0.719404851396879,351.861010742187,12.0899411519368,39.726367998394,-57.9321497523652,-61.4597273759239,1.7571013668426,-1.61451290155712,0.107074075343465,0.0315143763598867,33.9595115632939,13.6266298939411,39.5648574702353,2.35249131083273
2011-01-02,-57.9333333333333,-61.4166666666667,0.740268112222354,351.777514648437,13.7866918087006,39.726367998394,-57.9321497523652,-61.4597273759239,1.66698870130051,-1.62134400211779,0.133990024559592,0.0916932058849729,33.9652825262313,17.9152838377128,39.5648574702353,11.7527226131092
2011-01-03,-57.9333333333333,-61.4166666666667,0.754972286025683,351.440842692057,14.4336465835571,39.726367998394,-57.9321497523652,-61.4597273759239,1.739685166151,-1.62443142188223,0.106840023826948,0.025842063997249,33.9707322801862,18.1860495653368,39.5648574702353,3.26896809850459
2011-01-04,-57.9333333333333,-61.4166666666667,0.751305820544561,351.122938028971,11.3683669567108,39.726367998394,-57.9321497523652,-61.4597273759239,1.88176557578539,-1.62578410268726,0.11207406299847,0.0583500131908664,33.955197800371,11.2998801030611,39.5648574702353,1.81714879216782
2011-01-05,-57.9333333333333,-61.4166666666667,0.782718401153882,351.238021850586,12.9813071886698,39.726367998394,-57.9321497523652,-61.4597273759239,1.81732700238551,-1.63003259897232,0.108627536565177,0.0917276249484236,33.9717247324779,18.6357960306612,39.5648574702353,12.6391903064087
2011-01-06,-57.9333333333333,-61.4166666666667,0.822512119015058,350.867465209961,13.2003444512685,39.726367998394,-57.9321497523652,-61.4597273759239,1.86423372057147,-1.63843321710601,0.101950178623087,0.0421889711703573,33.9773580651534,19.0218665581897,39.5648574702353,2.61502367637312
2011-01-07,-57.9333333333333,-61.4166666666667,0.860002805789312,350.801261393229,15.0413640975952,39.726367998394,-57.9321497523652,-61.4597273759239,1.86110294178913,-1.64115005507505,0.0980309591089424,0.0783843821180718,33.9863414620995,23.5967749186925,39.5648574702353,9.44327187765532
2011-01-08,-57.9333333333333,-61.4166666666667,0.905469226837158,350.890067545573,16.0167544364929,39.726367998394,-57.9321497523652,-61.4597273759239,1.92931112490202,-1.64349745538898,0.0894559464396391,0.0507456266454288,33.9906039130419,22.961737596899,39.5648574702353,6.44531917227065
2011-01-09,-57.9333333333333,-61.4166666666667,0.936159336566925,351.053689575195,18.1094969590505,39.726367998394,-57.9321497523652,-61.4597273759239,1.95673371392085,-1.65042951680664,0.0824642252261029,0.0691324553095308,33.9939769228598,25.2907818672352,39.5648574702353,12.0686783591412
2011-01-10,-57.9333333333333,-61.4166666666667,0.955260807275772,351.119450887044,17.872664642334,39.726367998394,-57.9321497523652,-61.4597273759239,2.0091200013806,-1.64187515319738,0.0755734672363763,0.0635817577936371,33.9978605428136,23.5009743181386,39.5648574702353,13.9838275427566
2011-01-11,-57.9333333333333,-61.4166666666667,0.974549460411072,350.713638305664,18.2345746835073,39.726367998394,-57.9321497523652,-61.4597273759239,1.97679057515653,-1.63216889307911,0.079921780434206,0.0801650109399754,33.9978663222234,29.0568349702018,39.5648574702353,16.5459602359784
2011-01-12,-57.9333333333333,-61.4166666666667,0.966358637809753,350.02177734375,15.79399116834,39.726367998394,-57.9321497523652,-61.4597273759239,1.96908614285906,-1.6233529470917,0.0608465650672079,-0.00944008615176032,33.9949807762203,29.3700511724429,39.5648574702353,34.7449594322
2011-01-13,-57.9333333333333,-61.4166666666667,0.899734801054001,348.909767659505,14.7705197652181,39.726367998394,-57.9321497523652,-61.4597273759239,1.94522939230266,-1.62606863554259,0.0374551607169827,-0.0442679013524737,33.981494215198,28.2101183260294,39.5648574702353,77.1384219441298
2011-01-14,-57.9333333333333,-61.4166666666667,0.791676813364029,346.843441772461,10.5314100583394,39.726367998394,-57.9321497523652,-61.4597273759239,1.83181893915162,-1.62674555160049,-0.0194515339273931,-0.0242059965779011,33.9668029412291,33.7315593948938,39.5648574702353,127.284649633828
2011-01-15,-57.9333333333333,-61.4166666666667,0.731556868553162,345.159065755208,12.4062722524007,39.726367998394,-57.9321497523652,-61.4597273759239,1.74949606379172,-1.6269187958617,0.0414638695468132,0.0351192320984109,33.9606304312111,35.4685905248599,39.5648574702353,35.0774456821248
2011-01-16,-57.9333333333333,-61.4166666666667,0.695691708723704,344.766600545247,12.2428647994995,39.726367998394,-57.9321497523652,-61.4597273759239,1.77294253675561,-1.62202321497121,0.0419136162119028,-0.0187333166683303,33.954176666145,34.7199690897662,39.5648574702353,54.0415973723243
2011-01-17,-57.9333333333333,-61.4166666666667,0.658510224024455,344.31028137207,11.481750090917,39.726367998394,-57.9321497523652,-61.4597273759239,1.77225139490644,-1.6180431892101,0.0374758111635097,-0.0225492776336527,33.9429675080722,34.3906904234922,39.5648574702353,60.2862732686474
2011-01-18,-57.9333333333333,-61.4166666666667,0.625762868920962,343.551396687826,10.8237672011058,39.726367998394,-57.9321497523652,-61.4597273759239,1.73162827993694,-1.61225499201538,0.0210761284189565,0.00381137181381534,33.9303414481027,37.2801970073155,39.5648574702353,61.8468064232993
2011-01-19,-57.9333333333333,-61.4166666666667,0.596688166260719,342.663997395833,10.2286767323812,39.726367998394,-57.9321497523652,-61.4597273759239,1.7051501453371,-1.59499138638489,0.0397658472586619,0.00659016238287427,33.9197517337656,39.3533903315551,39.5648574702353,43.1379971268242
2011-01-20,-57.9333333333333,-61.4166666666667,0.571519653995832,342.103177897135,9.85493407249451,39.726367998394,-57.9321497523652,-61.4597273759239,1.70302715561444,-1.59107675229696,0.0473059843945548,0.0283500889414235,33.9108487179405,40.3389317828013,39.5648574702353,31.2201767735453
2011-01-21,-57.9333333333333,-61.4166666666667,0.55109228293101,342.089568074544,10.2874298890432,39.726367998394,-57.9321497523652,-61.4597273759239,1.86957836464832,-1.59034706192805,0.0906973388886317,0.0364868284616255,33.90725755333,30.8254170991424,39.5648574702353,6.08421381052279
2011-01-22,-57.9333333333333,-61.4166666666667,0.519388621052106,341.524202473958,7.51368894577026,39.726367998394,-57.9321497523652,-61.4597273759239,1.80630730103729,-1.59148863831857,0.103439390057124,-0.0386736058819115,33.8992378693774,32.0123117991856,39.5648574702353,36.5270409881659
2011-01-23,-57.9333333333333,-61.4166666666667,0.483963651458422,340.568938191732,5.29748457272848,39.726367998394,-57.9321497523652,-61.4597273759239,1.69060864663662,-1.59165041070235,0.103363667383678,-0.0318815165752531,33.8856135920474,39.2157128879002,39.5648574702353,31.1517013531746
2011-01-24,-57.9333333333333,-61.4166666666667,0.466316789388657,339.676123046875,7.08361781438192,39.726367998394,-57.9321497523652,-61.4597273759239,1.70181008344306,-1.59672382720431,0.133613705915168,0.0143161639991335,33.8783224005448,33.8732524957872,39.5648574702353,4.82960310567714
2011-01-25,-57.9333333333333,-61.4166666666667,0.462833493947983,339.392017618815,7.90005264282227,39.726367998394,-57.9321497523652,-61.4597273759239,1.75229366784705,-1.6061444049491,0.0892677878106671,0.0584808069008185,33.8797737064218,29.0252837991356,39.5648574702353,7.32498467283551
2011-01-26,-57.9333333333333,-61.4166666666667,0.467254517475764,339.479584757487,8.18134908676148,39.726367998394,-57.9321497523652,-61.4597273759239,1.73199449580415,-1.60662398392097,0.107347136181324,0.090984167124992,33.8917803513376,38.4120205578051,39.5648574702353,12.502366873163
2011-01-27,-57.9333333333333,-61.4166666666667,0.483895227313042,339.943025716146,8.52774976094564,39.726367998394,-57.9321497523652,-61.4597273759239,1.70236905400914,-1.60638075215476,0.114297554401079,0.0839649096719528,33.9086858276138,43.7630856592852,39.5648574702353,8.4906111831239
2011-01-28,-57.9333333333333,-61.4166666666667,0.497149813175201,340.087841796875,7.44276661872864,39.726367998394,-57.9321497523652,-61.4597273759239,1.71840572715702,-1.59619032350698,0.123542597615405,0.0124552231141947,33.9142102119618,43.4148763498866,39.5648574702353,5.014597702045
2011-01-29,-57.9333333333333,-61.4166666666667,0.502060020963351,339.949538167318,6.68356083234151,39.726367998394,-57.9321497523652,-61.4597273759239,1.72248649283459,-1.5849937052655,0.142438833062586,-0.00107388442060105,33.9093628359917,40.450794639444,39.5648574702353,11.7704361464873
2011-01-30,-57.9333333333333,-61.4166666666667,0.512982519467672,339.872186279297,8.7538757165273,39.726367998394,-57.9321497523652,-61.4597273759239,1.76955292144216,-1.57970688800166,0.140194689448839,0.00270765713114936,33.9054792303788,37.4150059599625,39.5648574702353,9.76158961034044
2011-01-31,-57.9333333333333,-61.4166666666667,0.524290943145752,339.635675048828,7.36878390312195,39.726367998394,-57.9321497523652,-61.4597273759239,1.81432838681945,-1.58651618536254,0.157220806114208,0.0266153528250026,33.9001672357545,37.1086734900797,39.5648574702353,6.80404857567323
2011-02-01,-57.9333333333333,-61.4166666666667,0.543761822581291,339.461452229818,8.59233447710673,39.726367998394,-57.9321497523652,-61.4597273759239,1.78828806581354,-1.58845285006932,0.137505390254178,0.0518309843719454,33.9045155460673,42.6702705541051,39.5648574702353,1.11358130393693
2011-02-02,-57.9333333333333,-61.4166666666667,0.568378296494484,339.33691813151,9.31841952006022,39.726367998394,-57.9321497523652,-61.4597273759239,1.83968307290758,-1.58403684725439,0.159620982671815,0.0140476930130245,33.8994443649636,38.9879712664095,39.5648574702353,10.5997955407579
2011-02-03,-57.9333333333333,-61.4166666666667,0.592615551749865,339.128090413411,9.12532057762146,39.726367998394,-57.9321497523652,-61.4597273759239,1.8699638556717,-1.58580141184025,0.170614529891234,0.00423358251949898,33.8931685713001,39.1841615662539,39.5648574702353,18.46991158088
2011-02-04,-57.9333333333333,-61.4166666666667,0.629528321822484,339.126890055339,10.5909180959066,39.726367998394,-57.9321497523652,-61.4597273759239,1.86581426545193,-1.59749826183893,0.144258470113452,0.069774950273279,33.9004481753012,43.3982402113147,39.5648574702353,5.20060605377816
2011-02-05,-57.9333333333333,-61.4166666666667,0.675259796778361,339.371776326497,10.7690009911855,39.726367998394,-57.9321497523652,-61.4597273759239,1.84838704596785,-1.60174905267873,0.144719689972419,0.0606469328382186,33.9066264360471,47.6105977323719,39.5648574702353,3.36482281451656
2011-02-06,-57.9333333333333,-61.4166666666667,0.70620692272981,339.266279093424,7.97121322154999,39.726367998394,-57.9321497523652,-61.4597273759239,1.85310387611389,-1.60766689087215,0.154040455874196,0.0302523327641245,33.9041195202591,45.9900190668895,39.5648574702353,5.25176826279149
2011-02-07,-57.9333333333333,-61.4166666666667,0.730652522047361,339.36332804362,11.2043863296509,39.726367998394,-57.9321497523652,-61.4597273759239,1.93542124543871,-1.61073365247339,0.123042370045656,0.0415556545236281,33.9038613541682,32.4253441301504,39.5648574702353,0.0468057592473822
2011-02-08,-57.9333333333333,-61.4166666666667,0.765950453281403,339.681202189128,11.680401802063,39.726367998394,-57.9321497523652,-61.4597273759239,1.91404268571309,-1.60412169533565,0.132766989234807,0.0616427999465985,33.9081408278386,43.5026456933273,39.5648574702353,1.86069865309191
2011-02-09,-57.9333333333333,-61.4166666666667,0.786627397934596,339.758165486654,9.08510003884633,39.726367998394,-57.9321497523652,-61.4597273759239,1.89961683839784,-1.59712882373566,0.126470538794546,0.0415464761505898,33.9126498000066,47.7218872873407,39.5648574702353,0.0476257583169153
2011-02-10,-57.9333333333333,-61.4166666666667,0.801072743535042,339.565235392253,10.5713616212209,39.726367998394,-57.9321497523652,-61.4597273759239,1.90004639562808,-1.59095169413359,0.173184509634187,0.0537837099676069,33.9142502376011,47.5704420670531,39.5648574702353,12.2033862411046
2011-02-11,-57.9333333333333,-61.4166666666667,0.827149739861488,339.577625528971,11.3290778636932,39.726367998394,-57.9321497523652,-61.4597273759239,1.90814183036188,-1.59530574800377,0.144040481138386,0.0569158729894045,33.9242317228389,49.6889543712587,39.5648574702353,2.68370559700868
2011-02-12,-57.9333333333333,-61.4166666666667,0.841055522362391,339.985842895508,13.8742695808411,39.726367998394,-57.9321497523652,-61.4597273759239,2.0105738765315,-1.59173186605138,0.112537577020046,0.0518263951784238,33.9309492039501,37.1872644962225,39.5648574702353,1.04278742740877
2011-02-13,-57.9333333333333,-61.4166666666667,0.779104233781497,338.96103515625,7.17936206658681,39.726367998394,-57.9321497523652,-61.4597273759239,1.99830957149204,-1.58809029428582,0.08857251625312,-0.0516336467677265,33.9169978378411,32.6026039087683,39.5648574702353,52.366302613225
2011-02-14,-57.9333333333333,-61.4166666666667,0.684587037563324,337.372663370768,6.09724458058675,39.726367998394,-57.9321497523652,-61.4597273759239,1.95393886826092,-1.58533560512657,0.143145576917699,0.00681044613676412,33.9015721772846,40.3286058813109,39.5648574702353,8.64705963640268
2011-02-15,-57.9333333333333,-61.4166666666667,0.690936594208082,337.307460530599,10.284774684906,39.726367998394,-57.9321497523652,-61.4597273759239,1.95373234802619,-1.59258202592233,0.146282329301077,0.0811930027951423,33.9140950826774,44.5128543538259,39.5648574702353,9.1993921579885
2011-02-16,-57.9333333333333,-61.4166666666667,0.733788660168648,337.615408325195,11.366184314092,39.726367998394,-57.9321497523652,-61.4597273759239,1.98061250251039,-1.59707260579991,0.148684801463794,0.0566841157615409,33.9216558843627,47.0902916470865,39.5648574702353,3.6585302269237
2011-02-17,-57.9333333333333,-61.4166666666667,0.758688961466153,337.550163777669,9.90496296087901,39.726367998394,-57.9321497523652,-61.4597273759239,1.97284199241409,-1.60246727161838,0.147638452302356,0.0408970975506126,33.9278627409971,48.6437527900352,39.5648574702353,2.67318257327951
2011-02-18,-57.9333333333333,-61.4166666666667,0.755579452713331,337.008976236979,6.23592643737793,39.726367998394,-57.9321497523652,-61.4597273759239,1.96916049539595,-1.60572563929665,0.160853196509687,0.0477878554843198,33.9310062953404,47.6616532497836,39.5648574702353,6.58899054075299
2011-02-19,-57.9333333333333,-61.4166666666667,0.770899200439453,336.757106526693,9.99535195032755,39.726367998394,-57.9321497523652,-61.4597273759239,1.94125326056229,-1.61437752641233,0.147567318416292,0.0940107769031722,33.939748821402,50.7513658014455,39.5648574702353,15.0602537032307
2011-02-20,-57.9333333333333,-61.4166666666667,0.827654065688451,336.956511433919,10.9173851807912,39.726367998394,-57.9321497523652,-61.4597273759239,1.94401232326837,-1.62470332975674,0.130451712897398,0.101904286351755,33.94616806776,53.0643477547438,39.5648574702353,16.8689611132042
2011-02-21,-57.9333333333333,-61.4166666666667,0.857884922623634,336.909405517578,8.32513110637665,39.726367998394,-57.9321497523652,-61.4597273759239,1.9777102600363,-1.61945666988989,0.117319575181805,0.0273335701400848,33.9365935935114,44.4749931034289,39.5648574702353,1.6810848386792
2011-02-22,-57.9333333333333,-61.4166666666667,0.874432564775149,336.721677652995,11.3480685313543,39.726367998394,-57.9321497523652,-61.4597273759239,2.01416725726952,-1.62267718010379,0.127714225476174,0.0670305785996125,33.9322624636772,42.4235984544109,39.5648574702353,2.67296061456177
2011-02-23,-57.9333333333333,-61.4166666666667,0.885276361306508,336.772610473633,10.2151219288508,39.726367998394,-57.9321497523652,-61.4597273759239,1.99687221399824,-1.62072674672406,0.136872072977231,0.0735863221010992,33.936530421551,48.6603889644594,39.5648574702353,5.08278478076813
2011-02-24,-57.9333333333333,-61.4166666666667,0.877586770057678,336.450597127279,7.82463089625041,39.726367998394,-57.9321497523652,-61.4597273759239,1.97740737298377,-1.62845045507402,0.198198214551448,0.0517116639258942,33.9277192022567,45.3555553981236,39.5648574702353,27.2705865159659
2011-02-25,-57.9333333333333,-61.4166666666667,0.903177179892858,336.528094482422,12.2523156642914,39.726367998394,-57.9321497523652,-61.4597273759239,1.91410601407962,-1.64253715689021,0.202810410620239,0.0747129827233634,33.9289353306132,48.9569691392712,39.5648574702353,35.160754282444
2011-02-26,-57.9333333333333,-61.4166666666667,0.955880843599637,337.139179484049,12.5831938902537,39.726367998394,-57.9321497523652,-61.4597273759239,1.9155571389019,-1.64338272675536,0.12619747871295,0.0586483143970258,33.9265833116116,46.0014923855774,39.5648574702353,1.0686785097829
2011-02-27,-57.9333333333333,-61.4166666666667,0.993880821267764,337.520197550456,12.6982712427775,39.726367998394,-57.9321497523652,-61.4597273759239,1.92964980431965,-1.63287449196765,0.156564542281448,0.0462596352751318,33.9185177795869,45.3561290368102,39.5648574702353,5.08749764885216
2011-02-28,-57.9333333333333,-61.4166666666667,1.00759305953979,337.582042439779,12.2257740815481,39.726367998394,-57.9321497523652,-61.4597273759239,1.97224997532995,-1.63003030128049,0.142005148574822,0.0223909485945128,33.9037863795919,39.4727109321078,39.5648574702353,3.84727845358724
2011-03-01,-57.9333333333333,-61.4166666666667,0.973712573448817,337.246032714844,9.3936075925827,39.726367998394,-57.9321497523652,-61.4597273759239,1.99583137304263,-1.63110648061996,0.131273188229118,0.00446992912294721,33.8892385439765,34.345371619203,39.5648574702353,8.06676421382654
2011-03-02,-57.9333333333333,-61.4166666666667,0.929758443435033,336.965311686198,10.1207779884338,39.726367998394,-57.9321497523652,-61.4597273759239,1.98134494813761,-1.63088734705645,0.170552575036435,0.0594560222882301,33.8803411928335,37.1298989675995,39.5648574702353,11.6730574939693
2011-03-03,-57.9333333333333,-61.4166666666667,0.919019854068756,336.905385335286,7.28393257459005,39.726367998394,-57.9321497523652,-61.4597273759239,1.98069511141096,-1.62570493785959,0.176651687228254,0.0307342042460253,33.870485779038,37.2480719896187,39.5648574702353,14.3678707735793
2011-03-04,-57.9333333333333,-61.4166666666667,0.927864477038383,336.927651977539,9.32302063306173,39.726367998394,-57.9321497523652,-61.4597273759239,1.95679154566356,-1.62618910190754,0.20918717305351,0.0904150997337542,33.866269448646,40.697466839525,39.5648574702353,46.3819070993568
2011-03-05,-57.9333333333333,-61.4166666666667,0.959153987963994,336.920384724935,8.42123026053111,39.726367998394,-57.9321497523652,-61.4597273759239,1.94897145884378,-1.63153672352769,0.151977587505279,0.0871544379768963,33.8606475744032,43.5261656287918,39.5648574702353,12.9773785416505
2011-03-06,-57.9333333333333,-61.4166666666667,0.942734912037849,336.582093302409,7.06016978422801,39.726367998394,-57.9321497523652,-61.4597273759239,1.95912380415694,-1.63085293411312,0.183530972738351,0.0380357001396946,33.8330089454364,34.2931687885657,39.5648574702353,17.4662367324127
2011-03-07,-57.9333333333333,-61.4166666666667,0.924657823642095,336.501937866211,8.44549954732259,39.726367998394,-57.9321497523652,-61.4597273759239,1.87744800936907,-1.63110304013231,0.140752283814258,0.0794192578755599,33.8333818536056,40.9602015179799,39.5648574702353,7.51878569354802
2011-03-08,-57.9333333333333,-61.4166666666667,0.931381504734357,336.614642333984,8.41122305393219,39.726367998394,-57.9321497523652,-61.4597273759239,1.87768756805506,-1.61623043045962,0.170132659501711,0.0655551349001944,33.810934712116,36.3566104415664,39.5648574702353,12.604047390178
2011-03-09,-57.9333333333333,-61.4166666666667,0.937701789538066,336.682884724935,10.435436240832,39.726367998394,-57.9321497523652,-61.4597273759239,1.90837037159984,-1.60540439222092,0.102427460561345,0.0026296399589768,33.7882923613814,28.8422874830719,39.5648574702353,11.0886838689992
2011-03-10,-57.9333333333333,-61.4166666666667,0.921557838718096,336.619302368164,9.73021931648254,39.726367998394,-57.9321497523652,-61.4597273759239,1.92432168282961,-1.59609395086317,0.201224824847808,0.00221201811069833,33.7689258747531,26.3870388762395,39.5648574702353,38.0237755390034
2011-03-11,-57.9333333333333,-61.4166666666667,0.923953225215276,336.729011027018,9.71002506415049,39.726367998394,-57.9321497523652,-61.4597273759239,1.87823276950004,-1.6025131627133,0.179636994642871,0.0671912024455859,33.7667746149508,34.7291476278377,39.5648574702353,17.7344197447365
2011-03-12,-57.9333333333333,-61.4166666666667,0.933964246511459,337.125625610352,11.1075752417246,39.726367998394,-57.9321497523652,-61.4597273759239,1.85525990608043,-1.6069681751997,0.098859319295314,0.0415028782099261,33.7510506335954,32.7546229505897,39.5648574702353,3.38264776814519
2011-03-13,-57.9333333333333,-61.4166666666667,0.931298886736234,337.674517822266,11.120702179273,39.726367998394,-57.9321497523652,-61.4597273759239,1.83358120694196,-1.60424216349322,0.107528411538193,0.0414179773315003,33.7321430005525,29.5731255524141,39.5648574702353,1.51709097589003
2011-03-14,-57.9333333333333,-61.4166666666667,0.927311393618584,338.07243754069,11.2128953456879,39.726367998394,-57.9321497523652,-61.4597273759239,1.78371167182922,-1.59750629053976,0.144006061108601,0.0433844705217315,33.7211059340857,30.5253948304886,39.5648574702353,1.85859891608143
2011-03-15,-57.9333333333333,-61.4166666666667,0.894340792298317,337.964582316081,5.59341477155685,39.726367998394,-57.9321497523652,-61.4597273759239,1.75177324580071,-1.59951408913261,0.164740290856899,0.0205667217759261,33.7094206559031,29.5037131058542,39.5648574702353,10.7698016074816
2011-03-16,-57.9333333333333,-61.4166666666667,0.800171287854513,337.381174723307,2.94395880699158,39.726367998394,-57.9321497523652,-61.4597273759239,1.71744474298076,-1.61106638038965,0.145933546419991,0.00137218571078957,33.6920503888811,27.2377709804621,39.5648574702353,11.3749415211759
2011-03-17,-57.9333333333333,-61.4166666666667,0.733093067010244,337.099139404297,5.58078193664551,39.726367998394,-57.9321497523652,-61.4597273759239,1.72153100931555,-1.61542042708935,0.113402650656557,0.0239719449213349,33.67337216829,23.2674963420495,39.5648574702353,2.66860164980284
2011-03-18,-57.9333333333333,-61.4166666666667,0.730826808015505,337.426335652669,8.6360199769338,39.726367998394,-57.9321497523652,-61.4597273759239,1.76313163777043,-1.60357901386749,0.108322350994537,0.0558282208061756,33.6604592459542,18.0001848945044,39.5648574702353,2.03517054480948
2011-03-19,-57.9333333333333,-61.4166666666667,0.724034982919693,337.721032714844,7.52485365867615,39.726367998394,-57.9321497523652,-61.4597273759239,1.73087380255075,-1.59141062569797,0.0992677621543407,0.0229508370105037,33.6496515775982,19.8829246248518,39.5648574702353,5.48076657561914
2011-03-20,-57.9333333333333,-61.4166666666667,0.696499379475911,337.753127034505,6.8440280119578,39.726367998394,-57.9321497523652,-61.4597273759239,1.67440400939239,-1.58673876479156,0.0800984670877233,0.0527694856649951,33.6420162028836,24.5989524368057,39.5648574702353,10.3397173640704
2011-03-21,-57.9333333333333,-61.4166666666667,0.667040560642878,337.735113525391,7.85047235488892,39.726367998394,-57.9321497523652,-61.4597273759239,1.62586443540745,-1.59090809714525,0.0753738346852754,0.0226892496886334,33.6356198733911,26.8952983268222,39.5648574702353,14.477200956162
2011-03-22,-57.9333333333333,-61.4166666666667,0.606191635131836,337.03869934082,4.72452298005422,39.726367998394,-57.9321497523652,-61.4597273759239,1.56146165750977,-1.59407123811263,0.0613995696649067,0.0229370695559826,33.6334801867492,30.8082074473675,39.5648574702353,22.2993144231358
2011-03-23,-57.9333333333333,-61.4166666666667,0.579112562537193,336.831796264648,6.73120756149292,39.726367998394,-57.9321497523652,-61.4597273759239,1.50164078769827,-1.5860079249045,0.0826019022501725,0.0479393005791239,33.6284320515798,31.460454571516,39.5648574702353,8.95147144121924
2011-03-24,-57.9333333333333,-61.4166666666667,0.564299526810646,336.938134765625,6.16065220038096,39.726367998394,-57.9321497523652,-61.4597273759239,1.44353538460301,-1.57730556251411,0.0759750260110188,0.00878841280096904,33.6259538177261,32.5360599101934,39.5648574702353,18.1248761469035
2011-03-25,-57.9333333333333,-61.4166666666667,0.512978454430898,336.251403808594,3.39498251279195,39.726367998394,-57.9321497523652,-61.4597273759239,1.38730789821847,-1.57446251865616,0.102331086334989,-0.0685587986267375,33.6266880609039,35.3727897199473,39.5648574702353,65.97237686685
2011-03-26,-57.9333333333333,-61.4166666666667,0.48883394698302,335.859998575846,5.4880240837733,39.726367998394,-57.9321497523652,-61.4597273759239,1.37403028195066,-1.57558000759971,0.136190569028258,0.00610829109704136,33.6288277618867,34.5639345269454,39.5648574702353,7.87307287842969
2011-03-27,-57.9333333333333,-61.4166666666667,0.496793339649836,336.085992431641,5.24417632420858,39.726367998394,-57.9321497523652,-61.4597273759239,1.41408066283491,-1.57602057465933,0.105272795332778,0.0324574673506326,33.6258905740609,28.8801487513951,39.5648574702353,2.57265466806482
2011-03-28,-57.9333333333333,-61.4166666666667,0.491769682367643,336.171666463216,4.17721931139628,39.726367998394,-57.9321497523652,-61.4597273759239,1.35588989513261,-1.57745930216366,0.0798667099859033,0.00804495441734343,33.6222650341522,33.1057005573932,39.5648574702353,16.5681500773748
2011-03-29,-57.9333333333333,-61.4166666666667,0.48016920487086,336.124319458008,3.61620291868846,39.726367998394,-57.9321497523652,-61.4597273759239,1.35178710576287,-1.56816721993281,0.12002723224293,0.00600503298236911,33.6187369984792,31.3503124409152,39.5648574702353,7.36772761200272
2011-03-30,-57.9333333333333,-61.4166666666667,0.449772829810778,335.839360555013,2.22025686502457,39.726367998394,-57.9321497523652,-61.4597273759239,1.31847741101917,-1.57433861673326,0.0304473758976262,0.00168654902425027,33.6066961360157,28.6403604880311,39.5648574702353,53.4500378647125
2011-03-31,-57.9333333333333,-61.4166666666667,0.444169443845749,335.895573933919,5.27311563491821,39.726367998394,-57.9321497523652,-61.4597273759239,1.27841602277039,-1.57894621979921,0.0782329372193356,0.0497268133453633,33.5986248389223,28.8933428248068,39.5648574702353,10.9724587169264
2011-04-01,-57.9333333333333,-61.4166666666667,0.447423016031583,336.187403361003,3.70589215755463,39.726367998394,-57.9321497523652,-61.4597273759239,1.25134312008557,-1.58875918029843,0.0476914811599299,0.0428452335746217,33.5998352739148,33.3701559690605,39.5648574702353,29.6897718822344
2011-04-02,-57.9333333333333,-61.4166666666667,0.449580409129461,336.525092569987,4.04623668988546,39.726367998394,-57.9321497523652,-61.4597273759239,1.22169289396221,-1.59798357450872,0.0893274480827097,0.0368149598458208,33.5946952705096,33.8330966727178,39.5648574702353,6.53548757865926
2011-04-03,-57.9333333333333,-61.4166666666667,0.452364321549733,336.907355753581,4.51843741734823,39.726367998394,-57.9321497523652,-61.4597273759239,1.168128092038,-1.60289636724874,0.0561586464510152,0.0126273200840206,33.5923145265508,35.7152626783328,39.5648574702353,28.469695917884
2011-04-04,-57.9333333333333,-61.4166666666667,0.448369779189428,337.112339274089,4.35285940170288,39.726367998394,-57.9321497523652,-61.4597273759239,1.1175233562638,-1.59814878872463,0.0577694732639799,0.00827441696441711,33.5936167293921,37.9049084563004,39.5648574702353,28.8427328540464
2011-04-05,-57.9333333333333,-61.4166666666667,0.446503377954165,337.315221150716,4.04371294180552,39.726367998394,-57.9321497523652,-61.4597273759239,1.06305538902157,-1.58636818478878,0.0484005202700321,0.0480723888438223,33.5942878149506,38.952404692657,39.5648574702353,29.2169343377432
2011-04-06,-57.9333333333333,-61.4166666666667,0.442836654186249,337.449561564128,3.15596633752187,39.726367998394,-57.9321497523652,-61.4597273759239,0.990774710375564,-1.57645655216131,0.065596438174073,0.0301376019177356,33.5919817157258,39.6367765620239,39.5648574702353,18.4643812483535
2011-04-07,-57.9333333333333,-61.4166666666667,0.435176366567612,337.475035603841,3.07628190517426,39.726367998394,-57.9321497523652,-61.4597273759239,0.908162711762396,-1.58775413663764,0.0344537908589481,0.0736207412905935,33.5929109386932,41.7570099902332,39.5648574702353,45.114348945607
2011-04-08,-57.9333333333333,-61.4166666666667,0.446737653017044,337.732141113281,3.68635850747426,39.726367998394,-57.9321497523652,-61.4597273759239,0.821866462721412,-1.59709096447866,0.0913398332921858,0.0717116134395277,33.5907826818022,42.0415434765636,39.5648574702353,9.38923289896101
2011-04-09,-57.9333333333333,-61.4166666666667,0.460414169232051,338.011430867513,3.00211143493652,39.726367998394,-57.9321497523652,-61.4597273759239,0.756819357801425,-1.59707146076331,0.097025913921626,0.0421407838260993,33.5869391735335,41.6967759921138,39.5648574702353,3.85939858129953
2011-04-10,-57.9333333333333,-61.4166666666667,0.471402282516162,338.397329711914,3.20159235795339,39.726367998394,-57.9321497523652,-61.4597273759239,0.684026517618195,-1.60526556269567,0.0839511419653444,0.0814385277996386,33.5820229752619,41.5430361597162,39.5648574702353,15.2886605888233
2011-04-11,-57.9333333333333,-61.4166666666667,0.489417455593745,338.847111002604,3.7765792687734,39.726367998394,-57.9321497523652,-61.4597273759239,0.559406363258236,-1.60609392519284,0.0492334687956294,0.0451054390855974,33.5850691400973,44.3929602723373,39.5648574702353,28.5107399748987
2011-04-12,-57.9333333333333,-61.4166666666667,0.506610108415286,339.258508300781,3.27456669012705,39.726367998394,-57.9321497523652,-61.4597273759239,0.475822360135783,-1.59818779794793,0.105114466167594,0.0741209695745904,33.5805143485392,43.837087444793,39.5648574702353,6.43152357791319
2011-04-13,-57.9333333333333,-61.4166666666667,0.523485589027405,339.709560139974,3.99931955337524,39.726367998394,-57.9321497523652,-61.4597273759239,0.38722139134779,-1.58769333272948,0.0387975151993726,0.0457479340073309,33.5762693218719,43.9965638504889,39.5648574702353,36.9435599429707
2011-04-14,-57.9333333333333,-61.4166666666667,0.538173067569733,340.03428141276,3.5232944726944,39.726367998394,-57.9321497523652,-61.4597273759239,0.316342268671308,-1.5805295078378,0.0734807693196419,0.0472623863838669,33.5725865041403,44.0080369361361,39.5648574702353,13.1871731087842
2011-04-15,-57.9333333333333,-61.4166666666667,0.542287022868792,340.230744425456,2.93304560184479,39.726367998394,-57.9321497523652,-61.4597273759239,0.247068465008099,-1.57868578021688,0.0590177493492015,0.0232927360873025,33.5685078326921,44.1703814850714,39.5648574702353,23.7616775100401
2011-04-16,-57.9333333333333,-61.4166666666667,0.539470956722895,340.390502929688,2.37133879264196,39.726367998394,-57.9321497523652,-61.4597273759239,0.184028696772972,-1.57680992658873,0.0941140349898347,0.0405712604130569,33.5645037342731,44.0952325548445,39.5648574702353,4.75186690172419
2011-04-17,-57.9333333333333,-61.4166666666667,0.528058818976084,340.550547281901,1.66064673264821,39.726367998394,-57.9321497523652,-61.4597273759239,0.153720372741608,-1.5711559684653,0.103882252287708,0.014843927626323,33.5508906859204,39.2828306864975,39.5648574702353,6.4551252063381
2011-04-18,-57.9333333333333,-61.4166666666667,0.530394248167674,340.786526489258,3.25604266325633,39.726367998394,-57.9321497523652,-61.4597273759239,0.109446049156718,-1.575791114255,0.0662664689711834,0.052395461967453,33.5415743634217,38.5892804439803,39.5648574702353,17.4393453314664
2011-04-19,-57.9333333333333,-61.4166666666667,0.524679093559583,340.872805786133,2.33559418519338,39.726367998394,-57.9321497523652,-61.4597273759239,0.0670826856074925,-1.57473099186904,0.0271224648152527,0.0183340519582643,33.5404901002583,40.4485002854713,39.5648574702353,50.9651031487722
2011-04-20,-57.9333333333333,-61.4166666666667,0.516866156458855,340.885711669922,3.22519059181213,39.726367998394,-57.9321497523652,-61.4597273759239,0.0138235281508668,-1.56665391626215,0.0470122721578394,0.0477855609995978,33.5409604409584,42.1126769539109,39.5648574702353,30.2753648067162
2011-04-21,-57.9333333333333,-61.4166666666667,0.52069528400898,340.999523925781,3.14238340854645,39.726367998394,-57.9321497523652,-61.4597273759239,-0.0295145914406705,-1.563963466569,0.0988593192813092,0.0325079490675738,33.5337495158489,41.9675417986131,39.5648574702353,4.02093635336238
2011-04-22,-57.9333333333333,-61.4166666666667,0.494526625672976,340.84699605306,1.10370683073997,39.726367998394,-57.9321497523652,-61.4597273759239,0.0170782233371322,-1.56421816886816,0.0917115627710981,-0.0274001143984777,33.5245767894544,40.3383581261886,39.5648574702353,31.0165874697391
2011-04-23,-57.9333333333333,-61.4166666666667,0.452961975336075,340.629306030273,1.62168241739273,39.726367998394,-57.9321497523652,-61.4597273759239,0.111194553707999,-1.55091393397267,0.151892686640858,-0.0190683319828564,33.5246628639393,40.9682326818767,39.5648574702353,23.6386576919963
2011-04-24,-57.9333333333333,-61.4166666666667,0.445161776741346,340.687083943685,2.25198171536128,39.726367998394,-57.9321497523652,-61.4597273759239,0.164332555592956,-1.5498847979352,0.119494879590277,0.0338663670857598,33.5204121295671,40.6492798059507,39.5648574702353,0.661313509456747
2011-04-25,-57.9333333333333,-61.4166666666667,0.455055264631907,340.896651204427,2.71228698889414,39.726367998394,-57.9321497523652,-61.4597273759239,0.137265162108312,-1.54472418431949,0.0762710328725048,0.0450893766001651,33.506449434094,39.0918032388042,39.5648574702353,11.7507747369403
2011-04-26,-57.9333333333333,-61.4166666666667,0.43589194615682,340.889418538411,1.25985888044039,39.726367998394,-57.9321497523652,-61.4597273759239,0.101149605180984,-1.54035521987686,0.0151972999530179,-0.0203349647441305,33.500242405368,41.5768818245795,39.5648574702353,80.7576128284549
2011-04-27,-57.9333333333333,-61.4166666666667,0.415581809480985,340.888336181641,1.83852959473928,39.726367998394,-57.9321497523652,-61.4597273759239,0.0598518654031861,-1.54142451375947,0.0158535628194424,0.0347199673463303,33.5042352604687,44.3441995534682,39.5648574702353,59.7206542524123
2011-04-28,-57.9333333333333,-61.4166666666667,0.418816332022349,341.418412272135,2.05124159653982,39.726367998394,-57.9321497523652,-61.4597273759239,-0.0188693671410245,-1.54400137940744,0.153264871707424,0.0679690804388514,33.4957450207015,44.3872236739424,39.5648574702353,6.91682840707491
2011-04-29,-57.9333333333333,-61.4166666666667,0.422464210788409,342.344963582357,1.83281574249268,39.726367998394,-57.9321497523652,-61.4597273759239,-0.10453505391129,-1.5623721475888,0.142844981198808,0.159173531219699,33.4819943420869,45.2356612377597,39.5648574702353,67.8469206228535
2011-04-30,-57.9333333333333,-61.4166666666667,0.436285970608393,343.477409871419,2.16951857407888,39.726367998394,-57.9321497523652,-61.4597273759239,-0.22487068229488,-1.56721495416828,0.075752447674373,0.118007962654968,33.4698443592043,44.7635421501963,39.5648574702353,39.3094103871382
2011-05-01,-57.9333333333333,-61.4166666666667,0.446131604909897,344.189158121745,1.23052259484927,39.726367998394,-57.9321497523652,-61.4597273759239,-0.32028393556637,-1.56990425479143,0.0441462862536423,0.0448943335787022,33.4636374165241,44.1996380762946,39.5648574702353,32.4793632650163
2011-05-02,-57.9333333333333,-61.4166666666667,0.445010578632355,344.529201253255,1.38770696322123,39.726367998394,-57.9321497523652,-61.4597273759239,-0.383981801933588,-1.569210126884,0.0983269664325884,0.0800571636037719,33.4631899496666,43.6908052415776,39.5648574702353,9.95211972171645
2011-05-03,-57.9333333333333,-61.4166666666667,0.449887124697367,344.748812866211,1.95165928602219,39.726367998394,-57.9321497523652,-61.4597273759239,-0.385925806134491,-1.56327163993864,0.160385092930462,0.0215579997748137,33.4608549964159,42.8045061190326,39.5648574702353,8.89413879898338
2011-05-04,-57.9333333333333,-61.4166666666667,0.45941537519296,344.976961263021,2.10054798920949,39.726367998394,-57.9321497523652,-61.4597273759239,-0.386479269208989,-1.57562245775882,0.123407214865985,0.0598965904122232,33.4558413225905,42.096614385906,39.5648574702353,1.25629637734204
2011-05-05,-57.9333333333333,-61.4166666666667,0.46772656639417,345.250187174479,2.15448987881343,39.726367998394,-57.9321497523652,-61.4597273759239,-0.426036765812931,-1.56346208932705,0.0411563899676154,0.0653532081304636,33.4561395143208,42.6840383916869,39.5648574702353,37.188741191314
2011-05-06,-57.9333333333333,-61.4166666666667,0.473665145039558,345.291203816732,2.04359011650085,39.726367998394,-57.9321497523652,-61.4597273759239,-0.481038924278621,-1.55377647930518,0.10785654272632,0.0491806928460535,33.4608206641405,42.6794490634947,39.5648574702353,1.55413880217499
2011-05-07,-57.9333333333333,-61.4166666666667,0.474480358759562,345.315299479167,1.96845196882884,39.726367998394,-57.9321497523652,-61.4597273759239,-0.483690588658017,-1.55753966560937,0.0881090022455481,-0.00723724675021674,33.4682094315837,44.776736237949,39.5648574702353,19.8872550317625
2011-05-08,-57.9333333333333,-61.4166666666667,0.465358638763428,345.299984741211,1.22101715405782,39.726367998394,-57.9321497523652,-61.4597273759239,-0.492482672396459,-1.56723445250576,0.104894181797491,0.00783384885442884,33.4754491246733,46.2860255671623,39.5648574702353,8.54587134310102
2011-05-09,-57.9333333333333,-61.4166666666667,0.456989405552546,345.504530843099,1.62665233612061,39.726367998394,-57.9321497523652,-61.4597273759239,-0.521653777758654,-1.5748709673272,0.117663768953399,0.0716175335578452,33.4722424987564,44.3103537738771,39.5648574702353,4.0359787331447
2011-05-10,-57.9333333333333,-61.4166666666667,0.453866891066233,345.73681640625,1.66111390590668,39.726367998394,-57.9321497523652,-61.4597273759239,-0.536850621321596,-1.57187418606048,0.0503119424797763,0.0202798937636435,33.4755067036564,44.5369479602441,39.5648574702353,30.5345512198812
2011-05-11,-57.9333333333333,-61.4166666666667,0.447581142187119,345.712824503581,1.61563851833343,39.726367998394,-57.9321497523652,-61.4597273759239,-0.554396242743596,-1.55559382223545,0.072340340262517,0.0102019016315838,33.4901351068253,47.6008457097792,39.5648574702353,19.4742043789842
2011-05-12,-57.9333333333333,-61.4166666666667,0.438447226087252,345.738516235352,0.979812967777252,39.726367998394,-57.9321497523652,-61.4597273759239,-0.573753694898652,-1.54406219003792,0.133739910039463,0.0160830249743802,33.4984818508751,48.0884535187169,39.5648574702353,4.33022591374834
2011-05-13,-57.9333333333333,-61.4166666666667,0.431353548169136,345.763487752279,1.25480100512505,39.726367998394,-57.9321497523652,-61.4597273759239,-0.597271764160771,-1.5506397266137,0.114582087914634,0.0432789179083324,33.4946498153801,43.7831637016813,39.5648574702353,0.519234488626994
2011-05-14,-57.9333333333333,-61.4166666666667,0.427991434931755,346.040619913737,1.03378522992134,39.726367998394,-57.9321497523652,-61.4597273759239,-0.582487954344965,-1.55256836217149,0.135020311291617,0.0320306670873013,33.4992448190101,44.0728600688447,39.5648574702353,1.25701534766543
2011-05-15,-57.9333333333333,-61.4166666666667,0.413992697000504,346.313350423177,0.525454811255137,39.726367998394,-57.9321497523652,-61.4597273759239,-0.562703698649442,-1.5564210370071,0.165428678260038,-0.00424046664589778,33.5036216965295,45.3785017845326,39.5648574702353,19.9628338744498
2011-05-16,-57.9333333333333,-61.4166666666667,0.394949348767598,346.654631551107,0.503383209307989,39.726367998394,-57.9321497523652,-61.4597273759239,-0.511922734936601,-1.55612273323805,0.184168879320859,0.0334005580752864,33.5134656088693,47.6656689392893,39.5648574702353,18.2318883838023
2011-05-17,-57.9333333333333,-61.4166666666667,0.377326693137487,347.110100301107,0.329482923944791,39.726367998394,-57.9321497523652,-61.4597273759239,-0.489120590535546,-1.54554566046349,0.166250154081928,0.00782237584261518,33.51079808859,45.8884820077652,39.5648574702353,15.1966055628342
2011-05-18,-57.9333333333333,-61.4166666666667,0.360294543703397,347.490997314453,0.450611454248428,39.726367998394,-57.9321497523652,-61.4597273759239,-0.469209671328615,-1.55267276396429,0.150410358815041,0.0482995568361497,33.502072355801,33.8491589252214,39.5648574702353,3.38311814205746
2011-05-19,-57.9333333333333,-61.4166666666667,0.360545286536217,347.854066975911,1.43125739097595,39.726367998394,-57.9321497523652,-61.4597273759239,-0.515568435696283,-1.54800320567941,0.125662830679264,0.0411104975002153,33.4956815475808,33.2852548584902,39.5648574702353,0.0489946524351476
2011-05-20,-57.9333333333333,-61.4166666666667,0.364521073301633,347.954853312174,1.1546404282252,39.726367998394,-57.9321497523652,-61.4597273759239,-0.533573894824525,-1.54268770379231,0.0810690930855453,0.0235749748920588,33.4976778962558,39.7830591094225,39.5648574702353,11.6421551629671
2011-05-21,-57.9333333333333,-61.4166666666667,0.357092776894569,347.841368611654,0.979875763257345,39.726367998394,-57.9321497523652,-61.4597273759239,-0.560225504457502,-1.54677672628173,0.0918882490324795,0.0701375008469686,33.5024506991967,43.749891800988,39.5648574702353,8.78534341001071
2011-05-22,-57.9333333333333,-61.4166666666667,0.353981800874074,348.063875325521,0.639145865043004,39.726367998394,-57.9321497523652,-61.4597273759239,-0.613225828884239,-1.54875239931551,0.115504527170407,0.0700319479254628,33.4999036573826,43.8095519166244,39.5648574702353,3.78834979696683
2011-05-23,-57.9333333333333,-61.4166666666667,0.342356610298157,348.080834960938,0.22032770216465,39.726367998394,-57.9321497523652,-61.4597273759239,-0.615511277396428,-1.55292287894658,0.132216279205859,-0.015692938777401,33.5002077145684,44.6138179033322,39.5648574702353,18.1564001600753
2011-05-24,-57.9333333333333,-61.4166666666667,0.325801825523376,348.000490315755,0.208308290938536,39.726367998394,-57.9321497523652,-61.4597273759239,-0.573428775975131,-1.55765439648377,0.107078664943128,-0.0146144651492736,33.500173367952,44.6556948647463,39.5648574702353,18.7973283494593
2011-05-25,-57.9333333333333,-61.4166666666667,0.321022857228915,348.116932169596,0.777306632200877,39.726367998394,-57.9321497523652,-61.4597273759239,-0.586249302036332,-1.55793548436989,0.120451738511709,0.0314868411147281,33.4928421508101,39.828377874274,39.5648574702353,0.887567628302179
2011-05-26,-57.9333333333333,-61.4166666666667,0.317385898033778,348.73532409668,0.419049058357875,39.726367998394,-57.9321497523652,-61.4597273759239,-0.571903309203628,-1.5571564615221,0.176429110418137,0.0533179013212597,33.4933813711754,43.4883044823668,39.5648574702353,13.7838593582946
2011-05-27,-57.9333333333333,-61.4166666666667,0.30797730187575,349.253113810221,0.350395707289378,39.726367998394,-57.9321497523652,-61.4597273759239,-0.549346230279906,-1.56280353418867,0.1732671166301,0.00103717039626344,33.4954465708338,45.9601891309695,39.5648574702353,21.0473996743713
2011-05-28,-57.9333333333333,-61.4166666666667,0.296191427111626,349.303313191732,0.396507913867633,39.726367998394,-57.9321497523652,-61.4597273759239,-0.521521612861775,-1.56881086180981,0.21585535230045,0.0472119045688918,33.5032769970428,48.4435466572754,39.5648574702353,41.5589900541245
2011-05-29,-57.9333333333333,-61.4166666666667,0.290352623164654,349.797371419271,0.379304044445356,39.726367998394,-57.9321497523652,-61.4597273759239,-0.521119592081111,-1.56825326663211,0.150233672721718,0.0463238848387299,33.508101628239,50.1679574027097,39.5648574702353,3.27449385973215
2011-05-30,-57.9333333333333,-61.4166666666667,0.287637402613958,350.062665812174,0.489891373117765,39.726367998394,-57.9321497523652,-61.4597273759239,-0.522650566036092,-1.55291026068809,0.177941266391286,-0.003400633965892,33.5104480112406,50.959029244301,39.5648574702353,25.4344794693707
2011-05-31,-57.9333333333333,-61.4166666666667,0.287544763584932,350.255941772461,0.485219963391622,39.726367998394,-57.9321497523652,-61.4597273759239,-0.525464693378461,-1.54356539921653,0.151110219412056,0.0257846984620157,33.5134883823251,51.1357153878176,39.5648574702353,5.15463764097989
2011-06-01,-57.9333333333333,-61.4166666666667,0.284583844741186,350.353151448568,0.286330780386925,39.726367998394,-57.9321497523652,-61.4597273759239,-0.544001589480199,-1.54326824451748,0.0794628554801071,-0.0148003298677224,33.513832579878,50.8104523214182,39.5648574702353,27.5969428436345
2011-06-02,-57.9333333333333,-61.4166666666667,0.283714330693086,350.558293660482,0.549976055820783,39.726367998394,-57.9321497523652,-61.4597273759239,-0.591632494072717,-1.55498001225909,0.0437263694304721,0.0640475665660281,33.5193396690197,52.0415186523495,39.5648574702353,34.8047523706905
2011-06-03,-57.9333333333333,-61.4166666666667,0.282706145445506,350.85641784668,0.17202077160279,39.726367998394,-57.9321497523652,-61.4597273759239,-0.651535968135174,-1.55336344824698,0.145729324843426,0.0444652389006731,33.5235330682052,52.2468876444307,39.5648574702353,2.20355391708788
2011-06-04,-57.9333333333333,-61.4166666666667,0.278242967526118,351.392982991536,0.235906664033731,39.726367998394,-57.9321497523652,-61.4597273759239,-0.669376215764454,-1.55365601069945,0.171110168981709,0.0798483527496569,33.5249270388955,50.4823209325174,39.5648574702353,17.1404429230397
2011-06-05,-57.9333333333333,-61.4166666666667,0.270987717807293,351.455181884766,0.181725173691909,39.726367998394,-57.9321497523652,-61.4597273759239,-0.723805631013741,-1.55931111923734,0.0682237838864102,0.110580262328897,33.5264529034607,50.9596029582776,39.5648574702353,38.0671780849862
2011-06-06,-57.9333333333333,-61.4166666666667,0.25931731214126,350.872758992513,0.226167241732279,39.726367998394,-57.9321497523652,-61.4597273759239,-0.824706709026394,-1.5704377490775,0.00448369657746831,0.0829552747309208,33.532837573747,52.9605156604509,39.5648574702353,79.8552032628231
2011-06-07,-57.9333333333333,-61.4166666666667,0.254901547729969,350.554914347331,0.405741042892138,39.726367998394,-57.9321497523652,-61.4597273759239,-0.885345379436823,-1.57560180766242,0.0541531447797341,0.0257388061766786,33.5449415794889,55.2752185011269,39.5648574702353,26.5980152068736
2011-06-08,-57.9333333333333,-61.4166666666667,0.256607850392659,350.579725138346,0.315892937282721,39.726367998394,-57.9321497523652,-61.4597273759239,-0.938279620686868,-1.56193501787974,0.127152042701504,0.0457961210714919,33.5527204786028,54.8449764466824,39.5648574702353,0.0434636897811984
2011-06-09,-57.9333333333333,-61.4166666666667,0.258920987447103,351.114264933268,0.304377448062102,39.726367998394,-57.9321497523652,-61.4597273759239,-0.993535103206348,-1.55082788951415,0.131293840090135,0.0697382358287958,33.5535236444688,51.1368626329236,39.5648574702353,3.50101511668089
2011-06-10,-57.9333333333333,-61.4166666666667,0.259732953707377,351.365500895182,0.283722809453805,39.726367998394,-57.9321497523652,-61.4597273759239,-1.03665569424629,-1.54632009957966,0.0942677751995791,0.0228200434125904,33.5563632706951,50.6469601724381,39.5648574702353,6.90709191861602
2011-06-11,-57.9333333333333,-61.4166666666667,0.252432132263978,351.108161417643,0.116715039561192,39.726367998394,-57.9321497523652,-61.4597273759239,-1.05376349960951,-1.55271062994362,0.0453876779603779,-0.039772731174988,33.5644633501096,53.9598249385231,39.5648574702353,66.6578891453398
2011-06-12,-57.9333333333333,-61.4166666666667,0.243013179798921,351.168642171224,0.0987298970421155,39.726367998394,-57.9321497523652,-61.4597273759239,-1.06660329735369,-1.55019112681984,0.0588663035261452,-0.0118448531213111,33.5653640488933,49.0544904694521,39.5648574702353,37.3462761945202
2011-06-13,-57.9333333333333,-61.4166666666667,0.236663913726807,351.405019124349,0.118803563217322,39.726367998394,-57.9321497523652,-61.4597273759239,-1.09458211871018,-1.53851263774069,0.0609085202161083,0.00970626287722498,33.5596159741394,42.7305043335248,39.5648574702353,26.2870468259873
2011-06-14,-57.9333333333333,-61.4166666666667,0.230786231656869,351.73955078125,0.0712240216632684,39.726367998394,-57.9321497523652,-61.4597273759239,-1.12228558005247,-1.52935478606618,0.0567460706863636,0.0174230860084071,33.5526633298487,40.6395275144649,39.5648574702353,26.6741300186652
2011-06-15,-57.9333333333333,-61.4166666666667,0.226627312600613,352.216361490885,0.153578431159258,39.726367998394,-57.9321497523652,-61.4597273759239,-1.18231021125514,-1.52646471100642,0.0971108148980858,0.0376754438966737,33.5397847397883,35.7445190221743,39.5648574702353,4.02315489709589
2011-06-16,-57.9333333333333,-61.4166666666667,0.222822915017605,352.546158854167,0.0895401036987702,39.726367998394,-57.9321497523652,-61.4597273759239,-1.19727024973783,-1.52933528190269,0.0879667351456513,-0.0144148327662308,33.5407771060341,38.4625020708357,39.5648574702353,23.881941108388
2011-06-17,-57.9333333333333,-61.4166666666667,0.218142389257749,352.874237060547,0.0773478645831347,39.726367998394,-57.9321497523652,-61.4597273759239,-1.19877368592678,-1.52698214430558,0.109923999560507,0.00189535999040406,33.5406794870706,41.3474192153242,39.5648574702353,10.0042693068613
2011-06-18,-57.9333333333333,-61.4166666666667,0.215210336943467,353.244421386719,0.118070918818315,39.726367998394,-57.9321497523652,-61.4597273759239,-1.21514353783507,-1.51807900344519,0.0717368541159352,0.010548390111977,33.5411499281575,42.3490230194608,39.5648574702353,19.6753882454107
2011-06-19,-57.9333333333333,-61.4166666666667,0.211307780941327,353.374947102865,0.0909842953085899,39.726367998394,-57.9321497523652,-61.4597273759239,-1.22027340015971,-1.51197644776868,0.0387424445690069,0.011202358157563,33.5493016493948,45.3916956464151,39.5648574702353,42.3891202333096
2011-06-20,-57.9333333333333,-61.4166666666667,0.206130291521549,353.272270711263,0.0875337411959966,39.726367998394,-57.9321497523652,-61.4597273759239,-1.25101403231011,-1.51798148128323,0.0923127542789045,-0.0171110168715617,33.5551242971779,47.4264543612201,39.5648574702353,23.9922903604581
2011-06-21,-57.9333333333333,-61.4166666666667,0.202850670615832,353.826620483398,0.118416038403908,39.726367998394,-57.9321497523652,-61.4597273759239,-1.26252938011535,-1.53154041802973,0.142041862711198,0.0760668109458192,33.5551529934532,47.0891445919983,39.5648574702353,6.60578565665414
2011-06-22,-57.9333333333333,-61.4166666666667,0.200100622077783,354.397432454427,0.0963734738528728,39.726367998394,-57.9321497523652,-61.4597273759239,-1.29827320598122,-1.54315810051179,0.119492584699415,0.0202477690168565,33.5512406055192,43.9518185558176,39.5648574702353,2.98264754246665
2011-06-23,-57.9333333333333,-61.4166666666667,0.196071149408817,354.48505452474,0.148049213488897,39.726367998394,-57.9321497523652,-61.4597273759239,-1.30863756546401,-1.55509933045036,0.152340138933264,0.061287132911104,33.5565641446221,46.8614029597519,39.5648574702353,5.28574272531665
2011-06-24,-57.9333333333333,-61.4166666666667,0.19092082430919,353.986130777995,0.18426853120327,39.726367998394,-57.9321497523652,-61.4597273759239,-1.33253562808933,-1.55402544880272,0.10802634467924,0.0883958299217143,33.5681404457953,52.4241470358426,39.5648574702353,11.2065601259373
2011-06-25,-57.9333333333333,-61.4166666666667,0.187516956528028,354.153754679362,0.0843998028586308,39.726367998394,-57.9321497523652,-61.4597273759239,-1.37809585494206,-1.54698783562596,0.201653919511832,0.0243207278584403,33.5637864421185,46.4833634849778,39.5648574702353,31.5356408751267
2011-06-26,-57.9333333333333,-61.4166666666667,0.184557959934076,354.865197753906,0.089550955593586,39.726367998394,-57.9321497523652,-61.4597273759239,-1.37958277168131,-1.56245704611441,0.17672970496062,0.0244354590689553,33.5654615387881,50.5138719350772,39.5648574702353,15.4487453251672
2011-06-27,-57.9333333333333,-61.4166666666667,0.183142824470997,355.480081176758,0.150652286410332,39.726367998394,-57.9321497523652,-61.4597273759239,-1.39894023201519,-1.56870072273383,0.167897694527095,0.0504427365958691,33.5715881577112,51.6789674472092,39.5648574702353,9.51426369650495
2011-06-28,-57.9333333333333,-61.4166666666667,0.180773241321246,355.956247965495,0.0817079987376928,39.726367998394,-57.9321497523652,-61.4597273759239,-1.42557531886531,-1.5693523960006,0.2028677753712,0.0300435220920726,33.5775713956446,53.0551687649318,39.5648574702353,31.508378525355
2011-06-29,-57.9333333333333,-61.4166666666667,0.178045462568601,356.395621744792,0.100047858680288,39.726367998394,-57.9321497523652,-61.4597273759239,-1.43136603289977,-1.57259470089934,0.119705985041153,0.0530792603311234,33.5833079832837,53.8829546942747,39.5648574702353,0.529674749573994
2011-06-30,-57.9333333333333,-61.4166666666667,0.177071507275105,356.583330281576,0.139956347147624,39.726367998394,-57.9321497523652,-61.4597273759239,-1.45116405357096,-1.56659310876875,0.0902177617233947,0.0640475667200815,33.602904197865,55.6882508249211,39.5648574702353,7.94793136700301
2011-07-01,-57.9333333333333,-61.4166666666667,0.175420286258062,356.173892211914,0.144554590930541,39.726367998394,-57.9321497523652,-61.4597273759239,-1.46809562906287,-1.56206466515261,0.0570145415744387,0.0508144655846115,33.628064650342,58.3064177090064,39.5648574702353,23.1585764927466
2011-07-02,-57.9333333333333,-61.4166666666667,0.172011217971643,355.744654337565,0.0425303059940537,39.726367998394,-57.9321497523652,-61.4597273759239,-1.48565777553652,-1.55667688613547,0.118189237997832,0.0120513691545877,33.6457619631201,59.6464784557658,39.5648574702353,5.35057743386988
2011-07-03,-57.9333333333333,-61.4166666666667,0.168529537816842,356.156551106771,0.0553655952836076,39.726367998394,-57.9321497523652,-61.4597273759239,-1.5414336745004,-1.56945565051602,0.142248378618431,0.0419411516531294,33.630606070497,33.0018686100953,39.5648574702353,1.55616375366633
2011-07-04,-57.9333333333333,-61.4166666666667,0.169198878109455,357.366876220703,0.180945677186052,39.726367998394,-57.9321497523652,-61.4597273759239,-1.57096274320344,-1.57508322170803,0.119368674835764,0.0782857132809503,33.6238886180677,28.9610342585055,39.5648574702353,5.98702122687768
2011-07-05,-57.9333333333333,-61.4166666666667,0.170125203331312,358.191797892253,0.133624145016074,39.726367998394,-57.9321497523652,-61.4597273759239,-1.57013942962302,-1.57116973489747,0.133455376413868,0.060516139170281,33.6236476181145,37.2813440301365,39.5648574702353,1.72704514158684
2011-07-06,-57.9333333333333,-61.4166666666667,0.169861370821794,358.127112833659,0.246277653922637,39.726367998394,-57.9321497523652,-61.4597273759239,-1.56600359552785,-1.56121794845825,0.0840268645127465,0.0135084560519098,33.6273360575052,42.0220390370018,39.5648574702353,12.9672116883212
2011-07-07,-57.9333333333333,-61.4166666666667,0.168447350958983,357.256889851888,0.246792824814717,39.726367998394,-57.9321497523652,-61.4597273759239,-1.55029184208777,-1.54722417790191,0.0675629318404691,-0.0353257482997457,33.6442588863516,54.0183376979111,39.5648574702353,47.8891661398691
2011-07-08,-57.9333333333333,-61.4166666666667,0.16474683880806,356.226123046875,0.14885781009992,39.726367998394,-57.9321497523652,-61.4597273759239,-1.53817897900603,-1.54035866170898,0.0940314285261066,-0.0375928375729941,33.6611072999194,61.1930558878676,39.5648574702353,38.0847160960515
2011-07-09,-57.9333333333333,-61.4166666666667,0.162852293252945,355.755085245768,0.188641160478195,39.726367998394,-57.9321497523652,-61.4597273759239,-1.53948691196011,-1.53840823549973,0.074676268390919,-0.00244836471414656,33.6712898168349,62.9685224052659,39.5648574702353,23.3660202393367
2011-07-10,-57.9333333333333,-61.4166666666667,0.160494745274385,354.831304931641,0.154516213635604,39.726367998394,-57.9321497523652,-61.4597273759239,-1.53917576451051,-1.5363074980284,0.0602545517783864,0.0269733141491512,33.6885624505523,65.6503655749156,39.5648574702353,22.2583296048998
2011-07-11,-57.9333333333333,-61.4166666666667,0.157720884680748,354.257089233398,0.116444867352645,39.726367998394,-57.9321497523652,-61.4597273759239,-1.53611106263067,-1.52986419604237,0.128482924760284,0.0205644272912042,33.699656809183,67.5893239724009,39.5648574702353,2.84004189653985
2011-07-12,-57.9333333333333,-61.4166666666667,0.156545028587182,354.405822753906,0.143624833474557,39.726367998394,-57.9321497523652,-61.4597273759239,-1.54059384012581,-1.52872147506341,0.0928726432550895,0.0309315419062636,33.7028462833032,67.8864779328941,39.5648574702353,5.94467917493313
2011-07-13,-57.9333333333333,-61.4166666666667,0.156456611057123,354.782406616211,0.175528082748254,39.726367998394,-57.9321497523652,-61.4597273759239,-1.54422577386512,-1.53829234972932,0.12486430151122,0.0719823788263296,33.7078484700138,68.0516907577228,39.5648574702353,3.88679307987344
2011-07-14,-57.9333333333333,-61.4166666666667,0.155905863642693,354.834683227539,0.155713859945536,39.726367998394,-57.9321497523652,-61.4597273759239,-1.55377233028412,-1.55562250506609,0.137381479928368,0.0516221735318352,33.7132636765788,68.101025405683,39.5648574702353,1.08191767075091
2011-07-15,-57.9333333333333,-61.4166666666667,0.154329595466455,354.33405456543,0.144557536641757,39.726367998394,-57.9321497523652,-61.4597273759239,-1.56006419076059,-1.56660343605773,0.0770489106276878,0.0329186868454729,33.7216274003337,69.1697472271166,39.5648574702353,11.9971737620676
2011-07-16,-57.9333333333333,-61.4166666666667,0.150964503486951,353.507314046224,0.102680534869432,39.726367998394,-57.9321497523652,-61.4597273759239,-1.56465160667448,-1.56597814613715,0.14967837384937,0.058655198397381,33.7336969447315,69.7617601953951,39.5648574702353,4.16882086546583
2011-07-17,-57.9333333333333,-61.4166666666667,0.147811974088351,353.198426310221,0.0948914758861065,39.726367998394,-57.9321497523652,-61.4597273759239,-1.5866084148113,-1.57586683411347,0.12053893408493,0.0780493669155845,33.7331806555726,65.5287506598279,39.5648574702353,5.85050395036255
2011-07-18,-57.9333333333333,-61.4166666666667,0.144722059865793,352.67177327474,0.0774589190880458,39.726367998394,-57.9321497523652,-61.4597273759239,-1.5852041002503,-1.57582094525932,0.0853761035416808,-0.0185772821139124,33.7481708096382,68.3717908321467,39.5648574702353,27.3904842285804
2011-07-19,-57.9333333333333,-61.4166666666667,0.142264858881632,352.678068033854,0.0751367896795273,39.726367998394,-57.9321497523652,-61.4597273759239,-1.60215495313917,-1.56684436565055,0.164067965378999,0.0507318590928737,33.751589753574,65.9050685122497,39.5648574702353,7.95350251518158
2011-07-20,-57.9333333333333,-61.4166666666667,0.141476611296336,353.350845336914,0.0992677959303061,39.726367998394,-57.9321497523652,-61.4597273759239,-1.63416496748315,-1.56094718517217,0.131734408270148,0.0103349899943162,33.7425200096647,48.9862255440619,39.5648574702353,5.94554166375904
2011-07-21,-57.9333333333333,-61.4166666666667,0.141648520032565,354.064797973633,0.137958563615878,39.726367998394,-57.9321497523652,-61.4597273759239,-1.67414650881201,-1.55264867024314,0.101619752502083,-0.00952957668586781,33.7237384337232,21.580947008348,39.5648574702353,17.054047791023
2011-07-22,-57.9333333333333,-61.4166666666667,0.142851156989733,354.007289632161,0.207183217008909,39.726367998394,-57.9321497523652,-61.4597273759239,-1.66384548262546,-1.55340819609793,0.0488204366170374,-0.00976133378768774,33.7381198424146,43.3890617521186,39.5648574702353,43.3244453569906
2011-07-23,-57.9333333333333,-61.4166666666667,0.140541379650434,353.197224934896,0.0939972712347905,39.726367998394,-57.9321497523652,-61.4597273759239,-1.64700201445056,-1.54551353893782,0.0558947647844714,-0.0625445872433203,33.7504650058603,60.4834438840249,39.5648574702353,80.5648410001807
2011-07-24,-57.9333333333333,-61.4166666666667,0.13865988055865,352.548485310872,0.173994729419549,39.726367998394,-57.9321497523652,-61.4597273759239,-1.64773721578426,-1.54938112748297,0.0236323409314666,-0.00687699046518121,33.7574406674034,65.8281990890216,39.5648574702353,64.1071860191711
2011-07-25,-57.9333333333333,-61.4166666666667,0.138560162981351,352.004126993815,0.147693168868621,39.726367998394,-57.9321497523652,-61.4597273759239,-1.6495986137175,-1.55310530232308,0.0554932052815767,0.0244721731913269,33.7643021461659,67.9989143063251,39.5648574702353,25.9017058054315
2011-07-26,-57.9333333333333,-61.4166666666667,0.137815503279368,351.567640177409,0.164585715780656,39.726367998394,-57.9321497523652,-61.4597273759239,-1.65204927482103,-1.55277143743701,0.0825950187679968,0.0645202594087984,33.7681630500277,67.010504926954,39.5648574702353,10.9653561327491
2011-07-27,-57.9333333333333,-61.4166666666667,0.137927823265394,351.004529825846,0.21192010641098,39.726367998394,-57.9321497523652,-61.4597273759239,-1.66125989408421,-1.54810416877718,0.0438709310571054,0.0492426474487647,33.770038733805,65.0514687846478,39.5648574702353,32.8306733432395
2011-07-28,-57.9333333333333,-61.4166666666667,0.137516811490059,350.114182535807,0.177061799665292,39.726367998394,-57.9321497523652,-61.4597273759239,-1.66562978351923,-1.54704863818965,0.039855337638716,0.0367254694237521,33.7790169966848,67.8818883824169,39.5648574702353,36.2985187838799
2011-07-29,-57.9333333333333,-61.4166666666667,0.136603395144145,349.560074869792,0.127304714545608,39.726367998394,-57.9321497523652,-61.4597273759239,-1.67272567659392,-1.55342196297825,0.0333156568187296,0.0471820745309045,33.7842086419127,68.3310611445205,39.5648574702353,41.8389200761853
2011-07-30,-57.9333333333333,-61.4166666666667,0.135819477836291,349.060172526042,0.141292986646295,39.726367998394,-57.9321497523652,-61.4597273759239,-1.67504967603468,-1.54224828714715,0.010546095249124,0.0324253426878748,33.7922512857537,70.1294731806992,39.5648574702353,65.8821765022931
2011-07-31,-57.9333333333333,-61.4166666666667,0.135900504887104,348.570133463542,0.163329111536344,39.726367998394,-57.9321497523652,-61.4597273759239,-1.67638239286896,-1.53317304840662,0.0687079491808002,0.0255483521526693,33.7998465344422,71.293421652084,39.5648574702353,17.418694679149
2011-08-01,-57.9333333333333,-61.4166666666667,0.136875334878763,348.557871500651,0.175621822228034,39.726367998394,-57.9321497523652,-61.4597273759239,-1.67805655154967,-1.5388304389509,0.051353702279634,0.0231206391314815,33.805778073189,71.4637973900128,39.5648574702353,29.1282603792882
2011-08-02,-57.9333333333333,-61.4166666666667,0.13731258114179,348.335110473633,0.179827137291431,39.726367998394,-57.9321497523652,-61.4597273759239,-1.67938651671087,-1.5425706810521,0.0631090651609396,0.0167599393517003,33.8146123240765,72.6357770647321,39.5648574702353,22.7292749306679
2011-08-03,-57.9333333333333,-61.4166666666667,0.137610967457294,348.127491251628,0.1627996707956,39.726367998394,-57.9321497523652,-61.4597273759239,-1.68440348268452,-1.54928245983626,0.0703279546749099,0.0262642753751654,33.8207503440685,73.2897449973831,39.5648574702353,16.3938411651466
2011-08-04,-57.9333333333333,-61.4166666666667,0.137646389504274,348.128513590495,0.173621046294769,39.726367998394,-57.9321497523652,-61.4597273759239,-1.69026579265308,-1.55549630276243,0.0486208042339947,0.0477236057946781,33.8279265640374,74.164570754632,39.5648574702353,29.0357732190057
2011-08-05,-57.9333333333333,-61.4166666666667,0.137058487534523,347.950735473633,0.183978918691476,39.726367998394,-57.9321497523652,-61.4597273759239,-1.69694865601403,-1.55548597681791,0.0732122977173194,0.0632237963854594,33.835745316699,73.6488537214752,39.5648574702353,15.1035022058086
2011-08-06,-57.9333333333333,-61.4166666666667,0.135950360198816,347.681322224935,0.192701967060566,39.726367998394,-57.9321497523652,-61.4597273759239,-1.71060626399248,-1.55385335092258,0.102842787462742,0.113453132625585,33.8402426726836,70.4432627491485,39.5648574702353,26.4455399755232
2011-08-07,-57.9333333333333,-61.4166666666667,0.137169814109802,348.027572631836,0.373342245817184,39.726367998394,-57.9321497523652,-61.4597273759239,-1.72273565055732,-1.55803874650396,0.0999515604199772,0.0905298310423032,33.8400188532091,67.2336565211303,39.5648574702353,13.8501221812707
2011-08-08,-57.9333333333333,-61.4166666666667,0.14084424128135,348.571157836914,0.475776023169359,39.726367998394,-57.9321497523652,-61.4597273759239,-1.7364510790746,-1.56267962419897,0.116539402731827,0.0795752928361185,33.8402539733657,64.655645438603,39.5648574702353,6.62814413332124
2011-08-09,-57.9333333333333,-61.4166666666667,0.144903705020746,348.837279256185,0.420670184493065,39.726367998394,-57.9321497523652,-61.4597273759239,-1.75029041847788,-1.56708530151754,0.110057087825205,0.0516382356111268,33.8387452175743,61.4420233310613,39.5648574702353,1.3618574568395
2011-08-10,-57.9333333333333,-61.4166666666667,0.147575887292624,349.194770304362,0.243218217541774,39.726367998394,-57.9321497523652,-61.4597273759239,-1.77468962239144,-1.57188107106919,0.0880722878850941,-0.0112918485096075,33.8179791099147,35.4410550576404,39.5648574702353,22.0644913695968
2011-08-11,-57.9333333333333,-61.4166666666667,0.151205702871084,349.946856689453,0.566452955702941,39.726367998394,-57.9321497523652,-61.4597273759239,-1.78839679723395,-1.58428122047195,0.0412734155228039,0.0472164937764182,33.8144282577629,22.5877137076586,39.5648574702353,34.8813379598823
2011-08-12,-57.9333333333333,-61.4166666666667,0.156353418529034,349.659531656901,0.672626659274101,39.726367998394,-57.9321497523652,-61.4597273759239,-1.79380201441901,-1.58004419785693,0.0485680279062879,0.00670718823216463,33.8263602579447,44.9138401146222,39.5648574702353,36.0020371622266
2011-08-13,-57.9333333333333,-61.4166666666667,0.16008682847023,349.386348470052,0.589678173760573,39.726367998394,-57.9321497523652,-61.4597273759239,-1.80151746057926,-1.58063047272818,0.0522256597344364,0.0553165194963602,33.8295669268845,51.5848882108703,39.5648574702353,26.9200685870502
2011-08-14,-57.9333333333333,-61.4166666666667,0.163308255374432,349.187283325195,0.489273409545422,39.726367998394,-57.9321497523652,-61.4597273759239,-1.8078836677666,-1.56756717325153,0.0460072264103289,0.00937813126895213,33.828872709346,53.389037099996,39.5648574702353,37.0223111085245
2011-08-15,-57.9333333333333,-61.4166666666667,0.16613493313392,348.82212117513,0.504903307060401,39.726367998394,-57.9321497523652,-61.4597273759239,-1.81442610303262,-1.55615945149185,0.0651099778207621,0.0021890721430904,33.8319302322273,54.3137708785839,39.5648574702353,26.5615791389335
2011-08-16,-57.9333333333333,-61.4166666666667,0.168342011918624,348.576205444336,0.402466772248348,39.726367998394,-57.9321497523652,-61.4597273759239,-1.8212136021234,-1.55090819713765,0.101337513711331,0.00770076082781293,33.8345288441594,53.1561328127868,39.5648574702353,9.36330449495405
2011-08-17,-57.9333333333333,-61.4166666666667,0.170913681636254,348.706798299154,0.441586665809155,39.726367998394,-57.9321497523652,-61.4597273759239,-1.82403874531724,-1.56150821859675,0.175752195382589,0.0121385651199441,33.8359802360822,51.1672664979347,39.5648574702353,18.1196934595921
2011-08-18,-57.9333333333333,-61.4166666666667,0.17481040507555,349.186163330078,0.569854287306468,39.726367998394,-57.9321497523652,-61.4597273759239,-1.8206601375924,-1.58882457779762,0.132386081648948,0.0522118920558377,33.8384412894572,50.209834367709,39.5648574702353,0.62125322018324
2011-08-19,-57.9333333333333,-61.4166666666667,0.180702689786752,349.494543457031,0.763232532143593,39.726367998394,-57.9321497523652,-61.4597273759239,-1.82377440454368,-1.59790211154106,0.0730310225425134,0.0531916965107272,33.8368407944988,50.3968460506066,39.5648574702353,13.7819202708301
2011-08-20,-57.9333333333333,-61.4166666666667,0.188785742968321,349.444086710612,0.572101341684659,39.726367998394,-57.9321497523652,-61.4597273759239,-1.82567985837621,-1.58362954944596,0.122138287605984,0.0150252033473182,33.8365884221586,53.0683632936693,39.5648574702353,4.26098518456916
2011-08-21,-57.9333333333333,-61.4166666666667,0.195656385769447,349.498689778646,0.443548955023289,39.726367998394,-57.9321497523652,-61.4597273759239,-1.83577161758466,-1.5756649083661,0.135591672229251,0.0296396682725141,33.8331235010821,50.119196644403,39.5648574702353,1.63458695377337
2011-08-22,-57.9333333333333,-61.4166666666667,0.204513523479303,349.990569051107,0.895920651654402,39.726367998394,-57.9321497523652,-61.4597273759239,-1.84445356023043,-1.57770023982328,0.140174037951948,0.0100619296186176,33.8293546662295,47.1688825851096,39.5648574702353,6.98461008356098
2011-08-23,-57.9333333333333,-61.4166666666667,0.21295393606027,350.415634155273,0.960590647657712,39.726367998394,-57.9321497523652,-61.4597273759239,-1.84426356796035,-1.58774036930916,0.184359332588606,0.014559394126772,33.8356017492768,48.6747300427659,39.5648574702353,22.1363858516674
2011-08-24,-57.9333333333333,-61.4166666666667,0.214415329694748,351.162563069661,0.999332325657209,39.726367998394,-57.9321497523652,-61.4597273759239,-1.83722824844203,-1.59901271278697,0.174001396556658,0.0831434344102566,33.8383380058117,48.6942344285492,39.5648574702353,19.7550999959764
2011-08-25,-57.9333333333333,-61.4166666666667,0.211952295402686,350.961140950521,0.937693306306998,39.726367998394,-57.9321497523652,-61.4597273759239,-1.82533291094285,-1.60542733373499,0.117824392659324,0.0880585200804517,33.8368292643612,48.6231012308508,39.5648574702353,9.90017903646262
2011-08-26,-57.9333333333333,-61.4166666666667,0.214526262879372,350.89157409668,1.06854623556137,39.726367998394,-57.9321497523652,-61.4597273759239,-1.82548711174413,-1.59286311604923,0.132115316178117,0.0510439279916367,33.8359687059446,48.1463928617033,39.5648574702353,0.513009436033038
2011-08-27,-57.9333333333333,-61.4166666666667,0.219641570746899,350.849698893229,1.28494186600049,39.726367998394,-57.9321497523652,-61.4597273759239,-1.83046277438788,-1.58314079449589,0.170839403720951,0.0295088745905717,33.8405750819615,48.3718397706971,39.5648574702353,11.6907932238258
2011-08-28,-57.9333333333333,-61.4166666666667,0.227799757818381,350.767637125651,1.43934022883574,39.726367998394,-57.9321497523652,-61.4597273759239,-1.8353971359425,-1.58518644920865,0.128040062473681,0.0248920895663419,33.8459846525264,49.2007730957261,39.5648574702353,1.89948168889407
2011-08-29,-57.9333333333333,-61.4166666666667,0.239037320017815,350.229904174805,1.58720872203509,39.726367998394,-57.9321497523652,-61.4597273759239,-1.83802127031455,-1.5839703015815,0.137032696837209,0.00444239354167218,33.8552146567438,53.0918834012254,39.5648574702353,8.61985669242088
2011-08-30,-57.9333333333333,-61.4166666666667,0.248084951440493,349.771765136719,1.46348889271418,39.726367998394,-57.9321497523652,-61.4597273759239,-1.83859676391559,-1.5772952325362,0.168391038880761,0.0474138316327244,33.8644619418266,56.3112423437879,39.5648574702353,9.58220134208019
2011-08-31,-57.9333333333333,-61.4166666666667,0.260072350005309,349.630513509115,1.51210769116879,39.726367998394,-57.9321497523652,-61.4597273759239,-1.84238839956155,-1.57600221598059,0.171782494025459,0.0492954237764715,33.8698371944571,56.9669313143967,39.5648574702353,11.200164559457
2011-09-01,-57.9333333333333,-61.4166666666667,0.280391290783882,349.76042582194,1.28398577173551,39.726367998394,-57.9321497523652,-61.4597273759239,-1.84502630350285,-1.5806488327514,0.178354298821966,-0.00223955383202187,33.8738756968563,57.4562601361956,39.5648574702353,25.1102761734632
2011-09-02,-57.9333333333333,-61.4166666666667,0.300193154315154,349.894101969401,1.59047075609366,39.726367998394,-57.9321497523652,-61.4597273759239,-1.84554671882687,-1.59696935128449,0.18507525557302,0.0272234283191593,33.8776272938664,55.1576193436644,39.5648574702353,19.6264471611896
2011-09-03,-57.9333333333333,-61.4166666666667,0.33376593987147,350.629624430339,2.11194229722023,39.726367998394,-57.9321497523652,-61.4597273759239,-1.85119149604238,-1.60146681617077,0.131495767336031,-0.00711563146932233,33.8737895650075,49.2191298491973,39.5648574702353,13.3442214052342
2011-09-04,-57.9333333333333,-61.4166666666667,0.37892360240221,351.283460489909,2.64080126682917,39.726367998394,-57.9321497523652,-61.4597273759239,-1.85666555435138,-1.60491793451453,0.0859635275669564,-0.00396511161741906,33.8648979502513,38.4384086795319,39.5648574702353,19.069826401482
2011-09-05,-57.9333333333333,-61.4166666666667,0.430776047706604,351.67548828125,4.02695813179016,39.726367998394,-57.9321497523652,-61.4597273759239,-1.86528416190829,-1.60756248594227,0.0713995445407647,0.0420031064098939,33.8518016212865,23.7923917017485,39.5648574702353,14.2476977921123
2011-09-06,-57.9333333333333,-61.4166666666667,0.471480480829875,352.047576904297,3.19066236416499,39.726367998394,-57.9321497523652,-61.4597273759239,-1.85532732520785,-1.60972058055992,0.0369870565075399,0.0682100160117436,33.8620124616121,37.670282962627,39.5648574702353,41.4084378012328
2011-09-07,-57.9333333333333,-61.4166666666667,0.502439725399017,352.642604573568,3.35747474630674,39.726367998394,-57.9321497523652,-61.4597273759239,-1.85370548999399,-1.61539977520032,0.084010801859256,0.0738639712501737,33.8653281505843,44.3889447047298,39.5648574702353,12.7230999659684
2011-09-08,-57.9333333333333,-61.4166666666667,0.499181671937307,351.690545654297,3.12531475424767,39.726367998394,-57.9321497523652,-61.4597273759239,-1.84769174075664,-1.6182588778044,0.0602981490888318,0.0596786011150457,33.8741910403832,53.425177355458,39.5648574702353,21.9765797755224
2011-09-09,-57.9333333333333,-61.4166666666667,0.507942005991936,351.28073832194,3.03197680711746,39.726367998394,-57.9321497523652,-61.4597273759239,-1.84456645725365,-1.61231120591773,0.107117673774299,0.0351123480420364,33.8764800021523,54.4566114755501,39.5648574702353,1.95664462691846
2011-09-10,-57.9333333333333,-61.4166666666667,0.508458994328976,350.981408691406,2.80746323664983,39.726367998394,-57.9321497523652,-61.4597273759239,-1.84134205033008,-1.59995809399096,0.133854641418036,0.0523748104145428,33.8813273207586,56.9491477263601,39.5648574702353,0.757679205407574
2011-09-11,-57.9333333333333,-61.4166666666667,0.51571157425642,351.036642456055,2.97225770552953,39.726367998394,-57.9321497523652,-61.4597273759239,-1.84396893278997,-1.58907698912728,0.149774748341818,-0.0106585319749171,33.8771224631403,53.0000982714775,39.5648574702353,18.1271619181639
2011-09-12,-57.9333333333333,-61.4166666666667,0.524503949284554,351.00461324056,1.85888346930345,39.726367998394,-57.9321497523652,-61.4597273759239,-1.8364297147084,-1.57118006218645,0.172431873479732,-0.0676822523285348,33.8724414997531,51.688146612698,39.5648574702353,73.8509219980551
2011-09-13,-57.9333333333333,-61.4166666666667,0.55659036586682,351.400987752279,3.52456460197767,39.726367998394,-57.9321497523652,-61.4597273759239,-1.83545220704903,-1.56604010270054,0.139058850425527,0.0293895539904672,33.8663492704693,48.0488715243519,39.5648574702353,2.10744637373071
2011-09-14,-57.9333333333333,-61.4166666666667,0.618711877365907,352.201192220052,3.5077698469162,39.726367998394,-57.9321497523652,-61.4597273759239,-1.84033976192761,-1.55843916244077,0.13868712139477,-0.0463215901299303,33.8528854972438,38.9002020161851,39.5648574702353,41.8543823616624
2011-09-15,-57.9333333333333,-61.4166666666667,0.683283602197965,353.287025960286,3.70405503511429,39.726367998394,-57.9321497523652,-61.4597273759239,-1.84646640325847,-1.554229669553,0.16349660434333,-0.00918308833151832,33.8256772693835,29.1033010375231,39.5648574702353,21.7068592075269
2011-09-16,-57.9333333333333,-61.4166666666667,0.735342059532801,354.21587117513,2.85198893149694,39.726367998394,-57.9321497523652,-61.4597273759239,-1.84214333663309,-1.55616862522928,0.159341038659887,-0.0381871455005909,33.8050661015331,17.9818278434581,39.5648574702353,39.843491424456
2011-09-17,-57.9333333333333,-61.4166666666667,0.77228487432003,354.653475952148,4.39184648195902,39.726367998394,-57.9321497523652,-61.4597273759239,-1.83359906816841,-1.55402315379982,0.155564086371683,0.0484739482486831,33.815523577812,29.5094496002771,39.5648574702353,4.84640894696847
2011-09-18,-57.9333333333333,-61.4166666666667,0.820379360516866,355.345180257161,5.8253245194753,39.726367998394,-57.9321497523652,-61.4597273759239,-1.83292444890603,-1.54996740549131,0.150486081782588,0.0717735680422388,33.8127069831791,31.2545118762138,39.5648574702353,7.1431823199536
2011-09-19,-57.9333333333333,-61.4166666666667,0.874303481976191,356.231028238932,5.54668491681417,39.726367998394,-57.9321497523652,-61.4597273759239,-1.82990105170056,-1.55291369893497,0.117491671871534,0.070720335272582,33.8093166207909,30.471471148326,39.5648574702353,3.80545521823984
2011-09-20,-57.9333333333333,-61.4166666666667,0.888895886143049,355.798043823242,4.77416623433431,39.726367998394,-57.9321497523652,-61.4597273759239,-1.82227647080457,-1.55412182144653,0.0869157970287746,0.0246878677797049,33.8121331580599,33.8623530775085,39.5648574702353,9.03755781869132
2011-09-21,-57.9333333333333,-61.4166666666667,0.860239425301552,354.502705891927,4.08323247432709,39.726367998394,-57.9321497523652,-61.4597273759239,-1.81760094085134,-1.56844946047417,0.14307903278535,0.074683152685376,33.8188506248302,37.2543822661378,39.5648574702353,6.35790259491837
2011-09-22,-57.9333333333333,-61.4166666666667,0.822825125853221,353.636395263672,3.98175963958104,39.726367998394,-57.9321497523652,-61.4597273759239,-1.81116865496886,-1.57318900536774,0.163735245109389,0.110876268700213,33.8301630235256,44.691835116623,39.5648574702353,29.89773787527
2011-09-23,-57.9333333333333,-61.4166666666667,0.814131596684456,353.929548136393,4.06043798923492,39.726367998394,-57.9321497523652,-61.4597273759239,-1.81124575156018,-1.58335075252935,0.185740696798478,0.0734073412009424,33.8340753397547,45.1960790677178,39.5648574702353,22.8999729520935
2011-09-24,-57.9333333333333,-61.4166666666667,0.833301439881325,354.62001546224,3.48081123828888,39.726367998394,-57.9321497523652,-61.4597273759239,-1.81388365326071,-1.58524955349757,0.228624939554392,-0.0311380582756566,33.8317406016185,43.3970932637839,39.5648574702353,82.2660257085414
2011-09-25,-57.9333333333333,-61.4166666666667,0.881834279497465,355.396495564779,5.44736737807592,39.726367998394,-57.9321497523652,-61.4597273759239,-1.81338800926854,-1.59082549227808,0.192016496344056,0.0618699675747999,33.8340295347056,42.0868623059495,39.5648574702353,24.2096540379741
2011-09-26,-57.9333333333333,-61.4166666666667,0.893919598062833,354.879086303711,3.86239984830221,39.726367998394,-57.9321497523652,-61.4597273759239,-1.80206816895564,-1.59912285544819,0.21430189091068,0.0822187000815582,33.8419231615568,48.06665476462,39.5648574702353,47.371833688337
2011-09-27,-57.9333333333333,-61.4166666666667,0.781003946065903,351.106393432617,3.0934574842453,39.726367998394,-57.9321497523652,-61.4597273759239,-1.76406642951463,-1.61002691258165,0.157633838180761,0.145192382493077,33.8571136445927,54.7709748870448,39.5648574702353,56.5070577714284
2011-09-28,-57.9333333333333,-61.4166666666667,0.731072081128756,349.733034261068,2.14110427300135,39.726367998394,-57.9321497523652,-61.4597273759239,-1.73609587034785,-1.60431214741298,0.14464855645048,0.110880858257861,33.8686730090837,58.4549952234541,39.5648574702353,24.279288529356
2011-09-29,-57.9333333333333,-61.4166666666667,0.728082732359568,349.637004597982,2.67584239443143,39.726367998394,-57.9321497523652,-61.4597273759239,-1.74637762137822,-1.59383833632433,0.114458178401105,0.105456365188374,33.8675658147138,55.5339378521855,39.5648574702353,19.350606857506
2011-09-30,-57.9333333333333,-61.4166666666667,0.763853353261948,350.089931233724,3.70509569247564,39.726367998394,-57.9321497523652,-61.4597273759239,-1.76116969374786,-1.59664924745273,0.07514207716331,0.078070018818616,33.8704686272413,56.3376302073773,39.5648574702353,18.0687529268088
2011-10-01,-57.9333333333333,-61.4166666666667,0.820801231265068,350.470036824544,4.2596276919047,39.726367998394,-57.9321497523652,-61.4597273759239,-1.78328620491171,-1.6025016885951,0.101004792811503,0.0835862962206952,33.8747824188462,55.4335480883606,39.5648574702353,10.6118920450901
2011-10-02,-57.9333333333333,-61.4166666666667,0.89227895239989,351.091333007813,5.73633643786112,39.726367998394,-57.9321497523652,-61.4597273759239,-1.80141557697067,-1.59812583690299,0.101404058515913,0.0774596484476014,33.876543475273,54.273041463436,39.5648574702353,8.28651022353526
2011-10-03,-57.9333333333333,-61.4166666666667,0.964205811421076,351.896367390951,6.5573631922404,39.726367998394,-57.9321497523652,-61.4597273759239,-1.81428016307659,-1.59020249915302,0.0920006852120833,0.0933063275607905,33.8793429037682,52.5939495760695,39.5648574702353,17.4646770050824
2011-10-04,-57.9333333333333,-61.4166666666667,1.02461578448613,352.562502034505,7.19667463699977,39.726367998394,-57.9321497523652,-61.4597273759239,-1.81824802859385,-1.58143014746501,0.0679507232866341,0.0927280817544998,33.8832036785613,56.385243645288,39.5648574702353,27.9474670106917
2011-10-05,-57.9333333333333,-61.4166666666667,1.079030474027,353.100445556641,7.44670374393463,39.726367998394,-57.9321497523652,-61.4597273759239,-1.81924481051309,-1.58224588677399,0.0558396943221639,0.0829185605245201,33.8866800724116,54.8409610941894,39.5648574702353,31.2696401455182
2011-10-06,-57.9333333333333,-61.4166666666667,1.15449995994568,354.270927937826,9.3189191699028,39.726367998394,-57.9321497523652,-61.4597273759239,-1.81739442599447,-1.57431336946057,0.132916139466758,0.0972278406913567,33.8876036306969,51.2584778670978,39.5648574702353,14.44633492391
2011-10-07,-57.9333333333333,-61.4166666666667,1.25449451108774,355.987046305339,8.19640239477158,39.726367998394,-57.9321497523652,-61.4597273759239,-1.81244078883551,-1.56591389770795,0.160697161255026,0.071766684293971,33.8874142725665,49.5162840570722,39.5648574702353,10.2916262803942
2011-10-08,-57.9333333333333,-61.4166666666667,1.32910142143567,357.484252929688,6.67647442817688,39.726367998394,-57.9321497523652,-61.4597273759239,-1.80647935634269,-1.57559147320296,0.191497910039541,0.0470421025739577,33.8813851005153,40.3796614058932,39.5648574702353,22.3267532743105
2011-10-09,-57.9333333333333,-61.4166666666667,1.34090519249439,358.516428629557,4.44870803952217,39.726367998394,-57.9321497523652,-61.4597273759239,-1.80252525770575,-1.59203476206701,0.178592940722417,0.0324689403484414,33.8753042292774,36.3497264797526,39.5648574702353,15.1776220176473
2011-10-10,-57.9333333333333,-61.4166666666667,1.38339043855667,359.491957600911,10.367733224233,39.726367998394,-57.9321497523652,-61.4597273759239,-1.81375974192655,-1.61392203309482,0.162491558637834,0.0623243030132656,33.8627411404947,27.8963284671755,39.5648574702353,8.78649268601434
2011-10-11,-57.9333333333333,-61.4166666666667,1.49472120205561,360.950037638346,13.2556438763936,39.726367998394,-57.9321497523652,-61.4597273759239,-1.81772485532259,-1.63001998116199,0.128414085863116,0.0989717556709858,33.8589664688684,29.0287257280565,39.5648574702353,15.1212388006254
2011-10-12,-57.9333333333333,-61.4166666666667,1.57885216077169,362.147192382812,9.03101788361867,39.726367998394,-57.9321497523652,-61.4597273759239,-1.81288135992853,-1.63955873295777,0.139001484456143,0.0820397194755033,33.8566317163912,31.8000587950972,39.5648574702353,8.21358026835478
2011-10-13,-57.9333333333333,-61.4166666666667,1.61454616387685,362.834814453125,8.76681617101034,39.726367998394,-57.9321497523652,-61.4597273759239,-1.80581850216801,-1.64172944628206,0.15049984967126,0.0592311490607217,33.8506428281167,31.0606160128027,39.5648574702353,4.46254359661144
2011-10-14,-57.9333333333333,-61.4166666666667,1.71441392699877,363.9650390625,16.7901227712631,39.726367998394,-57.9321497523652,-61.4597273759239,-1.81342656271798,-1.63577834152638,0.0684119426134162,0.0622003936537899,33.8370186511735,23.1034305507975,39.5648574702353,17.5017401125981
2011-10-15,-57.9333333333333,-61.4166666666667,1.86863028009733,365.760619099935,20.4251564820607,39.726367998394,-57.9321497523652,-61.4597273759239,-1.81453624300491,-1.62990180487023,0.103164034720538,0.0515900486449998,33.831712421618,21.3560737989899,39.5648574702353,2.60786530181593
2011-10-16,-57.9333333333333,-61.4166666666667,1.98912888566653,367.122896321615,20.9507712205251,39.726367998394,-57.9321497523652,-61.4597273759239,-1.80898508541566,-1.62348029532827,0.15473572678752,0.013010522434698,33.8135162152742,16.5918589247797,39.5648574702353,9.33215573834748
2011-10-17,-57.9333333333333,-61.4166666666667,2.00603978435198,367.094447835286,19.8451762676239,39.726367998394,-57.9321497523652,-61.4597273759239,-1.78149915189671,-1.62662852124164,0.18319366370937,0.071835523023081,33.8115542562384,21.980211724016,39.5648574702353,20.9304043275329
2011-10-18,-57.9333333333333,-61.4166666666667,2.03840708931287,367.268819173177,12.6207143465678,39.726367998394,-57.9321497523652,-61.4597273759239,-1.76004624680469,-1.62436028620354,0.168101915389411,0.0294239734740634,33.8060242215494,24.5283927487251,39.5648574702353,10.4787045591884
2011-10-19,-57.9333333333333,-61.4166666666667,2.01641682386398,366.605378214518,16.3312330563863,39.726367998394,-57.9321497523652,-61.4597273759239,-1.7324777070741,-1.6184585143749,0.182282697423396,-0.00140889958107382,33.8011769172841,25.7244659223055,39.5648574702353,26.9121620653304
2011-10-20,-57.9333333333333,-61.4166666666667,1.99348611632983,365.828350830078,16.1740630467733,39.726367998394,-57.9321497523652,-61.4597273759239,-1.70021160876841,-1.62190045046627,0.194818232152471,0.0431871329455223,33.8053243823518,31.0491429450817,39.5648574702353,24.5594196492858
2011-10-21,-57.9333333333333,-61.4166666666667,2.04998726050059,366.246750895182,18.0760142008464,39.726367998394,-57.9321497523652,-61.4597273759239,-1.67186381539008,-1.62424096487519,0.15306294527381,0.0497635274257203,33.8044924915285,33.1504457982859,39.5648574702353,4.17141882808609
2011-10-22,-57.9333333333333,-61.4166666666667,2.1334052224954,367.108741251628,16.2791903972626,39.726367998394,-57.9321497523652,-61.4597273759239,-1.65271288156509,-1.62886348523592,0.130197009435834,0.0560760403374084,33.7988994426297,32.5125400822862,39.5648574702353,0.865876730287681
2011-10-23,-57.9333333333333,-61.4166666666667,2.09253789583842,366.546512858073,10.3063510258993,39.726367998394,-57.9321497523652,-61.4597273759239,-1.63155735704236,-1.63070377057656,0.173918789462712,0.0657364104391265,33.7978553198334,34.2673543808155,39.5648574702353,14.4334249591425
2011-10-24,-57.9333333333333,-61.4166666666667,2.11266933878263,366.462238566081,15.3739912430445,39.726367998394,-57.9321497523652,-61.4597273759239,-1.61264597607735,-1.63749586594732,0.146319042751215,0.0832627545902155,33.7992033564058,36.6962146472214,39.5648574702353,9.99642932320426
2011-10-25,-57.9333333333333,-61.4166666666667,2.15204236706098,366.711412556966,9.95803478956222,39.726367998394,-57.9321497523652,-61.4597273759239,-1.60113063387405,-1.63486852233571,0.128572415518469,0.0269641356920837,33.7982051103635,38.7521986495283,39.5648574702353,1.54190894317777
2011-10-26,-57.9333333333333,-61.4166666666667,2.10796033143997,366.04619547526,13.1706736564636,39.726367998394,-57.9321497523652,-61.4597273759239,-1.57653317191547,-1.62702663545322,0.162757734747085,0.057881909793705,33.8000006424753,40.8053143006518,39.5648574702353,8.17648029808065
2011-10-27,-57.9333333333333,-61.4166666666667,2.14490407705307,366.099724324544,13.1103485504786,39.726367998394,-57.9321497523652,-61.4597273759239,-1.51546770289428,-1.60927657032371,0.15947412693859,0.0316612325692759,33.7990597459607,41.4581348376167,39.5648574702353,6.80632115649539
2011-10-28,-57.9333333333333,-61.4166666666667,2.20647128025691,366.500369262695,14.8457364320755,39.726367998394,-57.9321497523652,-61.4597273759239,-1.44259500279462,-1.59212195604367,0.135318612371732,0.00986688652713048,33.7935354476584,39.4990988638168,39.5648574702353,6.41964878690387
2011-10-29,-57.9333333333333,-61.4166666666667,2.28456126054128,367.248522949219,17.1993089993795,39.726367998394,-57.9321497523652,-61.4597273759239,-1.3823886403912,-1.58813963662413,0.124423734213513,0.0104956137702653,33.7858829354881,35.0882563268332,39.5648574702353,5.6472784520257
2011-10-30,-57.9333333333333,-61.4166666666667,2.23829075098038,367.038165283203,11.8225342273712,39.726367998394,-57.9321497523652,-61.4597273759239,-1.38269703997705,-1.59677086826554,0.143184586575157,0.0943320243710414,33.7931855710826,39.3505220198093,39.5648574702353,14.316655605783
2011-10-31,-57.9333333333333,-61.4166666666667,2.25066527724266,366.978941853841,13.8964048703512,39.726367998394,-57.9321497523652,-61.4597273759239,-1.35907432997137,-1.59842757847076,0.149448911204262,0.0455528909298486,33.7947286591494,40.4485001277207,39.5648574702353,3.06334134528866
2011-11-01,-57.9333333333333,-61.4166666666667,2.30215449929237,367.173999023437,18.4089624087016,39.726367998394,-57.9321497523652,-61.4597273759239,-1.31937365245102,-1.59999022313527,0.135784420892036,0.0752843439551,33.7993981641038,43.3655419242113,39.5648574702353,5.47181303990678
2011-11-02,-57.9333333333333,-61.4166666666667,2.34170274734497,367.412489827474,15.6259569009145,39.726367998394,-57.9321497523652,-61.4597273759239,-1.26920398083845,-1.57965067230669,0.103726218237465,-0.0142243787422216,33.7967191710508,41.096731659165,39.5648574702353,19.2173061570571
2011-11-03,-57.9333333333333,-61.4166666666667,2.32694506049156,367.460424804687,15.936613591512,39.726367998394,-57.9321497523652,-61.4597273759239,-1.23530227550887,-1.56680191549143,0.155729299985377,0.0201284484027472,33.799352229986,40.067592344786,39.5648574702353,7.67541858102607
2011-11-04,-57.9333333333333,-61.4166666666667,2.31353608568509,367.404153442383,14.5016752243042,39.726367998394,-57.9321497523652,-61.4597273759239,-1.19788704375575,-1.55787812363833,0.169737983466987,0.0391027008680473,33.8046872131807,41.485096924287,39.5648574702353,10.2493193730813
2011-11-05,-57.9333333333333,-61.4166666666667,2.26065519253413,367.088912963867,12.4255568345388,39.726367998394,-57.9321497523652,-61.4597273759239,-1.14661319542648,-1.55211861330764,0.162743967698705,0.0175561741190521,33.8117086654319,42.9083380017962,39.5648574702353,10.745023274405
2011-11-06,-57.9333333333333,-61.4166666666667,2.17802967429161,366.72924601237,13.724777841568,39.726367998394,-57.9321497523652,-61.4597273759239,-1.10295565796078,-1.55805366245428,0.143836259253715,-0.00326754582723729,33.8143360453441,42.6639603385352,39.5648574702353,13.0425930530691
2011-11-07,-57.9333333333333,-61.4166666666667,2.15310731132825,367.039835611979,18.871163447698,39.726367998394,-57.9321497523652,-61.4597273759239,-1.07272168657833,-1.56922274648695,0.144035891538724,0.0657731244774689,33.8208643260755,45.705485698872,39.5648574702353,4.2100749885002
2011-11-08,-57.9333333333333,-61.4166666666667,2.17160881956418,368.022085571289,16.8417033195496,39.726367998394,-57.9321497523652,-61.4597273759239,-1.00628403971966,-1.57607679259508,0.141202029737091,0.0320926222221968,33.8221952825561,44.8478695718866,39.5648574702353,2.07616350330635
2011-11-09,-57.9333333333333,-61.4166666666667,2.12912417650223,368.429364013672,11.3181320826213,39.726367998394,-57.9321497523652,-61.4597273759239,-0.959168048281419,-1.58570274240092,0.148017065879658,0.0236552867310164,33.8205374810929,42.8710502072384,39.5648574702353,4.79949681385809
2011-11-10,-57.9333333333333,-61.4166666666667,2.01619623104731,367.904360961914,8.7325806538264,39.726367998394,-57.9321497523652,-61.4597273759239,-0.942743122801745,-1.59906089888479,0.169203336133545,0.0358053250028227,33.8167858410599,42.007124101309,39.5648574702353,10.2293575587871
2011-11-11,-57.9333333333333,-61.4166666666667,1.92975126306216,367.355791219076,10.3223809083303,39.726367998394,-57.9321497523652,-61.4597273759239,-0.935435204801703,-1.6062694649051,0.169276763944137,0.0562940296205811,33.8153460366385,43.6862156767594,39.5648574702353,10.6611882722769
2011-11-12,-57.9333333333333,-61.4166666666667,1.82474553783735,365.94392191569,9.30031652450561,39.726367998394,-57.9321497523652,-61.4597273759239,-0.915023140553245,-1.60273918173367,0.223955377502213,0.0441830001519363,33.8155640767033,45.9877244727056,39.5648574702353,49.2191205060832
2011-11-13,-57.9333333333333,-61.4166666666667,1.75283761421839,364.813483683268,10.6567067305247,39.726367998394,-57.9321497523652,-61.4597273759239,-0.89457803292382,-1.60082776161065,0.186240924704344,0.0243757990349952,33.8182831240776,48.9627056838874,39.5648574702353,20.8577280318959
2011-11-14,-57.9333333333333,-61.4166666666667,1.73014076550802,364.627724202474,14.4723098595937,39.726367998394,-57.9321497523652,-61.4597273759239,-0.866263281245877,-1.59502580201715,0.177486931316947,0.07620678346296,33.8223159474538,51.9979206314661,39.5648574702353,19.0652734625498
2011-11-15,-57.9333333333333,-61.4166666666667,1.70725340644519,365.125823974609,19.9881382306417,39.726367998394,-57.9321497523652,-61.4597273759239,-0.773273153412611,-1.58283675837338,0.124382430323421,0.00560576845436616,33.8187649232104,44.2564300271802,39.5648574702353,7.41024648768451
2011-11-16,-57.9333333333333,-61.4166666666667,1.66147327423096,366.235926310221,21.6989024162292,39.726367998394,-57.9321497523652,-61.4597273759239,-0.634502508502482,-1.57750519101781,0.102516951095453,0.0229301854435887,33.8121506683809,25.7525751644507,39.5648574702353,4.71030234687085
2011-11-17,-57.9333333333333,-61.4166666666667,1.5864879945914,367.157814534505,22.039013338089,39.726367998394,-57.9321497523652,-61.4597273759239,-0.443425432743883,-1.57046298962787,0.110472414670582,0.00715005071483609,33.8102058898237,19.2903377095559,39.5648574702353,7.84477978283495
2011-11-18,-57.9333333333333,-61.4166666666667,1.41639525492986,364.653244018555,8.669544450442,39.726367998394,-57.9321497523652,-61.4597273759239,-0.569012082889116,-1.55977807233208,0.0975812129200177,-0.0750847116840961,33.8015665470209,29.9574751710533,39.5648574702353,74.7145994579538
2011-11-19,-57.9333333333333,-61.4166666666667,1.27833259602388,362.768743896484,10.3895664374034,39.726367998394,-57.9321497523652,-61.4597273759239,-0.565622462786006,-1.56419522735409,0.118407227393044,0.0128567826170894,33.7857392820201,28.5772583215757,39.5648574702353,5.0816437802731
2011-11-20,-57.9333333333333,-61.4166666666667,1.24847930073738,363.122890218099,13.4162580013275,39.726367998394,-57.9321497523652,-61.4597273759239,-0.556475168752267,-1.56729870272758,0.0843985935435035,0.0365671403566025,33.7921357118994,37.2870807396738,39.5648574702353,8.42072196486689
2011-11-21,-57.9333333333333,-61.4166666666667,1.18371504545212,362.965412394206,11.419135872523,39.726367998394,-57.9321497523652,-61.4597273759239,-0.568728468191803,-1.56894968730166,0.0542816437108624,0.00660393013149724,33.791940646064,41.6227743285043,39.5648574702353,31.8517927030065
2011-11-22,-57.9333333333333,-61.4166666666667,1.13995939493179,362.99569905599,12.010232925415,39.726367998394,-57.9321497523652,-61.4597273759239,-0.554982743877217,-1.56501899626022,0.113283330070457,0.0683155687091718,33.7933977456917,44.3189585334376,39.5648574702353,3.58780738522043
2011-11-23,-57.9333333333333,-61.4166666666667,1.14163324137529,363.936801147461,12.4325759092967,39.726367998394,-57.9321497523652,-61.4597273759239,-0.499763059212749,-1.56298366390673,0.171938528831964,0.0750686494087366,33.7913440188071,41.6898922418293,39.5648574702353,15.9336256050422
2011-11-24,-57.9333333333333,-61.4166666666667,1.12746453682582,365.095350138346,15.7156211058299,39.726367998394,-57.9321497523652,-61.4597273759239,-0.247934416216567,-1.55579918936679,0.137076294357727,0.0350779288665469,33.7871389890972,26.2378882250391,39.5648574702353,1.16812415443198
2011-11-25,-57.9333333333333,-61.4166666666667,1.0662606348594,365.146746826172,12.203532632192,39.726367998394,-57.9321497523652,-61.4597273759239,-0.285038499259635,-1.54292520006796,0.0976707034401203,0.00981181558865802,33.7811385420032,30.3108474329898,39.5648574702353,9.54247648292869
2011-11-26,-57.9333333333333,-61.4166666666667,0.994465200106303,364.677982584635,11.6998361587524,39.726367998394,-57.9321497523652,-61.4597273759239,-0.237011084319057,-1.533302688509,0.117310397032844,0.0121615113256345,33.775235599145,31.7312201378041,39.5648574702353,5.37676436481258
2011-11-27,-57.9333333333333,-61.4166666666667,0.942088364561399,364.628904215495,11.3864365100861,39.726367998394,-57.9321497523652,-61.4597273759239,-0.149401393151821,-1.52778067445396,0.152321781598984,0.0123014833946201,33.7687992009901,29.0849440653521,39.5648574702353,8.8601565250329
2011-11-28,-57.9333333333333,-61.4166666666667,0.919223078091939,365.144907633464,13.5044307390849,39.726367998394,-57.9321497523652,-61.4597273759239,0.0432231778601058,-1.52329697689616,0.145782100414871,0.0608213241247082,33.7647491684534,19.7033701695894,39.5648574702353,3.61174531285666
2011-11-29,-57.9333333333333,-61.4166666666667,0.911933628718058,365.365522257487,13.4666489283244,39.726367998394,-57.9321497523652,-61.4597273759239,0.15274837212567,-1.52938347293022,0.151888097727433,0.060357809865049,33.7602460187181,12.0089193143343,39.5648574702353,5.00660577855032
2011-11-30,-57.9333333333333,-61.4166666666667,0.947296316425006,364.047772216797,10.6943630854289,39.726367998394,-57.9321497523652,-61.4597273759239,-0.0289941706547612,-1.55031618901661,0.194074773992923,0.135538896083608,33.7673822990934,30.4307414678703,39.5648574702353,65.8409763220607
2011-12-01,-57.9333333333333,-61.4166666666667,1.01281517744064,362.861158243815,9.40803622404734,39.726367998394,-57.9321497523652,-61.4597273759239,-0.171319649799874,-1.56011652856841,0.140708685887599,0.119416862320071,33.7806451840508,44.3275633969701,39.5648574702353,29.6371099437393
2011-12-02,-57.9333333333333,-61.4166666666667,1.06725966731707,362.478853352865,9.16467250188192,39.726367998394,-57.9321497523652,-61.4597273759239,-0.157169156644801,-1.56039073637554,0.170265747122186,0.0878244685219195,33.782974286187,44.2535616975082,39.5648574702353,19.9217448508686
2011-12-03,-57.9333333333333,-61.4166666666667,1.1141073534886,362.55329284668,11.9029274145762,39.726367998394,-57.9321497523652,-61.4597273759239,-0.100253283725421,-1.5562799129271,0.152186398961602,0.0728061492029662,33.7850050245013,42.0036819214211,39.5648574702353,7.88648119569766
2011-12-04,-57.9333333333333,-61.4166666666667,1.1212579001983,362.287044270833,10.6696681658427,39.726367998394,-57.9321497523652,-61.4597273759239,-0.0308720912308173,-1.54042406234526,0.186672313965129,0.0087287527530041,33.7839668532063,37.769525674949,39.5648574702353,25.4346106083174
2011-12-05,-57.9333333333333,-61.4166666666667,1.11240966717402,361.784056599935,7.72411632537842,39.726367998394,-57.9321497523652,-61.4597273759239,-0.00649216205329823,-1.53811107900806,0.193207405507565,0.0275790951305762,33.7816493098897,34.5547560211411,39.5648574702353,24.8043144618622
2011-12-06,-57.9333333333333,-61.4166666666667,1.13034476836522,361.598647054036,10.3689391771952,39.726367998394,-57.9321497523652,-61.4597273759239,0.0340235683422788,-1.5417365808236,0.194577296789652,0.0357823788531517,33.7806224679588,31.7059792611832,39.5648574702353,24.7327241976075
2011-12-07,-57.9333333333333,-61.4166666666667,1.15626501142979,361.243881225586,8.56567197640737,39.726367998394,-57.9321497523652,-61.4597273759239,0.0355903383876596,-1.55099654108062,0.236745616169016,0.063701078267698,33.7869155998517,39.3654372315658,39.5648574702353,64.6477192728914
2011-12-08,-57.9333333333333,-61.4166666666667,1.2182253609101,360.87432047526,12.3828296025594,39.726367998394,-57.9321497523652,-61.4597273759239,0.000501854191149088,-1.56831177957076,0.192011906240219,0.0746533222692577,33.8019341060093,49.5007952388964,39.5648574702353,27.2950421614268
2011-12-09,-57.9333333333333,-61.4166666666667,1.24643872181575,360.772969563802,12.5827662150065,39.726367998394,-57.9321497523652,-61.4597273759239,0.0740353995303911,-1.5815517664852,0.19767504055193,0.0520719198608085,33.8096267585468,49.6992800863166,39.5648574702353,26.9157024246134
2011-12-10,-57.9333333333333,-61.4166666666667,1.2383369654417,360.441437784831,13.2882943312327,39.726367998394,-57.9321497523652,-61.4597273759239,0.216721592260931,-1.57775645731087,0.163788021255032,0.0107296653147927,33.8127874933687,33.4412894033848,39.5648574702353,13.1923875441219
2011-12-11,-57.9333333333333,-61.4166666666667,1.2412589242061,360.029010009766,13.721984910965,39.726367998394,-57.9321497523652,-61.4597273759239,0.299575903109814,-1.5862396816562,0.188686995031802,0.0556538292535938,33.8138143209586,22.8401224380149,39.5648574702353,21.113778707196
2011-12-12,-57.9333333333333,-61.4166666666667,1.2376040905714,359.409888712565,10.7505500793457,39.726367998394,-57.9321497523652,-61.4597273759239,0.203826719264787,-1.59567747573207,0.195387299123563,0.0570053632994343,33.8252012783423,47.7890050429151,39.5648574702353,25.7882016505097
2011-12-13,-57.9333333333333,-61.4166666666667,1.2665676176548,358.451129150391,12.8902800877889,39.726367998394,-57.9321497523652,-61.4597273759239,0.185215477180436,-1.60538832854508,0.217018727535256,0.0777923688012406,33.835354898209,52.2382825335166,39.5648574702353,48.2527760529668
2011-12-14,-57.9333333333333,-61.4166666666667,1.33371305366357,357.946143595378,13.085795545578,39.726367998394,-57.9321497523652,-61.4597273759239,0.215237428735297,-1.61657118035438,0.189627790921613,0.0765555661339733,33.8446882004128,54.448579802549,39.5648574702353,26.3188698785373
2011-12-15,-57.9333333333333,-61.4166666666667,1.35642232298851,357.558627319336,10.1873765389125,39.726367998394,-57.9321497523652,-61.4597273759239,0.267538352568347,-1.60979630131471,0.183397884767755,0.0308948279659551,33.8504018425045,54.1749459603675,39.5648574702353,18.0761925352987
2011-12-16,-57.9333333333333,-61.4166666666667,1.33723208407561,356.756100463867,10.4951061248779,39.726367998394,-57.9321497523652,-61.4597273759239,0.311608915742403,-1.60200490584051,0.213799368576112,0.0137080884909719,33.8543773880579,52.5618246229071,39.5648574702353,44.2772221192026
2011-12-17,-57.9333333333333,-61.4166666666667,1.33297661840916,356.021907552083,14.327250901858,39.726367998394,-57.9321497523652,-61.4597273759239,0.27831574565822,-1.60082087615379,0.164765531519302,0.102968992049197,33.8666763592483,56.7019017621091,39.5648574702353,25.3373745856027
2011-12-18,-57.9333333333333,-61.4166666666667,1.32485202054183,355.639417521159,11.3226510445277,39.726367998394,-57.9321497523652,-61.4597273759239,0.313054530244125,-1.59192346988764,0.135378272489722,-0.0283730352731576,33.867806384438,55.2195739280012,39.5648574702353,26.8287284203759
2011-12-19,-57.9333333333333,-61.4166666666667,1.27707727452119,355.280235799154,16.14980357488,39.726367998394,-57.9321497523652,-61.4597273759239,0.41945169121027,-1.59225619108157,0.148923442299877,-0.0230380327797922,33.8692406675869,42.9714401790074,39.5648574702353,25.4629374660486
2011-12-20,-57.9333333333333,-61.4166666666667,1.20650012791157,355.560762532552,20.0299541314443,39.726367998394,-57.9321497523652,-61.4597273759239,0.810023443591326,-1.605722198809,0.119540772043673,-0.0163400231307386,33.8703822515961,19.7618831727738,39.5648574702353,18.4010196614443
2011-12-21,-57.9333333333333,-61.4166666666667,1.13497271537781,355.760751342773,17.7872852325439,39.726367998394,-57.9321497523652,-61.4597273759239,0.981509016420608,-1.61668476350325,0.118822554350459,-0.0104543106084255,33.8720172078986,10.583956869025,39.5648574702353,15.0567293915535
2011-12-22,-57.9333333333333,-61.4166666666667,1.14996968011061,356.060783894857,20.4888107776642,39.726367998394,-57.9321497523652,-61.4597273759239,0.928326955191175,-1.62180177878616,0.111140150800908,0.0484395288771256,33.8866229093164,12.1219294913729,39.5648574702353,1.01878507592557
2011-12-23,-57.9333333333333,-61.4166666666667,1.1882642408212,356.254428100586,22.8654101848602,39.726367998394,-57.9321497523652,-61.4597273759239,0.915184262775837,-1.62240411688511,0.0701030811813093,0.025254640098017,33.900809452946,19.521521191848,39.5648574702353,16.7016386424872
2011-12-24,-57.9333333333333,-61.4166666666667,1.20646296242873,356.321152750651,16.819020207723,39.726367998394,-57.9321497523652,-61.4597273759239,0.987280455747045,-1.62022881310685,0.112422846047614,0.0168218943885619,33.9029952027744,13.5675432556554,39.5648574702353,4.47936935203357
2011-12-25,-57.9333333333333,-61.4166666666667,1.27172666887442,356.133893839518,20.5164452234904,39.726367998394,-57.9321497523652,-61.4597273759239,0.930772105105838,-1.62203468236708,0.0998092938942793,0.0677533856824152,33.9117666115438,20.3963469885346,39.5648574702353,5.90459861536479
2011-12-26,-57.9333333333333,-61.4166666666667,1.31904938121637,355.519041951497,15.7740042209625,39.726367998394,-57.9321497523652,-61.4597273759239,0.857637826325302,-1.62529534594457,0.114109394903806,0.0283041965580524,33.9245418032309,36.8975681971787,39.5648574702353,1.81275625490581
2011-12-27,-57.9333333333333,-61.4166666666667,1.34641299843788,354.797173055013,18.4637037277222,39.726367998394,-57.9321497523652,-61.4597273759239,0.817033982702664,-1.63968379246561,0.104795513254471,0.0645707410697202,33.9351600991156,44.4549151434934,39.5648574702353,4.0837334773194
2011-12-28,-57.9333333333333,-61.4166666666667,1.37993226051331,354.163572184245,15.8774723688761,39.726367998394,-57.9321497523652,-61.4597273759239,0.866834682405443,-1.64084142580965,0.121768853228007,-0.0104910244507001,33.9390895814824,40.5741308183598,39.5648574702353,14.9458421755846
2011-12-29,-57.9333333333333,-61.4166666666667,1.40621666908264,354.478764851888,21.2125044027964,39.726367998394,-57.9321497523652,-61.4597273759239,1.07524260475223,-1.65057981417591,0.0768997601016348,0.0143528778834226,33.9453480655986,25.2024387022606,39.5648574702353,15.8680429156507
2011-12-30,-57.9333333333333,-61.4166666666667,1.43658946057161,354.509515380859,18.9933744748433,39.726367998394,-57.9321497523652,-61.4597273759239,1.04670481058888,-1.64569456147072,0.133505858144814,-0.00679208933466807,33.9509927563201,20.4141302897518,39.5648574702353,13.3350479596643
2011-12-31,-57.9333333333333,-61.4166666666667,1.43446382582188,353.577742513021,17.1540358146032,39.726367998394,-57.9321497523652,-61.4597273759239,0.948089182376862,-1.64832649508813,0.139793130114002,0.0553234033846766,33.9646628100173,42.6094631001465,39.5648574702353,1.76273424330768
2012-01-01,-57.9333333333333,-61.4166666666667,1.50350259145101,353.481029256185,19.6035230954488,39.726367998394,-57.9321497523652,-61.4597273759239,0.996223985028446,-1.64312343176146,0.105148885749224,0.0190935727572979,33.9738183559332,37.6473367626506,39.5648574702353,5.0459179756739
2012-01-02,-57.9333333333333,-61.4166666666667,1.55268852909406,354.299688720703,22.6103715737661,39.726367998394,-57.9321497523652,-61.4597273759239,1.15397759846279,-1.63675125738732,0.0940566695526354,0.00564477693541606,33.9783846489469,23.9294956142741,39.5648574702353,12.1017389867911
2012-01-03,-57.9333333333333,-61.4166666666667,1.54923271536827,355.565174357096,26.9490823427836,39.726367998394,-57.9321497523652,-61.4597273759239,1.50188310253889,-1.63334374365054,0.0606974147092131,0.00329278655966422,33.9843276891493,11.2786546542232,39.5648574702353,28.8336143156865
2012-01-04,-57.9333333333333,-61.4166666666667,1.53821696241697,356.974472045898,26.4332040627797,39.726367998394,-57.9321497523652,-61.4597273759239,1.57859424540871,-1.63573818412939,0.0810277897276376,0.0304106620693565,33.9947684438605,10.5862514811351,39.5648574702353,10.4907045444992
2012-01-05,-57.9333333333333,-61.4166666666667,1.54854543109735,357.84399617513,29.386035267512,39.726367998394,-57.9321497523652,-61.4597273759239,1.54803535140547,-1.64109498262405,0.0530471355843365,0.0359705379582885,34.0037922823339,10.7061456809367,39.5648574702353,26.0294409235235
2012-01-06,-57.9333333333333,-61.4166666666667,1.59909466902415,356.911040242513,26.4217475573222,39.726367998394,-57.9321497523652,-61.4597273759239,1.43166207819057,-1.64808899746802,0.0921521303909165,0.0432858017546342,34.0092017381711,17.2601683408694,39.5648574702353,5.31296564277277
2012-01-07,-57.9333333333333,-61.4166666666667,1.61832325458527,354.935976155599,27.0711483796438,39.726367998394,-57.9321497523652,-61.4597273759239,1.30317594166985,-1.65614543014899,0.117360878581727,0.0733775109388775,34.0157182593095,31.2235344513915,39.5648574702353,4.55763218342257
2012-01-08,-57.9333333333333,-61.4166666666667,1.6785598496596,354.446494547526,27.5154132843018,39.726367998394,-57.9321497523652,-61.4597273759239,1.28428108172309,-1.65632670804074,0.0857455384098273,0.0690659109671089,34.0210646005501,36.7363707714511,39.5648574702353,10.7186992196874
2012-01-09,-57.9333333333333,-61.4166666666667,1.65088651875655,353.828739420573,15.7061914841334,39.726367998394,-57.9321497523652,-61.4597273759239,1.32227180707724,-1.64812571482551,0.0622967677541021,-0.0375997216433735,34.0182077938453,32.883695469763,39.5648574702353,52.8708426538443
2012-01-10,-57.9333333333333,-61.4166666666667,1.50634448726972,352.030592854818,15.0921626011531,39.726367998394,-57.9321497523652,-61.4597273759239,1.33773298483146,-1.64569685199207,0.0820924959712683,-0.0599172422312256,34.0134006299471,28.6323292560147,39.5648574702353,63.1932775904556
2012-01-11,-57.9333333333333,-61.4166666666667,1.45226092040539,350.75796101888,19.4027661641439,39.726367998394,-57.9321497523652,-61.4597273759239,1.36583020633325,-1.65339761434641,0.0808740501761212,0.0561632359246338,34.0114445076849,27.308904393275,39.5648574702353,10.3482550157168
2012-01-12,-57.9333333333333,-61.4166666666667,1.47633943160375,350.669385782878,23.1629787127177,39.726367998394,-57.9321497523652,-61.4597273759239,1.30421678284953,-1.65630146166436,0.0733568592879333,0.0851191057074339,34.0170375996066,37.8114022850094,39.5648574702353,21.6130255936598
2012-01-13,-57.9333333333333,-61.4166666666667,1.52463244001071,351.061669921875,20.6403568903605,39.726367998394,-57.9321497523652,-61.4597273759239,1.38930697907183,-1.64964934712962,0.089056682107704,0.0223335828912213,34.0101651356633,31.4392292266502,39.5648574702353,8.73548133941608
2012-01-14,-57.9333333333333,-61.4166666666667,1.5484243730704,351.284684244792,25.351180156072,39.726367998394,-57.9321497523652,-61.4597273759239,1.41278374329545,-1.64874525939612,0.0921842556278732,0.0542747596824976,34.0051170004938,33.6271540204385,39.5648574702353,5.8166505380825
2012-01-15,-57.9333333333333,-61.4166666666667,1.56296199361483,351.321803792318,27.4414815266927,39.726367998394,-57.9321497523652,-61.4597273759239,1.49299464234732,-1.64168699612295,0.0758052239320556,0.0526432814986858,33.9995755503948,31.4564388999365,39.5648574702353,12.3375595597597
2012-01-16,-57.9333333333333,-61.4166666666667,1.55589661002159,351.464303588867,27.1046890417735,39.726367998394,-57.9321497523652,-61.4597273759239,1.56780858550753,-1.6399958519111,0.0608580385831962,0.0471706013790423,33.9940281918174,29.2249161031909,39.5648574702353,20.4512149806484
2012-01-17,-57.9333333333333,-61.4166666666667,1.50715276996295,350.62495320638,16.0676357030869,39.726367998394,-57.9321497523652,-61.4597273759239,1.63341190985271,-1.63926158005134,0.11365964931709,-0.00968331655949578,33.9843964684278,24.2450065075007,39.5648574702353,15.0778366151966
2012-01-18,-57.9333333333333,-61.4166666666667,1.45644916196664,349.287046305339,22.7754118760427,39.726367998394,-57.9321497523652,-61.4597273759239,1.59016465737407,-1.64195776433873,0.121085054290138,0.0233271554168454,33.9821476613669,32.3238070172475,39.5648574702353,2.22463832021312
2012-01-19,-57.9333333333333,-61.4166666666667,1.48613948523998,349.075693766276,24.2877113342285,39.726367998394,-57.9321497523652,-61.4597273759239,1.66483266640427,-1.64539855136011,0.0751971485079231,0.0319342926368678,33.9777878782803,31.0095607069202,39.5648574702353,13.0123608105007
2012-01-20,-57.9333333333333,-61.4166666666667,1.48460069497426,349.479103597005,24.8546151161194,39.726367998394,-57.9321497523652,-61.4597273759239,1.73639742548304,-1.64665485728056,0.067060409001726,0.0262275611547599,33.973841129389,29.2667930108264,39.5648574702353,18.231698609594
2012-01-21,-57.9333333333333,-61.4166666666667,1.45643372237682,348.987643432617,20.3664713064829,39.726367998394,-57.9321497523652,-61.4597273759239,1.77202560354892,-1.64908257238847,0.117413654531303,0.0457525235369689,33.9675596423615,30.5506356676718,39.5648574702353,0.281959325860344
2012-01-22,-57.9333333333333,-61.4166666666667,1.4464104304711,348.318836466471,22.3531307061513,39.726367998394,-57.9321497523652,-61.4597273759239,1.77199531228919,-1.65191757858248,0.0773563898707691,0.0424436743238143,33.9622132007341,32.6123561464754,39.5648574702353,11.2394729366712
2012-01-23,-57.9333333333333,-61.4166666666667,1.4390136629343,348.362707519531,24.2469228108724,39.726367998394,-57.9321497523652,-61.4597273759239,1.82091212855246,-1.64424894716507,0.0683385147888185,0.0455024091848978,33.9524610562432,31.9428993346996,39.5648574702353,15.915091236705
2012-01-24,-57.9333333333333,-61.4166666666667,1.42293548782667,348.401975504557,22.4239941279093,39.726367998394,-57.9321497523652,-61.4597273759239,1.83362526777095,-1.64623608893918,0.0555092681871545,0.0576776881191067,33.9451756441504,33.3827763858594,39.5648574702353,24.8855938467278
2012-01-25,-57.9333333333333,-61.4166666666667,1.38367025355498,348.172548421224,16.6632610400518,39.726367998394,-57.9321497523652,-61.4597273759239,1.88035025273947,-1.64221590488477,0.086300837506253,0.0182927488244342,33.9336507123216,31.4971685588808,39.5648574702353,10.7180613801279
2012-01-26,-57.9333333333333,-61.4166666666667,1.35361015896002,347.918693033854,22.1276072978973,39.726367998394,-57.9321497523652,-61.4597273759239,1.90715605692756,-1.63710922182054,0.0865486570935052,0.0371981622245079,33.925889122755,31.4690592737126,39.5648574702353,7.53093108439106
2012-01-27,-57.9333333333333,-61.4166666666667,1.31648342609406,348.096413167318,22.9235380490621,39.726367998394,-57.9321497523652,-61.4597273759239,1.98181579928649,-1.62498327798413,0.0493229592176981,-0.0140201573757301,33.9159133308812,24.5341291678579,39.5648574702353,45.3288095027419
2012-01-28,-57.9333333333333,-61.4166666666667,1.2642536153396,348.608556111654,22.7685061772664,39.726367998394,-57.9321497523652,-61.4597273759239,2.27341121211088,-1.61973202811148,0.0577465268902313,-0.00315052001996148,33.9058057311782,15.9935354039185,39.5648574702353,33.6039710484774
2012-01-29,-57.9333333333333,-61.4166666666667,1.19593164523443,348.519907633464,18.8770985285441,39.726367998394,-57.9321497523652,-61.4597273759239,2.33754964251267,-1.61823248997667,0.0497818842138115,-0.0263354083929295,33.8963404060306,10.6000192326711,39.5648574702353,52.8999137512576
2012-01-30,-57.9333333333333,-61.4166666666667,1.12961255510648,346.808805338542,14.8312750260035,39.726367998394,-57.9321497523652,-61.4597273759239,2.17008701706291,-1.61900348322732,0.0207686488957782,-0.0127604084607578,33.8814312497476,13.0460897997806,39.5648574702353,70.2159345667277
2012-01-31,-57.9333333333333,-61.4166666666667,1.06606780191263,345.733027140299,18.6664922237396,39.726367998394,-57.9321497523652,-61.4597273759239,2.20414291602328,-1.62192798422692,0.0559039435776553,0.0163583799888541,33.8756259115119,14.7773842632322,39.5648574702353,27.5399806089662
2012-02-01,-57.9333333333333,-61.4166666666667,1.00118893583616,345.952723185221,17.4646565119425,39.726367998394,-57.9321497523652,-61.4597273759239,2.37576341360135,-1.62150691595293,0.0709429139313393,-0.00517667346823036,33.8690748143017,10.91094108811,39.5648574702353,26.6119852778611
2012-02-02,-57.9333333333333,-61.4166666666667,0.941371247172356,345.250179036458,12.6387765248617,39.726367998394,-57.9321497523652,-61.4597273759239,2.31068050592466,-1.61388647018519,0.100167254700248,-0.0203739734212483,33.8615311070492,12.2934527863237,39.5648574702353,23.8043805854724
2012-02-03,-57.9333333333333,-61.4166666666667,0.921366095542908,343.906927490234,11.8761641343435,39.726367998394,-57.9321497523652,-61.4597273759239,2.2583548077067,-1.61315104567019,0.146810092956276,0.0319870692306667,33.858812016652,18.4619781451118,39.5648574702353,3.1693835504794
2012-02-04,-57.9333333333333,-61.4166666666667,0.916441586613655,342.827228800456,12.668634780248,39.726367998394,-57.9321497523652,-61.4597273759239,2.26219875740826,-1.61222631187367,0.144127676809641,0.0165694854957493,33.8523756041563,21.1593095843953,39.5648574702353,5.66959456688809
2012-02-05,-57.9333333333333,-61.4166666666667,0.897925367951393,342.173762003581,15.1355406920115,39.726367998394,-57.9321497523652,-61.4597273759239,2.29387009054198,-1.6128068499099,0.135823429317067,0.00479347120158206,33.8432832158598,20.4703485374164,39.5648574702353,8.33989103302888
2012-02-06,-57.9333333333333,-61.4166666666667,0.875618080298106,341.99477335612,15.3765343189239,39.726367998394,-57.9321497523652,-61.4597273759239,2.36134306470254,-1.61351933156637,0.10714061995198,0.0516795392631364,33.8298426176372,17.9279042079036,39.5648574702353,1.83571170452828
2012-02-07,-57.9333333333333,-61.4166666666667,0.869289732972781,342.218057250977,15.2870422204336,39.726367998394,-57.9321497523652,-61.4597273759239,2.40614882895821,-1.60541471726912,0.0903898591413758,0.0416267879615377,33.8244500841413,18.0150999700216,39.5648574702353,5.93006337893464
2012-02-08,-57.9333333333333,-61.4166666666667,0.863600801428159,342.558264160156,15.2039392153422,39.726367998394,-57.9321497523652,-61.4597273759239,2.44340160287413,-1.59663089415185,0.100169549801184,0.0350274471496057,33.8181513736123,18.4246905334014,39.5648574702353,3.43007151707396
2012-02-09,-57.9333333333333,-61.4166666666667,0.85170541703701,341.665047200521,8.92987581094106,39.726367998394,-57.9321497523652,-61.4597273759239,2.46253602934959,-1.58336681530888,0.188806316080062,0.0267209054243968,33.8044640820725,18.6312067741738,39.5648574702353,22.0332987257797
2012-02-10,-57.9333333333333,-61.4166666666667,0.879682180285454,340.757427978516,14.0046510060628,39.726367998394,-57.9321497523652,-61.4597273759239,2.33341658115387,-1.58244093557946,0.143751357983154,0.0772760782418843,33.8077970375692,25.7049615795451,39.5648574702353,7.31004053730581
2012-02-11,-57.9333333333333,-61.4166666666667,0.914132335782051,340.344061279297,11.4043199380239,39.726367998394,-57.9321497523652,-61.4597273759239,2.35014988650057,-1.57676288194226,0.170323112685429,0.0317048303418814,33.7980447353277,27.0002773112821,39.5648574702353,11.1577789850412
2012-02-12,-57.9333333333333,-61.4166666666667,0.920087106029193,339.888300577799,12.4146255334218,39.726367998394,-57.9321497523652,-61.4597273759239,2.49551253390491,-1.57846205440679,0.143583850234859,0.0338824291790562,33.7786320277623,19.1480710022432,39.5648574702353,2.29772119687061
2012-02-13,-57.9333333333333,-61.4166666666667,0.92218792339166,339.963235473633,14.106309111913,39.726367998394,-57.9321497523652,-61.4597273759239,2.48196506858768,-1.58487438259268,0.0947496461633005,0.055406009624327,33.7695166078725,18.4631255121159,39.5648574702353,5.13587457395512
2012-02-14,-57.9333333333333,-61.4166666666667,0.925782264272372,339.813922119141,14.6464960575104,39.726367998394,-57.9321497523652,-61.4597273759239,2.44765859170068,-1.57347812957333,0.142475546666778,0.0892930284450601,33.7652772745692,24.6838535473759,39.5648574702353,11.7842289824692
2012-02-15,-57.9333333333333,-61.4166666666667,0.956562214096387,339.656527709961,13.5091771602631,39.726367998394,-57.9321497523652,-61.4597273759239,2.3664233612835,-1.55952681186504,0.122349393084869,0.104258571436307,33.7653576843721,31.4334925959881,39.5648574702353,18.1229217184042
2012-02-16,-57.9333333333333,-61.4166666666667,0.99552848537763,340.002190144857,15.8503544489543,39.726367998394,-57.9321497523652,-61.4597273759239,2.36594425780433,-1.5460745723624,0.104492622672727,0.0615601933708316,33.7571943756333,29.0000429404409,39.5648574702353,3.57368117042597
2012-02-17,-57.9333333333333,-61.4166666666667,1.02660101950169,340.755921427409,16.143031946818,39.726367998394,-57.9321497523652,-61.4597273759239,2.41116029203386,-1.53991809330489,0.125956543028019,0.0517667349764055,33.7497941784393,25.6814417372969,39.5648574702353,0.301186221121887
2012-02-18,-57.9333333333333,-61.4166666666667,1.03652696808179,341.293789672852,16.0169089317322,39.726367998394,-57.9321497523652,-61.4597273759239,2.44618544184176,-1.53357919445611,0.117753259487506,0.0181137680223114,33.7356764714521,19.3046791858243,39.5648574702353,3.62084115751371
2012-02-19,-57.9333333333333,-61.4166666666667,0.986226684848468,340.893936157227,15.1203903992971,39.726367998394,-57.9321497523652,-61.4597273759239,2.36909155648454,-1.53836693082537,0.0304473758135971,0.0287631215821756,33.7423710356978,27.1092720426115,39.5648574702353,45.6312249439103
2012-02-20,-57.9333333333333,-61.4166666666667,0.963571267326673,340.760330200195,14.7308958848317,39.726367998394,-57.9321497523652,-61.4597273759239,2.29766171946561,-1.53679510883819,0.0921268896024702,0.0761700691725302,33.7402311913053,29.9018304939557,39.5648574702353,10.4598305832208
2012-02-21,-57.9333333333333,-61.4166666666667,0.96376519103845,341.521155802409,15.2351050535838,39.726367998394,-57.9321497523652,-61.4597273759239,2.32598748377391,-1.5378781758753,0.0894743032697448,0.0424276118523868,33.7327507707409,24.1251123578925,39.5648574702353,6.23213194672689
2012-02-22,-57.9333333333333,-61.4166666666667,0.951872916022937,342.276570638021,13.6285256226857,39.726367998394,-57.9321497523652,-61.4597273759239,2.30683105332511,-1.53479763798248,0.0899263448116923,0.0201972871318572,33.7281272142453,27.1844210875662,39.5648574702353,8.91678997509529
2012-02-23,-57.9333333333333,-61.4166666666667,0.925313164790471,342.511599731445,14.1214305082957,39.726367998394,-57.9321497523652,-61.4597273759239,2.2750055234235,-1.53119737582099,0.0717047293411386,0.0270880454997147,33.7283566840609,29.2868709958586,39.5648574702353,15.5106514169209
2012-02-24,-57.9333333333333,-61.4166666666667,0.891387802362442,342.883768717448,14.0668906211853,39.726367998394,-57.9321497523652,-61.4597273759239,2.2852129268467,-1.53066846302577,0.0893756350068221,0.036874620243907,33.7253966080515,27.7798761711981,39.5648574702353,6.51410588950867
2012-02-25,-57.9333333333333,-61.4166666666667,0.873075035214424,343.329545084635,13.5120783646901,39.726367998394,-57.9321497523652,-61.4597273759239,2.27553420228169,-1.52709916973473,0.126482011792355,0.0643366892731055,33.7216793146349,28.9306304616139,39.5648574702353,2.06249709902295
2012-02-26,-57.9333333333333,-61.4166666666667,0.887604901194572,343.361823527018,12.7961044470469,39.726367998394,-57.9321497523652,-61.4597273759239,2.26325336345156,-1.53242729212108,0.145431023049063,0.0989947022267974,33.717078574618,30.646436228788,39.5648574702353,17.2070382397627
2012-02-27,-57.9333333333333,-61.4166666666667,0.912950983643532,343.234378051758,11.837783241272,39.726367998394,-57.9321497523652,-61.4597273759239,2.25428230152991,-1.53871914990863,0.161048239321077,0.0641439408764131,33.7162068015651,31.5769066416231,39.5648574702353,8.60016811582203
2012-02-28,-57.9333333333333,-61.4166666666667,0.899546128511429,342.735630289714,7.01848398049672,39.726367998394,-57.9321497523652,-61.4597273759239,2.24836217371145,-1.54469779649175,0.180843967608267,0.0515969324772967,33.718254734699,31.9079062741502,39.5648574702353,16.0195400886913
2012-02-29,-57.9333333333333,-61.4166666666667,0.900799723466237,342.061805216471,10.995295826594,39.726367998394,-57.9321497523652,-61.4597273759239,2.2265375310317,-1.5549352648563,0.178742091206456,0.112996502296257,33.7250753417051,34.7302948980403,39.5648574702353,38.3140748618203
2012-03-01,-57.9333333333333,-61.4166666666667,0.907708097497622,341.527966308594,5.94938353697459,39.726367998394,-57.9321497523652,-61.4597273759239,2.20242470099514,-1.54688802070187,0.146617343439195,0.0543321257079006,33.7205204784422,35.4003254524747,39.5648574702353,2.91655784157109
2012-03-02,-57.9333333333333,-61.4166666666667,0.895414528250694,341.126716105143,11.7272470633189,39.726367998394,-57.9321497523652,-61.4597273759239,2.24512399632232,-1.53411957554351,0.145688020953334,0.00514913771889712,33.7160116640249,30.480649575255,39.5648574702353,9.78066668700323
2012-03-03,-57.9333333333333,-61.4166666666667,0.902747996648153,341.257045491536,13.8733844439189,39.726367998394,-57.9321497523652,-61.4597273759239,2.34299341045824,-1.52190529090121,0.135933572328404,0.0299586208075061,33.7124262788242,23.0908101662657,39.5648574702353,1.62665773885856
2012-03-04,-57.9333333333333,-61.4166666666667,0.876444096366564,340.745551554362,11.1581094264984,39.726367998394,-57.9321497523652,-61.4597273759239,2.36801767662952,-1.51984930307345,0.0987468821773852,-0.0249196248955296,33.7044755032188,22.1018268327068,39.5648574702353,27.1976287247838
2012-03-05,-57.9333333333333,-61.4166666666667,0.830329704284668,339.733968098958,12.3442024072011,39.726367998394,-57.9321497523652,-61.4597273759239,2.37830769388299,-1.52612051703876,0.167356162409025,0.0189054135541271,33.6987217781239,21.7610750700298,39.5648574702353,12.2551734592027
2012-03-06,-57.9333333333333,-61.4166666666667,0.80436290204525,339.345443725586,10.6470200538635,39.726367998394,-57.9321497523652,-61.4597273759239,2.44017995344965,-1.53411843185138,0.135155693228756,0.0165373607069478,33.6835773295926,15.5845186118793,39.5648574702353,4.34141047924603
2012-03-07,-57.9333333333333,-61.4166666666667,0.767399832606316,338.831083170573,8.97042792638143,39.726367998394,-57.9321497523652,-61.4597273759239,2.44636167440199,-1.54226664492958,0.125777562674051,0.00606010393484643,33.6789363775038,19.8525208602274,39.5648574702353,7.24113107500654
2012-03-08,-57.9333333333333,-61.4166666666667,0.747199486692746,338.598228963216,9.95880290667216,39.726367998394,-57.9321497523652,-61.4597273759239,2.45763746150454,-1.54891646446142,0.144054248466864,0.0725606243525233,33.6716164753849,21.2619941395924,39.5648574702353,5.91493069620889
2012-03-09,-57.9333333333333,-61.4166666666667,0.755171007911364,338.677093505859,10.0178212483724,39.726367998394,-57.9321497523652,-61.4597273759239,2.44266916128029,-1.55263605108835,0.184109218264545,0.0944765857876019,33.6693620179829,25.7376600064729,39.5648574702353,30.3121410982521
2012-03-10,-57.9333333333333,-61.4166666666667,0.769351647297541,338.70192972819,9.9849130153656,39.726367998394,-57.9321497523652,-61.4597273759239,2.36086945739904,-1.5674111444251,0.0847496711193843,0.098271895396082,33.6669355550207,32.0685299930716,39.5648574702353,22.6680322552638
2012-03-11,-57.9333333333333,-61.4166666666667,0.776357784867287,338.956086222331,10.5410897254944,39.726367998394,-57.9321497523652,-61.4597273759239,2.36235636920857,-1.57145885731045,0.0879369051636834,0.0530471353322492,33.6640671894963,32.0438628770355,39.5648574702353,7.17222596995625
2012-03-12,-57.9333333333333,-61.4166666666667,0.785122860471408,339.380632527669,10.6680246829987,39.726367998394,-57.9321497523652,-61.4597273759239,2.38132558101998,-1.56612041615006,0.113705541364344,0.0709337353622331,33.6642622266497,30.5701400785518,39.5648574702353,4.20856849935917
2012-03-13,-57.9333333333333,-61.4166666666667,0.808467576901118,339.748718261719,9.82554103533427,39.726367998394,-57.9321497523652,-61.4597273759239,2.3769391837873,-1.56216218372933,0.146091875151024,0.0705275866378071,33.6652029367318,31.4380817592592,39.5648574702353,5.7713371868378
2012-03-14,-57.9333333333333,-61.4166666666667,0.831626954674721,339.871920776367,7.94873030185699,39.726367998394,-57.9321497523652,-61.4597273759239,2.36961748635859,-1.56048825674487,0.155052384641722,0.0387676856235454,33.6664476896587,32.6341550224706,39.5648574702353,4.7366445522458
2012-03-15,-57.9333333333333,-61.4166666666667,0.824526524543762,339.547306315104,5.11872182687124,39.726367998394,-57.9321497523652,-61.4597273759239,2.37518241306893,-1.55425031875309,0.175669588554735,0.0170123479784207,33.6709336015515,32.9972794038013,39.5648574702353,16.6385519046183
2012-03-16,-57.9333333333333,-61.4166666666667,0.763122422496478,338.611152140299,3.46096382538478,39.726367998394,-57.9321497523652,-61.4597273759239,2.34343674084298,-1.5534678518324,0.212046274621236,0.0359774217905855,33.6773013208145,34.8811664724709,39.5648574702353,38.4424875735404
2012-03-17,-57.9333333333333,-61.4166666666667,0.74871674378713,338.099598185221,6.78651049931844,39.726367998394,-57.9321497523652,-61.4597273759239,2.30127439059709,-1.5650889819726,0.161883483017634,0.0713972496078875,33.6740831360781,35.3154242128358,39.5648574702353,10.6237159082038
2012-03-18,-57.9333333333333,-61.4166666666667,0.775923521320025,338.19004313151,9.06549261411031,39.726367998394,-57.9321497523652,-61.4597273759239,2.19819524682554,-1.57097124963775,0.157700381696896,0.101725305493613,33.6668149618278,37.1006424158139,39.5648574702353,22.0346543335328
2012-03-19,-57.9333333333333,-61.4166666666667,0.807935014367104,338.433420817057,8.28501497109731,39.726367998394,-57.9321497523652,-61.4597273759239,2.05333650515492,-1.57229180219478,0.127282836663544,0.119611905019422,33.6543379762119,38.8491465417962,39.5648574702353,28.5414472275375
2012-03-20,-57.9333333333333,-61.4166666666667,0.836434480547905,338.804865519206,7.64055962562561,39.726367998394,-57.9321497523652,-61.4597273759239,1.97696954549703,-1.56626382716616,0.101062159060984,0.054309178956021,33.6374954137587,37.2606925677536,39.5648574702353,3.32403284000299
2012-03-21,-57.9333333333333,-61.4166666666667,0.86657646894455,339.320882161458,9.51990293661753,39.726367998394,-57.9321497523652,-61.4597273759239,1.90738184783692,-1.56448549480367,0.104251687225879,0.0562894402029819,33.6270320146604,36.8115196550699,39.5648574702353,2.84145293183084
2012-03-22,-57.9333333333333,-61.4166666666667,0.894318548838298,339.900568644206,10.4823710680008,39.726367998394,-57.9321497523652,-61.4597273759239,1.81396491948823,-1.55687192687415,0.0698690296227771,0.0768561620209226,33.6209283556257,36.2286849021912,39.5648574702353,20.4181047126162
2012-03-23,-57.9333333333333,-61.4166666666667,0.923079129060109,340.571134440104,10.8640310605367,39.726367998394,-57.9321497523652,-61.4597273759239,1.7090298950224,-1.54721614830476,0.079561524947447,0.0671200691477249,33.6158859138202,36.5304280080293,39.5648574702353,12.8544564094387
2012-03-24,-57.9333333333333,-61.4166666666667,0.940870124101639,341.173905436198,10.6230708996455,39.726367998394,-57.9321497523652,-61.4597273759239,1.65355688221473,-1.55177441485842,0.112975850309196,0.029857657443648,33.6155072119003,36.4747833631989,39.5648574702353,1.70633746748622
2012-03-25,-57.9333333333333,-61.4166666666667,0.943052338560422,341.518003336589,9.82348762353261,39.726367998394,-57.9321497523652,-61.4597273759239,1.62554226311526,-1.54591280266755,0.128336068396842,0.0463078223532976,33.617864881243,36.3497262359562,39.5648574702353,0.0890205694967677
2012-03-26,-57.9333333333333,-61.4166666666667,0.920492147405942,341.363099161784,6.72513205210368,39.726367998394,-57.9321497523652,-61.4597273759239,1.57695037709143,-1.54804909587803,0.16570632711501,0.0860621965301216,33.615530071402,36.0474094161414,39.5648574702353,17.1949578658843
2012-03-27,-57.9333333333333,-61.4166666666667,0.880672312776248,340.89123433431,5.76505942344666,39.726367998394,-57.9321497523652,-61.4597273759239,1.54894126761229,-1.55497886498172,0.186057355577,0.0693733908123988,33.6128224537785,36.4638839162382,39.5648574702353,21.9928213647137
2012-03-28,-57.9333333333333,-61.4166666666667,0.858158863584201,340.613112386068,7.19237965742747,39.726367998394,-57.9321497523652,-61.4597273759239,1.52627679974513,-1.55767963748229,0.168583787977695,0.022078879583711,33.6060591245952,34.2960371289934,39.5648574702353,12.0366484661565
2012-03-29,-57.9333333333333,-61.4166666666667,0.862649150689443,340.841356404622,8.91012751261393,39.726367998394,-57.9321497523652,-61.4597273759239,1.47696898418262,-1.56399214805517,0.0770282590187582,0.0474780810982885,33.6002307404253,33.04661395496,39.5648574702353,11.4387536512552
2012-03-30,-57.9333333333333,-61.4166666666667,0.863416812817256,341.256487019857,7.71458334128062,39.726367998394,-57.9321497523652,-61.4597273759239,1.40010915102815,-1.54951880390483,0.0878428258141853,0.0517254317725511,33.598555529028,34.7423416940789,39.5648574702353,7.09739355299544
2012-03-31,-57.9333333333333,-61.4166666666667,0.817942522962888,341.077209472656,4.40147150754929,39.726367998394,-57.9321497523652,-61.4597273759239,1.36062600233949,-1.53514641702623,0.0969960837715999,-0.0206194982436815,33.6052100102704,36.8774901798793,39.5648574702353,24.7924904988191
2012-04-01,-57.9333333333333,-61.4166666666667,0.770740728576978,340.870384724935,5.14446037610372,39.726367998394,-57.9321497523652,-61.4597273759239,1.3332529644993,-1.53834972256108,0.0770787408197285,0.00284304011865218,33.6094434637772,37.2601187999983,39.5648574702353,19.8689802112842
2012-04-02,-57.9333333333333,-61.4166666666667,0.722145180900892,340.618692016602,3.04862560431163,39.726367998394,-57.9321497523652,-61.4597273759239,1.32683168318039,-1.53568565531781,0.088216849077577,-0.0175309333166009,33.6155128479004,37.9513745594742,39.5648574702353,25.6622588297813
2012-04-03,-57.9333333333333,-61.4166666666667,0.626382487018903,339.554102579753,2.16272235711416,39.726367998394,-57.9321497523652,-61.4597273759239,1.31189643474002,-1.53756839798805,0.0735312509945685,-0.0558832914645511,33.6287756324711,40.0434988029021,39.5648574702353,63.0961536176987
2012-04-04,-57.9333333333333,-61.4166666666667,0.586654528975487,338.973366292318,4.85772088368734,39.726367998394,-57.9321497523652,-61.4597273759239,1.28829851107938,-1.55217942259365,0.0886436499431169,0.0136071248890314,33.6375181298507,41.0187143777546,39.5648574702353,11.1640393812049
2012-04-05,-57.9333333333333,-61.4166666666667,0.562623238563538,338.618388875326,3.03584510882696,39.726367998394,-57.9321497523652,-61.4597273759239,1.22914400584716,-1.55941437599354,-0.00991736869222688,0.0129141481383178,33.6429507176679,43.6994098864104,39.5648574702353,95.5254342546107
2012-04-06,-57.9333333333333,-61.4166666666667,0.541661268472671,338.386272176107,4.02534956932068,39.726367998394,-57.9321497523652,-61.4597273759239,1.09825126204948,-1.55254426531326,-0.0274253554390113,0.0555184465601928,33.6523300543764,46.5791641966741,39.5648574702353,116.422240782036
2012-04-07,-57.9333333333333,-61.4166666666667,0.548149740695953,338.768980916341,4.40981251398722,39.726367998394,-57.9321497523652,-61.4597273759239,0.944231461901638,-1.54698783293703,0.00868515467229194,0.0658901503127544,33.6533740050811,48.1825331028243,39.5648574702353,69.7166216415951
2012-04-08,-57.9333333333333,-61.4166666666667,0.56035423874855,339.334930419922,4.49427114327749,39.726367998394,-57.9321497523652,-61.4597273759239,0.781923469043988,-1.54468288367852,0.0202087601436708,0.0662848257172601,33.6490428609059,48.3752815454526,39.5648574702353,57.093733172521
2012-04-09,-57.9333333333333,-61.4166666666667,0.565893231829007,339.681303914388,4.01486202081044,39.726367998394,-57.9321497523652,-61.4597273759239,0.640839840348502,-1.55094835722357,0.0258787783857127,0.0471315926459051,33.6442356970077,48.6190855413451,39.5648574702353,48.9129834091778
2012-04-10,-57.9333333333333,-61.4166666666667,0.554212188720703,339.721985880534,2.52315504948298,39.726367998394,-57.9321497523652,-61.4597273759239,0.532520703271143,-1.54837952341352,0.0593045768713144,-0.00682650867821579,33.6414477412862,49.2001993243856,39.5648574702353,34.3768703930604
2012-04-11,-57.9333333333333,-61.4166666666667,0.525660692652066,339.774398803711,1.21981489857038,39.726367998394,-57.9321497523652,-61.4597273759239,0.483967359857004,-1.55157937815315,0.12961876347549,0.00851535239726081,33.6330840605542,47.7832684516907,39.5648574702353,6.4509147709265
2012-04-12,-57.9333333333333,-61.4166666666667,0.517514073848724,340.341542561849,2.7423552274704,39.726367998394,-57.9321497523652,-61.4597273759239,0.463131248334745,-1.56451303035693,0.181940797548321,0.064784141005318,33.6241695002506,46.8854964406867,39.5648574702353,18.4988770794566
2012-04-13,-57.9333333333333,-61.4166666666667,0.540683005253474,341.23324991862,3.75979280471802,39.726367998394,-57.9321497523652,-61.4597273759239,0.408542125997015,-1.56933288690739,0.117645412445404,0.0694628810664093,33.6138208862534,46.7070893882809,39.5648574702353,3.46761713787207
2012-04-14,-57.9333333333333,-61.4166666666667,0.550500613451004,341.666098022461,2.51548697551092,39.726367998394,-57.9321497523652,-61.4597273759239,0.356037440660753,-1.56720462015697,0.0610025994815773,0.00167966527598245,33.5996460161711,43.8026680265154,39.5648574702353,29.309938687702
2012-04-15,-57.9333333333333,-61.4166666666667,0.551010839144389,341.917239379883,3.40629045963287,39.726367998394,-57.9321497523652,-61.4597273759239,0.326552431470245,-1.56458072375534,0.106681694927856,0.043467077041479,33.5944315257825,43.5118242529102,39.5648574702353,1.63240945569371
2012-04-16,-57.9333333333333,-61.4166666666667,0.564153264959653,342.210650634766,4.30744299093882,39.726367998394,-57.9321497523652,-61.4597273759239,0.276850858157066,-1.55859060484664,0.0676822521044572,0.0347865114786795,33.5900201008732,43.9730439078539,39.5648574702353,16.7114154504644
2012-04-17,-57.9333333333333,-61.4166666666667,0.552901986241341,342.067729695638,3.00890901883443,39.726367998394,-57.9321497523652,-61.4597273759239,0.196246196844972,-1.55789991877133,-0.00279714739916468,0.00879529673129992,33.5903125992395,46.3141349204501,39.5648574702353,87.5604503613093
2012-04-18,-57.9333333333333,-61.4166666666667,0.519220242897669,341.492860921224,2.47086301247279,39.726367998394,-57.9321497523652,-61.4597273759239,0.103357950099429,-1.55790221511869,0.0080197137969553,-0.0404175206094532,33.5949362704628,49.078010587764,39.5648574702353,103.834713235126
2012-04-19,-57.9333333333333,-61.4166666666667,0.486485198140144,340.956346638997,2.29692867596944,39.726367998394,-57.9321497523652,-61.4597273759239,0.0240336890171345,-1.57020484684105,-0.0434762555125513,0.0171867395730171,33.6046482459047,52.0111148231908,39.5648574702353,145.104495745487
2012-04-20,-57.9333333333333,-61.4166666666667,0.479580363631248,341.096380615234,2.57151540120443,39.726367998394,-57.9321497523652,-61.4597273759239,-0.0985295614577774,-1.57716674015934,-0.00509865626804811,0.0634968563690221,33.6062371677026,52.2572131407888,39.5648574702353,86.1704545789535
2012-04-21,-57.9333333333333,-61.4166666666667,0.491468039155006,341.524784342448,3.19947288036346,39.726367998394,-57.9321497523652,-61.4597273759239,-0.198626600401966,-1.58858020413191,0.0168654922732061,0.0524987201661544,33.603615624564,52.2084523824821,39.5648574702353,58.5364262617173
2012-04-22,-57.9333333333333,-61.4166666666667,0.511629649996758,342.125644938151,3.09700531959534,39.726367998394,-57.9321497523652,-61.4597273759239,-0.305461576222477,-1.60100674225872,0.0613972751941896,0.0883682944104636,33.5910065729815,47.8033462933132,39.5648574702353,29.8588429527171
2012-04-23,-57.9333333333333,-61.4166666666667,0.529573437571526,342.78962504069,2.61007622877757,39.726367998394,-57.9321497523652,-61.4597273759239,-0.38812038820601,-1.60255332055845,0.101695475595674,0.0662205764757735,33.569414124453,42.2388809354682,39.5648574702353,5.1013699621604
2012-04-24,-57.9333333333333,-61.4166666666667,0.543963728348414,343.49228515625,2.51577395598094,39.726367998394,-57.9321497523652,-61.4597273759239,-0.421391527427542,-1.60027131774372,0.108363654716571,0.0793917227144304,33.553323100384,40.2775503280468,39.5648574702353,7.56781574893062
2012-04-25,-57.9333333333333,-61.4166666666667,0.561957692106565,344.215431722005,2.88117941220601,39.726367998394,-57.9321497523652,-61.4597273759239,-0.475085747225168,-1.5996253790712,0.0749080255907729,0.0918630076418246,33.5353962891084,37.6645463606469,39.5648574702353,23.8216157795378
2012-04-26,-57.9333333333333,-61.4166666666667,0.578980545202891,344.801098632813,2.64823565880458,39.726367998394,-57.9321497523652,-61.4597273759239,-0.48761439726765,-1.59230781945967,0.0858510912052895,0.0726983020908402,33.5180086264933,34.5696710643912,39.5648574702353,11.6503719697244
2012-04-27,-57.9333333333333,-61.4166666666667,0.596940941611926,345.346534220378,3.1359205921491,39.726367998394,-57.9321497523652,-61.4597273759239,-0.456160599043719,-1.58590696673644,0.0919754446057,0.0729552999811065,33.5094210259,32.0490255857769,39.5648574702353,9.53007867316031
2012-04-28,-57.9333333333333,-61.4166666666667,0.611573186516762,345.823445638021,2.85135409832001,39.726367998394,-57.9321497523652,-61.4597273759239,-0.417027150946004,-1.57116514444351,0.0969364236676155,0.0615556041913149,33.5043670969798,29.4962554910129,39.5648574702353,5.38824480150338
2012-04-29,-57.9333333333333,-61.4166666666667,0.619858408967654,346.200540161133,3.20011199315389,39.726367998394,-57.9321497523652,-61.4597273759239,-0.375365945713637,-1.55497312859485,0.0936688776022958,0.0362871960505731,33.5033688652784,27.8785449436733,39.5648574702353,5.13219271787241
2012-04-30,-57.9333333333333,-61.4166666666667,0.60307208498319,346.210473632813,2.20660083691279,39.726367998394,-57.9321497523652,-61.4597273759239,-0.298316117067982,-1.54659545152707,0.0983659746335413,0.00108535769850688,33.5145436910758,30.4502458106306,39.5648574702353,12.7297237278821
2012-05-01,-57.9333333333333,-61.4166666666667,0.56556680003802,345.995200602214,1.64908492167791,39.726367998394,-57.9321497523652,-61.4597273759239,-0.200545827388988,-1.54829577037266,0.0791599655285814,-0.00834784497107778,33.5266191439521,32.7810110615608,39.5648574702353,24.1420802185051
2012-05-02,-57.9333333333333,-61.4166666666667,0.552258017659187,345.938936360677,2.59007666508357,39.726367998394,-57.9321497523652,-61.4597273759239,-0.1578713139253,-1.54979989851328,0.0795018640171764,0.0322738974950367,33.5266822155257,30.5334259908002,39.5648574702353,10.9316184875136
2012-05-03,-57.9333333333333,-61.4166666666667,0.561152637004852,346.110923258464,2.97951687574387,39.726367998394,-57.9321497523652,-61.4597273759239,-0.181075473869205,-1.55262113603434,0.0704380962997675,0.0258718942873236,33.5263723932711,30.8971240896928,39.5648574702353,16.4047319499873
2012-05-04,-57.9333333333333,-61.4166666666667,0.555757152040799,346.123980712891,2.04609640836716,39.726367998394,-57.9321497523652,-61.4597273759239,-0.219374598781193,-1.55498115729569,0.0670971228720102,0.0201284485427957,33.5290570079832,33.353519998995,39.5648574702353,19.4866771392674
2012-05-05,-57.9333333333333,-61.4166666666667,0.543744274973869,346.116170247396,1.69482263326645,39.726367998394,-57.9321497523652,-61.4597273759239,-0.270362080067844,-1.5514439935971,0.0895477312343909,0.0318975791026999,33.5287816900956,33.8554691694733,39.5648574702353,6.93693415887925
2012-05-06,-57.9333333333333,-61.4166666666667,0.516819182038307,346.125285847982,0.716097713510195,39.726367998394,-57.9321497523652,-61.4597273759239,-0.243212079027093,-1.5461675040704,0.117445779656221,0.011149581759832,33.5336691634099,33.870384370474,39.5648574702353,5.69512874567932
2012-05-07,-57.9333333333333,-61.4166666666667,0.495679786801338,346.289916992188,1.38251797755559,39.726367998394,-57.9321497523652,-61.4597273759239,-0.231509492137378,-1.5409208486851,0.0990589512722161,0.0458764330785077,33.5265385620576,25.8351815159159,39.5648574702353,3.31316963836981
2012-05-08,-57.9333333333333,-61.4166666666667,0.488762415448825,346.578128051758,1.31437533895175,39.726367998394,-57.9321497523652,-61.4597273759239,-0.282898990507413,-1.54552042125759,0.0501444350115787,0.0580953099393755,33.5213699914459,24.1801834285707,39.5648574702353,28.8011492697222
2012-05-09,-57.9333333333333,-61.4166666666667,0.476181881626447,346.583909098307,1.64907566308975,39.726367998394,-57.9321497523652,-61.4597273759239,-0.329637742468289,-1.55177671792812,0.058930553299816,0.0209017369784135,33.5268828313153,29.8828999081949,39.5648574702353,24.3451440907575
2012-05-10,-57.9333333333333,-61.4166666666667,0.471871886650721,346.577295939128,1.92162582874298,39.726367998394,-57.9321497523652,-61.4597273759239,-0.37846644158314,-1.5574375565787,0.0720030311915211,0.0230793360956854,33.5347534695962,33.395396885119,39.5648574702353,16.1152620340703
2012-05-11,-57.9333333333333,-61.4166666666667,0.464037984609604,346.62011311849,1.0907763282458,39.726367998394,-57.9321497523652,-61.4597273759239,-0.440407542861942,-1.5570187824113,0.105807442624206,0.027074277821116,33.5398705417949,34.6425254291162,39.5648574702353,3.24172080582282
2012-05-12,-57.9333333333333,-61.4166666666667,0.4421626329422,346.740573120117,0.45618190964063,39.726367998394,-57.9321497523652,-61.4597273759239,-0.438598459460457,-1.56286434616361,0.131755059472936,0.0230334434882367,33.5438632821678,34.2461290538759,39.5648574702353,2.46541648746834
2012-05-13,-57.9333333333333,-61.4166666666667,0.411176617940267,346.730425008138,0.34594753185908,39.726367998394,-57.9321497523652,-61.4597273759239,-0.37128793610666,-1.56451532177459,0.138216722840653,-0.00357732004521037,33.5613483629729,36.1655827608324,39.5648574702353,12.2745488963549
2012-05-14,-57.9333333333333,-61.4166666666667,0.383083958427111,346.550183105469,0.447806243101756,39.726367998394,-57.9321497523652,-61.4597273759239,-0.301193574681542,-1.55743296522843,0.138820209533424,-0.00247131086381754,33.583709673774,39.2455430389347,39.5648574702353,11.8364880236198
2012-05-15,-57.9333333333333,-61.4166666666667,0.369202315807343,346.568400065104,0.597199162840843,39.726367998394,-57.9321497523652,-61.4597273759239,-0.318158196075294,-1.55240429568111,0.0985357767545191,0.017207391153937,33.5891708144568,38.0764315970858,39.5648574702353,7.04960712901855
2012-05-16,-57.9333333333333,-61.4166666666667,0.35710739394029,346.477896118164,0.603969683249792,39.726367998394,-57.9321497523652,-61.4597273759239,-0.2685860396832,-1.55036092880077,0.13420112984241,0.020484115312198,33.6089735246242,42.1660267858577,39.5648574702353,3.23653110565641
2012-05-17,-57.9333333333333,-61.4166666666667,0.359816573063532,346.711618041992,1.26625679334005,39.726367998394,-57.9321497523652,-61.4597273759239,-0.29751483182934,-1.55450158011644,0.107413680481731,0.0442908472920719,33.6108206985588,39.0763144313841,39.5648574702353,1.50107568636168
2012-05-18,-57.9333333333333,-61.4166666666667,0.370885198314985,347.134557088216,0.98720828294754,39.726367998394,-57.9321497523652,-61.4597273759239,-0.308080204223332,-1.56404148277483,0.119276889788925,0.0372096352083118,33.6170449077635,40.6446904347355,39.5648574702353,0.386682581231473
2012-05-19,-57.9333333333333,-61.4166666666667,0.363016080856323,346.962110392253,0.417154243588448,39.726367998394,-57.9321497523652,-61.4597273759239,-0.30820135887068,-1.56813280205978,0.100093827197762,-0.0456217296589586,33.6281451892136,42.9886497985151,39.5648574702353,43.2883083675381
2012-05-20,-57.9333333333333,-61.4166666666667,0.33590834637483,346.026025390625,0.341005891561508,39.726367998394,-57.9321497523652,-61.4597273759239,-0.229042312704531,-1.57152081477015,0.169933026600489,-0.0270329744772131,33.6563232823422,49.5725021577419,39.5648574702353,35.5129083496023
2012-05-21,-57.9333333333333,-61.4166666666667,0.332362780968348,346.195442708333,0.846971521774928,39.726367998394,-57.9321497523652,-61.4597273759239,-0.23080182778544,-1.57808917716033,0.13949712381271,0.0431825435699377,33.6640504822695,50.699736494767,39.5648574702353,1.09317993643091
2012-05-22,-57.9333333333333,-61.4166666666667,0.336825566490491,346.454478963216,0.638139780362447,39.726367998394,-57.9321497523652,-61.4597273759239,-0.275915989134097,-1.57792740701733,0.0457410502450583,0.0316428755010877,33.6657427594178,48.6775983401707,39.5648574702353,31.9797548942184
2012-05-23,-57.9333333333333,-61.4166666666667,0.341340796152751,346.540152994792,0.893956609567006,39.726367998394,-57.9321497523652,-61.4597273759239,-0.325229312328244,-1.58194300465118,0.08406128378627,0.0372555276897169,33.6701885739663,48.6953817561157,39.5648574702353,8.50786796608923
2012-05-24,-57.9333333333333,-61.4166666666667,0.349634940425555,346.825053914388,0.87897950609525,39.726367998394,-57.9321497523652,-61.4597273759239,-0.374696832878473,-1.59480437255443,0.107769347279144,0.0401651120107425,33.6738082484195,47.9949475589551,39.5648574702353,1.51738326352604
2012-05-25,-57.9333333333333,-61.4166666666667,0.355985982219378,347.281052652995,0.8665367603302,39.726367998394,-57.9321497523652,-61.4597273759239,-0.424263479622235,-1.60617308867605,0.106555490411426,0.074536296363948,33.6764701470397,47.0593143369918,39.5648574702353,6.28464815699806
2012-05-26,-57.9333333333333,-61.4166666666667,0.346806682149569,347.546043904622,0.398868325352669,39.726367998394,-57.9321497523652,-61.4597273759239,-0.462837957349935,-1.60471829570326,0.133567812607477,0.122168117405889,33.6766592757146,48.1337722046931,39.5648574702353,30.8616857778916
2012-05-27,-57.9333333333333,-61.4166666666667,0.339562390247981,348.251233927409,0.532966723044713,39.726367998394,-57.9321497523652,-61.4597273759239,-0.51415035828836,-1.59123278963835,0.0640796913828393,0.0588158221173107,33.6771067138901,47.7224608112995,39.5648574702353,19.4805343559322
2012-05-28,-57.9333333333333,-61.4166666666667,0.339600432912509,348.627140299479,0.695546285311381,39.726367998394,-57.9321497523652,-61.4597273759239,-0.571369121537397,-1.56904835629284,0.0702292856417204,0.0348324039320749,33.694345101378,51.1569404530346,39.5648574702353,15.2863242408616
2012-05-29,-57.9333333333333,-61.4166666666667,0.340902008612951,348.897068277995,0.633930973211924,39.726367998394,-57.9321497523652,-61.4597273759239,-0.643977473833059,-1.56964266165755,0.116280110076742,0.0660874879589878,33.6961979830175,48.8405166783727,39.5648574702353,2.77471159609767
2012-05-30,-57.9333333333333,-61.4166666666667,0.338422122597694,349.228442382812,0.465116142233213,39.726367998394,-57.9321497523652,-61.4597273759239,-0.705800173566081,-1.57841157420237,0.0834233779460192,0.0758855359530763,33.6911900025561,45.4421774247535,39.5648574702353,13.5861756986416
2012-05-31,-57.9333333333333,-61.4166666666667,0.331797025601069,349.651051839193,0.479652986923854,39.726367998394,-57.9321497523652,-61.4597273759239,-0.737474254339485,-1.58002240093131,0.097996540395613,0.109208077234321,33.6920218503565,46.7093839573681,39.5648574702353,24.770220255882
2012-06-01,-57.9333333333333,-61.4166666666667,0.324803520242373,350.307163492839,0.393406606713931,39.726367998394,-57.9321497523652,-61.4597273759239,-0.770478299993994,-1.58641866320058,0.105828094569252,0.102989643574097,33.691035019724,46.7822380854671,39.5648574702353,19.1272435065579
2012-06-02,-57.9333333333333,-61.4166666666667,0.318487862745921,351.102645874023,0.359261853496234,39.726367998394,-57.9321497523652,-61.4597273759239,-0.792655390568246,-1.59162287649355,0.149175850898588,0.0876386037894658,33.6903350944806,46.2762732864323,39.5648574702353,12.463103540262
2012-06-03,-57.9333333333333,-61.4166666666667,0.31075461357832,351.822767130534,0.281263821323713,39.726367998394,-57.9321497523652,-61.4597273759239,-0.811941252167064,-1.60161367036346,0.150593928908719,0.101711537773,33.6914536468965,47.4757884749793,39.5648574702353,19.936870948032
2012-06-04,-57.9333333333333,-61.4166666666667,0.301782144109408,352.437906901042,0.226020521918933,39.726367998394,-57.9321497523652,-61.4597273759239,-0.842340443143271,-1.60228714548556,0.0783729091342679,0.0464592679102618,33.6937596600755,47.8394865380194,39.5648574702353,10.7770355718273
2012-06-05,-57.9333333333333,-61.4166666666667,0.291896318892638,352.207917277018,0.351416231195132,39.726367998394,-57.9321497523652,-61.4597273759239,-0.889148034323427,-1.58387851670272,0.0273014456593901,0.0435014964550509,33.7156961770882,51.9560437166601,39.5648574702353,47.4725391038397
2012-06-06,-57.9333333333333,-61.4166666666667,0.284208785990874,352.158049519857,0.286530762910843,39.726367998394,-57.9321497523652,-61.4597273759239,-0.94383628756032,-1.58762678391951,0.156117091193459,0.0548438266535899,33.7187996914512,50.8018476263921,39.5648574702353,5.49979616005204
2012-06-07,-57.9333333333333,-61.4166666666667,0.276902445654074,352.281834920247,0.23994205246369,39.726367998394,-57.9321497523652,-61.4597273759239,-0.991954562527345,-1.59987319725797,0.0219228447912107,0.0552821000827882,33.7229475007021,51.1282579128007,39.5648574702353,53.481210757897
2012-06-08,-57.9333333333333,-61.4166666666667,0.269636190931002,352.427456665039,0.182211366047462,39.726367998394,-57.9321497523652,-61.4597273759239,-1.05378553002401,-1.59380162165577,0.119797769695857,0.0778038420511368,33.7225000481857,49.1927416127427,39.5648574702353,5.80133363525529
2012-06-09,-57.9333333333333,-61.4166666666667,0.262078701456388,352.706604003906,0.169932347287734,39.726367998394,-57.9321497523652,-61.4597273759239,-1.08888502082878,-1.59302718478038,0.0126112575705786,0.0315579743425649,33.7225861226706,49.4950586548425,39.5648574702353,63.6502616260412
2012-06-10,-57.9333333333333,-61.4166666666667,0.252456813057264,352.231924438477,0.151934661219517,39.726367998394,-57.9321497523652,-61.4597273759239,-1.10135860304187,-1.57482392626597,0.0299494424204629,0.0026938895225749,33.7370651933484,54.1812560146016,39.5648574702353,53.4985995493941
2012-06-11,-57.9333333333333,-61.4166666666667,0.243904469907284,351.911186726888,0.141651148100694,39.726367998394,-57.9321497523652,-61.4597273759239,-1.15566411300709,-1.56376957221139,0.0649149347712895,0.0938983402053889,33.7382412243606,54.699841459891,39.5648574702353,30.2934342070469
2012-06-12,-57.9333333333333,-61.4166666666667,0.2375287865599,351.951077270508,0.161501308778922,39.726367998394,-57.9321497523652,-61.4597273759239,-1.2233931738183,-1.56028747961933,0.0408856242446971,0.0663123612285108,33.7273934299784,53.9454834765958,39.5648574702353,37.6238580257116
2012-06-13,-57.9333333333333,-61.4166666666667,0.230573858320713,351.637682088216,0.119827602555354,39.726367998394,-57.9321497523652,-61.4597273759239,-1.25404569125713,-1.56613877213987,0.017094954610207,0.0125057050552135,33.7273247224048,54.9327460912834,39.5648574702353,62.9280672315753
2012-06-14,-57.9333333333333,-61.4166666666667,0.223793291548888,351.176180013021,0.146519577503204,39.726367998394,-57.9321497523652,-61.4597273759239,-1.27976384265979,-1.57098501831069,0.0278842801130132,0.0330035882000636,33.7269746020324,56.0513758336691,39.5648574702353,47.5203547875624
2012-06-15,-57.9333333333333,-61.4166666666667,0.21789804349343,351.190858968099,0.0746681074301402,39.726367998394,-57.9321497523652,-61.4597273759239,-1.33308082931024,-1.57383150131183,0.112473327400429,0.0406905809291323,33.7184902994256,50.4238083272948,39.5648574702353,0.810450279951755
2012-06-16,-57.9333333333333,-61.4166666666667,0.214867915213108,352.04098815918,0.158810638139645,39.726367998394,-57.9321497523652,-61.4597273759239,-1.38018029031897,-1.58878901085459,0.147351624430122,0.0801971357567866,33.711565533975,37.628406166134,39.5648574702353,9.0710437801448
2012-06-17,-57.9333333333333,-61.4166666666667,0.210814110438029,352.883838907878,0.0700068786740303,39.726367998394,-57.9321497523652,-61.4597273759239,-1.39335052366544,-1.58942347899415,0.119331961553684,0.043074696345773,33.7173081448204,42.0736682934869,39.5648574702353,0.151471674017846
2012-06-18,-57.9333333333333,-61.4166666666667,0.203092622260253,352.327317301432,0.152637879053752,39.726367998394,-57.9321497523652,-61.4597273759239,-1.35796465349377,-1.59518069028854,0.0154267623600431,0.0265924065212782,33.7473737817062,54.6774692320286,39.5648574702353,61.2790667197784
2012-06-19,-57.9333333333333,-61.4166666666667,0.198298570513725,352.025618489583,0.141185561319192,39.726367998394,-57.9321497523652,-61.4597273759239,-1.37114589935855,-1.58902421123103,0.142532912748201,0.0498805531069524,33.761250574786,55.709476496044,39.5648574702353,1.75003885911488
2012-06-20,-57.9333333333333,-61.4166666666667,0.193402638037999,352.494798787435,0.0549391295139988,39.726367998394,-57.9321497523652,-61.4597273759239,-1.38269703863259,-1.58952559071376,0.166757266506329,-0.0344147821118061,33.7663676183027,49.5030898008131,39.5648574702353,39.6515593025737
2012-06-21,-57.9333333333333,-61.4166666666667,0.188283947606881,353.236309814453,0.0773243837058544,39.726367998394,-57.9321497523652,-61.4597273759239,-1.34668611830338,-1.60191197144358,0.152445691070498,-0.00910277657658982,33.7814433018964,55.0933695699936,39.5648574702353,17.9916819977064
2012-06-22,-57.9333333333333,-61.4166666666667,0.183809150507053,353.664584350586,0.102669329941273,39.726367998394,-57.9321497523652,-61.4597273759239,-1.33124971972372,-1.60183395478958,0.122397579812914,-0.0496006088849521,33.7867323222913,56.87227775459,39.5648574702353,43.9278524814322
2012-06-23,-57.9333333333333,-61.4166666666667,0.181360064446926,354.246653238932,0.15724853699406,39.726367998394,-57.9321497523652,-61.4597273759239,-1.33369762556893,-1.6038038874031,0.146328222104593,0.0458810223560584,33.7936449696247,59.9964097137738,39.5648574702353,2.34622747927957
2012-06-24,-57.9333333333333,-61.4166666666667,0.180178118745486,354.740475463867,0.134263912215829,39.726367998394,-57.9321497523652,-61.4597273759239,-1.35723496760641,-1.59411024823225,0.114157581869933,0.0206470336709031,33.7956814443258,61.3485172780833,39.5648574702353,3.31043212535733
2012-06-25,-57.9333333333333,-61.4166666666667,0.178583001593749,355.107588704427,0.16767390097181,39.726367998394,-57.9321497523652,-61.4597273759239,-1.35420055048806,-1.58516235772828,0.153239631549196,-0.00489672931625431,33.7984866235489,62.186629026456,39.5648574702353,16.0654623063674
2012-06-26,-57.9333333333333,-61.4166666666667,0.177352151771386,355.370101928711,0.137598607068261,39.726367998394,-57.9321497523652,-61.4597273759239,-1.35431069785491,-1.57826127414417,0.115458634156818,0.018435015448166,33.8051065860834,64.6504824788947,39.5648574702353,3.72450365050691
2012-06-27,-57.9333333333333,-61.4166666666667,0.170769622176886,354.633899943034,0.051315927070876,39.726367998394,-57.9321497523652,-61.4597273759239,-1.35061267892221,-1.56936041618648,-0.00170261150968254,-0.0245708419864339,33.8120305771218,66.9445337137782,39.5648574702353,103.517322725732
2012-06-28,-57.9333333333333,-61.4166666666667,0.162376131365697,353.767096964518,0.0603174092248082,39.726367998394,-57.9321497523652,-61.4597273759239,-1.34400966741089,-1.56378448233569,0.042177497934466,-0.0305299825434174,33.822017970838,69.5965462914087,39.5648574702353,61.9316043775795
2012-06-29,-57.9333333333333,-61.4166666666667,0.156390282760064,353.684491984049,0.0430236207942168,39.726367998394,-57.9321497523652,-61.4597273759239,-1.35502110970648,-1.56354240412103,0.0638226936606312,-0.0538043616465608,33.8165453717225,59.5564152782125,39.5648574702353,66.4819989493733
2012-06-30,-57.9333333333333,-61.4166666666667,0.153362677743038,354.10402730306,0.136592819044987,39.726367998394,-57.9321497523652,-61.4597273759239,-1.34984719058625,-1.57493177571691,0.100717965233371,-0.0353968816536262,33.8130976454656,59.6803250994001,39.5648574702353,34.4851069399603
2012-07-01,-57.9333333333333,-61.4166666666667,0.153071793913841,354.510653686523,0.138371199866136,39.726367998394,-57.9321497523652,-61.4597273759239,-1.36106240032311,-1.57671010987203,0.0928565803775214,0.0139765596031246,33.811588947038,60.3578129495893,39.5648574702353,9.62012157510207
2012-07-02,-57.9333333333333,-61.4166666666667,0.152998831371466,354.698362223307,0.139890552063783,39.726367998394,-57.9321497523652,-61.4597273759239,-1.36461998309408,-1.56749604070993,0.0886207032752664,0.0293666077987816,33.8134993933197,63.6087229377345,39.5648574702353,7.60837432732061
2012-07-03,-57.9333333333333,-61.4166666666667,0.148966890076796,354.321763102214,0.0488632318253318,39.726367998394,-57.9321497523652,-61.4597273759239,-1.37004998729641,-1.55567183799313,0.0425561108395345,-0.0411862200616222,33.8134763904084,64.7181738480589,39.5648574702353,70.14041703244
2012-07-04,-57.9333333333333,-61.4166666666667,0.13976645792524,352.380393473307,0.0556750125562151,39.726367998394,-57.9321497523652,-61.4597273759239,-1.33542960792556,-1.55558005490697,-0.000709038787990584,-0.0373083043255304,33.8163561713427,68.5771593975842,39.5648574702353,111.824295028849
2012-07-05,-57.9333333333333,-61.4166666666667,0.135320557157199,351.873014322917,0.116732391963402,39.726367998394,-57.9321497523652,-61.4597273759239,-1.34058425188961,-1.55813397411117,0.0367461211307156,0.00383431776741842,33.8239860964897,70.9584061615449,39.5648574702353,46.8212860963157
2012-07-06,-57.9333333333333,-61.4166666666667,0.13463957135876,351.810760498047,0.133894595007102,39.726367998394,-57.9321497523652,-61.4597273759239,-1.35361129493642,-1.55722759361554,0.0744628683432825,0.0378268892155554,33.831340330884,71.9806616682755,39.5648574702353,12.8354839112983
2012-07-07,-57.9333333333333,-61.4166666666667,0.134210212032,351.940880330404,0.111101711913943,39.726367998394,-57.9321497523652,-61.4597273759239,-1.3766777779823,-1.55966678015272,0.0901190931663701,0.00875399354145043,33.832917837272,71.5578769992169,39.5648574702353,12.2400491303439
2012-07-08,-57.9333333333333,-61.4166666666667,0.132876916478078,352.314347330729,0.09724599160254,39.726367998394,-57.9321497523652,-61.4597273759239,-1.42110355321626,-1.55549056279032,0.104322820285657,-0.0366979341925983,33.8223969022134,56.0680116065463,39.5648574702353,34.7269247495928
2012-07-09,-57.9333333333333,-61.4166666666667,0.130432048688332,352.801694742839,0.0501886600007614,39.726367998394,-57.9321497523652,-61.4597273759239,-1.43554592222199,-1.56075443092145,0.0604266486501783,-0.0238801598885006,33.8180030449889,50.3521009925613,39.5648574702353,43.788161628176
2012-07-10,-57.9333333333333,-61.4166666666667,0.127722452580929,353.077044677734,0.0837278218319019,39.726367998394,-57.9321497523652,-61.4597273759239,-1.43246193980812,-1.55975512409569,0.0581687378059877,-0.0227420261423839,33.8185193771707,54.0533309556488,39.5648574702353,44.4985306435375
2012-07-11,-57.9333333333333,-61.4166666666667,0.127278429518143,353.065725708008,0.15249267667532,39.726367998394,-57.9321497523652,-61.4597273759239,-1.43534766507328,-1.56083244936807,0.0790612966634501,0.0111381085659552,33.8186626434326,58.7561646368271,39.5648574702353,15.8653571157714
2012-07-12,-57.9333333333333,-61.4166666666667,0.128320899605751,352.934265136719,0.149930575241645,39.726367998394,-57.9321497523652,-61.4597273759239,-1.44876846379804,-1.56922045013958,0.0912595217473301,0.0191256976161236,33.8199533735003,62.2067066422082,39.5648574702353,8.72345428056371
2012-07-13,-57.9333333333333,-61.4166666666667,0.127854160964489,352.817566935221,0.119934142629306,39.726367998394,-57.9321497523652,-61.4597273759239,-1.44675837244306,-1.58273464710193,0.163916520494267,0.00198714499522869,33.8243820362521,67.0099304493209,39.5648574702353,16.5423456922788
2012-07-14,-57.9333333333333,-61.4166666666667,0.127542956918478,353.184613037109,0.112067812308669,39.726367998394,-57.9321497523652,-61.4597273759239,-1.44535130755346,-1.60049503817594,0.139510891141188,0.0853187381605009,33.8302217641271,71.0094616897124,39.5648574702353,9.58529083162645
2012-07-15,-57.9333333333333,-61.4166666666667,0.126566355675459,353.288669840495,0.0945464971164862,39.726367998394,-57.9321497523652,-61.4597273759239,-1.45229025397982,-1.60045603253788,0.0507226805237675,-0.00674619675522908,33.8314723108048,72.1407115549073,39.5648574702353,40.3197916514826
2012-07-16,-57.9333333333333,-61.4166666666667,0.126217886805534,353.116764322917,0.151687267174323,39.726367998394,-57.9321497523652,-61.4597273759239,-1.45441324370248,-1.60375914493002,0.0821016744283357,0.01995864622575,33.8371456691197,74.2775808994035,39.5648574702353,12.0042512555077
2012-07-17,-57.9333333333333,-61.4166666666667,0.125317232807477,353.091539510091,0.0746654438475768,39.726367998394,-57.9321497523652,-61.4597273759239,-1.45349080266809,-1.60250398449432,0.168088148200983,-0.00140889959507867,33.8389240350938,74.5609672696967,39.5648574702353,19.7515713335425
2012-07-18,-57.9333333333333,-61.4166666666667,0.12228117287159,353.49980875651,0.0476785933598876,39.726367998394,-57.9321497523652,-61.4597273759239,-1.42168455150791,-1.61327610024832,0.162941304952803,-0.00435290313360834,33.8409146187001,75.2149354712407,39.5648574702353,19.0360910740729
2012-07-19,-57.9333333333333,-61.4166666666667,0.121169602870941,354.31037902832,0.120360827694337,39.726367998394,-57.9321497523652,-61.4597273759239,-1.40443631401636,-1.62953122576377,0.155343802085608,0.0537194605160477,33.8439492533978,76.2262916457384,39.5648574702353,5.14568348169969
2012-07-20,-57.9333333333333,-61.4166666666667,0.121964715917905,354.817045084635,0.144722939034303,39.726367998394,-57.9321497523652,-61.4597273759239,-1.41124859609102,-1.6351840307838,0.139384687731141,0.0392564404755831,33.8492611763173,77.4699784400768,39.5648574702353,1.1898009826084
2012-07-21,-57.9333333333333,-61.4166666666667,0.121496291210254,354.896965535482,0.123138546571136,39.726367998394,-57.9321497523652,-61.4597273759239,-1.40006918925092,-1.63151492705022,0.137273632312067,0.00716381857549786,33.8507756254727,76.9835176324486,39.5648574702353,7.60750366893223
2012-07-22,-57.9333333333333,-61.4166666666667,0.122209524611632,355.044530232747,0.232490612814824,39.726367998394,-57.9321497523652,-61.4597273759239,-1.39400586956426,-1.62666408952914,0.122918459229675,-0.00400641496132191,33.8524564155062,76.4655062130519,39.5648574702353,11.5884393001424
2012-07-23,-57.9333333333333,-61.4166666666667,0.123076933374008,355.215347290039,0.139029428114494,39.726367998394,-57.9321497523652,-61.4597273759239,-1.37686777383761,-1.62604798186094,0.116465974893225,0.010110116836832,33.8514697999883,74.993504301946,39.5648574702353,6.11931785550437
2012-07-24,-57.9333333333333,-61.4166666666667,0.122665764888128,355.604210408529,0.085745469853282,39.726367998394,-57.9321497523652,-61.4597273759239,-1.388328046727,-1.62969758591258,0.0916886166914513,0.0753623615334133,33.8545273085286,75.1541279276511,39.5648574702353,10.3479643698787
2012-07-25,-57.9333333333333,-61.4166666666667,0.120861549923817,355.995263671875,0.0459332321460048,39.726367998394,-57.9321497523652,-61.4597273759239,-1.39567176605526,-1.63164916119181,0.037367964219442,0.0286782203536285,33.8532939853525,73.9614969949077,39.5648574702353,39.3581958236584
2012-07-26,-57.9333333333333,-61.4166666666667,0.118304410080115,355.783943684896,0.0919536696126064,39.726367998394,-57.9321497523652,-61.4597273759239,-1.40369285721528,-1.64240750961734,0.00731755850514523,0.124556821707944,33.8618125772118,77.2210118358297,39.5648574702353,101.304689507232
2012-07-27,-57.9333333333333,-61.4166666666667,0.119260892520348,355.918170166016,0.183808643122514,39.726367998394,-57.9321497523652,-61.4597273759239,-1.42058588418745,-1.63888411279908,0.0206493283096785,0.0505666460813884,33.8686504220604,79.2047146280905,39.5648574702353,54.382667103409
2012-07-28,-57.9333333333333,-61.4166666666667,0.120736361294985,355.698933919271,0.188566386948029,39.726367998394,-57.9321497523652,-61.4597273759239,-1.43393784716613,-1.63152984300054,0.0353739354059212,-0.00771452846439709,33.8735321303059,79.8317209365673,39.5648574702353,53.3554063014558
2012-07-29,-57.9333333333333,-61.4166666666667,0.121351196368535,355.385193888346,0.165745819111665,39.726367998394,-57.9321497523652,-61.4597273759239,-1.45064363488577,-1.61980545386336,0.0756927873323062,-0.0169182684188499,33.8780639619756,80.4793786751597,39.5648574702353,30.6448981469283
2012-07-30,-57.9333333333333,-61.4166666666667,0.120463827252388,355.471946207682,0.0697204689184825,39.726367998394,-57.9321497523652,-61.4597273759239,-1.47187350298229,-1.61227908663284,0.141211208068114,0.0212069220728892,33.8758210060292,79.8357365005895,39.5648574702353,3.97741846378915
2012-07-31,-57.9333333333333,-61.4166666666667,0.119928917785486,355.098806762695,0.192952844003836,39.726367998394,-57.9321497523652,-61.4597273759239,-1.45721911084383,-1.62142546239652,0.162574165283625,0.089265492779756,33.8809034591331,82.6489461633496,39.5648574702353,17.3562891768293
2012-08-01,-57.9333333333333,-61.4166666666667,0.121748735010624,354.548611450195,0.206416980673869,39.726367998394,-57.9321497523652,-61.4597273759239,-1.44799196697716,-1.62366845509163,0.0906055538277877,0.120543523194422,33.8938449916983,85.5671352551396,39.5648574702353,35.042493868068
2012-08-02,-57.9333333333333,-61.4166666666667,0.122201218207677,354.250862630208,0.0685392697031299,39.726367998394,-57.9321497523652,-61.4597273759239,-1.46356328828891,-1.60660103568457,0.0689833048254924,0.0139375508979971,33.8998397024054,83.8404301127097,39.5648574702353,20.0930116010297
2012-08-03,-57.9333333333333,-61.4166666666667,0.122329326967398,354.433513387044,0.141088505710165,39.726367998394,-57.9321497523652,-61.4597273759239,-1.4894989715483,-1.60866161306998,0.135912919851174,0.0617368794221403,33.8959274148582,78.9368167748129,39.5648574702353,2.17927360114868
2012-08-04,-57.9333333333333,-61.4166666666667,0.125903171300888,354.627305094401,0.273100578288237,39.726367998394,-57.9321497523652,-61.4597273759239,-1.49593677242896,-1.61887842909734,0.064807087337052,0.0630310478347137,33.8980040299265,80.9641182476417,39.5648574702353,19.7510261090672
2012-08-05,-57.9333333333333,-61.4166666666667,0.130518009761969,354.476086425781,0.362280927598476,39.726367998394,-57.9321497523652,-61.4597273759239,-1.4938688560536,-1.62541811269029,0.0948551988607287,0.0466520160968815,33.9028686293982,82.6678771865099,39.5648574702353,4.49784192225547
2012-08-06,-57.9333333333333,-61.4166666666667,0.132992161313693,354.261171468099,0.179474498331547,39.726367998394,-57.9321497523652,-61.4597273759239,-1.49590924090909,-1.61948191312919,0.0730218443095236,-0.0172326320124076,33.9044174825339,83.125081033635,39.5648574702353,32.182892012247
2012-08-07,-57.9333333333333,-61.4166666666667,0.134049078822136,354.413754272461,0.198390403389931,39.726367998394,-57.9321497523652,-61.4597273759239,-1.50981741426583,-1.62420769338321,0.123466874829921,0.0330471859446594,33.9022490852757,78.7216959824239,39.5648574702353,0.619086219998866
2012-08-08,-57.9333333333333,-61.4166666666667,0.137079916397731,354.44994913737,0.254146362841129,39.726367998394,-57.9321497523652,-61.4597273759239,-1.50678575845589,-1.62722053787762,0.0819938266999964,0.0132560472571312,33.9062990747896,80.2596684972146,39.5648574702353,13.893116500879
2012-08-09,-57.9333333333333,-61.4166666666667,0.140602423002323,354.200291951497,0.352183812359969,39.726367998394,-57.9321497523652,-61.4597273759239,-1.53050207778027,-1.62501998996376,0.0832673435456547,-0.0147659103701213,33.9028228243491,70.8666214799522,39.5648574702353,25.9265063587729
2012-08-10,-57.9333333333333,-61.4166666666667,0.143361573914687,354.057732137044,0.268657511969407,39.726367998394,-57.9321497523652,-61.4597273759239,-1.53921155866824,-1.62306840885851,0.094357265229512,-0.0398186237124124,33.9005626162192,71.7925024032593,39.5648574702353,39.8283012420802
2012-08-11,-57.9333333333333,-61.4166666666667,0.146846915284793,354.351184082031,0.398246172070503,39.726367998394,-57.9321497523652,-61.4597273759239,-1.54845522669025,-1.60958175596438,0.124024468593131,-0.0309957913998374,33.8960135036841,65.4312286914739,39.5648574702353,28.2005766066145
2012-08-12,-57.9333333333333,-61.4166666666667,0.156252835939328,354.856189982096,0.70897564291954,39.726367998394,-57.9321497523652,-61.4597273759239,-1.54881043183176,-1.60157237017065,0.132087780498808,-0.0207915950734588,33.8924682014867,61.4741480762797,39.5648574702353,21.3255697406678
2012-08-13,-57.9333333333333,-61.4166666666667,0.166916248947382,355.347622680664,0.463075258831183,39.726367998394,-57.9321497523652,-61.4597273759239,-1.5711637493363,-1.60460586027991,0.0616841030804286,-0.0269847874550667,33.8879536793644,57.5394397391413,39.5648574702353,45.1461356420918
2012-08-14,-57.9333333333333,-61.4166666666667,0.175279473761717,355.684758504232,0.58810824851195,39.726367998394,-57.9321497523652,-61.4597273759239,-1.58256344777301,-1.61472859821822,0.0722898588676874,0.00290958425100137,33.885286216449,54.3648263601432,39.5648574702353,22.2386251663338
2012-08-15,-57.9333333333333,-61.4166666666667,0.1831431021293,355.643874104818,0.799438997109731,39.726367998394,-57.9321497523652,-61.4597273759239,-1.57802835084442,-1.62775632940737,0.0696602186426184,0.0692403024216568,33.8927895682199,66.783909761816,39.5648574702353,18.3283560630733
2012-08-16,-57.9333333333333,-61.4166666666667,0.186910052597523,355.22453511556,0.655482619007428,39.726367998394,-57.9321497523652,-61.4597273759239,-1.58238171097031,-1.62336671576464,0.176178995113736,0.0234740113601425,33.8927551498987,68.7429456710815,39.5648574702353,15.357646478281
2012-08-17,-57.9333333333333,-61.4166666666667,0.188789608577887,354.858209228516,0.481902202963829,39.726367998394,-57.9321497523652,-61.4597273759239,-1.562107326841,-1.61893464075892,0.19041255229902,0.0266015850763796,33.8920781988847,70.8786683548662,39.5648574702353,23.0960750797046
2012-08-18,-57.9333333333333,-61.4166666666667,0.191346785922845,355.108693440755,0.468092740078767,39.726367998394,-57.9321497523652,-61.4597273759239,-1.53010281360239,-1.60592182596823,0.187362996329154,0.00216153660382991,33.8930820809271,72.8600770369508,39.5648574702353,28.4034026639671
2012-08-19,-57.9333333333333,-61.4166666666667,0.199938187003136,355.697895304362,0.967750267187754,39.726367998394,-57.9321497523652,-61.4597273759239,-1.51166779878444,-1.59916760150651,0.173292357278498,0.00138365873660808,33.8927206885546,72.7023214863655,39.5648574702353,20.9110389446123
2012-08-20,-57.9333333333333,-61.4166666666667,0.215775325894356,356.40915629069,1.1604904015859,39.726367998394,-57.9321497523652,-61.4597273759239,-1.51628275294053,-1.61076578385848,0.157668257020134,0.0578451958814062,33.8949291974978,74.7038083004772,39.5648574702353,6.36600508701492
2012-08-21,-57.9333333333333,-61.4166666666667,0.225594951709112,356.698903401693,0.562949406107267,39.726367998394,-57.9321497523652,-61.4597273759239,-1.52288851702124,-1.6122045153962,0.175121173010509,-0.014570867292639,33.8947857878262,75.3749859566079,39.5648574702353,29.9038713159315
2012-08-22,-57.9333333333333,-61.4166666666667,0.229342380662759,356.875588989258,0.701498992244403,39.726367998394,-57.9321497523652,-61.4597273759239,-1.5229518480767,-1.61069349552456,0.163829324795003,0.0357732002140212,33.8960019305236,76.096645731675,39.5648574702353,7.98692890128846
2012-08-23,-57.9333333333333,-61.4166666666667,0.234204357365767,356.307344563802,0.960873148838679,39.726367998394,-57.9321497523652,-61.4597273759239,-1.51987888624794,-1.6134929410497,0.148035421995516,0.0989648721187859,33.9064997192612,79.4525341557381,39.5648574702353,17.7634758255747
2012-08-24,-57.9333333333333,-61.4166666666667,0.230464096367359,354.042742919922,0.823535774151484,39.726367998394,-57.9321497523652,-61.4597273759239,-1.49467840320186,-1.61725727597574,0.100924481028565,0.129487970017625,33.9272893030841,84.5322594069001,39.5648574702353,39.2899833254898
2012-08-25,-57.9333333333333,-61.4166666666667,0.23306885411342,353.129208374023,0.637836459775766,39.726367998394,-57.9321497523652,-61.4597273759239,-1.4941359469317,-1.60605147413741,0.117253031133485,0.105929058129178,33.9352519673512,83.5662227573251,39.5648574702353,19.3934561633895
2012-08-26,-57.9333333333333,-61.4166666666667,0.235520812372367,353.339777628581,0.251032233734926,39.726367998394,-57.9321497523652,-61.4597273759239,-1.53464342508101,-1.5873583160845,0.166296046157192,0.039713070846926,33.9166590181508,42.5612760235492,39.5648574702353,8.73108128614226
2012-08-27,-57.9333333333333,-61.4166666666667,0.236437080303828,354.160741170247,0.515329067905744,39.726367998394,-57.9321497523652,-61.4597273759239,-1.53626801689765,-1.58226539676351,0.130233722717914,0.0292931798901549,33.9031494111943,30.616032618329,39.5648574702353,1.24737270167803
2012-08-28,-57.9333333333333,-61.4166666666667,0.253015768031279,354.904645792643,1.68855935533841,39.726367998394,-57.9321497523652,-61.4597273759239,-1.52631393187028,-1.58773118795309,0.122126813963952,0.0187080757398354,33.9044344048751,35.3945887644488,39.5648574702353,3.25825886136112
2012-08-29,-57.9333333333333,-61.4166666666667,0.281346747775873,355.482550048828,2.02233180602392,39.726367998394,-57.9321497523652,-61.4597273759239,-1.50499870409643,-1.59164467252287,0.114584382455376,0.00438732253317546,33.9049449289652,36.940592260289,39.5648574702353,8.40170047872031
2012-08-30,-57.9333333333333,-61.4166666666667,0.315529609719912,355.993156941732,2.38885787725449,39.726367998394,-57.9321497523652,-61.4597273759239,-1.5007059215603,-1.595374584198,0.122135992617087,-0.0011748478544834,33.9037689696577,36.1317371318215,39.5648574702353,10.2836293007185
2012-08-31,-57.9333333333333,-61.4166666666667,0.338435713946819,355.974830118815,1.60724330147107,39.726367998394,-57.9321497523652,-61.4597273759239,-1.49876466819218,-1.59436724418984,0.100527510803221,-0.0575859033663694,33.901457177069,37.1098209108625,39.5648574702353,54.6327162931132
2012-09-01,-57.9333333333333,-61.4166666666667,0.362303015589714,356.36200764974,2.56034058729808,39.726367998394,-57.9321497523652,-61.4597273759239,-1.497029926992,-1.59576581833058,0.1510803897522,0.042283050743933,33.9032182765186,43.7648067008284,39.5648574702353,3.48578227227743
2012-09-02,-57.9333333333333,-61.4166666666667,0.391522367795308,357.017609659831,2.06141802867254,39.726367998394,-57.9321497523652,-61.4597273759239,-1.48692440448847,-1.58960016463932,0.156110206884997,0.0584991639129874,33.9070904380397,49.2099515190698,39.5648574702353,5.9571117178449
2012-09-03,-57.9333333333333,-61.4166666666667,0.418029611309369,357.555559285482,2.40200704733531,39.726367998394,-57.9321497523652,-61.4597273759239,-1.47855086120448,-1.59170892319285,0.142645348899795,0.0411403274681783,33.910440559674,54.4784100898226,39.5648574702353,1.64696451381155
2012-09-04,-57.9333333333333,-61.4166666666667,0.459331172704697,358.058661905924,3.09802314440409,39.726367998394,-57.9321497523652,-61.4597273759239,-1.4942102952111,-1.59885897448188,0.0874779803076185,0.0627189789359507,33.9096087262146,55.1771233852645,39.5648574702353,8.67510462079887
2012-09-05,-57.9333333333333,-61.4166666666667,0.4935894181331,358.432941691081,1.86730265021324,39.726367998394,-57.9321497523652,-61.4597273759239,-1.51133186611018,-1.58871788279455,0.129497149104911,0.0184051852281156,33.9062471604885,54.0544782007547,39.5648574702353,3.41468742239336
2012-09-06,-57.9333333333333,-61.4166666666667,0.526148886481921,358.847635904948,3.23176848888397,39.726367998394,-57.9321497523652,-61.4597273759239,-1.51671230837815,-1.59106642455983,0.106298492591184,0.0276272822507566,33.9032182765186,52.6071436100436,39.5648574702353,3.05732900275998
2012-09-07,-57.9333333333333,-61.4166666666667,0.586123381058375,359.268530273437,5.39025090535482,39.726367998394,-57.9321497523652,-61.4597273759239,-1.53679394542723,-1.59553750430731,0.0682903279907497,0.000867368121232305,33.8952216671822,44.9350653806127,39.5648574702353,25.2784218567598
2012-09-08,-57.9333333333333,-61.4166666666667,0.654612853129705,359.767849731445,6.38938745657603,39.726367998394,-57.9321497523652,-61.4597273759239,-1.54994764767195,-1.5950613698565,0.0800732261452236,0.0298163542397936,33.8858138923358,35.8873594398785,39.5648574702353,10.9956470390842
2012-09-09,-57.9333333333333,-61.4166666666667,0.632794056336085,358.58759765625,3.30094864765803,39.726367998394,-57.9321497523652,-61.4597273759239,-1.5377521761378,-1.59506825396889,-0.0103028650654662,-0.0270260905328774,33.9005738308555,52.9329803975901,39.5648574702353,116.477693053184
2012-09-10,-57.9333333333333,-61.4166666666667,0.638791824380557,358.028137207031,4.11703062852224,39.726367998394,-57.9321497523652,-61.4597273759239,-1.62198326551825,-1.5993316688932,0.0334326829901315,0.0408397316512533,33.8926574448894,44.3332999344159,39.5648574702353,41.7377453072154
2012-09-11,-57.9333333333333,-61.4166666666667,0.687159541249275,358.393200683594,4.3838084657987,39.726367998394,-57.9321497523652,-61.4597273759239,-1.57126838641059,-1.58920319277541,0.0894536519129025,0.0618034236805331,33.9148407556061,54.5432333731113,39.5648574702353,7.79219641294273
2012-09-12,-57.9333333333333,-61.4166666666667,0.728681167960167,358.749102783203,4.37231551408768,39.726367998394,-57.9321497523652,-61.4597273759239,-1.58372820006277,-1.58890948125294,0.0638295772548457,0.0791140727390696,33.9175944077341,63.6666619652196,39.5648574702353,24.6794089754665
2012-09-13,-57.9333333333333,-61.4166666666667,0.772992663582166,359.086121622721,4.64931193590164,39.726367998394,-57.9321497523652,-61.4597273759239,-1.60722423585734,-1.59313503288685,0.0899447016978174,0.0544537404846204,33.9128503727734,52.0380767270138,39.5648574702353,6.58918608165807
2012-09-14,-57.9333333333333,-61.4166666666667,0.831108499566714,359.520998128255,6.45176823536555,39.726367998394,-57.9321497523652,-61.4597273759239,-1.65719840759622,-1.60974008248265,0.0850020799281678,0.0489902388080394,33.8991628374372,43.0953499571721,39.5648574702353,8.01475696404291
2012-09-15,-57.9333333333333,-61.4166666666667,0.890589687228203,359.821892293294,7.61487216949463,39.726367998394,-57.9321497523652,-61.4597273759239,-1.78086583237899,-1.61579444982055,0.0814155816779773,0.0249792852235916,33.8516982372542,36.2728563789138,39.5648574702353,11.2130471544529
2012-09-16,-57.9333333333333,-61.4166666666667,0.932618267337481,359.969415283203,6.11734418471654,39.726367998394,-57.9321497523652,-61.4597273759239,-1.6493094935453,-1.63064182163181,0.10162663627836,0.0796280688277089,33.9083586958118,54.6986942757341,39.5648574702353,8.98167369786744
2012-09-17,-57.9333333333333,-61.4166666666667,0.952117474873861,360.003723144531,5.3768684665362,39.726367998394,-57.9321497523652,-61.4597273759239,-1.63654678835905,-1.63207940320323,0.140623783944805,0.0729575945358527,33.9090757154881,53.2920892005576,39.5648574702353,5.42494298613758
2012-09-18,-57.9333333333333,-61.4166666666667,0.943049145738284,359.560573323568,3.50191468397776,39.726367998394,-57.9321497523652,-61.4597273759239,-1.61280568156924,-1.62195207301835,0.16670448985651,0.0635060351341963,33.9117374563576,64.3584912701657,39.5648574702353,10.6880377397057
2012-09-19,-57.9333333333333,-61.4166666666667,0.937220917145411,359.687444051107,1.87543400625388,39.726367998394,-57.9321497523652,-61.4597273759239,-1.58857444757806,-1.61045486003833,0.151277727552487,0.0029371197202376,33.9109342904915,63.6878873853755,39.5648574702353,11.9939578220993
2012-09-20,-57.9333333333333,-61.4166666666667,0.961097915967306,360.037048339844,4.32110256354014,39.726367998394,-57.9321497523652,-61.4597273759239,-1.59341794073134,-1.6000269400446,-0.00543137683176008,-0.0027742013615325,33.9136994153933,65.0021335128555,39.5648574702353,95.7087682583978
2012-09-21,-57.9333333333333,-61.4166666666667,0.9744272540013,359.256557210286,4.3385070681572,39.726367998394,-57.9321497523652,-61.4597273759239,-1.58926833975584,-1.58899094018721,-0.00548874232497879,-0.0368241382608736,33.9232738179372,70.8390854964579,39.5648574702353,117.541597976952
2012-09-22,-57.9333333333333,-61.4166666666667,0.964328427116076,358.282948811849,2.84774396816889,39.726367998394,-57.9321497523652,-61.4597273759239,-1.5942137156214,-1.59322911366484,0.00505964757692545,-0.0450618413129919,33.9289701648225,73.2484418467471,39.5648574702353,111.366685392249
2012-09-23,-57.9333333333333,-61.4166666666667,0.993755986293157,358.410631306966,4.41271446545919,39.726367998394,-57.9321497523652,-61.4597273759239,-1.61470287814176,-1.59868916891571,0.0193689277297572,-0.0158833925633278,33.9213176383112,59.8386539193921,39.5648574702353,73.5055844933153
2012-09-24,-57.9333333333333,-61.4166666666667,1.04934325416883,359.392697143555,3.20648846228917,39.726367998394,-57.9321497523652,-61.4597273759239,-1.632193427785,-1.59680069747724,0.143079033023433,0.042347300125468,33.915787632304,49.8880130868209,39.5648574702353,1.69710362592845
2012-09-25,-57.9333333333333,-61.4166666666667,1.07880501548449,359.798779296875,5.70762759844462,39.726367998394,-57.9321497523652,-61.4597273759239,-1.62696168431662,-1.6085124567039,0.130240607110405,0.132659141870594,33.9181051612797,63.7377951736737,39.5648574702353,39.3635917658798
2012-09-26,-57.9333333333333,-61.4166666666667,1.12412607868512,360.543403116862,4.44191466967265,39.726367998394,-57.9321497523652,-61.4597273759239,-1.62310671806335,-1.61032980366757,0.113028627281126,0.0838501783774087,33.9151909333423,60.264307323255,39.5648574702353,8.58549102770069
2012-09-27,-57.9333333333333,-61.4166666666667,1.18589162826538,361.292752075195,7.6288210272789,39.726367998394,-57.9321497523652,-61.4597273759239,-1.63119939843515,-1.6195358374065,0.095823530443853,0.0926018772380693,33.9069990430559,48.7992140906198,39.5648574702353,15.9420564714547
2012-09-28,-57.9333333333333,-61.4166666666667,1.28173610766729,362.164840698242,8.84602748155594,39.726367998394,-57.9321497523652,-61.4597273759239,-1.63304702455836,-1.63166178124292,0.0953416590599861,0.0718217554425162,33.8853724200026,40.5706889145356,39.5648574702353,8.16318592574436
2012-09-29,-57.9333333333333,-61.4166666666667,1.36544631719589,362.707904052734,7.44604545036952,39.726367998394,-57.9321497523652,-61.4597273759239,-1.60248537977835,-1.63901949376988,0.136888135434654,0.0106700052668277,33.8841793088985,36.7421072694592,39.5648574702353,6.32628989808926
2012-09-30,-57.9333333333333,-61.4166666666667,1.43014174898465,363.10815226237,8.34965404669444,39.726367998394,-57.9321497523652,-61.4597273759239,-1.56609721963567,-1.63591945978036,0.122929932633625,0.0718102821786153,33.8915733681586,40.3785140209628,39.5648574702353,3.85525127088524
2012-10-01,-57.9333333333333,-61.4166666666667,1.46517130931218,363.245859781901,4.69746175209681,39.726367998394,-57.9321497523652,-61.4597273759239,-1.5567984827479,-1.61980201516833,0.0788341285310742,-0.0280242522800327,33.8901908272191,40.9739692551749,39.5648574702353,36.5470787823097
2012-10-02,-57.9333333333333,-61.4166666666667,1.49917174180349,363.459266153971,8.96474715868632,39.726367998394,-57.9321497523652,-61.4597273759239,-1.53205784191763,-1.61824281726565,0.157048708556178,0.0334235043790107,33.8918200471347,44.7520691111572,39.5648574702353,5.78956764547036
2012-10-03,-57.9333333333333,-61.4166666666667,1.6062915623188,364.358767700195,10.4929500420888,39.726367998394,-57.9321497523652,-61.4597273759239,-1.48716671753647,-1.61592065615762,0.118290201837855,0.00289811111314404,33.890787468817,45.3957113825289,39.5648574702353,8.69655763982923
2012-10-04,-57.9333333333333,-61.4166666666667,1.68997719486554,364.860256958008,6.82654805978139,39.726367998394,-57.9321497523652,-61.4597273759239,-1.45291530951521,-1.61844244845828,0.0932283094642978,-0.00822393516344684,33.8737212589809,25.0750871672666,39.5648574702353,18.6544921485944
2012-10-05,-57.9333333333333,-61.4166666666667,1.76150796810786,365.400822957357,10.2505254745483,39.726367998394,-57.9321497523652,-61.4597273759239,-1.4448556734207,-1.62683618382404,0.13064446175625,0.0249127412312909,33.8661546205219,26.3744184630258,39.5648574702353,2.01539461866385
2012-10-06,-57.9333333333333,-61.4166666666667,1.87825722297033,366.509676106771,13.9688759167989,39.726367998394,-57.9321497523652,-61.4597273759239,-1.44699793292167,-1.63325310694544,0.113863870179407,0.0548025232396628,33.867737820274,33.3575355845286,39.5648574702353,1.16394048947389
2012-10-07,-57.9333333333333,-61.4166666666667,1.99241935412089,367.624622599284,13.5599166234334,39.726367998394,-57.9321497523652,-61.4597273759239,-1.45003510104086,-1.63841141928407,0.098157164003504,0.047735079058579,33.8657987494218,33.9759370581548,39.5648574702353,3.59908084076885
2012-10-08,-57.9333333333333,-61.4166666666667,2.06911762158076,368.420222981771,16.0859811147054,39.726367998394,-57.9321497523652,-61.4597273759239,-1.46154768708953,-1.64050641006097,0.0563353328384403,0.0421545514906932,33.8658215659005,34.6465411222071,39.5648574702353,23.4145101467763
2012-10-09,-57.9333333333333,-61.4166666666667,2.06713805596034,368.480517578125,16.3049463907878,39.726367998394,-57.9321497523652,-61.4597273759239,-1.48656919845065,-1.63975722180273,0.0586758501603639,0.0870947779569411,33.8738586024234,39.7222513471331,39.5648574702353,31.0640455697297
2012-10-10,-57.9333333333333,-61.4166666666667,1.98284214337667,367.376755777995,12.3237997372945,39.726367998394,-57.9321497523652,-61.4597273759239,-1.50040853606131,-1.63772074037925,0.113992369320608,0.123129565366789,33.8821595987879,47.1229902783731,39.5648574702353,31.8046593473929
2012-10-11,-57.9333333333333,-61.4166666666667,1.92599292993546,366.537956746419,7.53809261322021,39.726367998394,-57.9321497523652,-61.4597273759239,-1.49491520707769,-1.63470445405272,0.135424164326904,0.0804449551759806,33.8925660499056,53.4521391158713,39.5648574702353,7.17505593597511
2012-10-12,-57.9333333333333,-61.4166666666667,1.89443323214849,366.204964192708,6.87666206359863,39.726367998394,-57.9321497523652,-61.4597273759239,-1.47722089156172,-1.62512210168337,0.155479184975077,0.0737056420849902,33.8974996437704,54.5839627452363,39.5648574702353,9.10670719285732
2012-10-13,-57.9333333333333,-61.4166666666667,1.85328150192897,365.413810221354,8.98380908171336,39.726367998394,-57.9321497523652,-61.4597273759239,-1.45945499221185,-1.62401724040956,0.167874747999293,0.0915807692712187,33.9045212967952,58.3798458379014,39.5648574702353,20.5747087016199
2012-10-14,-57.9333333333333,-61.4166666666667,1.80131497979164,364.373056030273,6.67965888182322,39.726367998394,-57.9321497523652,-61.4597273759239,-1.45249677018115,-1.63050758749023,0.137317230098678,0.0990566565073971,33.9147436959403,63.1681545408149,39.5648574702353,15.8913558714705
2012-10-15,-57.9333333333333,-61.4166666666667,1.76884687344233,363.533547973633,8.91398176352183,39.726367998394,-57.9321497523652,-61.4597273759239,-1.46472253387136,-1.63531138350193,0.08649358594496,0.1357339391891,33.9224879472776,65.7524757851335,39.5648574702353,49.2962104780706
2012-10-16,-57.9333333333333,-61.4166666666667,1.79788058201472,363.546971638997,8.64938767751058,39.726367998394,-57.9321497523652,-61.4597273759239,-1.47092352460202,-1.62880038363593,0.145274988900786,0.0585611188238052,33.9238187460075,66.5315012358185,39.5648574702353,3.15396143090725
2012-10-17,-57.9333333333333,-61.4166666666667,1.81952099005381,363.28932800293,9.3147095600764,39.726367998394,-57.9321497523652,-61.4597273759239,-1.46745129949168,-1.63968379022484,0.0970901632891562,0.116858355911042,33.9289930099832,68.4521024531888,39.5648574702353,30.290186547086
2012-10-18,-57.9333333333333,-61.4166666666667,1.85588917136192,363.160956827799,9.08285976250966,39.726367998394,-57.9321497523652,-61.4597273759239,-1.49317220727304,-1.6340975237072,0.0729185861528368,0.0676822522305008,33.9176804391961,48.9885202207063,39.5648574702353,16.2072224544249
2012-10-19,-57.9333333333333,-61.4166666666667,1.89230084021886,363.262299601237,9.26219759782155,39.726367998394,-57.9321497523652,-61.4597273759239,-1.49669124085204,-1.62641970869294,0.03493336757603,0.0511448915375579,33.9268187329285,63.8760465284936,39.5648574702353,40.5736307229659
2012-10-20,-57.9333333333333,-61.4166666666667,1.9216240644455,363.403739420573,10.5040771325429,39.726367998394,-57.9321497523652,-61.4597273759239,-1.58916921364634,-1.62356634695727,0.0238342672390373,0.0575147699844792,33.9070794528588,43.8055361554139,39.5648574702353,51.8087702286537
2012-10-21,-57.9333333333333,-61.4166666666667,1.94614832401276,363.656450398763,11.6477130095164,39.726367998394,-57.9321497523652,-61.4597273759239,-1.57481770900855,-1.61850784506117,0.0118609153406512,0.0810346737279928,33.9261705212127,49.9149750229111,39.5648574702353,70.5280141226284
2012-10-22,-57.9333333333333,-61.4166666666667,1.99076454043388,364.378332519531,12.811367781957,39.726367998394,-57.9321497523652,-61.4597273759239,-1.72827028466347,-1.62000049863543,0.0616726299425713,0.0151904160086822,33.8549396400165,33.6965664203902,39.5648574702353,24.0663202763044
2012-10-23,-57.9333333333333,-61.4166666666667,1.96567797462145,364.619020589193,7.56535285313924,39.726367998394,-57.9321497523652,-61.4597273759239,-1.53506195903721,-1.63173062281501,0.172613148360436,0.00836390728845184,33.9277652367613,42.9708664972979,39.5648574702353,17.8453766590075
2012-10-24,-57.9333333333333,-61.4166666666667,1.95349309444427,365.025727335612,10.8588093916575,39.726367998394,-57.9321497523652,-61.4597273759239,-1.48975505282108,-1.64192908464518,0.112200267374852,0.00225791083018583,33.9390836012991,62.9645068269027,39.5648574702353,9.54057739933604
2012-10-25,-57.9333333333333,-61.4166666666667,2.0075222671032,366.119291178385,12.9586956977844,39.726367998394,-57.9321497523652,-61.4597273759239,-1.46565047735558,-1.64286872991046,0.104371007882003,0.0331297925624408,33.9380567880501,59.6958137203876,39.5648574702353,2.67624212959019
2012-10-26,-57.9333333333333,-61.4166666666667,2.0868900736173,367.680911254883,18.4154856046041,39.726367998394,-57.9321497523652,-61.4597273759239,-1.4254927092925,-1.63971132846703,0.0413353706717043,0.0436116384860492,33.9234973219104,33.9093929627784,39.5648574702353,34.7823298472911
2012-10-27,-57.9333333333333,-61.4166666666667,2.15645534594854,369.704811604818,22.0940606753031,39.726367998394,-57.9321497523652,-61.4597273759239,-1.41586905807481,-1.63419160717412,0.084722135566119,0.0126846857873121,33.9286086433812,38.033980964718,39.5648574702353,12.9419759229193
2012-10-28,-57.9333333333333,-61.4166666666667,2.13562580347061,370.516817220052,14.6869967460632,39.726367998394,-57.9321497523652,-61.4597273759239,-1.3783932399929,-1.62333803024507,0.0901145041409068,-0.0130655934291899,33.9320907879593,49.7658244147337,39.5648574702353,22.33479131635
2012-10-29,-57.9333333333333,-61.4166666666667,2.08068523804347,370.730063883464,17.2668272336324,39.726367998394,-57.9321497523652,-61.4597273759239,-1.38575347966718,-1.62467923782822,0.0311013441112705,0.0659773460680381,33.9346033827703,55.14614622575,39.5648574702353,46.2331549001141
2012-10-30,-57.9333333333333,-61.4166666666667,2.0524254322052,371.393174235026,17.251437664032,39.726367998394,-57.9321497523652,-61.4597273759239,-1.38490813701673,-1.62281715018409,0.0435152643297176,0.0567162403822841,33.9331980253521,49.0384284069664,39.5648574702353,33.7824288001406
2012-10-31,-57.9333333333333,-61.4166666666667,1.95644437670708,371.165877278646,10.6967558383942,39.726367998394,-57.9321497523652,-61.4597273759239,-1.39946065182076,-1.61629697433988,0.038632302594028,-0.0356447011708541,33.9345747868818,57.4786323819842,39.5648574702353,68.8694182715713
2012-11-01,-57.9333333333333,-61.4166666666667,1.74925477703412,369.494130452474,6.6889985481898,39.726367998394,-57.9321497523652,-61.4597273759239,-1.40798013237186,-1.61108932728158,0.10935263830076,-0.0645523842396145,33.9238817888991,53.0127186595945,39.5648574702353,60.2120970928915
2012-11-02,-57.9333333333333,-61.4166666666667,1.69058545430501,369.538217163086,15.4675304412842,39.726367998394,-57.9321497523652,-61.4597273759239,-1.36647037411095,-1.60510035027239,0.113756022983252,0.0103831770864869,33.9173994566265,46.2751264177767,39.5648574702353,6.28779773564511
2012-11-03,-57.9333333333333,-61.4166666666667,1.71235402226448,371.516459147135,20.0899995485942,39.726367998394,-57.9321497523652,-61.4597273759239,-1.17980448599149,-1.59067748632646,0.0685106119407075,0.0247429388302161,33.9168487061235,34.8065910590322,39.5648574702353,17.6821332704671
2012-11-04,-57.9333333333333,-61.4166666666667,1.68658716678619,373.807169596354,21.8790317217509,39.726367998394,-57.9321497523652,-61.4597273759239,-1.09680974147374,-1.58467475229636,0.0693481498558943,0.0135176347050452,33.9092191395007,23.4814701152027,39.5648574702353,20.0177989364669
2012-11-05,-57.9333333333333,-61.4166666666667,1.63422111868858,375.892340087891,23.6382486025492,39.726367998394,-57.9321497523652,-61.4597273759239,-1.15250854720747,-1.58449003436512,0.0555666335963441,0.0130219955445456,33.908186532501,29.0694552937845,39.5648574702353,28.7540129248934
2012-11-06,-57.9333333333333,-61.4166666666667,1.56208540399869,377.516844685872,22.6795660654704,39.726367998394,-57.9321497523652,-61.4597273759239,-1.03137438346569,-1.58913091206013,0.0751099528646783,-0.00637905666590633,33.9016583664973,22.5710775762572,39.5648574702353,25.0568285427481
2012-11-07,-57.9333333333333,-61.4166666666667,1.4815939505895,375.715744018555,15.1078311443329,39.726367998394,-57.9321497523652,-61.4597273759239,-1.1463103029961,-1.59270708632648,0.0714087227737545,-0.0617942451534415,33.9012738995086,33.3168060259711,39.5648574702353,70.2903378930067
2012-11-08,-57.9333333333333,-61.4166666666667,1.37943537036578,374.24509379069,13.6850740591685,39.726367998394,-57.9321497523652,-61.4597273759239,-1.07723199850635,-1.60266919826206,0.0911264336646948,-0.0144515468745976,33.8934376795489,28.6931368462125,39.5648574702353,22.7914458846688
2012-11-09,-57.9333333333333,-61.4166666666667,1.2569030503432,372.567564900716,8.58571257591248,39.726367998394,-57.9321497523652,-61.4597273759239,-1.14825706083075,-1.60101936096536,-0.0193643385502405,-0.00670030430183375,33.8918715312069,39.1027027144468,39.5648574702353,116.733504761681
2012-11-10,-57.9333333333333,-61.4166666666667,1.17821627855301,371.206618245443,10.8819632848104,39.726367998394,-57.9321497523652,-61.4597273759239,-1.22888650683532,-1.5906499557029,0.0212642876361322,-0.0088664300851804,33.8900415951148,45.2568865431879,39.5648574702353,67.5634683567972
2012-11-11,-57.9333333333333,-61.4166666666667,1.15356862942378,371.315536499023,9.65261761347453,39.726367998394,-57.9321497523652,-61.4597273759239,-1.16763379027073,-1.58388998813199,0.0927120191570287,-0.0119136917944017,33.8860489264467,39.6763588898164,39.5648574702353,20.8172664407905
2012-11-12,-57.9333333333333,-61.4166666666667,1.12237829963366,371.463288370768,6.52880388100942,39.726367998394,-57.9321497523652,-61.4597273759239,-1.14151361988003,-1.57918141345332,0.147363097595989,0.0202271173379027,33.8819357793134,34.8324058253066,39.5648574702353,5.40909919163878
2012-11-13,-57.9333333333333,-61.4166666666667,1.09258594910304,370.670767211914,9.10143399238586,39.726367998394,-57.9321497523652,-61.4597273759239,-1.1414557923948,-1.58216901874184,0.167808204035002,0.0695638445283013,33.895106896422,52.6197642025195,39.5648574702353,12.5162783091637
2012-11-14,-57.9333333333333,-61.4166666666667,1.15268439551195,370.951648966471,11.0123808542887,39.726367998394,-57.9321497523652,-61.4597273759239,-1.07614710344408,-1.58849071380787,0.128675673184986,0.045722693092841,33.8999771605757,56.004335916132,39.5648574702353,0.0906138943604327
2012-11-15,-57.9333333333333,-61.4166666666667,1.19389531811078,371.738683064779,12.6380536079407,39.726367998394,-57.9321497523652,-61.4597273759239,-1.01793981539576,-1.58970227411815,0.0966151762557657,0.0443505074380708,33.8942232777302,46.2332494635331,39.5648574702353,3.95515951019829
2012-11-16,-57.9333333333333,-61.4166666666667,1.1927754710118,372.117811075846,11.2559314568837,39.726367998394,-57.9321497523652,-61.4597273759239,-1.02011236638055,-1.59151273293603,0.0940589640653671,0.0559177110321764,33.8994205589581,55.4800141377557,39.5648574702353,5.40454788078848
2012-11-17,-57.9333333333333,-61.4166666666667,1.20727896889051,372.333000691732,10.8480101267497,39.726367998394,-57.9321497523652,-61.4597273759239,-0.964661378945623,-1.58933398553303,0.133551750836292,0.0502247469485702,33.8994091005254,54.1973186005327,39.5648574702353,0.575761193457011
2012-11-18,-57.9333333333333,-61.4166666666667,1.22890056173007,372.495885213216,10.4266569932302,39.726367998394,-57.9321497523652,-61.4597273759239,-0.894440355941765,-1.58237553404686,0.148829362740306,0.00972232519459904,33.8968907406456,48.9736052814283,39.5648574702353,8.81128110151316
2012-11-19,-57.9333333333333,-61.4166666666667,1.25600824256738,372.748582967122,10.980571047465,39.726367998394,-57.9321497523652,-61.4597273759239,-0.837736505090742,-1.58518989417786,0.134662349813415,0.045061841214958,33.8957722169116,45.8850400071395,39.5648574702353,0.496939507445862
2012-11-20,-57.9333333333333,-61.4166666666667,1.27894428273042,372.921971638997,10.2616876840591,39.726367998394,-57.9321497523652,-61.4597273759239,-0.793401600358854,-1.59237206923334,0.130596273865803,0.0242679516567772,33.8908904226203,40.7657320373937,39.5648574702353,2.13836661666966
2012-11-21,-57.9333333333333,-61.4166666666667,1.2784974972407,372.470891316732,10.8105872154236,39.726367998394,-57.9321497523652,-61.4597273759239,-0.732980460068561,-1.59117657125444,0.137666012839715,-0.0169687502478298,33.8752298283398,25.4714835353364,39.5648574702353,19.4833730146398
2012-11-22,-57.9333333333333,-61.4166666666667,1.28479084670544,372.218380737305,13.6634693463643,39.726367998394,-57.9321497523652,-61.4597273759239,-0.66499807091808,-1.59998792723606,0.123700927214739,0.0362780177755687,33.8626611896027,21.895884277229,39.5648574702353,0.311426676802945
2012-11-23,-57.9333333333333,-61.4166666666667,1.29337259531021,372.360279337565,12.3387818018595,39.726367998394,-57.9321497523652,-61.4597273759239,-0.738870303881796,-1.60597345793158,0.138134116474959,0.0981388068933012,33.8763140628212,41.1879429136004,39.5648574702353,15.4972458810579
2012-11-24,-57.9333333333333,-61.4166666666667,1.35119856695334,372.624299112956,14.6821537812551,39.726367998394,-57.9321497523652,-61.4597273759239,-0.748739025982699,-1.60509117563864,0.105883165479715,0.0803141617181158,33.8789471934613,47.4230124717368,39.5648574702353,8.3345627554256
2012-11-25,-57.9333333333333,-61.4166666666667,1.37767469783624,373.134043375651,14.7353354612986,39.726367998394,-57.9321497523652,-61.4597273759239,-0.724885024494471,-1.60059256168236,0.0847932691720868,0.0738570873898671,33.877295099703,47.9605283486216,39.5648574702353,12.4054249911158
2012-11-26,-57.9333333333333,-61.4166666666667,1.34814210534096,373.050703938802,13.7921258767446,39.726367998394,-57.9321497523652,-61.4597273759239,-0.701493620732449,-1.59769445030313,0.0925376278425294,-0.00583752543014243,33.8718454461349,46.6502975700493,39.5648574702353,17.6542937214091
2012-11-27,-57.9333333333333,-61.4166666666667,1.29803577363491,372.76374206543,15.4733442465464,39.726367998394,-57.9321497523652,-61.4597273759239,-0.68457030308874,-1.59103086344282,0.0628245316753934,0.0523702212490309,33.8657016323921,46.3812528696275,39.5648574702353,19.5090900851623
2012-11-28,-57.9333333333333,-61.4166666666667,1.26640991667906,373.238556925456,16.7353628317515,39.726367998394,-57.9321497523652,-61.4597273759239,-0.531883216694109,-1.58154832330861,0.0959221996310958,0.0395363849076561,33.8620762358931,37.079990774169,39.5648574702353,4.25634633465008
2012-11-29,-57.9333333333333,-61.4166666666667,1.25368595123291,373.448555501302,10.4730604171753,39.726367998394,-57.9321497523652,-61.4597273759239,-0.501866771734523,-1.57665847746053,0.168074379864156,0.0238182050617118,33.8549056089014,36.4013554494184,39.5648574702353,11.446679986725
2012-11-30,-57.9333333333333,-61.4166666666667,1.27675961057345,373.348729451497,12.9324604352315,39.726367998394,-57.9321497523652,-61.4597273759239,-0.507428939825386,-1.58168600466018,0.175268029514,0.0414386286603329,33.8523242491529,39.4176399510606,39.5648574702353,12.8011851197772
2012-12-01,-57.9333333333333,-61.4166666666667,1.31874169806639,373.609614054362,17.1438447316488,39.726367998394,-57.9321497523652,-61.4597273759239,-0.462135804494969,-1.59262447697776,0.160286424485476,0.0466313645019567,33.8530470625798,41.0755064254417,39.5648574702353,6.34996866097788
2012-12-02,-57.9333333333333,-61.4166666666667,1.32952966292699,374.081641642253,17.8833502133687,39.726367998394,-57.9321497523652,-61.4597273759239,-0.384502223111633,-1.60289062817294,0.145548049570586,0.0432674447984848,33.852484925349,39.73257704785,39.5648574702353,2.16848540666548
2012-12-03,-57.9333333333333,-61.4166666666667,1.33090228537718,374.451219685872,18.6600424289703,39.726367998394,-57.9321497523652,-61.4597273759239,-0.349961693713764,-1.60635092115044,0.131532481122286,0.058421146908873,33.8503853360513,39.7377399071715,39.5648574702353,1.2559926606181
2012-12-04,-57.9333333333333,-61.4166666666667,1.33591442306836,374.347239176432,17.4206309477488,39.726367998394,-57.9321497523652,-61.4597273759239,-0.343201729532023,-1.59270708363755,0.13561461816885,0.0622325181624943,33.8518309772463,42.2274080183273,39.5648574702353,2.23502363954126
2012-12-05,-57.9333333333333,-61.4166666666667,1.36165158053239,374.287909952799,17.3829783916473,39.726367998394,-57.9321497523652,-61.4597273759239,-0.313534985751586,-1.58149439992761,0.106979996274064,0.0633041083084461,33.8514695705328,42.5251355601433,39.5648574702353,3.42067505810996
2012-12-06,-57.9333333333333,-61.4166666666667,1.38014773825804,374.697356160482,19.1935142676036,39.726367998394,-57.9321497523652,-61.4597273759239,-0.256148255801291,-1.57485949052008,0.103170918608855,0.0402293614062824,33.8533625638575,41.3175892543076,39.5648574702353,2.40095660987348
2012-12-07,-57.9333333333333,-61.4166666666667,1.36827414929867,375.179462687174,20.3287326176961,39.726367998394,-57.9321497523652,-61.4597273759239,-0.191456357787426,-1.57413094787669,0.0836872604668589,0.0227236692842684,33.8509876710132,39.8949218118997,39.5648574702353,10.7114355194401
2012-12-08,-57.9333333333333,-61.4166666666667,1.35320265690486,375.578915405273,20.2810104529063,39.726367998394,-57.9321497523652,-61.4597273759239,-0.120511149301341,-1.56930535628383,0.104655541241505,0.0386988466983675,33.8485324257299,36.5963986941746,39.5648574702353,2.16274325543197
2012-12-09,-57.9333333333333,-61.4166666666667,1.34909930725892,375.831085205078,20.3163328488668,39.726367998394,-57.9321497523652,-61.4597273759239,-0.0748738165580689,-1.57060181691234,0.111736753591357,0.0553165195103651,33.847671953359,37.3811602054682,39.5648574702353,1.47422181863028
2012-12-10,-57.9333333333333,-61.4166666666667,1.34060969750086,376.21387125651,21.2022142569224,39.726367998394,-57.9321497523652,-61.4597273759239,0.0153847907886917,-1.57537234053576,0.111140150884937,0.0422715774380175,33.8449241380046,34.2455553721665,39.5648574702353,0.941436114616827
2012-12-11,-57.9333333333333,-61.4166666666667,1.30731844902039,377.105454508464,23.9753910859426,39.726367998394,-57.9321497523652,-61.4597273759239,0.178144360703409,-1.57133035552233,0.10622047558707,0.00893297416151018,33.8404496128398,24.6419765716209,39.5648574702353,7.89887458023244
2012-12-12,-57.9333333333333,-61.4166666666667,1.23904350201289,377.809029134115,24.1705429871877,39.726367998394,-57.9321497523652,-61.4597273759239,0.361822648856201,-1.56630972139817,0.107980452141816,-0.00610599641625146,33.8338583465806,16.5700599340568,39.5648574702353,14.0082725906595
2012-12-13,-57.9333333333333,-61.4166666666667,1.15360840459665,378.205267333984,22.0841447989146,39.726367998394,-57.9321497523652,-61.4597273759239,0.686702968146568,-1.5630605337315,0.121663299844341,0.00583293616659659,33.8231538901652,11.3939596369751,39.5648574702353,7.36972845276701
2012-12-14,-57.9333333333333,-61.4166666666667,1.0743789896369,378.164097086589,19.6085333188375,39.726367998394,-57.9321497523652,-61.4597273759239,0.876350949805482,-1.56505800324275,0.133099709868543,0.0145525101544265,33.8124032271536,10.5787939630953,39.5648574702353,4.71519307970567
2012-12-15,-57.9333333333333,-61.4166666666667,1.00166361927986,377.91955871582,19.2223290761312,39.726367998394,-57.9321497523652,-61.4597273759239,1.23622062555829,-1.56855616175142,0.116693142703489,0.0097613339137314,33.8032700818284,10.570762763346,39.5648574702353,6.21994581844631
2012-12-16,-57.9333333333333,-61.4166666666667,0.931742750604947,376.283681233724,12.4292944828669,39.726367998394,-57.9321497523652,-61.4597273759239,0.998812322329758,-1.57319359716616,0.144972098361057,-0.0128934964033446,33.7841959214748,10.5833832016565,39.5648574702353,18.2889699658775
2012-12-17,-57.9333333333333,-61.4166666666667,0.968627631664276,374.679404703776,18.5985483964284,39.726367998394,-57.9321497523652,-61.4597273759239,0.773285582997745,-1.57718395111256,0.111759699558965,0.0651466918871143,33.7856300038503,11.0032997418167,39.5648574702353,3.05685737023949
2012-12-18,-57.9333333333333,-61.4166666666667,1.00305669009686,374.022682698568,18.3267823537191,39.726367998394,-57.9321497523652,-61.4597273759239,0.806710925765504,-1.58088862358179,0.132574240025833,0.0409544628477634,33.7860889865043,12.1712639815825,39.5648574702353,0.356445899624539
2012-12-19,-57.9333333333333,-61.4166666666667,1.00932054817677,373.83964436849,19.9052991231283,39.726367998394,-57.9321497523652,-61.4597273759239,0.841248699372872,-1.57822456037192,0.123983165557335,0.0478704620180722,33.7851539411043,13.6455605083838,39.5648574702353,0.0738842803325341
2012-12-20,-57.9333333333333,-61.4166666666667,0.990415247778098,372.22289835612,19.3349112669627,39.726367998394,-57.9321497523652,-61.4597273759239,0.884818112491665,-1.57192237260646,0.0585381726181149,0.00828359544949424,33.7816718252082,14.9712800836205,39.5648574702353,28.3276022719132
2012-12-21,-57.9333333333333,-61.4166666666667,0.987285625934601,369.914866129557,17.5312675952911,39.726367998394,-57.9321497523652,-61.4597273759239,0.778181394912246,-1.56101831771377,0.0528635652805854,0.0229416583293587,33.7776964947693,21.6756003028468,39.5648574702353,28.0693477623531
2012-12-22,-57.9333333333333,-61.4166666666667,0.939143304526806,368.611006673177,16.3608251253764,39.726367998394,-57.9321497523652,-61.4597273759239,0.865606599060216,-1.55705893980829,0.0946945750567698,0.045924620212693,33.77486260493,19.4142474339421,39.5648574702353,4.53006523073027
2012-12-23,-57.9333333333333,-61.4166666666667,0.928432174026966,368.384295654297,15.4795825799306,39.726367998394,-57.9321497523652,-61.4597273759239,0.896966777797928,-1.56195108065928,0.0967872730575334,0.0582582283961146,33.7716386551248,20.8615820605056,39.5648574702353,4.90866054918321
2012-12-24,-57.9333333333333,-61.4166666666667,0.937721652289232,367.610938517253,16.3204181671143,39.726367998394,-57.9321497523652,-61.4597273759239,0.869808515659849,-1.57315917436342,0.0582536391745833,0.0452270541844287,33.7683688572475,23.4235307722163,39.5648574702353,22.1080918903814
2012-12-25,-57.9333333333333,-61.4166666666667,0.916846602161725,366.615844726562,17.118420124054,39.726367998394,-57.9321497523652,-61.4597273759239,0.975024404830502,-1.57551231644207,0.0713995445687744,0.0181344194631828,33.7616398029758,19.5077533686071,39.5648574702353,17.597129559219
2012-12-26,-57.9333333333333,-61.4166666666667,0.898756897449493,366.527399698893,17.0419470628103,39.726367998394,-57.9321497523652,-61.4597273759239,1.10588134612356,-1.57510502042627,0.109919410212932,0.047608874584163,33.7561442726537,16.1954624491527,39.5648574702353,1.15966319024479
2012-12-27,-57.9333333333333,-61.4166666666667,0.894169225295385,367.044024658203,14.5435791333516,39.726367998394,-57.9321497523652,-61.4597273759239,1.26154226871361,-1.57842877753695,0.106826256386432,0.0293459563018908,33.7483655169494,13.5210770520949,39.5648574702353,2.69302841068492
2012-12-28,-57.9333333333333,-61.4166666666667,0.885827943185965,366.797900390625,13.5953641573588,39.726367998394,-57.9321497523652,-61.4597273759239,1.28203694130245,-1.58064768233694,0.122622453544597,0.0303418232422126,33.7370818575522,12.2980419567653,39.5648574702353,0.969051039797641
2012-12-29,-57.9333333333333,-61.4166666666667,0.857682656248411,365.602182006836,16.3997231006622,39.726367998394,-57.9321497523652,-61.4597273759239,1.33585782248275,-1.57967591196075,0.076947946955723,-0.00886413569849237,33.727719873414,12.8998073133311,39.5648574702353,25.4468940170809
2012-12-30,-57.9333333333333,-61.4166666666667,0.807642575601737,364.814079793294,16.4027547359467,39.726367998394,-57.9321497523652,-61.4597273759239,1.43990620455347,-1.57139117108252,0.0946050846627108,-0.0108673429830854,33.7216275724253,14.2249533717794,39.5648574702353,19.6482461811874
2012-12-31,-57.9333333333333,-61.4166666666667,0.797906955579917,364.034723917643,15.4293652693431,39.726367998394,-57.9321497523652,-61.4597273759239,1.54862184990618,-1.56848043830771,0.128487514724073,0.0428498231742839,33.7167343340422,12.7690137597851,39.5648574702353,0.0780767564813443
2013-01-01,-57.9333333333333,-61.4166666666667,0.858275165160497,363.249526977539,11.6651580254237,39.726367998394,-57.9321497523652,-61.4597273759239,1.46286530064461,-1.57325669831799,0.135649037820504,0.0500182307192257,33.7149445956811,18.1481882109678,39.5648574702353,0.770143073019726
2013-01-02,-57.9333333333333,-61.4166666666667,0.9427654966712,362.050075276693,16.5017400105794,39.726367998394,-57.9321497523652,-61.4597273759239,1.4022569176846,-1.57527367378536,0.114536195727331,0.0779277519988162,33.7130573244023,21.0629354168598,39.5648574702353,6.24159735876385
2013-01-03,-57.9333333333333,-61.4166666666667,0.972062031428019,361.412246704102,16.691689602534,39.726367998394,-57.9321497523652,-61.4597273759239,1.55040890829904,-1.56748571073202,0.0962503304971116,-0.00129646282727109,33.7055309840611,16.096219905337,39.5648574702353,14.3630033525332
2013-01-04,-57.9333333333333,-61.4166666666667,0.892647352814674,358.724658203125,9.91723095575968,39.726367998394,-57.9321497523652,-61.4597273759239,1.44074328411791,-1.56129711014884,0.0892930282489922,-0.0741163798628893,33.6900022549737,20.5053416194772,39.5648574702353,76.1595573955536
2013-01-05,-57.9333333333333,-61.4166666666667,0.790123845140139,354.543626912435,10.7353483517965,39.726367998394,-57.9321497523652,-61.4597273759239,1.40418715898256,-1.55597358269799,0.0917322145200762,-0.0372692954523447,33.672133108727,18.2256317927425,39.5648574702353,38.5533969424034
2013-01-06,-57.9333333333333,-61.4166666666667,0.722924369573593,352.13905843099,9.9431688229243,39.726367998394,-57.9321497523652,-61.4597273759239,1.55553326167558,-1.55471153949436,0.105678943833126,-0.0336598506603474,33.6473107588919,15.2460614577272,39.5648574702353,32.050641793326
2013-01-07,-57.9333333333333,-61.4166666666667,0.673943508168062,350.715931193034,5.88772660096486,39.726367998394,-57.9321497523652,-61.4597273759239,1.45625403142513,-1.5691034300883,0.0176617269565288,-0.0286139709860983,33.6421479533489,17.9720757742573,39.5648574702353,83.7658048901608
2013-01-08,-57.9333333333333,-61.4166666666667,0.645649386942387,348.956067911784,7.55704306761424,39.726367998394,-57.9321497523652,-61.4597273759239,1.36380910694151,-1.57296642593871,0.0676088243778935,0.04797601474351,33.6388668978125,22.6198383596607,39.5648574702353,16.394551474317
2013-01-09,-57.9333333333333,-61.4166666666667,0.65863214880228,348.626417032878,10.8905932267507,39.726367998394,-57.9321497523652,-61.4597273759239,1.50860176229835,-1.56771632648052,0.0986390351913029,0.04077548210166,33.6388782845404,17.9468348797103,39.5648574702353,3.46144786792621
2013-01-10,-57.9333333333333,-61.4166666666667,0.654641920824846,348.997569783529,10.879980580012,39.726367998394,-57.9321497523652,-61.4597273759239,1.85681565946206,-1.56491229229404,0.108320056971975,0.00702155188174176,33.6373636346114,11.1977691650391,39.5648574702353,8.22258351991436
2013-01-11,-57.9333333333333,-61.4166666666667,0.636417755484581,348.234772745768,7.62235560417175,39.726367998394,-57.9321497523652,-61.4597273759239,1.73121524663796,-1.56174571442425,0.135610029227415,-0.0270673939187948,33.6231537725692,11.1231940455903,39.5648574702353,25.9159192647074
2013-01-12,-57.9333333333333,-61.4166666666667,0.651780485113462,347.830695597331,9.34889581998189,39.726367998394,-57.9321497523652,-61.4597273759239,1.55252914141892,-1.57793428799264,0.082868079269739,0.050050355438003,33.6235726148562,17.3221233231681,39.5648574702353,8.94296614224108
2013-01-13,-57.9333333333333,-61.4166666666667,0.681175861756007,348.017987060547,11.2593506495158,39.726367998394,-57.9321497523652,-61.4597273759239,1.52446771340263,-1.58539067399233,0.115421920454592,0.0650686746729272,33.628810151179,21.7960680911415,39.5648574702353,2.63218428594054
2013-01-14,-57.9333333333333,-61.4166666666667,0.722178847591082,348.509929402669,12.5375927130381,39.726367998394,-57.9321497523652,-61.4597273759239,1.47411630431512,-1.58392555821211,0.111013946620593,0.07667259185722,33.6288848962999,24.4859420410673,39.5648574702353,6.24631312573631
2013-01-15,-57.9333333333333,-61.4166666666667,0.766390641530355,349.260753377279,13.9471520423889,39.726367998394,-57.9321497523652,-61.4597273759239,1.45307643277417,-1.58256369649916,0.124928550724696,0.0462756976485252,33.6014069005063,23.8182061919592,39.5648574702353,0.0238144812849633
2013-01-16,-57.9333333333333,-61.4166666666667,0.809732684493065,349.983795166016,15.4525817076365,39.726367998394,-57.9321497523652,-61.4597273759239,1.45411727560642,-1.58419058600763,0.114774836619434,0.0566909997198815,33.5781221318066,23.1998047900379,39.5648574702353,1.28893558500558
2013-01-17,-57.9333333333333,-61.4166666666667,0.858999622861544,350.754720052083,15.9756716569265,39.726367998394,-57.9321497523652,-61.4597273759239,1.51574171589393,-1.5878849329805,0.119549950612779,0.0381206012842126,33.5498924111961,19.2983688591118,39.5648574702353,0.313506197671248
2013-01-18,-57.9333333333333,-61.4166666666667,0.907069829106331,351.578662109375,15.8445062319438,39.726367998394,-57.9321497523652,-61.4597273759239,1.80051658050458,-1.59375687739007,0.112794574966332,0.0103372844650333,33.5259649807349,10.7308129547234,39.5648574702353,6.41350351167166
2013-01-19,-57.9333333333333,-61.4166666666667,0.968961176276207,351.321911621094,13.0565670172373,39.726367998394,-57.9321497523652,-61.4597273759239,1.77425873372004,-1.59471488043778,0.16709228131668,0.02933677769077,33.545778998755,11.9366385094205,39.5648574702353,10.0588344699721
2013-01-20,-57.9333333333333,-61.4166666666667,1.06488117575645,351.247604370117,17.1878452777863,39.726367998394,-57.9321497523652,-61.4597273759239,1.61498240723198,-1.59620065214042,0.153576941530507,0.0850433832300561,33.6046418498333,23.2210300452727,39.5648574702353,12.5392156627003
2013-01-21,-57.9333333333333,-61.4166666666667,1.17960328658422,350.898529052734,18.1587528069814,39.726367998394,-57.9321497523652,-61.4597273759239,1.66827735887434,-1.59354347707634,0.135970285456432,0.0492426475608035,33.6191152271472,24.4107931646189,39.5648574702353,0.762824678999597
2013-01-22,-57.9333333333333,-61.4166666666667,1.24411922097206,350.58740641276,17.2418161551158,39.726367998394,-57.9321497523652,-61.4597273759239,1.72366776771115,-1.5874328935953,0.140961094556334,0.0385336337008871,33.6244558750239,23.015087579426,39.5648574702353,1.47072888598639
2013-01-23,-57.9333333333333,-61.4166666666667,1.25973677833875,350.495307413737,20.4914372762044,39.726367998394,-57.9321497523652,-61.4597273759239,1.80407417358312,-1.58486176343789,0.0818492655075134,0.018274391658212,33.6246050784462,17.7862110819135,39.5648574702353,12.5330019421369
2013-01-24,-57.9333333333333,-61.4166666666667,1.25013210674127,349.914202880859,18.0526870727539,39.726367998394,-57.9321497523652,-61.4597273759239,1.76021012462171,-1.58487093807163,0.128948733924811,0.0451765724814924,33.6208706475738,19.6018330423456,39.5648574702353,0.0943728298289735
2013-01-25,-57.9333333333333,-61.4166666666667,1.2193192243576,349.368248494466,21.3035922368368,39.726367998394,-57.9321497523652,-61.4597273759239,1.67144394144976,-1.60145189887599,0.0307800969375031,0.0653348510482706,33.6232340963263,26.148971539691,39.5648574702353,46.3959932128463
2013-01-26,-57.9333333333333,-61.4166666666667,1.19486214617888,349.519213867187,21.5323598702749,39.726367998394,-57.9321497523652,-61.4597273759239,1.73835520054165,-1.60865473075021,0.0952659364985792,0.0267323786322784,33.6157536040571,20.8954278078294,39.5648574702353,5.85184758218984
2013-01-27,-57.9333333333333,-61.4166666666667,1.13242671291033,348.607447306315,13.4963491837184,39.726367998394,-57.9321497523652,-61.4597273759239,1.67735581380084,-1.60091725193468,0.0997794635341804,-0.0308191052644997,33.610476013413,24.615588478576,39.5648574702353,31.1804738086272
2013-01-28,-57.9333333333333,-61.4166666666667,1.06720418234666,347.006382242839,14.8846829414368,39.726367998394,-57.9321497523652,-61.4597273759239,1.62283828070289,-1.59289180291326,0.145054704488668,0.0153946374732077,33.6170099158036,25.0601719913626,39.5648574702353,6.18398725168975
2013-01-29,-57.9333333333333,-61.4166666666667,1.02273910442988,345.859951782227,9.7066788593928,39.726367998394,-57.9321497523652,-61.4597273759239,1.62672079102437,-1.5918041543853,0.142441127253206,0.0142955124182136,33.6215705011124,25.0687768011165,39.5648574702353,6.00874882711482
2013-01-30,-57.9333333333333,-61.4166666666667,1.00193162858486,345.581705729167,13.1975687185923,39.726367998394,-57.9321497523652,-61.4597273759239,1.49973257636665,-1.60587937715358,0.190001814899252,0.0709704497226871,33.6437422673505,28.3627108631277,39.5648574702353,24.9056382771594
2013-01-31,-57.9333333333333,-61.4166666666667,1.01800245543321,345.045195515951,12.7762820561727,39.726367998394,-57.9321497523652,-61.4597273759239,1.4677253181773,-1.61213567247964,0.0883246964137805,0.0179393763997053,33.6441725967522,20.754308367134,39.5648574702353,10.0524252702585
2013-02-01,-57.9333333333333,-61.4166666666667,0.999802765250206,344.563120524089,16.1003049850464,39.726367998394,-57.9321497523652,-61.4597273759239,1.48742146106591,-1.61317054893737,0.0514523715228963,0.00132629318736998,33.6323036681441,19.9833144890635,39.5648574702353,36.0035105106922
2013-02-02,-57.9333333333333,-61.4166666666667,0.979864252607028,344.419930013021,15.1624001820882,39.726367998394,-57.9321497523652,-61.4597273759239,1.52051086309261,-1.6063497725286,0.100298048886365,0.0411334435518523,33.6284028677116,24.1864936226293,39.5648574702353,3.03093627573917
2013-02-03,-57.9333333333333,-61.4166666666667,0.970929326613744,344.334092203776,13.8070295810699,39.726367998394,-57.9321497523652,-61.4597273759239,1.58775530228937,-1.59946934352244,0.10496531572557,0.00785908990896734,33.6209683095602,21.3641050059096,39.5648574702353,8.52262883224049
2013-02-04,-57.9333333333333,-61.4166666666667,0.960812379916509,344.277823893229,15.9310772418976,39.726367998394,-57.9321497523652,-61.4597273759239,1.67074178439334,-1.59567173800074,0.0690085452778223,0.021548821247722,33.6117496920708,17.5768265903444,39.5648574702353,18.0727386295942
2013-02-05,-57.9333333333333,-61.4166666666667,0.961055987079938,344.048793538411,14.2652344703674,39.726367998394,-57.9321497523652,-61.4597273759239,1.69855814768856,-1.59586104817857,0.159542965583671,0.02724637449684,33.6071145480737,20.4623173054,39.5648574702353,7.47693111566701
2013-02-06,-57.9333333333333,-61.4166666666667,0.98377195696036,344.006991577148,14.8887140432994,39.726367998394,-57.9321497523652,-61.4597273759239,1.74550616920443,-1.59421580223213,0.11287259253064,0.0421384893413773,33.6044814317746,22.3083431129169,39.5648574702353,0.723368445107953
2013-02-07,-57.9333333333333,-61.4166666666667,1.01290964384874,344.247483317057,16.8878955364227,39.726367998394,-57.9321497523652,-61.4597273759239,1.78471946985202,-1.59136932191992,0.11660365236545,0.0656193844777973,33.5985211107068,22.8934724886615,39.5648574702353,2.64604419516557
2013-02-08,-57.9333333333333,-61.4166666666667,1.04175639748573,344.249575805664,13.8476890881856,39.726367998394,-57.9321497523652,-61.4597273759239,1.80457531868067,-1.58168485066048,0.125527448392004,0.0546900867099377,33.5947865507656,24.4928260602449,39.5648574702353,0.56369547739423
2013-02-09,-57.9333333333333,-61.4166666666667,1.04247397383054,343.811660766602,12.5960499445597,39.726367998394,-57.9321497523652,-61.4597273759239,1.83755182547677,-1.57394737587836,0.14749618514644,0.0244171021688253,33.5875297489023,23.4935168646332,39.5648574702353,4.52674368038879
2013-02-10,-57.9333333333333,-61.4166666666667,1.05620538294315,343.654782104492,18.2628045558929,39.726367998394,-57.9321497523652,-61.4597273759239,1.88996289323147,-1.57556967896626,0.146073518418952,0.0495386542262215,33.5837264957285,22.9112558329016,39.5648574702353,2.42354370069217
2013-02-11,-57.9333333333333,-61.4166666666667,1.07807069122791,343.88686726888,16.7586318333944,39.726367998394,-57.9321497523652,-61.4597273759239,2.01996073462909,-1.57994897159419,0.11129389068854,0.0211725027853609,33.5700620350085,16.9630144735924,39.5648574702353,3.53259987990126
2013-02-12,-57.9333333333333,-61.4166666666667,1.04009106854598,343.055518595378,10.8399569908778,39.726367998394,-57.9321497523652,-61.4597273759239,1.96142301792489,-1.57678009737703,0.0344927994100223,0.0176686106347724,33.5547110048452,19.6305158801545,39.5648574702353,44.2157016198915
2013-02-13,-57.9333333333333,-61.4166666666667,0.997778258721034,342.221004231771,14.4018701235453,39.726367998394,-57.9321497523652,-61.4597273759239,1.92797289396587,-1.56268765065903,0.0651352185111745,0.0182193206917298,33.5461291119568,23.0317236068553,39.5648574702353,21.1127082969413
2013-02-14,-57.9333333333333,-61.4166666666667,0.956318589051565,341.733095296224,12.1956271966298,39.726367998394,-57.9321497523652,-61.4597273759239,1.93399215461616,-1.54541486591325,0.11786569612927,-0.0297819348822411,33.5470295812851,24.330481353559,39.5648574702353,27.5300515261006
2013-02-15,-57.9333333333333,-61.4166666666667,0.860500864187876,340.54736328125,7.25453968048096,39.726367998394,-57.9321497523652,-61.4597273759239,1.88400971889496,-1.54255002916307,0.169827473749008,-0.0480838619816796,33.5559669437265,26.7834353411108,39.5648574702353,52.6553998804657
2013-02-16,-57.9333333333333,-61.4166666666667,0.781362793842951,339.277069091797,8.43253648281097,39.726367998394,-57.9321497523652,-61.4597273759239,1.89358105336813,-1.5608576912629,0.156328196462272,0.00580081140580482,33.559655497845,25.3831404994305,39.5648574702353,12.323988345924
2013-02-17,-57.9333333333333,-61.4166666666667,0.774893292784691,339.059805297852,11.3924082756042,39.726367998394,-57.9321497523652,-61.4597273759239,1.90241168988378,-1.56969773814194,0.157096895914441,0.0783797929385551,33.5633726478519,26.0359612873622,39.5648574702353,11.1100539507107
2013-02-18,-57.9333333333333,-61.4166666666667,0.792969522873561,339.117137654622,10.6025191942851,39.726367998394,-57.9321497523652,-61.4597273759239,1.87299276518642,-1.57473213780195,0.170798099956902,0.0686299321066616,33.5660632427474,27.6703078477903,39.5648574702353,13.6152542381811
2013-02-19,-57.9333333333333,-61.4166666666667,0.810910408695539,339.38566792806,11.682737493515,39.726367998394,-57.9321497523652,-61.4597273759239,1.85318097539414,-1.57328079427992,0.0962434466648147,0.0651811111606377,33.5624263304517,27.7070218817632,39.5648574702353,6.28183487462276
2013-02-20,-57.9333333333333,-61.4166666666667,0.815733058253924,339.800141398112,12.0910239378611,39.726367998394,-57.9321497523652,-61.4597273759239,1.79933255731611,-1.5684987965383,0.0623472490789075,0.0753853075430357,33.5581759259217,29.2908866459266,39.5648574702353,24.3572604699152
2013-02-21,-57.9333333333333,-61.4166666666667,0.816889655590057,340.252586873372,12.6548021793365,39.726367998394,-57.9321497523652,-61.4597273759239,1.84537466262516,-1.56522092245575,0.0999102570620694,0.0434946123986764,33.5525484587017,24.6907373406833,39.5648574702353,3.08426420656337
2013-02-22,-57.9333333333333,-61.4166666666667,0.839446289340655,340.869637044271,12.929181432724,39.726367998394,-57.9321497523652,-61.4597273759239,1.83079186104294,-1.55854930330936,0.141142369647111,0.0758304646644825,33.5468290658822,27.8687929390068,39.5648574702353,6.37892680497774
2013-02-23,-57.9333333333333,-61.4166666666667,0.904611101746559,341.507323201497,12.4792275269826,39.726367998394,-57.9321497523652,-61.4597273759239,1.82329394673943,-1.54784372829853,0.145011107444315,0.111440746855915,33.5404960087367,28.6856793783661,39.5648574702353,24.7275840718655
2013-02-24,-57.9333333333333,-61.4166666666667,0.98719840447108,342.165658569336,14.2736099084218,39.726367998394,-57.9321497523652,-61.4597273759239,1.86316534630338,-1.54174690766442,0.142911525513221,0.0663789052768309,33.5264585394608,26.5969970997115,39.5648574702353,4.1325497251505
2013-02-25,-57.9333333333333,-61.4166666666667,1.04071742594242,342.534541829427,12.4975991805394,39.726367998394,-57.9321497523652,-61.4597273759239,1.90572420457252,-1.54344837289107,0.160687983484196,0.0748414814864334,33.5100461773406,24.7337616834425,39.5648574702353,11.1862465568063
2013-02-26,-57.9333333333333,-61.4166666666667,1.06587032973766,342.375534057617,11.7626014471054,39.726367998394,-57.9321497523652,-61.4597273759239,1.89736994316703,-1.55733085664591,0.185215227515962,0.0807593189375965,33.4960489631595,24.7119627106459,39.5648574702353,25.0056265523317
2013-02-27,-57.9333333333333,-61.4166666666667,1.08276234169801,342.323647054036,14.9014111995697,39.726367998394,-57.9321497523652,-61.4597273759239,1.87256046255728,-1.56211514849412,0.1587467307603,0.084722135748182,33.4850862976304,25.3997765232746,39.5648574702353,14.032682529657
2013-02-28,-57.9333333333333,-61.4166666666667,1.0932617376248,342.255845133464,12.3492244720459,39.726367998394,-57.9321497523652,-61.4597273759239,1.89586099422068,-1.56151625088283,0.190483686367148,0.0795523462242874,33.4692420099015,24.3683425071544,39.5648574702353,27.8953899929101
2013-03-01,-57.9333333333333,-61.4166666666667,1.09642198979855,342.178958129883,11.4271209160487,39.726367998394,-57.9321497523652,-61.4597273759239,1.84846414390363,-1.56428586450735,0.141410840675235,0.11426542979434,33.4613885951221,26.6205169419597,39.5648574702353,26.00457099438
2013-03-02,-57.9333333333333,-61.4166666666667,1.12207795381546,342.187362670898,11.6672863324483,39.726367998394,-57.9321497523652,-61.4597273759239,1.82615488185022,-1.55807660844989,0.186931607152398,0.0957248614246684,33.4519461724991,27.0048666179628,39.5648574702353,32.6642294750178
2013-03-03,-57.9333333333333,-61.4166666666667,1.1377189964056,342.142190551758,11.0870715538661,39.726367998394,-57.9321497523652,-61.4597273759239,1.8141852074996,-1.55793778654328,0.176137691923886,0.0673610049586995,33.4478559852543,27.5687706273301,39.5648574702353,15.913962085954
2013-03-04,-57.9333333333333,-61.4166666666667,1.1173249900341,341.857223510742,10.7253961960475,39.726367998394,-57.9321497523652,-61.4597273759239,1.82352249201079,-1.55625926327885,0.237112755866203,0.0646854724342886,33.4491869704168,27.6439196400176,39.5648574702353,65.2573948423437
2013-03-05,-57.9333333333333,-61.4166666666667,1.11300450265408,341.794723510742,12.963121620814,39.726367998394,-57.9321497523652,-61.4597273759239,1.80370244047696,-1.55917573512945,0.179733368953256,0.0603142121204532,33.4575966999943,29.6740890875795,39.5648574702353,16.4359622651729
2013-03-06,-57.9333333333333,-61.4166666666667,1.11906841496627,342.135724894206,15.0577542384466,39.726367998394,-57.9321497523652,-61.4597273759239,1.81671021083244,-1.56018077879024,0.111293890702545,0.0404680025084574,33.4462728715481,26.9211127309871,39.5648574702353,0.969915455624188
2013-03-07,-57.9333333333333,-61.4166666666667,1.11785139342149,342.592634073893,16.4755894184113,39.726367998394,-57.9321497523652,-61.4597273759239,1.82054866166939,-1.56007178161377,0.116101129204595,0.0623839637194585,33.4388612732851,27.3588124576368,39.5648574702353,2.04433654192172
2013-03-08,-57.9333333333333,-61.4166666666667,1.1127330382665,343.163885498047,15.9612642923991,39.726367998394,-57.9321497523652,-61.4597273759239,1.88441724212546,-1.55342998943831,0.122934521757122,0.0407158219136466,33.4332796828191,22.867657855041,39.5648574702353,0.0736015882429818
2013-03-09,-57.9333333333333,-61.4166666666667,1.08866196771463,343.217082722982,11.2000193834305,39.726367998394,-57.9321497523652,-61.4597273759239,1.83223472501999,-1.54701766394135,0.139253894147232,0.0218746579931419,33.4230685556742,24.407924806265,39.5648574702353,3.5235221314924
2013-03-10,-57.9333333333333,-61.4166666666667,1.02027280628681,342.463646443685,12.1895399490992,39.726367998394,-57.9321497523652,-61.4597273759239,1.79665334870044,-1.54227696997779,0.0916060102697378,-0.00568608023730436,33.4265277403638,27.0960778293753,39.5648574702353,17.8831147189119
2013-03-11,-57.9333333333333,-61.4166666666667,0.972869923710823,342.088393147786,11.6295490026474,39.726367998394,-57.9321497523652,-61.4597273759239,1.75556488503191,-1.54528522312193,0.087831352200163,0.0579392752869237,33.4281627540302,29.0470826823012,39.5648574702353,7.76842558044458
2013-03-12,-57.9333333333333,-61.4166666666667,0.964284491539001,342.32729288737,13.421143690745,39.726367998394,-57.9321497523652,-61.4597273759239,1.71966135322599,-1.53814320456713,0.120694968289227,0.0778979216807319,33.4253689902169,29.7526797925619,39.5648574702353,5.7927738396328
2013-03-13,-57.9333333333333,-61.4166666666667,0.977421621481578,342.883103434245,13.5060092449188,39.726367998394,-57.9321497523652,-61.4597273759239,1.69853060720558,-1.54994330952938,0.111527942569184,0.0788295393235477,33.4193914743294,29.3568570165706,39.5648574702353,6.902889297487
2013-03-14,-57.9333333333333,-61.4166666666667,1.00765523016453,343.402680460612,11.7239224433899,39.726367998394,-57.9321497523652,-61.4597273759239,1.68725757356873,-1.55667803341285,0.16410467950137,0.0780746079000987,33.4130698756168,28.9065368587809,39.5648574702353,13.518998449256
2013-03-15,-57.9333333333333,-61.4166666666667,1.02727578282356,343.395671590169,9.62802459398906,39.726367998394,-57.9321497523652,-61.4597273759239,1.67890881237231,-1.56437305982848,0.184226244281893,0.0773793365666293,33.4068113915006,29.05167188501,39.5648574702353,23.230514661994
2013-03-16,-57.9333333333333,-61.4166666666667,1.06304155190786,343.666263834635,13.1631066004435,39.726367998394,-57.9321497523652,-61.4597273759239,1.67552745521517,-1.56664244079948,0.118597680898873,0.0788777266818106,33.3986194438504,27.896328341692,39.5648574702353,6.23552854882
2013-03-17,-57.9333333333333,-61.4166666666667,1.07993684907754,343.886100260417,8.35704363187154,39.726367998394,-57.9321497523652,-61.4597273759239,1.66929342110354,-1.56299743168336,0.177445628421199,0.0514661388793834,33.3922346301545,27.8481412615095,39.5648574702353,14.1609408816335
2013-03-18,-57.9333333333333,-61.4166666666667,1.05225709676743,343.543734741211,6.85942794481913,39.726367998394,-57.9321497523652,-61.4597273759239,1.65777256703915,-1.55851488185108,0.178278577226893,0.0505850029955233,33.3890795026507,28.5296448478125,39.5648574702353,14.5424156946493
2013-03-19,-57.9333333333333,-61.4166666666667,1.04515367945035,343.41015625,8.2122908671697,39.726367998394,-57.9321497523652,-61.4597273759239,1.66753389826395,-1.5583347552701,0.158510384745056,0.0497107510840086,33.3847597882264,27.5314830371312,39.5648574702353,5.85972751183331
2013-03-20,-57.9333333333333,-61.4166666666667,1.0207510938247,343.166180419922,6.77428507010142,39.726367998394,-57.9321497523652,-61.4597273759239,1.69550445832704,-1.54948667879391,0.161415379214332,-0.0036048555984757,33.3761261531285,23.280116662047,39.5648574702353,18.1051359155949
2013-03-21,-57.9333333333333,-61.4166666666667,0.985037013888359,342.910562133789,9.11279459794362,39.726367998394,-57.9321497523652,-61.4597273759239,1.67367707159286,-1.54213011488879,0.168218942008969,0.0304955632138745,33.3795565268151,27.7661083336163,39.5648574702353,10.3779773422344
2013-03-22,-57.9333333333333,-61.4166666666667,0.914712353547414,342.280043538411,5.07014096577962,39.726367998394,-57.9321497523652,-61.4597273759239,1.65811951267988,-1.54709338514428,0.227860829155696,-0.00306332408261478,33.3917755901365,30.3292043764788,39.5648574702353,64.2927900455361
2013-03-23,-57.9333333333333,-61.4166666666667,0.88077243467172,341.969458007812,8.31764521598816,39.726367998394,-57.9321497523652,-61.4597273759239,1.58579753126417,-1.56375006535896,0.107220931790937,0.0934233528498868,33.3976101409224,32.2073548754355,39.5648574702353,13.6976995502058
2013-03-24,-57.9333333333333,-61.4166666666667,0.887796133756638,342.266003417969,8.30131834348043,39.726367998394,-57.9321497523652,-61.4597273759239,1.53405833333955,-1.56504194315215,0.0735266615629644,0.0105873986910608,33.3967897658958,32.9135255957008,39.5648574702353,18.7296814552985
2013-03-25,-57.9333333333333,-61.4166666666667,0.812748283147812,341.761763509115,2.5282515446345,39.726367998394,-57.9321497523652,-61.4597273759239,1.49097904406096,-1.55260507459927,0.151165290588611,-0.0487263569314229,33.4042244674568,34.6901388562712,39.5648574702353,46.5767098794628
2013-03-26,-57.9333333333333,-61.4166666666667,0.702691198388736,340.872780354818,2.32380018234253,39.726367998394,-57.9321497523652,-61.4597273759239,1.4607615883189,-1.56026567821216,0.168113388793361,-0.000695271333469484,33.3904788225217,23.5657975261373,39.5648574702353,19.4402872111611
2013-03-27,-57.9333333333333,-61.4166666666667,0.707321320970853,341.137302652995,7.25318736235301,39.726367998394,-57.9321497523652,-61.4597273759239,1.4134115487113,-1.57353893482595,0.102739529446104,0.0992861188864125,33.3890273588941,26.7197593997296,39.5648574702353,17.6466703360211
2013-03-28,-57.9333333333333,-61.4166666666667,0.726324374477069,341.526382446289,4.5474679629008,39.726367998394,-57.9321497523652,-61.4597273759239,1.35661132667298,-1.5794303865361,0.112106187479164,0.00439650110228169,33.3851723204878,29.4933873119211,39.5648574702353,8.68042318465701
2013-03-29,-57.9333333333333,-61.4166666666667,0.72168642381827,341.673826090495,6.61469759941101,39.726367998394,-57.9321497523652,-61.4597273759239,1.34707027516867,-1.5889358668399,0.127484763209197,0.0280747340389885,33.3851950939437,28.0517891618542,39.5648574702353,1.3219733802346
2013-03-30,-57.9333333333333,-61.4166666666667,0.721245851119359,341.941823323568,7.50466415882111,39.726367998394,-57.9321497523652,-61.4597273759239,1.28282170255381,-1.59460703367577,0.0879369052056979,0.00389397819351433,33.3904727419516,31.9790396762073,39.5648574702353,14.8553315517032
2013-03-31,-57.9333333333333,-61.4166666666667,0.714049970110258,342.138842773437,5.80808976491292,39.726367998394,-57.9321497523652,-61.4597273759239,1.24562124717504,-1.60134749753135,0.127750939346458,0.0234946629270575,33.3912125637657,32.5085243569281,39.5648574702353,2.16855808971614
2013-04-01,-57.9333333333333,-61.4166666666667,0.682734170556068,342.099396769206,3.04414893786112,39.726367998394,-57.9321497523652,-61.4597273759239,1.23475849135478,-1.59164008610231,0.189262946535434,0.0476731242597999,33.3907879564099,31.8608665358751,39.5648574702353,20.880246166489
2013-04-02,-57.9333333333333,-61.4166666666667,0.677742857734362,342.178885904948,6.32198220888774,39.726367998394,-57.9321497523652,-61.4597273759239,1.15978208542766,-1.59470225993852,0.220164657801502,0.117530680926783,33.4068281847732,33.573804045082,39.5648574702353,72.4891519067562
2013-04-03,-57.9333333333333,-61.4166666666667,0.702509885032972,342.563680013021,4.41026163101196,39.726367998394,-57.9321497523652,-61.4597273759239,1.0605138598248,-1.59437757282329,0.216582748702818,0.0727877923868653,33.4232182036665,37.129325092287,39.5648574702353,46.2905519547518
2013-04-04,-57.9333333333333,-61.4166666666667,0.730299812555313,343.079266357422,6.80349547068278,39.726367998394,-57.9321497523652,-61.4597273759239,0.982257980881329,-1.59711620413271,0.132884015336185,0.0569801223009153,33.4301707475705,38.7212211780978,39.5648574702353,1.16097042152319
2013-04-05,-57.9333333333333,-61.4166666666667,0.747227373719215,343.488945515951,3.87008976141612,39.726367998394,-57.9321497523652,-61.4597273759239,0.954130469296212,-1.58303868501706,0.166598936724932,0.00565624996123457,33.422661559026,37.9645687189317,39.5648574702353,16.1513084015373
2013-04-06,-57.9333333333333,-61.4166666666667,0.734348953763644,343.529071044922,5.65465768973033,39.726367998394,-57.9321497523652,-61.4597273759239,0.941235597644533,-1.57977458050376,0.199210143781134,-0.01352910760482,33.4202634624969,37.6186540216432,39.5648574702353,44.3359244492622
2013-04-07,-57.9333333333333,-61.4166666666667,0.746672076980273,343.803571573893,5.40436714490255,39.726367998394,-57.9321497523652,-61.4597273759239,0.905315538658235,-1.58229293186862,0.211367065829218,0.0672898715347948,33.4204582415129,38.2800795010158,39.5648574702353,40.2102953844165
2013-04-08,-57.9333333333333,-61.4166666666667,0.755367068449656,344.136895751953,3.43267146746318,39.726367998394,-57.9321497523652,-61.4597273759239,0.848873275339155,-1.57270139321349,0.172789833361381,0.0551122976817135,33.4176815147687,38.7757185849928,39.5648574702353,12.1504258741778
2013-04-09,-57.9333333333333,-61.4166666666667,0.739276736974716,344.275935872396,3.71237344344457,39.726367998394,-57.9321497523652,-61.4597273759239,0.84773606005916,-1.5714565667891,0.217537312635354,0.0356538797119506,33.4171824060885,38.8353787544078,39.5648574702353,43.4141089835778
2013-04-10,-57.9333333333333,-61.4166666666667,0.71005235016346,344.242251586914,3.00314783652623,39.726367998394,-57.9321497523652,-61.4597273759239,0.873930581194118,-1.57664127009256,0.203742028613176,0.0171293739677596,33.4162644264393,36.1868080268229,39.5648574702353,34.8445854140603
2013-04-11,-57.9333333333333,-61.4166666666667,0.702961481610934,344.36825764974,5.68560746510824,39.726367998394,-57.9321497523652,-61.4597273759239,0.86844000197891,-1.58822452887557,0.191910941924032,0.0754747980491335,33.4157366931887,36.59467763112,39.5648574702353,27.4815217414519
2013-04-12,-57.9333333333333,-61.4166666666667,0.718033264080683,344.699845377604,5.56682473818461,39.726367998394,-57.9321497523652,-61.4597273759239,0.848548356191556,-1.58541476771348,0.157000521492017,0.0411908093671826,33.4122373681319,37.370260883991,39.5648574702353,5.2462724239682
2013-04-13,-57.9333333333333,-61.4166666666667,0.7250490407149,344.979033406576,4.59026313622793,39.726367998394,-57.9321497523652,-61.4597273759239,0.839224839456996,-1.58112726399773,0.155561791774922,0.068921349494529,33.4074358832567,36.973290719484,39.5648574702353,7.83023333810889
2013-04-14,-57.9333333333333,-61.4166666666667,0.709060320258141,344.998155721029,4.31601630846659,39.726367998394,-57.9321497523652,-61.4597273759239,0.844643825090917,-1.57053412172131,0.200029324712162,0.0176938515212527,33.4027778080532,36.7581696115938,39.5648574702353,31.8297127681201
2013-04-15,-57.9333333333333,-61.4166666666667,0.697622147202492,344.978834025065,4.75671311219533,39.726367998394,-57.9321497523652,-61.4597273759239,0.82696603574699,-1.57086340690914,0.214632316723578,0.100720259690083,33.401796943263,37.8446745800793,39.5648574702353,56.4321310184996
2013-04-16,-57.9333333333333,-61.4166666666667,0.713245480259259,345.282194010417,5.25110771656036,39.726367998394,-57.9321497523652,-61.4597273759239,0.785178166022874,-1.56882577641566,0.177184041393431,0.0910231754379837,33.3960374961222,39.4027246998665,39.5648574702353,24.7604360475179
2013-04-17,-57.9333333333333,-61.4166666666667,0.71201439499855,345.459475708008,3.20714139938354,39.726367998394,-57.9321497523652,-61.4597273759239,0.755635330327471,-1.5594338806052,0.148416330715767,0.04100723920348,33.3865321596762,39.0717250099756,39.5648574702353,2.85086638331624
2013-04-18,-57.9333333333333,-61.4166666666667,0.675302718083064,345.398494466146,2.44329249064128,39.726367998394,-57.9321497523652,-61.4597273759239,0.769031351110093,-1.55632121804962,0.200554794022687,0.0357686111185336,33.3765736486679,36.7690691051627,39.5648574702353,29.087083404434
2013-04-19,-57.9333333333333,-61.4166666666667,0.654920510450999,345.43598429362,4.02347489992778,39.726367998394,-57.9321497523652,-61.4597273759239,0.790919318683165,-1.5572172699118,0.144806885195518,0.0729277643578169,33.3620602170328,28.9702127427983,39.5648574702353,6.16829268915245
2013-04-20,-57.9333333333333,-61.4166666666667,0.651740163564682,345.624447631836,3.6028520822525,39.726367998394,-57.9321497523652,-61.4597273759239,0.782193319129765,-1.55235496275407,0.214008179458236,0.102693636726616,33.3579470268766,33.7097604902167,39.5648574702353,57.0097958803336
2013-04-21,-57.9333333333333,-61.4166666666667,0.633073818683624,345.607052612305,1.51388618747393,39.726367998394,-57.9321497523652,-61.4597273759239,0.752391649256075,-1.55155758077937,0.193168396998505,0.0717712737535848,33.349508486296,35.7611552826444,39.5648574702353,27.240743140503
2013-04-22,-57.9333333333333,-61.4166666666667,0.621166921655337,345.620676676432,3.31148218313853,39.726367998394,-57.9321497523652,-61.4597273759239,0.677530893145647,-1.55931570341713,0.107328778903063,0.172431872975557,33.3430376985019,37.7144546759756,39.5648574702353,83.8590562452679
2013-04-23,-57.9333333333333,-61.4166666666667,0.624549909432729,346.036255900065,1.36617143154144,39.726367998394,-57.9321497523652,-61.4597273759239,0.587682565296055,-1.55793777892464,0.165866951689236,0.10374686977637,33.3338936110188,37.7069970073557,39.5648574702353,26.2452390293048
2013-04-24,-57.9333333333333,-61.4166666666667,0.617550685008367,346.389338175456,2.50433767239253,39.726367998394,-57.9321497523652,-61.4597273759239,0.597972578852248,-1.55915393013703,0.175644347696264,0.119348023464917,33.3273999493821,35.8844912464457,39.5648574702353,41.2667782470279
2013-04-25,-57.9333333333333,-61.4166666666667,0.614563945929209,346.633013916016,1.70918089946111,39.726367998394,-57.9321497523652,-61.4597273759239,0.621606296530568,-1.54880402634915,0.182957317105922,0.0853531575180534,33.3181465980702,28.2192967708846,39.5648574702353,25.4551439833308
2013-04-26,-57.9333333333333,-61.4166666666667,0.588441277543704,346.647618611654,1.70717224677404,39.726367998394,-57.9321497523652,-61.4597273759239,0.633900895966847,-1.54115719320183,0.155839441134069,0.0420329365039006,33.3205846772158,27.7018589256401,39.5648574702353,4.85746910659217
2013-04-27,-57.9333333333333,-61.4166666666667,0.575188638766607,346.841814168294,2.70055955251058,39.726367998394,-57.9321497523652,-61.4597273759239,0.649824675284606,-1.54263263716734,0.225302322298512,0.132737159028761,33.3304459277849,33.1418408020995,39.5648574702353,89.8459374772018
2013-04-28,-57.9333333333333,-61.4166666666667,0.589312029878298,347.372998046875,3.69902238051097,39.726367998394,-57.9321497523652,-61.4597273759239,0.602050587702963,-1.54737447571934,0.195816394221738,0.0778061366899121,33.3322644341261,35.4685904495698,39.5648574702353,30.939731841034
2013-04-29,-57.9333333333333,-61.4166666666667,0.596138395865758,347.728091430664,3.07371477286021,39.726367998394,-57.9321497523652,-61.4597273759239,0.617247429277216,-1.54903234440581,0.222009535290693,0.0493872090333835,33.3321267034774,34.6539985542011,39.5648574702353,47.4471249494794
2013-04-30,-57.9333333333333,-61.4166666666667,0.591571829716365,347.942463175456,2.89865633249283,39.726367998394,-57.9321497523652,-61.4597273759239,0.621564996085669,-1.55218630760236,0.225339036252826,0.0366497467363015,33.3314096694602,34.3407822766698,39.5648574702353,50.8791145847241
2013-05-01,-57.9333333333333,-61.4166666666667,0.592736372351646,348.249017333984,3.02453762690226,39.726367998394,-57.9321497523652,-61.4597273759239,0.590692197637899,-1.54566727948368,0.221956759873301,0.113622935278747,33.3321380185005,35.8517926044034,39.5648574702353,71.4222557713413
2013-05-02,-57.9333333333333,-61.4166666666667,0.592715443174044,348.554555257161,2.06095982392629,39.726367998394,-57.9321497523652,-61.4597273759239,0.518097610597996,-1.54381207147039,0.182792103506233,0.0980080132673782,33.3259655084825,36.3692305141822,39.5648574702353,31.3801602047196
2013-05-03,-57.9333333333333,-61.4166666666667,0.593640890717506,348.898612467448,2.76201295455297,39.726367998394,-57.9321497523652,-61.4597273759239,0.464532807889514,-1.54041717554394,0.193354261800983,0.145472326126874,33.3221334586466,36.1896761844033,39.5648574702353,74.9202361513107
2013-05-04,-57.9333333333333,-61.4166666666667,0.594225296378136,349.136258951823,2.01120012998581,39.726367998394,-57.9321497523652,-61.4597273759239,0.399430630602559,-1.5347471573299,0.177826535362834,0.0674619682385285,33.318794809786,35.7674651827131,39.5648574702353,16.8197948660533
2013-05-05,-57.9333333333333,-61.4166666666667,0.563866463303566,348.993464152018,0.923539235194524,39.726367998394,-57.9321497523652,-61.4597273759239,0.414745874898998,-1.53065469524914,0.215970083370917,0.02277185629241,33.3174180339154,34.4107683655015,39.5648574702353,43.8899913832986
2013-05-06,-57.9333333333333,-61.4166666666667,0.521083931128184,348.767955525716,0.849426694711049,39.726367998394,-57.9321497523652,-61.4597273759239,0.426195133029294,-1.52700853482225,0.165091368684867,0.0194354718901161,33.3117158932793,31.3279397684829,39.5648574702353,11.1834881370599
2013-05-07,-57.9333333333333,-61.4166666666667,0.504088291525841,348.799141438802,1.79949388106664,39.726367998394,-57.9321497523652,-61.4597273759239,0.367946543583744,-1.52980683217371,0.138797262977613,0.101608279588303,33.3046828535266,31.5516658510481,39.5648574702353,17.523267098468
2013-05-08,-57.9333333333333,-61.4166666666667,0.506099007527034,348.939265950521,2.30258691310883,39.726367998394,-57.9321497523652,-61.4597273759239,0.301203252677631,-1.52805029539237,0.148762818888054,0.045245411336646,33.3015505998655,34.4159313359655,39.5648574702353,2.89217465906978
2013-05-09,-57.9333333333333,-61.4166666666667,0.503866102298101,348.97512105306,2.5100670893987,39.726367998394,-57.9321497523652,-61.4597273759239,0.244064341922452,-1.51835894405394,0.177427271086919,0.00921980239787048,33.2968753298422,35.1593896858674,39.5648574702353,19.9637447232514
2013-05-10,-57.9333333333333,-61.4166666666667,0.503478894631068,349.032423909505,2.50920246044795,39.726367998394,-57.9321497523652,-61.4597273759239,0.18897407118203,-1.51459346946917,0.149035878619529,0.034820930934266,33.2896415308902,34.4692812216909,39.5648574702353,3.38224873894326
2013-05-11,-57.9333333333333,-61.4166666666667,0.503923925757408,349.21780090332,1.87050941785177,39.726367998394,-57.9321497523652,-61.4597273759239,0.124879694914907,-1.52195806431591,0.16871458051124,0.051450076786087,33.2809965807692,33.9185712462977,39.5648574702353,9.93910599250415
2013-05-12,-57.9333333333333,-61.4166666666667,0.499736065665881,349.383527628581,1.87747193177541,39.726367998394,-57.9321497523652,-61.4597273759239,0.0818912751580539,-1.53068222721717,0.175568624532648,0.0385451070068026,33.2739235440591,33.4275214905129,39.5648574702353,13.0724368630012
2013-05-13,-57.9333333333333,-61.4166666666667,0.484238165616989,349.433115641276,1.08470066189766,39.726367998394,-57.9321497523652,-61.4597273759239,0.0411084532121518,-1.54035407394395,0.117776205707201,0.0565418489697508,33.2714109062252,34.1210718585136,39.5648574702353,1.01623834844853
2013-05-14,-57.9333333333333,-61.4166666666667,0.466346629460653,349.596620686849,1.41261144479116,39.726367998394,-57.9321497523652,-61.4597273759239,-0.0409693582389588,-1.54426067081609,0.0844192452644719,0.103157151224358,33.2745316584307,36.5941037665632,39.5648574702353,25.5664051164
2013-05-15,-57.9333333333333,-61.4166666666667,0.460418875018756,349.990317789714,1.29455590248108,39.726367998394,-57.9321497523652,-61.4597273759239,-0.154374303394242,-1.53593577433349,0.121862931681195,0.0896624628510466,33.2795912950559,39.1422849167558,39.5648574702353,10.4203727264933
2013-05-16,-57.9333333333333,-61.4166666666667,0.455157289902369,350.222814941406,1.30927832126617,39.726367998394,-57.9321497523652,-61.4597273759239,-0.214922108876526,-1.53418841846007,0.137913832440972,0.0735312508125054,33.2801994381094,38.6185365906335,39.5648574702353,5.19838224189296
2013-05-17,-57.9333333333333,-61.4166666666667,0.447185575962067,350.459079996745,1.08783025940259,39.726367998394,-57.9321497523652,-61.4597273759239,-0.240375922278578,-1.52713932892434,0.143033140205911,0.0157686614788565,33.2849263212735,38.4997897757623,39.5648574702353,5.68706206846918
2013-05-18,-57.9333333333333,-61.4166666666667,0.436007481813431,350.86499226888,0.784366832176844,39.726367998394,-57.9321497523652,-61.4597273759239,-0.244608127589064,-1.51654160470891,0.178726028917091,0.0605344960844158,33.2886149040738,37.5062171677898,39.5648574702353,15.9230159135316
2013-05-19,-57.9333333333333,-61.4166666666667,0.422473289569219,351.520657348633,0.556222143769264,39.726367998394,-57.9321497523652,-61.4597273759239,-0.247116613012732,-1.51400948601558,0.200187654535573,0.0695913801235812,33.2887582707226,36.9233824615192,39.5648574702353,31.7108913239798
2013-05-20,-57.9333333333333,-61.4166666666667,0.408442472418149,352.160631306966,0.68669357697169,39.726367998394,-57.9321497523652,-61.4597273759239,-0.223876651320466,-1.51698676177434,0.216963655308337,0.0508328224847415,33.2918502979709,37.9634213411718,39.5648574702353,42.7531531486961
2013-05-21,-57.9333333333333,-61.4166666666667,0.391762740413348,352.673122151693,0.297469752033552,39.726367998394,-57.9321497523652,-61.4597273759239,-0.192232860518353,-1.52638784297427,0.201633268140985,0.0306837224030405,33.2911332065898,36.3749673742997,39.5648574702353,30.4635476891154
2013-05-22,-57.9333333333333,-61.4166666666667,0.379727732141813,353.104925537109,0.726487686236699,39.726367998394,-57.9321497523652,-61.4597273759239,-0.211072646417564,-1.53293210985069,0.167927524495058,0.0641301729737368,33.2837961670151,32.7609332378646,39.5648574702353,11.33182358343
2013-05-23,-57.9333333333333,-61.4166666666667,0.368691178162893,353.11549987793,0.64790379802386,39.726367998394,-57.9321497523652,-61.4597273759239,-0.26578843349913,-1.53765100823309,0.0458007106431445,0.0487515979719565,33.2871749419019,36.7702163108309,39.5648574702353,31.2646711964673
2013-05-24,-57.9333333333333,-61.4166666666667,0.36106594701608,353.102987670898,1.15361756881078,39.726367998394,-57.9321497523652,-61.4597273759239,-0.398751841816015,-1.53952915372705,0.0543298305649506,0.0808235682631122,33.2994912226397,42.1247237929724,39.5648574702353,31.5300604183486
2013-05-25,-57.9333333333333,-61.4166666666667,0.366211552421252,353.57314860026,1.06345258553823,39.726367998394,-57.9321497523652,-61.4597273759239,-0.501833729053799,-1.54342772413913,0.106688578396027,0.0845982260525899,33.3080558490036,43.6185247593356,39.5648574702353,9.82907540771308
2013-05-26,-57.9333333333333,-61.4166666666667,0.364235650499662,354.061885579427,0.612483104070028,39.726367998394,-57.9321497523652,-61.4597273759239,-0.608484216958733,-1.54876386984847,0.0517575565333429,0.109600457411848,33.3139989895928,44.7738683492617,39.5648574702353,48.0822830851855
2013-05-27,-57.9333333333333,-61.4166666666667,0.363528843720754,354.786236572266,1.03924520611763,39.726367998394,-57.9321497523652,-61.4597273759239,-0.720619774206465,-1.54069597066793,0.0937836089528593,0.104623416494718,33.3199706543657,46.0829516962955,39.5648574702353,23.1058012224977
2013-05-28,-57.9333333333333,-61.4166666666667,0.369373846054077,355.532306925456,0.829334845145543,39.726367998394,-57.9321497523652,-61.4597273759239,-0.79059298230069,-1.53223683869928,0.160525065965782,0.0899561748776893,33.3174867128071,43.7326819986329,39.5648574702353,16.9163353213847
2013-05-29,-57.9333333333333,-61.4166666666667,0.372692723075549,356.5095703125,0.650061635176341,39.726367998394,-57.9321497523652,-61.4597273759239,-0.826146817296967,-1.52252942592578,0.173264821179043,0.124380135376539,33.3131901016809,42.7867228214006,39.5648574702353,43.9968910415738
2013-05-30,-57.9333333333333,-61.4166666666667,0.366909970839818,357.305120849609,0.209424969057242,39.726367998394,-57.9321497523652,-61.4597273759239,-0.868826839232579,-1.51335666233436,0.179857278396761,0.0326364482507894,33.3053311943112,40.0538245896648,39.5648574702353,15.8471606597364
2013-05-31,-57.9333333333333,-61.4166666666667,0.357368100682894,357.823808797201,0.386082180341085,39.726367998394,-57.9321497523652,-61.4597273759239,-0.889668452308366,-1.5250030352657,0.128508165044556,0.0857547172310209,33.3012870415709,38.5502716975105,39.5648574702353,8.74596888804339
2013-06-01,-57.9333333333333,-61.4166666666667,0.354381534457207,358.006138102214,0.639968619743983,39.726367998394,-57.9321497523652,-61.4597273759239,-0.919709681092124,-1.52708196102228,0.119995107328085,0.0602407842258314,33.3075168294118,42.2606801341351,39.5648574702353,1.41492115255673
2013-06-02,-57.9333333333333,-61.4166666666667,0.351627775033315,358.237379964193,0.525130807360013,39.726367998394,-57.9321497523652,-61.4597273759239,-0.960371351527764,-1.52308243244214,0.173432329487532,0.0649539434624122,33.3125993685615,43.8783906456223,39.5648574702353,14.0291452507458
2013-06-03,-57.9333333333333,-61.4166666666667,0.341517526904742,358.456016031901,0.367366167902946,39.726367998394,-57.9321497523652,-61.4597273759239,-0.973296513682918,-1.51927220955827,0.213563022028683,0.0020238591035954,33.3158521150288,45.2809800492193,39.5648574702353,48.3008540047799
2013-06-04,-57.9333333333333,-61.4166666666667,0.333551674087842,358.909600830078,0.410517462094625,39.726367998394,-57.9321497523652,-61.4597273759239,-0.960316279048758,-1.52695805416968,0.173760460857722,0.052115517815477,33.3167471347895,44.7187969128888,39.5648574702353,12.3364618302359
2013-06-05,-57.9333333333333,-61.4166666666667,0.331205685933431,359.166207885742,0.542066858212153,39.726367998394,-57.9321497523652,-61.4597273759239,-0.989850855215376,-1.52505121822644,0.147487007753741,0.0541806799548685,33.3165807939114,43.8164356167155,39.5648574702353,3.09522524880695
2013-06-06,-57.9333333333333,-61.4166666666667,0.328704289595286,359.295882161458,0.619058257341385,39.726367998394,-57.9321497523652,-61.4597273759239,-0.98456128541016,-1.52294819695609,0.18837492604901,0.0137493915827875,33.318680368868,43.6569592468721,39.5648574702353,24.8536787783599
2013-06-07,-57.9333333333333,-61.4166666666667,0.321721974015236,359.38778889974,0.229937180380027,39.726367998394,-57.9321497523652,-61.4597273759239,-0.9730707217372,-1.53615376151594,0.153556288899224,0.00507570997832861,33.319867886995,42.8343362772375,39.5648574702353,11.7671402019207
2013-06-08,-57.9333333333333,-61.4166666666667,0.313482176264127,359.384550984701,0.361322461565336,39.726367998394,-57.9321497523652,-61.4597273759239,-0.997709483580482,-1.55094032628196,0.151419994022165,0.0637171406550963,33.3200801906729,42.2216713733243,39.5648574702353,5.48314565230791
2013-06-09,-57.9333333333333,-61.4166666666667,0.306695528825124,359.372739664714,0.33395422399044,39.726367998394,-57.9321497523652,-61.4597273759239,-1.00134692094604,-1.55401283009608,0.234076967448892,0.0821521560752526,33.32611508477,44.0120525969599,39.5648574702353,67.0128177525903
2013-06-10,-57.9333333333333,-61.4166666666667,0.298937269548575,359.888118489583,0.171518647670746,39.726367998394,-57.9321497523652,-61.4597273759239,-1.08959818961925,-1.55872483629929,0.111153918227419,0.0534624625837668,33.3132419586182,31.0852832901747,39.5648574702353,1.36095903358304
2013-06-11,-57.9333333333333,-61.4166666666667,0.29478883544604,360.252963256836,0.461302986741066,39.726367998394,-57.9321497523652,-61.4597273759239,-1.14265358862572,-1.55580492799443,0.0995545907408223,0.0952384012954352,33.3211643391086,41.7157067571368,39.5648574702353,16.2462735855571
2013-06-12,-57.9333333333333,-61.4166666666667,0.290303638577461,360.666825358073,0.170554957787196,39.726367998394,-57.9321497523652,-61.4597273759239,-1.19449191646917,-1.54130519736082,0.192358394272457,0.0215166964029011,33.3215372042548,41.4110953252118,39.5648574702353,25.4120350786727
2013-06-13,-57.9333333333333,-61.4166666666667,0.284871608018875,361.483768717448,0.262103186051051,39.726367998394,-57.9321497523652,-61.4597273759239,-1.23332522820709,-1.53489975015024,0.170061526441933,0.100701902565875,33.320940519634,41.4908334617328,39.5648574702353,26.2885161435417
2013-06-14,-57.9333333333333,-61.4166666666667,0.281696547567844,362.402851359049,0.182120716075102,39.726367998394,-57.9321497523652,-61.4597273759239,-1.28848433136044,-1.53113427287654,0.172181759085646,0.0723793491777173,33.3219901923846,42.3048516180282,39.5648574702353,15.2520863095849
2013-06-15,-57.9333333333333,-61.4166666666667,0.274346853295962,363.06171468099,0.0977699754138788,39.726367998394,-57.9321497523652,-61.4597273759239,-1.30107907088179,-1.52893143040793,0.196752600946036,0.0278429770912219,33.3202749983709,41.4782130234224,39.5648574702353,27.2512309256974
2013-06-16,-57.9333333333333,-61.4166666666667,0.268189025421937,363.639448038737,0.204710186521212,39.726367998394,-57.9321497523652,-61.4597273759239,-1.32447598751326,-1.52586581115436,0.153813287517742,0.0768217427894137,33.3208142187362,40.6246125716016,39.5648574702353,9.57953443386498
2013-06-17,-57.9333333333333,-61.4166666666667,0.265175830324491,363.871923828125,0.272447428603967,39.726367998394,-57.9321497523652,-61.4597273759239,-1.35032356009447,-1.52373181384309,0.161631074194845,0.0319870692306667,33.3300901714124,42.4958792163017,39.5648574702353,7.53878966591313
2013-06-18,-57.9333333333333,-61.4166666666667,0.259216676652431,363.770788574219,0.132594011723995,39.726367998394,-57.9321497523652,-61.4597273759239,-1.37973972393158,-1.51712214498592,0.141128602066546,0.00467644525425775,33.3396931411628,43.8279090357902,39.5648574702353,9.11471324543216
2013-06-19,-57.9333333333333,-61.4166666666667,0.254704649746418,363.743346150716,0.273956805964311,39.726367998394,-57.9321497523652,-61.4597273759239,-1.39832618765365,-1.52121346023746,0.148152448362986,0.0497520542318436,33.3511949410116,44.5082653734021,39.5648574702353,2.90050615687045
2013-06-20,-57.9333333333333,-61.4166666666667,0.248052128652732,363.242181396484,0.0971849488715331,39.726367998394,-57.9321497523652,-61.4597273759239,-1.41149366439733,-1.52721160605438,0.083223745703025,0.00531894028803012,33.3644120209199,46.1242547537151,39.5648574702353,16.1381700067612
2013-06-21,-57.9333333333333,-61.4166666666667,0.237616943319639,362.533312988281,0.143463567396005,39.726367998394,-57.9321497523652,-61.4597273759239,-1.42780293849178,-1.53771066351941,0.0483913415468725,0.0556217044087729,33.3868536267962,47.9381556977007,39.5648574702353,29.808676908692
2013-06-22,-57.9333333333333,-61.4166666666667,0.233234644929568,362.797693888346,0.163444837679466,39.726367998394,-57.9321497523652,-61.4597273759239,-1.47700887066977,-1.54468518002589,0.118200711065665,0.0914935736279739,33.4105114470747,48.9827836402377,39.5648574702353,11.4438097036389
2013-06-23,-57.9333333333333,-61.4166666666667,0.230425843596458,363.405162556966,0.111052532245715,39.726367998394,-57.9321497523652,-61.4597273759239,-1.51609000496398,-1.54466682000268,0.158615937568527,0.112530693327798,33.4162709085565,47.0788186403145,39.5648574702353,29.1508790139332
2013-06-24,-57.9333333333333,-61.4166666666667,0.226570909221967,363.56250406901,0.141594175249338,39.726367998394,-57.9321497523652,-61.4597273759239,-1.53608352394032,-1.54930081537792,0.10099102549703,0.105291152204898,33.4264759264494,47.9473341784083,39.5648574702353,21.5407810795954
2013-06-25,-57.9333333333333,-61.4166666666667,0.2242111419638,363.557769775391,0.181889765212933,39.726367998394,-57.9321497523652,-61.4597273759239,-1.55370899698788,-1.53822924992196,0.0834600921804295,0.0635312759506523,33.4363540563368,50.0595365108404,39.5648574702353,10.4074707318149
2013-06-26,-57.9333333333333,-61.4166666666667,0.221524795393149,363.554041544596,0.111160825937986,39.726367998394,-57.9321497523652,-61.4597273759239,-1.57352079081356,-1.52747434467301,0.0858763321477892,0.0511403024560751,33.4417520680822,50.3687370916955,39.5648574702353,7.79939917731471
2013-06-27,-57.9333333333333,-61.4166666666667,0.216892185310523,363.614012654622,0.11057256658872,39.726367998394,-57.9321497523652,-61.4597273759239,-1.5944918241716,-1.52450968806905,0.170428665326838,0.0507157966214463,33.4401000173468,49.3545127632026,39.5648574702353,10.6563056933544
2013-06-28,-57.9333333333333,-61.4166666666667,0.211364917457104,363.806453450521,0.0831705392648776,39.726367998394,-57.9321497523652,-61.4597273759239,-1.63563260951437,-1.53364344288532,0.120906073628063,0.0307800966574061,33.4179171368592,22.9766525756148,39.5648574702353,0.960770436425605
2013-06-29,-57.9333333333333,-61.4166666666667,0.209265272319317,363.950736490885,0.285681560635567,39.726367998394,-57.9321497523652,-61.4597273759239,-1.62177949919736,-1.53563747190891,0.0822554141479103,0.0905298310843177,33.4395894932568,46.9560560929148,39.5648574702353,19.8023760330167
2013-06-30,-57.9333333333333,-61.4166666666667,0.208819681406021,363.92973836263,0.211610347529252,39.726367998394,-57.9321497523652,-61.4597273759239,-1.6214683512996,-1.52740550623801,0.106477473407312,0.0379645667157899,33.4557091562371,50.8075840096725,39.5648574702353,1.85579331357198
2013-07-01,-57.9333333333333,-61.4166666666667,0.206452118357023,363.575647989909,0.182303387423356,39.726367998394,-57.9321497523652,-61.4597273759239,-1.62624851205295,-1.52848053650748,0.0919318469591383,0.0390613976081735,33.4669643344736,51.4787617877014,39.5648574702353,5.50867918560167
2013-07-02,-57.9333333333333,-61.4166666666667,0.199844992160797,362.634079996745,0.0978102854142586,39.726367998394,-57.9321497523652,-61.4597273759239,-1.62929944346722,-1.52386719391758,0.0433500511921886,-0.0271362325918854,33.4815352160232,53.1113873245124,39.5648574702353,58.4951784894596
2013-07-03,-57.9333333333333,-61.4166666666667,0.1911755874753,361.643789672852,0.0460902479787668,39.726367998394,-57.9321497523652,-61.4597273759239,-1.62579142599178,-1.52665975084878,0.0614890596668299,-0.0183569981499498,33.4927158785942,54.6631275012081,39.5648574702353,39.5083290035627
2013-07-04,-57.9333333333333,-61.4166666666667,0.184728535513083,360.96399230957,0.0613205574452877,39.726367998394,-57.9321497523652,-61.4597273759239,-1.64943615431176,-1.53887059724421,0.0931434086558962,0.0165878423678696,33.4941156717171,50.3234182013605,39.5648574702353,8.77653051552788
2013-07-05,-57.9333333333333,-61.4166666666667,0.181584300100803,360.596303304036,0.134939330319564,39.726367998394,-57.9321497523652,-61.4597273759239,-1.67251916173705,-1.54569137006774,0.117402181827596,0.0558465779443881,33.4982632945355,49.0200713523348,39.5648574702353,0.958904606937471
2013-07-06,-57.9333333333333,-61.4166666666667,0.179556656380494,360.629001871745,0.110653341561556,39.726367998394,-57.9321497523652,-61.4597273759239,-1.67172613583113,-1.54385337524844,0.150628348812461,0.0632100287068607,33.5044302545992,50.8666706049353,39.5648574702353,5.17687581985106
2013-07-07,-57.9333333333333,-61.4166666666667,0.177638656397661,360.708462524414,0.128904208913445,39.726367998394,-57.9321497523652,-61.4597273759239,-1.67989316649903,-1.54845639503092,0.0984921789959185,0.0393390469673209,33.5091170260781,50.2666261536734,39.5648574702353,3.55797857217274
2013-07-08,-57.9333333333333,-61.4166666666667,0.175023225943247,360.48828531901,0.0911490684996049,39.726367998394,-57.9321497523652,-61.4597273759239,-1.67918550475199,-1.55649216954869,0.143698581823505,0.0388112833961508,33.5181808758499,52.4832337852707,39.5648574702353,1.93719215754408
2013-07-09,-57.9333333333333,-61.4166666666667,0.172804773847262,360.56906636556,0.152358210831881,39.726367998394,-57.9321497523652,-61.4597273759239,-1.68390784451836,-1.56339325358097,0.14975409697097,0.0893503937562157,33.5216285447429,51.9095776242421,39.5648574702353,13.3659931890684
2013-07-10,-57.9333333333333,-61.4166666666667,0.171510697901249,361.112762451172,0.0992524581650893,39.726367998394,-57.9321497523652,-61.4597273759239,-1.695436959428,-1.5612500722247,0.150192369419829,0.0420489988632892,33.5250074773803,51.7954200658583,39.5648574702353,3.26034153559907
2013-07-11,-57.9333333333333,-61.4166666666667,0.172414709130923,361.579942830404,0.321637753645579,39.726367998394,-57.9321497523652,-61.4597273759239,-1.70603261271814,-1.55893594295459,0.181816888146831,0.0507961087545058,33.5269293964357,51.310680414501,39.5648574702353,16.5133076271538
2013-07-12,-57.9333333333333,-61.4166666666667,0.176696480313937,361.95068359375,0.345939011871815,39.726367998394,-57.9321497523652,-61.4597273759239,-1.71406196651602,-1.56379940724911,0.12311120835462,0.0513376398082066,33.5344442353213,52.2388562474932,39.5648574702353,0.275062524323705
2013-07-13,-57.9333333333333,-61.4166666666667,0.177709632615248,361.919400024414,0.15366136332353,39.726367998394,-57.9321497523652,-61.4597273759239,-1.72035658449159,-1.5660148679762,0.0836321888421487,-0.010165187817319,33.5398940036171,52.1677228024131,39.5648574702353,23.1733698922983
2013-07-14,-57.9333333333333,-61.4166666666667,0.178043938179811,361.900930786133,0.288823734223843,39.726367998394,-57.9321497523652,-61.4597273759239,-1.72227305532398,-1.56211400300937,0.0989442200757059,0.0649608274347576,33.5475234985352,52.572723865509,39.5648574702353,5.50250330556427
2013-07-15,-57.9333333333333,-61.4166666666667,0.178046211600304,361.769028727214,0.139992673446735,39.726367998394,-57.9321497523652,-61.4597273759239,-1.72548094100522,-1.55758556163401,0.126812438011394,0.0183134001812765,33.5590710317282,53.964987417809,39.5648574702353,3.34662049283448
2013-07-16,-57.9333333333333,-61.4166666666667,0.174533512194951,361.636700439453,0.0963522544751565,39.726367998394,-57.9321497523652,-61.4597273759239,-1.73414360490957,-1.56283106750115,0.103554121351668,0.0138319980885301,33.5630923106258,53.3884630131542,39.5648574702353,6.82528828573067
2013-07-17,-57.9333333333333,-61.4166666666667,0.172357471287251,361.50918375651,0.24911470785737,39.726367998394,-57.9321497523652,-61.4597273759239,-1.72675032050986,-1.58330485874549,0.103948796714159,0.0620833676784558,33.5849081770818,56.2664963069715,39.5648574702353,3.77797485310382
2013-07-18,-57.9333333333333,-61.4166666666667,0.172523939609528,361.54555460612,0.237356152385473,39.726367998394,-57.9321497523652,-61.4597273759239,-1.72749102339709,-1.59090236075839,0.133260333266361,0.0768951708100792,33.5971040367184,56.7885232760494,39.5648574702353,5.74015652695209
2013-07-19,-57.9333333333333,-61.4166666666667,0.170903128385544,361.429470825195,0.13949604096512,39.726367998394,-57.9321497523652,-61.4597273759239,-1.72568745362131,-1.5899558304844,0.0881778411147066,-0.00317576065435445,33.6123458890987,57.9392779966942,39.5648574702353,17.859424795164
2013-07-20,-57.9333333333333,-61.4166666666667,0.169510658085346,360.936477661133,0.297188086807728,39.726367998394,-57.9321497523652,-61.4597273759239,-1.71051264481437,-1.58783559467559,0.084818510156601,0.0348645287348812,33.6404092114671,61.7563869397443,39.5648574702353,8.3949814563331
2013-07-21,-57.9333333333333,-61.4166666666667,0.167006965478261,360.929436238607,0.080382028222084,39.726367998394,-57.9321497523652,-61.4597273759239,-1.71204361700474,-1.58376148768834,0.212794323080688,0.0395042601188547,33.6488304855232,61.4443178571256,39.5648574702353,38.8740530479593
2013-07-22,-57.9333333333333,-61.4166666666667,0.161394220590591,361.687980143229,0.105820941738784,39.726367998394,-57.9321497523652,-61.4597273759239,-1.72289535336028,-1.58551917174705,0.19914360053109,0.0843733528530911,33.6406156927123,55.6331802274948,39.5648574702353,35.789060325865
2013-07-23,-57.9333333333333,-61.4166666666667,0.158958412210147,362.043374633789,0.281429409484069,39.726367998394,-57.9321497523652,-61.4597273759239,-1.70941122178745,-1.58794459050759,0.139260777181252,0.125187843701893,33.6455894126032,58.1997182530568,39.5648574702353,33.9293271868888
2013-07-24,-57.9333333333333,-61.4166666666667,0.157894985377789,362.316397094727,0.109598788619041,39.726367998394,-57.9321497523652,-61.4597273759239,-1.72209131717682,-1.57020943102084,0.17842543273604,0.0195341406712182,33.6442471267585,55.0876330074511,39.5648574702353,17.4287476934829
2013-07-25,-57.9333333333333,-61.4166666666667,0.155808235704899,362.40925394694,0.180511125922203,39.726367998394,-57.9321497523652,-61.4597273759239,-1.73250524217921,-1.56152772455287,0.195265683506552,0.0292977690696716,33.6406906242657,53.5301561965082,39.5648574702353,25.9655624624706
2013-07-26,-57.9333333333333,-61.4166666666667,0.155976776281993,362.627314249674,0.236813182880481,39.726367998394,-57.9321497523652,-61.4597273759239,-1.73247495181578,-1.56877873893967,0.152590252683127,0.0823724401372492,33.6461862836565,53.7819911483535,39.5648574702353,11.201681742871
2013-07-27,-57.9333333333333,-61.4166666666667,0.155570018788179,362.236170450846,0.282227652023236,39.726367998394,-57.9321497523652,-61.4597273759239,-1.72152684460905,-1.58487782308034,0.121454488836173,0.118824848373021,33.6674977496154,56.6760867161858,39.5648574702353,27.9718406346568
2013-07-28,-57.9333333333333,-61.4166666666667,0.1556297570467,362.122254435221,0.177866687873999,39.726367998394,-57.9321497523652,-61.4597273759239,-1.72009499561518,-1.58513940859558,0.109465074592403,0.0786000767904789,33.6864856203696,58.9248193618946,39.5648574702353,7.11727603085031
2013-07-29,-57.9333333333333,-61.4166666666667,0.156497796873252,361.931719970703,0.250163453569015,39.726367998394,-57.9321497523652,-61.4597273759239,-1.72397749988656,-1.58287346766407,0.0845064409497313,0.0650044252353727,33.697138521008,58.8244296733598,39.5648574702353,10.2781001589219
2013-07-30,-57.9333333333333,-61.4166666666667,0.158296570181847,361.486198933919,0.209582622845968,39.726367998394,-57.9321497523652,-61.4597273759239,-1.72410416110118,-1.58368461831172,0.0746441439802485,0.0334235042809768,33.7092311973859,59.6373007064475,39.5648574702353,13.1177537534209
2013-07-31,-57.9333333333333,-61.4166666666667,0.158261360724767,360.985248819987,0.147175710524122,39.726367998394,-57.9321497523652,-61.4597273759239,-1.72185175938714,-1.58598842298178,0.135612323642113,0.0662710579686371,33.7229530363155,61.201661267675,39.5648574702353,3.04855124678825
2013-08-01,-57.9333333333333,-61.4166666666667,0.155840007464091,359.85059000651,0.243005412568649,39.726367998394,-57.9321497523652,-61.4597273759239,-1.70446584726635,-1.5986891720528,0.0512756851914906,0.0794238472511446,33.7419239560464,63.064323188667,39.5648574702353,33.2228986157045
2013-08-02,-57.9333333333333,-61.4166666666667,0.154334861536821,358.603823852539,0.224631728728612,39.726367998394,-57.9321497523652,-61.4597273759239,-1.69854571541449,-1.6104365031522,0.127491647195547,0.0939373491485988,33.76115884996,64.7537403752033,39.5648574702353,12.455931078775
2013-08-03,-57.9333333333333,-61.4166666666667,0.152834920585155,357.402138264974,0.15057501172026,39.726367998394,-57.9321497523652,-61.4597273759239,-1.69130663181606,-1.61756016482088,0.155385105681599,0.0584808070828816,33.7738711278241,66.3530937029903,39.5648574702353,5.72962894425532
2013-08-04,-57.9333333333333,-61.4166666666667,0.152238939702511,356.385772705078,0.320545720557372,39.726367998394,-57.9321497523652,-61.4597273759239,-1.69321484269952,-1.6146414046897,0.122464124463443,0.0606790574729667,33.7798428356199,66.0851962189925,39.5648574702353,1.39995943696686
2013-08-05,-57.9333333333333,-61.4166666666667,0.153866082181533,355.308978271484,0.445194244881471,39.726367998394,-57.9321497523652,-61.4597273759239,-1.6935067145448,-1.61338623753168,0.160564073522512,0.0707341032592874,33.7875240010426,66.3267053302966,39.5648574702353,9.96352516963073
2013-08-06,-57.9333333333333,-61.4166666666667,0.157068138321241,354.651217651367,0.416664510965347,39.726367998394,-57.9321497523652,-61.4597273759239,-1.70489540270397,-1.60834724159169,0.187913706316087,0.0307089633315353,33.7893424213381,62.7786418118871,39.5648574702353,20.8517891800157
2013-08-07,-57.9333333333333,-61.4166666666667,0.161382671693961,354.537903849284,0.384328759213289,39.726367998394,-57.9321497523652,-61.4597273759239,-1.72216291221461,-1.60193835882316,0.191706720893656,0.00513766484713196,33.7832444413264,55.067554993737,39.5648574702353,30.0140398959012
2013-08-08,-57.9333333333333,-61.4166666666667,0.168028978010019,354.55087890625,0.594075723489126,39.726367998394,-57.9321497523652,-61.4597273759239,-1.74410594898955,-1.58943609770079,0.148168510778394,0.0480930405087713,33.7774847934121,49.5822543739376,39.5648574702353,2.82428643469926
2013-08-09,-57.9333333333333,-61.4166666666667,0.175339851280053,354.222575887044,0.624251219630241,39.726367998394,-57.9321497523652,-61.4597273759239,-1.73239235053385,-1.58439251309947,0.180860029015326,0.0688548056562816,33.7847185923641,54.2982820281409,39.5648574702353,18.8112745010273
2013-08-10,-57.9333333333333,-61.4166666666667,0.180003459254901,354.05358581543,0.332383980974555,39.726367998394,-57.9321497523652,-61.4597273759239,-1.73906419868756,-1.57332323995748,0.138434712347904,0.0234143513261824,33.7842596527329,51.2160270626384,39.5648574702353,3.07760499467966
2013-08-11,-57.9333333333333,-61.4166666666667,0.184211182097594,354.091005452474,0.625152458995581,39.726367998394,-57.9321497523652,-61.4597273759239,-1.74965159740663,-1.57545724085399,0.169721921093594,0.0456653275996223,33.7821255734092,47.5974038131255,39.5648574702353,10.129380168651
2013-08-12,-57.9333333333333,-61.4166666666667,0.187880442539851,353.523805745443,0.695713513344526,39.726367998394,-57.9321497523652,-61.4597273759239,-1.74652356536765,-1.57092077032964,0.174127600568914,0.068613869845307,33.7866401385544,51.9881685156571,39.5648574702353,15.2002694965792
2013-08-13,-57.9333333333333,-61.4166666666667,0.186143681406975,352.573206583659,0.367986286183198,39.726367998394,-57.9321497523652,-61.4597273759239,-1.7455157628633,-1.57224935696537,0.120456327075013,0.0577235805725021,33.7903402514924,53.0138658186547,39.5648574702353,1.01952642365199
2013-08-14,-57.9333333333333,-61.4166666666667,0.180459433794022,350.986172485352,0.347293760627508,39.726367998394,-57.9321497523652,-61.4597273759239,-1.73343318969684,-1.56693500862982,0.0881847245968822,0.0289879947536646,33.7996392644438,55.787493504976,39.5648574702353,7.82329936154576
2013-08-15,-57.9333333333333,-61.4166666666667,0.177022823194663,349.417862955729,0.3356712171187,39.726367998394,-57.9321497523652,-61.4597273759239,-1.70527263557104,-1.54918493722614,0.124935434234882,-0.0360990368894168,33.8014979828569,55.7249651708101,39.5648574702353,32.160828525573
2013-08-16,-57.9333333333333,-61.4166666666667,0.180324327449004,349.085181681315,0.53375375457108,39.726367998394,-57.9321497523652,-61.4597273759239,-1.72056860627985,-1.54873863019441,0.121344347071267,-0.00272371964459132,33.7953135124723,47.7161506853606,39.5648574702353,11.020639991769
2013-08-17,-57.9333333333333,-61.4166666666667,0.183854785561562,348.890836588542,0.349008968658745,39.726367998394,-57.9321497523652,-61.4597273759239,-1.72553325057926,-1.55671933450197,0.106936397815221,-0.0391715394010893,33.7939767909229,48.5978602323317,39.5648574702353,36.2567293073925
2013-08-18,-57.9333333333333,-61.4166666666667,0.190340886016687,348.952030436198,0.736888706684113,39.726367998394,-57.9321497523652,-61.4597273759239,-1.73245568024485,-1.56150362948726,0.16200739232109,0.0533592043150412,33.7921755080833,49.0407229652978,39.5648574702353,7.37305469482467
2013-08-19,-57.9333333333333,-61.4166666666667,0.192958277960618,348.572929890951,0.289089544117451,39.726367998394,-57.9321497523652,-61.4597273759239,-1.7281711572095,-1.55707614941705,0.067978258881914,-0.0250550077709937,33.7935178369508,50.9894330125106,39.5648574702353,40.0222326816879
2013-08-20,-57.9333333333333,-61.4166666666667,0.195200565457344,348.576095581055,0.482340722282728,39.726367998394,-57.9321497523652,-61.4597273759239,-1.709543394415,-1.550331102278,0.0923815929099805,0.0145410372126371,33.7931048601194,52.6943393685764,39.5648574702353,9.6042334552758
2013-08-21,-57.9333333333333,-61.4166666666667,0.201694964369138,348.326361083984,0.715187295774619,39.726367998394,-57.9321497523652,-61.4597273759239,-1.7209265684723,-1.55000296974541,0.0704289183888892,0.038595588513671,33.7918199094615,51.482203698696,39.5648574702353,14.8996978698797
2013-08-22,-57.9333333333333,-61.4166666666667,0.208105855683486,348.053382364909,0.837563155094783,39.726367998394,-57.9321497523652,-61.4597273759239,-1.73077050859767,-1.54989971164474,0.0964293111731907,0.05286815465617,33.7947914439036,52.6203375364605,39.5648574702353,4.39156582125122
2013-08-23,-57.9333333333333,-61.4166666666667,0.209770981470744,348.396352132161,0.867002307375272,39.726367998394,-57.9321497523652,-61.4597273759239,-1.74243729544761,-1.54250987131793,0.147039555825461,0.101709242742089,33.798055519735,53.9896551863591,39.5648574702353,19.0797489281622
2013-08-24,-57.9333333333333,-61.4166666666667,0.206660671035449,349.468528238932,0.959385999043783,39.726367998394,-57.9321497523652,-61.4597273759239,-1.75257036022674,-1.54024966273989,0.152225407218575,0.115008887995903,33.8010557647935,54.7572071319236,39.5648574702353,28.916696336875
2013-08-25,-57.9333333333333,-61.4166666666667,0.20637905249993,350.56093343099,1.11045438746611,39.726367998394,-57.9321497523652,-61.4597273759239,-1.76050333465849,-1.54406104231239,0.192567205154582,0.0782467048699246,33.8036601417943,55.3520887776425,39.5648574702353,28.8325532479698
2013-08-26,-57.9333333333333,-61.4166666666667,0.213994057973226,351.345065307617,1.16380024353663,39.726367998394,-57.9321497523652,-61.4597273759239,-1.76539914724522,-1.54108491114208,0.242805719991824,0.0422302742201583,33.8026448013191,54.6768954355914,39.5648574702353,69.7158303917444
2013-08-27,-57.9333333333333,-61.4166666666667,0.227276574075222,352.312657674154,0.971565176049868,39.726367998394,-57.9321497523652,-61.4597273759239,-1.77814808331038,-1.54988479703889,0.193205110658716,0.0518309843719454,33.7914014256986,43.1240326981795,39.5648574702353,23.7365168504082
2013-08-28,-57.9333333333333,-61.4166666666667,0.246466286480427,352.451746622721,1.59289669791857,39.726367998394,-57.9321497523652,-61.4597273759239,-1.77384704127348,-1.5577197917422,0.103147972431174,0.0797886925896532,33.7952792232198,51.9181826168433,39.5648574702353,8.69881684300639
2013-08-29,-57.9333333333333,-61.4166666666667,0.266345478594303,352.046721394857,1.57819880445798,39.726367998394,-57.9321497523652,-61.4597273759239,-1.77265750286274,-1.55196143137781,0.133099709336359,0.0847175466246847,33.7988129522567,53.5703125824606,39.5648574702353,8.59779024366804
2013-08-30,-57.9333333333333,-61.4166666666667,0.280833877623081,351.234712727865,1.57269747157892,39.726367998394,-57.9321497523652,-61.4597273759239,-1.78226188564659,-1.54877764121034,0.152461753794013,0.0691255709730593,33.7992489893634,52.2749967754335,39.5648574702353,6.9736735094644
2013-08-31,-57.9333333333333,-61.4166666666667,0.288250209887822,350.481180826823,1.41151831348737,39.726367998394,-57.9321497523652,-61.4597273759239,-1.77552395297172,-1.54242267330786,0.142553564483174,0.066562475300485,33.8025647356994,53.6276781935441,39.5648574702353,4.10920426167116
2013-09-01,-57.9333333333333,-61.4166666666667,0.288743425408999,349.599877929688,1.02529019912084,39.726367998394,-57.9321497523652,-61.4597273759239,-1.77375617332028,-1.55019916269116,0.152714162210661,0.0784830510672322,33.8073890944173,54.2558319909232,39.5648574702353,9.82339966747688
2013-09-02,-57.9333333333333,-61.4166666666667,0.292034121354421,348.870843505859,1.45550902585189,39.726367998394,-57.9321497523652,-61.4597273759239,-1.78224261138672,-1.55623516910955,0.145183204652223,0.0677258499891014,33.8101139785652,53.7676503783778,39.5648574702353,4.88030110882904
2013-09-03,-57.9333333333333,-61.4166666666667,0.298550072312355,349.065938313802,1.2557494143645,39.726367998394,-57.9321497523652,-61.4597273759239,-1.77800489771635,-1.55688225505944,0.213845260833439,0.0925399226353581,33.8138140197983,54.3063136652896,39.5648574702353,51.4307052954011
2013-09-04,-57.9333333333333,-61.4166666666667,0.305528724193573,349.964542643229,1.45097457865874,39.726367998394,-57.9321497523652,-61.4597273759239,-1.77744867837519,-1.54915855029472,0.216321161058836,0.111153918689579,33.814680228556,54.1055341376398,39.5648574702353,64.4162578172043
2013-09-05,-57.9333333333333,-61.4166666666667,0.315928765634696,350.589621988932,1.74054715633392,39.726367998394,-57.9321497523652,-61.4597273759239,-1.77194709437234,-1.54921476823047,0.228620348932376,0.0932581396703433,33.8153513858193,54.3034452567423,39.5648574702353,66.0381684186643
2013-09-06,-57.9333333333333,-61.4166666666667,0.33325122743845,350.777786254883,2.07861498594284,39.726367998394,-57.9321497523652,-61.4597273759239,-1.76954048827178,-1.55884415583503,0.205118802369089,0.0666909743856667,33.8150932770923,53.7034007947248,39.5648574702353,34.8556912223387
2013-09-07,-57.9333333333333,-61.4166666666667,0.351461219290892,350.864158121745,1.69966937303543,39.726367998394,-57.9321497523652,-61.4597273759239,-1.77431789331866,-1.57160112597889,0.236041165636222,0.0695546660852387,33.8118350810574,52.1298619320518,39.5648574702353,65.1797724410361
2013-09-08,-57.9333333333333,-61.4166666666667,0.360923963785171,351.119030761719,1.11379833519459,39.726367998394,-57.9321497523652,-61.4597273759239,-1.78014165028594,-1.57664470923574,0.224414302736409,0.0252913542063837,33.8044924198237,48.7361115226172,39.5648574702353,51.4445769530115
2013-09-09,-57.9333333333333,-61.4166666666667,0.377742109199365,351.779666137695,2.02536956866582,39.726367998394,-57.9321497523652,-61.4597273759239,-1.77842068313656,-1.57411029643582,0.16736304638137,0.102142926935751,33.8029378733241,48.7068550317807,39.5648574702353,25.9279238310615
2013-09-10,-57.9333333333333,-61.4166666666667,0.372279157737891,350.306328328451,1.66690480510394,39.726367998394,-57.9321497523652,-61.4597273759239,-1.76374151159946,-1.56276452899876,0.154517737084201,0.118829438616907,33.8192238054777,54.066525140203,39.5648574702353,32.3550764251106
2013-09-11,-57.9333333333333,-61.4166666666667,0.34885849605004,348.043198649089,0.900696395834287,39.726367998394,-57.9321497523652,-61.4597273759239,-1.73811972947945,-1.57505109435634,0.16759939330693,0.121729844326812,33.8410687554152,57.8538035127453,39.5648574702353,39.3157045087444
2013-09-12,-57.9333333333333,-61.4166666666667,0.330762860675653,346.176019287109,1.03982940912247,39.726367998394,-57.9321497523652,-61.4597273759239,-1.71489629395922,-1.59120066363112,0.137727967988616,0.12699371310217,33.8617489176585,60.8999179861599,39.5648574702353,35.1991083025838
2013-09-13,-57.9333333333333,-61.4166666666667,0.320696798960368,344.767462158203,0.975560593605042,39.726367998394,-57.9321497523652,-61.4597273759239,-1.69600968970392,-1.59070617498312,0.132241520274403,0.111169981020958,33.8782532770831,63.2123263545502,39.5648574702353,22.7723127399942
2013-09-14,-57.9333333333333,-61.4166666666667,0.319929703573386,344.15036722819,1.39195242126783,39.726367998394,-57.9321497523652,-61.4597273759239,-1.68577475252008,-1.58383836154651,0.0872209822632989,0.0777028787573029,33.8864794709629,63.7871297570996,39.5648574702353,12.6834054801863
2013-09-15,-57.9333333333333,-61.4166666666667,0.332910652458668,344.156683349609,2.00145858625571,39.726367998394,-57.9321497523652,-61.4597273759239,-1.7027173436674,-1.57619152212501,0.128868422379955,0.0352431417519885,33.8840988273907,58.7785372518955,39.5648574702353,0.477598827529945
2013-09-16,-57.9333333333333,-61.4166666666667,0.35812017172575,345.238733927409,2.62825944324334,39.726367998394,-57.9321497523652,-61.4597273759239,-1.71394907038911,-1.56784712282339,0.180089035512585,0.0481136924398125,33.8781727382115,53.5823592888682,39.5648574702353,15.3984191856801
2013-09-17,-57.9333333333333,-61.4166666666667,0.39595677057902,346.83866780599,2.99334855675697,39.726367998394,-57.9321497523652,-61.4597273759239,-1.72760392490186,-1.57022320059009,0.211552929581332,0.0103762931981705,33.8673533676262,47.3117232143431,39.5648574702353,43.3699266652752
2013-09-18,-57.9333333333333,-61.4166666666667,0.447076089183489,348.709654744466,3.8444154938062,39.726367998394,-57.9321497523652,-61.4597273759239,-1.75031520325438,-1.56990539982803,0.196704413839861,-0.00649149348973332,33.8533961360616,38.3684226516494,39.5648574702353,38.6931010045511
2013-09-19,-57.9333333333333,-61.4166666666667,0.497637929519018,349.703644816081,3.06022398074468,39.726367998394,-57.9321497523652,-61.4597273759239,-1.76618391409852,-1.56946368325026,0.184659928041405,-0.000582834663695859,33.8407126261776,32.2475107415278,39.5648574702353,27.9358223607314
2013-09-20,-57.9333333333333,-61.4166666666667,0.5509635835886,350.590542602539,4.96698966821035,39.726367998394,-57.9321497523652,-61.4597273759239,-1.77082914606969,-1.57331635539693,0.0960254573676371,0.0712687505647204,33.8394390479066,31.6853277701184,39.5648574702353,7.81273756848585
2013-09-21,-57.9333333333333,-61.4166666666667,0.581517405311267,350.811778767904,3.44892296791077,39.726367998394,-57.9321497523652,-61.4597273759239,-1.76611231950889,-1.57892671742834,0.187154186119262,0.0496625640198476,33.8447167532785,39.1497424383809,39.5648574702353,19.6326772620954
2013-09-22,-57.9333333333333,-61.4166666666667,0.559182753165563,350.009951782227,3.66365075906118,39.726367998394,-57.9321497523652,-61.4597273759239,-1.74889161532983,-1.58801113169892,0.171768727005088,0.104919422711981,33.8518300450834,49.4296618655212,39.5648574702353,29.552899496652
2013-09-23,-57.9333333333333,-61.4166666666667,0.571013683080673,350.908899943034,3.47334850430489,39.726367998394,-57.9321497523652,-61.4597273759239,-1.74524867041667,-1.58640145672891,0.140325483859034,0.107833596338567,33.8522029675935,51.7759157661209,39.5648574702353,21.523531732523
2013-09-24,-57.9333333333333,-61.4166666666667,0.588140720129013,351.870904541016,1.96218233704567,39.726367998394,-57.9321497523652,-61.4597273759239,-1.74460984755279,-1.57845861167836,0.148788059284364,0.0529691181460718,33.8519448301846,52.1671492748691,39.5648574702353,3.28487150117537
2013-09-25,-57.9333333333333,-61.4166666666667,0.602474163969358,352.769647216797,2.63256038626035,39.726367998394,-57.9321497523652,-61.4597273759239,-1.76984062409939,-1.57395541219783,0.122383812414412,0.0398874625395563,33.8391753462024,38.903070180936,39.5648574702353,0.116533960678548
2013-09-26,-57.9333333333333,-61.4166666666667,0.656521663069725,353.662434895833,7.06562627951304,39.726367998394,-57.9321497523652,-61.4597273759239,-1.81526318125259,-1.56686502291744,0.0835679394886234,0.0285588998095434,33.8225510819514,30.3785387627164,39.5648574702353,9.68329393437168
2013-09-27,-57.9333333333333,-61.4166666666667,0.731426181395849,354.453484090169,8.17009375890096,39.726367998394,-57.9321497523652,-61.4597273759239,-1.78846563387634,-1.56167114094684,0.101562386924835,0.0519870188423341,33.8415617548433,39.3023348141434,39.5648574702353,2.9967676605771
2013-09-28,-57.9333333333333,-61.4166666666667,0.801552147666613,354.970035807292,6.38289107282956,39.726367998394,-57.9321497523652,-61.4597273759239,-1.78876852361779,-1.55171361587998,0.1277807698326,0.0402041206038312,33.8433113815193,39.9172944699911,39.5648574702353,0.122198875075961
2013-09-29,-57.9333333333333,-61.4166666666667,0.868244057893753,355.577926635742,7.09179022908211,39.726367998394,-57.9321497523652,-61.4597273759239,-1.80667210611186,-1.55230906852206,0.140398910899359,0.0570879694550557,33.8287981649987,25.5081974187292,39.5648574702353,2.06934816232099
2013-09-30,-57.9333333333333,-61.4166666666667,0.942778696616491,356.512284342448,9.22616108258565,39.726367998394,-57.9321497523652,-61.4597273759239,-1.81402683482134,-1.55777830333638,0.169969739602473,0.0558924703277591,33.8173539154512,18.3713404361467,39.5648574702353,10.9240687356658
2013-10-01,-57.9333333333333,-61.4166666666667,0.998427452643712,356.834296671549,6.80656130313873,39.726367998394,-57.9321497523652,-61.4597273759239,-1.8047914303335,-1.56645313331059,0.195290924701139,0.0347314404701828,33.8142733896585,17.629029306254,39.5648574702353,25.3266047769051
2013-10-02,-57.9333333333333,-61.4166666666667,1.0337693353494,356.819453938802,4.91796072125435,39.726367998394,-57.9321497523652,-61.4597273759239,-1.79083368742376,-1.57503732747601,0.186087184718677,0.0393803503952528,33.8116803993856,20.367090422408,39.5648574702353,18.9292225252567
2013-10-03,-57.9333333333333,-61.4166666666667,1.12447105447451,357.182534790039,10.1808871825536,39.726367998394,-57.9321497523652,-61.4597273759239,-1.78849867815362,-1.57091847487858,0.15842318872368,0.0308558193448567,33.7881663903258,15.0556074264354,39.5648574702353,6.55024167675407
2013-10-04,-57.9333333333333,-61.4166666666667,1.30157737731934,358.728533935547,16.2186326026916,39.726367998394,-57.9321497523652,-61.4597273759239,-1.78480065989315,-1.56973673705768,0.145793574196952,0.0563077973271895,33.7571022922831,13.4344547529866,39.5648574702353,2.96136656918476
2013-10-05,-57.9333333333333,-61.4166666666667,1.4850192228953,360.254940795898,13.6374634583791,39.726367998394,-57.9321497523652,-61.4597273759239,-1.75880990395869,-1.56796414421913,0.170224443456172,0.0296236057870818,33.7676174622729,14.4808037621634,39.5648574702353,11.3925106885825
2013-10-06,-57.9333333333333,-61.4166666666667,1.52763794461886,360.18246866862,7.80032029946645,39.726367998394,-57.9321497523652,-61.4597273759239,-1.73856305224555,-1.55971382255841,0.217339974779047,0.0125309458716695,33.7769169197943,15.6826137277417,39.5648574702353,47.8578678572719
2013-10-07,-57.9333333333333,-61.4166666666667,1.59712388515472,360.948805745443,14.0690528233846,39.726367998394,-57.9321497523652,-61.4597273759239,-1.7226998523662,-1.55722760078602,0.203462083662923,0.0675835834353938,33.7728783313493,18.9260660114145,39.5648574702353,33.743372988471
2013-10-08,-57.9333333333333,-61.4166666666667,1.73896445035934,362.302674357096,10.7496038118998,39.726367998394,-57.9321497523652,-61.4597273759239,-1.70356543530199,-1.55415394521297,0.192704882990933,0.0168402511906579,33.7569189860408,16.9807978034916,39.5648574702353,26.8124396635999
2013-10-09,-57.9333333333333,-61.4166666666667,1.85033406813939,363.288097127279,12.6148146152496,39.726367998394,-57.9321497523652,-61.4597273759239,-1.69425843891345,-1.55919294563451,0.1975557195877,0.0325836717130098,33.7401566039351,14.0631822213194,39.5648574702353,27.174411327152
2013-10-10,-57.9333333333333,-61.4166666666667,1.8993892788887,363.609943644206,17.3612933794657,39.726367998394,-57.9321497523652,-61.4597273759239,-1.65323605214743,-1.5705088816191,0.235114138167267,0.0472761542585335,33.7501957398608,20.1077978126985,39.5648574702353,60.9633464786313
2013-10-11,-57.9333333333333,-61.4166666666667,1.86178529262543,362.769350179036,14.4946469783783,39.726367998394,-57.9321497523652,-61.4597273759239,-1.62445319819271,-1.57723098500331,0.231681379832719,0.0556882483450542,33.7647841604132,26.1581499881314,39.5648574702353,57.8542372842892
2013-10-12,-57.9333333333333,-61.4166666666667,1.82718100547791,362.020148722331,14.4981313228607,39.726367998394,-57.9321497523652,-61.4597273759239,-1.60169511002706,-1.58058687887694,0.222725458471175,0.0924802619711797,33.7782822802551,34.9867192641237,39.5648574702353,59.7088937639459
2013-10-13,-57.9333333333333,-61.4166666666667,1.8422794342041,362.274282836914,5.80541365941366,39.726367998394,-57.9321497523652,-61.4597273759239,-1.57830921510108,-1.57387051053513,0.22304441165039,0.0185061488020465,33.7720580853914,33.0730020551753,39.5648574702353,51.5950244263544
2013-10-14,-57.9333333333333,-61.4166666666667,1.79935530424118,362.009809366862,9.85842065811157,39.726367998394,-57.9321497523652,-61.4597273759239,-1.56292237419831,-1.57330717583348,0.26013702112145,0.0633637682303674,33.7721211139421,37.4293474434014,39.5648574702353,93.5178021347805
2013-10-15,-57.9333333333333,-61.4166666666667,1.7565478682518,361.064728800456,11.854603544871,39.726367998394,-57.9321497523652,-61.4597273759239,-1.57548957390893,-1.5661904032069,0.218145387863418,0.0883384645545393,33.7857796518426,46.0938510249432,39.5648574702353,53.4079690675008
2013-10-16,-57.9333333333333,-61.4166666666667,1.74974933862686,360.533349609375,11.1754947026571,39.726367998394,-57.9321497523652,-61.4597273759239,-1.58813938162381,-1.57209906138872,0.198824646651633,0.117622465553476,33.791768554458,52.3019584211192,39.5648574702353,54.469802629994
2013-10-17,-57.9333333333333,-61.4166666666667,1.78465665976206,360.568804931641,11.5426263809204,39.726367998394,-57.9321497523652,-61.4597273759239,-1.61559503060534,-1.57709331082222,0.154513148478884,0.107225520788391,33.7954571229175,50.1501738146732,39.5648574702353,24.3555968987435
2013-10-18,-57.9333333333333,-61.4166666666667,1.8214623550574,360.78891805013,7.77613657315572,39.726367998394,-57.9321497523652,-61.4597273759239,-1.63829254207754,-1.58007058747729,0.16197985721598,0.0425629950639673,33.7951875414167,51.9657960583393,39.5648574702353,6.94610700604358
2013-10-19,-57.9333333333333,-61.4166666666667,1.89733789364497,361.553437296549,14.2355291684469,39.726367998394,-57.9321497523652,-61.4597273759239,-1.67101297163426,-1.59758431391608,0.14168160665024,0.0686689411479055,33.7748170293363,36.3623468176763,39.5648574702353,4.4529921073112
2013-10-20,-57.9333333333333,-61.4166666666667,1.95630473097165,362.045829264323,13.4083878040314,39.726367998394,-57.9321497523652,-61.4597273759239,-1.64709563900654,-1.60425478533695,0.075591823982453,0.0569502923189473,33.7917916147332,51.8510646210577,39.5648574702353,12.9028595435979
2013-10-21,-57.9333333333333,-61.4166666666667,2.00480849146843,362.625571695964,14.1112074534098,39.726367998394,-57.9321497523652,-61.4597273759239,-1.70655028309141,-1.59510037683903,0.118898276953881,0.0837905182874292,33.7787183890665,38.1142928582385,39.5648574702353,8.04667948513532
2013-10-22,-57.9333333333333,-61.4166666666667,2.07558696667353,363.707845052083,13.7965545256933,39.726367998394,-57.9321497523652,-61.4597273759239,-1.75257586581366,-1.57654145382401,0.109492609893581,0.0529874751302309,33.7590589164791,32.9433558184401,39.5648574702353,1.55711959431919
2013-10-23,-57.9333333333333,-61.4166666666667,2.0809164027373,364.455268351237,7.63197133541107,39.726367998394,-57.9321497523652,-61.4597273759239,-1.68883945215914,-1.55999835720636,0.194558939651439,0.0537928884386792,33.7903005413543,42.0570321585003,39.5648574702353,24.8434805181257
2013-10-24,-57.9333333333333,-61.4166666666667,2.03982498049736,364.652334594727,10.4297714114189,39.726367998394,-57.9321497523652,-61.4597273759239,-1.66236682717961,-1.56081524782611,0.18123634814992,0.0855436112619656,33.7899043721364,45.9188856038832,39.5648574702353,24.5467864191979
2013-10-25,-57.9333333333333,-61.4166666666667,2.06438813408216,365.176973470052,13.4325283765793,39.726367998394,-57.9321497523652,-61.4597273759239,-1.64983817240349,-1.56869613272803,0.165442446358782,0.0540705380078993,33.7632293844582,27.3547967788868,39.5648574702353,8.78061270661434
2013-10-26,-57.9333333333333,-61.4166666666667,2.10038285851479,365.92048441569,14.4686746994654,39.726367998394,-57.9321497523652,-61.4597273759239,-1.61594473105624,-1.56956120496406,0.201608026974407,0.0422096227092626,33.769889386973,30.3865700126591,39.5648574702353,29.5618533542888
2013-10-27,-57.9333333333333,-61.4166666666667,2.09478864272435,366.215048217773,16.1824719746908,39.726367998394,-57.9321497523652,-61.4597273759239,-1.59452762012195,-1.57227115657993,0.178540164142623,0.0895339635697971,33.781855776794,45.6940125235938,39.5648574702353,24.7931713082543
2013-10-28,-57.9333333333333,-61.4166666666667,2.05381659865379,365.734244791667,14.0665713151296,39.726367998394,-57.9321497523652,-61.4597273759239,-1.6093527293743,-1.57913782408363,0.128650432256492,0.121587577114876,33.7925604196419,56.3445138214226,39.5648574702353,30.0969375060965
2013-10-29,-57.9333333333333,-61.4166666666667,2.01855635643005,365.292655436198,9.07232972383499,39.726367998394,-57.9321497523652,-61.4597273759239,-1.60471300299006,-1.57512452279715,0.205082088428781,0.0554587861481018,33.7888144586319,56.7684456997348,39.5648574702353,32.919706281877
2013-10-30,-57.9333333333333,-61.4166666666667,1.96575448513031,365.070596313477,8.41068456570307,39.726367998394,-57.9321497523652,-61.4597273759239,-1.55548503972534,-1.57737669281493,0.197422631519069,0.03543589023271,33.7881203558212,57.752266052074,39.5648574702353,26.7897519247176
2013-10-31,-57.9333333333333,-61.4166666666667,1.98340068459511,365.613083902995,13.0047428369522,39.726367998394,-57.9321497523652,-61.4597273759239,-1.50396887700361,-1.57155178767398,0.202665849021615,0.052234837995436,33.7870074680873,57.9954966459059,39.5648574702353,30.6934411840241
2013-11-01,-57.9333333333333,-61.4166666666667,2.0259474615256,366.557562255859,10.9249780098597,39.726367998394,-57.9321497523652,-61.4597273759239,-1.44686576253489,-1.56346324198228,0.199359293873037,0.046103600804743,33.7860036147268,57.9128898749674,39.5648574702353,27.8607120360888
2013-11-02,-57.9333333333333,-61.4166666666667,1.94273560245832,366.27284749349,7.68454703489939,39.726367998394,-57.9321497523652,-61.4597273759239,-1.40639684164434,-1.56168261327242,0.228751143174512,0.0109614224866369,33.7830895301991,57.3862733840942,39.5648574702353,59.5835777410811
2013-11-03,-57.9333333333333,-61.4166666666667,1.73439724047979,363.15683186849,9.38158934116364,39.726367998394,-57.9321497523652,-61.4597273759239,-1.39536887900274,-1.58078077278639,0.25661936105418,0.120637602922051,33.7885621579966,62.8595276595955,39.5648574702353,116.250538738628
2013-11-04,-57.9333333333333,-61.4166666666667,1.66360755761464,361.456381225586,9.09218928019206,39.726367998394,-57.9321497523652,-61.4597273759239,-1.38787646714906,-1.59270708677464,0.216325749888232,0.0971108150101246,33.7946427424151,66.3576837554014,39.5648574702353,55.9902645850982
2013-11-05,-57.9333333333333,-61.4166666666667,1.66281780600548,360.943336995443,11.0150416294734,39.726367998394,-57.9321497523652,-61.4597273759239,-1.37057040508528,-1.59772198630455,0.170655833445209,0.126571502704593,33.7989623564527,66.6066502126536,39.5648574702353,44.5481119691431
2013-11-06,-57.9333333333333,-61.4166666666667,1.71032981475194,361.285234578451,11.881515399615,39.726367998394,-57.9321497523652,-61.4597273759239,-1.34221986339505,-1.58683628157565,0.222121971960467,0.0891989486754165,33.7990714195079,65.5080983979361,39.5648574702353,57.5857584473513
2013-11-07,-57.9333333333333,-61.4166666666667,1.76347371339798,362.079767862956,12.8808880647024,39.726367998394,-57.9321497523652,-61.4597273759239,-1.33011800722968,-1.58002698914449,0.189171160452236,0.0784165070609267,33.7984404743166,64.8673243881168,39.5648574702353,26.6448784762624
2013-11-08,-57.9333333333333,-61.4166666666667,1.79057568907738,362.952197265625,13.6307553529739,39.726367998394,-57.9321497523652,-61.4597273759239,-1.32825385964006,-1.5795129891625,0.144357138488414,0.0946601554191202,33.795480470012,63.207737040699,39.5648574702353,14.7051700859108
2013-11-09,-57.9333333333333,-61.4166666666667,1.78050823410352,363.479449462891,12.2873328924179,39.726367998394,-57.9321497523652,-61.4597273759239,-1.32866413409549,-1.58087714811913,0.178347415731926,0.117186486959121,33.7969261972528,64.800780256888,39.5648574702353,41.0761877713661
2013-11-10,-57.9333333333333,-61.4166666666667,1.75750609636307,363.862739054362,9.54153720537821,39.726367998394,-57.9321497523652,-61.4597273759239,-1.30413826739878,-1.57337487147267,0.168232710275771,0.0463399471561039,33.7928474397588,55.5878612797959,39.5648574702353,9.48340919364372
2013-11-11,-57.9333333333333,-61.4166666666667,1.76342455148697,364.817219034831,15.9886113405228,39.726367998394,-57.9321497523652,-61.4597273759239,-1.21984109237678,-1.5688108609135,0.186569055962495,0.0512297926260565,33.7909659478897,55.2276050883128,39.5648574702353,19.3686167002783
2013-11-12,-57.9333333333333,-61.4166666666667,1.75174106558164,366.046938069661,20.691326268514,39.726367998394,-57.9321497523652,-61.4597273759239,-1.10229205457788,-1.56195796790876,0.15064441068168,0.0196970590299233,33.7866062221671,30.8718831987309,39.5648574702353,6.33324281670226
2013-11-13,-57.9333333333333,-61.4166666666667,1.69280094901721,366.5865234375,16.626401313146,39.726367998394,-57.9321497523652,-61.4597273759239,-1.07089332575189,-1.56055709966143,0.197055491331713,0.0294239734740634,33.7829463643239,27.0496117692245,39.5648574702353,27.2252617876202
2013-11-14,-57.9333333333333,-61.4166666666667,1.64250485301018,366.935265096029,15.2829724947611,39.726367998394,-57.9321497523652,-61.4597273759239,-1.10084093692607,-1.56592652089614,0.209044905785555,0.0720007362586439,33.7836864586163,40.9171772039026,39.5648574702353,39.4289573384494
2013-11-15,-57.9333333333333,-61.4166666666667,1.65501900911331,368.328920491536,19.5202848434448,39.726367998394,-57.9321497523652,-61.4597273759239,-1.05500809949143,-1.56713119619771,0.177441038905566,0.0737492402357266,33.7854131827677,47.5561005083242,39.5648574702353,18.2822734117543
2013-11-16,-57.9333333333333,-61.4166666666667,1.61773585279783,369.555102539062,19.5957145849864,39.726367998394,-57.9321497523652,-61.4597273759239,-0.975312113313747,-1.56384988297197,0.152434218464825,0.0429048939166885,33.7809501733995,37.7374007504685,39.5648574702353,3.84218440930216
2013-11-17,-57.9333333333333,-61.4166666666667,1.54647813836733,370.718451944987,22.7711313247681,39.726367998394,-57.9321497523652,-61.4597273759239,-0.889610630901236,-1.56957956319465,0.165183153129498,0.0402523079901037,33.7780991891273,30.8558208530111,39.5648574702353,8.25258232035705
2013-11-18,-57.9333333333333,-61.4166666666667,1.47302378118038,370.361727905273,17.0449287573496,39.726367998394,-57.9321497523652,-61.4597273759239,-0.869749273796727,-1.57185468234514,0.2035607529482,-0.0053625379906113,33.7760856886555,33.6271540634614,39.5648574702353,43.2975160739379
2013-11-19,-57.9333333333333,-61.4166666666667,1.42920307815075,370.181964111328,16.583361419042,39.726367998394,-57.9321497523652,-61.4597273759239,-0.812935284093807,-1.56544464378429,0.211176612533461,0.0369664052487316,33.7733034406389,34.3906904091512,39.5648574702353,37.6115386083738
2013-11-20,-57.9333333333333,-61.4166666666667,1.36431046624978,369.981854248047,11.6911649703979,39.726367998394,-57.9321497523652,-61.4597273759239,-0.776797698516595,-1.56014979557883,0.133276395821818,-6.19547707693917e-05,33.7665113864985,31.1977198966464,39.5648574702353,10.1164614515258
2013-11-21,-57.9333333333333,-61.4166666666667,1.28348674476147,369.669772338867,14.1199986934662,39.726367998394,-57.9321497523652,-61.4597273759239,-0.757420969748856,-1.56261996174217,0.150389707584242,0.03135375282202,33.761113403435,32.4660739002371,39.5648574702353,4.10222699105181
2013-11-22,-57.9333333333333,-61.4166666666667,1.23822854459286,370.048060099284,15.2703282356262,39.726367998394,-57.9321497523652,-61.4597273759239,-0.645659893751144,-1.55139006752717,0.181752639045393,0.0213377157128171,33.7583484219429,28.8457293080208,39.5648574702353,18.8435190145568
2013-11-23,-57.9333333333333,-61.4166666666667,1.19777297178904,370.257400512695,12.8998307863871,39.726367998394,-57.9321497523652,-61.4597273759239,-0.49860656835643,-1.53848968815983,0.179001383413386,0.00938272067254647,33.7519522215191,21.6945308706814,39.5648574702353,20.7488047615391
2013-11-24,-57.9333333333333,-61.4166666666667,1.17098254660765,370.418002319336,14.1716739654541,39.726367998394,-57.9321497523652,-61.4597273759239,-0.402130448000323,-1.53287359243049,0.178849938290572,0.0441829999558684,33.7444483104505,17.7609702268041,39.5648574702353,14.6398047960874
2013-11-25,-57.9333333333333,-61.4166666666667,1.19524433116118,370.768178304036,15.9573712825775,39.726367998394,-57.9321497523652,-61.4597273759239,-0.404443430217137,-1.53897156079013,0.172397453702034,0.100798276946285,33.7455209144076,24.8014530095839,39.5648574702353,27.4290864069224
2013-11-26,-57.9333333333333,-61.4166666666667,1.21247361600399,370.139016723633,14.4443148612976,39.726367998394,-57.9321497523652,-61.4597273759239,-0.487383099875056,-1.54789994668244,0.150307101092504,0.105128233846193,33.751647834491,36.8465126905226,39.5648574702353,21.8898529282483
2013-11-27,-57.9333333333333,-61.4166666666667,1.21900604168574,369.584701538086,9.77005603313446,39.726367998394,-57.9321497523652,-61.4597273759239,-0.400935406383491,-1.54999723425485,0.169143675553395,0.0281619298502915,33.7355499984626,25.0119848968391,39.5648574702353,11.1290653215988
2013-11-28,-57.9333333333333,-61.4166666666667,1.21331397593021,369.240331013997,13.1704270998637,39.726367998394,-57.9321497523652,-61.4597273759239,-0.42150717606782,-1.55692011924615,0.0909589256363032,0.096654184232641,33.7349821391859,31.1793629818393,39.5648574702353,19.514509219928
2013-11-29,-57.9333333333333,-61.4166666666667,1.20838668942451,369.00514831543,14.2936688264211,39.726367998394,-57.9321497523652,-61.4597273759239,-0.387489823722526,-1.55608372894445,0.107773935940481,0.0858396183475292,33.7345348874429,37.3318257367701,39.5648574702353,10.1494782786848
2013-11-30,-57.9333333333333,-61.4166666666667,1.20363050997257,369.047341918945,13.3521468162537,39.726367998394,-57.9321497523652,-61.4597273759239,-0.307303701184298,-1.55160691549903,0.158386474853396,0.0688593946397305,33.7283736064022,35.2351124519692,39.5648574702353,8.7254055248042
2013-12-01,-57.9333333333333,-61.4166666666667,1.22864342729251,369.36748046875,15.4744832515717,39.726367998394,-57.9321497523652,-61.4597273759239,-0.27756811922094,-1.54831297639617,0.158023924699851,0.108443966779606,33.7250291494499,36.0439675338286,39.5648574702353,26.239070681823
2013-12-02,-57.9333333333333,-61.4166666666667,1.26445264319579,369.710236612956,16.1063332716624,39.726367998394,-57.9321497523652,-61.4597273759239,-0.241592991592965,-1.54590706717699,0.155648987502196,0.0893412153411629,33.7220175033225,37.1247358967487,39.5648574702353,15.010180313941
2013-12-03,-57.9333333333333,-61.4166666666667,1.25289131402969,369.63737894694,16.0119447867076,39.726367998394,-57.9321497523652,-61.4597273759239,-0.146452341620859,-1.55311907682204,0.118994651726426,0.027696120937852,33.7152254061591,32.6008830930954,39.5648574702353,1.51069204028629
2013-12-04,-57.9333333333333,-61.4166666666667,1.16157399117947,367.599881998698,12.4224548578262,39.726367998394,-57.9321497523652,-61.4597273759239,-0.186568806914235,-1.5577817492019,0.0434578981782709,0.0419732762878775,33.7086054006017,36.0015170699672,39.5648574702353,33.0560297519344
2013-12-05,-57.9333333333333,-61.4166666666667,1.1016368329525,366.300524902344,15.6735376199087,39.726367998394,-57.9321497523652,-61.4597273759239,-0.129567574261499,-1.55264752431023,0.102152105812964,0.0662182815008818,33.7042915086101,32.1918662580332,39.5648574702353,4.99667956236393
2013-12-06,-57.9333333333333,-61.4166666666667,1.0706299563249,366.788417561849,17.3465581576029,39.726367998394,-57.9321497523652,-61.4597273759239,-0.0316045358216852,-1.55179162850057,0.0996326074368299,0.0494193338081801,33.7002186022307,30.1215407471908,39.5648574702353,3.29314237045505
2013-12-07,-57.9333333333333,-61.4166666666667,1.07849262654781,367.282605997721,16.8612792650859,39.726367998394,-57.9321497523652,-61.4597273759239,-0.0183985117066624,-1.54836575429242,0.111222757810825,0.0860713750572133,33.6958531544621,32.2693096462049,39.5648574702353,9.72084219763373
2013-12-08,-57.9333333333333,-61.4166666666667,1.08074653247992,367.720721435547,17.1773488839467,39.726367998394,-57.9321497523652,-61.4597273759239,0.0651552010803742,-1.54864455344982,0.102900153194043,0.0747634643422706,33.6909197470299,29.125099999564,39.5648574702353,7.0855336055682
2013-12-09,-57.9333333333333,-61.4166666666667,1.07402048110962,368.109942626953,18.0882022857666,39.726367998394,-57.9321497523652,-61.4597273759239,0.154097610762469,-1.55165624708161,0.130947351539718,0.0760622219903801,33.6856536435005,26.2602608185962,39.5648574702353,5.30013205681477
2013-12-10,-57.9333333333333,-61.4166666666667,1.07847807010015,368.573458862305,17.9780091603597,39.726367998394,-57.9321497523652,-61.4597273759239,0.307349175186758,-1.55109062409939,0.13123418004217,0.0657272318420105,33.6830090974507,21.9412030815182,39.5648574702353,2.54927306413311
2013-12-11,-57.9333333333333,-61.4166666666667,1.08402946690718,368.890468343099,18.8658453464508,39.726367998394,-57.9321497523652,-61.4597273759239,0.366726720859682,-1.55203715078813,0.138459953276398,0.0580700691229195,33.6804965313216,17.2085393030841,39.5648574702353,1.91687655724506
2013-12-12,-57.9333333333333,-61.4166666666667,1.10690855880578,368.20668741862,15.270508035024,39.726367998394,-57.9321497523652,-61.4597273759239,0.314100877430878,-1.55659542764936,0.177128969838745,0.0596005839988925,33.678718380462,22.5096964298334,39.5648574702353,14.9244612479063
2013-12-13,-57.9333333333333,-61.4166666666667,1.12824431161086,367.065749104818,16.7146456877391,39.726367998394,-57.9321497523652,-61.4597273759239,0.288250553568727,-1.56712545846638,0.166888059474024,0.0762939791342146,33.6810990957389,25.978021901353,39.5648574702353,14.0643391840337
2013-12-14,-57.9333333333333,-61.4166666666667,1.13429868072271,366.84587097168,18.1272024472555,39.726367998394,-57.9321497523652,-61.4597273759239,0.35200349163068,-1.56712201573795,0.141651776654268,0.0594629061205271,33.6828430433919,24.597805062631,39.5648574702353,2.61001150976062
2013-12-15,-57.9333333333333,-61.4166666666667,1.10990391373634,366.455764770508,19.5205101807912,39.726367998394,-57.9321497523652,-61.4597273759239,0.411758272831601,-1.5639703515777,0.0925491009803867,0.0441141613107875,33.6825159976357,23.9467052122704,39.5648574702353,5.18106576449253
2013-12-16,-57.9333333333333,-61.4166666666667,1.10804697523514,366.579334513346,20.0766867955526,39.726367998394,-57.9321497523652,-61.4597273759239,0.452395160675497,-1.55717251892377,0.115777587266009,0.084354995868932,33.6823266968691,24.8393142814923,39.5648574702353,8.50328393224364
2013-12-17,-57.9333333333333,-61.4166666666667,1.12431533584992,367.163246663411,20.4777043978373,39.726367998394,-57.9321497523652,-61.4597273759239,0.549964440048189,-1.54688342711083,0.126807848663819,0.0736046787631467,33.6796132998359,22.5125648025283,39.5648574702353,4.37357883852015
2013-12-18,-57.9333333333333,-61.4166666666667,1.1395022486647,367.414487711589,20.8089174906413,39.726367998394,-57.9321497523652,-61.4597273759239,0.585204371720328,-1.5416172648731,0.119116266797248,0.0810805662934269,33.6759705937895,23.8681144176569,39.5648574702353,6.99535015770557
2013-12-19,-57.9333333333333,-61.4166666666667,1.14427292148272,367.481305948893,17.8789643764496,39.726367998394,-57.9321497523652,-61.4597273759239,0.619973440703593,-1.53757757396626,0.129487970241703,0.06112650912115,33.6709969742854,23.26061236948,39.5648574702353,1.5619997997202
2013-12-20,-57.9333333333333,-61.4166666666667,1.14902085363865,367.680954996745,20.2504062493642,39.726367998394,-57.9321497523652,-61.4597273759239,0.715835523560531,-1.54676410712694,0.131169930478572,0.0740636036472213,33.6660463290107,20.3011199657182,39.5648574702353,4.69539710456899
2013-12-21,-57.9333333333333,-61.4166666666667,1.13449852863948,367.422274780273,18.1207799752553,39.726367998394,-57.9321497523652,-61.4597273759239,0.77168852516583,-1.54665855447153,0.102156694138185,0.0238985170547227,33.6614111706727,18.3300372998517,39.5648574702353,4.59068878868418
2013-12-22,-57.9333333333333,-61.4166666666667,1.11541557908058,367.087223307292,19.7928427855174,39.726367998394,-57.9321497523652,-61.4597273759239,0.782600842024151,-1.55165854208451,0.11937096990869,0.0619411009146755,33.6572061696447,19.2846011721102,39.5648574702353,1.73535377348037
2013-12-23,-57.9333333333333,-61.4166666666667,1.14445072412491,366.888554890951,20.9459155877431,39.726367998394,-57.9321497523652,-61.4597273759239,0.772068515083844,-1.55257753859785,0.14666323641077,0.087198035539429,33.6554050015328,22.5395265557712,39.5648574702353,11.6898348492037
2013-12-24,-57.9333333333333,-61.4166666666667,1.148304271698,366.007198079427,18.3074838956197,39.726367998394,-57.9321497523652,-61.4597273759239,0.807074392872645,-1.55842653521918,0.161123962008527,0.0320123101311519,33.6501100583184,22.1230520377482,39.5648574702353,7.34993851073154
2013-12-25,-57.9333333333333,-61.4166666666667,1.1374976242582,365.041401163737,17.7448479493459,39.726367998394,-57.9321497523652,-61.4597273759239,0.838217040874008,-1.56649099884177,0.174244626698301,0.0432353198276203,33.6456125876061,21.4547425642946,39.5648574702353,12.2576068878067
2013-12-26,-57.9333333333333,-61.4166666666667,1.11741388191779,364.653203328451,20.2567418893178,39.726367998394,-57.9321497523652,-61.4597273759239,0.954089166078352,-1.56959791828815,0.127503120347409,0.0412527641519568,33.6415453315677,17.495941126257,39.5648574702353,0.0787684459576153
2013-12-27,-57.9333333333333,-61.4166666666667,1.10479413469632,364.096465047201,18.2704828262329,39.726367998394,-57.9321497523652,-61.4597273759239,0.952012990650378,-1.56857336643047,0.106821666898808,0.0913444230599063,33.6357285492402,18.4327217044687,39.5648574702353,12.7646847611876
2013-12-28,-57.9333333333333,-61.4166666666667,1.07262674421072,362.057898966471,18.4409308115641,39.726367998394,-57.9321497523652,-61.4597273759239,0.889212780204931,-1.56126498817501,0.047338109211366,0.0677350286982561,33.635613764139,24.1807570027229,39.5648574702353,32.7474874354599
2013-12-29,-57.9333333333333,-61.4166666666667,1.02003667255243,360.993324788411,18.5675745487213,39.726367998394,-57.9321497523652,-61.4597273759239,1.02037536918669,-1.55166542754137,0.102512361859917,0.0462343945006903,33.63522944056,20.5282878732323,39.5648574702353,2.49294402348448
2013-12-30,-57.9333333333333,-61.4166666666667,0.97558922568957,361.077230834961,17.6414746284485,39.726367998394,-57.9321497523652,-61.4597273759239,1.1240162251139,-1.54848736703844,0.129907886952834,0.0120238336713466,33.6322349749113,18.483777082056,39.5648574702353,5.27845385332577
2013-12-31,-57.9333333333333,-61.4166666666667,0.917267600695292,359.167678833008,12.2919834136963,39.726367998394,-57.9321497523652,-61.4597273759239,1.0400384680221,-1.54593230548658,0.164772415799754,-0.0236644652721129,33.629991990283,24.5754324583183,39.5648574702353,30.9743615132294
2014-01-01,-57.9333333333333,-61.4166666666667,0.841648092369239,356.912604777018,13.6998223463694,39.726367998394,-57.9321497523652,-61.4597273759239,1.08199705956574,-1.54976547750315,0.128834002196117,0.0301398961503703,33.6212437278346,20.5397609409533,39.5648574702353,1.05846324155628
2014-01-02,-57.9333333333333,-61.4166666666667,0.793444810807705,355.84250386556,13.1167665958405,39.726367998394,-57.9321497523652,-61.4597273759239,1.0923311307018,-1.5510412875871,0.0784509263064404,0.0448484410552826,33.6165569133328,23.5801389450417,39.5648574702353,10.7158865807822
2014-01-03,-57.9333333333333,-61.4166666666667,0.752348911265532,355.257339477539,13.6666729450226,39.726367998394,-57.9321497523652,-61.4597273759239,1.2043565516185,-1.55055253263703,0.132060244987558,0.0703761415149932,33.6073955736662,19.2587866962404,39.5648574702353,3.71975859802578
2014-01-04,-57.9333333333333,-61.4166666666667,0.716686011354129,355.349034627279,13.2495222250621,39.726367998394,-57.9321497523652,-61.4597273759239,1.32245078794938,-1.55042747671443,0.128703209130388,0.0275836844501415,33.5947004906217,14.7521433758556,39.5648574702353,1.44275269677119
2014-01-05,-57.9333333333333,-61.4166666666667,0.691263649861018,354.339191691081,11.3828575293223,39.726367998394,-57.9321497523652,-61.4597273759239,1.2223647617756,-1.55185243913106,0.109042863480579,-0.0080977308150745,33.592767342589,23.6965911549733,39.5648574702353,14.8557027553101
2014-01-06,-57.9333333333333,-61.4166666666667,0.643761757016182,352.486405436198,11.3056880315145,39.726367998394,-57.9321497523652,-61.4597273759239,1.19812251078455,-1.54315466316123,0.112670665648871,0.00846257611156854,33.594333490931,26.4857077204195,39.5648574702353,7.0789343449235
2014-01-07,-57.9333333333333,-61.4166666666667,0.611792001128197,350.96015625,10.4775329907735,39.726367998394,-57.9321497523652,-61.4597273759239,1.16506063893325,-1.53519690350482,0.0887354349899561,-0.00337309834260241,33.6028236733343,29.4337270600455,39.5648574702353,17.7506051191464
2014-01-08,-57.9333333333333,-61.4166666666667,0.569145527482033,349.333986409505,9.82227703730265,39.726367998394,-57.9321497523652,-61.4597273759239,1.16387660991877,-1.53240205112257,0.0957684594493611,0.0321316307592661,33.6101952316169,30.3837016722313,39.5648574702353,4.91295607204837
2014-01-09,-57.9333333333333,-61.4166666666667,0.536473775903384,348.824577840169,9.62213616371155,39.726367998394,-57.9321497523652,-61.4597273759239,1.19605184116758,-1.52671367826318,0.112298936169959,0.0333386031924782,33.6179051076559,29.1652560018955,39.5648574702353,1.35302165076659
2014-01-10,-57.9333333333333,-61.4166666666667,0.514724705616633,348.987228393555,9.9519170443217,39.726367998394,-57.9321497523652,-61.4597273759239,1.31984868668076,-1.52276003764088,0.135252067469116,0.0554266612472615,33.6244791790955,22.5659147169357,39.5648574702353,1.19388031595536
2014-01-11,-57.9333333333333,-61.4166666666667,0.509605392813683,349.185279337565,9.65169588724772,39.726367998394,-57.9321497523652,-61.4597273759239,1.31104007430543,-1.52345072102726,0.164464935198202,0.0658465524701247,33.628397461167,21.8832638245776,39.5648574702353,10.2548402688156
2014-01-12,-57.9333333333333,-61.4166666666667,0.531440494457881,348.599235026042,7.84965864817301,39.726367998394,-57.9321497523652,-61.4597273759239,1.25919349345946,-1.52190529179752,0.206449684820005,0.0520030811877179,33.6329351439512,26.517832408274,39.5648574702353,33.6950575193682
2014-01-13,-57.9333333333333,-61.4166666666667,0.550524787108103,347.672425333659,8.11761234601339,39.726367998394,-57.9321497523652,-61.4597273759239,1.28708144193305,-1.52062374218962,0.187631467007157,0.0644376527630073,33.6369219041408,24.9161842855296,39.5648574702353,21.8448775945946
2014-01-14,-57.9333333333333,-61.4166666666667,0.560576175649961,346.855819702148,7.83098427454631,39.726367998394,-57.9321497523652,-61.4597273759239,1.31974129614077,-1.51448676864007,0.206080250638096,0.0355643893038868,33.6435819353376,25.0940177243455,39.5648574702353,33.4461116111265
2014-01-15,-57.9333333333333,-61.4166666666667,0.553426851828893,345.846919759115,5.89427800973256,39.726367998394,-57.9321497523652,-61.4597273759239,1.31834249209641,-1.51678139195406,0.172890797957666,0.0222509763994835,33.6512171236196,22.7087551310546,39.5648574702353,13.9800317302795
2014-01-16,-57.9333333333333,-61.4166666666667,0.566466757655144,345.527547200521,10.403342405955,39.726367998394,-57.9321497523652,-61.4597273759239,1.31349349290805,-1.52599661108246,0.157496160484458,0.103985510668472,33.6701132982297,22.2997382422139,39.5648574702353,23.2955081834756
2014-01-17,-57.9333333333333,-61.4166666666667,0.585300322373708,345.781093343099,11.5287403583527,39.726367998394,-57.9321497523652,-61.4597273759239,1.47641827603032,-1.52427792952473,0.163886690246207,0.0462183320852823,33.6884246481989,17.2527109017049,39.5648574702353,7.68497074682401
2014-01-18,-57.9333333333333,-61.4166666666667,0.588771688938141,345.669888305664,10.4165535767873,39.726367998394,-57.9321497523652,-61.4597273759239,1.55634280837568,-1.53034835650509,0.160495235675708,0.0185199166767131,33.7047450990605,13.8578133726479,39.5648574702353,9.66450087249727
2014-01-19,-57.9333333333333,-61.4166666666667,0.59359775185585,345.294931030273,9.68104828198751,39.726367998394,-57.9321497523652,-61.4597273759239,1.56216381008464,-1.53350117063164,0.163707710270371,0.0211747974101314,33.7204748454847,16.3641173857495,39.5648574702353,10.2208303937401
2014-01-20,-57.9333333333333,-61.4166666666667,0.589045930902163,344.558829752604,7.06598811944326,39.726367998394,-57.9321497523652,-61.4597273759239,1.47119203725256,-1.53302274700394,0.175495197506327,-0.0257043868611406,33.7407018331657,23.2170145135177,39.5648574702353,37.2450876748202
2014-01-21,-57.9333333333333,-61.4166666666667,0.58046373128891,343.655196126302,9.96529280344645,39.726367998394,-57.9321497523652,-61.4597273759239,1.49273855793745,-1.53374326139464,0.142099227826286,0.0221087098737856,33.7561961726138,21.8763799631506,39.5648574702353,3.92524012575058
2014-01-22,-57.9333333333333,-61.4166666666667,0.569201076030731,343.29255065918,9.44374928474426,39.726367998394,-57.9321497523652,-61.4597273759239,1.55470169262778,-1.52872950152347,0.110504539669456,0.0138159357151367,33.7751899661874,23.0747478062049,39.5648574702353,5.59923020928531
2014-01-23,-57.9333333333333,-61.4166666666667,0.568733365337054,342.998708089193,9.83102631568909,39.726367998394,-57.9321497523652,-61.4597273759239,1.60903749295643,-1.53300668467256,0.153423201264744,0.0921819611571561,33.7901051169948,22.6720410791555,39.5648574702353,15.6724630779274
2014-01-24,-57.9333333333333,-61.4166666666667,0.585847966869672,343.200161743164,7.66950434843699,39.726367998394,-57.9321497523652,-61.4597273759239,1.62973317167813,-1.53816270693801,0.163537906678884,0.0717184971597858,33.8000982757798,21.0136009947698,39.5648574702353,11.3401255050811
2014-01-25,-57.9333333333333,-61.4166666666667,0.593404698371887,343.32182413737,10.7260945479075,39.726367998394,-57.9321497523652,-61.4597273759239,1.71636810024878,-1.544914642671,0.126394815897023,0.0535978453752018,33.8031502343658,16.0268075197263,39.5648574702353,0.464604815477865
2014-01-26,-57.9333333333333,-61.4166666666667,0.579195530215899,342.568711344401,9.65773371060689,39.726367998394,-57.9321497523652,-61.4597273759239,1.74172829909432,-1.54213011085539,0.129336525188913,0.0074506466297951,33.8083016962037,15.9705892075273,39.5648574702353,6.82209736166453
2014-01-27,-57.9333333333333,-61.4166666666667,0.553837714592616,341.546788533529,8.37860298156738,39.726367998394,-57.9321497523652,-61.4597273759239,1.65859862825924,-1.54228499957493,0.138831682237131,-0.00478888199405563,33.8191036425139,21.5717685527371,39.5648574702353,12.944317999622
2014-01-28,-57.9333333333333,-61.4166666666667,0.539457881450653,341.01730855306,9.39298915863037,39.726367998394,-57.9321497523652,-61.4597273759239,1.65537422492092,-1.54991577307981,0.106041494700918,0.0890865122437253,33.8217251139476,22.2154107703302,39.5648574702353,11.8663048885107
2014-01-29,-57.9333333333333,-61.4166666666667,0.535395814975103,341.139189656576,9.32613925933838,39.726367998394,-57.9321497523652,-61.4597273759239,1.72046538223898,-1.55812364995928,0.126612805432283,0.051303220828785,33.8249146024087,19.5530723127207,39.5648574702353,0.276872326639197
2014-01-30,-57.9333333333333,-61.4166666666667,0.528015937407811,341.133358764648,8.60052092870077,39.726367998394,-57.9321497523652,-61.4597273759239,1.67358895307197,-1.56227691818897,0.0771039813700923,0.0097796908698808,33.8367720008793,25.8638643071167,39.5648574702353,17.2355834494683
2014-01-31,-57.9333333333333,-61.4166666666667,0.514352151751518,340.678872680664,8.83988186518351,39.726367998394,-57.9321497523652,-61.4597273759239,1.68555312766168,-1.55959106119056,0.0998804266319463,0.0498736695267428,33.8391181974483,25.740528307463,39.5648574702353,3.2564229725137
2014-02-01,-57.9333333333333,-61.4166666666667,0.506125495831172,341.066892496745,9.07744045257568,39.726367998394,-57.9321497523652,-61.4597273759239,1.89426668694145,-1.55430653803331,0.12328101025152,0.0519296532230718,33.8329743837055,18.7270072743409,39.5648574702353,0.317033325220034
2014-02-02,-57.9333333333333,-61.4166666666667,0.494523777564367,341.114808146159,7.62441231409709,39.726367998394,-57.9321497523652,-61.4597273759239,1.83447060728432,-1.55121912454304,0.137941367784165,0.0114823023935682,33.8233368235423,17.6932787178154,39.5648574702353,6.19152719147697
2014-02-03,-57.9333333333333,-61.4166666666667,0.4787274847428,340.777598063151,5.38330326875051,39.726367998394,-57.9321497523652,-61.4597273759239,1.76236064541609,-1.54922280051654,0.137379184911462,0.00858189662764395,33.8155293285399,20.4089673157025,39.5648574702353,7.10703909479098
2014-02-04,-57.9333333333333,-61.4166666666667,0.467599068085353,340.550904337565,5.73989621798197,39.726367998394,-57.9321497523652,-61.4597273759239,1.74046717102366,-1.5475821396462,0.153459915079008,0.0119595842758068,33.8078595211631,19.7458207732753,39.5648574702353,9.2898664765566
2014-02-05,-57.9333333333333,-61.4166666666667,0.470797611276309,340.767446899414,7.7299889087677,39.726367998394,-57.9321497523652,-61.4597273759239,1.85223925920357,-1.54934785419837,0.133723847540025,0.0448736822218599,33.8045783939218,14.8611379924573,39.5648574702353,0.406586050773105
2014-02-06,-57.9333333333333,-61.4166666666667,0.477702460686366,340.958061726888,8.47020624478658,39.726367998394,-57.9321497523652,-61.4597273759239,1.70473710800472,-1.55133270455482,0.0783774983417943,0.0812503682463465,33.8212891198639,21.7794320278598,39.5648574702353,17.6473020553521
2014-02-07,-57.9333333333333,-61.4166666666667,0.474830000599225,340.987690226237,7.37849143346151,39.726367998394,-57.9321497523652,-61.4597273759239,1.66566148601977,-1.54914248751518,0.0981135658247578,0.0484808321650091,33.8288671307098,21.9538235592663,39.5648574702353,3.64055791356524
2014-02-08,-57.9333333333333,-61.4166666666667,0.458276315530141,340.579545084635,5.92525194485982,39.726367998394,-57.9321497523652,-61.4597273759239,1.57401784111683,-1.54986414694248,0.126633457503373,-0.000633316422651585,33.8234748266693,22.6037761071571,39.5648574702353,10.0239601552414
2014-02-09,-57.9333333333333,-61.4166666666667,0.461265829205513,340.469883219401,7.12600073814392,39.726367998394,-57.9321497523652,-61.4597273759239,1.50989593285367,-1.55209796186677,0.138567800444544,0.0775032462902311,33.8303185656555,25.0091166818949,39.5648574702353,6.5345092534715
2014-02-10,-57.9333333333333,-61.4166666666667,0.471438725789388,340.718711344401,6.55505194664002,39.726367998394,-57.9321497523652,-61.4597273759239,1.45742704411198,-1.54971958192668,0.11706716697523,0.036867736131513,33.8367146513516,25.3338060629995,39.5648574702353,0.55595020210613
2014-02-11,-57.9333333333333,-61.4166666666667,0.470781724651655,340.97890218099,7.73574614524841,39.726367998394,-57.9321497523652,-61.4597273759239,1.46962251564614,-1.54260051250458,0.106879032952221,0.037730515031214,33.8372424563071,21.5075190479594,39.5648574702353,1.79790471506371
2014-02-12,-57.9333333333333,-61.4166666666667,0.467164005835851,341.204516601562,7.5174698193868,39.726367998394,-57.9321497523652,-61.4597273759239,1.43911868580302,-1.53630635523258,0.104421489696978,0.0525170772203377,33.841154844241,22.3898022551286,39.5648574702353,2.41818905270665
2014-02-13,-57.9333333333333,-61.4166666666667,0.465036973357201,341.234142049154,6.7715882619222,39.726367998394,-57.9321497523652,-61.4597273759239,1.40760706421128,-1.53059159096022,0.127702752450355,0.0579346862334506,33.8533507469005,22.5951711324821,39.5648574702353,1.00069259444542
2014-02-14,-57.9333333333333,-61.4166666666667,0.473863659302394,341.175082397461,4.64814213116964,39.726367998394,-57.9321497523652,-61.4597273759239,1.41105451395637,-1.54120423022966,0.186917838843581,0.0804564283278428,33.8685467942317,21.6320025042484,39.5648574702353,25.939215536313
2014-02-15,-57.9333333333333,-61.4166666666667,0.516799230376879,341.38015238444,6.51379102865855,39.726367998394,-57.9321497523652,-61.4597273759239,1.38242034916591,-1.55771750077269,0.176814606329216,0.111140151095009,33.8939196364324,25.2081753293374,39.5648574702353,36.0300535678339
2014-02-16,-57.9333333333333,-61.4166666666667,0.56050145427386,341.271449788411,5.27453784942627,39.726367998394,-57.9321497523652,-61.4597273759239,1.36138046885792,-1.55882924660704,0.208241786653722,0.0673105231017098,33.9069647394625,24.3884206069143,39.5648574702353,37.5565655819275
2014-02-17,-57.9333333333333,-61.4166666666667,0.597383157412211,341.15126953125,7.40933372179667,39.726367998394,-57.9321497523652,-61.4597273759239,1.34928137041572,-1.55947403710588,0.174150546760599,0.0941209187100929,33.9109747463599,24.9873176087114,39.5648574702353,24.7170328929455
2014-02-18,-57.9333333333333,-61.4166666666667,0.626163655519485,341.256400553385,8.2121675491333,39.726367998394,-57.9321497523652,-61.4597273759239,1.38933175936677,-1.55873631041749,0.122298910583657,0.0576616257597181,33.9007693556018,17.637634176957,39.5648574702353,0.949163135023103
2014-02-19,-57.9333333333333,-61.4166666666667,0.646868629256884,341.494831339518,8.57998647689819,39.726367998394,-57.9321497523652,-61.4597273759239,1.39329135978132,-1.56940976076556,0.140346134431604,0.078425685433965,33.8873169977862,14.8054932633737,39.5648574702353,7.10860259523187
2014-02-20,-57.9333333333333,-61.4166666666667,0.667490560809771,341.525554402669,7.57299353281657,39.726367998394,-57.9321497523652,-61.4597273759239,1.30029847702586,-1.57544576718395,0.19923767976855,0.0786253177049689,33.8800028607361,27.5676232997636,39.5648574702353,33.7094632128116
2014-02-21,-57.9333333333333,-61.4166666666667,0.669583915670713,340.964016723633,5.85351494153341,39.726367998394,-57.9321497523652,-61.4597273759239,1.22279431497244,-1.57609859041702,0.112799163949781,0.0367530048789835,33.8647894751757,31.0313596474497,39.5648574702353,0.982844237893576
2014-02-22,-57.9333333333333,-61.4166666666667,0.660195960601171,340.795189412435,9.60072836875915,39.726367998394,-57.9321497523652,-61.4597273759239,1.1956635906284,-1.57595632309304,0.0918171151464147,0.0736597498556725,33.8592938874897,35.6923163349467,39.5648574702353,9.7878207053323
2014-02-23,-57.9333333333333,-61.4166666666667,0.668693319956462,341.172862752279,9.87756873766581,39.726367998394,-57.9321497523652,-61.4597273759239,1.19905596411318,-1.56568902372418,0.129084116716246,0.085160409121361,33.8440232527883,34.8524836490029,39.5648574702353,8.52355157101996
2014-02-24,-57.9333333333333,-61.4166666666667,0.699096139272054,341.573677571615,8.63957940737406,39.726367998394,-57.9321497523652,-61.4597273759239,1.18970215051694,-1.5656970555621,0.17411842270005,0.0907707666712148,33.832246135052,35.5374293112217,39.5648574702353,23.0815564308513
2014-02-25,-57.9333333333333,-61.4166666666667,0.758762353658676,341.834130859375,7.22060601711273,39.726367998394,-57.9321497523652,-61.4597273759239,1.1703667291125,-1.5706029673268,0.240254097191015,0.110639922881037,33.8301923364625,37.4253318363563,39.5648574702353,88.8550724996164
2014-02-26,-57.9333333333333,-61.4166666666667,0.827785757184029,341.75112508138,7.41843382517497,39.726367998394,-57.9321497523652,-61.4597273759239,1.12514517988477,-1.58128903414074,0.198820056967941,0.0856239234510445,33.8230962825001,39.8564869801801,39.5648574702353,36.0603011039528
2014-02-27,-57.9333333333333,-61.4166666666667,0.901559778054555,341.917814127604,10.7241099198659,39.726367998394,-57.9321497523652,-61.4597273759239,1.09106725252661,-1.59070846191923,0.195917357627611,0.128196097070113,33.8139349141515,39.0373058713468,39.5648574702353,60.6910346163384
2014-02-28,-57.9333333333333,-61.4166666666667,0.97559775908788,342.238896687826,10.2250574747721,39.726367998394,-57.9321497523652,-61.4597273759239,1.07200167456964,-1.58884523103112,0.181881137738438,0.078182455264312,33.8001497455109,35.0085181150221,39.5648574702353,22.1334670173393
2014-03-01,-57.9333333333333,-61.4166666666667,1.01323626836141,342.362130737305,9.11288814544678,39.726367998394,-57.9321497523652,-61.4597273759239,1.10085060968435,-1.57655751436277,0.191809979092358,0.0763765854298844,33.7797218839029,26.7851562786819,39.5648574702353,27.700740861949
2014-03-02,-57.9333333333333,-61.4166666666667,1.05983925859133,342.717092895508,13.2836354096731,39.726367998394,-57.9321497523652,-61.4597273759239,1.03255706980712,-1.56920439273791,0.107500875648811,0.125215378919042,33.7748974678212,30.8162385682414,39.5648574702353,34.3831282761487
2014-03-03,-57.9333333333333,-61.4166666666667,1.11593110164007,343.441754150391,14.8234671115875,39.726367998394,-57.9321497523652,-61.4597273759239,1.0520164068032,-1.56374318527996,0.132789935552536,0.047092584276894,33.7630285965769,24.6660701565276,39.5648574702353,0.368791274692049
2014-03-04,-57.9333333333333,-61.4166666666667,1.12570231854916,343.639712524414,11.7511894782384,39.726367998394,-57.9321497523652,-61.4597273759239,1.03842764017277,-1.56833816963927,0.20093799633135,0.0544950438145184,33.7638891406525,24.348264622509,39.5648574702353,29.5712863490596
2014-03-05,-57.9333333333333,-61.4166666666667,1.09778439601262,343.269159952799,7.67008663018545,39.726367998394,-57.9321497523652,-61.4597273759239,1.02370165635769,-1.56680880408538,0.156612729639711,0.00963054018977441,33.7577223096575,23.2147199049928,39.5648574702353,11.0207951961875
2014-03-06,-57.9333333333333,-61.4166666666667,1.05164737999439,342.890704345703,10.873380613327,39.726367998394,-57.9321497523652,-61.4597273759239,1.04509123241095,-1.57774269132686,0.193982989114142,0.0218677739227625,33.7488650988815,21.9016208612829,39.5648574702353,26.4450929924463
2014-03-07,-57.9333333333333,-61.4166666666667,1.05045660038789,342.851821899414,12.0816474437714,39.726367998394,-57.9321497523652,-61.4597273759239,1.01817803499394,-1.59293539945344,0.191803095190037,0.0933545140367477,33.7451247595307,25.3831404241404,39.5648574702353,34.6170140733402
2014-03-08,-57.9333333333333,-61.4166666666667,1.0244244992733,342.571095784505,7.38378341992696,39.726367998394,-57.9321497523652,-61.4597273759239,1.00548692618994,-1.5877919963428,0.152213934598897,-0.00824688146717118,33.7327624299472,24.1205231695247,39.5648574702353,17.4760292654587
2014-03-09,-57.9333333333333,-61.4166666666667,0.954956778883934,342.009986368815,7.8481430610021,39.726367998394,-57.9321497523652,-61.4597273759239,1.01862135843227,-1.58541132319242,0.176341912898242,-0.0213514831533333,33.7181744683058,23.2726593017578,39.5648574702353,34.7345852750659
2014-03-10,-57.9333333333333,-61.4166666666667,0.923302551110586,341.883810424805,8.1901213089625,39.726367998394,-57.9321497523652,-61.4597273759239,1.02248458754747,-1.5945003306059,0.141890417532365,0.0471889587553372,33.708370739356,21.9389084622376,39.5648574702353,1.5184550818794
2014-03-11,-57.9333333333333,-61.4166666666667,0.874285763502121,341.689318847656,4.51513737837474,39.726367998394,-57.9321497523652,-61.4597273759239,1.00665167668708,-1.588167168144,0.148788059256355,0.00261357764160275,33.7050090875841,22.6961347429376,39.5648574702353,11.4979403359548
2014-03-12,-57.9333333333333,-61.4166666666667,0.866875513394674,341.686971028646,8.12950806617737,39.726367998394,-57.9321497523652,-61.4597273759239,0.936838178706348,-1.59539523922411,0.136204337000959,0.106121805853638,33.7011081437419,21.8717906672255,39.5648574702353,19.8898153692965
2014-03-13,-57.9333333333333,-61.4166666666667,0.907089140017827,342.177000935872,8.89436549345652,39.726367998394,-57.9321497523652,-61.4597273759239,0.835554361343384,-1.60562697075363,0.107783115139805,0.11139255966571,33.7334621687581,31.6015738508755,39.5648574702353,24.0780005258472
2014-03-14,-57.9333333333333,-61.4166666666667,0.947808966040611,342.880491129557,11.0699040095011,39.726367998394,-57.9321497523652,-61.4597273759239,0.800140954946217,-1.6010962370643,0.0675766995470775,0.0532628300746805,33.7480273282618,32.1826875586259,39.5648574702353,16.7574998674789
2014-03-15,-57.9333333333333,-61.4166666666667,0.966028500596682,343.624680582682,10.7238839785258,39.726367998394,-57.9321497523652,-61.4597273759239,0.797384651980006,-1.5869693751622,0.0753898966385234,0.0350962856966526,33.7600225864496,30.8420531014751,39.5648574702353,12.5823193993491
2014-03-16,-57.9333333333333,-61.4166666666667,0.959098142385483,344.064786783854,8.67647536595662,39.726367998394,-57.9321497523652,-61.4597273759239,0.76919656207687,-1.57496733952286,0.0869272701806368,0.0225974647398282,33.7682430296016,30.8018970704616,39.5648574702353,9.46089115316792
2014-03-17,-57.9333333333333,-61.4166666666667,0.899353534976641,343.790477498372,5.50082568327586,39.726367998394,-57.9321497523652,-61.4597273759239,0.734689076816229,-1.57958757025855,0.0462848761756169,-0.00578933839399115,33.7731251967581,31.4851215835801,39.5648574702353,43.2210151418668
2014-03-18,-57.9333333333333,-61.4166666666667,0.843681450684865,343.448447672526,6.46868875821431,39.726367998394,-57.9321497523652,-61.4597273759239,0.733105785640559,-1.58776675937767,0.0728726933913347,0.0357525486190964,33.777393111609,30.3601817941307,39.5648574702353,13.7992828150978
2014-03-19,-57.9333333333333,-61.4166666666667,0.798189261555672,343.203359985352,3.17284550666809,39.726367998394,-57.9321497523652,-61.4597273759239,0.709907129182851,-1.58925597291244,0.126635751890061,0.0284304008364005,33.7786033601689,28.5055511947861,39.5648574702353,1.24589930971754
2014-03-20,-57.9333333333333,-61.4166666666667,0.734590708216031,342.773733520508,3.97540531555812,39.726367998394,-57.9321497523652,-61.4597273759239,0.702544139292007,-1.59604117162246,0.0721820110133044,0.00245295385164874,33.7749776911915,28.4045876954731,39.5648574702353,22.4843863859341
2014-03-21,-57.9333333333333,-61.4166666666667,0.712086696426074,342.735004679362,5.91188678741455,39.726367998394,-57.9321497523652,-61.4597273759239,0.672965506637903,-1.6093821202902,0.054981504377902,0.0996876788374625,33.7902770078272,32.6892260644669,39.5648574702353,39.7799068807837
2014-03-22,-57.9333333333333,-61.4166666666667,0.690679524342219,342.755707804362,4.4343057791392,39.726367998394,-57.9321497523652,-61.4597273759239,0.632953677746586,-1.60736285071624,0.0528865116123194,0.00541072513880138,33.8000865448686,35.5259560319714,39.5648574702353,33.29904458543
2014-03-23,-57.9333333333333,-61.4166666666667,0.661293212572734,342.654216512044,6.47305444081624,39.726367998394,-57.9321497523652,-61.4597273759239,0.581867067213345,-1.60765083078155,0.0251422034002336,0.0345524598781328,33.8092190448503,38.7963701154953,39.5648574702353,50.0538928883979
2014-03-24,-57.9333333333333,-61.4166666666667,0.643506639202436,342.730167643229,4.36074241797129,39.726367998394,-57.9321497523652,-61.4597273759239,0.537961718059124,-1.61764621241648,0.0858097879874303,0.00545891225898176,33.810159898342,35.8202417595942,39.5648574702353,15.0438098902876
2014-03-25,-57.9333333333333,-61.4166666666667,0.642174758513768,343.038741048177,6.16872595151265,39.726367998394,-57.9321497523652,-61.4597273759239,0.507579050117866,-1.63272993053709,0.0929621331729835,0.0592540954344703,33.81711902475,36.4575737006682,39.5648574702353,6.19696645657883
2014-03-26,-57.9333333333333,-61.4166666666667,0.669145171840986,343.602217610677,7.04178263346354,39.726367998394,-57.9321497523652,-61.4597273759239,0.480159200895998,-1.6306831240654,0.142177245502633,0.110715645106327,33.8343574122379,37.8406588547212,39.5648574702353,23.7076155565156
2014-03-27,-57.9333333333333,-61.4166666666667,0.708402692278226,344.348701985677,7.7607558409373,39.726367998394,-57.9321497523652,-61.4597273759239,0.444676960769453,-1.62448075525743,0.0848965270486765,0.0720833425543138,33.8526511371584,39.9350776313839,39.5648574702353,11.8521735990064
2014-03-28,-57.9333333333333,-61.4166666666667,0.728789303700129,344.959580485026,7.41860545476278,39.726367998394,-57.9321497523652,-61.4597273759239,0.438302492064641,-1.62241673559174,0.0657134641073924,0.0334257991438297,33.8574582580337,39.1158966265227,39.5648574702353,17.9901376245735
2014-03-29,-57.9333333333333,-61.4166666666667,0.734862342476845,345.342428588867,5.92976451714834,39.726367998394,-57.9321497523652,-61.4597273759239,0.432511778478336,-1.62015194148946,0.107376966163292,0.0164524596184492,33.856861516049,39.1755568855687,39.5648574702353,5.32961332600661
2014-03-30,-57.9333333333333,-61.4166666666667,0.724686539173126,345.446291097005,4.57127908070882,39.726367998394,-57.9321497523652,-61.4597273759239,0.43544705985184,-1.63854106252355,0.0920052748117456,0.0308994172715155,33.8576702748923,38.1177348624495,39.5648574702353,6.22907865241496
2014-03-31,-57.9333333333333,-61.4166666666667,0.720519396662712,345.608628336589,6.72204243342082,39.726367998394,-57.9321497523652,-61.4597273759239,0.40656507889131,-1.63868333343276,0.0275997467675155,0.0896257486586508,33.872372978612,42.9014541152725,39.5648574702353,57.5428084021503
2014-04-01,-57.9333333333333,-61.4166666666667,0.740457342068354,345.926288859049,6.94586177666982,39.726367998394,-57.9321497523652,-61.4597273759239,0.352204498827906,-1.6437923164296,0.0623931421065017,0.137613236469994,33.8906667895783,48.8938668867699,39.5648574702353,63.1574741486613
2014-04-02,-57.9333333333333,-61.4166666666667,0.793992920716604,346.584877522786,6.32746380964915,39.726367998394,-57.9321497523652,-61.4597273759239,0.309447379600733,-1.64897816297703,0.0859635274969321,0.115678918204809,33.9058630090011,52.268686477403,39.5648574702353,33.1344561180567
2014-04-03,-57.9333333333333,-61.4166666666667,0.847456898291906,347.228204345703,5.80526562531789,39.726367998394,-57.9321497523652,-61.4597273759239,0.270837105418506,-1.65063029527664,0.0914453864517741,0.106151636381795,33.9129132005505,53.7469985359593,39.5648574702353,24.7935371950397
2014-04-04,-57.9333333333333,-61.4166666666667,0.896415118376414,347.796397908529,6.65445354779561,39.726367998394,-57.9321497523652,-61.4597273759239,0.233708241352237,-1.65250730021556,0.0833315932493013,0.0653486185448062,33.9131311975924,55.669894265053,39.5648574702353,10.8302158491584
2014-04-05,-57.9333333333333,-61.4166666666667,0.911215511957804,348.122725423177,3.78925972382228,39.726367998394,-57.9321497523652,-61.4597273759239,0.213579793033519,-1.64741323182457,0.132638490359698,0.0353142752459175,33.9086221680605,54.5621639660427,39.5648574702353,0.698058257024325
2014-04-06,-57.9333333333333,-61.4166666666667,0.880852211515109,348.165399169922,3.23580507238706,39.726367998394,-57.9321497523652,-61.4597273759239,0.18682079610968,-1.63575998060685,0.0871475539485315,0.0663100664636918,33.9080600164887,54.4887361705751,39.5648574702353,9.53182121618621
2014-04-07,-57.9333333333333,-61.4166666666667,0.859427180886269,348.261747233073,4.53018293380737,39.726367998394,-57.9321497523652,-61.4597273759239,0.181145730295352,-1.62357437745073,0.130008850204653,0.0458603705370561,33.9073487045173,53.9913760092025,39.5648574702353,0.154305459843621
2014-04-08,-57.9333333333333,-61.4166666666667,0.85773053864638,348.586991373698,4.17381487290065,39.726367998394,-57.9321497523652,-61.4597273759239,0.174837348156406,-1.62265308638264,0.12549532333711,0.0522233651236708,33.9107962586826,55.7266860868698,39.5648574702353,0.332680263537045
2014-04-09,-57.9333333333333,-61.4166666666667,0.842349596818288,348.811308797201,3.05656331380208,39.726367998394,-57.9321497523652,-61.4597273759239,0.182753802886359,-1.6254938271709,0.133182316164213,0.0330127668111844,33.9106242818044,55.0319883733764,39.5648574702353,0.971218068862517
2014-04-10,-57.9333333333333,-61.4166666666667,0.807923119266828,348.846875,2.55566355784734,39.726367998394,-57.9321497523652,-61.4597273759239,0.186963981087495,-1.63463446699587,0.124712856094304,0.0176479590678574,33.9091672251995,53.3201982132474,39.5648574702353,3.49895453908755
2014-04-11,-57.9333333333333,-61.4166666666667,0.776270823677381,348.862050374349,3.11590216954549,39.726367998394,-57.9321497523652,-61.4597273759239,0.175299943949943,-1.64317046923745,0.11325579471326,0.0482261288154842,33.9055703815661,48.7263592956658,39.5648574702353,0.74442426573343
2014-04-12,-57.9333333333333,-61.4166666666667,0.773779839277267,349.061700439453,5.44646182060242,39.726367998394,-57.9321497523652,-61.4597273759239,0.146382164658236,-1.65831843713172,0.111351256153749,0.110823492638599,33.9176515995112,58.3941876081596,39.5648574702353,23.1553238240052
2014-04-13,-57.9333333333333,-61.4166666666667,0.792949120203654,349.326938883464,5.42159272829692,39.726367998394,-57.9321497523652,-61.4597273759239,0.105191814720182,-1.66522410892902,0.155766013113404,0.081280198830523,33.924082289961,61.8298144842449,39.5648574702353,11.7245405532891
2014-04-14,-57.9333333333333,-61.4166666666667,0.820050875345866,349.629825846354,6.61389485994975,39.726367998394,-57.9321497523652,-61.4597273759239,0.0502474832075431,-1.67424083697168,0.126153880646242,0.110038730841046,33.9301975651791,64.3848791982895,39.5648574702353,21.7485916478964
2014-04-15,-57.9333333333333,-61.4166666666667,0.854361900687218,350.081169637044,6.18205663363139,39.726367998394,-57.9321497523652,-61.4597273759239,0.00891945544714318,-1.65979388199354,0.0984371082395091,0.0269801980234627,33.9347180674847,64.7560350733592,39.5648574702353,4.92473925293466
2014-04-16,-57.9333333333333,-61.4166666666667,0.808881188432376,349.68955078125,2.39432868162791,39.726367998394,-57.9321497523652,-61.4597273759239,-0.0322901691149052,-1.63663538192448,0.0611242146644377,-0.0359085829354318,33.9285626375586,61.6376398129571,39.5648574702353,52.2425082877194
2014-04-17,-57.9333333333333,-61.4166666666667,0.750911246736844,349.416296386719,3.66232504447301,39.726367998394,-57.9321497523652,-61.4597273759239,-0.0772914330762132,-1.63670307084134,0.104862057498859,0.0197223000144376,33.9231415225151,56.558487745156,39.5648574702353,4.94726514205838
2014-04-18,-57.9333333333333,-61.4166666666667,0.736082707842191,349.771050008138,3.96236135959625,39.726367998394,-57.9321497523652,-61.4597273759239,-0.102219318704946,-1.65144947955483,0.0635312763287833,0.0237218308353559,33.9298992156982,59.4583198540193,39.5648574702353,20.8088056265579
2014-04-19,-57.9333333333333,-61.4166666666667,0.69606691300869,349.854006958008,2.88215537865957,39.726367998394,-57.9321497523652,-61.4597273759239,-0.134595556002586,-1.64642769008651,0.0350251524548109,0.0552545645575326,33.9346892995046,60.7737137177833,39.5648574702353,40.8651516511713
2014-04-20,-57.9333333333333,-61.4166666666667,0.674690953890483,350.067809041341,4.46755432287852,39.726367998394,-57.9321497523652,-61.4597273759239,-0.150241225845832,-1.64079783151024,0.0798368796818238,0.0224919122244631,33.9389689165847,60.5012270059801,39.5648574702353,12.4160381675787
2014-04-21,-57.9333333333333,-61.4166666666667,0.674111989140511,350.256744384766,4.26282493273417,39.726367998394,-57.9321497523652,-61.4597273759239,-0.163628984438746,-1.63341257939661,0.111202105851774,0.038751623334181,33.9454684723589,61.2194446155003,39.5648574702353,1.05939298894676
2014-04-22,-57.9333333333333,-61.4166666666667,0.673329523205757,350.448072306315,3.34073688586553,39.726367998394,-57.9321497523652,-61.4597273759239,-0.175557361593596,-1.62196584482838,0.126410878242407,0.0301697263564158,33.9530292883851,62.9593438958763,39.5648574702353,0.984442387722694
2014-04-23,-57.9333333333333,-61.4166666666667,0.643910308678945,350.28244527181,2.15481569369634,39.726367998394,-57.9321497523652,-61.4597273759239,-0.19103506403534,-1.61407806998805,0.161289175468168,0.00152592541635933,33.9558975248409,62.7356179136979,39.5648574702353,15.7428446138521
2014-04-24,-57.9333333333333,-61.4166666666667,0.615537627538045,350.302420043945,2.42904351154963,39.726367998394,-57.9321497523652,-61.4597273759239,-0.200377858923118,-1.61306270351984,0.175268029387956,0.010605755857283,33.9552722730135,62.2525994508786,39.5648574702353,18.3755572146026
2014-04-25,-57.9333333333333,-61.4166666666667,0.604906663298607,350.557702636719,2.62451205650965,39.726367998394,-57.9321497523652,-61.4597273759239,-0.201983178664643,-1.61674901238061,0.161573708645607,0.0532880709191462,33.9545209067208,63.3993382131247,39.5648574702353,7.2058097301575
2014-04-26,-57.9333333333333,-61.4166666666667,0.580003947019577,350.626424153646,1.36936852534612,39.726367998394,-57.9321497523652,-61.4597273759239,-0.199348030289761,-1.62263358087468,0.171084927857146,0.0088274215201014,33.9507118454553,62.1740084447359,39.5648574702353,16.9608623165199
2014-04-27,-57.9333333333333,-61.4166666666667,0.560443895061811,350.788879394531,2.35093367894491,39.726367998394,-57.9321497523652,-61.4597273759239,-0.205761049138872,-1.61627173378952,0.148342902078888,0.0555895797600199,33.9473444286146,62.571552509652,39.5648574702353,3.44551426123047
2014-04-28,-57.9333333333333,-61.4166666666667,0.571712047855059,351.343466186523,2.9282609184583,39.726367998394,-57.9321497523652,-61.4597273759239,-0.22345535952906,-1.61285733145879,0.123393446809255,0.0922347371207368,33.9451817103795,64.290799969121,39.5648574702353,11.5930966026987
2014-04-29,-57.9333333333333,-61.4166666666667,0.56991125245889,351.741999308268,2.00809188485146,39.726367998394,-57.9321497523652,-61.4597273759239,-0.266622758393449,-1.61132108134435,0.118193827387422,0.0173083545738145,33.938521564455,63.1870855209523,39.5648574702353,3.80358532658569
2014-04-30,-57.9333333333333,-61.4166666666667,0.557214364409447,351.965189615885,2.34930261770884,39.726367998394,-57.9321497523652,-61.4597273759239,-0.270246429971062,-1.61136123381163,0.146268561244347,0.0522876146872689,33.9317465904064,60.0239449336116,39.5648574702353,2.65259358990193
2014-05-01,-57.9333333333333,-61.4166666666667,0.522396771113078,351.424286905924,1.54368586937586,39.726367998394,-57.9321497523652,-61.4597273759239,-0.263401105131646,-1.60453587725647,0.140731632191324,-0.0438411010751375,33.9167912562091,53.3402760441142,39.5648574702353,39.9482750014917
2014-05-02,-57.9333333333333,-61.4166666666667,0.501167885462443,351.22532043457,2.32943269014359,39.726367998394,-57.9321497523652,-61.4597273759239,-0.263431394178616,-1.60040210960503,0.224937477240101,0.056624455335445,33.9043830928946,51.1202267381482,39.5648574702353,50.9824312732551
2014-05-03,-57.9333333333333,-61.4166666666667,0.505201828479767,351.449577840169,2.25241707960765,39.726367998394,-57.9321497523652,-61.4597273759239,-0.264488757552957,-1.59505792712807,0.178609003025786,0.00860943218090929,33.9002585590334,51.4036128287925,39.5648574702353,20.8081273044036
2014-05-04,-57.9333333333333,-61.4166666666667,0.486098197102547,351.222226969401,1.33611243565877,39.726367998394,-57.9321497523652,-61.4597273759239,-0.255933478754714,-1.5931556825351,0.158829337574149,-0.0426501904971393,33.8863531557241,48.9592637549666,39.5648574702353,43.4399169135765
2014-05-05,-57.9333333333333,-61.4166666666667,0.475579622387886,351.194114176432,2.22700749635696,39.726367998394,-57.9321497523652,-61.4597273759239,-0.286988012324598,-1.60501430671018,0.152145095337602,0.0514523712007847,33.8632350434038,38.9994445026369,39.5648574702353,4.02554673594185
2014-05-06,-57.9333333333333,-61.4166666666667,0.484845444560051,351.442047119141,2.08385748068492,39.726367998394,-57.9321497523652,-61.4597273759239,-0.297905837346737,-1.61281029353464,0.126190594936672,0.041617609434446,33.8570338371105,39.2736521125736,39.5648574702353,0.0413791041469464
2014-05-07,-57.9333333333333,-61.4166666666667,0.491880399982135,351.840086873372,2.11992953618368,39.726367998394,-57.9321497523652,-61.4597273759239,-0.302556582271381,-1.62024602585269,0.137670602803504,0.0865968440876419,33.8592540769649,46.426571544848,39.5648574702353,9.86535308118489
2014-05-08,-57.9333333333333,-61.4166666666667,0.495956981182098,352.139956665039,1.9619509935379,39.726367998394,-57.9321497523652,-61.4597273759239,-0.32895210909104,-1.61449225325333,0.127684395802312,0.0238227943532673,33.8597819679662,50.3635741212314,39.5648574702353,2.09949703992154
2014-05-09,-57.9333333333333,-61.4166666666667,0.471826347708702,351.923275756836,0.720445315043131,39.726367998394,-57.9321497523652,-61.4597273759239,-0.338625330085817,-1.60677886995158,0.192163350984902,-0.00961906698189284,33.8432030928762,45.5884598502539,39.5648574702353,37.1594709444941
2014-05-10,-57.9333333333333,-61.4166666666667,0.461724484960238,352.092327880859,1.89361318349838,39.726367998394,-57.9321497523652,-61.4597273759239,-0.347745085709301,-1.61194866357889,0.168407100623936,0.0598759386912548,33.8337548191386,42.5934007042333,39.5648574702353,10.778519839088
2014-05-11,-57.9333333333333,-61.4166666666667,0.467543940742811,352.434878540039,1.3289794186751,39.726367998394,-57.9321497523652,-61.4597273759239,-0.356622530665613,-1.62056956255346,0.153127194907432,0.0411609791191225,33.8315174561694,42.287641887378,39.5648574702353,4.07257842170444
2014-05-12,-57.9333333333333,-61.4166666666667,0.441178926825523,352.269529215495,0.513612084587415,39.726367998394,-57.9321497523652,-61.4597273759239,-0.360926329445346,-1.62329672691517,0.143340620247269,-0.029088958271576,33.8177322301649,40.9068513561908,39.5648574702353,28.5142549168617
2014-05-13,-57.9333333333333,-61.4166666666667,0.423756726582845,352.203512573242,1.47195760011673,39.726367998394,-57.9321497523652,-61.4597273759239,-0.387555909280042,-1.63216545393592,0.157239161977979,0.0212665822048833,33.8043946861324,40.7370491242947,39.5648574702353,7.88835352963729
2014-05-14,-57.9333333333333,-61.4166666666667,0.423182402054469,352.329639689128,1.32056390841802,39.726367998394,-57.9321497523652,-61.4597273759239,-0.428545249612036,-1.62251196902497,0.0880654039967777,0.0725904544185203,33.8087716783796,43.5795156328302,39.5648574702353,10.7829970683461
2014-05-15,-57.9333333333333,-61.4166666666667,0.423339056968689,352.549779256185,1.354172539711,39.726367998394,-57.9321497523652,-61.4597273759239,-0.490034768007752,-1.61275063062969,0.110511422983574,0.0855344331130049,33.8134412550388,46.5774431336195,39.5648574702353,9.59560821506493
2014-05-16,-57.9333333333333,-61.4166666666667,0.427456016341845,352.837221272786,1.34955408175786,39.726367998394,-57.9321497523652,-61.4597273759239,-0.550031864581476,-1.61423181501546,0.13806986658925,0.0594629062325659,33.8138485958702,47.6381334147059,39.5648574702353,2.06837449190643
2014-05-17,-57.9333333333333,-61.4166666666667,0.423962715268135,353.199199422201,0.710671478509903,39.726367998394,-57.9321497523652,-61.4597273759239,-0.586353936533731,-1.61563038153756,0.184026612599093,0.0516841285126774,33.8085079049706,45.9274906359221,39.5648574702353,17.8623703402416
2014-05-18,-57.9333333333333,-61.4166666666667,0.418272379040718,353.712768554688,0.829105854034424,39.726367998394,-57.9321497523652,-61.4597273759239,-0.599923432265457,-1.61733184900499,0.167099164770846,0.0920006858002871,33.8062648916603,45.5402726517584,39.5648574702353,20.4434204586967
2014-05-19,-57.9333333333333,-61.4166666666667,0.416430894533793,354.179536946615,0.748560410737991,39.726367998394,-57.9321497523652,-61.4597273759239,-0.614112472063617,-1.62011637813167,0.161681556345937,0.0762848005090889,33.8051920295658,45.3962850570679,39.5648574702353,12.0024499720029
2014-05-20,-57.9333333333333,-61.4166666666667,0.409827664494514,354.540080769857,0.624919948975245,39.726367998394,-57.9321497523652,-61.4597273759239,-0.627665444984472,-1.62510030341328,0.194942142282213,0.0610324298136665,33.7998512956433,43.8726539934488,39.5648574702353,26.0754315486151
2014-05-21,-57.9333333333333,-61.4166666666667,0.401972194512685,354.821551513672,0.734414486090342,39.726367998394,-57.9321497523652,-61.4597273759239,-0.651128441879624,-1.64035726445062,0.160724697032369,0.108320056943965,33.8021401283436,46.2062875632953,39.5648574702353,27.0948318933959
2014-05-22,-57.9333333333333,-61.4166666666667,0.396737003326416,354.975993855794,0.67341049015522,39.726367998394,-57.9321497523652,-61.4597273759239,-0.709002551167531,-1.62968496272438,0.107881783514767,0.0616427997785403,33.8045493678043,47.8073620437679,39.5648574702353,2.9593747315882
2014-05-23,-57.9333333333333,-61.4166666666667,0.392493248979251,354.98657023112,1.03011704881986,39.726367998394,-57.9321497523652,-61.4597273759239,-0.775129047215433,-1.61962762094082,0.0713674195979099,0.0475606874919924,33.8025874661324,48.1481138351268,39.5648574702353,14.3026515543524
2014-05-24,-57.9333333333333,-61.4166666666667,0.391361221671104,354.984946695964,0.958313945929209,39.726367998394,-57.9321497523652,-61.4597273759239,-0.852126557351951,-1.61652414243024,0.102023606419675,0.0696212100915443,33.8071709826477,50.4043037335675,39.5648574702353,5.83630426505355
2014-05-25,-57.9333333333333,-61.4166666666667,0.374017211794853,354.591533406576,0.244939898451169,39.726367998394,-57.9321497523652,-61.4597273759239,-0.904033722510015,-1.60732384463002,0.133505858564959,-0.0489787657262015,33.7957494491921,47.3449951759855,39.5648574702353,43.7039431667214
2014-05-26,-57.9333333333333,-61.4166666666667,0.350560603539149,354.332494099935,0.257571436961492,39.726367998394,-57.9321497523652,-61.4597273759239,-0.900242086191823,-1.60858014965416,0.124683025790224,-0.0270444475870607,33.7779316722899,44.3711612529324,39.5648574702353,25.3087502340467
2014-05-27,-57.9333333333333,-61.4166666666667,0.336080184578896,354.209855143229,0.302832805116971,39.726367998394,-57.9321497523652,-61.4597273759239,-0.915438924965106,-1.59667334520727,0.151894981013541,-0.00117484795251735,33.7656266922341,41.2889063949872,39.5648574702353,13.9368794964614
2014-05-28,-57.9333333333333,-61.4166666666667,0.324915050466855,354.223465983073,0.264575530091921,39.726367998394,-57.9321497523652,-61.4597273759239,-0.983349720786389,-1.59902877601466,0.103788172966219,0.00300825310212777,33.7549912875756,35.0905510070629,39.5648574702353,10.6380395306837
2014-05-29,-57.9333333333333,-61.4166666666667,0.31439476509889,354.24162495931,0.295075804491838,39.726367998394,-57.9321497523652,-61.4597273759239,-0.946548530929967,-1.58689938900166,0.14862973023122,-0.00779025101179915,33.7321770316676,29.5702572155716,39.5648574702353,16.3175209598743
2014-05-30,-57.9333333333333,-61.4166666666667,0.31160085350275,354.403898111979,0.605112168192864,39.726367998394,-57.9321497523652,-61.4597273759239,-0.986684272163793,-1.58274726311963,0.10118606833643,0.0642770290430775,33.7325958739546,33.7562266041462,39.5648574702353,4.80904695682675
2014-05-31,-57.9333333333333,-61.4166666666667,0.313044814765453,354.617151896159,0.572909599542618,39.726367998394,-57.9321497523652,-61.4597273759239,-1.01217939262103,-1.57545494854002,0.100031872160901,0.038297287363531,33.7406212512712,43.5961516566743,39.5648574702353,3.22074544506491
2014-06-01,-57.9333333333333,-61.4166666666667,0.311774883667628,354.723897298177,0.411100478967031,39.726367998394,-57.9321497523652,-61.4597273759239,-1.08045089939483,-1.57127758882996,0.123264948298272,0.0411862199495834,33.7358772019695,43.1160014518222,39.5648574702353,0.0533639958117513
2014-06-02,-57.9333333333333,-61.4166666666667,0.307516055305799,354.918789672852,0.434096093972524,39.726367998394,-57.9321497523652,-61.4597273759239,-1.07775792905263,-1.5732463701327,0.0730585579837399,0.0394170642795419,33.7353723569024,46.9572036355958,39.5648574702353,13.4642482515186
2014-06-03,-57.9333333333333,-61.4166666666667,0.303418042262395,355.178021240234,0.363564105828603,39.726367998394,-57.9321497523652,-61.4597273759239,-1.10904926487378,-1.57608137677487,0.116351243416618,0.0666496712238269,33.73449466103,49.3998317754358,39.5648574702353,2.89390130139759
2014-06-04,-57.9333333333333,-61.4166666666667,0.301841190954049,355.278513590495,0.54030118783315,39.726367998394,-57.9321497523652,-61.4597273759239,-1.12164125160167,-1.58384868659471,0.126119461120631,0.0287332913481203,33.7310698659796,48.6202329119345,39.5648574702353,1.19043363089316
2014-06-05,-57.9333333333333,-61.4166666666667,0.301505366961161,355.447331746419,0.389374843239784,39.726367998394,-57.9321497523652,-61.4597273759239,-1.16401562722106,-1.58744092139983,0.163117991424257,0.0387860425796948,33.7170325544544,38.961009549019,39.5648574702353,7.50586627332243
2014-06-06,-57.9333333333333,-61.4166666666667,0.295753405491511,355.72021891276,0.191950101653735,39.726367998394,-57.9321497523652,-61.4597273759239,-1.18137400378858,-1.58488700264379,0.136548530954616,0.00907983004878786,33.7074868912087,35.6653545386809,39.5648574702353,6.82987152370429
2014-06-07,-57.9333333333333,-61.4166666666667,0.287608352303505,355.806155395508,0.215464054544767,39.726367998394,-57.9321497523652,-61.4597273759239,-1.16924186801552,-1.58706001590069,0.115906086547258,0.0420627666539267,33.7048823564572,39.0499263885326,39.5648574702353,0.410916210900301
2014-06-08,-57.9333333333333,-61.4166666666667,0.281072058777014,355.815602620443,0.31963230073452,39.726367998394,-57.9321497523652,-61.4597273759239,-1.16598166178044,-1.58680072269942,0.0885335076040119,0.0434946123986764,33.7101141133703,44.6975717867227,39.5648574702353,6.55616156515114
2014-06-09,-57.9333333333333,-61.4166666666667,0.276656281451384,355.635063680013,0.363361957669258,39.726367998394,-57.9321497523652,-61.4597273759239,-1.1803331626089,-1.58506368963342,0.130772960155194,0.00912113343470527,33.715839099167,48.1492611985458,39.5648574702353,6.30015417078828
2014-06-10,-57.9333333333333,-61.4166666666667,0.272886670132478,355.486073811849,0.276559960345427,39.726367998394,-57.9321497523652,-61.4597273759239,-1.21047902465763,-1.59100791206934,0.137353943982967,0.017491924555454,33.7141582947925,48.2932490800556,39.5648574702353,4.33598764458088
2014-06-11,-57.9333333333333,-61.4166666666667,0.261766764024893,355.184853108724,0.0860018958648046,39.726367998394,-57.9321497523652,-61.4597273759239,-1.23003473653829,-1.59783098034393,0.083258165200626,-0.0193826954783802,33.7085881340773,48.6144965035575,39.5648574702353,28.7546689135865
2014-06-12,-57.9333333333333,-61.4166666666667,0.250567329923312,355.14621480306,0.11880865842104,39.726367998394,-57.9321497523652,-61.4597273759239,-1.24180340677276,-1.60967698177897,0.0891048691578602,0.0229668992998681,33.7024844176787,48.6076125238175,39.5648574702353,8.58244413018642
2014-06-13,-57.9333333333333,-61.4166666666667,0.244234449664752,355.174357096354,0.171731856962045,39.726367998394,-57.9321497523652,-61.4597273759239,-1.26440454268814,-1.60813958573162,0.102032785030796,0.0306424192692104,33.7031842998992,49.2931317745295,39.5648574702353,3.48367873006815
2014-06-14,-57.9333333333333,-61.4166666666667,0.240212587515513,355.174001057943,0.236636410156886,39.726367998394,-57.9321497523652,-61.4597273759239,-1.28884229624182,-1.60976417530748,0.102471058319946,0.0267277892426889,33.71213900057,51.7019141813866,39.5648574702353,3.9886174156988
2014-06-15,-57.9333333333333,-61.4166666666667,0.237433507541815,355.163568115234,0.252485454579194,39.726367998394,-57.9321497523652,-61.4597273759239,-1.31184545293786,-1.60293193239915,0.140364492466127,-0.010851280413624,33.7223672078068,53.5789173205096,39.5648574702353,16.3197675913835
2014-06-16,-57.9333333333333,-61.4166666666667,0.23134476095438,355.286474609375,0.0760313242673874,39.726367998394,-57.9321497523652,-61.4597273759239,-1.34006933565427,-1.59580138527361,0.188946287126694,-0.0270742777650966,33.7099877694496,47.5360225914116,39.5648574702353,45.942607069497
2014-06-17,-57.9333333333333,-61.4166666666667,0.226365232964357,356.007061767578,0.17073318362236,39.726367998394,-57.9321497523652,-61.4597273759239,-1.36108993654861,-1.59302833295406,0.179708127996751,0.0750893009896565,33.7067638483263,47.0415310644566,39.5648574702353,19.9090422632834
2014-06-18,-57.9333333333333,-61.4166666666667,0.225198253492514,356.967143758138,0.152377732098103,39.726367998394,-57.9321497523652,-61.4597273759239,-1.37868787516329,-1.59136472832888,0.155153348425725,0.0925261546486526,33.7151564978119,51.268803618008,39.5648574702353,16.3497848701361
2014-06-19,-57.9333333333333,-61.4166666666667,0.222515574594339,357.634766642253,0.112299409012,39.726367998394,-57.9321497523652,-61.4597273759239,-1.39515134557746,-1.59090924397447,0.177147326892928,0.0334051474928856,33.7162349815655,51.1093272087269,39.5648574702353,14.3050337502759
2014-06-20,-57.9333333333333,-61.4166666666667,0.217856323222319,358.066683959961,0.109354364375273,39.726367998394,-57.9321497523652,-61.4597273759239,-1.39599668643528,-1.58635556742661,0.224111411958597,0.0388847113187824,33.7136191461319,48.8560055646681,39.5648574702353,49.5100949953591
2014-06-21,-57.9333333333333,-61.4166666666667,0.209245928625266,357.295114135742,0.193106624980768,39.726367998394,-57.9321497523652,-61.4597273759239,-1.39302560597434,-1.59286770829581,0.215212857420731,0.123003361060431,33.7344140791355,56.3657391089246,39.5648574702353,72.0547783946409
2014-06-22,-57.9333333333333,-61.4166666666667,0.202673133214315,357.571967569987,0.0666176063319047,39.726367998394,-57.9321497523652,-61.4597273759239,-1.4097864584143,-1.6124741264752,0.193214289717992,0.129139187416636,33.7620010949615,61.3663003139926,39.5648574702353,59.6011130321584
2014-06-23,-57.9333333333333,-61.4166666666667,0.195631895462672,358.220586140951,0.0359543330967426,39.726367998394,-57.9321497523652,-61.4597273759239,-1.4218001952745,-1.61449110328703,0.220162363302775,0.0481641738486469,33.7644793431562,57.2090137883237,39.5648574702353,45.6102708842433
2014-06-24,-57.9333333333333,-61.4166666666667,0.191455239057541,358.673209635417,0.127612300713857,39.726367998394,-57.9321497523652,-61.4597273759239,-1.42670151613709,-1.60899318698654,0.177374495109333,0.0270742776110432,33.7641868447899,53.4481235984573,39.5648574702353,15.301918191406
2014-06-25,-57.9333333333333,-61.4166666666667,0.189353106419245,358.821324666341,0.129261015852292,39.726367998394,-57.9321497523652,-61.4597273759239,-1.45232054658402,-1.59882111253595,0.140350723821194,0.0093092926658858,33.7624773297991,52.0988841307791,39.5648574702353,7.27106381282427
2014-06-26,-57.9333333333333,-61.4166666666667,0.187290875613689,359.186033121745,0.139461630582809,39.726367998394,-57.9321497523652,-61.4597273759239,-1.46445544008026,-1.59994088707114,0.183101878676535,0.0390361566936835,33.7604466631897,49.9614410758915,39.5648574702353,17.1592048393158
2014-06-27,-57.9333333333333,-61.4166666666667,0.187248708804448,359.467109171549,0.252630339066188,39.726367998394,-57.9321497523652,-61.4597273759239,-1.47908780225238,-1.60530686781819,0.135208469696511,0.0485106621609819,33.7696824324758,57.0070867144076,39.5648574702353,0.645214176632536
2014-06-28,-57.9333333333333,-61.4166666666667,0.186572181681792,359.438812255859,0.216931596398354,39.726367998394,-57.9321497523652,-61.4597273759239,-1.50534289806409,-1.60581857100465,0.183781087244476,0.00588571245228886,33.7651047814161,53.6787332197777,39.5648574702353,24.7318606048246
2014-06-29,-57.9333333333333,-61.4166666666667,0.184705574810505,359.600210571289,0.147922033071518,39.726367998394,-57.9321497523652,-61.4597273759239,-1.52755027471628,-1.61740413106474,0.155671934282085,0.0698805026485956,33.7669921387407,54.9115203663819,39.5648574702353,8.10690276510045
2014-06-30,-57.9333333333333,-61.4166666666667,0.18137112557888,359.511776733398,0.0796197937180599,39.726367998394,-57.9321497523652,-61.4597273759239,-1.54664889493383,-1.60747873155694,0.142663706234075,0.0101514199566572,33.7684721839159,55.701445167226,39.5648574702353,7.36945243144898
2014-07-01,-57.9333333333333,-61.4166666666667,0.174900008738041,358.874812825521,0.061487969259421,39.726367998394,-57.9321497523652,-61.4597273759239,-1.54021660501796,-1.60254758282712,0.204212426747146,-0.0187241381132289,33.7564770978196,47.3191807180419,39.5648574702353,51.3151475144178
2014-07-02,-57.9333333333333,-61.4166666666667,0.170656954745452,358.735314941406,0.135844863454501,39.726367998394,-57.9321497523652,-61.4597273759239,-1.54539052212149,-1.60699227205793,0.198661728503,0.0340407584282689,33.7545611302655,45.494953829543,39.5648574702353,27.8286736560139
2014-07-03,-57.9333333333333,-61.4166666666667,0.166295018792152,358.512721761068,0.0824861537665129,39.726367998394,-57.9321497523652,-61.4597273759239,-1.53305186813039,-1.61410560957471,0.225692408341438,0.0197819602164559,33.7567180834318,49.4365457520449,39.5648574702353,53.9147882550012
2014-07-04,-57.9333333333333,-61.4166666666667,0.163495643436909,358.573472086589,0.174885237713655,39.726367998394,-57.9321497523652,-61.4597273759239,-1.53879577011094,-1.62718726548933,0.184295083011003,0.0720925210814055,33.7574581060194,50.2861305502124,39.5648574702353,21.651903018831
2014-07-05,-57.9333333333333,-61.4166666666667,0.161816282570362,358.849901326497,0.0810890865822633,39.726367998394,-57.9321497523652,-61.4597273759239,-1.55836525044047,-1.62869827146817,0.180855440297969,0.0266360042518691,33.7580776501419,51.7489537726668,39.5648574702353,17.2702894027013
2014-07-06,-57.9333333333333,-61.4166666666667,0.161305951575438,358.998708089193,0.251358236372471,39.726367998394,-57.9321497523652,-61.4597273759239,-1.55558416180145,-1.63431436764567,0.188198239927677,0.0566887049410576,33.7574465758818,51.6703630246614,39.5648574702353,20.9273328126618
2014-07-07,-57.9333333333333,-61.4166666666667,0.163202135264874,359.071673583984,0.220142057538033,39.726367998394,-57.9321497523652,-61.4597273759239,-1.57135649910547,-1.63416865848957,0.173303830332326,0.0486345719826177,33.7637968708698,54.8564498334899,39.5648574702353,11.8952806409354
2014-07-08,-57.9333333333333,-61.4166666666667,0.164227965970834,359.187814331055,0.186911030610402,39.726367998394,-57.9321497523652,-61.4597273759239,-1.58178143931511,-1.64009337586568,0.0668424193544271,0.0938868671095461,33.7809605419188,58.0993282310945,39.5648574702353,29.1531909727048
2014-07-09,-57.9333333333333,-61.4166666666667,0.163694826761882,359.434719848633,0.0852260238180558,39.726367998394,-57.9321497523652,-61.4597273759239,-1.60170337221676,-1.64541805686807,0.147133634852848,0.0826913929803479,33.7919864654541,58.8272981894644,39.5648574702353,9.95341342497868
2014-07-10,-57.9333333333333,-61.4166666666667,0.162887145082156,359.551017252604,0.194714070359866,39.726367998394,-57.9321497523652,-61.4597273759239,-1.61478273043955,-1.65207591003045,0.148028538793437,0.143319968232199,33.8006086564602,59.5369108099686,39.5648574702353,51.9334435747683
2014-07-11,-57.9333333333333,-61.4166666666667,0.164964130024115,360.007087198893,0.209153078496456,39.726367998394,-57.9321497523652,-61.4597273759239,-1.62494332942748,-1.64975374802611,0.143182291544246,0.0765716286194056,33.8151911828751,60.8735298500921,39.5648574702353,6.97225194507048
2014-07-12,-57.9333333333333,-61.4166666666667,0.164237956206004,360.345825195312,0.0747229343901078,39.726367998394,-57.9321497523652,-61.4597273759239,-1.65438703486794,-1.64567275916723,0.213445996473494,0.0144010650876321,33.8064429347676,53.7659293368347,39.5648574702353,43.7549150701427
2014-07-13,-57.9333333333333,-61.4166666666667,0.160091228783131,360.513971964518,0.0911617840329806,39.726367998394,-57.9321497523652,-61.4597273759239,-1.66560499963904,-1.64260599532522,0.235398671148639,0.0431481243524336,33.7954401145304,47.4987350872585,39.5648574702353,61.2319566828607
2014-07-14,-57.9333333333333,-61.4166666666667,0.159846226374308,361.017217000326,0.250810152292252,39.726367998394,-57.9321497523652,-61.4597273759239,-1.66841637595256,-1.64164454551568,0.196894868213991,0.0609337607664721,33.7946655302119,51.2699509168926,39.5648574702353,27.4487082078814
2014-07-15,-57.9333333333333,-61.4166666666667,0.163604465126991,361.70178120931,0.305869352817535,39.726367998394,-57.9321497523652,-61.4597273759239,-1.67313045352921,-1.63251653067151,0.170894474617409,0.0965119179170159,33.8057257429998,58.6552010693945,39.5648574702353,24.3857272641583
2014-07-16,-57.9333333333333,-61.4166666666667,0.166263983150323,362.14392191569,0.233721312383811,39.726367998394,-57.9321497523652,-61.4597273759239,-1.67054211331489,-1.62871892604613,0.159352511251555,0.0816909367764803,33.8272782089119,63.3976169994899,39.5648574702353,13.0551761360271
2014-07-17,-57.9333333333333,-61.4166666666667,0.166846151153247,362.214194742839,0.226602592567603,39.726367998394,-57.9321497523652,-61.4597273759239,-1.68138559599568,-1.62729855184268,0.150160245233236,0.0882214384251519,33.8367149811938,64.3384133102302,39.5648574702353,12.9639478598568
2014-07-18,-57.9333333333333,-61.4166666666667,0.167674387494723,362.166540527344,0.224446111917496,39.726367998394,-57.9321497523652,-61.4597273759239,-1.68526258728558,-1.61900233460548,0.130564149343094,0.0250182939147143,33.8480391394823,64.9459152831171,39.5648574702353,1.99048579159072
2014-07-19,-57.9333333333333,-61.4166666666667,0.166607380410035,361.947127278646,0.131364245216052,39.726367998394,-57.9321497523652,-61.4597273759239,-1.70856588092962,-1.61646447952529,0.141440670923295,-0.00301743157320005,33.8416027413275,56.6141323146963,39.5648574702353,12.495640293319
2014-07-20,-57.9333333333333,-61.4166666666667,0.166707209746043,361.706908162435,0.255178922911485,39.726367998394,-57.9321497523652,-61.4597273759239,-1.72397749585317,-1.60441770410179,0.125697250344924,0.0428268768845644,33.8399907879363,56.7093593303422,39.5648574702353,0.0127111486133571
2014-07-21,-57.9333333333333,-61.4166666666667,0.168782154222329,361.442196655273,0.216568347314994,39.726367998394,-57.9321497523652,-61.4597273759239,-1.72125974812902,-1.59383030224563,0.124221807065651,0.0304840900620123,33.8419984659754,59.3315419182742,39.5648574702353,0.928509560935206
2014-07-22,-57.9333333333333,-61.4166666666667,0.168485060830911,361.12184753418,0.214014164110025,39.726367998394,-57.9321497523652,-61.4597273759239,-1.72344330916727,-1.5996173449925,0.129019866872551,0.0101583038589784,33.8429449411263,60.6228420393808,39.5648574702353,5.85231879330574
2014-07-23,-57.9333333333333,-61.4166666666667,0.169526422520479,360.787220255534,0.294302405416966,39.726367998394,-57.9321497523652,-61.4597273759239,-1.73049239870301,-1.59975043409749,0.14503864256343,0.0232812628654161,33.842325325299,60.2419344213672,39.5648574702353,4.22771653528154
2014-07-24,-57.9333333333333,-61.4166666666667,0.171957726279895,360.530244954427,0.300052316486836,39.726367998394,-57.9321497523652,-61.4597273759239,-1.72879346151997,-1.6051290353438,0.0636505968868732,0.0473128680587935,33.8496853104211,62.6094133656724,39.5648574702353,18.7107511477121
2014-07-25,-57.9333333333333,-61.4166666666667,0.173701955378056,359.964979044596,0.346744059026241,39.726367998394,-57.9321497523652,-61.4597273759239,-1.7238618588089,-1.61482038399331,0.0836207157182962,0.0593275234271261,33.8644164953017,65.8695015477059,39.5648574702353,9.61287378499351
2014-07-26,-57.9333333333333,-61.4166666666667,0.176975227395693,359.499606323242,0.432307564715544,39.726367998394,-57.9321497523652,-61.4597273759239,-1.72178016434935,-1.61621321726562,0.133643535981165,0.0798368796958287,33.874839696669,67.1137617333491,39.5648574702353,6.78150571074565
2014-07-27,-57.9333333333333,-61.4166666666667,0.179001554350058,358.989756266276,0.371774189670881,39.726367998394,-57.9321497523652,-61.4597273759239,-1.71588756849891,-1.61962418090132,0.124618776492718,0.114563731070524,33.887110086312,68.780806692023,39.5648574702353,24.8246977177908
2014-07-28,-57.9333333333333,-61.4166666666667,0.180928053458532,359.094567871094,0.325245123604933,39.726367998394,-57.9321497523652,-61.4597273759239,-1.71823909945954,-1.61433277811323,0.164981225771563,0.0730493798067695,33.8929900979637,69.4152703823003,39.5648574702353,12.2869341093425
2014-07-29,-57.9333333333333,-61.4166666666667,0.183569673200448,359.36186726888,0.356776964664459,39.726367998394,-57.9321497523652,-61.4597273759239,-1.73013994747535,-1.60388649227028,0.166550749184606,0.00952269279755148,33.892422210005,68.2398490224566,39.5648574702353,14.7194319221923
2014-07-30,-57.9333333333333,-61.4166666666667,0.185725476841132,359.747866821289,0.266200851400693,39.726367998394,-57.9321497523652,-61.4597273759239,-1.74140196366418,-1.60018985253528,0.164214821602393,0.0486070366954445,33.8896974405848,64.0475694003858,39.5648574702353,7.89305799616612
2014-07-31,-57.9333333333333,-61.4166666666667,0.185468107461929,360.117384847005,0.20246764694651,39.726367998394,-57.9321497523652,-61.4597273759239,-1.74688978795718,-1.60931557730625,0.0912641107167741,-0.00175079875590658,33.8889287647448,59.290812201966,39.5648574702353,16.1151324774785
2014-08-01,-57.9333333333333,-61.4166666666667,0.181564842164516,359.956717936198,0.160640984525283,39.726367998394,-57.9321497523652,-61.4597273759239,-1.75267775076673,-1.62078411014457,0.0876408986943333,-0.0128912019606372,33.884580454432,55.4209274456913,39.5648574702353,23.122324855382
2014-08-02,-57.9333333333333,-61.4166666666667,0.184191358586152,360.237164306641,0.54119751850764,39.726367998394,-57.9321497523652,-61.4597273759239,-1.7641022263613,-1.6331922958668,0.143147871584484,0.0473266358914456,33.882578398052,53.1911256582217,39.5648574702353,1.74637315082262
2014-08-03,-57.9333333333333,-61.4166666666667,0.190981031457583,360.473118082682,0.491751807928085,39.726367998394,-57.9321497523652,-61.4597273759239,-1.75929177614083,-1.64551901772506,0.0760209185204336,0.012491937264576,33.8894163863103,59.4021015059679,39.5648574702353,16.8632588792581
2014-08-04,-57.9333333333333,-61.4166666666667,0.188968442380428,359.465564982096,0.42256281375885,39.726367998394,-57.9321497523652,-61.4597273759239,-1.74397377591384,-1.65183727185529,0.0530058323524724,-0.00286828099112762,33.9091962369761,67.3306041767723,39.5648574702353,36.759302343517
2014-08-05,-57.9333333333333,-61.4166666666667,0.187565672397614,358.453514607747,0.345839483042558,39.726367998394,-57.9321497523652,-61.4597273759239,-1.73604080282656,-1.65355364630993,0.111181454396898,-0.0405574928885116,33.9256773353519,70.7668046341803,39.5648574702353,36.7548159011002
2014-08-06,-57.9333333333333,-61.4166666666667,0.184635049104691,357.705680338542,0.181306652228038,39.726367998394,-57.9321497523652,-61.4597273759239,-1.74236845656445,-1.64637262301337,0.163274025894645,-0.0376777388295509,33.9268303777938,69.9889270165809,39.5648574702353,40.8638264292913
2014-08-07,-57.9333333333333,-61.4166666666667,0.182807185252508,357.557513427734,0.263150231540203,39.726367998394,-57.9321497523652,-61.4597273759239,-1.75898063003569,-1.62978707309952,0.166105592231217,-0.00365763194018737,33.9197399598315,64.3711119630283,39.5648574702353,19.9605012752013
2014-08-08,-57.9333333333333,-61.4166666666667,0.184544173379739,357.836585489909,0.333239606022835,39.726367998394,-57.9321497523652,-61.4597273759239,-1.77049596820559,-1.62328525100436,0.1667457925842,-0.0177581011828847,33.9127643126294,56.2211779221556,39.5648574702353,27.9557561806122
2014-08-09,-57.9333333333333,-61.4166666666667,0.184821490446726,357.357326253255,0.406495670477549,39.726367998394,-57.9321497523652,-61.4597273759239,-1.7619241695655,-1.62392086238789,0.18075677175495,-0.0288709689323839,33.9024556669077,53.6225151979834,39.5648574702353,42.3146615251594
2014-08-10,-57.9333333333333,-61.4166666666667,0.190559310217698,357.148733520508,0.584360599517822,39.726367998394,-57.9321497523652,-61.4597273759239,-1.75911279370014,-1.63557067804767,0.0848460455418081,0.0369824676081202,33.9070335044,58.4945774150074,39.5648574702353,8.21078765577842
2014-08-11,-57.9333333333333,-61.4166666666667,0.1991346458594,357.236868286133,0.478637799620628,39.726367998394,-57.9321497523652,-61.4597273759239,-1.75319266319275,-1.62723774703822,0.0728864611399577,0.0230931036762501,33.9191719141222,65.3228075163705,39.5648574702353,15.6503824276571
2014-08-12,-57.9333333333333,-61.4166666666667,0.202272099256516,357.149831136068,0.341073667009672,39.726367998394,-57.9321497523652,-61.4597273759239,-1.75546158704543,-1.61708747354665,0.0958327088729107,-0.0344514963602213,33.9241799519474,66.5997662185726,39.5648574702353,35.0308451595744
2014-08-13,-57.9333333333333,-61.4166666666667,0.208046032488346,357.320368448893,0.626307208339373,39.726367998394,-57.9321497523652,-61.4597273759239,-1.7695597620835,-1.60968960183007,0.105412767457783,0.0133868409250688,33.9221893253183,61.8487454643823,39.5648574702353,6.58454014896049
2014-08-14,-57.9333333333333,-61.4166666666667,0.219798786441485,357.616907755534,0.829625242948532,39.726367998394,-57.9321497523652,-61.4597273759239,-1.76125780845943,-1.59102856843991,0.0792356878098913,-0.00835472881737956,33.9283332968117,66.4202115589515,39.5648574702353,24.1112058976928
2014-08-15,-57.9333333333333,-61.4166666666667,0.223912620047728,357.1470703125,0.684038760264715,39.726367998394,-57.9321497523652,-61.4597273759239,-1.7552936216046,-1.58461967670828,0.146924823844679,-0.0438846987637138,33.9264287590084,62.6403907869095,39.5648574702353,41.1688354217804
2014-08-16,-57.9333333333333,-61.4166666666667,0.234664227068424,357.40954691569,1.20139738519986,39.726367998394,-57.9321497523652,-61.4597273759239,-1.76100448423758,-1.59963226228728,0.169944499444245,0.0261587223556257,33.9198088108149,53.5318774675068,39.5648574702353,11.8272392647028
2014-08-17,-57.9333333333333,-61.4166666666667,0.253835781415304,358.075724283854,1.22379480799039,39.726367998394,-57.9321497523652,-61.4597273759239,-1.76001045130249,-1.61372470317927,0.142583393778904,0.0472922163938445,33.9259182636003,59.6120597222694,39.5648574702353,1.64295023397656
2014-08-18,-57.9333333333333,-61.4166666666667,0.267279917995135,358.274033610026,0.853033244609833,39.726367998394,-57.9321497523652,-61.4597273759239,-1.74277047420803,-1.62526551359578,0.102663806842682,0.0707341032872971,33.9412233309638,66.9537119793713,39.5648574702353,5.98312687000958
2014-08-19,-57.9333333333333,-61.4166666666667,0.271299225091934,358.220561726888,0.667115659515063,39.726367998394,-57.9321497523652,-61.4597273759239,-1.73120281481205,-1.63477903245983,0.14448334336897,0.088836397905659,33.9548647170676,69.5839254802331,39.5648574702353,11.9551759934774
2014-08-20,-57.9333333333333,-61.4166666666667,0.265102898081144,356.903945922852,0.727670999368032,39.726367998394,-57.9321497523652,-61.4597273759239,-1.69620795088603,-1.63639674330116,0.123549481587751,0.119749582995822,33.9761586440237,73.012668978899,39.5648574702353,28.6202360027835
2014-08-21,-57.9333333333333,-61.4166666666667,0.267413887381554,356.224261474609,0.751120521624883,39.726367998394,-57.9321497523652,-61.4597273759239,-1.68300468200131,-1.62730429360741,0.0614867653501661,0.0481113974509159,33.9936725788547,74.7210173965397,39.5648574702353,20.0848518837132
2014-08-22,-57.9333333333333,-61.4166666666667,0.270021817584833,356.138661702474,0.458229665458202,39.726367998394,-57.9321497523652,-61.4597273759239,-1.68726166432961,-1.62455647466774,0.137452612974142,0.0367805404882682,34.0011190113268,74.5219585124711,39.5648574702353,1.07611634036432
2014-08-23,-57.9333333333333,-61.4166666666667,0.272570489843686,356.336701456706,0.813305323322614,39.726367998394,-57.9321497523652,-61.4597273759239,-1.68054025177669,-1.63458743041619,0.116709205511033,0.103969448071001,34.0041191129756,74.8736099085413,39.5648574702353,18.243268937652
2014-08-24,-57.9333333333333,-61.4166666666667,0.28011137098074,356.883059692383,0.848938751220703,39.726367998394,-57.9321497523652,-61.4597273759239,-1.68027315753743,-1.63563492378794,0.152801358148007,0.0935656198097351,34.0060293154609,74.714133510016,39.5648574702353,16.1708699693307
2014-08-25,-57.9333333333333,-61.4166666666667,0.289800942937533,357.325510660807,0.878584233919779,39.726367998394,-57.9321497523652,-61.4597273759239,-1.69145256863501,-1.62147708943016,0.164288249398981,0.0506561364054232,34.002294640792,70.1707762632155,39.5648574702353,8.0353877548698
2014-08-26,-57.9333333333333,-61.4166666666667,0.304252518216769,357.503604125977,1.34256737232208,39.726367998394,-57.9321497523652,-61.4597273759239,-1.69467697399003,-1.60764164987363,0.165118903930026,0.0893320366600178,34.002340517546,70.6767410801766,39.5648574702353,18.3815404857548
2014-08-27,-57.9333333333333,-61.4166666666667,0.320016844073931,357.408918253581,1.02167819241683,39.726367998394,-57.9321497523652,-61.4597273759239,-1.68550765536782,-1.60415726272683,0.0806835961241023,0.034531808101145,34.0115650578549,75.5642921440583,39.5648574702353,10.1624488362268
2014-08-28,-57.9333333333333,-61.4166666666667,0.330577391386032,356.652235921224,1.18938125570615,39.726367998394,-57.9321497523652,-61.4597273759239,-1.68320844182395,-1.60127291777976,0.0653348513703821,0.0103372846330915,34.0219199101728,78.7515261262879,39.5648574702353,23.3445938348782
2014-08-29,-57.9333333333333,-61.4166666666667,0.342177564899127,355.930871582031,1.22873721023401,39.726367998394,-57.9321497523652,-61.4597273759239,-1.68053750391293,-1.59871440946608,0.103531174879885,0.0393344578438235,34.0311442066852,80.7742382888507,39.5648574702353,2.36256008993203
2014-08-30,-57.9333333333333,-61.4166666666667,0.354821801185608,355.569174194336,1.43667497932911,39.726367998394,-57.9321497523652,-61.4597273759239,-1.67180599081785,-1.60120751714348,0.154253855361638,0.0733889840767348,34.03929574149,82.7929344858442,39.5648574702353,8.64430771629842
2014-08-31,-57.9333333333333,-61.4166666666667,0.369693861405055,355.504639689128,1.62807386914889,39.726367998394,-57.9321497523652,-61.4597273759239,-1.66556093970636,-1.60937753207701,0.162266684934161,0.0625813013516871,34.0444357305541,84.166267430872,39.5648574702353,8.74901329057117
2014-09-01,-57.9333333333333,-61.4166666666667,0.386651941140493,355.357530721029,1.71017853220304,39.726367998394,-57.9321497523652,-61.4597273759239,-1.72448966019136,-1.61494773267803,0.155534256613792,0.0138159358411803,34.0133780572647,51.0284416980313,39.5648574702353,9.32770639126085
2014-09-02,-57.9333333333333,-61.4166666666667,0.400205379724503,355.501794433594,1.29570608933767,39.726367998394,-57.9321497523652,-61.4597273759239,-1.71786737128308,-1.60775867619909,0.184327207659756,-0.0387883371904604,34.0031036577727,14.5123550192754,39.5648574702353,52.1071873939703
2014-09-03,-57.9333333333333,-61.4166666666667,0.420662326614062,356.0130859375,3.07552125255267,39.726367998394,-57.9321497523652,-61.4597273759239,-1.75536521126453,-1.60520705558304,0.1804125781094,0.0476501780401047,33.9748912180277,15.7577627368439,39.5648574702353,15.5604995226643
2014-09-04,-57.9333333333333,-61.4166666666667,0.455071927110354,356.31645304362,2.97027236620585,39.726367998394,-57.9321497523652,-61.4597273759239,-1.80430130313214,-1.60979171220521,0.142817445617533,0.0125034105424818,33.9447629397973,11.4065799247053,39.5648574702353,6.62628382898166
2014-09-05,-57.9333333333333,-61.4166666666667,0.491506583491961,356.685018920898,3.36808156172434,39.726367998394,-57.9321497523652,-61.4597273759239,-1.80087863592277,-1.61574282233876,0.180082151750313,0.0358282712645325,33.9369095967228,11.3394621655457,39.5648574702353,15.6563532866344
2014-09-06,-57.9333333333333,-61.4166666666667,0.526040410002073,357.532158406576,4.32903524637222,39.726367998394,-57.9321497523652,-61.4597273759239,-1.7646309020824,-1.61541583842801,0.19681685000546,0.0661081398760242,33.9588863401485,14.1199741686197,39.5648574702353,28.3972798214262
2014-09-07,-57.9333333333333,-61.4166666666667,0.567464456955592,358.556127929687,4.42127780914307,39.726367998394,-57.9321497523652,-61.4597273759239,-1.76717794389653,-1.61157119677479,0.177803589857386,0.0400618540361187,33.9541594139615,18.7757681186934,39.5648574702353,14.1606546487195
2014-09-08,-57.9333333333333,-61.4166666666667,0.621115815639496,358.958953857422,5.43493916193644,39.726367998394,-57.9321497523652,-61.4597273759239,-1.8117937051264,-1.6054973261697,0.147321794658227,0.0236392243156084,33.9169464684967,14.9770163019797,39.5648574702353,4.64335610452321
2014-09-09,-57.9333333333333,-61.4166666666667,0.671958516041438,358.848187255859,4.40258684158325,39.726367998394,-57.9321497523652,-61.4597273759239,-1.76327616065965,-1.60971025551172,0.139313554083158,-0.0271293486335448,33.9424052274317,17.3617054358461,39.5648574702353,26.4312092400437
2014-09-10,-57.9333333333333,-61.4166666666667,0.726429828008016,358.872469075521,5.10550529559453,39.726367998394,-57.9321497523652,-61.4597273759239,-1.77062813814421,-1.62056038881603,0.143668752163649,0.0108994676318384,33.935492723508,18.1906388684323,39.5648574702353,7.30348593518547
2014-09-11,-57.9333333333333,-61.4166666666667,0.794191706180573,359.036692301432,6.57694526513418,39.726367998394,-57.9321497523652,-61.4597273759239,-1.77794156710904,-1.62931437913637,0.132404438339006,0.0183776498289037,33.9302666742999,17.0031704364863,39.5648574702353,3.60235104408299
2014-09-12,-57.9333333333333,-61.4166666666667,0.800388031204541,358.103277587891,6.39492994944255,39.726367998394,-57.9321497523652,-61.4597273759239,-1.75816282517928,-1.62787450390651,0.135323201131104,-0.035933823835917,33.9455258935914,26.7765513542003,39.5648574702353,32.5883591243897
2014-09-13,-57.9333333333333,-61.4166666666667,0.808382016420364,357.521425374349,6.44390736420949,39.726367998394,-57.9321497523652,-61.4597273759239,-1.76360658640252,-1.61721941582242,0.111429272975801,-0.0102753296662542,33.9521514491031,33.0253886387761,39.5648574702353,15.6699944325477
2014-09-14,-57.9333333333333,-61.4166666666667,0.84220608373483,357.540193684896,4.80942645470301,39.726367998394,-57.9321497523652,-61.4597273759239,-1.77754781075886,-1.60162055268324,0.162936715451174,-0.0200274848428212,33.9380223840699,26.7977766022646,39.5648574702353,27.8578265882532
2014-09-15,-57.9333333333333,-61.4166666666667,0.898077987631162,358.183043416341,8.25322674115499,39.726367998394,-57.9321497523652,-61.4597273759239,-1.79856290001618,-1.59806273709562,0.17869160939148,0.0100825812415521,33.9197630201067,21.9389085267719,39.5648574702353,20.340660847023
2014-09-16,-57.9333333333333,-61.4166666666667,0.946168713768323,358.671212768555,6.46995654900869,39.726367998394,-57.9321497523652,-61.4597273759239,-1.77858589690431,-1.59888077140751,0.202447859402326,-0.0129783975338577,33.9096207582861,21.7260820811852,39.5648574702353,46.4836293606444
2014-09-17,-57.9333333333333,-61.4166666666667,0.987525848547618,359.162955729167,5.33803164958954,39.726367998394,-57.9321497523652,-61.4597273759239,-1.78338533057306,-1.60713224348269,0.1469156450655,0.000346488508402853,33.9051117000723,24.0212805862714,39.5648574702353,12.0314456227465
2014-09-18,-57.9333333333333,-61.4166666666667,1.02328722278277,359.643982950846,6.66610506375631,39.726367998394,-57.9321497523652,-61.4597273759239,-1.80449955714376,-1.61383369632233,0.0847198407172709,0.0445203100492183,33.9074924583722,26.9647106514838,39.5648574702353,8.0086879465401
2014-09-19,-57.9333333333333,-61.4166666666667,1.05039681196213,359.907879638672,7.451566974322,39.726367998394,-57.9321497523652,-61.4597273759239,-1.78176074189351,-1.61172952508568,0.099256288960464,0.0617667094321179,33.9308518001011,39.644807729506,39.5648574702353,4.80723226856058
2014-09-20,-57.9333333333333,-61.4166666666667,1.08265181779861,360.150597127279,8.36748113632202,39.726367998394,-57.9321497523652,-61.4597273759239,-1.79299522297723,-1.6027288593744,0.0962939282837219,0.0572761286302169,33.9382346303839,39.8673864629932,39.5648574702353,4.91356714460173
2014-09-21,-57.9333333333333,-61.4166666666667,1.12872659067313,360.411144002279,7.70296029249827,39.726367998394,-57.9321497523652,-61.4597273759239,-1.78987820524918,-1.59536770322269,0.147610916777101,0.00262734541823541,33.9402080048296,37.5899712304424,39.5648574702353,11.2160702253595
2014-09-22,-57.9333333333333,-61.4166666666667,1.0751194636027,359.158603922526,4.10595866441727,39.726367998394,-57.9321497523652,-61.4597273759239,-1.78192319995479,-1.59463571336933,0.173872898115699,-0.0620214129216913,33.9328938390976,45.3371983936855,39.5648574702353,68.3808919861994
2014-09-23,-57.9333333333333,-61.4166666666667,1.03723250627518,358.347232055664,4.13200938304265,39.726367998394,-57.9321497523652,-61.4597273759239,-1.78192320309187,-1.60422839526843,0.193849900863448,-0.0161243283602976,33.9011418909059,36.0095482517902,39.5648574702353,42.0170882662682
2014-09-24,-57.9333333333333,-61.4166666666667,1.10043014883995,358.840582275391,8.9823344707489,39.726367998394,-57.9321497523652,-61.4597273759239,-1.7988134721168,-1.60703013355571,0.167275851368344,0.0362596605113126,33.8782186149655,22.241798906398,39.5648574702353,9.35423684789409
2014-09-25,-57.9333333333333,-61.4166666666667,1.22038101156553,360.591349283854,12.2659000555674,39.726367998394,-57.9321497523652,-61.4597273759239,-1.79851058327166,-1.60246268743859,0.137429666600393,0.0791897955665687,33.8799510468218,24.0579945234428,39.5648574702353,6.96115890662025
2014-09-26,-57.9333333333333,-61.4166666666667,1.22706408898036,360.641320800781,8.5994971593221,39.726367998394,-57.9321497523652,-61.4597273759239,-1.77596176566934,-1.61002920355116,0.059196729437077,0.0800915828492857,33.9165042934561,47.432764591131,39.5648574702353,27.9556120655979
2014-09-27,-57.9333333333333,-61.4166666666667,1.17668735782305,359.854518636068,5.1461437702179,39.726367998394,-57.9321497523652,-61.4597273759239,-1.74601691109794,-1.61272424190564,0.04378144032693,0.119715163456206,33.9497191493673,59.389480823861,39.5648574702353,61.3580516315463
2014-09-28,-57.9333333333333,-61.4166666666667,1.15897329449654,359.657763671875,5.16766159534454,39.726367998394,-57.9321497523652,-61.4597273759239,-1.7189522708269,-1.61332198730985,0.0242794244585181,0.0974205890740443,33.9760902662923,67.3237203476124,39.5648574702353,64.6756191271135
2014-09-29,-57.9333333333333,-61.4166666666667,1.20542055765788,360.385661824544,7.65123442808787,39.726367998394,-57.9321497523652,-61.4597273759239,-1.71657320476116,-1.62293417650954,0.0366313896260988,0.0966610682049864,33.9886475039604,58.5611215677476,39.5648574702353,52.6276124880013
2014-09-30,-57.9333333333333,-61.4166666666667,1.29788049459457,362.057074991862,10.7337994416555,39.726367998394,-57.9321497523652,-61.4597273759239,-1.72241072950507,-1.63723427908761,0.0817460075749042,0.0728382740617919,33.9907815259202,56.3491031567853,39.5648574702353,13.371152080893
2014-10-01,-57.9333333333333,-61.4166666666667,1.3966112335523,363.993108113607,9.81776172717412,39.726367998394,-57.9321497523652,-61.4597273759239,-1.71824736299371,-1.64345730202539,0.111091963680727,0.0817069989818155,33.9945217218614,64.6189312755613,39.5648574702353,8.0021226778505
2014-10-02,-57.9333333333333,-61.4166666666667,1.39935774604479,364.441330973307,4.68654614885648,39.726367998394,-57.9321497523652,-61.4597273759239,-1.70462830712024,-1.6440768474923,0.152672859412947,0.0772921408533602,33.994286515659,61.5429865112878,39.5648574702353,9.4094918397827
2014-10-03,-57.9333333333333,-61.4166666666667,1.22833869457245,362.115784708659,2.85334686040878,39.726367998394,-57.9321497523652,-61.4597273759239,-1.64128564936774,-1.64190039912561,0.20367089478313,0.0888226302970845,33.9985717400572,63.2346989122548,39.5648574702353,41.1508275411316
2014-10-04,-57.9333333333333,-61.4166666666667,1.1509065469106,361.324018351237,2.00365398824215,39.726367998394,-57.9321497523652,-61.4597273759239,-1.60848536728916,-1.63656425296812,0.131323670002079,0.0514546658115504,34.0041993650279,61.5211877715319,39.5648574702353,0.487110181900125
2014-10-05,-57.9333333333333,-61.4166666666667,1.11262413462003,360.956177775065,2.31569661299388,39.726367998394,-57.9321497523652,-61.4597273759239,-1.61603009095766,-1.62648280984477,0.155105161431589,0.0228338111051939,33.9890662745426,42.5148100100066,39.5648574702353,6.87198293075447
2014-10-06,-57.9333333333333,-61.4166666666667,1.135672412316,360.932537841797,5.30133547782898,39.726367998394,-57.9321497523652,-61.4597273759239,-1.58963731581107,-1.63064985257342,0.194930668836249,0.0516061111164272,33.9855153650269,44.6476639840836,39.5648574702353,24.9156922194637
2014-10-07,-57.9333333333333,-61.4166666666667,1.2375002861023,361.658538818359,7.43995784918467,39.726367998394,-57.9321497523652,-61.4597273759239,-1.56567592526737,-1.64583108658181,0.142574215657953,0.055878702313044,33.9868117167537,50.89650098184,39.5648574702353,2.2839214121668
2014-10-08,-57.9333333333333,-61.4166666666667,1.37633868455887,362.951648966471,7.94418552716573,39.726367998394,-57.9321497523652,-61.4597273759239,-1.55951072622959,-1.65873720592126,0.150887640319148,0.0751994428525966,33.9924794964324,56.3072263280252,39.5648574702353,8.25406996722322
2014-10-09,-57.9333333333333,-61.4166666666667,1.46595388054848,364.057887776693,7.20793890953064,39.726367998394,-57.9321497523652,-61.4597273759239,-1.5292437112421,-1.66410892305518,0.185086729117018,0.094063553510976,34.0010613893208,61.9319259708089,39.5648574702353,30.6900531543528
2014-10-10,-57.9333333333333,-61.4166666666667,1.55864939490954,365.027159627279,10.2289627790451,39.726367998394,-57.9321497523652,-61.4597273759239,-1.49660037670817,-1.66272640990135,0.151064327112714,0.0744835200782557,34.013171360905,66.8906104403331,39.5648574702353,8.08035213337132
2014-10-11,-57.9333333333333,-61.4166666666667,1.6915970146656,366.004431152344,12.8006521542867,39.726367998394,-57.9321497523652,-61.4597273759239,-1.50733371291842,-1.66135651903941,0.114104806438537,0.0485221352988392,34.0015146642699,41.1833537108916,39.5648574702353,0.663178772686028
2014-10-12,-57.9333333333333,-61.4166666666667,1.77350048820178,366.38745320638,10.9526719252268,39.726367998394,-57.9321497523652,-61.4597273759239,-1.48281060058371,-1.66146092352114,0.179776966753871,0.0290728959962165,34.0142211914062,62.6317861743439,39.5648574702353,16.2749846940573
2014-10-13,-57.9333333333333,-61.4166666666667,1.84159797032674,366.729090372721,13.15841477712,39.726367998394,-57.9321497523652,-61.4597273759239,-1.46378907919826,-1.66686706076887,0.143914276313849,0.0604266486501783,34.0150071481117,60.7983809700586,39.5648574702353,3.17093765979093
2014-10-14,-57.9333333333333,-61.4166666666667,1.92735127210617,367.398111979167,14.2952712059021,39.726367998394,-57.9321497523652,-61.4597273759239,-1.4857403772666,-1.66522066978584,0.0837400362203668,0.0837400363604153,34.0147318015421,47.4958668328766,39.5648574702353,16.2607891309438
2014-10-15,-57.9333333333333,-61.4166666666667,1.96044793526332,367.721139526367,7.92536512215932,39.726367998394,-57.9321497523652,-61.4597273759239,-1.50272978046783,-1.65266677849275,0.154572808694907,0.035309686038391,34.016613365116,45.8999549894405,39.5648574702353,4.83665289021165
2014-10-16,-57.9333333333333,-61.4166666666667,1.97512771685918,367.96113688151,10.1614624261856,39.726367998394,-57.9321497523652,-61.4597273759239,-1.43232151350581,-1.64386459848935,0.136156150062842,0.0556423560597171,34.0204338991552,47.8262927478417,39.5648574702353,1.31767106170834
2014-10-17,-57.9333333333333,-61.4166666666667,2.06777022679647,368.795078531901,16.6794231414795,39.726367998394,-57.9321497523652,-61.4597273759239,-1.44492450580561,-1.63685451862507,0.150389707766305,0.0667781702529891,34.0149440191742,33.7590949589149,39.5648574702353,5.86085608952841
2014-10-18,-57.9333333333333,-61.4166666666667,2.07470759153366,368.815117390951,18.5527714888255,39.726367998394,-57.9321497523652,-61.4597273759239,-1.45920166350845,-1.63912505090685,0.113687184352176,0.0837675719136806,34.0276676550844,58.8571281074581,39.5648574702353,8.47773678163318
2014-10-19,-57.9333333333333,-61.4166666666667,2.16460208098094,369.509979248047,19.9587116559347,39.726367998394,-57.9321497523652,-61.4597273759239,-1.45254083101014,-1.64261746944341,0.137757797928569,0.0296396682585092,33.9981245456782,34.4687077694369,39.5648574702353,1.89312210967496
2014-10-20,-57.9333333333333,-61.4166666666667,2.24951625665029,370.16496887207,14.7454148610433,39.726367998394,-57.9321497523652,-61.4597273759239,-1.39933673981437,-1.64671796649919,0.17007988307597,0.00266635398331441,34.0113070638556,23.6306207592326,39.5648574702353,18.8631732179025
2014-10-21,-57.9333333333333,-61.4166666666667,2.15370198090871,369.098779296875,7.87219817638397,39.726367998394,-57.9321497523652,-61.4597273759239,-1.39508801721092,-1.64292380012068,0.203767268365263,-0.0145433318794222,34.0087083085139,32.0008386382483,39.5648574702353,48.4231345523652
2014-10-22,-57.9333333333333,-61.4166666666667,2.15676010052363,368.894165039062,15.6574813206991,39.726367998394,-57.9321497523652,-61.4597273759239,-1.39306139923576,-1.64181664698106,0.186860472958227,0.0617277011751456,34.0136187273757,41.5304158468892,39.5648574702353,20.8485748640352
2014-10-23,-57.9333333333333,-61.4166666666667,2.17427529493968,368.594705200195,14.9193454106649,39.726367998394,-57.9321497523652,-61.4597273759239,-1.38918990793085,-1.64251191409907,0.210545590105362,0.0771223385083048,34.0228086772718,51.142025861525,39.5648574702353,42.2654192559393
2014-10-24,-57.9333333333333,-61.4166666666667,2.10592999855677,367.381072998047,9.9564190864563,39.726367998394,-57.9321497523652,-61.4597273759239,-1.4121627749357,-1.65092401128066,0.153606771596504,0.0824711087923077,34.0423072585486,65.0193429495159,39.5648574702353,11.5277679461719
2014-10-25,-57.9333333333333,-61.4166666666667,1.86942183375359,363.769984944661,9.30625439484914,39.726367998394,-57.9321497523652,-61.4597273759239,-1.38622708988369,-1.65869590528029,0.161465861533481,0.129391595903308,34.0665387892185,71.4792859894889,39.5648574702353,43.1161745495191
2014-10-26,-57.9333333333333,-61.4166666666667,1.78236124714216,361.968547566732,7.7460986773173,39.726367998394,-57.9321497523652,-61.4597273759239,-1.36022807377622,-1.65250729752662,0.210440037898103,0.0924435481289052,34.0804327054131,74.9533481920572,39.5648574702353,48.407792710819
2014-10-27,-57.9333333333333,-61.4166666666667,1.75708091656367,361.628138224284,4.8521488626798,39.726367998394,-57.9321497523652,-61.4597273759239,-1.36899262263363,-1.64339075590435,0.167753133152549,0.0273702841644224,34.0831518244923,71.0306870417487,39.5648574702353,10.6505910640958
2014-10-28,-57.9333333333333,-61.4166666666667,1.79836506446203,362.18073425293,9.52114992141724,39.726367998394,-57.9321497523652,-61.4597273759239,-1.37291368147484,-1.64095042298611,0.193269360474402,0.0408351422196492,34.0787289698321,65.034832291137,39.5648574702353,23.5351482137312
2014-10-29,-57.9333333333333,-61.4166666666667,1.90873433550199,363.278989664714,11.5257987737656,39.726367998394,-57.9321497523652,-61.4597273759239,-1.36674021823066,-1.64109269255086,0.137597175146964,0.0735817325714612,34.0813103152397,70.4054017712299,39.5648574702353,5.17203507815101
2014-10-30,-57.9333333333333,-61.4166666666667,1.98722510139147,364.174004109701,11.5977764209112,39.726367998394,-57.9321497523652,-61.4597273759239,-1.40809853879133,-1.64085978359208,0.0510967039132029,0.0763513447534769,34.0779889185626,72.0489264502561,39.5648574702353,32.3164665930725
2014-10-31,-57.9333333333333,-61.4166666666667,2.02665987610817,364.678595987956,12.6827854712804,39.726367998394,-57.9321497523652,-61.4597273759239,-1.44033434045942,-1.64113972957869,0.0996624371667105,0.0809405942244413,34.0735201584665,64.0274916232977,39.5648574702353,9.92985282827562
2014-11-01,-57.9333333333333,-61.4166666666667,2.0015468498071,364.566933186849,9.09245526790619,39.726367998394,-57.9321497523652,-61.4597273759239,-1.41742205821482,-1.64947036513709,0.148762818173806,0.116580706327817,34.0834156552652,75.2424707663687,39.5648574702353,29.1518034836722
2014-11-02,-57.9333333333333,-61.4166666666667,1.98763371904691,364.682448323568,9.8959815343221,39.726367998394,-57.9321497523652,-61.4597273759239,-1.36782236565325,-1.65181776813995,0.18167003253965,0.0934761292896324,34.0945676215609,77.7843418013781,39.5648574702353,28.3947720260527
2014-11-03,-57.9333333333333,-61.4166666666667,2.00846589008967,364.981011962891,11.6881071726481,39.726367998394,-57.9321497523652,-61.4597273759239,-1.32244661540017,-1.64926843580447,0.205715405369612,0.068827270131026,34.1031494570854,78.4669925610822,39.5648574702353,35.8424136683039
2014-11-04,-57.9333333333333,-61.4166666666667,2.04410300850868,365.356536865234,12.3258332570394,39.726367998394,-57.9321497523652,-61.4597273759239,-1.30248062839185,-1.65706787118338,0.159772427472517,0.0868790828503836,34.1131597533262,79.5626754366366,39.5648574702353,15.2861828234502
2014-11-05,-57.9333333333333,-61.4166666666667,2.08468599716822,365.882942708333,12.9247562408447,39.726367998394,-57.9321497523652,-61.4597273759239,-1.29341869896516,-1.65406765166978,0.113207607607084,0.0760323919103782,34.122074256266,80.3141655204888,39.5648574702353,5.76281396863279
2014-11-06,-57.9333333333333,-61.4166666666667,2.13613368670146,366.732427978516,15.4445199012756,39.726367998394,-57.9321497523652,-61.4597273759239,-1.21709305249659,-1.64474228898385,0.0994949301326633,0.00825835466104791,34.1219422763452,71.8693719770675,39.5648574702353,9.61006494287847
2014-11-07,-57.9333333333333,-61.4166666666667,2.12395573457082,367.204993693034,10.8669554233551,39.726367998394,-57.9321497523652,-61.4597273759239,-1.20107565428081,-1.64390589957847,0.0272257230839783,-0.00160164807580019,34.1146682509802,63.3987643127155,39.5648574702353,57.9884421897788
2014-11-08,-57.9333333333333,-61.4166666666667,2.09268489281336,367.648530069987,14.3979614893595,39.726367998394,-57.9321497523652,-61.4597273759239,-1.19459930286372,-1.65029757497902,0.0339512679221711,0.0430586337623067,34.1081456779537,61.5682271835499,39.5648574702353,41.217829300366
2014-11-09,-57.9333333333333,-61.4166666666667,2.1022488673528,368.833602905273,16.4765522638957,39.726367998394,-57.9321497523652,-61.4597273759239,-1.16671686020113,-1.65134622279863,0.0514477820632825,0.05814579181037,34.1059657935809,62.4195329372148,39.5648574702353,27.8444891134932
2014-11-10,-57.9333333333333,-61.4166666666667,2.05464832385381,369.602206420898,13.0576897621155,39.726367998394,-57.9321497523652,-61.4597273759239,-1.15360996104721,-1.64849973890118,0.0923402900702523,-0.0228154542050639,34.097584645551,60.4931955516787,39.5648574702353,27.6378983266338
2014-11-11,-57.9333333333333,-61.4166666666667,2.00240960518519,370.520431518555,19.1397720654805,39.726367998394,-57.9321497523652,-61.4597273759239,-1.09751739918737,-1.64657913742209,0.13586932191051,0.00966266500658559,34.0853026970885,53.1641637077905,39.5648574702353,6.54954912016232
2014-11-12,-57.9333333333333,-61.4166666666667,1.95595923264821,371.896808878581,20.4155243237813,39.726367998394,-57.9321497523652,-61.4597273759239,-1.01196460997252,-1.64812342295969,0.143310790335325,0.0129370943300034,34.076938801242,49.4101574295445,39.5648574702353,6.58059262394005
2014-11-13,-57.9333333333333,-61.4166666666667,1.89012264808019,373.177005004883,20.4039803504944,39.726367998394,-57.9321497523652,-61.4597273759239,-0.936371410475638,-1.64926155393285,0.124999684022557,0.0285818461692871,34.0691829480623,45.7267109612773,39.5648574702353,1.20463821619585
2014-11-14,-57.9333333333333,-61.4166666666667,1.81990847190221,374.404196166992,20.7739844957987,39.726367998394,-57.9321497523652,-61.4597273759239,-0.881958517925184,-1.64280906610919,0.0852636673340672,0.0479966665345027,34.0640200421326,50.7932428811726,39.5648574702353,7.86751422181774
2014-11-15,-57.9333333333333,-61.4166666666667,1.73978089690208,374.715050252279,18.8590824127197,39.726367998394,-57.9321497523652,-61.4597273759239,-0.907635367006288,-1.63730426883339,0.128537995404655,0.0590934716025017,34.0611575277228,60.7754345657234,39.5648574702353,1.19594302006348
2014-11-16,-57.9333333333333,-61.4166666666667,1.67703500787417,375.190685017904,18.0127216339111,39.726367998394,-57.9321497523652,-61.4597273759239,-0.867824547048798,-1.64119479799629,0.07027517816514,0.0209522187233643,34.0558856878066,61.7661388476092,39.5648574702353,17.5111851197686
2014-11-17,-57.9333333333333,-61.4166666666667,1.5499070763588,374.377124023437,10.7614218393962,39.726367998394,-57.9321497523652,-61.4597273759239,-0.836522189522148,-1.63957479080759,0.114992825468456,-0.0272991509786002,34.0381196244319,49.0126138809032,39.5648574702353,25.9652448985518
2014-11-18,-57.9333333333333,-61.4166666666667,1.4639089345932,373.797030639648,17.3867345809937,39.726367998394,-57.9321497523652,-61.4597273759239,-0.720765714414586,-1.63001653215939,0.136798644620449,0.0304359029698417,34.0147260651553,22.2555667511503,39.5648574702353,1.66087500686202
2014-11-19,-57.9333333333333,-61.4166666666667,1.4377001106739,374.50908203125,16.6877037684123,39.726367998394,-57.9321497523652,-61.4597273759239,-0.730940082691666,-1.61944405611296,0.124309001910619,0.0811952977560293,34.0174968547391,31.6262411031508,39.5648574702353,6.88067256922985
2014-11-20,-57.9333333333333,-61.4166666666667,1.36813324491183,373.49069519043,9.13177947998047,39.726367998394,-57.9321497523652,-61.4597273759239,-0.754301196762494,-1.60317057326324,0.205162400575845,0.052289909157986,34.0221376347363,52.020293461649,39.5648574702353,32.6745742050336
2014-11-21,-57.9333333333333,-61.4166666666667,1.34645240902901,372.318209838867,10.2522169907888,39.726367998394,-57.9321497523652,-61.4597273759239,-0.729700983578997,-1.59200607565113,0.207899887899035,0.075422021511354,34.0199290397472,55.0945169907763,39.5648574702353,39.4832373039077
2014-11-22,-57.9333333333333,-61.4166666666667,1.37087723612785,372.36813659668,12.7657799243927,39.726367998394,-57.9321497523652,-61.4597273759239,-0.685388108617381,-1.58281151334146,0.174189555437717,0.0813788673315281,34.0152652424977,55.256288166333,39.5648574702353,19.1746153944518
2014-11-23,-57.9333333333333,-61.4166666666667,1.378565655152,373.153674316406,15.7178694725037,39.726367998394,-57.9321497523652,-61.4597273759239,-0.559578419964116,-1.57545494764371,0.163847682045254,0.0720053255081849,34.0077732487729,43.6552383379829,39.5648574702353,11.5404183475294
2014-11-24,-57.9333333333333,-61.4166666666667,1.31022604902585,372.768211873372,10.8633364200592,39.726367998394,-57.9321497523652,-61.4597273759239,-0.565344355076103,-1.56946253059502,0.145699494651386,-0.00584670380318075,33.983553477696,32.7569175591146,39.5648574702353,14.6707543946009
2014-11-25,-57.9333333333333,-61.4166666666667,1.22513013482094,371.742504882813,12.5894302209218,39.726367998394,-57.9321497523652,-61.4597273759239,-0.53967576221864,-1.56947056825896,0.14067197113501,0.00479117646477276,33.9568497363786,24.3895678914579,39.5648574702353,8.99575043665732
2014-11-26,-57.9333333333333,-61.4166666666667,1.1616703192393,371.480602010091,13.4503897507985,39.726367998394,-57.9321497523652,-61.4597273759239,-0.512294465353838,-1.56691550401817,0.126920285179539,0.0432720337539239,33.9447454868403,34.3568446403159,39.5648574702353,0.0272222301015923
2014-11-27,-57.9333333333333,-61.4166666666667,1.11186646024386,371.300860595703,9.57226742108663,39.726367998394,-57.9321497523652,-61.4597273759239,-0.479050858632514,-1.56186847399948,0.21295494663256,0.0224345465351764,33.933570589338,34.0338760784694,39.5648574702353,41.2572315584931
2014-11-28,-57.9333333333333,-61.4166666666667,1.06690289974213,370.709868367513,7.78322100639343,39.726367998394,-57.9321497523652,-61.4597273759239,-0.466189027616852,-1.56341046184525,0.258349507724992,0.0174850408492008,33.9193841174133,30.1559602156618,39.5648574702353,92.8005347585198
2014-11-29,-57.9333333333333,-61.4166666666667,1.07217602729797,370.551052856445,12.8453169504801,39.726367998394,-57.9321497523652,-61.4597273759239,-0.413243774380675,-1.56517961912585,0.241541382401509,0.0648438014874333,33.9172615682272,28.6753534876314,39.5648574702353,70.3647721237687
2014-11-30,-57.9333333333333,-61.4166666666667,1.07009322245916,370.732047526042,11.4623443603516,39.726367998394,-57.9321497523652,-61.4597273759239,-0.306306916912247,-1.55873745724671,0.186546110288989,0.0470214507549553,33.9056281182999,18.7860938803594,39.5648574702353,19.1430001767883
2014-12-01,-57.9333333333333,-61.4166666666667,1.0327921807766,370.645172119141,13.3037663141886,39.726367998394,-57.9321497523652,-61.4597273759239,-0.282381323383267,-1.56429618731477,0.156392446081889,0.0282950180869802,33.8956637848589,15.7095754953255,39.5648574702353,6.25881370519415
2014-12-02,-57.9333333333333,-61.4166666666667,1.0069955577453,370.960711669922,14.0291916211446,39.726367998394,-57.9321497523652,-61.4597273759239,-0.225674720102907,-1.57470804990682,0.205976992327356,0.0545202845469453,33.8924397920307,18.6025239040977,39.5648574702353,33.5405164064429
2014-12-03,-57.9333333333333,-61.4166666666667,1.03839147686958,371.180224609375,13.3554662863413,39.726367998394,-57.9321497523652,-61.4597273759239,-0.268093154002401,-1.57604811110891,0.19329460158496,0.121319106198791,33.9076130228831,32.7442969953207,39.5648574702353,53.3118914611308
2014-12-04,-57.9333333333333,-61.4166666666667,1.05834283034007,370.960809326172,10.8812612533569,39.726367998394,-57.9321497523652,-61.4597273759239,-0.307914991211846,-1.57805246562886,0.195293219199866,0.0849561873067142,33.9180820436406,42.6777281151678,39.5648574702353,33.2347573225627
2014-12-05,-57.9333333333333,-61.4166666666667,1.055756264925,370.681934611003,9.40254191557566,39.726367998394,-57.9321497523652,-61.4597273759239,-0.274663122524893,-1.5722367355698,0.223491863676704,0.0402982001774069,33.9136477448886,39.2954510781998,39.5648574702353,48.8326073021906
2014-12-06,-57.9333333333333,-61.4166666666667,1.05360226134459,370.440511067708,11.8773670196533,39.726367998394,-57.9321497523652,-61.4597273759239,-0.158956210724169,-1.56616974818079,0.201451992686082,0.0426065929206018,33.9115825308893,28.6908422090057,39.5648574702353,29.4353113247375
2014-12-07,-57.9333333333333,-61.4166666666667,1.01757742762566,369.760582478841,9.3146164894104,39.726367998394,-57.9321497523652,-61.4597273759239,-0.128463400177714,-1.5661961382493,0.18884073496145,-0.00344652633525823,33.8946654527707,23.1607962479269,39.5648574702353,31.8490066319635
2014-12-08,-57.9333333333333,-61.4166666666667,0.979188600182533,369.201249186198,11.5142452557882,39.726367998394,-57.9321497523652,-61.4597273759239,0.0766595323899187,-1.58001666275182,0.19527486291595,0.0582857638793556,33.8750408143925,11.1283567471612,39.5648574702353,25.8822491777215
2014-12-09,-57.9333333333333,-61.4166666666667,0.995380237698555,369.337922159831,13.8641228675842,39.726367998394,-57.9321497523652,-61.4597273759239,0.0247688876899113,-1.5899890997356,0.206507051853757,0.101488958988199,33.883714360402,18.9145929616197,39.5648574702353,49.8963725518844
2014-12-10,-57.9333333333333,-61.4166666666667,1.02198023398717,368.563106282552,10.5921603361766,39.726367998394,-57.9321497523652,-61.4597273759239,-0.0158294493654617,-1.5930134174519,0.28376018253148,0.0647015347236529,33.8874317685464,29.1945123349814,39.5648574702353,128.559910316391
2014-12-11,-57.9333333333333,-61.4166666666667,1.02297236820062,367.367329915365,12.3787311712901,39.726367998394,-57.9321497523652,-61.4597273759239,-0.115703451202104,-1.59724814685664,0.261323341259495,0.08151654508385,33.8981246087784,39.2323488364542,39.5648574702353,100.27534040405
2014-12-12,-57.9333333333333,-61.4166666666667,1.06109452744325,366.972209676107,13.0183140595754,39.726367998394,-57.9321497523652,-61.4597273759239,-0.105939363906706,-1.59911711233899,0.166757265596013,0.123703221097252,33.9053813819598,44.4285269572323,39.5648574702353,40.5096848680257
2014-12-13,-57.9333333333333,-61.4166666666667,1.0950056552887,367.178502400716,13.8049816131592,39.726367998394,-57.9321497523652,-61.4597273759239,-0.0380891453950925,-1.59176399519569,0.153595298584691,0.0977601937361454,33.9081119594717,44.9855470513939,39.5648574702353,18.5595982257222
2014-12-14,-57.9333333333333,-61.4166666666667,1.10798829297225,367.297204589844,11.2934755802155,39.726367998394,-57.9321497523652,-61.4597273759239,0.0133581774911486,-1.57765893201183,0.180582380370426,0.0484487074182222,33.8990081414244,37.7867352765306,39.5648574702353,15.686703489688
2014-12-15,-57.9333333333333,-61.4166666666667,1.13606879214446,367.042868041992,14.1485194842021,39.726367998394,-57.9321497523652,-61.4597273759239,0.0448367579426981,-1.58026448228305,0.200724596227694,0.0776776377307741,33.8971438013521,36.5132184853231,39.5648574702353,34.5055607914346
2014-12-16,-57.9333333333333,-61.4166666666667,1.16727915108204,367.241611735026,16.2245447635651,39.726367998394,-57.9321497523652,-61.4597273759239,0.335256400833228,-1.58214492502069,0.166493384167552,0.0570581394450781,33.8929561098715,21.4685103660239,39.5648574702353,9.5563628679169
2014-12-17,-57.9333333333333,-61.4166666666667,1.18674366970857,367.776164754232,18.1502348423004,39.726367998394,-57.9321497523652,-61.4597273759239,0.401589414230863,-1.59092415858032,0.174451142353447,0.0783361949978914,33.890850784187,13.5600856049617,39.5648574702353,18.2163741144224
2014-12-18,-57.9333333333333,-61.4166666666667,1.20179842809836,368.492242431641,20.9187101364136,39.726367998394,-57.9321497523652,-61.4597273759239,0.6542000643965,-1.59199345649633,0.151888097811462,0.0718722371454526,33.8891241030585,14.6322492370032,39.5648574702353,7.54133613602109
2014-12-19,-57.9333333333333,-61.4166666666667,1.21483997205893,368.049788411458,21.537740278244,39.726367998394,-57.9321497523652,-61.4597273759239,0.556283836638121,-1.59079451399638,0.0945500137522481,0.0611310984127055,33.8842366154033,17.2194388396758,39.5648574702353,6.00701904792656
2014-12-20,-57.9333333333333,-61.4166666666667,1.2543288876613,366.76913655599,21.333159716924,39.726367998394,-57.9321497523652,-61.4597273759239,0.459094547575578,-1.59268299081272,0.103455452500541,0.0856858782918382,33.8796301533405,27.7942175148125,39.5648574702353,10.9113239334842
2014-12-21,-57.9333333333333,-61.4166666666667,1.26495524744193,366.639248657227,21.9334326585134,39.726367998394,-57.9321497523652,-61.4597273759239,0.563569730273763,-1.58880966632886,0.172128982407818,0.0782076959827341,33.8765208452268,26.2115000423632,39.5648574702353,17.0450405519303
2014-12-22,-57.9333333333333,-61.4166666666667,1.27085813979308,366.557441202799,20.8009850502014,39.726367998394,-57.9321497523652,-61.4597273759239,0.701258230030088,-1.58355497193516,0.175827917691908,0.0303372342867735,33.8713178419529,20.0865725897309,39.5648574702353,13.9974779478407
2014-12-23,-57.9333333333333,-61.4166666666667,1.27280362546444,364.720914713542,17.5655853589376,39.726367998394,-57.9321497523652,-61.4597273759239,0.675619928460372,-1.58163781318449,0.229177943045708,0.0430586337202922,33.8615427805965,23.034018211795,39.5648574702353,54.5425225472171
2014-12-24,-57.9333333333333,-61.4166666666667,1.27547165354093,363.527332560221,21.360422595342,39.726367998394,-57.9321497523652,-61.4597273759239,0.771669252698583,-1.59058340734109,0.166144601076393,0.0703784363918511,33.8670440759874,19.7911396636102,39.5648574702353,12.0243536038775
2014-12-25,-57.9333333333333,-61.4166666666667,1.26222388446331,363.756313069661,20.9470134735107,39.726367998394,-57.9321497523652,-61.4597273759239,0.818465829567802,-1.59017381452976,0.174659953529673,0.042760332682191,33.861433803587,16.6933960663645,39.5648574702353,12.4693203535239
2014-12-26,-57.9333333333333,-61.4166666666667,1.27189801534017,363.597971598307,19.0788483301798,39.726367998394,-57.9321497523652,-61.4597273759239,0.876169218380648,-1.58838630708537,0.215283990466505,0.0531733397646506,33.851509667877,15.7537471369693,39.5648574702353,41.4031382159828
2014-12-27,-57.9333333333333,-61.4166666666667,1.29366382161776,362.858705647786,20.0740725835164,39.726367998394,-57.9321497523652,-61.4597273759239,0.73107090995724,-1.59368803492166,0.185107379563545,0.143085916631652,33.8636136592779,29.4365952893307,39.5648574702353,67.2110535151516
2014-12-28,-57.9333333333333,-61.4166666666667,1.3622767051061,362.262337239583,18.1766137123108,39.726367998394,-57.9321497523652,-61.4597273759239,0.677208727575783,-1.59032296865506,0.181943092425179,0.100470145800172,33.8711630168714,35.6085626487445,39.5648574702353,32.248450215091
2014-12-29,-57.9333333333333,-61.4166666666667,1.41743555366993,362.700162760417,22.9076857884725,39.726367998394,-57.9321497523652,-61.4597273759239,0.760957940740693,-1.58788263663313,0.165637489408255,0.0897748992687329,33.8710769710684,30.2856065635394,39.5648574702353,18.7935773132155
2014-12-30,-57.9333333333333,-61.4166666666667,1.45175469517708,364.161067708333,26.209619029363,39.726367998394,-57.9321497523652,-61.4597273759239,1.05410635269674,-1.58529315227853,0.170793510525298,0.0585817706568125,33.8665622625136,20.1858150869384,39.5648574702353,11.653312509334
2014-12-31,-57.9333333333333,-61.4166666666667,1.45661110977332,365.972775268555,28.0998374780019,39.726367998394,-57.9321497523652,-61.4597273759239,1.33608086216719,-1.5859780956928,0.167131289727706,0.0543757232284187,33.8613133251219,11.086479947083,39.5648574702353,9.51317468318286
2015-01-01,-57.9333333333333,-61.4166666666667,1.47586071987947,367.317439778646,30.1999752839406,39.726367998394,-57.9321497523652,-61.4597273759239,1.2045878449777,-1.5882015873615,0.1891206787493,0.0790750645801313,33.8558063793899,14.401065736785,39.5648574702353,26.8405174521525
2015-01-02,-57.9333333333333,-61.4166666666667,1.52464151978493,368.406694539388,32.8194453557332,39.726367998394,-57.9321497523652,-61.4597273759239,1.31084732767335,-1.59185922190659,0.170995437841218,0.0677189663528724,33.8502706513369,15.7457159372201,39.5648574702353,13.4870440272652
2015-01-03,-57.9333333333333,-61.4166666666667,1.62132003406684,368.167461140951,31.6819275856018,39.726367998394,-57.9321497523652,-61.4597273759239,1.23462907196884,-1.58551917085074,0.172808191045783,0.104694549554497,33.8456183412021,22.5228905211714,39.5648574702353,29.9106449202602
2015-01-04,-57.9333333333333,-61.4166666666667,1.67612763543924,367.759004720052,28.4480469703674,39.726367998394,-57.9321497523652,-61.4597273759239,1.2786445675936,-1.5786983980272,0.182620006844513,0.0708212990425807,33.8411667042209,21.0853080857069,39.5648574702353,20.3205808433204
2015-01-05,-57.9333333333333,-61.4166666666667,1.65994819204013,367.525608317057,25.5326388041178,39.726367998394,-57.9321497523652,-61.4597273759239,1.41176492782464,-1.57628101020827,0.156351142794006,0.0502889963161004,33.8300262967447,14.5932406231873,39.5648574702353,5.18794810349158
2015-01-06,-57.9333333333333,-61.4166666666667,1.55537896653016,365.550261433919,22.6529160340627,39.726367998394,-57.9321497523652,-61.4597273759239,1.31618370866417,-1.57932483253622,0.132060245267655,0.00141119420584431,33.8166599703911,13.2549006132255,39.5648574702353,9.38029064739557
2015-01-07,-57.9333333333333,-61.4166666666667,1.40158863564332,362.367520141602,23.8714099566142,39.726367998394,-57.9321497523652,-61.4597273759239,1.26194704161551,-1.57596779586677,0.112000635033823,0.00361173948679203,33.8106886641423,19.5484830454776,39.5648574702353,9.00848241804334
2015-01-08,-57.9333333333333,-61.4166666666667,1.2491296629111,360.207341512044,22.3121388276418,39.726367998394,-57.9321497523652,-61.4597273759239,1.29298505343889,-1.57928353503234,0.106991468543621,0.0278728070591849,33.8094036130977,22.6731883995515,39.5648574702353,2.89179238426787
2015-01-09,-57.9333333333333,-61.4166666666667,1.14381492535273,359.755440266927,21.3447460492452,39.726367998394,-57.9321497523652,-61.4597273759239,1.41338676527927,-1.5886306825437,0.166094119261418,0.0657800083517804,33.8079235535815,18.647842769336,39.5648574702353,10.9008662495011
2015-01-10,-57.9333333333333,-61.4166666666667,1.06737368603547,360.194149780273,18.4870925585429,39.726367998394,-57.9321497523652,-61.4597273759239,1.69881422851319,-1.59373392780921,0.1587008382929,0.0510898207951533,33.8047340077565,14.6110239889389,39.5648574702353,6.01109153366045
2015-01-11,-57.9333333333333,-61.4166666666667,0.980463923017184,359.517134602865,16.3006525357564,39.726367998394,-57.9321497523652,-61.4597273759239,1.676626120743,-1.59318780899048,0.114627980382035,0.0260026877591933,33.8012805451128,11.7915035513111,39.5648574702353,2.1490366431849
2015-01-12,-57.9333333333333,-61.4166666666667,0.927571551005046,358.132743326823,16.5810241063436,39.726367998394,-57.9321497523652,-61.4597273759239,1.53857966114704,-1.58675483026003,0.102505477327377,0.024754411912054,33.800764227272,19.8789090751705,39.5648574702353,4.34327891023024
2015-01-13,-57.9333333333333,-61.4166666666667,0.852581390738487,356.978112792969,13.7342837492625,39.726367998394,-57.9321497523652,-61.4597273759239,1.59027205015484,-1.58261990860889,0.142939060632336,0.0591462483083395,33.800511768886,19.859978360341,39.5648574702353,2.78786608735457
2015-01-14,-57.9333333333333,-61.4166666666667,0.793513984481494,355.99735921224,12.1546434561412,39.726367998394,-57.9321497523652,-61.4597273759239,1.59643449415838,-1.57909422395821,0.158535625533502,0.0633477060530419,33.8008846340323,20.5265668424449,39.5648574702353,7.56301754535765
2015-01-15,-57.9333333333333,-61.4166666666667,0.740124267339706,354.148624674479,10.9082712650299,39.726367998394,-57.9321497523652,-61.4597273759239,1.62884377133577,-1.58239503910667,0.123923504837137,0.0392105477280859,33.7936966974932,16.2740534373692,39.5648574702353,0.122935545189168
2015-01-16,-57.9333333333333,-61.4166666666667,0.721608699361483,353.107269287109,12.3315492153168,39.726367998394,-57.9321497523652,-61.4597273759239,1.54635017796567,-1.58177663553926,0.0733889841047445,0.05668411584557,33.798566932965,23.5394093255351,39.5648574702353,13.9759174640857
2015-01-17,-57.9333333333333,-61.4166666666667,0.716594953338305,352.14802347819,12.1570423920949,39.726367998394,-57.9321497523652,-61.4597273759239,1.48775739508464,-1.5863257332852,0.0836092428185214,0.111853778922468,33.8008500292785,28.5927469569041,39.5648574702353,31.4102857471158
2015-01-18,-57.9333333333333,-61.4166666666667,0.703651462992032,351.674670410156,10.4132077376048,39.726367998394,-57.9321497523652,-61.4597273759239,1.49170322660217,-1.585322983731,0.128882189596394,0.0603142120784387,33.8009762154486,28.0649832675332,39.5648574702353,1.40007405407481
2015-01-19,-57.9333333333333,-61.4166666666667,0.689202476541201,351.29872639974,9.85452755292257,39.726367998394,-57.9321497523652,-61.4597273759239,1.4907009381997,-1.58926055843669,0.149198797440394,0.0842953355968895,33.7976259934275,29.0889595755957,39.5648574702353,11.0690388083247
2015-01-20,-57.9333333333333,-61.4166666666667,0.741542187333107,351.07922261556,11.1854167461395,39.726367998394,-57.9321497523652,-61.4597273759239,1.44470013711686,-1.60568663007335,0.143409458780311,0.14848516924881,33.7983371046253,30.1307193748933,39.5648574702353,56.2226068975655
2015-01-21,-57.9333333333333,-61.4166666666667,0.796630991498629,350.136846923828,6.1490287065506,39.726367998394,-57.9321497523652,-61.4597273759239,1.40307747511039,-1.60204850193253,0.16471963919195,0.0870947779709459,33.7908106782383,30.2666758522952,39.5648574702353,17.2342189607909
2015-01-22,-57.9333333333333,-61.4166666666667,0.800371542572975,348.898541259766,5.67586542765299,39.726367998394,-57.9321497523652,-61.4597273759239,1.39219820589051,-1.60383027881608,0.193804008536097,0.07147067790865,33.7740772935681,26.4426835174847,39.5648574702353,27.5949836039786
2015-01-23,-57.9333333333333,-61.4166666666667,0.848222277561824,348.313396199544,10.9781751950582,39.726367998394,-57.9321497523652,-61.4597273759239,1.36771639442085,-1.61497756861206,0.184412109308449,0.107133735839586,33.7695799232426,29.1119059118113,39.5648574702353,37.6694923178629
2015-01-24,-57.9333333333333,-61.4166666666667,0.923803752660751,348.102503458659,12.76473792394,39.726367998394,-57.9321497523652,-61.4597273759239,1.46153533996496,-1.62429603777434,0.160720108553095,0.0810094328975319,33.7506262700361,21.0652300325551,39.5648574702353,13.2840450409001
2015-01-25,-57.9333333333333,-61.4166666666667,0.987000970045726,348.528116861979,17.9187665144602,39.726367998394,-57.9321497523652,-61.4597273759239,1.47155000034132,-1.63091832130475,0.12900839358064,0.0958189412223217,33.7450504159569,20.2150715024848,39.5648574702353,13.4645880390932
2015-01-26,-57.9333333333333,-61.4166666666667,1.04096041222413,348.668323771159,14.2612309296926,39.726367998394,-57.9321497523652,-61.4597273759239,1.56129919182985,-1.62548465791502,0.171208838168952,0.0494904673301188,33.7360610961914,19.1096361095744,39.5648574702353,10.9422649001173
2015-01-27,-57.9333333333333,-61.4166666666667,1.07992319762707,348.161653645833,13.0627072811127,39.726367998394,-57.9321497523652,-61.4597273759239,1.58047216503244,-1.62241329465594,0.189125268110879,0.0522554899264771,33.7295958726926,21.5224341055504,39.5648574702353,21.0601608229901
2015-01-28,-57.9333333333333,-61.4166666666667,1.12382092277209,347.718383789062,15.2041691462199,39.726367998394,-57.9321497523652,-61.4597273759239,1.60897415831573,-1.62108815030048,0.172677397811995,0.0707180407318406,33.7260679230654,23.7510884471406,39.5648574702353,15.0324750347347
2015-01-29,-57.9333333333333,-61.4166666666667,1.15768622954686,347.204255167643,13.5551568349202,39.726367998394,-57.9321497523652,-61.4597273759239,1.65865920808979,-1.6130512258164,0.18718172150447,0.0735679647528139,33.7217598248245,24.7027841725744,39.5648574702353,23.8366010699999
2015-01-30,-57.9333333333333,-61.4166666666667,1.16820614536603,346.382857259115,13.0770302931468,39.726367998394,-57.9321497523652,-61.4597273759239,1.68515936772626,-1.60958978466522,0.200653462649736,0.0659337482254084,33.7181457290076,26.1529871072984,39.5648574702353,31.197986102387
2015-01-31,-57.9333333333333,-61.4166666666667,1.17922903796037,345.579241943359,15.6706543922424,39.726367998394,-57.9321497523652,-61.4597273759239,1.74328955806288,-1.61111227014011,0.178815518722946,0.0353486943793924,33.7062479033506,22.4121748737823,39.5648574702353,15.0042115437028
2015-02-01,-57.9333333333333,-61.4166666666667,1.19253490666548,345.065019734701,17.1010762532552,39.726367998394,-57.9321497523652,-61.4597273759239,1.8180704609792,-1.61373043418827,0.179157418009818,0.0711700816435697,33.6981020762508,21.7914789027738,39.5648574702353,18.4701619838625
2015-02-02,-57.9333333333333,-61.4166666666667,1.20273057123025,344.607772827148,17.354764286677,39.726367998394,-57.9321497523652,-61.4597273759239,1.88618227279276,-1.61948650447946,0.158264859320414,0.0700319479254628,33.6887342840209,20.9740187207559,39.5648574702353,8.98173319202036
2015-02-03,-57.9333333333333,-61.4166666666667,1.20901604791482,344.362435913086,19.3616977532705,39.726367998394,-57.9321497523652,-61.4597273759239,1.86668438839733,-1.6203378084907,0.124391608794493,0.130187831314883,33.683416452623,25.7772423199245,39.5648574702353,37.0548807228308
2015-02-04,-57.9333333333333,-61.4166666666667,1.21735317309697,343.984760538737,13.6239286343257,39.726367998394,-57.9321497523652,-61.4597273759239,1.86222638223404,-1.60621438842071,0.127578842642724,0.0176318969045367,33.669149699964,25.6894728474151,39.5648574702353,3.54351454064414
2015-02-05,-57.9333333333333,-61.4166666666667,1.20161387821039,343.563905843099,18.9319899876912,39.726367998394,-57.9321497523652,-61.4597273759239,1.93538269781529,-1.59460129908153,0.166548455120029,0.0144033596983978,33.6616922392881,21.7283766215905,39.5648574702353,13.1499005693737
2015-02-06,-57.9333333333333,-61.4166666666667,1.18901187280814,343.213092041016,19.0658106644948,39.726367998394,-57.9321497523652,-61.4597273759239,2.03600565965911,-1.5904950705686,0.175995425636271,0.0204841153682175,33.6549346464917,19.648872830814,39.5648574702353,15.924825563376
2015-02-07,-57.9333333333333,-61.4166666666667,1.17126579085986,342.661963907878,15.7006390253703,39.726367998394,-57.9321497523652,-61.4597273759239,2.07102255982564,-1.59915497921463,0.199675952805612,0.0553119300367465,33.6528408652858,23.9799772742996,39.5648574702353,28.7058300890478
2015-02-08,-57.9333333333333,-61.4166666666667,1.17426282068094,342.236894734701,17.4328616937002,39.726367998394,-57.9321497523652,-61.4597273759239,2.09154200867603,-1.60750282393362,0.178820109471006,0.0603004446239176,33.6476492917627,25.6498905805717,39.5648574702353,15.9356633730551
2015-02-09,-57.9333333333333,-61.4166666666667,1.18420870800813,342.194316609701,17.0318775653839,39.726367998394,-57.9321497523652,-61.4597273759239,2.12535559906995,-1.61128321939841,0.151456707752401,0.0701604469826347,33.6389986052549,25.5299963843554,39.5648574702353,6.96442418469337
2015-02-10,-57.9333333333333,-61.4166666666667,1.15496281584104,341.933898925781,14.4429396470388,39.726367998394,-57.9321497523652,-61.4597273759239,2.14904163251246,-1.61184540054852,0.159106986723224,0.0113354463942517,33.6315869496281,25.1846554082139,39.5648574702353,11.2737413557835
2015-02-11,-57.9333333333333,-61.4166666666667,1.09351483682791,341.710823567708,14.4139235496521,39.726367998394,-57.9321497523652,-61.4597273759239,2.19379507464574,-1.60967812816003,0.131107975637778,0.0137975788710261,33.6245883568785,22.5240377770331,39.5648574702353,4.79443645125964
2015-02-12,-57.9333333333333,-61.4166666666667,1.05223641792933,341.934967041016,18.0226276397705,39.726367998394,-57.9321497523652,-61.4597273759239,2.27631621253222,-1.60968501540951,0.119022186509425,0.0631320114226494,33.617383168156,16.527035731122,39.5648574702353,1.97423102410961
2015-02-13,-57.9333333333333,-61.4166666666667,1.02935028771559,342.011481730143,16.969348748525,39.726367998394,-57.9321497523652,-61.4597273759239,2.25208772304363,-1.61238578925455,0.0942884266824651,0.0935931550408889,33.6112736580067,21.5516905605345,39.5648574702353,16.8834137897043
2015-02-14,-57.9333333333333,-61.4166666666667,1.0134766270717,341.826442464193,13.2432276725769,39.726367998394,-57.9321497523652,-61.4597273759239,2.24940300973734,-1.601978515772,0.134708241916689,0.0327351170739061,33.6009878000819,22.0697021305113,39.5648574702353,1.14286681206662
2015-02-15,-57.9333333333333,-61.4166666666667,0.989300666252772,341.382538859049,11.8907963116964,39.726367998394,-57.9321497523652,-61.4597273759239,2.26169485436346,-1.59817402568975,0.192780605398287,0.0424780935133086,33.5965820972185,22.5171539120208,39.5648574702353,23.1612304420319
2015-02-16,-57.9333333333333,-61.4166666666667,0.991423026720683,341.100399780273,15.0384810288747,39.726367998394,-57.9321497523652,-61.4597273759239,2.29704217355054,-1.60301797865029,0.160061550907847,0.0478406317420024,33.590856996694,20.7284939378724,39.5648574702353,6.30818992622093
2015-02-17,-57.9333333333333,-61.4166666666667,0.982629198829333,341.161026000977,15.2477761427561,39.726367998394,-57.9321497523652,-61.4597273759239,2.32265294494485,-1.60317860151592,0.137675191618894,0.0444652388586586,33.5774793553173,20.6017158838143,39.5648574702353,0.837339766152588
2015-02-18,-57.9333333333333,-61.4166666666667,0.961111688613892,341.478217569987,15.4907968680064,39.726367998394,-57.9321497523652,-61.4597273759239,2.45452869565863,-1.60267608327077,0.1088776507772,0.0458213621960547,33.5589961431977,15.1714860299476,39.5648574702353,1.27275913923292
2015-02-19,-57.9333333333333,-61.4166666666667,0.93516401052475,341.869045003255,16.2619858582815,39.726367998394,-57.9321497523652,-61.4597273759239,2.42032961379317,-1.59796521627813,0.0841714260413459,0.0594973258001912,33.5506838891739,13.3908570977978,39.5648574702353,9.41394385819368
2015-02-20,-57.9333333333333,-61.4166666666667,0.905190381407738,341.793067423503,10.7669768730799,39.726367998394,-57.9321497523652,-61.4597273759239,2.37976982629389,-1.58988240562884,0.134793142613052,0.0329439277599629,33.5464216963689,15.7835772413956,39.5648574702353,1.12785027246563
2015-02-21,-57.9333333333333,-61.4166666666667,0.879738948742549,341.055577596029,9.13486201763153,39.726367998394,-57.9321497523652,-61.4597273759239,2.26824004130256,-1.59077042341232,0.159659991222889,0.0782903025164864,33.5482976096017,21.5993040163714,39.5648574702353,11.9416198970967
2015-02-22,-57.9333333333333,-61.4166666666667,0.915493309497833,340.39253133138,12.421529563268,39.726367998394,-57.9321497523652,-61.4597273759239,2.15043768443559,-1.5965138687227,0.193955453925003,0.106225064388455,33.553638443911,25.7376600100582,39.5648574702353,43.2510177889486
2015-02-23,-57.9333333333333,-61.4166666666667,0.959713201721509,340.482205200195,13.4415808836619,39.726367998394,-57.9321497523652,-61.4597273759239,2.08231211201589,-1.59349413921959,0.0923357007086725,0.0414615750480863,33.5510744080508,25.6768523875932,39.5648574702353,5.28483297667636
2015-02-24,-57.9333333333333,-61.4166666666667,0.986473737160365,340.688681030273,13.9862548192342,39.726367998394,-57.9321497523652,-61.4597273759239,1.9849658603955,-1.59546292948544,0.111860663034862,0.129520095380625,33.5479077360684,27.8148692066508,39.5648574702353,37.3109807036704
2015-02-25,-57.9333333333333,-61.4166666666667,1.01875391602516,340.442583211263,9.5051473458608,39.726367998394,-57.9321497523652,-61.4597273759239,1.83342976319162,-1.60046062209552,0.112007519216242,0.106615150725483,33.5499267721535,30.7468261109259,39.5648574702353,20.3502774545592
2015-02-26,-57.9333333333333,-61.4166666666667,1.04437929491202,340.463126627604,12.6185871283213,39.726367998394,-57.9321497523652,-61.4597273759239,1.7659622865512,-1.60466666642885,0.0694353456251827,0.0646854725183177,33.5514984704498,30.2259462363738,39.5648574702353,17.4111700492206
2015-02-27,-57.9333333333333,-61.4166666666667,1.06860244770845,340.983197021484,14.0705263614655,39.726367998394,-57.9321497523652,-61.4597273759239,1.71204227836509,-1.5968511772335,0.0469067193483724,0.0365327209430306,33.5572581327051,30.1295719541105,39.5648574702353,30.5760349995611
2015-02-28,-57.9333333333333,-61.4166666666667,1.03400093019009,340.912760416667,8.60835944811503,39.726367998394,-57.9321497523652,-61.4597273759239,1.64179096410149,-1.58432711470396,0.0850250260218194,-0.0408741509807961,33.5787073436536,32.6152242574477,39.5648574702353,43.9904553138963
2015-03-01,-57.9333333333333,-61.4166666666667,1.00757707258066,340.963751220703,12.3746335665385,39.726367998394,-57.9321497523652,-61.4597273759239,1.62669049483493,-1.58911944152717,0.102656923066405,0.0285359536318627,33.5988541653282,31.9096271220903,39.5648574702353,3.64960312783648
2015-03-02,-57.9333333333333,-61.4166666666667,0.992280831933022,341.109162394206,10.6261623938878,39.726367998394,-57.9321497523652,-61.4597273759239,1.63859409183488,-1.58629131630847,0.108343002995602,-0.0170215264354881,33.6127307432935,26.2298570647276,39.5648574702353,20.0243293302438
2015-03-03,-57.9333333333333,-61.4166666666667,0.964232867956161,341.054327392578,10.0727199633916,39.726367998394,-57.9321497523652,-61.4597273759239,1.64369091458787,-1.58858134961666,0.124710561217446,0.0205942573151866,33.6236759845476,25.0739396496823,39.5648574702353,2.7629581175701
2015-03-04,-57.9333333333333,-61.4166666666667,0.952168410023054,341.227866617839,11.1993673324585,39.726367998394,-57.9321497523652,-61.4597273759239,1.62535227331004,-1.5949581090669,0.138017090597659,0.0340361692067376,33.6353209502715,27.2962839800612,39.5648574702353,1.38804533928918
2015-03-05,-57.9333333333333,-61.4166666666667,0.933590584993362,341.47126566569,11.9542534192403,39.726367998394,-57.9321497523652,-61.4597273759239,1.62184149699104,-1.5945118047241,0.0951282590263544,0.0284235170181084,33.6430192101271,26.0485817041612,39.5648574702353,5.6130843725747
2015-03-06,-57.9333333333333,-61.4166666666667,0.881662248571714,341.315780639648,11.2102269013723,39.726367998394,-57.9321497523652,-61.4597273759239,1.59787459974002,-1.59464833431674,0.0543160629003568,0.0220811742645009,33.6641528624341,30.5454728083503,39.5648574702353,27.2216815438008
2015-03-07,-57.9333333333333,-61.4166666666667,0.839364882310232,341.147494506836,8.83987054030101,39.726367998394,-57.9321497523652,-61.4597273759239,1.59304211798467,-1.59241911208719,0.124276877429925,0.0241922288993023,33.6778234324061,31.2677059747223,39.5648574702353,1.98296626496245
2015-03-08,-57.9333333333333,-61.4166666666667,0.777148567636808,340.614692179362,6.03565464019775,39.726367998394,-57.9321497523652,-61.4597273759239,1.59319907292388,-1.58865822347483,0.116626599075315,-0.0113377410470319,33.6910693519994,29.764153039545,39.5648574702353,15.6966359158592
2015-03-09,-57.9333333333333,-61.4166666666667,0.727842552463214,340.174247233073,8.28649222056071,39.726367998394,-57.9321497523652,-61.4597273759239,1.63432058086969,-1.58883834781503,0.0906606244161389,0.0351008750582324,33.6833995446227,11.8878776722385,39.5648574702353,6.21185913237115
2015-03-10,-57.9333333333333,-61.4166666666667,0.67774784664313,339.634982299805,4.89670527776082,39.726367998394,-57.9321497523652,-61.4597273759239,1.60253360553792,-1.58727226804074,0.0920924703289468,-0.0131091912578147,33.6961576562179,20.9074746146238,39.5648574702353,21.6944181777151
2015-03-11,-57.9333333333333,-61.4166666666667,0.639771250883738,339.232406616211,7.73987507820129,39.726367998394,-57.9321497523652,-61.4597273759239,1.56859610985993,-1.59154370808064,0.05672771366019,0.0346947263057967,33.7201881695511,33.8984934584539,39.5648574702353,23.5703601094243
2015-03-12,-57.9333333333333,-61.4166666666667,0.626587913433711,338.867330932617,5.25646048386892,39.726367998394,-57.9321497523652,-61.4597273759239,1.56428129309998,-1.5831832437587,0.1768559096171,-0.0117393003538587,33.7311563850345,36.976732842008,39.5648574702353,29.1716508665224
2015-03-13,-57.9333333333333,-61.4166666666667,0.598477913935979,338.224096679687,2.94420728683472,39.726367998394,-57.9321497523652,-61.4597273759239,1.57543316640352,-1.58928350532862,0.172383685477246,0.00350159742778405,33.7278863863837,29.5301013423088,39.5648574702353,19.5916704848166
2015-03-14,-57.9333333333333,-61.4166666666667,0.607360790173213,338.249695841471,6.43276787598928,39.726367998394,-57.9321497523652,-61.4597273759239,1.51723964814853,-1.59911138357076,0.152223112621814,0.068095284479117,33.7240774398459,33.8743998771323,39.5648574702353,6.65528912135042
2015-03-15,-57.9333333333333,-61.4166666666667,0.641328390439351,338.746950276693,7.46033309300741,39.726367998394,-57.9321497523652,-61.4597273759239,1.45826687747823,-1.59984795760391,0.0941415698848721,0.0560943972515432,33.7161786789285,35.4984207655254,39.5648574702353,5.40027189816631
2015-03-16,-57.9333333333333,-61.4166666666667,0.632814993460973,338.604216512044,4.47326067288717,39.726367998394,-57.9321497523652,-61.4597273759239,1.41753086066784,-1.59571877816566,0.136989098420381,-0.0189191812047161,33.7004429953439,28.2709259162272,39.5648574702353,20.6083158360783
2015-03-17,-57.9333333333333,-61.4166666666667,0.631953492760658,338.608534749349,7.33981168270111,39.726367998394,-57.9321497523652,-61.4597273759239,1.40333906387476,-1.59122705056255,0.15599318118976,0.0413216028950716,33.696926704923,30.1708752875938,39.5648574702353,4.9226449791041
2015-03-18,-57.9333333333333,-61.4166666666667,0.666033604741097,339.129732259115,7.86872546672821,39.726367998394,-57.9321497523652,-61.4597273759239,1.36888940475489,-1.58431678786314,0.153765100915741,0.0576432689156075,33.6957334504092,34.6964491722279,39.5648574702353,5.12936376112939
2015-03-19,-57.9333333333333,-61.4166666666667,0.703838824232419,339.552220662435,8.39490388234456,39.726367998394,-57.9321497523652,-61.4597273759239,1.29387444605057,-1.5830065603543,0.192681936421117,0.0662504065417706,33.6996628610711,36.5017452706072,39.5648574702353,25.5338348887394
2015-03-20,-57.9333333333333,-61.4166666666667,0.75752680003643,340.196742757161,8.91376622517904,39.726367998394,-57.9321497523652,-61.4597273759239,1.15162882522533,-1.59465866250203,0.121052929767428,0.0959267886145447,33.7004199350687,38.339739792329,39.5648574702353,13.4972479672901
2015-03-21,-57.9333333333333,-61.4166666666667,0.80658560693264,341.015417480469,9.44820622603098,39.726367998394,-57.9321497523652,-61.4597273759239,1.05609717035204,-1.60730204591177,0.09235635251367,0.0529576449241853,33.6999610097785,37.342725305629,39.5648574702353,5.63545284386928
2015-03-22,-57.9333333333333,-61.4166666666667,0.840596335132917,341.672377522786,8.02556965351105,39.726367998394,-57.9321497523652,-61.4597273759239,1.02001740755443,-1.60689245578938,0.12876975249247,0.0321752283638133,33.7044756896514,36.5568162731658,39.5648574702353,0.792400808638498
2015-03-23,-57.9333333333333,-61.4166666666667,0.873223165671031,342.259614054362,9.2278534412384,39.726367998394,-57.9321497523652,-61.4597273759239,0.990617758349368,-1.59805814753798,0.116319119230025,0.0504197901941108,33.7105106554533,35.3590220867243,39.5648574702353,0.554106061224846
2015-03-24,-57.9333333333333,-61.4166666666667,0.899592355887095,342.616827392578,8.59682853221893,39.726367998394,-57.9321497523652,-61.4597273759239,0.986999593731156,-1.59615475970103,0.178826992435003,0.0698552620562172,33.7225687987822,36.3296484409418,39.5648574702353,17.9436375523621
2015-03-25,-57.9333333333333,-61.4166666666667,0.914269791046778,342.441212972005,8.77667761643728,39.726367998394,-57.9321497523652,-61.4597273759239,0.919617476319908,-1.61427885025067,0.138485194807102,0.141199735098315,33.7426407892901,40.9716745211666,39.5648574702353,48.0850687803567
2015-03-26,-57.9333333333333,-61.4166666666667,0.963255329926809,342.784575398763,7.478480219841,39.726367998394,-57.9321497523652,-61.4597273759239,0.85751391521522,-1.61535273593171,0.147780719262205,0.0824366898408958,33.7506776680624,42.6513400328787,39.5648574702353,10.0024515731711
2015-03-27,-57.9333333333333,-61.4166666666667,0.983710776766141,343.187288411458,6.342755540212,39.726367998394,-57.9321497523652,-61.4597273759239,0.828574109906541,-1.60161367170793,0.138751370846329,0.0369113339741427,33.7562192185481,41.2418666280302,39.5648574702353,1.24017471765671
2015-03-28,-57.9333333333333,-61.4166666666667,1.01199784576893,343.735488891602,9.37007809480031,39.726367998394,-57.9321497523652,-61.4597273759239,0.800306168041731,-1.59719766396329,0.0975720340708145,0.0590246330974694,33.7598447297749,39.724545941317,39.5648574702353,4.80381734940378
2015-03-29,-57.9333333333333,-61.4166666666667,1.02718228399754,344.189793904622,6.57802396217982,39.726367998394,-57.9321497523652,-61.4597273759239,0.767850078250233,-1.5964484671901,0.0999997474421236,0.0071248098843752,33.767296869952,39.0086228901282,39.5648574702353,9.89662367822925
2015-03-30,-57.9333333333333,-61.4166666666667,1.0078639626503,344.335544840495,6.70134589672089,39.726367998394,-57.9321497523652,-61.4597273759239,0.778327333859931,-1.60147943353294,0.122962057450436,0.00187929774305426,33.7763433241306,36.3525947628165,39.5648574702353,8.92936891009365
2015-03-31,-57.9333333333333,-61.4166666666667,0.991802414258321,344.479604085286,8.00870834986369,39.726367998394,-57.9321497523652,-61.4597273759239,0.777325040527752,-1.60347346479731,0.126722947813402,0.0109797794848008,33.7819994015801,36.5740260934471,39.5648574702353,5.50491724787815
2015-04-01,-57.9333333333333,-61.4166666666667,0.960613629221916,344.428936767578,6.34702945550283,39.726367998394,-57.9321497523652,-61.4597273759239,0.787306657747219,-1.60822677926013,0.109547681084141,-0.00148003303298825,33.7859059240585,34.1801585792599,39.5648574702353,11.5423200725708
2015-04-02,-57.9333333333333,-61.4166666666667,0.916231306393941,344.201409912109,6.37764246463776,39.726367998394,-57.9321497523652,-61.4597273759239,0.757177315596351,-1.61838737645544,0.0405116003931017,0.0694651757331943,33.7920267492309,36.1334579618354,39.5648574702353,38.6881587057797
2015-04-03,-57.9333333333333,-61.4166666666667,0.88544676999251,344.071026611328,5.8874147494634,39.726367998394,-57.9321497523652,-61.4597273759239,0.699033362748928,-1.61567053893455,0.0597772701202255,0.0850433830900076,33.7977462424371,38.7659663903086,39.5648574702353,29.4815538323536
2015-04-04,-57.9333333333333,-61.4166666666667,0.876847897966703,344.17456258138,7.31145348548889,39.726367998394,-57.9321497523652,-61.4597273759239,0.63579809379981,-1.60916413400406,0.0505574678063841,0.0628176477170528,33.8036547639316,40.7542588836268,39.5648574702353,29.2662377397234
2015-04-05,-57.9333333333333,-61.4166666666667,0.863143633802732,344.238712565104,4.55175535678864,39.726367998394,-57.9321497523652,-61.4597273759239,0.599555870980248,-1.60326465404123,0.087819879314393,0.0882329118150966,33.8083414350237,41.3795442617029,39.5648574702353,16.5531459115114
2015-04-06,-57.9333333333333,-61.4166666666667,0.868016533056895,344.519061279297,7.18957210381826,39.726367998394,-57.9321497523652,-61.4597273759239,0.57148343066972,-1.60718157596158,0.0675583420867534,0.0740704875355376,33.8108140185363,41.1535236674144,39.5648574702353,20.8390449076303
2015-04-07,-57.9333333333333,-61.4166666666667,0.898454977075259,345.104126993815,8.1521809498469,39.726367998394,-57.9321497523652,-61.4597273759239,0.56683268633328,-1.60474812760389,0.0788042987871887,0.0442472495054616,33.8148525496174,40.6544428301933,39.5648574702353,10.550256995747
2015-04-08,-57.9333333333333,-61.4166666666667,0.922558738787969,345.697320556641,6.66604888439178,39.726367998394,-57.9321497523652,-61.4597273759239,0.56954493317613,-1.59878669331845,0.116516456568151,0.0539122090667934,33.8178126399678,40.6521481929865,39.5648574702353,0.819330343700655
2015-04-09,-57.9333333333333,-61.4166666666667,0.922349714239438,346.099788411458,4.74023224115372,39.726367998394,-57.9321497523652,-61.4597273759239,0.587321850142085,-1.59704048292977,0.128567825750749,0.0121775736850231,33.8214094118964,40.0985698484837,39.5648574702353,5.16897325460388
2015-04-10,-57.9333333333333,-61.4166666666667,0.90149801770846,346.281592814128,4.57186135053635,39.726367998394,-57.9321497523652,-61.4597273759239,0.617115258246212,-1.59836562818154,0.140183215876831,0.0218907203665353,33.8238417546552,38.0988041583757,39.5648574702353,3.65915814482862
2015-04-11,-57.9333333333333,-61.4166666666667,0.83695017794768,345.761158243815,3.61514584620794,39.726367998394,-57.9321497523652,-61.4597273759239,0.631034453784613,-1.60502004220073,0.194958204473544,0.043584102918779,33.8285457639766,40.7628637830118,39.5648574702353,24.6547667645892
2015-04-12,-57.9333333333333,-61.4166666666667,0.824571126699448,345.625821940104,6.35851021607717,39.726367998394,-57.9321497523652,-61.4597273759239,0.576291130561578,-1.61754180838291,0.108739973360995,0.099166798566405,33.8300315742206,46.0795094447028,39.5648574702353,16.4408340072266
2015-04-13,-57.9333333333333,-61.4166666666667,0.854874764879545,346.012228393555,5.54941076437632,39.726367998394,-57.9321497523652,-61.4597273759239,0.518942951175727,-1.62102734415155,0.0954265605266157,0.0687354850421723,33.8257750604386,46.0668890171481,39.5648574702353,7.33036639133497
2015-04-14,-57.9333333333333,-61.4166666666667,0.870701702435811,346.336791992188,4.45274152755737,39.726367998394,-57.9321497523652,-61.4597273759239,0.463128496913758,-1.63004636585264,0.0919203734711597,0.0953600161841937,33.8184436998869,45.9269167857063,39.5648574702353,18.5226042414673
2015-04-15,-57.9333333333333,-61.4166666666667,0.857965739568075,346.608565266927,2.33515576720238,39.726367998394,-57.9321497523652,-61.4597273759239,0.405287432043176,-1.6416950266164,0.0903531446408733,0.0717529169374839,33.8109288179785,45.6377940823261,39.5648574702353,9.73506251390174
2015-04-16,-57.9333333333333,-61.4166666666667,0.81948171655337,346.803015136719,2.13866961797078,39.726367998394,-57.9321497523652,-61.4597273759239,0.405061639761342,-1.6409515720561,0.163501193480832,0.0859818846351446,33.8039129443635,46.5843268480516,39.5648574702353,16.2822274663856
2015-04-17,-57.9333333333333,-61.4166666666667,0.790481090545654,347.250404866536,1.69724538723628,39.726367998394,-57.9321497523652,-61.4597273759239,0.386863431200049,-1.6470197035854,0.113120412383985,0.0897542479679101,33.7937992927723,47.8968520738128,39.5648574702353,11.0958638393368
2015-04-18,-57.9333333333333,-61.4166666666667,0.774999328454336,347.628600056966,2.6254394253095,39.726367998394,-57.9321497523652,-61.4597273759239,0.381056194718843,-1.65939690878517,0.10281984136909,0.0538548435035505,33.7855845860073,46.2194814502745,39.5648574702353,2.87796507582294
2015-04-19,-57.9333333333333,-61.4166666666667,0.759886953234673,347.769500732422,2.850075451533,39.726367998394,-57.9321497523652,-61.4597273759239,0.416502640015425,-1.65858001995804,0.156195108519685,0.00134923937905552,33.7865024652696,46.4655800654476,39.5648574702353,14.0861015044221
2015-04-20,-57.9333333333333,-61.4166666666667,0.764654505252838,348.010326131185,5.4301727771759,39.726367998394,-57.9321497523652,-61.4597273759239,0.42305884204973,-1.65509334453066,0.107744105804459,0.0601329366655502,33.7859345773109,46.824688689153,39.5648574702353,2.72922756319497
2015-04-21,-57.9333333333333,-61.4166666666667,0.772409694393476,348.135663859049,3.75420116186142,39.726367998394,-57.9321497523652,-61.4597273759239,0.421610473858235,-1.64003027426569,0.133661893217411,0.0243620311323189,33.7822172695533,47.1138114893347,39.5648574702353,2.34629225801871
2015-04-22,-57.9333333333333,-61.4166666666667,0.769189023971558,348.17006632487,4.45426043669383,39.726367998394,-57.9321497523652,-61.4597273759239,0.414393421038425,-1.6420036549855,0.0876638445078878,0.0530586086381647,33.77520720403,45.0067722528501,39.5648574702353,7.2741188317677
2015-04-23,-57.9333333333333,-61.4166666666667,0.775404889384905,348.330535888672,4.57141929864883,39.726367998394,-57.9321497523652,-61.4597273759239,0.36875884069648,-1.63102043436882,0.0923379952914285,0.0722508500365162,33.7657075179251,42.7465667975576,39.5648574702353,9.21117079688861
2015-04-24,-57.9333333333333,-61.4166666666667,0.77766468723615,348.614884440104,3.98971126476924,39.726367998394,-57.9321497523652,-61.4597273759239,0.302838860037632,-1.62138645093244,0.0881480105025204,0.0824688147557409,33.7563110150789,42.4964528406473,39.5648574702353,14.054886995167
2015-04-25,-57.9333333333333,-61.4166666666667,0.783560253183047,349.067385864258,3.74732502698898,39.726367998394,-57.9321497523652,-61.4597273759239,0.285747577205188,-1.61432130354688,0.117301218533762,0.0730149599310375,33.7496795941116,42.420156496808,39.5648574702353,4.45656875690281
2015-04-26,-57.9333333333333,-61.4166666666667,0.782713754971822,349.42419128418,3.15247573455175,39.726367998394,-57.9321497523652,-61.4597273759239,0.277723732915588,-1.60697046975444,0.119079552940968,0.0411357381906276,33.7432833650058,40.0257154012981,39.5648574702353,0.204146197581953
2015-04-27,-57.9333333333333,-61.4166666666667,0.77244785229365,349.708510335286,3.72584517796834,39.726367998394,-57.9321497523652,-61.4597273759239,0.25576692760775,-1.60589085127178,0.0966289438503353,0.0990933707558123,33.741327128016,41.7971658742517,39.5648574702353,19.0715037522124
2015-04-28,-57.9333333333333,-61.4166666666667,0.754333404699961,349.818933105469,3.12062481641769,39.726367998394,-57.9321497523652,-61.4597273759239,0.250345187443764,-1.59501433103604,0.155242838679736,-0.00339833934112151,33.7440520408458,41.0846848201035,39.5648574702353,15.9334871044326
2015-04-29,-57.9333333333333,-61.4166666666667,0.712510456641515,349.456889851888,2.91813326279322,39.726367998394,-57.9321497523652,-61.4597273759239,0.283407059239042,-1.59611918962091,0.177285005289473,0.00937583681223984,33.7539074833232,40.6555899569863,39.5648574702353,19.8345833189557
2015-04-30,-57.9333333333333,-61.4166666666667,0.694787767529488,349.559176635742,2.62009470065435,39.726367998394,-57.9321497523652,-61.4597273759239,0.321089388452526,-1.59938788414001,0.128118079407771,0.0181826067234116,33.7502418317293,37.3685398460331,39.5648574702353,3.41602560224003
2015-05-01,-57.9333333333333,-61.4166666666667,0.674676552414894,349.510367838542,1.68150319258372,39.726367998394,-57.9321497523652,-61.4597273759239,0.353674895025061,-1.59412745873731,0.101566976202386,0.000481871187798959,33.7194996883995,20.7904487229828,39.5648574702353,12.1981608349605
2015-05-02,-57.9333333333333,-61.4166666666667,0.668550178408623,349.88515218099,3.02692388693492,39.726367998394,-57.9321497523652,-61.4597273759239,0.328972799801513,-1.59716209836472,0.0964820873608491,0.0613169632011786,33.698549672177,12.8034331206989,39.5648574702353,5.4742278758912
2015-05-03,-57.9333333333333,-61.4166666666667,0.654903121789296,350.002862548828,2.4901691476504,39.726367998394,-57.9321497523652,-61.4597273759239,0.294878348259998,-1.59646223989644,0.0577350537943885,0.00715922924192776,33.6983201880204,19.4182630481577,39.5648574702353,29.2715469876626
2015-05-04,-57.9333333333333,-61.4166666666667,0.628145225842794,349.958954874674,3.0662670135498,39.726367998394,-57.9321497523652,-61.4597273759239,0.248786679392022,-1.60017379289283,0.0218953097141103,0.0782398209535986,33.6992379382141,27.9307476703386,39.5648574702353,58.7116192157164
2015-05-05,-57.9333333333333,-61.4166666666667,0.62543018758297,350.170374552409,2.45080143610636,39.726367998394,-57.9321497523652,-61.4597273759239,0.185042003155651,-1.59375343466164,0.0841415960873876,0.0707708171155668,33.696948990786,33.4280954088484,39.5648574702353,11.7971540170306
2015-05-06,-57.9333333333333,-61.4166666666667,0.624853822588921,350.476516723633,2.18520119190216,39.726367998394,-57.9321497523652,-61.4597273759239,0.160562945935959,-1.58933627963962,0.0919869176035089,0.0809750134559502,33.6869330011812,33.6546895808743,39.5648574702353,12.1618908618431
2015-05-07,-57.9333333333333,-61.4166666666667,0.626878797014554,350.86665242513,2.2911670088768,39.726367998394,-57.9321497523652,-61.4597273759239,0.13663184525151,-1.58415042726617,0.0826363221399094,0.0722003684316139,33.6767504986067,33.4143276608976,39.5648574702353,12.8110604361689
2015-05-08,-57.9333333333333,-61.4166666666667,0.624367821216583,350.896592203776,2.2424413005511,39.726367998394,-57.9321497523652,-61.4597273759239,0.106959593363274,-1.58209444481627,0.0935770929615973,0.0225171529008706,33.6708131517683,32.5853943215277,39.5648574702353,7.18485722318728
2015-05-09,-57.9333333333333,-61.4166666666667,0.615342905124029,350.900308227539,1.9383855342865,39.726367998394,-57.9321497523652,-61.4597273759239,0.0760041873033782,-1.58870296863685,0.125121299065369,0.0422348636377575,33.6660002658242,32.592851846738,39.5648574702353,0.0181511640464904
2015-05-10,-57.9333333333333,-61.4166666666667,0.603033417463303,351.031550089518,1.54307325879733,39.726367998394,-57.9321497523652,-61.4597273759239,0.0620271687893043,-1.5897194837269,0.126094220626287,0.0325653146588265,33.6604301624728,32.696683647041,39.5648574702353,0.674596874802631
2015-05-11,-57.9333333333333,-61.4166666666667,0.572035598754883,351.000898234049,0.576377076903979,39.726367998394,-57.9321497523652,-61.4597273759239,0.0796003231036484,-1.59440625341315,0.13701663409969,0.00825605995224831,33.6579003011374,32.8458342803152,39.5648574702353,7.17813730032076
2015-05-12,-57.9333333333333,-61.4166666666667,0.538337550560633,350.92754313151,0.801837169130643,39.726367998394,-57.9321497523652,-61.4597273759239,0.0846861296410399,-1.61225155107957,0.0793848387840995,0.0282055276088921,33.6541600621733,31.9578144532397,39.5648574702353,11.5485753274697
2015-05-13,-57.9333333333333,-61.4166666666667,0.509728330373764,350.688315836589,0.728393821914991,39.726367998394,-57.9321497523652,-61.4597273759239,0.106246423088294,-1.61183966416165,0.0873953737458564,-0.0315258496097828,33.6509133102302,27.8504357732328,39.5648574702353,35.5703532443207
2015-05-14,-57.9333333333333,-61.4166666666667,0.48513525724411,350.635891723633,0.742087337374687,39.726367998394,-57.9321497523652,-61.4597273759239,0.130887940554018,-1.61011984921936,0.112080947054844,0.0149265342300996,33.6554853396308,30.4772076535046,39.5648574702353,5.0570727372858
2015-05-15,-57.9333333333333,-61.4166666666667,0.475823720296224,350.740898640951,1.11837156414986,39.726367998394,-57.9321497523652,-61.4597273759239,0.105244131324659,-1.60470338781973,0.0658465524701247,0.0114845970183387,33.6503970784352,29.3505467651482,39.5648574702353,22.6611300057866
2015-05-16,-57.9333333333333,-61.4166666666667,0.456435898939768,350.669447835286,0.495668903986613,39.726367998394,-57.9321497523652,-61.4597273759239,0.0863024635534538,-1.5949948273207,0.0569594707620099,-0.0303349396199884,33.6488424602308,29.6677786676507,39.5648574702353,50.6744922356717
2015-05-17,-57.9333333333333,-61.4166666666667,0.430301668246587,350.508165486654,0.778939837217331,39.726367998394,-57.9321497523652,-61.4597273759239,0.0683933757245541,-1.59136816971284,0.031661232653305,-0.0325033600421104,33.657843238429,33.2428043193387,39.5648574702353,72.6592204632249
2015-05-18,-57.9333333333333,-61.4166666666667,0.42333457171917,350.949677530924,1.05952134331067,39.726367998394,-57.9321497523652,-61.4597273759239,0.0299868649782095,-1.58654945640636,0.110513718238563,0.0498415447099316,33.6628225369561,35.1077607162017,39.5648574702353,1.17658505413681
2015-05-19,-57.9333333333333,-61.4166666666667,0.431277118126551,351.725453694661,1.33855372865995,39.726367998394,-57.9321497523652,-61.4597273759239,-0.0483626395015788,-1.60214143229606,0.0593045772214357,0.068967241975934,33.659902486586,36.6359809466771,39.5648574702353,24.500080038777
2015-05-20,-57.9333333333333,-61.4166666666667,0.421830220023791,351.845745849609,0.379125647743543,39.726367998394,-57.9321497523652,-61.4597273759239,-0.125748401773827,-1.60609966157971,0.0771865881419272,-0.0473105736160861,33.6600114205726,37.5871028290655,39.5648574702353,53.0871746933585
2015-05-21,-57.9333333333333,-61.4166666666667,0.392532535890738,351.690340169271,0.231818597515424,39.726367998394,-57.9321497523652,-61.4597273759239,-0.122661670992025,-1.60948194283292,0.0584991636889097,-0.0193574546479193,33.6579235478451,28.1194806815986,39.5648574702353,42.0740194204765
2015-05-22,-57.9333333333333,-61.4166666666667,0.381738685071468,352.124095662435,0.72886768480142,39.726367998394,-57.9321497523652,-61.4597273759239,-0.162125546317127,-1.61081741044396,0.111973099242476,0.0593114609977132,33.6592771487128,33.6374796924734,39.5648574702353,1.97160098196974
2015-05-23,-57.9333333333333,-61.4166666666667,0.387863506873449,352.883756510417,1.10709982911746,39.726367998394,-57.9321497523652,-61.4597273759239,-0.242039066340242,-1.61132681817937,0.0685565042680592,0.0565120189877829,33.6536896641093,36.9405922638743,39.5648574702353,16.5526723074627
2015-05-24,-57.9333333333333,-61.4166666666667,0.38726907769839,352.908883666992,0.998285585641861,39.726367998394,-57.9321497523652,-61.4597273759239,-0.356264571106075,-1.60870865278674,-0.0369572265815914,0.0223725914563003,33.6531043805574,39.6436603625018,39.5648574702353,133.089664893533
2015-05-25,-57.9333333333333,-61.4166666666667,0.379121521115303,352.933091227214,0.63362983862559,39.726367998394,-57.9321497523652,-61.4597273759239,-0.474948070831317,-1.60031376745468,-0.039547858185562,0.0707685227008691,33.6541770705603,43.0448680856174,39.5648574702353,138.507104430467
2015-05-26,-57.9333333333333,-61.4166666666667,0.377437213559945,353.293209838867,0.874813588460286,39.726367998394,-57.9321497523652,-61.4597273759239,-0.551006620063593,-1.59452442656782,0.0016658978074565,0.0140362197351187,33.6582844096019,45.9033971083792,39.5648574702353,80.2549971602686
2015-05-27,-57.9333333333333,-61.4166666666667,0.381732724606991,353.665595499674,0.916652361551921,39.726367998394,-57.9321497523652,-61.4597273759239,-0.607749018033868,-1.59600446053914,0.0601444099294512,0.0165304769306703,33.6629310837366,46.5286822390736,39.5648574702353,24.663348582329
2015-05-28,-57.9333333333333,-61.4166666666667,0.384960026542346,354.137808227539,0.638766580820084,39.726367998394,-57.9321497523652,-61.4597273759239,-0.634362078754974,-1.59819009205452,0.066110434374751,0.0033409736798446,33.6675145715699,46.7564238067856,39.5648574702353,25.4938620126995
2015-05-29,-57.9333333333333,-61.4166666666667,0.381754110256831,354.666323852539,0.545737220843633,39.726367998394,-57.9321497523652,-61.4597273759239,-0.643300100824887,-1.6129950083288,0.083898365511594,0.0264662021729059,33.6722128588454,48.349467116191,39.5648574702353,9.89495543572117
2015-05-30,-57.9333333333333,-61.4166666666667,0.37648993730545,355.119772338867,0.693899912635485,39.726367998394,-57.9321497523652,-61.4597273759239,-0.698412398310532,-1.61382451138102,0.0350182686505237,0.0615877284759418,33.6797219326622,51.5590737708529,39.5648574702353,41.778213873563
2015-05-31,-57.9333333333333,-61.4166666666667,0.369125916560491,355.648129272461,0.544253838062286,39.726367998394,-57.9321497523652,-61.4597273759239,-0.760025826779971,-1.61572217134605,0.112585763958164,0.0912273970845723,33.6795555057382,55.2981650990651,39.5648574702353,11.8427974125374
2015-06-01,-57.9333333333333,-61.4166666666667,0.366211531559626,356.765255737305,0.522804224491119,39.726367998394,-57.9321497523652,-61.4597273759239,-0.800260692890874,-1.61419739669427,0.0710255201429801,0.0660507740186793,33.6818042984582,58.2152069349934,39.5648574702353,16.834736355883
2015-06-02,-57.9333333333333,-61.4166666666667,0.364576072990894,357.60539855957,0.519318750500679,39.726367998394,-57.9321497523652,-61.4597273759239,-0.86103153671313,-1.60241563920688,0.0921498361722867,0.0394767245515845,33.6907360392406,58.7676374715074,39.5648574702353,5.41732948472711
2015-06-03,-57.9333333333333,-61.4166666666667,0.362496886650721,358.287446085612,0.464695013562838,39.726367998394,-57.9321497523652,-61.4597273759239,-0.908326506782743,-1.58841843174812,0.0732237710792543,0.0390728706900114,33.697912459983,58.7056824963792,39.5648574702353,13.3957171681251
2015-06-04,-57.9333333333333,-61.4166666666667,0.359071166316668,358.475621541341,0.462229041258494,39.726367998394,-57.9321497523652,-61.4597273759239,-0.935338829412944,-1.57875691589556,0.0669456778052158,0.00717299694853618,33.7088807184893,59.5420733537889,39.5648574702353,23.5191247781776
2015-06-05,-57.9333333333333,-61.4166666666667,0.351674822469552,358.54608968099,0.258567962050438,39.726367998394,-57.9321497523652,-61.4597273759239,-0.956888107652951,-1.57988701323818,0.0747749374801279,0.0122670640090578,33.7188680835236,59.2724550433625,39.5648574702353,17.5493781177122
2015-06-06,-57.9333333333333,-61.4166666666667,0.338953493038813,358.622941080729,0.16343036343654,39.726367998394,-57.9321497523652,-61.4597273759239,-0.962130870361973,-1.58181450331121,0.0952062763945949,0.00472692697119892,33.7332153033493,61.5762584155664,39.5648574702353,12.1128039459467
2015-06-07,-57.9333333333333,-61.4166666666667,0.326607546706994,358.833067830404,0.201044612874587,39.726367998394,-57.9321497523652,-61.4597273759239,-0.978519995409743,-1.59885668082345,0.0715441057612573,0.0373427235990539,33.7383552637315,61.1523264117707,39.5648574702353,14.3770829350086
2015-06-08,-57.9333333333333,-61.4166666666667,0.315277220805486,359.034122721354,0.149816208084424,39.726367998394,-57.9321497523652,-61.4597273759239,-0.995770988495726,-1.61267376259754,0.130899164503566,0.0273243918370708,33.7459333176003,61.6152668967283,39.5648574702353,1.59707373806622
2015-06-09,-57.9333333333333,-61.4166666666667,0.306958970427513,359.233944702148,0.30429331411918,39.726367998394,-57.9321497523652,-61.4597273759239,-0.997902229316252,-1.6203699286719,0.146917940474542,0.0428475285074989,33.7505111981155,61.9887173910786,39.5648574702353,2.46730872366398
2015-06-10,-57.9333333333333,-61.4166666666667,0.294794165094694,359.170054117839,0.140443470577399,39.726367998394,-57.9321497523652,-61.4597273759239,-0.9939949464305,-1.61915837284318,0.16032543263041,-0.0169503930956125,33.7600969443644,62.9863057244093,39.5648574702353,24.9685142337228
2015-06-11,-57.9333333333333,-61.4166666666667,0.283829048275948,359.204282633464,0.263204846779505,39.726367998394,-57.9321497523652,-61.4597273759239,-1.01253734876339,-1.62504867010547,0.060034267702385,0.0784601046654739,33.7756430977269,63.8221229538882,39.5648574702353,26.836313149697
2015-06-12,-57.9333333333333,-61.4166666666667,0.276714860399564,358.751459757487,0.22376443768541,39.726367998394,-57.9321497523652,-61.4597273759239,-1.04783235199021,-1.61759114130995,0.0371820996130319,0.000337309841262667,33.7967768360798,65.5189980600113,39.5648574702353,47.9078970063387
2015-06-13,-57.9333333333333,-61.4166666666667,0.268372750778993,358.186586507161,0.127555312588811,39.726367998394,-57.9321497523652,-61.4597273759239,-1.09317505538912,-1.60495464514969,0.0617254059761763,-0.00349471341342406,33.8088352375461,64.286784347735,39.5648574702353,31.1807951837642
2015-06-14,-57.9333333333333,-61.4166666666667,0.258482498923937,357.719003295898,0.110301499565442,39.726367998394,-57.9321497523652,-61.4597273759239,-1.12546593309345,-1.5949707371848,-0.0114226419674723,-0.0220972365398604,33.8204172464242,63.247319375662,39.5648574702353,114.6118268075
2015-06-15,-57.9333333333333,-61.4166666666667,0.248022593557835,357.098116048177,0.132163284098109,39.726367998394,-57.9321497523652,-61.4597273759239,-1.15479949699309,-1.58294116240695,-0.0148898203178008,-0.00969249497454865,33.8375868689745,65.3038768158819,39.5648574702353,111.950518001064
2015-06-16,-57.9333333333333,-61.4166666666667,0.240815881888072,356.866812133789,0.135674893856049,39.726367998394,-57.9321497523652,-61.4597273759239,-1.18493159283373,-1.57246964094334,-0.0126961589671839,0.0421476677284205,33.8571890350571,68.3385180387282,39.5648574702353,94.4617014437884
2015-06-17,-57.9333333333333,-61.4166666666667,0.234838551282883,356.910948689779,0.0961052753031254,39.726367998394,-57.9321497523652,-61.4597273759239,-1.20934456295537,-1.57183288317874,0.0527993158570358,0.0810897445824361,33.876039017412,72.035158666453,39.5648574702353,32.7175007299371
2015-06-18,-57.9333333333333,-61.4166666666667,0.229874444007874,356.808693440755,0.144628712038199,39.726367998394,-57.9321497523652,-61.4597273759239,-1.22206871670888,-1.57914814509844,0.0445662021384876,0.0337034486570304,33.8902080794026,73.8048878899194,39.5648574702353,32.6792770102383
2015-06-19,-57.9333333333333,-61.4166666666667,0.222213834027449,356.352735392253,0.0475913525869449,39.726367998394,-57.9321497523652,-61.4597273759239,-1.24542432530482,-1.58099990903883,0.0864155687027632,-0.0454702845361448,33.8972009501063,73.7389174619115,39.5648574702353,47.4590955020344
2015-06-20,-57.9333333333333,-61.4166666666667,0.21398037870725,356.102657063802,0.102534167654812,39.726367998394,-57.9321497523652,-61.4597273759239,-1.30850539462907,-1.57906553619786,0.108361359937747,0.011819612220826,33.88141971961,40.8288340855362,39.5648574702353,6.55179867756208
2015-06-21,-57.9333333333333,-61.4166666666667,0.208988213042418,356.077856445312,0.103157810121775,39.726367998394,-57.9321497523652,-61.4597273759239,-1.30181702433672,-1.57887967367818,-0.00381137191184929,0.0327259385608193,33.8985833189541,61.4408756844083,39.5648574702353,83.2734755102688
2015-06-22,-57.9333333333333,-61.4166666666667,0.204341650009155,355.961180623372,0.11326387686034,39.726367998394,-57.9321497523652,-61.4597273759239,-1.2785963371284,-1.59601019871862,0.0549103706178809,0.0644078226409908,33.9205717932909,76.4620639435331,39.5648574702353,26.4421733922617
2015-06-23,-57.9333333333333,-61.4166666666667,0.198862021168073,356.032770792643,0.0611675232648849,39.726367998394,-57.9321497523652,-61.4597273759239,-1.31916713849046,-1.61205076902433,0.165474570867486,0.0239306417875048,33.9144907643024,54.9086521729491,39.5648574702353,10.3311046926771
2015-06-24,-57.9333333333333,-61.4166666666667,0.195969005425771,356.705810546875,0.172854269420107,39.726367998394,-57.9321497523652,-61.4597273759239,-1.32779125813255,-1.62136695169865,0.16671825788523,0.0635611059746348,33.9231014251709,65.5545644509165,39.5648574702353,10.704517858807
2015-06-25,-57.9333333333333,-61.4166666666667,0.194147248566151,357.417693074544,0.0711446546639005,39.726367998394,-57.9321497523652,-61.4597273759239,-1.32923962478351,-1.6121356769612,0.113051573038661,0.0170995438457432,33.9363588892428,73.3769410391499,39.5648574702353,4.32855232081342
2015-06-26,-57.9333333333333,-61.4166666666667,0.190810307363669,357.992642211914,0.0836093634366989,39.726367998394,-57.9321497523652,-61.4597273759239,-1.33546815398044,-1.60474927622573,0.16254892394899,0.0383294122083519,33.9451071660321,71.8567521733449,39.5648574702353,7.31439975457811
2015-06-27,-57.9333333333333,-61.4166666666667,0.18748600234588,358.507923380534,0.080356477200985,39.726367998394,-57.9321497523652,-61.4597273759239,-1.33916066598175,-1.61435916325203,0.171424532799344,0.0178590644907234,33.9566432264514,72.5749700159058,39.5648574702353,14.3408542017144
2015-06-28,-57.9333333333333,-61.4166666666667,0.18563784211874,358.97490234375,0.140129567682743,39.726367998394,-57.9321497523652,-61.4597273759239,-1.36514591543298,-1.634227173669,0.14691564561169,0.0562986188981318,33.9658676233507,70.7799992023554,39.5648574702353,3.202785147293
2015-06-29,-57.9333333333333,-61.4166666666667,0.184547249476115,359.163213094076,0.117918373520176,39.726367998394,-57.9321497523652,-61.4597273759239,-1.370966914453,-1.63764731104213,0.0563881092501762,0.0851672932057452,33.9860200810253,76.1970349541284,39.5648574702353,31.7914636286545
2015-06-30,-57.9333333333333,-61.4166666666667,0.181486709415913,358.868470255534,0.0937349278479815,39.726367998394,-57.9321497523652,-61.4597273759239,-1.3755047677603,-1.63565443377746,0.0811700565334325,0.0984646434426532,34.0100219124242,81.1373621180542,39.5648574702353,24.2681754391425
2015-07-01,-57.9333333333333,-61.4166666666667,0.178522237638632,358.681883748372,0.115645548080405,39.726367998394,-57.9321497523652,-61.4597273759239,-1.38672823520531,-1.62438552720206,0.0887836216479764,0.108030934082834,34.0320044639415,86.0713788118578,39.5648574702353,26.8989349655405
2015-07-02,-57.9333333333333,-61.4166666666667,0.176089911162853,358.844915771484,0.0965268976986408,39.726367998394,-57.9321497523652,-61.4597273759239,-1.41992227475446,-1.62131416618376,0.156635676377586,0.0852361314306806,34.040580634784,86.375416766432,39.5648574702353,13.5471604980704
2015-07-03,-57.9333333333333,-61.4166666666667,0.172072946528594,358.342673746745,0.0892286771287521,39.726367998394,-57.9321497523652,-61.4597273759239,-1.3992486251028,-1.62941648906335,0.079520221617549,0.137909243415509,34.0691831344949,93.0080302245635,39.5648574702353,54.2233108377332
2015-07-04,-57.9333333333333,-61.4166666666667,0.168614368140697,357.779480997721,0.105622783799966,39.726367998394,-57.9321497523652,-61.4597273759239,-1.3790100342349,-1.62329558008596,0.0399723635580307,0.100571108897938,34.0941601946838,98.861618572608,39.5648574702353,51.8713009043964
2015-07-05,-57.9333333333333,-61.4166666666667,0.166308192908764,357.220169067383,0.129748585199316,39.726367998394,-57.9321497523652,-61.4597273759239,-1.37521289076124,-1.61765310145859,0.0522164812213496,0.0815096609574512,34.1096201588337,101.893965599232,39.5648574702353,33.2946920395336
2015-07-06,-57.9333333333333,-61.4166666666667,0.164260783791542,356.592273966471,0.118076132424176,39.726367998394,-57.9321497523652,-61.4597273759239,-1.37892467769465,-1.60738006704732,0.0882627416290063,0.0622141613744031,34.1187125758121,103.945933851084,39.5648574702353,8.29306088703153
2015-07-07,-57.9333333333333,-61.4166666666667,0.162027772267659,356.025940958659,0.126362789049745,39.726367998394,-57.9321497523652,-61.4597273759239,-1.38847674104504,-1.6086845550322,0.120506808932002,0.0856973510935791,34.1251776702422,105.179868443568,39.5648574702353,8.74064375977229
2015-07-08,-57.9333333333333,-61.4166666666667,0.159582083920638,355.444831339518,0.140966938932737,39.726367998394,-57.9321497523652,-61.4597273759239,-1.40446660393163,-1.62446125064577,0.134953767243297,0.0928038043719261,34.1303807308799,105.974956024858,39.5648574702353,12.3812390145735
2015-07-09,-57.9333333333333,-61.4166666666667,0.15871253212293,355.239175415039,0.212084642549356,39.726367998394,-57.9321497523652,-61.4597273759239,-1.43418567028261,-1.62932470373641,0.147363097371912,0.0365510779131848,34.1312125356574,103.988384332872,39.5648574702353,2.84421160768359
2015-07-10,-57.9333333333333,-61.4166666666667,0.158227588733037,355.263041178385,0.192961860944827,39.726367998394,-57.9321497523652,-61.4597273759239,-1.49450492903702,-1.63757159297628,0.15370314585087,-0.000406148626392049,34.1185289970914,81.9181083808268,39.5648574702353,14.099160583271
2015-07-11,-57.9333333333333,-61.4166666666667,0.156108090281487,355.232602945964,0.197690344105164,39.726367998394,-57.9321497523652,-61.4597273759239,-1.54958418213335,-1.65045016869566,0.174891710659503,0.0520214380458333,34.1032009411575,63.9833204011272,39.5648574702353,12.8899162211815
2015-07-12,-57.9333333333333,-61.4166666666667,0.152231372644504,354.849618530273,0.119503780982147,39.726367998394,-57.9321497523652,-61.4597273759239,-1.56263049563071,-1.6612934196802,0.155811906211022,0.0901810482032317,34.1081515720912,77.2760821285104,39.5648574702353,15.4441351194329
2015-07-13,-57.9333333333333,-61.4166666666667,0.148167497416337,354.582987467448,0.0766786452382803,39.726367998394,-57.9321497523652,-61.4597273759239,-1.62397408126888,-1.66397239346253,0.0840544001780506,0.0558052744184222,34.09274897181,47.8836583983629,39.5648574702353,8.96122199349248
2015-07-14,-57.9333333333333,-61.4166666666667,0.145555852601926,353.796826171875,0.178195109466712,39.726367998394,-57.9321497523652,-61.4597273759239,-1.5710976652633,-1.65624409869201,0.0836666087038759,0.102877206918328,34.1154541790037,89.9028294821431,39.5648574702353,25.707770306553
2015-07-15,-57.9333333333333,-61.4166666666667,0.143394292642673,353.21213277181,0.133945049718022,39.726367998394,-57.9321497523652,-61.4597273759239,-1.59367952759105,-1.64599859759324,0.135747706811679,0.0174345591182547,34.1110829948483,79.2775688601616,39.5648574702353,4.16154870838884
2015-07-16,-57.9333333333333,-61.4166666666667,0.140601483484109,352.880603027344,0.140934139428039,39.726367998394,-57.9321497523652,-61.4597273759239,-1.61594197355715,-1.64849055933773,0.152156568545484,0.076197605061912,34.112155770897,79.4261458045558,39.5648574702353,8.90931320955862
2015-07-17,-57.9333333333333,-61.4166666666667,0.13648428072532,352.725174967448,0.0671454347670078,39.726367998394,-57.9321497523652,-61.4597273759239,-1.63975192191906,-1.6431601446374,0.171383229609495,0.00897427763145669,34.1023576062425,63.9402959436402,39.5648574702353,17.0478625503369
2015-07-18,-57.9333333333333,-61.4166666666667,0.133260261267424,352.820666503906,0.119258639340599,39.726367998394,-57.9321497523652,-61.4597273759239,-1.65082669706273,-1.63277352618096,0.0959979217863621,0.0718814151263551,34.1087311049153,74.251766531091,39.5648574702353,7.98896876266252
2015-07-19,-57.9333333333333,-61.4166666666667,0.130709931254387,352.12766418457,0.121114922501147,39.726367998394,-57.9321497523652,-61.4597273759239,-1.648957034699,-1.6316537503013,0.142585688557728,0.10042425303867,34.119303538387,84.1651196910026,39.5648574702353,17.4537151457072
2015-07-20,-57.9333333333333,-61.4166666666667,0.127423801769813,350.945880126953,0.126752931500475,39.726367998394,-57.9321497523652,-61.4597273759239,-1.62073590567237,-1.63800068053984,0.0517850916104433,0.110802840875616,34.1407867661096,97.9156593129151,39.5648574702353,48.8569684563822
2015-07-21,-57.9333333333333,-61.4166666666667,0.124967628965775,350.001202392578,0.127544671793779,39.726367998394,-57.9321497523652,-61.4597273759239,-1.62612460206326,-1.6412819955582,0.156943155718701,0.093852447892042,34.1472576829724,97.8255955581378,39.5648574702353,17.5612017404477
2015-07-22,-57.9333333333333,-61.4166666666667,0.123271015783151,349.405151367188,0.125000496829549,39.726367998394,-57.9321497523652,-61.4597273759239,-1.61559503060534,-1.65146324419437,0.147186411194559,0.0821590400055835,34.158099597558,101.998944605204,39.5648574702353,9.76122882210788
2015-07-23,-57.9333333333333,-61.4166666666667,0.120390562961499,348.118493652344,0.0973499399920305,39.726367998394,-57.9321497523652,-61.4597273759239,-1.59179885136454,-1.65844005346298,0.110536664108137,0.132870247461518,34.1741046475289,109.638898035637,39.5648574702353,40.4080296301916
2015-07-24,-57.9333333333333,-61.4166666666667,0.117477210611105,346.88747660319,0.0955678844203552,39.726367998394,-57.9321497523652,-61.4597273759239,-1.55906740749689,-1.67075760248012,0.0929162410416998,0.128297060125865,34.1927887909394,117.41480811915,39.5648574702353,40.508011293612
2015-07-25,-57.9333333333333,-61.4166666666667,0.116567762196064,346.35781656901,0.126674563189348,39.726367998394,-57.9321497523652,-61.4597273759239,-1.56317019910741,-1.66807403510674,0.0969065936856476,0.0676042350163137,34.1978944477282,116.887044655649,39.5648574702353,6.63520643178323
2015-07-26,-57.9333333333333,-61.4166666666667,0.116692780206601,346.039926147461,0.124014901618163,39.726367998394,-57.9321497523652,-61.4597273759239,-1.56807977409291,-1.67094805590192,0.0513927109287422,0.0292541711430128,34.1961103166853,112.196257390474,39.5648574702353,28.0008740522045
2015-07-27,-57.9333333333333,-61.4166666666667,0.11575346638759,345.696039835612,0.0671735350042582,39.726367998394,-57.9321497523652,-61.4597273759239,-1.60859275401983,-1.66391617507863,0.0282697771304756,0.00909130345273735,34.1839660558485,86.6392991847562,39.5648574702353,52.6604771553125
2015-07-28,-57.9333333333333,-61.4166666666667,0.1148270872732,345.35021870931,0.14331291342775,39.726367998394,-57.9321497523652,-61.4597273759239,-1.67451548486724,-1.65632670311103,0.0904678760474562,0.0467873990003552,34.1665326885711,50.9406723653464,39.5648574702353,5.9087442924483
2015-07-29,-57.9333333333333,-61.4166666666667,0.115355871369441,345.281950887044,0.193202317754428,39.726367998394,-57.9321497523652,-61.4597273759239,-1.63982626549283,-1.64409520661921,0.0936000387471421,0.0880057439628176,34.1793825393333,90.2940628761636,39.5648574702353,14.4861977486032
2015-07-30,-57.9333333333333,-61.4166666666667,0.115730948746204,345.392733764648,0.125822299222151,39.726367998394,-57.9321497523652,-61.4597273759239,-1.64533061192448,-1.64389786639608,0.106390277876106,0.0206126142573312,34.1787687602796,91.5859362379949,39.5648574702353,4.44208513486473
2015-07-31,-57.9333333333333,-61.4166666666667,0.117283897846937,345.612485758464,0.249125787119071,39.726367998394,-57.9321497523652,-61.4597273759239,-1.68527084589005,-1.6437074188003,0.121436132342184,0.0323174953516713,34.1651615630415,65.7759960576108,39.5648574702353,0.748871344339854
2015-08-01,-57.9333333333333,-61.4166666666667,0.120569877574841,346.003333536784,0.269993673761686,39.726367998394,-57.9321497523652,-61.4597273759239,-1.69713865186935,-1.65587466193321,0.103120437087981,0.0653394403118164,34.1613810833235,67.1424450372395,39.5648574702353,4.5921388968841
2015-08-02,-57.9333333333333,-61.4166666666667,0.123879643281301,346.322320556641,0.329946401218573,39.726367998394,-57.9321497523652,-61.4597273759239,-1.6953571062339,-1.6635765697723,0.117594930588415,0.0380609409701555,34.1603656854845,72.7229725507865,39.5648574702353,0.437656796695415
2015-08-03,-57.9333333333333,-61.4166666666667,0.127214216937621,346.294074503581,0.428654589752356,39.726367998394,-57.9321497523652,-61.4597273759239,-1.70286878921036,-1.67901824918905,0.142883989959955,0.049772705756744,34.1567573690773,71.3559500794662,39.5648574702353,1.80694983948738
2015-08-04,-57.9333333333333,-61.4166666666667,0.130869943151871,346.438583374023,0.432793307304382,39.726367998394,-57.9321497523652,-61.4597273759239,-1.70846124519979,-1.67863275099518,0.156686157688386,0.0351972492845883,34.1534128404201,69.7789692018265,39.5648574702353,5.49941737488386
2015-08-05,-57.9333333333333,-61.4166666666667,0.132896101474762,346.593848673503,0.393393856411179,39.726367998394,-57.9321497523652,-61.4597273759239,-1.72692930922472,-1.66268740874484,0.147606327331492,-0.035474898797789,34.1436892918178,57.6633496678861,39.5648574702353,34.2765121073856
2015-08-06,-57.9333333333333,-61.4166666666667,0.129416576276223,345.683874511719,0.288613849257429,39.726367998394,-57.9321497523652,-61.4597273759239,-1.73157454567744,-1.64740749498955,0.194038059730503,-0.00511012926585692,34.1282064681663,51.0215579549173,39.5648574702353,36.1204723704737
2015-08-07,-57.9333333333333,-61.4166666666667,0.131705199927092,345.949473063151,0.416159863273303,39.726367998394,-57.9321497523652,-61.4597273759239,-1.75821513520148,-1.64795361918614,0.133216736137979,0.00864614614922749,34.1218159754473,45.5001166781088,39.5648574702353,6.64474235725265
2015-08-08,-57.9333333333333,-61.4166666666667,0.137801936268806,346.702665201823,0.463969839612643,39.726367998394,-57.9321497523652,-61.4597273759239,-1.77367907045479,-1.65288246843152,0.133661892923309,0.0405414304871084,34.1181905215844,44.9901362791994,39.5648574702353,0.461428396655297
2015-08-09,-57.9333333333333,-61.4166666666667,0.139436660706997,346.419651285807,0.415389778713385,39.726367998394,-57.9321497523652,-61.4597273759239,-1.76257400360323,-1.66174430954725,0.184375394779937,0.0427236187138728,34.1210644227221,55.4656726256349,39.5648574702353,17.7917740935605
2015-08-10,-57.9333333333333,-61.4166666666667,0.141372729092836,346.542394002279,0.36764627546072,39.726367998394,-57.9321497523652,-61.4597273759239,-1.7626456017781,-1.6717718252562,0.138152473445113,0.0637515600686683,34.1216725370938,59.4072643939714,39.5648574702353,2.83018051138421
2015-08-11,-57.9333333333333,-61.4166666666667,0.143169114241997,346.551874796549,0.325541675339142,39.726367998394,-57.9321497523652,-61.4597273759239,-1.77224447180454,-1.6639723907736,0.174549811386636,0.0285359537158918,34.1148976777729,57.7832436633289,39.5648574702353,13.6168359233888
2015-08-12,-57.9333333333333,-61.4166666666667,0.141360555340846,345.440422566732,0.306344123433034,39.726367998394,-57.9321497523652,-61.4597273759239,-1.75805543015774,-1.66406647289606,0.14273713338644,0.111007062326136,34.1230953044461,64.0165924237187,39.5648574702353,24.0013652068404
2015-08-13,-57.9333333333333,-61.4166666666667,0.136579198638598,344.629838053385,0.103660365566611,39.726367998394,-57.9321497523652,-61.4597273759239,-1.74470346986799,-1.66532622288941,0.19295958568223,0.0660117652715373,34.1263710681657,66.9898531526551,39.5648574702353,25.6702907197408
2015-08-14,-57.9333333333333,-61.4166666666667,0.133352873971065,344.644040934245,0.18977037332952,39.726367998394,-57.9321497523652,-61.4597273759239,-1.73427301824541,-1.6723363005129,0.168799482215952,0.0476226425708685,34.1257514810204,67.5365471947462,39.5648574702353,9.76846233709378
2015-08-15,-57.9333333333333,-61.4166666666667,0.134382960945368,344.885392252604,0.222874480237563,39.726367998394,-57.9321497523652,-61.4597273759239,-1.73415737358251,-1.66775393261945,0.176837552492892,0.0212987070356993,34.1262218790843,68.2060039742549,39.5648574702353,16.1709450101116
2015-08-16,-57.9333333333333,-61.4166666666667,0.132978324343761,343.543418375651,0.186049119879802,39.726367998394,-57.9321497523652,-61.4597273759239,-1.69701198572503,-1.67368668900397,0.0979919508379653,0.074836892278907,34.146362950031,77.2709189644434,39.5648574702353,8.30043988667986
2015-08-17,-57.9333333333333,-61.4166666666667,0.133298441022634,342.859299723307,0.267586902777354,39.726367998394,-57.9321497523652,-61.4597273759239,-1.69634838480698,-1.6897972495036,0.021422617053403,0.0673082282808714,34.1498223641761,78.7194010117897,39.5648574702353,56.0645098805808
2015-08-18,-57.9333333333333,-61.4166666666667,0.134969425449769,342.294251505534,0.26952752272288,39.726367998394,-57.9321497523652,-61.4597273759239,-1.69072838385302,-1.69127039667359,0.0394652513857175,0.0780585455267053,34.1658616030127,82.3368774535961,39.5648574702353,42.1237731570077
2015-08-19,-57.9333333333333,-61.4166666666667,0.136104281495015,341.912508138021,0.242113584776719,39.726367998394,-57.9321497523652,-61.4597273759239,-1.69155720795008,-1.67921099447666,0.0800411014684609,0.064433063443442,34.177827820742,85.0382244102937,39.5648574702353,12.0565339957235
2015-08-20,-57.9333333333333,-61.4166666666667,0.137749657034874,341.645061238607,0.341863871614138,39.726367998394,-57.9321497523652,-61.4597273759239,-1.68315887854512,-1.66972272333346,0.122145170836072,0.0893343317749581,34.1862948281424,86.719610622951,39.5648574702353,10.2636913004428
2015-08-21,-57.9333333333333,-61.4166666666667,0.1400053995351,340.839138793945,0.368245024482409,39.726367998394,-57.9321497523652,-61.4597273759239,-1.67420433383239,-1.66294554570564,0.0325056544568082,0.0668561872430986,34.1967123361458,89.7232747113794,39.5648574702353,45.1241626350422
2015-08-22,-57.9333333333333,-61.4166666666667,0.13979311188062,338.984434000651,0.325979790091515,39.726367998394,-57.9321497523652,-61.4597273759239,-1.67342783499481,-1.6635295305037,0.0730264331389191,0.0712664561500227,34.2063209849193,92.4997708134185,39.5648574702353,17.0608080416494
2015-08-23,-57.9333333333333,-61.4166666666667,0.139302694797516,337.141681925456,0.331726711491744,39.726367998394,-57.9321497523652,-61.4597273759239,-1.67272843274855,-1.66779294139461,0.084201255533144,0.0755918237723802,34.2127288015265,93.424504839388,39.5648574702353,13.1748911458864
2015-08-24,-57.9333333333333,-61.4166666666667,0.14320584833622,336.345685831706,0.499373073875904,39.726367998394,-57.9321497523652,-61.4597273759239,-1.67732135335306,-1.67473074502515,0.0841415953171208,0.0740268895668643,34.2157750380667,91.5589748181795,39.5648574702353,12.7185364241084
2015-08-25,-57.9333333333333,-61.4166666666667,0.152427395184835,336.458740234375,0.718250256280104,39.726367998394,-57.9321497523652,-61.4597273759239,-1.69184632767412,-1.67894940403171,0.122301205628573,0.0542265726883609,34.2151153392361,88.1250686322836,39.5648574702353,0.542307828485654
2015-08-26,-57.9333333333333,-61.4166666666667,0.165406104177237,337.16952718099,0.836029841999213,39.726367998394,-57.9321497523652,-61.4597273759239,-1.72184625424837,-1.67484662272876,0.113471489651759,0.0219825054273794,34.2073480993285,70.091038148206,39.5648574702353,3.08107607279746
2015-08-27,-57.9333333333333,-61.4166666666667,0.177727588266134,338.993090820312,0.639704942703247,39.726367998394,-57.9321497523652,-61.4597273759239,-1.74584894610527,-1.66981795183698,0.145297935344559,0.000672325337851854,34.1923066332824,38.4590603426883,39.5648574702353,11.543743564525
2015-08-28,-57.9333333333333,-61.4166666666667,0.186505298813184,340.60146077474,0.605480837076902,39.726367998394,-57.9321497523652,-61.4597273759239,-1.78018020418354,-1.6705682923023,0.0893802241583292,0.0303303500063213,34.1704963598036,23.3696070864685,39.5648574702353,7.19956747217113
2015-08-29,-57.9333333333333,-61.4166666666667,0.194564607242743,341.882166544596,0.720629144708316,39.726367998394,-57.9321497523652,-61.4597273759239,-1.78981762362602,-1.66205867609583,0.0166475031160771,-0.0236988843635733,34.1601305509868,21.0124536923,39.5648574702353,81.4037167015074
2015-08-30,-57.9333333333333,-61.4166666666667,0.203994036217531,342.896538289388,0.954739715655645,39.726367998394,-57.9321497523652,-61.4597273759239,-1.79564689245439,-1.66324499944099,0.04752856278722,0.0070835066945257,34.1541471839847,28.2571581933731,39.5648574702353,36.6592004158095
2015-08-31,-57.9333333333333,-61.4166666666667,0.21666883379221,342.910642496745,1.72012474139531,39.726367998394,-57.9321497523652,-61.4597273759239,-1.79963127876583,-1.66842970095183,0.0926294126512861,0.0851168111526876,34.1612949658157,37.4999070848737,39.5648574702353,13.566520495629
2015-09-01,-57.9333333333333,-61.4166666666667,0.204272615412871,340.472541300456,0.487314541637898,39.726367998394,-57.9321497523652,-61.4597273759239,-1.7732660402929,-1.68556481017206,0.166475027071354,0.0867414056162413,34.1705709471738,61.647965707277,39.5648574702353,17.8001328363188
2015-09-02,-57.9333333333333,-61.4166666666667,0.170693143208822,335.028970336914,0.445085896551609,39.726367998394,-57.9321497523652,-61.4597273759239,-1.693283682479,-1.71088026116665,0.0831044251029205,0.130387463179746,34.1891859671227,85.156971404427,39.5648574702353,45.893671478263
2015-09-03,-57.9333333333333,-61.4166666666667,0.169762956599394,333.894200642904,0.596003270645936,39.726367998394,-57.9321497523652,-61.4597273759239,-1.70588668217336,-1.69538924927102,0.0474528405619295,0.0599631346986258,34.1907060809602,77.0167894578518,39.5648574702353,31.1239891848217
2015-09-04,-57.9333333333333,-61.4166666666667,0.177742020289103,334.93567199707,0.455882586042086,39.726367998394,-57.9321497523652,-61.4597273759239,-1.7118288386137,-1.67958846172892,0.145685726902763,0.0268907077414425,34.1878608330748,76.595152507151,39.5648574702353,3.67480880435392
2015-09-05,-57.9333333333333,-61.4166666666667,0.188591299951077,336.292547607422,0.791788489619891,39.726367998394,-57.9321497523652,-61.4597273759239,-1.71597293176149,-1.67772293538976,0.103076839525449,0.102588084449333,34.19041352523,82.6013328473371,39.5648574702353,19.4497233282576
2015-09-06,-57.9333333333333,-61.4166666666667,0.19629615843296,336.321381632487,0.784371530016263,39.726367998394,-57.9321497523652,-61.4597273759239,-1.71343140494555,-1.67303960395039,0.07006407264424,0.0950433577838025,34.1954847350156,85.7306275403589,39.5648574702353,27.9222978193792
2015-09-07,-57.9333333333333,-61.4166666666667,0.205620041986307,337.312783813477,0.904650756716728,39.726367998394,-57.9321497523652,-61.4597273759239,-1.73431156945408,-1.67007150327353,0.130626103721727,-0.00295318206562135,34.1856235991743,69.3171757612013,39.5648574702353,11.2439874372129
2015-09-08,-57.9333333333333,-61.4166666666667,0.224311375617981,339.523356119792,1.3452077349027,39.726367998394,-57.9321497523652,-61.4597273759239,-1.76034638397676,-1.68173508043576,0.121922592471417,0.0456309083260988,34.1760664774959,58.5094927056391,39.5648574702353,0.0513663315635387
2015-09-09,-57.9333333333333,-61.4166666666667,0.242455653846264,340.332280476888,1.40273590286573,39.726367998394,-57.9321497523652,-61.4597273759239,-1.76667679700636,-1.69169031542943,0.00651673439021846,0.0413560222106096,34.1776440986117,69.8105201183405,39.5648574702353,69.9206384527904
2015-09-10,-57.9333333333333,-61.4166666666667,0.245982702076435,339.498336791992,0.962798448403676,39.726367998394,-57.9321497523652,-61.4597273759239,-1.77517700150497,-1.69309691871916,0.0680539817234179,0.0691645797482111,34.183678892322,75.1351971841396,39.5648574702353,19.2069505074329
2015-09-11,-57.9333333333333,-61.4166666666667,0.251601880292098,339.254569498698,1.12077096501986,39.726367998394,-57.9321497523652,-61.4597273759239,-1.78240782470631,-1.70437844310488,0.0534693463460395,0.0628635401984579,34.1856292781973,77.9828263117855,39.5648574702353,27.1571460575561
2015-09-12,-57.9333333333333,-61.4166666666667,0.261223521828651,339.038185628255,1.11029556194941,39.726367998394,-57.9321497523652,-61.4597273759239,-1.78814346853055,-1.7244242792739,0.060954412627489,0.0506217172719482,34.1876256698953,78.501411671029,39.5648574702353,20.5551654080441
2015-09-13,-57.9333333333333,-61.4166666666667,0.26686524450779,338.748996988932,0.900107418000698,39.726367998394,-57.9321497523652,-61.4597273759239,-1.78927242083657,-1.73968009393018,0.0429966789635276,0.0233386286667415,34.1898284424516,79.0326173717814,39.5648574702353,35.5648178814336
2015-09-14,-57.9333333333333,-61.4166666666667,0.258991240958373,337.388676961263,1.00269276201725,39.726367998394,-57.9321497523652,-61.4597273759239,-1.77726969862343,-1.73329185812097,-0.0170697136256928,0.0507112073859102,34.1995232947787,83.1652367132947,39.5648574702353,100.767512280364
2015-09-15,-57.9333333333333,-61.4166666666667,0.25203714966774,336.430313110352,0.638299677769343,39.726367998394,-57.9321497523652,-61.4597273759239,-1.75940467316405,-1.734994470625,0.0836987327084057,0.0781227948942355,34.2130851028557,89.1260986148863,39.5648574702353,14.2089069308823
2015-09-16,-57.9333333333333,-61.4166666666667,0.24750123967727,336.056818644206,0.67595619459947,39.726367998394,-57.9321497523652,-61.4597273759239,-1.74051531678752,-1.73002087173605,-0.0637722119016755,0.0354358903867634,34.2212253369783,92.6127813202994,39.5648574702353,178.058534626621
2015-09-17,-57.9333333333333,-61.4166666666667,0.249191024899483,336.037624104818,1.04751077443361,39.726367998394,-57.9321497523652,-61.4597273759239,-1.72146350683126,-1.71754614885588,-0.0314753680749047,0.0400893894493356,34.2292965480259,95.3978822034104,39.5648574702353,122.095697044926
2015-09-18,-57.9333333333333,-61.4166666666667,0.261486401160558,336.254335530599,1.49136372407277,39.726367998394,-57.9321497523652,-61.4597273759239,-1.72225102670211,-1.71769185621936,0.000151445066794417,-0.000881135799831018,34.2322393718519,95.7443707114772,39.5648574702353,87.7279377624179
2015-09-19,-57.9333333333333,-61.4166666666667,0.277162553866704,336.254223632813,1.45348478506009,39.726367998394,-57.9321497523652,-61.4597273759239,-1.72453371922773,-1.72378867416454,0.00283845082709664,0.0192151878001098,34.2357673071381,97.2674280431934,39.5648574702353,77.3958068445068
2015-09-20,-57.9333333333333,-61.4166666666667,0.283760923147202,335.953952026367,1.03292634834846,39.726367998394,-57.9321497523652,-61.4597273759239,-1.72215740169798,-1.72257252474477,0.0780883756907363,0.0855849146058685,34.2407178233441,97.4825490650378,39.5648574702353,19.4859387358911
2015-09-21,-57.9333333333333,-61.4166666666667,0.295544465382894,337.053255208333,1.51986605226994,39.726367998394,-57.9321497523652,-61.4597273759239,-1.72553325730159,-1.73121407740098,0.0223542343320927,0.0909176227825701,34.2418364761467,93.8059863147879,39.5648574702353,63.3723166645075
2015-09-22,-57.9333333333333,-61.4166666666667,0.320282702644666,339.027507527669,1.99569471081098,39.726367998394,-57.9321497523652,-61.4597273759239,-1.749516673106,-1.73246808742222,0.070915378378074,0.0670925333563771,34.2335299585099,79.1582483779219,39.5648574702353,17.1280432367917
2015-09-23,-57.9333333333333,-61.4166666666667,0.33362251718839,338.977668253581,2.11223911643028,39.726367998394,-57.9321497523652,-61.4597273759239,-1.7502849124428,-1.73337102787835,0.104669308569983,0.0991507363750746,34.2314361055991,80.8436503768864,39.5648574702353,17.1661236998437
2015-09-24,-57.9333333333333,-61.4166666666667,0.310491606096427,335.552821858724,0.999850704272588,39.726367998394,-57.9321497523652,-61.4597273759239,-1.70825473168739,-1.73454128351427,0.0831755591850532,0.107553651920499,34.2412569863456,92.8141347698699,39.5648574702353,28.7686224833025
2015-09-25,-57.9333333333333,-61.4166666666667,0.307224212090174,335.136092122396,1.37060200969378,39.726367998394,-57.9321497523652,-61.4597273759239,-1.70248053755079,-1.73238203893031,0.0773586848596657,0.101323746088752,34.2356925763582,89.874146479413,39.5648574702353,27.5965666370453
2015-09-26,-57.9333333333333,-61.4166666666667,0.323753097156684,336.25100402832,0.975035100181897,39.726367998394,-57.9321497523652,-61.4597273759239,-1.69854296284511,-1.734513747961,0.0191348762272444,0.05825134433974,34.2391230217496,92.2284314184261,39.5648574702353,56.7626279894034
2015-09-27,-57.9333333333333,-61.4166666666667,0.342525923748811,338.170053100586,1.90313926339149,39.726367998394,-57.9321497523652,-61.4597273759239,-1.72834462778909,-1.74039831331798,0.0284097492554806,0.0259912146493456,34.2297037024247,73.2341005497409,39.5648574702353,48.0368862471666
2015-09-28,-57.9333333333333,-61.4166666666667,0.376203361650308,340.402332560221,3.93639739751816,39.726367998394,-57.9321497523652,-61.4597273759239,-1.79472170512479,-1.74762523443179,-0.020236295991038,0.0194836589122625,34.2056964357993,48.4900131297291,39.5648574702353,108.119901291997
2015-09-29,-57.9333333333333,-61.4166666666667,0.421519376834234,341.910656738281,4.66187766393026,39.726367998394,-57.9321497523652,-61.4597273759239,-1.76818023453978,-1.74983151828436,0.0554977950212875,0.0212023329493919,34.221294030211,48.6689937527018,39.5648574702353,26.5938348287988
2015-09-30,-57.9333333333333,-61.4166666666667,0.47519537905852,342.642626953125,3.8936377565066,39.726367998394,-57.9321497523652,-61.4597273759239,-1.74914769929154,-1.74299468133683,0.0965761672285266,-0.00834555031829759,34.2224354994924,55.9618855168049,39.5648574702353,17.7192972607427
2015-10-01,-57.9333333333333,-61.4166666666667,0.524688751498858,344.747005208333,5.37779127756755,39.726367998394,-57.9321497523652,-61.4597273759239,-1.75673372628994,-1.7434295129059,0.0663421912945079,0.0716106495574901,34.2152418409075,56.3032108285373,39.5648574702353,20.8349131175304
2015-10-02,-57.9333333333333,-61.4166666666667,0.570119179288546,346.61731262207,4.78979013760885,39.726367998394,-57.9321497523652,-61.4597273759239,-1.76056116505673,-1.7404797727004,0.060268319653053,0.0459475663343542,34.206992816208,54.5931415020075,39.5648574702353,20.7996170632374
2015-10-03,-57.9333333333333,-61.4166666666667,0.573342970013618,347.421002197266,2.29075189431508,39.726367998394,-57.9321497523652,-61.4597273759239,-1.75975988054634,-1.74839852358166,0.098446286276431,0.0338709563212959,34.1978201328364,52.8641415610349,39.5648574702353,3.97995036493092
2015-10-04,-57.9333333333333,-61.4166666666667,0.582059632738431,348.287683105469,4.33424212932587,39.726367998394,-57.9321497523652,-61.4597273759239,-1.80025082736983,-1.74761605083494,0.00871727954512252,-0.00512160251575305,34.1602910407504,31.7874385468046,39.5648574702353,79.4201922933543
2015-10-05,-57.9333333333333,-61.4166666666667,0.618231581648191,349.42761332194,4.32997851371765,39.726367998394,-57.9321497523652,-61.4597273759239,-1.78522470571045,-1.74329412790169,0.0629484414410098,-0.0618699676448241,34.1632509016453,30.5512093457961,39.5648574702353,75.2403574966037
2015-10-06,-57.9333333333333,-61.4166666666667,0.683319520950317,351.823700968424,7.77922517458598,39.726367998394,-57.9321497523652,-61.4597273759239,-1.79112005637104,-1.74358669797281,0.0555253301123927,0.0389260147607192,34.1534415223545,29.7486643647789,39.5648574702353,24.0868406059764
2015-10-07,-57.9333333333333,-61.4166666666667,0.756470861037572,353.711260986328,6.74539598623912,39.726367998394,-57.9321497523652,-61.4597273759239,-1.78195073550805,-1.7404866568128,0.0529645288405114,0.0389306038141923,34.1563041801739,38.7797340988217,39.5648574702353,25.8918255649357
2015-10-08,-57.9333333333333,-61.4166666666667,0.797461183865865,354.659146118164,6.70803119341532,39.726367998394,-57.9321497523652,-61.4597273759239,-1.77563133947831,-1.73754150257971,0.0484441175664726,0.0755092175187249,34.1542275077418,43.1974608199041,39.5648574702353,34.0370440204746
2015-10-09,-57.9333333333333,-61.4166666666667,0.799933234850566,354.822957356771,4.51356408993403,39.726367998394,-57.9321497523652,-61.4597273759239,-1.76119722818073,-1.74532257838357,0.0358236820710109,0.0741393263626816,34.1545659975898,49.2070831893978,39.5648574702353,44.0413448257957
2015-10-10,-57.9333333333333,-61.4166666666667,0.773366888364156,354.317546590169,3.67991465727488,39.726367998394,-57.9321497523652,-61.4597273759239,-1.7514661859749,-1.75271012729272,0.0682834439343752,0.0702820622495243,34.1509979075955,51.9319502823335,39.5648574702353,19.3634615284276
2015-10-11,-57.9333333333333,-61.4166666666667,0.75863582889239,354.105029296875,3.99644055565198,39.726367998394,-57.9321497523652,-61.4597273759239,-1.74734963331007,-1.7605588893245,0.0628956649032302,0.0441371074604585,34.1443665009692,53.3213457666842,39.5648574702353,19.1232215377189
2015-10-12,-57.9333333333333,-61.4166666666667,0.81411319176356,354.960233561198,9.32935587565104,39.726367998394,-57.9321497523652,-61.4597273759239,-1.7654184224014,-1.75211925479702,-0.00214317932556894,0.0294377410966427,34.1293883072703,43.0311003986158,39.5648574702353,81.5710283773079
2015-10-13,-57.9333333333333,-61.4166666666667,0.933152161041896,356.830112711589,9.44997526009877,39.726367998394,-57.9321497523652,-61.4597273759239,-1.77962949401454,-1.73359819148716,-0.0543045899585674,-0.0233065038219206,34.1203646982523,39.663738422824,39.5648574702353,183.002885823045
2015-10-14,-57.9333333333333,-61.4166666666667,1.05370569030444,357.800853474935,11.1060565471649,39.726367998394,-57.9321497523652,-61.4597273759239,-1.83981107545078,-1.72316797469792,-0.0392816812780343,-0.000135382819444613,34.095164162772,32.3788780484881,39.5648574702353,144.299027601523
2015-10-15,-57.9333333333333,-61.4166666666667,1.14927252729734,358.637715657552,8.18699868520101,39.726367998394,-57.9321497523652,-61.4597273759239,-1.79538805413067,-1.72080221884233,0.0442449549647202,0.0142473252980333,34.1200548042928,46.1890777932074,39.5648574702353,36.8531097881836
2015-10-16,-57.9333333333333,-61.4166666666667,1.17781920631727,358.863282267253,6.59407260020574,39.726367998394,-57.9321497523652,-61.4597273759239,-1.7890741672731,-1.72675906267381,0.0747267503599475,0.0244079236977531,34.1150295142841,48.3827393180446,39.5648574702353,14.4454934433256
2015-10-17,-57.9333333333333,-61.4166666666667,1.25803133646647,359.685360717773,10.3465616861979,39.726367998394,-57.9321497523652,-61.4597273759239,-1.81879047657314,-1.73149287700653,0.00682650862219638,0.028292723336166,34.0933742092964,36.1386208713503,39.5648574702353,70.7667948004643
2015-10-18,-57.9333333333333,-61.4166666666667,1.30320689876874,359.402084350586,7.38722142378489,39.726367998394,-57.9321497523652,-61.4597273759239,-1.79698236185805,-1.72930265817427,-0.00147085457592082,-0.115435688427292,34.1062469482422,49.5231678575501,39.5648574702353,206.90567940554
2015-10-19,-57.9333333333333,-61.4166666666667,1.39229992628098,360.168966674805,12.4725328445435,39.726367998394,-57.9321497523652,-61.4597273759239,-1.81875743812188,-1.7340536744971,-0.00371499753144003,-0.00979575313123545,34.0961506061984,41.5625404737946,39.5648574702353,97.0271874935601
2015-10-20,-57.9333333333333,-61.4166666666667,1.51057387590408,360.985979207357,13.546734158198,39.726367998394,-57.9321497523652,-61.4597273759239,-1.81874641977755,-1.72972372017409,0.0180334561973586,0.0348071631576334,34.1006939680056,46.8992642173193,39.5648574702353,57.362677278214
2015-10-21,-57.9333333333333,-61.4166666666667,1.61678987145424,361.717299397786,13.6417299429576,39.726367998394,-57.9321497523652,-61.4597273759239,-1.80897958162136,-1.7195355856329,0.061477587425283,0.0690383757359551,34.1057995961125,55.8431384904044,39.5648574702353,23.119498557824
2015-10-22,-57.9333333333333,-61.4166666666667,1.7267617503802,362.819737752279,9.05054858922958,39.726367998394,-57.9321497523652,-61.4597273759239,-1.80804061979279,-1.71600645377224,0.0701627417054391,0.0621613850466963,34.1003784093642,52.1797699318793,39.5648574702353,16.5238341135448
2015-10-23,-57.9333333333333,-61.4166666666667,1.7940213461717,363.535589599609,7.82881584962209,39.726367998394,-57.9321497523652,-61.4597273759239,-1.79955968462435,-1.71845825498265,0.0942081145634104,0.0745271180609339,34.0948828216782,53.5594131462556,39.5648574702353,9.28937477071991
2015-10-24,-57.9333333333333,-61.4166666666667,1.88584543863932,364.407184855143,10.6108254353205,39.726367998394,-57.9321497523652,-61.4597273759239,-1.79354042487037,-1.71893095566814,0.0798368799339112,0.0715647574822257,34.0882397845275,51.7902571635139,39.5648574702353,13.8523156930429
2015-10-25,-57.9333333333333,-61.4166666666667,1.98399713635445,365.067132568359,11.6426790475845,39.726367998394,-57.9321497523652,-61.4597273759239,-1.7872788529647,-1.71399750879833,0.0754105480513851,0.0831090144084809,34.0778395860715,45.3882538573186,39.5648574702353,19.7745882237597
2015-10-26,-57.9333333333333,-61.4166666666667,2.10399451653163,365.839524332682,15.2935770750046,39.726367998394,-57.9321497523652,-61.4597273759239,-1.81530723894449,-1.72722487207642,0.0926592430814092,0.0227144904070555,34.0325665438086,27.8429783519946,39.5648574702353,7.43269301090668
2015-10-27,-57.9333333333333,-61.4166666666667,2.2416382710139,366.948153686523,13.9688540617625,39.726367998394,-57.9321497523652,-61.4597273759239,-1.79688323574855,-1.73036621342924,0.109421477071885,0.014724607068233,34.0138766496701,15.2959692352696,39.5648574702353,5.48819949013034
2015-10-28,-57.9333333333333,-61.4166666666667,2.34619488716125,367.795002237956,17.4233135700226,39.726367998394,-57.9321497523652,-61.4597273759239,-1.78247115576178,-1.72982238916526,0.0849883119834769,0.0238755706249547,34.0147832139094,19.0557123592922,39.5648574702353,9.94617296996353
2015-10-29,-57.9333333333333,-61.4166666666667,2.46242272456487,368.824674479167,19.8481347719828,39.726367998394,-57.9321497523652,-61.4597273759239,-1.75645286561851,-1.72062897458112,0.0508947775075982,0.0739121581182668,34.0359682785837,25.6734105303772,39.5648574702353,31.7084888677404
2015-10-30,-57.9333333333333,-61.4166666666667,2.50937983592351,369.245376586914,12.0995781977971,39.726367998394,-57.9321497523652,-61.4597273759239,-1.73932853990928,-1.71003468995704,0.101840037222307,0.0120582532949914,34.0418368891666,31.9991176468985,39.5648574702353,7.75574627261287
2015-10-31,-57.9333333333333,-61.4166666666667,2.6070530295372,370.292848714193,21.6712399800618,39.726367998394,-57.9321497523652,-61.4597273759239,-1.74433724727846,-1.71336648742059,0.0413468440616489,0.0224276623667631,34.0250745070608,31.1449435026126,39.5648574702353,37.1203391182588
2015-11-01,-57.9333333333333,-61.4166666666667,2.80219549735387,372.471291097005,24.0668642044067,39.726367998394,-57.9321497523652,-61.4597273759239,-1.73326522470417,-1.71446905234703,0.0393115115961186,0.0214478577998348,34.017416100753,23.8250901286763,39.5648574702353,39.0555284345955
2015-11-02,-57.9333333333333,-61.4166666666667,2.89999337593714,373.58844909668,23.0534829139709,39.726367998394,-57.9321497523652,-61.4597273759239,-1.71829142337455,-1.71999106416129,0.0921498361162673,0.0458741383416984,34.0181331777931,30.9430165577652,39.5648574702353,5.32609754043111
2015-11-03,-57.9333333333333,-61.4166666666667,2.97027810017268,374.490236409505,28.0951800982157,39.726367998394,-57.9321497523652,-61.4597273759239,-1.69568202414907,-1.7123522637482,0.021374429807179,0.054114135668466,34.0298645765262,33.6896825051845,39.5648574702353,53.9228111042115
2015-11-04,-57.9333333333333,-61.4166666666667,3.05460864702861,376.273225911458,29.848268032074,39.726367998394,-57.9321497523652,-61.4597273759239,-1.68405653301038,-1.68581951516015,0.0161380960388963,0.00351536513439247,34.0243400631094,29.4807667839796,39.5648574702353,67.2073509418385
2015-11-05,-57.9333333333333,-61.4166666666667,3.11470285256704,378.085824584961,24.797169415156,39.726367998394,-57.9321497523652,-61.4597273759239,-1.65317272198828,-1.67840443831637,0.0667162150340645,0.0213537781842445,34.0278681418053,31.5814959339629,39.5648574702353,19.4207245759959
2015-11-06,-57.9333333333333,-61.4166666666667,3.08611927827199,378.097624715169,25.8817295392354,39.726367998394,-57.9321497523652,-61.4597273759239,-1.60983185122784,-1.6801449051477,0.106796425774245,0.0783476681357488,34.0317922032865,35.9160423422218,39.5648574702353,7.47374276546181
2015-11-07,-57.9333333333333,-61.4166666666667,3.0917119661967,377.976758829753,24.8017600377401,39.726367998394,-57.9321497523652,-61.4597273759239,-1.58038539097721,-1.67715501337123,0.0860277771305545,0.0326157965578307,34.0325953691526,39.2013713650237,39.5648574702353,8.15254228318725
2015-11-08,-57.9333333333333,-61.4166666666667,3.11789549191793,378.328403727214,32.364443620046,39.726367998394,-57.9321497523652,-61.4597273759239,-1.5494960671977,-1.68104554836015,0.084412362090403,0.0480723890959096,34.0201413577661,36.6784314643171,39.5648574702353,8.2101746792437
2015-11-09,-57.9333333333333,-61.4166666666667,3.04742175340652,377.653015136719,31.4654751777649,39.726367998394,-57.9321497523652,-61.4597273759239,-1.50409829258022,-1.67722500087623,0.136385612960037,0.0109201191287292,34.0258607362446,33.9856891560375,39.5648574702353,6.18319819657935
2015-11-10,-57.9333333333333,-61.4166666666667,2.91876966158549,375.832823689779,24.8599355061849,39.726367998394,-57.9321497523652,-61.4597273759239,-1.4479644303035,-1.67779521207164,0.138145589514783,0.0506125385207789,34.0329683777085,39.0854929551146,39.5648574702353,1.1106021458327
2015-11-11,-57.9333333333333,-61.4166666666667,2.82404002745946,373.960959879557,17.9832277774811,39.726367998394,-57.9321497523652,-61.4597273759239,-1.39861255884171,-1.66825990210798,0.152154274382874,-0.00130105231489454,34.0305934992052,37.3432990196056,39.5648574702353,14.0648487506145
2015-11-12,-57.9333333333333,-61.4166666666667,2.61894424756368,370.799841308594,16.4709381262461,39.726367998394,-57.9321497523652,-61.4597273759239,-1.36548459933216,-1.67346181188311,0.144921616448047,0.0891094580852896,34.0577789249277,50.8288093473678,39.5648574702353,12.1651949414191
2015-11-13,-57.9333333333333,-61.4166666666667,2.58439476490021,369.44700012207,24.9835712750753,39.726367998394,-57.9321497523652,-61.4597273759239,-1.29037326888034,-1.66705637049854,0.133255744422961,0.0150389706197762,34.0503327936158,46.39444673151,39.5648574702353,4.58579887374041
2015-11-14,-57.9333333333333,-61.4166666666667,2.667888879776,370.569236246745,28.7921868642171,39.726367998394,-57.9321497523652,-61.4597273759239,-1.21896546362038,-1.66547766663974,0.109855160915426,0.0253877283487105,34.0343220215991,32.7333975842125,39.5648574702353,2.85872499542721
2015-11-15,-57.9333333333333,-61.4166666666667,2.67707854111989,371.365758260091,26.4315930048625,39.726367998394,-57.9321497523652,-61.4597273759239,-1.23414853999489,-1.66214701779803,0.0778176103459489,0.009412550878592,34.0270940307388,26.3411462898541,39.5648574702353,17.0248729644273
2015-11-16,-57.9333333333333,-61.4166666666667,2.67158445715904,372.936830647786,39.4257239659627,39.726367998394,-57.9321497523652,-61.4597273759239,-1.18177602568963,-1.66207703208565,0.104426078750451,0.0549080761471637,34.0246216623407,25.3963345513308,39.5648574702353,2.64705732975513
2015-11-17,-57.9333333333333,-61.4166666666667,2.53098841110865,372.612811279297,28.1325882911682,39.726367998394,-57.9321497523652,-61.4597273759239,-1.12315019561832,-1.65244993500243,0.0638662914752512,0.00692058858790792,34.0227974052716,24.2266494994773,39.5648574702353,25.439757928977
2015-11-18,-57.9333333333333,-61.4166666666667,1.99161221782366,365.795910644531,17.19248975118,39.726367998394,-57.9321497523652,-61.4597273759239,-1.16569804562662,-1.65953802614284,-0.026608468208434,0.026204614907055,34.0311381547971,43.6053302521096,39.5648574702353,116.132324375392
2015-11-19,-57.9333333333333,-61.4166666666667,1.91384644905726,365.001625569661,23.1761930147807,39.726367998394,-57.9321497523652,-61.4597273759239,-1.03119264845561,-1.65235585512075,0.0572348256784498,0.0621659742822324,34.0371384441404,40.0371885765764,39.5648574702353,24.4159379124684
2015-11-20,-57.9333333333333,-61.4166666666667,1.90150430401166,365.704546101888,19.2302347977956,39.726367998394,-57.9321497523652,-61.4597273759239,-1.05569097847867,-1.65772642721807,0.136043712622801,0.0188870563458903,34.0368918368691,48.3884758268084,39.5648574702353,3.81778420226971
2015-11-21,-57.9333333333333,-61.4166666666667,1.87557431856791,366.220599365234,17.4060640176137,39.726367998394,-57.9321497523652,-61.4597273759239,-1.00975075745045,-1.67194162589267,0.173652613521519,0.0588984283149466,34.0381712232317,47.0977493264621,39.5648574702353,13.0572745839556
2015-11-22,-57.9333333333333,-61.4166666666667,1.88814539114634,367.132122802734,16.7467615445455,39.726367998394,-57.9321497523652,-61.4597273759239,-0.938147450300088,-1.6750336307332,0.162257506925249,0.0648644527322368,34.0379477049175,45.9963294115282,39.5648574702353,9.19355502881492
2015-11-23,-57.9333333333333,-61.4166666666667,1.84890707135201,367.531619262695,10.0535699526469,39.726367998394,-57.9321497523652,-61.4597273759239,-0.921204859264811,-1.67304878216937,0.165697149106098,0.0678291088040162,34.0345001220703,45.7049121175493,39.5648574702353,11.2026964671808
2015-11-24,-57.9333333333333,-61.4166666666667,1.79230418403943,367.225279744466,15.4923693815867,39.726367998394,-57.9321497523652,-61.4597273759239,-0.899688621548782,-1.67695882311441,0.188152346900083,0.0531228581737531,34.0292511703376,44.8059927431264,39.5648574702353,20.5129562734534
2015-11-25,-57.9333333333333,-61.4166666666667,1.77305444379648,366.739416503906,16.4233938217163,39.726367998394,-57.9321497523652,-61.4597273759239,-0.862050349775114,-1.6690951402026,0.213351916927928,0.0798873612867262,34.0240652614966,45.7605567372831,39.5648574702353,45.6640600274011
2015-11-26,-57.9333333333333,-61.4166666666667,1.75359492401282,366.126777140299,10.3333053509394,39.726367998394,-57.9321497523652,-61.4597273759239,-0.854450554551935,-1.66673168159069,0.191289099073388,0.101780376320047,34.0226482161902,51.5378482646512,39.5648574702353,38.7785963644131
2015-11-27,-57.9333333333333,-61.4166666666667,1.7801702251037,366.499130249023,15.4875732262929,39.726367998394,-57.9321497523652,-61.4597273759239,-0.805255634892256,-1.65991319973666,0.178590645943593,0.0974710711551116,34.0171238605241,51.4885140612609,39.5648574702353,28.741354993705
2015-11-28,-57.9333333333333,-61.4166666666667,1.79221168756485,367.304111735026,12.6631952842077,39.726367998394,-57.9321497523652,-61.4597273759239,-0.735984584134548,-1.65157797820586,0.169630136158793,0.0682765603681704,34.0069758623166,46.8809073347794,39.5648574702353,12.9980734023291
2015-11-29,-57.9333333333333,-61.4166666666667,1.76734335323175,367.677789306641,13.7343686342239,39.726367998394,-57.9321497523652,-61.4597273759239,-0.692294010794476,-1.64845728605313,0.190963262397992,0.0992654675015606,33.9968161762209,44.5140018821659,39.5648574702353,37.143336630024
2015-11-30,-57.9333333333333,-61.4166666666667,1.77611922820409,368.182377115885,16.6055957794189,39.726367998394,-57.9321497523652,-61.4597273759239,-0.641568116479574,-1.65310849372606,0.177115202342209,0.104662425073802,33.9893415637482,45.2958951928562,39.5648574702353,32.0542664495107
2015-12-01,-57.9333333333333,-61.4166666666667,1.78781361381213,368.903867594401,17.1886293570201,39.726367998394,-57.9321497523652,-61.4597273759239,-0.590368612816459,-1.65296966733789,0.165288705756902,0.119352612140259,33.9823544724543,45.0027567820441,39.5648574702353,36.5348898645069
2015-12-02,-57.9333333333333,-61.4166666666667,1.74149923423926,368.913215128581,11.1329438606898,39.726367998394,-57.9321497523652,-61.4597273759239,-0.553650028219349,-1.65169500273869,0.174246921603169,0.0864775236135811,33.9715182799146,41.531563135018,39.5648574702353,21.2336254748431
2015-12-03,-57.9333333333333,-61.4166666666667,1.70885867873828,368.187616984049,15.251140387853,39.726367998394,-57.9321497523652,-61.4597273759239,-0.534196199078981,-1.65233979278937,0.219047175776353,0.13273256977922,33.9671355656215,41.6526045082207,39.5648574702353,83.7471437333879
2015-12-04,-57.9333333333333,-61.4166666666667,1.71486637691657,366.803210449219,13.1627103328705,39.726367998394,-57.9321497523652,-61.4597273759239,-0.555037817980786,-1.65395061682938,0.173058306364189,0.168407101338183,33.9746732209858,50.190903556078,39.5648574702353,88.9330050147059
2015-12-05,-57.9333333333333,-61.4166666666667,1.7211935043335,366.087342325846,11.1870009104411,39.726367998394,-57.9321497523652,-61.4597273759239,-0.528620260802651,-1.65020120233521,0.167057861595001,0.0998138827236747,33.9726883450845,49.5329197582446,39.5648574702353,24.4736204300556
2015-12-06,-57.9333333333333,-61.4166666666667,1.65600336988767,365.453229777018,10.0049944877625,39.726367998394,-57.9321497523652,-61.4597273759239,-0.472480887813228,-1.64304885693959,0.16619967254705,0.0487768386903786,33.9624657451658,41.7375057263482,39.5648574702353,8.70407981081258
2015-12-07,-57.9333333333333,-61.4166666666667,1.62206844687462,365.101831054688,15.8040589968363,39.726367998394,-57.9321497523652,-61.4597273759239,-0.408372744077579,-1.63711955045399,0.195084408541819,0.0896165703696416,33.9556393157271,38.6082108935019,39.5648574702353,35.100231808125
2015-12-08,-57.9333333333333,-61.4166666666667,1.60643075704575,365.118723551432,16.4200849612554,39.726367998394,-57.9321497523652,-61.4597273759239,-0.3070889252301,-1.63255783086433,0.166059699875856,0.0764477188117746,33.9489620323468,36.1260005477676,39.5648574702353,13.7682380945774
2015-12-09,-57.9333333333333,-61.4166666666667,1.57470429042975,365.194849650065,17.8535218715668,39.726367998394,-57.9321497523652,-61.4597273759239,-0.234351156405488,-1.62863861707816,0.165091368320741,0.0868010659302984,33.9400188761546,33.8319493343956,39.5648574702353,17.2576831252065
2015-12-10,-57.9333333333333,-61.4166666666667,1.54926848510901,365.308790079753,18.2679824988047,39.726367998394,-57.9321497523652,-61.4597273759239,-0.212069431333838,-1.63062346026413,0.157698087240184,0.118019435946879,33.9351829586172,37.3220737321036,39.5648574702353,32.7506883968666
2015-12-11,-57.9333333333333,-61.4166666666667,1.5150331373016,365.040659586589,13.0108957688014,39.726367998394,-57.9321497523652,-61.4597273759239,-0.204194279541647,-1.6285342099075,0.0912847627458492,0.117204844363426,33.9240771558948,35.7841014646946,39.5648574702353,32.3165410867685
2015-12-12,-57.9333333333333,-61.4166666666667,1.44412929962079,363.973323567708,13.2764569203059,39.726367998394,-57.9321497523652,-61.4597273759239,-0.223774771101045,-1.62455647825298,0.0533936236725938,0.135896857449771,33.920532011448,39.6247297731557,39.5648574702353,67.5830045653075
2015-12-13,-57.9333333333333,-61.4166666666667,1.39651682724555,363.289262898763,16.2006086031596,39.726367998394,-57.9321497523652,-61.4597273759239,-0.183625263098935,-1.61612947005078,0.0511517752718208,0.0835771180437248,33.9144570200067,40.1226634333904,39.5648574702353,34.8672848954709
2015-12-14,-57.9333333333333,-61.4166666666667,1.32909760425488,363.287034098307,17.5813239892324,39.726367998394,-57.9321497523652,-61.4597273759239,-0.0686425328870913,-1.61273342191725,0.107266824090279,0.0866243800190382,33.909380145539,36.4025027411325,39.5648574702353,10.5674217374016
2015-12-15,-57.9333333333333,-61.4166666666667,1.26022088925044,364.010856119792,20.4637032826742,39.726367998394,-57.9321497523652,-61.4597273759239,0.130103178518383,-1.61273915875227,0.100802866223835,0.0656813396967219,33.9047909356598,24.6603336441786,39.5648574702353,5.19322534596539
2015-12-16,-57.9333333333333,-61.4166666666667,1.19997141162554,364.915785725911,21.1722320715586,39.726367998394,-57.9321497523652,-61.4597273759239,0.27748141995162,-1.61323135284553,0.125043281795163,0.08043807121764,33.9015726792185,16.6383250709763,39.5648574702353,6.60219127979288
2015-12-17,-57.9333333333333,-61.4166666666667,1.2531682352225,365.24797668457,21.6090084711711,39.726367998394,-57.9321497523652,-61.4597273759239,0.258636126364756,-1.6149156098079,0.143457645508356,0.111493522763476,33.8997598805822,24.2054242155606,39.5648574702353,24.4602892852536
2015-12-18,-57.9333333333333,-61.4166666666667,1.33094736635685,364.849038696289,19.8756889502207,39.726367998394,-57.9321497523652,-61.4597273759239,0.249469559387605,-1.61629697478803,0.165045475797322,0.0902751277768074,33.8987329669465,30.5936599243852,39.5648574702353,18.7829297119095
2015-12-19,-57.9333333333333,-61.4166666666667,1.36591410140196,363.581436157227,14.9488719383876,39.726367998394,-57.9321497523652,-61.4597273759239,0.270916958024403,-1.62317052461151,0.199026574457723,0.0578474902961039,33.8921473653693,30.5477673523408,39.5648574702353,28.5377089210281
2015-12-20,-57.9333333333333,-61.4166666666667,1.39911838968595,362.661015828451,17.5576624234517,39.726367998394,-57.9321497523652,-61.4597273759239,0.301181223075417,-1.62457712879755,0.18062827250171,0.0855091920724713,33.8884300719526,31.87233966096,39.5648574702353,24.1908326798056
2015-12-21,-57.9333333333333,-61.4166666666667,1.41078775326411,362.562694295247,18.4696158885956,39.726367998394,-57.9321497523652,-61.4597273759239,0.398896442208075,-1.6197262908283,0.153755921688407,0.0681319987275323,33.8838809450766,28.7556654026634,39.5648574702353,7.09712591458088
2015-12-22,-57.9333333333333,-61.4166666666667,1.38384096225103,362.423063151042,17.8706555684408,39.726367998394,-57.9321497523652,-61.4597273759239,0.512813548956599,-1.6152150590617,0.152048720929183,0.0443757484505947,33.8763545617125,22.0851908483003,39.5648574702353,3.72938109273427
2015-12-23,-57.9333333333333,-61.4166666666667,1.32395336329937,361.463188680013,16.0743653615316,39.726367998394,-57.9321497523652,-61.4597273759239,0.596215815136307,-1.60770589740653,0.111222757446699,0.0254427993992218,33.8608716663561,12.7133691364661,39.5648574702353,2.65423004983694
2015-12-24,-57.9333333333333,-61.4166666666667,1.26620055238406,360.339003499349,16.8086112976074,39.726367998394,-57.9321497523652,-61.4597273759239,0.615903695835207,-1.60587593487331,0.12466925820966,0.0182881595048689,33.8579919427857,18.6243228374567,39.5648574702353,3.3316691522632
2015-12-25,-57.9333333333333,-61.4166666666667,1.20614955027898,359.179985555013,15.2755833148956,39.726367998394,-57.9321497523652,-61.4597273759239,0.630249691973055,-1.60773802162113,0.0665555914961978,0.0270536261701718,33.8538787956525,21.7817266507256,39.5648574702353,18.3799077742814
2015-12-26,-57.9333333333333,-61.4166666666667,1.16662947436174,358.752465820313,19.054555384318,39.726367998394,-57.9321497523652,-61.4597273759239,0.696610237870898,-1.61896447265955,0.113478373273983,0.0823311367793415,33.8507409346731,20.3877420568825,39.5648574702353,7.94157240467984
2015-12-27,-57.9333333333333,-61.4166666666667,1.18840102156003,359.061952718099,18.5522414843241,39.726367998394,-57.9321497523652,-61.4597273759239,0.737442628109365,-1.63277008434884,0.152503056353644,0.08327652219879,33.8488994254205,22.4993705857069,39.5648574702353,11.5275222676166
2015-12-28,-57.9333333333333,-61.4166666666667,1.24960781435172,359.25300394694,20.5799801667531,39.726367998394,-57.9321497523652,-61.4597273759239,0.710746962773173,-1.63632789904014,0.132498518472775,0.121426953534995,33.8483027838227,25.8495229957695,39.5648574702353,30.1971457465883
2015-12-29,-57.9333333333333,-61.4166666666667,1.27250947554906,359.663862101237,19.5840611775716,39.726367998394,-57.9321497523652,-61.4597273759239,0.807589306643135,-1.63187403293481,0.121282392594599,0.0682880327217561,33.8426752018749,21.2883823581208,39.5648574702353,2.98469333526121
2015-12-30,-57.9333333333333,-61.4166666666667,1.24987959265709,360.232261149089,21.0332696437836,39.726367998394,-57.9321497523652,-61.4597273759239,0.889945224935847,-1.63654015431727,0.123611436344515,0.0734647069462484,33.8375580866534,20.2408861145937,39.5648574702353,4.31734861354227
2015-12-31,-57.9333333333333,-61.4166666666667,1.22650872369607,360.616494750977,21.1119377613068,39.726367998394,-57.9321497523652,-61.4597273759239,1.03040655282207,-1.63693253527907,0.141470500387083,0.0723678759138163,33.8294637436257,12.4907905929967,39.5648574702353,5.39459274981982
2016-01-01,-57.9333333333333,-61.4166666666667,1.22442959646384,360.269744873047,21.0412792364756,39.726367998394,-57.9321497523652,-61.4597273759239,1.0929644443935,-1.6334320866972,0.156523239035579,0.0584532713755629,33.822407571893,16.3067517567398,39.5648574702353,6.08093944585253
2016-01-02,-57.9333333333333,-61.4166666666667,1.20793751577536,358.355651855469,16.4233280499776,39.726367998394,-57.9321497523652,-61.4597273759239,1.144543936154,-1.63063034975439,0.169090899449766,0.0147727943284619,33.8138770913719,18.4854982024745,39.5648574702353,14.1361607363351
2016-01-03,-57.9333333333333,-61.4166666666667,1.17339350481828,355.905536905924,16.6487648010254,39.726367998394,-57.9321497523652,-61.4597273759239,1.1518050544244,-1.63323245281564,0.201240887515303,0.027565327409963,33.8065056047942,21.1983182806718,39.5648574702353,30.6296421810785
2016-01-04,-57.9333333333333,-61.4166666666667,1.19558849930763,354.771955362956,17.0169122536977,39.726367998394,-57.9321497523652,-61.4597273759239,1.07463406664985,-1.63682583265735,0.169072541961432,0.0961447780797804,33.8094025375251,25.881074023426,39.5648574702353,23.3696638744205
2016-01-05,-57.9333333333333,-61.4166666666667,1.24644485314687,354.91430867513,17.2581072807312,39.726367998394,-57.9321497523652,-61.4597273759239,1.13612633786703,-1.63847222588116,0.13748703226167,0.0779231623711443,33.8051402873563,24.4102195510291,39.5648574702353,6.53203712632156
2016-01-06,-57.9333333333333,-61.4166666666667,1.27903975347678,355.17741394043,21.2570852279663,39.726367998394,-57.9321497523652,-61.4597273759239,1.17226391896269,-1.64922369198692,0.122739478805684,0.0951259645136227,33.7993636023729,26.0646439100567,39.5648574702353,13.0374739468172
2016-01-07,-57.9333333333333,-61.4166666666667,1.29677034318447,355.144960530599,21.9599026203156,39.726367998394,-57.9321497523652,-61.4597273759239,1.22785534513624,-1.65714818239212,0.107741810843573,0.0845018520363067,33.7950498107681,25.5844938020061,39.5648574702353,9.60552330153227
2016-01-08,-57.9333333333333,-61.4166666666667,1.28701900839806,355.056526692708,23.1947511672974,39.726367998394,-57.9321497523652,-61.4597273759239,1.30238567035001,-1.64940152087606,0.0791599649123679,0.0781182056727042,33.7894510398234,23.3610022587884,39.5648574702353,16.1730867172558
2016-01-09,-57.9333333333333,-61.4166666666667,1.26651004354159,354.970905558268,20.0024504820506,39.726367998394,-57.9321497523652,-61.4597273759239,1.3897365268908,-1.63694400939726,0.0904586976324033,0.0583385400249994,33.781035559518,20.8598611050082,39.5648574702353,6.88928574535564
2016-01-10,-57.9333333333333,-61.4166666666667,1.20572500725587,353.755336507161,13.4524878819784,39.726367998394,-57.9321497523652,-61.4597273759239,1.31911899496738,-1.62835293470469,0.0518424569776184,0.00471545398739496,33.7660059534517,22.1947592003901,39.5648574702353,34.3261007201037
2016-01-11,-57.9333333333333,-61.4166666666667,1.13689819475015,352.238945515951,16.55785835584,39.726367998394,-57.9321497523652,-61.4597273759239,1.27221778035164,-1.62838850075141,0.0428750640607642,0.0234510652104715,33.7535920394094,23.2399607923694,39.5648574702353,35.6410212654714
2016-01-12,-57.9333333333333,-61.4166666666667,1.07201562225819,351.35680847168,17.2247852325439,39.726367998394,-57.9321497523652,-61.4597273759239,1.21558001592643,-1.62237887409397,-0.00128269509265297,0.0550503425608228,33.7561046485614,30.1307193246999,39.5648574702353,80.0071810831966
2016-01-13,-57.9333333333333,-61.4166666666667,1.04034212927024,350.741753133138,17.1916189988454,39.726367998394,-57.9321497523652,-61.4597273759239,1.20784254226469,-1.6197067866648,0.0424895669872824,0.0668102946076402,33.7543435777937,32.6806210682804,39.5648574702353,36.4035901688044
2016-01-14,-57.9333333333333,-61.4166666666667,1.04116407533487,350.995981852214,16.8845903396606,39.726367998394,-57.9321497523652,-61.4597273759239,1.22907240610374,-1.6169130797673,0.0594055402491774,0.0740406578476716,33.7512802755026,33.3678612099554,39.5648574702353,25.8243059463835
2016-01-15,-57.9333333333333,-61.4166666666667,1.06197715004285,351.376312255859,14.9495475927989,39.726367998394,-57.9321497523652,-61.4597273759239,1.27046101590745,-1.61785502765412,0.0863696761513339,0.0670076326179997,33.7483317152898,32.6840631119291,39.5648574702353,9.98461741053999
2016-01-16,-57.9333333333333,-61.4166666666667,1.10347887078921,351.734205118815,16.781485191981,39.726367998394,-57.9321497523652,-61.4597273759239,1.29791390358057,-1.61937291684904,0.0855849145218394,0.0749608021845719,33.7452970805921,31.3445757672303,39.5648574702353,12.4268347790786
2016-01-17,-57.9333333333333,-61.4166666666667,1.14640366832415,352.348280843099,21.403990983963,39.726367998394,-57.9321497523652,-61.4597273759239,1.34901703838119,-1.61273342012463,0.0877946381898303,0.065353207808352,33.7427557751648,28.8290932519095,39.5648574702353,9.08273750171156
2016-01-18,-57.9333333333333,-61.4166666666667,1.14827785789967,353.25426940918,23.0697483698527,39.726367998394,-57.9321497523652,-61.4597273759239,1.47943616495993,-1.60870749744258,0.0683912916907242,0.0493527895357824,33.7407766786733,22.2148371029617,39.5648574702353,16.0134057447941
2016-01-19,-57.9333333333333,-61.4166666666667,1.1292864193519,354.056621297201,22.4979117552439,39.726367998394,-57.9321497523652,-61.4597273759239,1.55424185310091,-1.60143698471829,0.0844353080019915,0.0652247093533887,33.7390843871841,18.8503434711829,39.5648574702353,10.3530327563301
2016-01-20,-57.9333333333333,-61.4166666666667,1.11684947411219,354.324582926432,17.6442172527313,39.726367998394,-57.9321497523652,-61.4597273759239,1.56673195039419,-1.5946116254742,0.0976569357195071,0.0474046532596861,33.7364053654491,19.9718413317114,39.5648574702353,3.72184330916968
2016-01-21,-57.9333333333333,-61.4166666666667,1.14496939778328,353.141400146484,18.701207669576,39.726367998394,-57.9321497523652,-61.4597273759239,1.5237435339985,-1.60224583901857,0.137888591050317,0.0839855610007854,33.7354817641409,24.6161620814101,39.5648574702353,8.81819970786714
2016-01-22,-57.9333333333333,-61.4166666666667,1.17124197483063,351.540712483724,17.5187785466512,39.726367998394,-57.9321497523652,-61.4597273759239,1.47308648080754,-1.60866046355183,0.139584319764062,0.118329210248881,33.7375813677795,30.8758987233155,39.5648574702353,28.6506232016145
2016-01-23,-57.9333333333333,-61.4166666666667,1.21111065347989,350.954282633464,19.589643462499,39.726367998394,-57.9321497523652,-61.4597273759239,1.47396210889171,-1.60710241382283,0.090119093362438,0.110176408187227,33.7377477229986,31.4363608467848,39.5648574702353,27.8222782245866
2016-01-24,-57.9333333333333,-61.4166666666667,1.1444454818964,349.44179280599,11.1352611541748,39.726367998394,-57.9321497523652,-61.4597273759239,1.45152067734783,-1.59920546121167,0.0544720973147261,-0.0169022062275195,33.7344147961839,30.687739440373,39.5648574702353,43.2947086132983
2016-01-25,-57.9333333333333,-61.4166666666667,0.992235193649928,347.023744710286,11.0991572141647,39.726367998394,-57.9321497523652,-61.4597273759239,1.34918775751178,-1.60182821616194,0.0122624747595169,0.00389168356874383,33.7405701544052,35.6131516650207,39.5648574702353,71.3394019134306
2016-01-26,-57.9333333333333,-61.4166666666667,0.947264652450879,346.441736857096,15.416906897227,39.726367998394,-57.9321497523652,-61.4597273759239,1.4684412425622,-1.60038375137444,0.0598438139164582,0.042930135251324,33.7432664139827,26.282633379886,39.5648574702353,21.0640222553854
2016-01-27,-57.9333333333333,-61.4166666666667,0.940421296159426,346.87932027181,14.6319323221842,39.726367998394,-57.9321497523652,-61.4597273759239,1.4267524937938,-1.59694640304809,0.123671097176752,0.060619397214929,33.7421765148191,30.9946457174488,39.5648574702353,1.36990942726678
2016-01-28,-57.9333333333333,-61.4166666666667,0.935059412320455,347.062694295247,13.7648927847544,39.726367998394,-57.9321497523652,-61.4597273759239,1.55989488802458,-1.59373048821786,0.0774757105408979,0.0189581900779018,33.7342313895548,21.3262436551259,39.5648574702353,14.3301963565901
2016-01-29,-57.9333333333333,-61.4166666666667,0.924092984199524,346.555383300781,9.75073948701223,39.726367998394,-57.9321497523652,-61.4597273759239,1.54624554044322,-1.59579909027071,0.143035434788667,0.032755768654826,33.72023975401,16.5012211763769,39.5648574702353,2.3173600545816
2016-01-30,-57.9333333333333,-61.4166666666667,0.947884015242259,345.780811564128,11.1238381783168,39.726367998394,-57.9321497523652,-61.4597273759239,1.51306251386054,-1.60081055110559,0.18058467416891,0.0805206779054457,33.7185932819108,27.358812489904,39.5648574702353,22.2252736897581
2016-01-31,-57.9333333333333,-61.4166666666667,0.988635080059369,344.995743815104,12.0916712284088,39.726367998394,-57.9321497523652,-61.4597273759239,1.51277338965495,-1.60912168474126,0.166179020251883,0.0610920898756362,33.7190465138371,32.0473047521778,39.5648574702353,10.0296253219089
2016-02-01,-57.9333333333333,-61.4166666666667,1.01720513701439,344.59569905599,14.9475152174632,39.726367998394,-57.9321497523652,-61.4597273759239,1.55876868739164,-1.6169153788036,0.106254894874598,0.0847772069947612,33.713097636861,32.3645366869475,39.5648574702353,9.98094067458241
2016-02-02,-57.9333333333333,-61.4166666666667,1.04045653740565,344.63151550293,16.9013898531596,39.726367998394,-57.9321497523652,-61.4597273759239,1.59532756464822,-1.62213105456273,0.0832857009219496,0.0938983400513355,33.7046821135327,32.3702732996833,39.5648574702353,20.9906534961408
2016-02-03,-57.9333333333333,-61.4166666666667,1.05155917704105,344.557592773437,13.2108413060506,39.726367998394,-57.9321497523652,-61.4597273759239,1.64060693620739,-1.61406545262588,0.114940049462861,0.0146993662657818,33.6915741253616,28.4671164276008,39.5648574702353,4.8025622029258
2016-02-04,-57.9333333333333,-61.4166666666667,1.0727194160223,344.57687886556,16.4075874169668,39.726367998394,-57.9321497523652,-61.4597273759239,1.68751641054799,-1.61998214085299,0.11126176529753,0.0573059590183254,33.6794353140924,24.4377550433453,39.5648574702353,1.78001599722854
2016-02-05,-57.9333333333333,-61.4166666666667,1.1288327952226,344.519588216146,17.6827550888062,39.726367998394,-57.9321497523652,-61.4597273759239,1.70071968055309,-1.61757278756091,0.130802790361239,0.138806441518709,33.6769628453075,29.2243424788454,39.5648574702353,45.0289487202921
2016-02-06,-57.9333333333333,-61.4166666666667,1.21975377102693,344.516446940104,17.511418390274,39.726367998394,-57.9321497523652,-61.4597273759239,1.6255532823559,-1.60268181472793,0.0919020170191849,0.10340267610281,33.6830552180011,36.0215951338746,39.5648574702353,22.9745997836376
2016-02-07,-57.9333333333333,-61.4166666666667,1.27921537061532,344.651399739583,12.5170707066854,39.726367998394,-57.9321497523652,-61.4597273759239,1.67094279635221,-1.58958983555772,0.138487489081751,0.0225745186181669,33.6737963597577,34.451497999349,39.5648574702353,3.26211097517954
2016-02-08,-57.9333333333333,-61.4166666666667,1.28393229146798,344.436460367839,11.7473914464315,39.726367998394,-57.9321497523652,-61.4597273759239,1.69868756371333,-1.5863590065698,0.143352093469155,0.0122418231365824,33.6641245533649,31.5465028554873,39.5648574702353,6.80736592999072
2016-02-09,-57.9333333333333,-61.4166666666667,1.28542984922727,344.263479614258,15.6395144462585,39.726367998394,-57.9321497523652,-61.4597273759239,1.73477558354686,-1.58764169762905,0.150509028534468,0.0155942698282407,33.6546536208992,29.6092658544842,39.5648574702353,7.38369110667501
2016-02-10,-57.9333333333333,-61.4166666666667,1.27757753431797,344.36483968099,18.4060708840688,39.726367998394,-57.9321497523652,-61.4597273759239,1.77881035007032,-1.59744319207686,0.0948827338958145,0.0370077081304744,33.645630083586,28.5881578330707,39.5648574702353,4.7087015394336
2016-02-11,-57.9333333333333,-61.4166666666667,1.24465109507243,344.415754191081,14.8727440992991,39.726367998394,-57.9321497523652,-61.4597273759239,1.79103611151975,-1.59287115012793,0.0960988849961668,0.011406579762137,33.6322639149831,26.4564513156289,39.5648574702353,9.44617638627096
2016-02-12,-57.9333333333333,-61.4166666666667,1.210443080465,344.57844543457,19.9810218334198,39.726367998394,-57.9321497523652,-61.4597273759239,1.80417605226201,-1.58736519885242,0.0566244555315129,0.0317369552427217,33.6236533401604,25.8128090299162,39.5648574702353,23.9626140669558
2016-02-13,-57.9333333333333,-61.4166666666667,1.15895223716895,344.537397257487,17.2915005366007,39.726367998394,-57.9321497523652,-61.4597273759239,1.81565560568544,-1.57827389464342,0.0747795265896204,-0.0125171779829981,33.6169644405967,27.9364842651482,39.5648574702353,28.5083039768172
2016-02-14,-57.9333333333333,-61.4166666666667,1.05612257222335,343.560635375977,14.0542110602061,39.726367998394,-57.9321497523652,-61.4597273759239,1.75873146559063,-1.58251894909636,0.0403395037593922,-0.0215557050940238,33.6150769828854,32.8808272046254,39.5648574702353,57.1710290986776
2016-02-15,-57.9333333333333,-61.4166666666667,0.957917855183284,342.517131551107,10.671951063474,39.726367998394,-57.9321497523652,-61.4597273759239,1.70983668511971,-1.58667566498419,0.0907225793689714,-0.016030248590654,33.6097016155272,33.7441796467717,39.5648574702353,23.8648482006137
2016-02-16,-57.9333333333333,-61.4166666666667,0.836096914609273,341.043816121419,6.19248225688934,39.726367998394,-57.9321497523652,-61.4597273759239,1.64870513157737,-1.59188560435646,0.0861012052772637,-0.0293000636804373,33.5900768624212,27.8819869120318,39.5648574702353,34.4034892930099
2016-02-17,-57.9333333333333,-61.4166666666667,0.750365603963534,340.068445841471,9.7576852162679,39.726367998394,-57.9321497523652,-61.4597273759239,1.60865199296994,-1.59819352761247,0.0659360423179946,0.0213170640058535,33.5796017754347,23.4550818393105,39.5648574702353,19.8848070770995
2016-02-18,-57.9333333333333,-61.4166666666667,0.723640644550324,340.256524658203,10.1409697214762,39.726367998394,-57.9321497523652,-61.4597273759239,1.57405639591074,-1.59507398901129,0.126640341153606,0.0492954238885103,33.5802154684425,28.6879739797205,39.5648574702353,0.152952439019567
2016-02-19,-57.9333333333333,-61.4166666666667,0.719669522841771,340.316462198893,7.06842478116353,39.726367998394,-57.9321497523652,-61.4597273759239,1.54248144035053,-1.58950952569345,0.17402893192786,0.0279301726224279,33.5807949152208,32.0754139082772,39.5648574702353,13.4548681417572
2016-02-20,-57.9333333333333,-61.4166666666667,0.698483869433403,339.707457478841,5.65043012301127,39.726367998394,-57.9321497523652,-61.4597273759239,1.50305611657021,-1.585508847147,0.148622845782709,-0.0449058069686468,33.5750412044669,32.6467755038039,39.5648574702353,42.4636134776296
2016-02-21,-57.9333333333333,-61.4166666666667,0.668510059515635,339.137818400065,6.27409682273865,39.726367998394,-57.9321497523652,-61.4597273759239,1.49985098569913,-1.58757171505376,0.14123644937474,0.00275354948651074,33.5653693837331,23.7992755667608,39.5648574702353,9.9090372403551
2016-02-22,-57.9333333333333,-61.4166666666667,0.651542539397875,338.875607299805,5.39796730677287,39.726367998394,-57.9321497523652,-61.4597273759239,1.46311862755539,-1.59057078953076,0.116814758614602,0.0165350661662064,33.5457218715123,16.1725162025681,39.5648574702353,4.11354014032027
2016-02-23,-57.9333333333333,-61.4166666666667,0.651617794235547,338.97883199056,6.56676286061605,39.726367998394,-57.9321497523652,-61.4597273759239,1.38114545399085,-1.58561784342716,0.100190201242055,0.0803439921762486,33.5363253399842,21.4903093137239,39.5648574702353,9.58089541705585
2016-02-24,-57.9333333333333,-61.4166666666667,0.674235721429189,339.360952758789,6.39136370023092,39.726367998394,-57.9321497523652,-61.4597273759239,1.28382674711091,-1.58863642341212,0.102126864716411,0.113354464082566,33.5458765245022,28.0724408034991,39.5648574702353,26.5364857089828
2016-02-25,-57.9333333333333,-61.4166666666667,0.707297073801359,339.845815022786,9.14917537371318,39.726367998394,-57.9321497523652,-61.4597273759239,1.19219687334577,-1.58796409601556,0.0616382105990236,0.0843320498593096,33.5663677731851,31.2545118654581,39.5648574702353,28.0012602463703
2016-02-26,-57.9333333333333,-61.4166666666667,0.730810172359149,340.411939493815,10.0716567675273,39.726367998394,-57.9321497523652,-61.4597273759239,1.15971599911389,-1.59535393365344,0.0931640603208452,0.052764896331425,33.5852011200181,31.2373021204669,39.5648574702353,5.36027037561858
2016-02-27,-57.9333333333333,-61.4166666666667,0.749923249085744,340.961873372396,10.5222260316213,39.726367998394,-57.9321497523652,-61.4597273759239,1.13556186216218,-1.59230323035018,0.123154806211255,0.0359223506840548,33.6062254798143,31.1839522096447,39.5648574702353,0.347047107960608
2016-02-28,-57.9333333333333,-61.4166666666667,0.76760441660881,341.224954223633,7.6303568204244,39.726367998394,-57.9321497523652,-61.4597273759239,1.12856233792197,-1.59008891734862,0.132509991092453,0.0462435729997723,33.6231539016379,25.8575541883483,39.5648574702353,0.324855506844077
2016-02-29,-57.9333333333333,-61.4166666666667,0.785610487063726,341.266877237956,9.02141580581665,39.726367998394,-57.9321497523652,-61.4597273759239,1.06562720474444,-1.5847722726657,0.119878081814911,0.0903072519774051,33.6414935463353,31.41284113002,39.5648574702353,10.7930145754275
2016-03-01,-57.9333333333333,-61.4166666666667,0.803427552183469,341.329084269206,8.61932446956635,39.726367998394,-57.9321497523652,-61.4597273759239,1.03656073217105,-1.58362036988251,0.157365366704482,0.0464822141159522,33.659317260398,32.7224980727174,39.5648574702353,5.35061929633086
2016-03-02,-57.9333333333333,-61.4166666666667,0.837161068121592,341.609050496419,11.5448397000631,39.726367998394,-57.9321497523652,-61.4597273759239,1.01758051725259,-1.59672841183225,0.111220462401783,0.0992379321863777,33.6745305455717,32.7104513591393,39.5648574702353,16.1139302559505
2016-03-03,-57.9333333333333,-61.4166666666667,0.867311076323191,341.864653523763,10.1546491146088,39.726367998394,-57.9321497523652,-61.4597273759239,1.05834406591896,-1.60240875688711,0.147358508094361,0.0374758116536795,33.6762687998607,28.627166482739,39.5648574702353,2.77762774296081
2016-03-04,-57.9333333333333,-61.4166666666667,0.891629280646642,341.686837768555,8.00955332914988,39.726367998394,-57.9321497523652,-61.4597273759239,1.05577500108489,-1.59983992307706,0.184283610223267,0.112631657181826,33.6861357294527,29.7050664442822,39.5648574702353,41.2094939953363
2016-03-05,-57.9333333333333,-61.4166666666667,0.899156289299329,341.256717936198,5.68177402019501,39.726367998394,-57.9321497523652,-61.4597273759239,1.03317386741029,-1.5983380944209,0.140268118015694,0.0435841029047742,33.677364435411,24.2427118021743,39.5648574702353,1.20704963976232
2016-03-06,-57.9333333333333,-61.4166666666667,0.893796948591868,341.024864705404,8.51128194332123,39.726367998394,-57.9321497523652,-61.4597273759239,1.04647902079991,-1.6034941171345,0.133565518865012,0.0962985180934569,33.6756319605318,22.7139180405696,39.5648574702353,14.0121448705843
2016-03-07,-57.9333333333333,-61.4166666666667,0.880571449796359,340.84696858724,5.1014276266098,39.726367998394,-57.9321497523652,-61.4597273759239,1.02186503894347,-1.59871899857557,0.144728867589195,0.0862205259053779,33.6779494608255,25.6997986736154,39.5648574702353,10.8679601066273
2016-03-08,-57.9333333333333,-61.4166666666667,0.883286842703819,340.83334757487,9.64719758033752,39.726367998394,-57.9321497523652,-61.4597273759239,1.01196602815972,-1.59652878153593,0.127528360463623,0.088868522918538,33.6853266837902,25.0980332453448,39.5648574702353,10.0593210360777
2016-03-09,-57.9333333333333,-61.4166666666667,0.893331083655357,340.938022867839,6.61803832848867,39.726367998394,-57.9321497523652,-61.4597273759239,0.986459897200864,-1.59602167149235,0.107583482742758,0.104169080972223,33.6941495766317,26.4449781260096,39.5648574702353,19.5121883358904
2016-03-10,-57.9333333333333,-61.4166666666667,0.847427542010943,340.572731526693,4.18764850298564,39.726367998394,-57.9321497523652,-61.4597273759239,0.949485230714755,-1.59259235276315,0.124501750825491,0.0531458043514338,33.7053246318846,25.5879357416827,39.5648574702353,0.409278859576157
2016-03-11,-57.9333333333333,-61.4166666666667,0.806485125422478,340.186785888672,7.04881100654602,39.726367998394,-57.9321497523652,-61.4597273759239,0.856927410328299,-1.60125226857967,0.188946287574849,0.136495754598899,33.7399734267615,30.3923065357638,39.5648574702353,63.2961304035311
2016-03-12,-57.9333333333333,-61.4166666666667,0.850284051895142,340.450680541992,10.1191514650981,39.726367998394,-57.9321497523652,-61.4597273759239,0.73506631483709,-1.61246035869857,0.0953095346773253,0.151846794173458,33.7560297600309,35.4364657617153,39.5648574702353,62.3758084828992
2016-03-13,-57.9333333333333,-61.4166666666667,0.865835280219714,340.546409098307,5.81042608420054,39.726367998394,-57.9321497523652,-61.4597273759239,0.682991180765001,-1.61822445813875,0.134253906380189,0.046424848482685,33.7572747424133,31.1248656215524,39.5648574702353,0.479622218536868
2016-03-14,-57.9333333333333,-61.4166666666667,0.849921544392904,340.44997660319,6.3310822168986,39.726367998394,-57.9321497523652,-61.4597273759239,0.634203788033105,-1.6207221553738,0.0900250135787896,0.0838754193479181,33.7702564870505,30.9808778547703,39.5648574702353,13.9352508722445
2016-03-15,-57.9333333333333,-61.4166666666667,0.82884006301562,340.371801757812,3.64667000373205,39.726367998394,-57.9321497523652,-61.4597273759239,0.591559563140224,-1.60515657627493,0.132188743568565,0.0627442194863145,33.7834334552736,30.107199457355,39.5648574702353,2.01521994627554
2016-03-16,-57.9333333333333,-61.4166666666667,0.76813134153684,340.066065470378,2.66594182650248,39.726367998394,-57.9321497523652,-61.4597273759239,0.563242059677167,-1.59495352219818,0.177996337763909,0.0734211092016527,33.8000293100687,30.8971241112042,39.5648574702353,18.4797219351012
2016-03-17,-57.9333333333333,-61.4166666666667,0.764145950476328,340.114438883464,6.56023013591766,39.726367998394,-57.9321497523652,-61.4597273759239,0.520016834139824,-1.60003955830309,0.154141418691865,0.096963958646682,33.8221609215987,35.388278566805,39.5648574702353,18.2945981861961
2016-03-18,-57.9333333333333,-61.4166666666667,0.811329747239749,340.579827880859,8.53135199546814,39.726367998394,-57.9321497523652,-61.4597273759239,0.462203303590081,-1.61153792035311,0.108264985851439,0.131821603521257,33.8316492353167,37.1603025637175,39.5648574702353,39.8311021259731
2016-03-19,-57.9333333333333,-61.4166666666667,0.856238716840744,341.047175089518,9.65043904781342,39.726367998394,-57.9321497523652,-61.4597273759239,0.341752024129369,-1.61625796556473,0.084228791394516,0.118953348270484,33.8400821255562,39.3895307698644,39.5648574702353,36.219522818376
2016-03-20,-57.9333333333333,-61.4166666666667,0.883040605982145,341.228787231445,8.35600910981496,39.726367998394,-57.9321497523652,-61.4597273759239,0.291565828277428,-1.61117537218825,0.194850356983287,0.0879116641511594,33.855404531149,40.5643787706705,39.5648574702353,34.1744064167969
2016-03-21,-57.9333333333333,-61.4166666666667,0.927300620079041,341.678114827474,9.95093922615051,39.726367998394,-57.9321497523652,-61.4597273759239,0.228683012516651,-1.61465975664612,0.149393839929673,0.119595843122194,33.877375466483,45.3876802652402,39.5648574702353,31.5361899049376
2016-03-22,-57.9333333333333,-61.4166666666667,0.96925605336825,342.21133219401,8.50751283963521,39.726367998394,-57.9321497523652,-61.4597273759239,0.194712469676383,-1.61326462747459,0.120483862600268,0.0681572399081144,33.8919465057832,47.5951092261121,39.5648574702353,2.98393783102397
2016-03-23,-57.9333333333333,-61.4166666666667,0.977682417631149,342.449063110352,7.1777599811554,39.726367998394,-57.9321497523652,-61.4597273759239,0.209821196819158,-1.61466893934666,0.175880693823547,0.0492449420175158,33.8997367055793,44.7159287947461,39.5648574702353,13.2094530144408
2016-03-24,-57.9333333333333,-61.4166666666667,0.988645313183467,342.765661621094,8.08781828085582,39.726367998394,-57.9321497523652,-61.4597273759239,0.231945969108352,-1.62122926900261,0.16460261285249,0.0806537658340277,33.9023640568095,42.3094408709304,39.5648574702353,14.6257313772569
2016-03-25,-57.9333333333333,-61.4166666666667,0.942201452453931,342.673816935221,2.83976369698842,39.726367998394,-57.9321497523652,-61.4597273759239,0.231899158903083,-1.63222511235933,0.233787844475723,0.0927166085746279,33.9074121346151,45.4771705426668,39.5648574702353,71.2749965977277
2016-03-26,-57.9333333333333,-61.4166666666667,0.8867249528567,342.829755655924,3.83002649943034,39.726367998394,-57.9321497523652,-61.4597273759239,0.177166850859285,-1.63496833546717,0.201759472293289,0.117544448017178,33.9197801719035,49.2759219685892,39.5648574702353,56.6298137214014
2016-03-27,-57.9333333333333,-61.4166666666667,0.893548405170441,343.17891031901,8.05563001632691,39.726367998394,-57.9321497523652,-61.4597273759239,0.182891479840404,-1.63685336955508,0.201075673705541,0.0712320364983682,33.925551091818,51.2900289449477,39.5648574702353,32.8164894960286
2016-03-28,-57.9333333333333,-61.4166666666667,0.909690342346827,343.501205444336,9.49950331846873,39.726367998394,-57.9321497523652,-61.4597273759239,0.19648024974797,-1.63127858208534,0.213524012987439,0.0732811367545361,33.9322859111585,53.0448432685737,39.5648574702353,43.6708239621981
2016-03-29,-57.9333333333333,-61.4166666666667,0.936123261849085,344.01916809082,8.82988700866699,39.726367998394,-57.9321497523652,-61.4597273759239,0.188640892169529,-1.63066821035586,0.152227702361525,0.0847267253058297,33.9404665151037,51.5739886993752,39.5648574702353,12.0300856606739
2016-03-30,-57.9333333333333,-61.4166666666667,0.936936975518862,344.276231892904,4.67362500826518,39.726367998394,-57.9321497523652,-61.4597273759239,0.194723484211398,-1.62221825346911,0.173866013667189,0.0472922162257863,33.9305192043907,42.03810139527,39.5648574702353,12.118041969274
2016-03-31,-57.9333333333333,-61.4166666666667,0.938018957773844,344.609327189128,6.95153793493907,39.726367998394,-57.9321497523652,-61.4597273759239,0.181349492442787,-1.61093902722337,0.187188605196718,0.0730402010556002,33.9354696345509,47.5916673402141,39.5648574702353,23.6867790531155
2016-04-01,-57.9333333333333,-61.4166666666667,0.97587910592556,345.27809753418,9.12601307233175,39.726367998394,-57.9321497523652,-61.4597273759239,0.144300481150473,-1.61099639109203,0.144031302177144,0.0892127164380443,33.9431163386295,54.6424759707056,39.5648574702353,12.0360005397884
2016-04-02,-57.9333333333333,-61.4166666666667,0.997788582245509,345.835239664714,8.05733318328857,39.726367998394,-57.9321497523652,-61.4597273759239,0.104616322239539,-1.61874533730342,0.103847833504354,0.0628130588596477,33.9443612206251,57.8658502155677,39.5648574702353,3.932890941107
2016-04-03,-57.9333333333333,-61.4166666666667,0.988114973902702,346.190532430013,8.78083068529765,39.726367998394,-57.9321497523652,-61.4597273759239,0.0581859671475744,-1.6249477110411,0.0844077720705952,0.0874733908620096,33.9454626212443,61.115039151414,39.5648574702353,17.5387877755234
2016-04-04,-57.9333333333333,-61.4166666666667,0.967142408092817,346.458006795247,4.89195800622304,39.726367998394,-57.9321497523652,-61.4597273759239,0.0118877821903032,-1.6221436759583,0.125571046024561,0.0622462863452677,33.9465584288862,63.4182689028575,39.5648574702353,1.6496235436735
2016-04-05,-57.9333333333333,-61.4166666666667,0.892822366952896,346.215614827474,2.98849629561106,39.726367998394,-57.9321497523652,-61.4597273759239,0.0268891204456638,-1.62566936464238,0.17380864817397,0.0311151119299177,33.9403229476814,57.6140153210862,39.5648574702353,12.8822058571459
2016-04-06,-57.9333333333333,-61.4166666666667,0.80010823905468,345.362701416016,3.49880402882894,39.726367998394,-57.9321497523652,-61.4597273759239,0.0540749172967179,-1.6354031674844,0.206858129289589,0.0475836338377313,33.9376954673824,59.6791775961568,39.5648574702353,33.7780846120143
2016-04-07,-57.9333333333333,-61.4166666666667,0.791303781668345,345.347025553385,5.3123257001241,39.726367998394,-57.9321497523652,-61.4597273759239,0.0406513627814619,-1.6479777097702,0.187872403112233,0.0588754821092563,33.9378733527391,60.3572392320274,39.5648574702353,21.0202552180453
2016-04-08,-57.9333333333333,-61.4166666666667,0.816285781065623,345.719835408529,6.33734766642253,39.726367998394,-57.9321497523652,-61.4597273759239,0.0136886044944588,-1.66185216258343,0.148051484761045,0.0835885913076257,33.9384124296948,62.3403689628257,39.5648574702353,10.5134241020093
2016-04-09,-57.9333333333333,-61.4166666666667,0.844601937135061,346.246763102214,5.27315786679586,39.726367998394,-57.9321497523652,-61.4597273759239,-0.0205930905850758,-1.65840218972443,0.141392484097216,0.114120868027658,33.9427778918044,67.0150934197849,39.5648574702353,25.9001866508096
2016-04-10,-57.9333333333333,-61.4166666666667,0.851909990111987,346.66882425944,3.61790782610575,39.726367998394,-57.9321497523652,-61.4597273759239,-0.0371171422302723,-1.65178105167876,0.184412109294444,0.10964176083978,33.9466558327352,66.6961406980242,39.5648574702353,39.2818073106796
2016-04-11,-57.9333333333333,-61.4166666666667,0.87289927303791,347.066614786784,5.98497103850047,39.726367998394,-57.9321497523652,-61.4597273759239,-0.0892170569334263,-1.64904471044254,0.143124925532847,0.151107924689252,33.9637393808006,72.3931203031898,39.5648574702353,58.9420114722404
2016-04-12,-57.9333333333333,-61.4166666666667,0.910197585821152,347.729112752279,4.34886965751648,39.726367998394,-57.9321497523652,-61.4597273759239,-0.132323877927952,-1.63844927988554,0.176112450967382,0.100568814959405,33.9730843278698,73.317280529137,39.5648574702353,29.1387549123533
2016-04-13,-57.9333333333333,-61.4166666666667,0.907201406359673,348.211663818359,2.9171213666598,39.726367998394,-57.9321497523652,-61.4597273759239,-0.191145206892625,-1.62986394785401,0.132367723838503,0.083416494043698,33.9785110358905,71.1414026712117,39.5648574702353,8.01930039645398
2016-04-14,-57.9333333333333,-61.4166666666667,0.906286033987999,348.637236531576,5.40517117977142,39.726367998394,-57.9321497523652,-61.4597273759239,-0.222563209334262,-1.6264782265613,0.134761018272405,0.0876707285362527,33.974191407512,66.2332001019241,39.5648574702353,9.9935531036889
2016-04-15,-57.9333333333333,-61.4166666666667,0.893942547837893,348.841838582357,5.14292403856913,39.726367998394,-57.9321497523652,-61.4597273759239,-0.265504816505022,-1.61706452217317,0.148315366441594,0.0323496204625843,33.9689826104874,62.8170772817798,39.5648574702353,3.46967380539996
2016-04-16,-57.9333333333333,-61.4166666666667,0.868828023473422,348.977932739258,4.78526668548584,39.726367998394,-57.9321497523652,-61.4597273759239,-0.312001258106832,-1.62331393831655,0.0738226681163437,0.0847290196505032,33.9698430971992,65.7065835931247,39.5648574702353,21.2155231454347
2016-04-17,-57.9333333333333,-61.4166666666667,0.821282743414243,348.742003377279,4.01864541371663,39.726367998394,-57.9321497523652,-61.4597273759239,-0.41000009224491,-1.62722168246606,0.0389902643243173,0.126794080915196,33.9763540827242,72.3007619040353,39.5648574702353,70.9548487309534
2016-04-18,-57.9333333333333,-61.4166666666667,0.81257229745388,349.194080607096,4.20348387161891,39.726367998394,-57.9321497523652,-61.4597273759239,-0.502560667861673,-1.63103075896887,0.0569204622669552,0.10765461595659,33.9860602500743,75.2677116573305,39.5648574702353,43.1920049410871
2016-04-19,-57.9333333333333,-61.4166666666667,0.809995672106743,349.756218465169,2.78714600006739,39.726367998394,-57.9321497523652,-61.4597273759239,-0.563705992205699,-1.61846195217362,0.132812881898275,0.105800558637856,33.9847179785707,73.5008505304953,39.5648574702353,19.3597732906715
2016-04-20,-57.9333333333333,-61.4166666666667,0.803433122237523,350.295808919271,3.28222961425781,39.726367998394,-57.9321497523652,-61.4597273759239,-0.628753094716852,-1.61582427768779,0.0930539182758421,0.079965378528923,33.979807516686,71.1459914795438,39.5648574702353,11.4509235122364
2016-04-21,-57.9333333333333,-61.4166666666667,0.789052288730939,350.598143513997,3.40899184942245,39.726367998394,-57.9321497523652,-61.4597273759239,-0.703842399095682,-1.61484447636999,0.0656102061327687,0.117723429169422,33.976491756009,71.0352757963023,39.5648574702353,44.5822232008824
2016-04-22,-57.9333333333333,-61.4166666666667,0.794630436102549,351.332192993164,4.06916305224101,39.726367998394,-57.9321497523652,-61.4597273759239,-0.781886255606673,-1.61454388118328,0.0766106369744118,0.115557303512119,33.9736809407858,70.2103584189164,39.5648574702353,37.1115257043278
2016-04-23,-57.9333333333333,-61.4166666666667,0.805547477801641,352.041254679362,3.44148442745209,39.726367998394,-57.9321497523652,-61.4597273759239,-0.848599260014699,-1.61750394912591,0.0707203352025577,0.0920534618899114,33.9683229259979,66.8957727080897,39.5648574702353,26.0872268467871
2016-04-24,-57.9333333333333,-61.4166666666667,0.788306429982185,352.285670979818,1.71616049408913,39.726367998394,-57.9321497523652,-61.4597273759239,-0.931563715065332,-1.60482843881263,0.111741342574806,0.0482307180370155,33.9464551739227,56.9118597740518,39.5648574702353,0.929994636569366
2016-04-25,-57.9333333333333,-61.4166666666667,0.766854322950045,352.550022379557,2.81440835396449,39.726367998394,-57.9321497523652,-61.4597273759239,-0.962706362842617,-1.5983633385565,0.102035079739596,0.0640705127297039,33.9288095459902,51.7621480862897,39.5648574702353,4.57122839886022
2016-04-26,-57.9333333333333,-61.4166666666667,0.758730392654737,353.094934082031,2.51988602479299,39.726367998394,-57.9321497523652,-61.4597273759239,-0.973899541716827,-1.60211733902307,0.165935789914171,0.0743504319255961,33.913716595872,46.4741850293669,39.5648574702353,13.0607150555185
2016-04-27,-57.9333333333333,-61.4166666666667,0.750058410565058,353.630422973633,2.86380260785421,39.726367998394,-57.9321497523652,-61.4597273759239,-0.937734419690039,-1.61628779343196,0.171924760929288,0.12475186450533,33.9196137019566,55.4278112067316,39.5648574702353,43.6547094359448
2016-04-28,-57.9333333333333,-61.4166666666667,0.741290600101153,354.413057454427,1.22504261136055,39.726367998394,-57.9321497523652,-61.4597273759239,-0.943494844257383,-1.62204156468685,0.154923886004695,0.128863832430172,33.9367088088416,64.2936677896887,39.5648574702353,40.4787859829169
2016-04-29,-57.9333333333333,-61.4166666666667,0.719103147586187,355.214335123698,1.43789561986923,39.726367998394,-57.9321497523652,-61.4597273759239,-0.949120344524097,-1.62549612441457,0.146901877793042,0.110779894529877,33.9565859056057,66.6164020416432,39.5648574702353,24.6859219574658
2016-04-30,-57.9333333333333,-61.4166666666667,0.712106582522392,355.852443440755,2.23749567270279,39.726367998394,-57.9321497523652,-61.4597273759239,-0.974645750303017,-1.63674552413754,0.147670577217202,0.135568726373682,33.9831060108386,69.6103137561253,39.5648574702353,44.4604638213552
2016-05-01,-57.9333333333333,-61.4166666666667,0.71230567197005,356.534502156576,2.11692923307419,39.726367998394,-57.9321497523652,-61.4597273759239,-1.04280161319819,-1.63764615838689,0.0835656451439499,0.0919111953081941,34.0049278718188,71.9955764748996,39.5648574702353,19.9052067806881
2016-05-02,-57.9333333333333,-61.4166666666667,0.712084315220515,356.87058207194,2.64163219928741,39.726367998394,-57.9321497523652,-61.4597273759239,-1.13009740087323,-1.63392313396124,0.0885748106398081,0.0565854469244193,34.0080599964113,70.6142125846748,39.5648574702353,7.31861813490462
2016-05-03,-57.9333333333333,-61.4166666666667,0.700768531362216,356.877890014648,1.47815449635188,39.726367998394,-57.9321497523652,-61.4597273759239,-1.20126840517037,-1.62771617738824,0.119754172077304,0.0489741763926314,33.9964319817106,48.9753259967144,39.5648574702353,0.242975189786449
2016-05-04,-57.9333333333333,-61.4166666666667,0.676160168647766,356.462096150716,1.90281599362691,39.726367998394,-57.9321497523652,-61.4597273759239,-1.22776581089299,-1.62630613137009,0.0676684841597663,0.0152454871432226,33.9957090678968,57.9541933697865,39.5648574702353,20.4487757176236
2016-05-05,-57.9333333333333,-61.4166666666667,0.669100937247276,355.94853515625,2.85487300157547,39.726367998394,-57.9321497523652,-61.4597273759239,-1.2644348337238,-1.63062920292517,0.102787717000434,0.0525262557614343,33.994246303587,58.6942099592739,39.5648574702353,2.76425583921643
2016-05-06,-57.9333333333333,-61.4166666666667,0.671123466889064,355.791710408529,2.38240951498349,39.726367998394,-57.9321497523652,-61.4597273759239,-1.27830996773297,-1.6313221768329,0.115623847350366,0.0610094833979033,33.9958008500866,60.4300936182639,39.5648574702353,1.84486146864538
2016-05-07,-57.9333333333333,-61.4166666666667,0.657047574718793,356.015519205729,1.15238485435645,39.726367998394,-57.9321497523652,-61.4597273759239,-1.27534990427189,-1.63954611425113,0.125493028628311,0.0736413924653727,34.0011760023303,55.334878925094,39.5648574702353,4.36586418414577
2016-05-08,-57.9333333333333,-61.4166666666667,0.637355867028236,356.121253458659,1.58397127290567,39.726367998394,-57.9321497523652,-61.4597273759239,-1.27766563614508,-1.65063488752322,0.103432506420895,0.0213606619185075,34.0008548793936,48.5169748112671,39.5648574702353,4.85564097056018
2016-05-09,-57.9333333333333,-61.4166666666667,0.628785740335782,356.468927001953,1.79843799471855,39.726367998394,-57.9321497523652,-61.4597273759239,-1.26355369781193,-1.64891621313597,0.131323670282176,0.0702109287555953,34.0034134226634,49.7704137536816,39.5648574702353,3.62527497510305
2016-05-10,-57.9333333333333,-61.4166666666667,0.615657152732213,357.208465576172,1.42546126246452,39.726367998394,-57.9321497523652,-61.4597273759239,-1.23124079058941,-1.64582650374649,0.117771616737757,0.0902774223595633,34.0145022887036,54.377446669385,39.5648574702353,10.9038232012351
2016-05-11,-57.9333333333333,-61.4166666666667,0.600914025306702,358.122788492839,1.28537520567576,39.726367998394,-57.9321497523652,-61.4597273759239,-1.20636797959643,-1.64350204449847,0.136179095806372,0.0769112330714339,34.0250518196507,56.8057335444859,39.5648574702353,6.03672797208011
2016-05-12,-57.9333333333333,-61.4166666666667,0.589522097508113,358.783457438151,1.44146614472071,39.726367998394,-57.9321497523652,-61.4597273759239,-1.18319960801225,-1.6440550483259,0.14167931199746,0.0462871708844165,34.0342762452319,58.5221129395908,39.5648574702353,1.45869492754524
2016-05-13,-57.9333333333333,-61.4166666666667,0.58272275129954,359.270654296875,1.44310093820095,39.726367998394,-57.9321497523652,-61.4597273759239,-1.17422854138496,-1.64932121549334,0.131745881267956,0.0483362707484486,34.0399553255927,58.3534579492153,39.5648574702353,0.335122579644737
2016-05-14,-57.9333333333333,-61.4166666666667,0.580261023839315,359.537373860677,1.7016661554575,39.726367998394,-57.9321497523652,-61.4597273759239,-1.18542172518888,-1.64579897088216,0.114141520112753,0.0309980860666225,34.0434374845118,57.8245469824712,39.5648574702353,1.42006962670418
2016-05-15,-57.9333333333333,-61.4166666666667,0.577360020081202,359.69621480306,1.47195144593716,39.726367998394,-57.9321497523652,-61.4597273759239,-1.19509494730404,-1.64302935456871,0.123772060442576,0.0543137685416785,34.0530978754947,59.8409486247185,39.5648574702353,0.526129790273996
2016-05-16,-57.9333333333333,-61.4166666666667,0.5730350146691,360.189357503255,1.09754429658254,39.726367998394,-57.9321497523652,-61.4597273759239,-1.19585217031321,-1.64713673439241,0.14428141610907,0.0390728707180211,34.0647028442612,60.6624244281224,39.5648574702353,2.03589504702641
2016-05-17,-57.9333333333333,-61.4166666666667,0.555614507198334,360.540541585286,0.674666731556257,39.726367998394,-57.9321497523652,-61.4597273759239,-1.19157590767495,-1.6437854323172,0.131755059935097,0.0840452213988716,34.0837195547004,65.0864609345458,39.5648574702353,8.22360153857245
2016-05-18,-57.9333333333333,-61.4166666666667,0.541459785898527,361.170685831706,0.834079402685165,39.726367998394,-57.9321497523652,-61.4597273759239,-1.18774847294155,-1.6393350089403,0.112884065290367,0.0661838621433292,34.102116706676,69.5254127853795,39.5648574702353,3.14089247712412
2016-05-19,-57.9333333333333,-61.4166666666667,0.526114461819331,361.324970499674,0.487621820469697,39.726367998394,-57.9321497523652,-61.4597273759239,-1.24445507714623,-1.63498898780436,0.105970361024926,0.0112918485096075,34.0857331268769,27.5446770316676,39.5648574702353,7.14374573990548
2016-05-20,-57.9333333333333,-61.4166666666667,0.498761938512325,361.116139729818,0.309813305487235,39.726367998394,-57.9321497523652,-61.4597273759239,-1.28357200335739,-1.64275744042002,0.114327384355037,-0.0146534737983817,34.0875859941755,31.8230051815062,39.5648574702353,17.8027854557805
2016-05-21,-57.9333333333333,-61.4166666666667,0.476640741030375,361.03171488444,0.650266362229983,39.726367998394,-57.9321497523652,-61.4597273759239,-1.24349133502272,-1.65215048664495,0.118746832321237,0.0416635019578656,34.1016748901597,55.691693288043,39.5648574702353,0.209271488051521
2016-05-22,-57.9333333333333,-61.4166666666667,0.467954997718334,361.215370686849,0.9709675659736,39.726367998394,-57.9321497523652,-61.4597273759239,-1.2610589790165,-1.66173972447116,0.0704633375643788,0.0419296785292769,34.1075262055361,63.8812093412069,39.5648574702353,14.7530190841502
2016-05-23,-57.9333333333333,-61.4166666666667,0.452132384479046,361.304404703776,0.310118935505549,39.726367998394,-57.9321497523652,-61.4597273759239,-1.27389327341453,-1.66557633742354,0.138973949154965,0.0589007230377511,34.1095970268536,67.39657489877,39.5648574702353,2.10820111934463
2016-05-24,-57.9333333333333,-61.4166666666667,0.427503980199496,360.920537312826,0.578137140969435,39.726367998394,-57.9321497523652,-61.4597273759239,-1.25207414752559,-1.67371307055753,0.0636047042234052,0.0772806672953573,34.1189188993067,74.6343952014034,39.5648574702353,24.1915160911328
2016-05-25,-57.9333333333333,-61.4166666666667,0.416245693961779,361.070814005534,0.55789367655913,39.726367998394,-57.9321497523652,-61.4597273759239,-1.25971800492222,-1.6586373887564,0.118207595164054,0.0602774980260914,34.1173642524203,75.3824428077927,39.5648574702353,1.52163338656894
2016-05-26,-57.9333333333333,-61.4166666666667,0.409173673888048,361.249961344401,0.736771883567174,39.726367998394,-57.9321497523652,-61.4597273759239,-1.24212006585939,-1.66141159373118,0.119272300749457,0.0780516614703307,34.121976393506,77.2410889998415,39.5648574702353,5.91250876651713
2016-05-27,-57.9333333333333,-61.4166666666667,0.406391089161237,361.501022338867,0.818510191639264,39.726367998394,-57.9321497523652,-61.4597273759239,-1.2336886926253,-1.65124410839009,0.155369042635972,0.0432651498516027,34.1257797040437,78.6706406299333,39.5648574702353,4.69438372690755
2016-05-28,-57.9333333333333,-61.4166666666667,0.399828903873762,361.520929972331,0.464246772726377,39.726367998394,-57.9321497523652,-61.4597273759239,-1.22275434804142,-1.64657684197103,0.145880769728158,0.0188457531980554,34.1264853226511,76.5647485811908,39.5648574702353,5.42406084767221
2016-05-29,-57.9333333333333,-61.4166666666667,0.388121809065342,361.334694417318,0.424793671568235,39.726367998394,-57.9321497523652,-61.4597273759239,-1.22033673323187,-1.65301440981098,0.152535182150795,-0.00460531229251309,34.1214485598686,70.4117117645149,39.5648574702353,15.7248090004827
2016-05-30,-57.9333333333333,-61.4166666666667,0.375048078596592,361.171321614583,0.209491373350223,39.726367998394,-57.9321497523652,-61.4597273759239,-1.21746202765551,-1.64685219929631,0.16604134307376,0.0105690416648872,34.1160390036447,66.655984788909,39.5648574702353,14.151398838391
2016-05-31,-57.9333333333333,-61.4166666666667,0.361765379210313,361.254600016276,0.227600382516781,39.726367998394,-57.9321497523652,-61.4597273759239,-1.2070894050867,-1.6364954046737,0.18751214657511,0.0355047291158734,34.1137329617837,68.6528820632992,39.5648574702353,20.0716345173049
2016-06-01,-57.9333333333333,-61.4166666666667,0.349267949163914,361.467385864258,0.182966701189677,39.726367998394,-57.9321497523652,-61.4597273759239,-1.19818718204821,-1.63564754787244,0.205990760496124,0.0318929896710959,34.1100385708916,70.3187795760936,39.5648574702353,33.7541871669681
2016-06-02,-57.9333333333333,-61.4166666666667,0.341184747715791,361.400314331055,0.502957190573216,39.726367998394,-57.9321497523652,-61.4597273759239,-1.19580811418985,-1.6407668536767,0.191821452006137,0.0721292351757673,34.1142550160114,77.9174298774031,39.5648574702353,26.427800774805
2016-06-03,-57.9333333333333,-61.4166666666667,0.33842891852061,361.381443277995,0.422813817858696,39.726367998394,-57.9321497523652,-61.4597273759239,-1.21995949453877,-1.64862135792137,0.139393865656024,0.0456768005554165,34.1120981345499,80.9371562362614,39.5648574702353,1.08617993297241
2016-06-04,-57.9333333333333,-61.4166666666667,0.332889017959436,361.079429117839,0.332475252697865,39.726367998394,-57.9321497523652,-61.4597273759239,-1.25094519006579,-1.64289282318345,0.140536588679691,0.0327488847104903,34.1043424964847,80.5700161761807,39.5648574702353,1.89217181650972
2016-06-05,-57.9333333333333,-61.4166666666667,0.326687082151572,360.549901326497,0.493945082028707,39.726367998394,-57.9321497523652,-61.4597273759239,-1.27541323734405,-1.63638526559772,0.163104223437551,-0.0385152765346649,34.0958870765858,75.9773244104887,39.5648574702353,41.4869771567885
2016-06-06,-57.9333333333333,-61.4166666666667,0.322227964301904,360.250474039714,0.375885733465354,39.726367998394,-57.9321497523652,-61.4597273759239,-1.30696616338608,-1.62913424897015,0.190674140055041,-0.00249884626302952,34.0850279528396,70.6010184431435,39.5648574702353,32.594938564643
2016-06-07,-57.9333333333333,-61.4166666666667,0.318276543418566,360.396556599935,0.307611809670925,39.726367998394,-57.9321497523652,-61.4597273759239,-1.32332224662143,-1.62425243495999,0.207571756977,0.0520719200288667,34.0770943577128,71.2458079524506,39.5648574702353,34.6236645613098
2016-06-08,-57.9333333333333,-61.4166666666667,0.31509288897117,360.736233520508,0.355920029183229,39.726367998394,-57.9321497523652,-61.4597273759239,-1.30705427316795,-1.62336671397202,0.202564885363655,0.0914499760374315,34.0782818184759,78.9643525754599,39.5648574702353,41.4934469056659
2016-06-09,-57.9333333333333,-61.4166666666667,0.310778945684433,361.383009847005,0.127012245481213,39.726367998394,-57.9321497523652,-61.4597273759239,-1.284056628333,-1.6183242753036,0.203081176665268,0.0829483908285996,34.0784595891049,82.4475931045704,39.5648574702353,38.2326004159328
2016-06-10,-57.9333333333333,-61.4166666666667,0.30366212973992,361.922758992513,0.143678397933642,39.726367998394,-57.9321497523652,-61.4597273759239,-1.26607869946419,-1.6209126087956,0.197404274352847,0.0304817954512467,34.0666766776178,72.3001880287228,39.5648574702353,27.3284291714036
2016-06-11,-57.9333333333333,-61.4166666666667,0.298568196594715,362.481361897786,0.23339956899484,39.726367998394,-57.9321497523652,-61.4597273759239,-1.24462028732873,-1.62572099660572,0.232264213908212,0.051817216567303,34.0520426384488,61.2286229097754,39.5648574702353,58.1056282758035
2016-06-12,-57.9333333333333,-61.4166666666667,0.290433647235235,362.165658569336,0.315437642236551,39.726367998394,-57.9321497523652,-61.4597273759239,-1.18487376232344,-1.63773794505829,0.262277905388098,0.0972278409294392,34.0636478079889,78.4274103516027,39.5648574702353,108.696289414865
2016-06-13,-57.9333333333333,-61.4166666666667,0.283219956854979,362.334870402018,0.203735640645027,39.726367998394,-57.9321497523652,-61.4597273759239,-1.15989080889333,-1.63888525828383,0.22847578937846,0.0170788924048718,34.0650188761546,71.9169857950139,39.5648574702353,57.4573389375608
2016-06-14,-57.9333333333333,-61.4166666666667,0.279222424328327,362.518629964193,0.245747895290454,39.726367998394,-57.9321497523652,-61.4597273759239,-1.17970260014211,-1.64979390452679,0.188005490508631,0.0879460834106781,34.0660915374756,80.4839678205046,39.5648574702353,29.6247485603209
2016-06-15,-57.9333333333333,-61.4166666666667,0.274227134386698,362.944681803385,0.0989892678956191,39.726367998394,-57.9321497523652,-61.4597273759239,-1.20641478414374,-1.6385227119116,0.258365571372827,0.0166819220114695,34.0607738351463,75.2866424976435,39.5648574702353,93.0389855657775
2016-06-16,-57.9333333333333,-61.4166666666667,0.269337047139804,363.602485148112,0.218995830416679,39.726367998394,-57.9321497523652,-61.4597273759239,-1.21168232322636,-1.63088849388567,0.230306898194708,0.0478291587581984,34.0585537960655,75.1260186209715,39.5648574702353,55.7919989771087
2016-06-17,-57.9333333333333,-61.4166666666667,0.264754775166512,364.281359863281,0.0895693677167098,39.726367998394,-57.9321497523652,-61.4597273759239,-1.23340232703919,-1.62080820834726,0.229531315190339,0.0190476803739268,34.0458646645223,61.91299489387,39.5648574702353,58.045237006753
2016-06-18,-57.9333333333333,-61.4166666666667,0.258719847599665,364.740921020508,0.164604192972183,39.726367998394,-57.9321497523652,-61.4597273759239,-1.25313426498184,-1.61839081649493,0.231321123435645,0.0485496708240948,34.0395200342164,60.6733237424291,39.5648574702353,56.8972886936502
2016-06-19,-57.9333333333333,-61.4166666666667,0.251631416877111,364.874405924479,0.106702036658923,39.726367998394,-57.9321497523652,-61.4597273759239,-1.2391131903444,-1.62013014546014,0.266591800824928,0.0578773206141882,34.0420613539846,70.0893167158715,39.5648574702353,101.559435243722
2016-06-20,-57.9333333333333,-61.4166666666667,0.244242340326309,364.742291259766,0.22910488396883,39.726367998394,-57.9321497523652,-61.4597273759239,-1.20237808164797,-1.63109271373964,0.24847114845214,0.0728015602055125,34.0487500384338,74.9413017222756,39.5648574702353,80.6662384290607
2016-06-21,-57.9333333333333,-61.4166666666667,0.24022587587436,364.872974650065,0.163547820101182,39.726367998394,-57.9321497523652,-61.4597273759239,-1.18742906195777,-1.62449796396987,0.228645590575118,0.0495088242722633,34.0544176316799,77.1682349362768,39.5648574702353,54.128715652347
2016-06-22,-57.9333333333333,-61.4166666666667,0.239519885182381,365.12087097168,0.309231767555078,39.726367998394,-57.9321497523652,-61.4597273759239,-1.1813960359957,-1.61908150122578,0.20669979976028,0.0763605231825346,34.0552550867984,78.1904904250812,39.5648574702353,38.7907862484296
2016-06-23,-57.9333333333333,-61.4166666666667,0.23866812835137,365.092526245117,0.213420243064562,39.726367998394,-57.9321497523652,-61.4597273759239,-1.18539418694668,-1.60525523899193,0.208372581021902,-0.00739787013403007,34.0519450051444,72.745345284168,39.5648574702353,48.2335047672408
2016-06-24,-57.9333333333333,-61.4166666666667,0.234747245907784,364.931525675456,0.225002238154411,39.726367998394,-57.9321497523652,-61.4597273759239,-1.16982286160154,-1.61092640089809,0.260132431017613,0.0174643891702469,34.0385386244695,61.4322710646723,39.5648574702353,95.2040941004747
2016-06-25,-57.9333333333333,-61.4166666666667,0.229701515038808,364.483922322591,0.255635999639829,39.726367998394,-57.9321497523652,-61.4597273759239,-1.14557510143832,-1.61665723153523,0.306970312883307,0.0314478322555472,34.0350965628947,64.2064727661305,39.5648574702353,166.841172240357
2016-06-26,-57.9333333333333,-61.4166666666667,0.224125980337461,363.828380330404,0.19885197331508,39.726367998394,-57.9321497523652,-61.4597273759239,-1.11944666975423,-1.62236969946022,0.302186020502919,0.079724443222123,34.0431678313062,74.6303803257476,39.5648574702353,163.781548515042
2016-06-27,-57.9333333333333,-61.4166666666667,0.219940670331319,363.901073201497,0.0998718234399954,39.726367998394,-57.9321497523652,-61.4597273759239,-1.12893815977233,-1.62087131039541,0.248932368913315,0.0472187885412372,34.0428867770317,73.9253564311149,39.5648574702353,77.1681003452106
2016-06-28,-57.9333333333333,-61.4166666666667,0.218193551898003,364.175331624349,0.227974320948124,39.726367998394,-57.9321497523652,-61.4597273759239,-1.14867560150928,-1.61987314278022,0.21560982815025,0.0631457786951074,34.0416246571935,78.7813563705387,39.5648574702353,43.1006282429203
2016-06-29,-57.9333333333333,-61.4166666666667,0.217169626553853,364.41408589681,0.172235877315203,39.726367998394,-57.9321497523652,-61.4597273759239,-1.18390726908705,-1.61058336182644,0.227865417676985,0.0169664555670399,34.0205713860074,60.311920556807,39.5648574702353,56.8564705008697
2016-06-30,-57.9333333333333,-61.4166666666667,0.215009008347988,364.765905761719,0.187737246354421,39.726367998394,-57.9321497523652,-61.4597273759239,-1.19732807565452,-1.60847230334031,0.230412451298277,0.0950066442636395,34.0224643506502,69.6074458925348,39.5648574702353,68.7906724924893
2016-07-01,-57.9333333333333,-61.4166666666667,0.214776341120402,364.991822306315,0.263199639817079,39.726367998394,-57.9321497523652,-61.4597273759239,-1.2214629349852,-1.62267144057984,0.159607214783143,0.069701522196594,34.0281606401716,77.26288844589,39.5648574702353,9.35563916706819
2016-07-02,-57.9333333333333,-61.4166666666667,0.212977869311968,364.985227457682,0.180196937918663,39.726367998394,-57.9321497523652,-61.4597273759239,-1.25112417452317,-1.63433731453759,0.2340999134165,0.0802935099691377,34.0282007948797,77.9455392486171,39.5648574702353,66.3479548781961
2016-07-03,-57.9333333333333,-61.4166666666667,0.208657850821813,364.550938924154,0.243730471034845,39.726367998394,-57.9321497523652,-61.4597273759239,-1.25461567389338,-1.63774483320408,0.276995629212238,0.06407739664603,34.0283499409382,75.6199369358837,39.5648574702353,117.905033249121
2016-07-04,-57.9333333333333,-61.4166666666667,0.205228575567404,363.838659667969,0.215661759674549,39.726367998394,-57.9321497523652,-61.4597273759239,-1.26193461203037,-1.6592925056479,0.194077067903446,0.10954997587697,34.0463456031971,83.4509176706013,39.5648574702353,45.4560966545191
2016-07-05,-57.9333333333333,-61.4166666666667,0.201759289205074,362.802346801758,0.221545852224032,39.726367998394,-57.9321497523652,-61.4597273759239,-1.26586392477043,-1.66098134903083,0.140300241754131,0.111172275659733,34.0723726516379,90.3118462132332,39.5648574702353,23.7031446347934
2016-07-06,-57.9333333333333,-61.4166666666667,0.198773742218812,361.897810872396,0.184320030858119,39.726367998394,-57.9321497523652,-61.4597273759239,-1.28527094300528,-1.64884164010672,0.11843246818149,0.0914821003220583,34.0891693803601,93.8748253306052,39.5648574702353,11.4234876898612
2016-07-07,-57.9333333333333,-61.4166666666667,0.195588871836662,361.335119628906,0.154316188891729,39.726367998394,-57.9321497523652,-61.4597273759239,-1.30807033651753,-1.64050182588118,0.0859635277210097,0.0768102696095418,34.100671122845,94.5832906342987,39.5648574702353,12.8671428657994
2016-07-08,-57.9333333333333,-61.4166666666667,0.193122357626756,361.084975179036,0.185318899154663,39.726367998394,-57.9321497523652,-61.4597273759239,-1.33053929913313,-1.62975379891862,0.152934446426711,0.0683499880807292,34.1072625181729,92.1836866722967,39.5648574702353,6.91475768422448
2016-07-09,-57.9333333333333,-61.4166666666667,0.191923568149408,360.787605794271,0.226570311188698,39.726367998394,-57.9321497523652,-61.4597273759239,-1.35149656583492,-1.62451746902968,0.168430047627903,0.0634670263310348,34.1102857231198,89.0199723422975,39.5648574702353,11.4194961234656
2016-07-10,-57.9333333333333,-61.4166666666667,0.192332556843758,360.244459025065,0.289765385041634,39.726367998394,-57.9321497523652,-61.4597273759239,-1.3626594603958,-1.62491787824416,0.155910574473945,0.0442724905459953,34.1129474639893,86.4941639900208,39.5648574702353,4.85836818479141
2016-07-11,-57.9333333333333,-61.4166666666667,0.192556577424208,359.490142822266,0.212958107640346,39.726367998394,-57.9321497523652,-61.4597273759239,-1.37411422612972,-1.62869942233078,0.152090024077018,0.0393941180878564,34.1167279293663,84.5488956315177,39.5648574702353,3.85109076336984
2016-07-12,-57.9333333333333,-61.4166666666667,0.190332817534606,358.840352376302,0.13744880395631,39.726367998394,-57.9321497523652,-61.4597273759239,-1.4500323421973,-1.64865347630996,0.166936246748257,0.0135635268363289,34.0982790925449,48.1142682527241,39.5648574702353,13.5657260365037
2016-07-13,-57.9333333333333,-61.4166666666667,0.190008986492952,358.345700073242,0.346745356420676,39.726367998394,-57.9321497523652,-61.4597273759239,-1.48851595740569,-1.66859261882036,0.145502156851099,0.0563789306950748,34.0991624961222,48.9541007710579,39.5648574702353,2.90914361224239
2016-07-14,-57.9333333333333,-61.4166666666667,0.191739596426487,357.844830322266,0.428020082662503,39.726367998394,-57.9321497523652,-61.4597273759239,-1.44775791230955,-1.67335626191663,0.175899050695668,0.0660783095579398,34.1142609961947,70.0004002492231,39.5648574702353,15.501467260183
2016-07-15,-57.9333333333333,-61.4166666666667,0.192202604313691,357.694922892253,0.389202473064264,39.726367998394,-57.9321497523652,-61.4597273759239,-1.46370096493484,-1.66179823561719,0.166346527678066,0.0770626780121846,34.1153050186042,64.4015157097264,39.5648574702353,14.0879745373807
2016-07-16,-57.9333333333333,-61.4166666666667,0.192104807992776,357.64096883138,0.515582950909932,39.726367998394,-57.9321497523652,-61.4597273759239,-1.47421677220137,-1.64802589586803,0.206243169837092,0.0302156190618985,34.1171178028996,59.8960196452033,39.5648574702353,34.178441779867
2016-07-17,-57.9333333333333,-61.4166666666667,0.188994723061721,356.988627115885,0.415651247402032,39.726367998394,-57.9321497523652,-61.4597273759239,-1.47399648911971,-1.63668586347336,0.231015937780975,0.00673013454989383,34.1156664109768,52.2635237650764,39.5648574702353,63.4566487850509
2016-07-18,-57.9333333333333,-61.4166666666667,0.182228597998619,356.626475016276,0.110342510913809,39.726367998394,-57.9321497523652,-61.4597273759239,-1.45439672156384,-1.64587239125617,0.244611589924285,-0.00448140212075603,34.1087939757154,46.2120240864001,39.5648574702353,83.6482488516341
2016-07-19,-57.9333333333333,-61.4166666666667,0.177211083471775,357.004409790039,0.179158771534761,39.726367998394,-57.9321497523652,-61.4597273759239,-1.43644358094474,-1.66537096536249,0.225972352675477,0.0101422416256335,34.1067344981029,43.0821556937426,39.5648574702353,57.0067491863595
2016-07-20,-57.9333333333333,-61.4166666666667,0.1749770835042,357.61477355957,0.122584588204821,39.726367998394,-57.9321497523652,-61.4597273759239,-1.44402410145989,-1.67096411509621,0.221346388816049,0.0238824545973002,34.1006997617564,38.7854706040002,39.5648574702353,48.7086372538003
2016-07-21,-57.9333333333333,-61.4166666666667,0.174038090308507,358.206688435872,0.230636995534102,39.726367998394,-57.9321497523652,-61.4597273759239,-1.47589919329586,-1.67255543900612,0.209685105662373,0.0269090645995579,34.0869263383679,31.9624036165108,39.5648574702353,37.5567960684006
2016-07-22,-57.9333333333333,-61.4166666666667,0.177113842964172,358.219714355469,0.414994983375072,39.726367998394,-57.9321497523652,-61.4597273759239,-1.49566692517216,-1.68078740467703,0.216387705415263,0.0574895291120038,34.1032524539116,48.6362953580412,39.5648574702353,42.8932886600861
2016-07-23,-57.9333333333333,-61.4166666666667,0.180731071035067,357.853614298503,0.36098698079586,39.726367998394,-57.9321497523652,-61.4597273759239,-1.48825437077006,-1.67548452060025,0.122503132846459,0.0769640094551601,34.1271624027338,65.1065390056237,39.5648574702353,5.42472392949146
2016-07-24,-57.9333333333333,-61.4166666666667,0.181690100332101,356.832297770182,0.323386091490587,39.726367998394,-57.9321497523652,-61.4597273759239,-1.47553297048225,-1.66797881108478,0.126105693862178,0.0716565420529,34.1427831004437,73.3763672857356,39.5648574702353,3.8057340425176
2016-07-25,-57.9333333333333,-61.4166666666667,0.180262216925621,355.312397257487,0.300118458271027,39.726367998394,-57.9321497523652,-61.4597273759239,-1.45044813030644,-1.6670621059891,0.140043244732166,0.0757019656353203,34.1601306083507,81.2589773844956,39.5648574702353,6.16398881169906
2016-07-26,-57.9333333333333,-61.4166666666667,0.181143934031328,354.541839599609,0.33673074344794,39.726367998394,-57.9321497523652,-61.4597273759239,-1.43532839036526,-1.6687325924859,0.135935866098879,0.0605872725801809,34.1707317237567,84.6183079705202,39.5648574702353,1.98571067875041
2016-07-27,-57.9333333333333,-61.4166666666667,0.1802211150527,353.71545715332,0.216049497574568,39.726367998394,-57.9321497523652,-61.4597273759239,-1.41925867181972,-1.68670753518442,0.162085409969428,0.10548849001919,34.1789064479053,86.3329660910413,39.5648574702353,25.8154443226578
2016-07-28,-57.9333333333333,-61.4166666666667,0.180461086829503,353.860656738281,0.256009888648987,39.726367998394,-57.9321497523652,-61.4597273759239,-1.41434909481751,-1.6898339628277,0.17754888670393,0.0849424195020719,34.1788202873746,78.2105680408334,39.5648574702353,22.2841293894078
2016-07-29,-57.9333333333333,-61.4166666666667,0.183204421897729,354.551157633464,0.229288607214888,39.726367998394,-57.9321497523652,-61.4597273759239,-1.43732746718521,-1.68662148938143,0.184111513351475,0.030073352214089,34.1750455870664,64.472075369125,39.5648574702353,18.6092066185824
2016-07-30,-57.9333333333333,-61.4166666666667,0.186737421154976,354.885166422526,0.391122930993636,39.726367998394,-57.9321497523652,-61.4597273759239,-1.46569178180587,-1.68561414399541,0.126589859002515,0.0392702083502497,34.1745177104061,62.1401626687301,39.5648574702353,0.133828910005691
2016-07-31,-57.9333333333333,-61.4166666666667,0.189215292533239,354.508139038086,0.458234700808922,39.726367998394,-57.9321497523652,-61.4597273759239,-1.4592264498535,-1.67265410351574,0.145139605829254,0.0579025615426831,34.1833809300473,71.8860081765885,39.5648574702353,3.03319497603109
2016-08-01,-57.9333333333333,-61.4166666666667,0.182160792499781,352.401583862305,0.31326515947779,39.726367998394,-57.9321497523652,-61.4597273759239,-1.40607192372917,-1.6807472486245,0.201676865577474,0.112801458896663,34.1968849153447,83.5415551895486,39.5648574702353,53.1953130912671
2016-08-02,-57.9333333333333,-61.4166666666667,0.175882414728403,350.26770324707,0.356879124293725,39.726367998394,-57.9321497523652,-61.4597273759239,-1.31188950704453,-1.6944473054176,0.144928500910563,0.128565531181998,34.2262158931646,99.8247871721598,39.5648574702353,37.7088631665713
2016-08-03,-57.9333333333333,-61.4166666666667,0.175029771278302,350.168659464518,0.173126875733336,39.726367998394,-57.9321497523652,-61.4597273759239,-1.32015291304517,-1.68971464553274,0.186628716794732,0.0432995694892523,34.2335531478538,96.0340667452131,39.5648574702353,19.1546758560125
2016-08-04,-57.9333333333333,-61.4166666666667,0.173765225956837,350.656909179687,0.172114369521538,39.726367998394,-57.9321497523652,-61.4597273759239,-1.35654657787846,-1.67725253149979,0.170600762548751,0.0654358146362063,34.2268815434965,79.8856443139843,39.5648574702353,12.7921030561705
2016-08-05,-57.9333333333333,-61.4166666666667,0.175072708477577,351.176033528646,0.424588106572628,39.726367998394,-57.9321497523652,-61.4597273759239,-1.41661526878974,-1.65948525407261,0.164857316958277,0.00408213725663666,34.2105092213566,54.1227434631577,39.5648574702353,16.0550008262984
2016-08-06,-57.9333333333333,-61.4166666666667,0.179954491058985,351.82582804362,0.685253106554349,39.726367998394,-57.9321497523652,-61.4597273759239,-1.46570279835758,-1.65218376351478,0.214522174790614,0.00508718299014228,34.1913490869049,37.8888460173643,39.5648574702353,47.9153535733658
2016-08-07,-57.9333333333333,-61.4166666666667,0.181220899770657,352.026899210612,0.349506076425314,39.726367998394,-57.9321497523652,-61.4597273759239,-1.49297670560672,-1.65697149271356,0.22662632059502,0.0043322516227127,34.1747934728637,34.3763489579796,39.5648574702353,59.8127286807594
2016-08-08,-57.9333333333333,-61.4166666666667,0.182482137779395,351.990173339844,0.640589459737142,39.726367998394,-57.9321497523652,-61.4597273759239,-1.50862788190519,-1.66342053915325,0.245832329405878,0.0704564535360139,34.1722462876399,45.2729488817373,39.5648574702353,76.790448115531
2016-08-09,-57.9333333333333,-61.4166666666667,0.188653223713239,352.123415120443,0.668007835745811,39.726367998394,-57.9321497523652,-61.4597273759239,-1.53266362005607,-1.66488680041822,0.196986653050758,0.0597864485352783,34.1702557900794,48.5290215571124,39.5648574702353,27.3284412645463
2016-08-10,-57.9333333333333,-61.4166666666667,0.183891854186853,349.539045206706,0.517450861632824,39.726367998394,-57.9321497523652,-61.4597273759239,-1.40757811495236,-1.67257608865437,0.161860537022016,0.146436068796574,34.2102451754692,84.0578464099339,39.5648574702353,59.2517202215849
2016-08-11,-57.9333333333333,-61.4166666666667,0.184701925019423,348.269021606445,0.529492756227652,39.726367998394,-57.9321497523652,-61.4597273759239,-1.36311929700966,-1.66603066957087,0.143783482379819,0.0746074296478042,34.220519245119,93.947105454323,39.5648574702353,6.46644888683076
2016-08-12,-57.9333333333333,-61.4166666666667,0.188003166516622,347.410918172201,0.558046075205008,39.726367998394,-57.9321497523652,-61.4597273759239,-1.39800677442909,-1.65079894684311,0.103308596879356,0.0407663035325538,34.2059254467039,88.7721526533141,39.5648574702353,2.35200667732474
2016-08-13,-57.9333333333333,-61.4166666666667,0.187353681027889,345.973492431641,0.383366610109806,39.726367998394,-57.9321497523652,-61.4597273759239,-1.42007097041697,-1.63841600749726,0.0728933449582498,0.0882397957454275,34.2062409623225,91.3226283403268,39.5648574702353,23.1809907348377
2016-08-14,-57.9333333333333,-61.4166666666667,0.185617295900981,345.378415934245,0.276812892407179,39.726367998394,-57.9321497523652,-61.4597273759239,-1.42001314360396,-1.63241441895191,0.0954747475907767,0.116043763963464,34.215534253228,96.1562554890052,39.5648574702353,30.1605302738148
2016-08-15,-57.9333333333333,-61.4166666666667,0.187957871456941,345.740851847331,0.380562243610621,39.726367998394,-57.9321497523652,-61.4597273759239,-1.42606820065276,-1.6408070070403,0.0746739742563183,0.0835426986441576,34.2206054343317,95.7426490927101,39.5648574702353,20.310753875468
2016-08-16,-57.9333333333333,-61.4166666666667,0.191424242655436,345.791985066732,0.397869724780321,39.726367998394,-57.9321497523652,-61.4597273759239,-1.43720906793623,-1.64679368142795,0.0637676224280569,0.0866656830828441,34.2265315235109,92.6018815327408,39.5648574702353,27.6463113398804
2016-08-17,-57.9333333333333,-61.4166666666667,0.196358848114808,345.510149129232,0.566532577574253,39.726367998394,-57.9321497523652,-61.4597273759239,-1.46854446077705,-1.64632213743109,0.143081327704223,0.0567759008643995,34.2235657971604,85.6967819794676,39.5648574702353,2.4853395604436
2016-08-18,-57.9333333333333,-61.4166666666667,0.204744884868463,345.426718139648,0.685871523121993,39.726367998394,-57.9321497523652,-61.4597273759239,-1.47778812566198,-1.65061882564,0.15514187511981,0.0655643137774073,34.2244778683311,85.1873749180844,39.5648574702353,6.92482394870333
2016-08-19,-57.9333333333333,-61.4166666666667,0.213068743546804,344.803834025065,0.606230547030767,39.726367998394,-57.9321497523652,-61.4597273759239,-1.49421580303881,-1.65563143106332,0.135206175407857,0.0500228199547619,34.2247588939236,82.4573452132089,39.5648574702353,0.723080498809798
2016-08-20,-57.9333333333333,-61.4166666666667,0.213704532881578,343.241493733724,0.548955525457859,39.726367998394,-57.9321497523652,-61.4597273759239,-1.48915478116588,-1.65934872447996,0.0769984286026399,0.0517346101175798,34.2315395183133,85.7776673037307,39.5648574702353,11.6873055686801
2016-08-21,-57.9333333333333,-61.4166666666667,0.207713552812735,340.907026163737,0.435891117652257,39.726367998394,-57.9321497523652,-61.4597273759239,-1.50136402092482,-1.65207132316173,0.113758317790085,0.0438663418215692,34.239719878462,87.4751158585226,39.5648574702353,0.603193323856095
2016-08-22,-57.9333333333333,-61.4166666666667,0.204219934840997,339.236898803711,0.483791061242421,39.726367998394,-57.9321497523652,-61.4597273759239,-1.50513087179428,-1.64159750983231,0.126447592350773,0.0130678878718973,34.2409130325891,87.3110504257948,39.5648574702353,4.8300178531428
2016-08-23,-57.9333333333333,-61.4166666666667,0.209580441315969,339.166412353516,0.704495251675447,39.726367998394,-57.9321497523652,-61.4597273759239,-1.54446532986218,-1.64761172111769,0.0811494050645515,0.0124070363021211,34.230466570173,73.0981438715655,39.5648574702353,14.5231197316768
2016-08-24,-57.9333333333333,-61.4166666666667,0.22171505043904,339.83227742513,0.97381953895092,39.726367998394,-57.9321497523652,-61.4597273759239,-1.60424489679193,-1.64310048711031,0.121677067803037,0.0358581012465004,34.2166128230274,59.7984981680275,39.5648574702353,0.386656973690132
2016-08-25,-57.9333333333333,-61.4166666666667,0.235330366094907,340.486363728841,1.0286391283075,39.726367998394,-57.9321497523652,-61.4597273759239,-1.61781164040243,-1.64867068860764,0.155655871404517,0.0428727693099501,34.2124022290223,65.1971764958891,39.5648574702353,4.78670132813935
2016-08-26,-57.9333333333333,-61.4166666666667,0.2471010496219,341.481706746419,1.21772832473119,39.726367998394,-57.9321497523652,-61.4597273759239,-1.64394282846523,-1.65899190777227,0.156454400670596,0.0738089004657546,34.2046865305506,67.5640821922991,39.5648574702353,9.44186404803724
2016-08-27,-57.9333333333333,-61.4166666666667,0.257536518573761,342.333232625326,1.60741430719694,39.726367998394,-57.9321497523652,-61.4597273759239,-1.65993268776657,-1.66674430208995,0.141539339872455,0.0715899982566672,34.1979918372362,69.1955604051289,39.5648574702353,5.1892817738187
2016-08-28,-57.9333333333333,-61.4166666666667,0.266205748418967,343.471348063151,1.35215582251549,39.726367998394,-57.9321497523652,-61.4597273759239,-1.68847047789653,-1.67372225146545,0.19617206101915,0.00931617666624094,34.1813729508479,58.0901498830408,39.5648574702353,31.5632475445892
2016-08-29,-57.9333333333333,-61.4166666666667,0.260786180694898,344.680362955729,0.633456487456957,39.726367998394,-57.9321497523652,-61.4597273759239,-1.7174983997094,-1.68252787643805,0.209581847435662,0.013758569843787,34.1515199331413,37.9725997896123,39.5648574702353,40.594704727776
2016-08-30,-57.9333333333333,-61.4166666666667,0.259237034122149,346.606592814128,1.33609843452772,39.726367998394,-57.9321497523652,-61.4597273759239,-1.75330279913164,-1.68082296937928,0.19620648062879,0.0196878804888268,34.1224814680286,25.7106981456728,39.5648574702353,28.5178700751237
2016-08-31,-57.9333333333333,-61.4166666666667,0.272100147108237,348.181903076172,1.75248526334763,39.726367998394,-57.9321497523652,-61.4597273759239,-1.76631057083159,-1.68854094179053,0.0941048565047576,0.0788478965177796,34.1198368789558,34.5358254246246,39.5648574702353,10.7289229314012
2016-09-01,-57.9333333333333,-61.4166666666667,0.282456113398075,348.285527547201,1.79949922362963,39.726367998394,-57.9321497523652,-61.4597273759239,-1.76353774931198,-1.68799252841706,0.095059420339259,0.0752246838791254,34.1209326292339,43.8215988381465,39.5648574702353,9.24775574597273
2016-09-02,-57.9333333333333,-61.4166666666667,0.279631614188353,347.726043701172,1.38938246965408,39.726367998394,-57.9321497523652,-61.4597273759239,-1.75170574421273,-1.6897502111313,0.115724810882282,0.114311322373779,34.1226765482049,52.4218527069665,39.5648574702353,25.0534015642757
2016-09-03,-57.9333333333333,-61.4166666666667,0.279023755590121,348.207342529297,1.04440623223782,39.726367998394,-57.9321497523652,-61.4597273759239,-1.73192149266264,-1.68763341446568,0.13878808505273,0.104593586176634,34.1213457781569,58.4458165814106,39.5648574702353,19.2832910401795
2016-09-04,-57.9333333333333,-61.4166666666667,0.274296705921491,349.106216430664,0.52176641424497,39.726367998394,-57.9321497523652,-61.4597273759239,-1.72619686001226,-1.68577821362287,0.247782760684876,0.0501008373230023,34.104061556938,52.9369959436861,39.5648574702353,75.8783479265245
2016-09-05,-57.9333333333333,-61.4166666666667,0.273980738719304,349.535188802083,1.26276466051737,39.726367998394,-57.9321497523652,-61.4597273759239,-1.70990135033328,-1.69612467378602,0.229701118515734,0.0906307945182001,34.0976538693995,59.1588715467238,39.5648574702353,65.909723138757
2016-09-06,-57.9333333333333,-61.4166666666667,0.292238110303879,350.834649658203,1.03135034441948,39.726367998394,-57.9321497523652,-61.4597273759239,-1.7116581214998,-1.68572887442166,0.225329857823768,0.0521178123702232,34.0919917830847,60.6956968881134,39.5648574702353,50.9135436197217
2016-09-07,-57.9333333333333,-61.4166666666667,0.303727518518766,352.04045715332,0.770593339204788,39.726367998394,-57.9321497523652,-61.4597273759239,-1.72752132137915,-1.66509676248507,0.230630441211668,0.0310485678395831,34.0760382888909,52.5228163138368,39.5648574702353,56.9164979522527
2016-09-08,-57.9333333333333,-61.4166666666667,0.325037620464961,353.205151367188,2.11188674767812,39.726367998394,-57.9321497523652,-61.4597273759239,-1.74163601048907,-1.67329201124665,0.179790734208392,0.0877785759284756,34.0685003753892,52.1499396983842,39.5648574702353,24.6916988486951
2016-09-09,-57.9333333333333,-61.4166666666667,0.35227335592111,353.679412841797,2.40978562831879,39.726367998394,-57.9321497523652,-61.4597273759239,-1.72238594853788,-1.68811987575732,0.196669995070512,0.0970282087284595,34.0790326254708,59.4434050653214,39.5648574702353,39.8762575929288
2016-09-10,-57.9333333333333,-61.4166666666667,0.359538286924362,352.812668863932,2.07726676066717,39.726367998394,-57.9321497523652,-61.4597273759239,-1.67307813297537,-1.69975820968026,0.173003234389357,0.141626535375652,34.0971086401688,67.677092921465,39.5648574702353,59.2026618980572
2016-09-11,-57.9333333333333,-61.4166666666667,0.373919459680716,352.822842407227,1.77925047179063,39.726367998394,-57.9321497523652,-61.4597273759239,-1.64360138415394,-1.70708150612681,0.184067914668555,0.0931870067786229,34.1109795391111,71.334150995527,39.5648574702353,29.6463163731847
2016-09-12,-57.9333333333333,-61.4166666666667,0.396009628971418,353.105744425456,1.89537340601285,39.726367998394,-57.9321497523652,-61.4597273759239,-1.6549707904346,-1.7054649470444,0.185339137155535,0.0901558072047126,34.1047955419784,67.7241323944321,39.5648574702353,28.9666556896811
2016-09-13,-57.9333333333333,-61.4166666666667,0.426814421017965,353.484773763021,2.39826571345329,39.726367998394,-57.9321497523652,-61.4597273759239,-1.67880000756647,-1.69286860379958,0.18346672345485,0.0397429010669764,34.0930872322025,53.5972742962658,39.5648574702353,17.3395013462983
2016-09-14,-57.9333333333333,-61.4166666666667,0.457429324587186,353.715460205078,2.33285584251086,39.726367998394,-57.9321497523652,-61.4597273759239,-1.7065695591439,-1.68170984436695,0.206438212536443,0.0102294372548734,34.0688675901944,34.8547783184769,39.5648574702353,39.110095363673
2016-09-15,-57.9333333333333,-61.4166666666667,0.495107509195805,354.272109985352,3.02283692757289,39.726367998394,-57.9321497523652,-61.4597273759239,-1.72316245028847,-1.68296614939109,0.195880643715312,0.0644812504935982,34.0611117513556,33.5273378092544,39.5648574702353,27.3820785426325
2016-09-16,-57.9333333333333,-61.4166666666667,0.532446995874246,354.653688557943,2.53927147189776,39.726367998394,-57.9321497523652,-61.4597273759239,-1.71170492952031,-1.67034800697986,0.167436475312351,0.0650067198601432,34.0774436176271,56.3852438102091,39.5648574702353,11.300356436748
2016-09-17,-57.9333333333333,-61.4166666666667,0.555491064985593,354.659565226237,2.25135254263878,39.726367998394,-57.9321497523652,-61.4597273759239,-1.7230908610767,-1.66300865178718,0.181229464121555,0.0307778020186308,34.072550379244,54.6510809095282,39.5648574702353,16.8432630038341
2016-09-18,-57.9333333333333,-61.4166666666667,0.55507062325875,353.94021097819,1.95986722211043,39.726367998394,-57.9321497523652,-61.4597273759239,-1.70526988591467,-1.67265296116807,0.206052714636675,0.0650273715531019,34.0749253007702,59.5306011536964,39.5648574702353,35.2487644792069
2016-09-19,-57.9333333333333,-61.4166666666667,0.580335402985414,354.061377970378,3.15419571797053,39.726367998394,-57.9321497523652,-61.4597273759239,-1.68468159145879,-1.66950013942288,0.180272605522235,0.0363537403229708,34.0782697433816,63.4773558566445,39.5648574702353,15.7198443718277
2016-09-20,-57.9333333333333,-61.4166666666667,0.613908610741297,354.560986328125,1.41118170817693,39.726367998394,-57.9321497523652,-61.4597273759239,-1.68966827177464,-1.67270114368066,0.162135891714378,-0.00593848880800538,34.0649379787588,54.3969511698959,39.5648574702353,19.5125076290997
2016-09-21,-57.9333333333333,-61.4166666666667,0.643603670597076,355.269900512695,2.49905841350555,39.726367998394,-57.9321497523652,-61.4597273759239,-1.69594636335409,-1.67321973008321,0.138932646063149,0.0202018764234127,34.0602454135292,52.8911033967384,39.5648574702353,3.86320810794392
2016-09-22,-57.9333333333333,-61.4166666666667,0.695687930782636,355.788133748372,3.99962678750356,39.726367998394,-57.9321497523652,-61.4597273759239,-1.68405653950863,-1.66702424493947,0.183349697507526,0.04890533780357,34.0607674964388,57.0225755935325,39.5648574702353,17.2912402836387
2016-09-23,-57.9333333333333,-61.4166666666667,0.70948355893294,355.575936889648,1.6353108505408,39.726367998394,-57.9321497523652,-61.4597273759239,-1.66950127303152,-1.64615693038568,0.195609877978389,-0.0016360673633285,34.0672669805082,65.3698474446634,39.5648574702353,35.572777807227
2016-09-24,-57.9333333333333,-61.4166666666667,0.703014100591342,354.515485636393,3.57996228138606,39.726367998394,-57.9321497523652,-61.4597273759239,-1.62446696350449,-1.65019087594255,0.212144943514377,0.0446419247559139,34.0732444390318,70.6216701923456,39.5648574702353,38.2001374571275
2016-09-25,-57.9333333333333,-61.4166666666667,0.733995508154233,354.407434082031,2.79529387752215,39.726367998394,-57.9321497523652,-61.4597273759239,-1.58289111646494,-1.65566470658869,0.186569055850457,0.0302087351315676,34.0788319092944,73.681552607314,39.5648574702353,20.0795999298607
2016-09-26,-57.9333333333333,-61.4166666666667,0.756286154190699,354.943494669596,1.929097032547,39.726367998394,-57.9321497523652,-61.4597273759239,-1.57846891588735,-1.65240633711779,0.154407595501358,-0.0240316050533289,34.0640029333588,57.2623637600949,39.5648574702353,27.6116248690247
2016-09-27,-57.9333333333333,-61.4166666666667,0.82773912747701,356.226560465495,5.97126233577728,39.726367998394,-57.9321497523652,-61.4597273759239,-1.56168878616247,-1.66092627926877,0.140543472231891,0.0292472872266868,34.0546868546565,48.2037585086392,39.5648574702353,2.35208852942655
2016-09-28,-57.9333333333333,-61.4166666666667,0.937587349613508,357.479430135091,5.55054794947306,39.726367998394,-57.9321497523652,-61.4597273759239,-1.54783292439647,-1.66591135093144,0.12241823132381,0.0237814910933936,34.055788097525,62.5136130483527,39.5648574702353,2.09145352894591
2016-09-29,-57.9333333333333,-61.4166666666667,0.988165251413981,357.917944335937,4.89684476057688,39.726367998394,-57.9321497523652,-61.4597273759239,-1.54185772098993,-1.66417661062757,0.163067509203141,0.0288457279338648,34.0565568163879,66.5062604201467,39.5648574702353,8.50892780939756
2016-09-30,-57.9333333333333,-61.4166666666667,1.04109420180321,358.391971842448,5.39735786914825,39.726367998394,-57.9321497523652,-61.4597273759239,-1.530576429869,-1.66184298346813,0.166224912985375,0.022133950662232,34.0574574864897,68.9827343790155,39.5648574702353,11.018121820336
2016-10-01,-57.9333333333333,-61.4166666666667,1.09421342015266,358.664383951823,5.89339156150818,39.726367998394,-57.9321497523652,-61.4597273759239,-1.51024972372933,-1.65827942790842,0.159595742499582,0.048964997935564,34.0615648685541,72.2841258156569,39.5648574702353,6.19310354379298
2016-10-02,-57.9333333333333,-61.4166666666667,1.17829879124959,359.239583333333,6.29584053357442,39.726367998394,-57.9321497523652,-61.4597273759239,-1.48274176170055,-1.65919727983331,0.129992788335434,0.0123909737466645,34.0618058111435,73.1446102292914,39.5648574702353,5.16578200720156
2016-10-03,-57.9333333333333,-61.4166666666667,1.28239011565844,359.954924519857,6.22646117210388,39.726367998394,-57.9321497523652,-61.4597273759239,-1.46761376012985,-1.65603643476515,0.145174025116782,0.00153739863824575,34.0579623602387,72.1779995538238,39.5648574702353,11.1463936626822
2016-10-04,-57.9333333333333,-61.4166666666667,1.37116440733274,360.525053914388,6.03077141443888,39.726367998394,-57.9321497523652,-61.4597273759239,-1.45207823622496,-1.65447494275588,0.149127664100519,-0.0251628552612505,34.0533042420122,70.4880085565094,39.5648574702353,26.9617055511073
2016-10-05,-57.9333333333333,-61.4166666666667,1.47470626036326,361.298770141602,9.66053771972656,39.726367998394,-57.9321497523652,-61.4597273759239,-1.4346482665243,-1.66489598042983,0.151218067028357,0.0559980229131485,34.0559545387899,72.1177657062846,39.5648574702353,4.21324417555217
2016-10-06,-57.9333333333333,-61.4166666666667,1.61967329184214,362.386639404297,10.9500712394714,39.726367998394,-57.9321497523652,-61.4597273759239,-1.39572958872282,-1.67375208560685,0.126408584135816,0.0231022822033418,34.0572510912902,72.0661364999929,39.5648574702353,2.21876872783156
2016-10-07,-57.9333333333333,-61.4166666666667,1.7580873131752,363.304378255208,11.0940412839254,39.726367998394,-57.9321497523652,-61.4597273759239,-1.36453463002703,-1.66739367632041,0.160830250107928,-0.0101651877753044,34.0540785968752,68.2387024908138,39.5648574702353,21.2371314081353
2016-10-08,-57.9333333333333,-61.4166666666667,1.90802033344905,364.332295735677,13.0047738711039,39.726367998394,-57.9321497523652,-61.4597273759239,-1.32165084185457,-1.65545359993339,0.12569954484365,-0.0118563262871782,34.0532008579799,64.7956176772153,39.5648574702353,15.6610053471444
2016-10-09,-57.9333333333333,-61.4166666666667,2.01641643842061,364.997069295247,9.47950614293416,39.726367998394,-57.9321497523652,-61.4597273759239,-1.30617038513485,-1.65525282011893,0.0878405306852402,-0.0391004062992962,34.0462251534139,56.1414397963904,39.5648574702353,41.4204112609654
2016-10-10,-57.9333333333333,-61.4166666666667,2.1175891160965,365.741377766927,14.3387989997864,39.726367998394,-57.9321497523652,-61.4597273759239,-1.22806594952157,-1.66279524968083,0.101110345971091,-0.00113583912134619,34.0375743665193,42.4379399414349,39.5648574702353,13.0237397966277
2016-10-11,-57.9333333333333,-61.4166666666667,2.2278759320577,366.652828979492,11.9106228669484,39.726367998394,-57.9321497523652,-61.4597273759239,-1.21652582086119,-1.66729271591158,0.107757873693131,-0.029552472559245,34.0292046625811,37.1872645069782,39.5648574702353,28.5663985801715
2016-10-12,-57.9333333333333,-61.4166666666667,2.31330872774124,367.456648763021,16.6208255449931,39.726367998394,-57.9321497523652,-61.4597273759239,-1.19726474314256,-1.67356966133404,0.122028145168845,-0.0205690163586821,34.0225157773584,34.5805705973977,39.5648574702353,20.9481365634888
2016-10-13,-57.9333333333333,-61.4166666666667,2.41078458229701,368.606248982747,17.7039170265198,39.726367998394,-57.9321497523652,-61.4597273759239,-1.13908499053546,-1.67019541281507,0.104845995097456,-0.0189811360455097,34.0133487443279,25.5242598469096,39.5648574702353,21.8758298576186
2016-10-14,-57.9333333333333,-61.4166666666667,2.53588606913884,370.600634765625,27.6549396197001,39.726367998394,-57.9321497523652,-61.4597273759239,-1.0794678805466,-1.66843428871685,0.0888593439713008,0.0326570997196705,34.0091553738243,16.5052366830353,39.5648574702353,7.09175126567569
2016-10-15,-57.9333333333333,-61.4166666666667,2.63217428922653,372.173842366536,22.6006985028585,39.726367998394,-57.9321497523652,-61.4597273759239,-1.0889483578223,-1.67102721355911,0.0860782592956509,0.0364983018095556,34.0245638969249,31.1110977983116,39.5648574702353,7.76244849746332
2016-10-16,-57.9333333333333,-61.4166666666667,2.63450140158335,372.446272786458,20.2136336008708,39.726367998394,-57.9321497523652,-61.4597273759239,-1.12722819998748,-1.66999693517398,0.0971108147440324,0.0463353579345726,34.0327156038213,40.9923262022492,39.5648574702353,3.84163394317748
2016-10-17,-57.9333333333333,-61.4166666666667,2.67555270989736,373.062140909831,22.3679492632548,39.726367998394,-57.9321497523652,-61.4597273759239,-1.14088305965402,-1.66223880491759,0.0792402774095535,0.0358076195715738,34.0411199411951,48.2605506782245,39.5648574702353,10.694776970916
2016-10-18,-57.9333333333333,-61.4166666666667,2.70093057155609,373.44001566569,14.5707612037659,39.726367998394,-57.9321497523652,-61.4597273759239,-1.11448752835281,-1.65807405898446,0.143469119038349,0.0442564280885727,34.0475909154218,49.1336554477089,39.5648574702353,1.75413873932509
2016-10-19,-57.9333333333333,-61.4166666666667,2.54364809989929,371.623676554362,6.55391347408295,39.726367998394,-57.9321497523652,-61.4597273759239,-1.09424343100168,-1.66133586670223,0.176259307134756,0.0458695491061623,34.0580486354971,50.4025830397929,39.5648574702353,13.2871528892653
2016-10-20,-57.9333333333333,-61.4166666666667,2.33148308992386,368.69538269043,9.63682208855947,39.726367998394,-57.9321497523652,-61.4597273759239,-1.08259040318934,-1.67815317247147,0.150414948414703,0.0822875391327797,34.0786257578914,56.7294374372726,39.5648574702353,10.5870435365308
2016-10-21,-57.9333333333333,-61.4166666666667,2.37058203220367,367.925270589193,15.5925096988678,39.726367998394,-57.9321497523652,-61.4597273759239,-1.06113750011401,-1.69200582522199,0.165029413521962,0.0837147952638622,34.0979522475623,59.9837889384506,39.5648574702353,15.9625036889649
2016-10-22,-57.9333333333333,-61.4166666666667,2.45342074632645,367.744553629557,15.7041837374369,39.726367998394,-57.9321497523652,-61.4597273759239,-1.05584793588273,-1.70156982115337,0.0763582286277884,0.083735447517015,34.1185350202976,63.3213211396583,39.5648574702353,19.5579171473723
2016-10-23,-57.9333333333333,-61.4166666666667,2.49843707084656,367.848387654622,11.474273276329,39.726367998394,-57.9321497523652,-61.4597273759239,-1.04333856074434,-1.69376121203702,0.123581606586625,0.0392059588986904,34.1278167954065,61.5928949162476,39.5648574702353,0.12653396638091
2016-10-24,-57.9333333333333,-61.4166666666667,2.45779337088267,367.483990478516,8.78501544793447,39.726367998394,-57.9321497523652,-61.4597273759239,-1.00396004139929,-1.68605700829872,0.183817801478886,0.0475446252166329,34.1394676552679,59.5719038059837,39.5648574702353,17.5105845571178
2016-10-25,-57.9333333333333,-61.4166666666667,2.38126253684362,366.244448852539,12.9910680135091,39.726367998394,-57.9321497523652,-61.4597273759239,-0.945072629846128,-1.69337112473366,0.163689352585969,0.0699883502929058,34.16172548165,62.7832313516086,39.5648574702353,10.9361515434562
2016-10-26,-57.9333333333333,-61.4166666666667,2.34996361335119,365.189825439453,12.2195495049159,39.726367998394,-57.9321497523652,-61.4597273759239,-0.904254005927789,-1.69101110436863,0.115495348769359,0.113831745418615,34.1806559885355,67.1292509028786,39.5648574702353,24.7387896873097
2016-10-27,-57.9333333333333,-61.4166666666667,2.32704522808393,364.717232259115,10.1654717604319,39.726367998394,-57.9321497523652,-61.4597273759239,-0.861158200896772,-1.68387711720359,0.125341583365448,0.0427052615896652,34.1890256207688,65.6784741322797,39.5648574702353,0.0115608526815745
2016-10-28,-57.9333333333333,-61.4166666666667,2.33472626606623,364.815037027995,19.93639793396,39.726367998394,-57.9321497523652,-61.4597273759239,-0.805872429582409,-1.67663987193789,0.0980837358427899,-0.0076456895112095,34.1838800674094,50.9601765431856,39.5648574702353,16.9414741967413
2016-10-29,-57.9333333333333,-61.4166666666667,2.38379169305166,366.02858988444,28.8338201840719,39.726367998394,-57.9321497523652,-61.4597273759239,-0.631762726806608,-1.67634042537302,0.120743155773533,0.0283753300379766,34.1723207889643,24.5094620267251,39.5648574702353,1.31641160576899
2016-10-30,-57.9333333333333,-61.4166666666667,2.37204312880834,366.225594075521,21.5966173171997,39.726367998394,-57.9321497523652,-61.4597273759239,-0.629871038117803,-1.67819792166688,0.181938503315686,0.0184854972211266,34.1703532082694,27.3760221990428,39.5648574702353,19.639607870884
2016-10-31,-57.9333333333333,-61.4166666666667,2.32081041534742,365.812772623698,15.7317848364512,39.726367998394,-57.9321497523652,-61.4597273759239,-0.619776525079532,-1.68369584065631,0.194958204137427,0.0191463491690338,34.1626374237519,31.3176140211579,39.5648574702353,27.7672275377553
2016-11-01,-57.9333333333333,-61.4166666666667,2.28346365292867,365.772080485026,13.2117837587992,39.726367998394,-57.9321497523652,-61.4597273759239,-0.600286899428619,-1.69539613159079,0.222642851713345,0.0707478707278133,34.1579678327517,34.832979431726,39.5648574702353,51.4756086124953
2016-11-02,-57.9333333333333,-61.4166666666667,2.21480477452278,365.679109700521,10.5373551686605,39.726367998394,-57.9321497523652,-61.4597273759239,-0.594823856999103,-1.69220660279568,0.205407925104176,0.0814591791564809,34.1646624400203,45.0010358803254,39.5648574702353,39.515062556019
2016-11-03,-57.9333333333333,-61.4166666666667,2.18246867656708,366.069530232747,13.7715213457743,39.726367998394,-57.9321497523652,-61.4597273759239,-0.559746386721394,-1.68292254971382,0.195653475919052,0.0603256854123639,34.1497703925111,39.1721149996707,39.5648574702353,26.4601765968236
2016-11-04,-57.9333333333333,-61.4166666666667,2.19697152574857,367.107019042969,18.6921238740285,39.726367998394,-57.9321497523652,-61.4597273759239,-0.52482586945022,-1.67728695430254,0.209556606941317,0.0928978840435358,34.1445444150079,41.7042335926142,39.5648574702353,47.8752560328795
2016-11-05,-57.9333333333333,-61.4166666666667,2.18120603362719,367.976564534505,17.6628117879232,39.726367998394,-57.9321497523652,-61.4597273759239,-0.490238531219556,-1.67999001866893,0.222502880260572,0.0943503808510259,34.1381653520398,42.8320417690994,39.5648574702353,60.4132727233378
2016-11-06,-57.9333333333333,-61.4166666666667,2.14656874140104,368.789950561523,18.6952255249023,39.726367998394,-57.9321497523652,-61.4597273759239,-0.478048566364704,-1.6753135798569,0.187867814296843,0.126975356496142,34.1432365761664,50.1197703332829,39.5648574702353,54.2663811236984
2016-11-07,-57.9333333333333,-61.4166666666667,2.10911162892977,369.667913818359,19.3213358402252,39.726367998394,-57.9321497523652,-61.4597273759239,-0.466871909236998,-1.66906416685061,0.201394626730703,0.123168573679781,34.1371215304038,51.7925519620566,39.5648574702353,60.6381520661591
2016-11-08,-57.9333333333333,-61.4166666666667,2.06331211924553,370.624932861328,20.4500584125519,39.726367998394,-57.9321497523652,-61.4597273759239,-0.407802759844782,-1.65784918500068,0.184194120137315,0.0987193468201878,34.1356413991828,51.1988176869271,39.5648574702353,32.5898825717903
2016-11-09,-57.9333333333333,-61.4166666666667,1.96511681874593,371.428978474935,23.0949436187744,39.726367998394,-57.9321497523652,-61.4597273759239,-0.364481161523582,-1.65375328243227,0.136514111597063,0.0392679138515229,34.1253615501232,45.6102587764424,39.5648574702353,0.810041598952596
2016-11-10,-57.9333333333333,-61.4166666666667,1.83001057505608,371.599068196615,20.7548682530721,39.726367998394,-57.9321497523652,-61.4597273759239,-0.334459209016391,-1.64796623834094,0.140320894287381,0.0373886157583473,34.1055761208212,38.6248469854656,39.5648574702353,1.43923508147801
2016-11-11,-57.9333333333333,-61.4166666666667,1.72153569062551,372.155704752604,21.3439294338226,39.726367998394,-57.9321497523652,-61.4597273759239,-0.279368940656795,-1.63971706037235,0.178395602558004,0.0846968950857794,34.0927605162886,35.00737085199,39.5648574702353,22.6348876341074
2016-11-12,-57.9333333333333,-61.4166666666667,1.61693633794785,373.25727742513,22.0943572203318,39.726367998394,-57.9321497523652,-61.4597273759239,-0.228207986437737,-1.6343533795579,0.172305668935292,0.0629071385172525,34.0853833076649,33.3495044170466,39.5648574702353,13.0810259842145
2016-11-13,-57.9333333333333,-61.4166666666667,1.51075116097927,373.651778157552,20.27916320165,39.726367998394,-57.9321497523652,-61.4597273759239,-0.196484339836621,-1.62329557829333,0.154712780301732,0.0651604599018294,34.0787689954715,32.9330299814841,39.5648574702353,6.70942607135666
2016-11-14,-57.9333333333333,-61.4166666666667,1.40104220310847,372.863246663411,16.0324090003967,39.726367998394,-57.9321497523652,-61.4597273759239,-0.210590774767605,-1.60994774865029,0.128570120459549,0.0556033475366526,34.0714834399689,35.306245714202,39.5648574702353,0.734835162831785
2016-11-15,-57.9333333333333,-61.4166666666667,1.30752756893635,372.204038492839,14.9472307999929,39.726367998394,-57.9321497523652,-61.4597273759239,-0.199816134779301,-1.60472403612352,0.153850002060259,0.0856675206494511,34.0676455677004,37.2555295506814,39.5648574702353,12.8758138231768
2016-11-16,-57.9333333333333,-61.4166666666667,1.24760914444923,372.239519246419,14.6979207674662,39.726367998394,-57.9321497523652,-61.4597273759239,-0.166275145780099,-1.60793421501504,0.188608977635552,0.100653715627758,34.0687585845029,38.2221401938818,39.5648574702353,36.3873995603152
2016-11-17,-57.9333333333333,-61.4166666666667,1.19324810306231,372.72192586263,16.3873344262441,39.726367998394,-57.9321497523652,-61.4597273759239,-0.0838366202673966,-1.60621668835332,0.169875660729139,0.0777969580787913,34.0727225999187,36.8889632834528,39.5648574702353,15.8633437685946
2016-11-18,-57.9333333333333,-61.4166666666667,1.11009484430154,373.190559895833,17.6391009807587,39.726367998394,-57.9321497523652,-61.4597273759239,0.0281502464996245,-1.60957372726354,0.164311196052826,0.0463491258092393,34.0691314783311,28.7723014946271,39.5648574702353,7.85490865762228
2016-11-19,-57.9333333333333,-61.4166666666667,1.0310120344162,373.130581665039,16.7543136755625,39.726367998394,-57.9321497523652,-61.4597273759239,0.119259699618906,-1.61218730623561,0.162466318185504,0.0521591157701455,34.0598668980419,22.0892063800554,39.5648574702353,7.44124088274269
2016-11-20,-57.9333333333333,-61.4166666666667,0.982629482944806,372.736846923828,14.8170509974162,39.726367998394,-57.9321497523652,-61.4597273759239,0.202706024414839,-1.61087133203234,0.222349140302915,0.0660507739906697,34.0519676925544,18.9788424197892,39.5648574702353,50.0471943417523
2016-11-21,-57.9333333333333,-61.4166666666667,0.987982514500618,372.135747273763,13.3617643038432,39.726367998394,-57.9321497523652,-61.4597273759239,0.235074001875587,-1.61482841000521,0.220667179463837,0.0771636420342707,34.0427376309732,17.4821733496243,39.5648574702353,51.4762533232799
2016-11-22,-57.9333333333333,-61.4166666666667,0.991109704971313,371.827001953125,14.6687517325083,39.726367998394,-57.9321497523652,-61.4597273759239,0.320673602332074,-1.6176117949916,0.185437805754574,0.0916541972498697,34.0439366362149,20.7491454612044,39.5648574702353,29.7277962262509
2016-11-23,-57.9333333333333,-61.4166666666667,0.995779054363569,370.571425374349,9.02537723382314,39.726367998394,-57.9321497523652,-61.4597273759239,0.284712242172625,-1.61215976978603,0.287899686107622,0.0428498229642112,34.0366799347383,24.8955326976633,39.5648574702353,133.114288144032
2016-11-24,-57.9333333333333,-61.4166666666667,1.02099238932133,368.843908691406,9.74126440684001,39.726367998394,-57.9321497523652,-61.4597273759239,0.258137734928974,-1.62459318888815,0.267858433222076,0.0865509517322806,34.041888660058,30.4014850738353,39.5648574702353,111.425117509688
2016-11-25,-57.9333333333333,-61.4166666666667,1.08213169872761,368.075352986654,11.6337441921234,39.726367998394,-57.9321497523652,-61.4597273759239,0.264195543090652,-1.6291606426239,0.261059460027101,0.108503627121673,34.0507459568798,35.969392238703,39.5648574702353,113.654009057599
2016-11-26,-57.9333333333333,-61.4166666666667,1.12935173908869,367.701986694336,12.398081612587,39.726367998394,-57.9321497523652,-61.4597273759239,0.286895807356315,-1.62576918404801,0.2070761178165,0.120908368238829,34.059935878094,40.9447128826514,39.5648574702353,63.3931752285934
2016-11-27,-57.9333333333333,-61.4166666666667,1.12717355142037,367.104762776693,8.21724553108215,39.726367998394,-57.9321497523652,-61.4597273759239,0.338081543298816,-1.61472285824611,0.230104972139225,0.0600824547385363,34.0561899457659,37.0759752746811,39.5648574702353,56.7865109876104
2016-11-28,-57.9333333333333,-61.4166666666667,1.1210680603981,366.575941975911,12.5411400000254,39.726367998394,-57.9321497523652,-61.4597273759239,0.531892893457771,-1.60967927409294,0.198294589043896,0.0721430030084194,34.0534536175262,25.1467941793284,39.5648574702353,30.9834835739617
2016-11-29,-57.9333333333333,-61.4166666666667,1.10769128650427,366.475937906901,13.7354688485463,39.726367998394,-57.9321497523652,-61.4597273759239,0.550517905475502,-1.60752691810292,0.198964618720618,0.0386047670407627,34.0406954629081,12.9158697845344,39.5648574702353,27.6980134168055
2016-11-30,-57.9333333333333,-61.4166666666667,1.11155585795641,365.474318440755,8.83600611686706,39.726367998394,-57.9321497523652,-61.4597273759239,0.493001757483733,-1.6074925011262,0.284657381334923,0.0615326579856245,34.0381198538873,24.5834636688232,39.5648574702353,129.388087448114
2016-12-01,-57.9333333333333,-61.4166666666667,1.14738229860862,364.663995361328,15.4757171948751,39.726367998394,-57.9321497523652,-61.4597273759239,0.559453173239428,-1.62012899952724,0.195401067334346,0.105564212552587,34.0502066504686,27.5119787553199,39.5648574702353,43.8537028231772
2016-12-02,-57.9333333333333,-61.4166666666667,1.15696689436833,364.793379720052,18.0244129339854,39.726367998394,-57.9321497523652,-61.4597273759239,0.734479809053858,-1.61886695229021,0.196477246407728,0.098879970582132,34.0497764931586,21.3474689139459,39.5648574702353,40.7350196028142
2016-12-03,-57.9333333333333,-61.4166666666667,1.13819709767898,364.905235799154,18.3061284780502,39.726367998394,-57.9321497523652,-61.4597273759239,0.918538086172333,-1.61964713137849,0.191844397637629,0.0701420901805387,34.0489676769515,20.7847121604403,39.5648574702353,25.9059879472323
2016-12-04,-57.9333333333333,-61.4166666666667,1.10202433168888,363.822927856445,14.4297044833501,39.726367998394,-57.9321497523652,-61.4597273759239,0.838360224899493,-1.62319691423187,0.16868475026318,0.00512848636205483,34.037110235458,23.2451237449072,39.5648574702353,17.2504668852318
2016-12-05,-57.9333333333333,-61.4166666666667,1.04386451592048,362.374226888021,11.7445772488912,39.726367998394,-57.9321497523652,-61.4597273759239,0.866058182895632,-1.63176159661515,0.219246806506824,0.0539420391327905,34.0224017523285,23.3483818742566,39.5648574702353,45.1424643907399
2016-12-06,-57.9333333333333,-61.4166666666667,1.03451796472073,361.943899536133,15.7989653031031,39.726367998394,-57.9321497523652,-61.4597273759239,0.954042356265219,-1.63583570136163,0.213962286710739,0.0943503812431617,34.0188392839934,21.5522641848801,39.5648574702353,52.4283969937296
2016-12-07,-57.9333333333333,-61.4166666666667,1.02837721953789,361.963814290365,17.1271335442861,39.726367998394,-57.9321497523652,-61.4597273759239,1.05593746474811,-1.63891508435844,0.174850407595697,0.0801351810700463,34.0201758477921,20.7657815495828,39.5648574702353,19.0477120538645
2016-12-08,-57.9333333333333,-61.4166666666667,1.00405890146891,362.319421386719,18.0814272721608,39.726367998394,-57.9321497523652,-61.4597273759239,1.24835826983129,-1.63187862338876,0.155389695043178,0.0612527134415126,34.0187646105773,18.6604631968907,39.5648574702353,6.16803354746024
2016-12-09,-57.9333333333333,-61.4166666666667,0.967452736695607,362.456032307943,18.4626585801442,39.726367998394,-57.9321497523652,-61.4597273759239,1.33470133148638,-1.62276666773889,0.16640389405359,0.0264914428633183,34.0122479460293,13.3679109372591,39.5648574702353,10.2302374027781
2016-12-10,-57.9333333333333,-61.4166666666667,0.948676964640617,361.832397460938,17.7898017088572,39.726367998394,-57.9321497523652,-61.4597273759239,1.31569357967018,-1.62174096905199,0.145013402377192,0.022326699002905,34.005541865987,18.2262055569125,39.5648574702353,4.42589463343682
2016-12-11,-57.9333333333333,-61.4166666666667,0.905216543873151,361.144283040365,16.567507648468,39.726367998394,-57.9321497523652,-61.4597273759239,1.3814318242826,-1.61936488725189,0.160910561484726,0.0236644653141274,34.0003503211459,18.0908225819581,39.5648574702353,8.63014125627417
2016-12-12,-57.9333333333333,-61.4166666666667,0.865491876006126,360.845591227214,16.7419133027395,39.726367998394,-57.9321497523652,-61.4597273759239,1.54096148291925,-1.62087474953859,0.154900940121116,0.0464753300595777,33.9964494633495,15.8977348607286,39.5648574702353,4.57677873675272
2016-12-13,-57.9333333333333,-61.4166666666667,0.899262446165085,360.483503214518,15.1485226154327,39.726367998394,-57.9321497523652,-61.4597273759239,1.49870825754969,-1.62213106083691,0.175570919927686,0.103017179407459,34.0013598535294,19.007525121359,39.5648574702353,30.2745179082751
2016-12-14,-57.9333333333333,-61.4166666666667,0.944747724135717,359.491853841146,12.009873565038,39.726367998394,-57.9321497523652,-61.4597273759239,1.47606857244233,-1.62154363286226,0.196162882267981,0.0652040574363524,34.0067579800025,23.2325032779149,39.5648574702353,27.7331834049453
2016-12-15,-57.9333333333333,-61.4166666666667,0.963393902778625,358.215053304036,15.7472860018412,39.726367998394,-57.9321497523652,-61.4597273759239,1.51930205938511,-1.6150831190267,0.208971477512802,0.0448484409992632,34.0041879782999,20.1427908947593,39.5648574702353,35.4780348150805
2016-12-16,-57.9333333333333,-61.4166666666667,0.960600364208221,357.226565551758,16.5793981870015,39.726367998394,-57.9321497523652,-61.4597273759239,1.64614432377923,-1.61731693663991,0.187925180098168,0.0414822264049286,34.0019506296717,15.5942707384439,39.5648574702353,19.9965403350938
2016-12-17,-57.9333333333333,-61.4166666666667,0.949423533678055,356.366650390625,14.6415455023448,39.726367998394,-57.9321497523652,-61.4597273759239,1.76204122995075,-1.62037452450372,0.179728779703715,0.0604335323004122,33.993948025811,12.6508406051119,39.5648574702353,16.4528547736253
2016-12-18,-57.9333333333333,-61.4166666666667,0.949209226171176,355.96298421224,15.2958880265554,39.726367998394,-57.9321497523652,-61.4597273759239,1.75349696462316,-1.62649772982848,0.132537526715743,0.0889947271408667,34.0032929585392,17.9565869991044,39.5648574702353,10.3810627715875
2016-12-19,-57.9333333333333,-61.4166666666667,0.907520305116971,355.000325520833,13.9068418502808,39.726367998394,-57.9321497523652,-61.4597273759239,1.79328851905981,-1.62578983414442,0.128570120011393,0.014192254149488,34.000654234922,18.7987144011304,39.5648574702353,4.54619055205221
2016-12-20,-57.9333333333333,-61.4166666666667,0.833702457944552,353.358713785807,12.6103137811025,39.726367998394,-57.9321497523652,-61.4597273759239,1.8041457627949,-1.62358011294128,0.146218080129614,-0.00864385141241819,33.989703285963,18.8698477028008,39.5648574702353,16.2170406078999
2016-12-21,-57.9333333333333,-61.4166666666667,0.774511468410492,351.520977783203,11.2596000989278,39.726367998394,-57.9321497523652,-61.4597273759239,1.79972356737108,-1.62935453922229,0.108276458947282,0.018999493015664,33.9804731956998,21.1937290134287,39.5648574702353,4.50569167378948
2016-12-22,-57.9333333333333,-61.4166666666667,0.755470236142476,350.537218221029,10.8784618854523,39.726367998394,-57.9321497523652,-61.4597273759239,1.70466827136233,-1.63666750345015,0.0598851173023756,0.0859635278750631,33.9880341264538,27.0863256920549,39.5648574702353,29.7925100690494
2016-12-23,-57.9333333333333,-61.4166666666667,0.744216874241829,349.909647623698,11.7861378510793,39.726367998394,-57.9321497523652,-61.4597273759239,1.671947840013,-1.63291464398678,0.0934853079287629,0.0715073915968712,33.9953138451827,30.561535121803,39.5648574702353,8.63949242441162
2016-12-24,-57.9333333333333,-61.4166666666667,0.718503971894582,350.086622111003,12.6258273442586,39.726367998394,-57.9321497523652,-61.4597273759239,1.81666064889807,-1.62580016457049,0.139841317472265,0.0226066432389102,33.9945336392051,22.2538457275333,39.5648574702353,3.45049095731015
2016-12-25,-57.9333333333333,-61.4166666666667,0.683159204324086,350.107281494141,12.3290174643199,39.726367998394,-57.9321497523652,-61.4597273759239,1.88788120952764,-1.62040550233726,0.144400737059296,0.0105621578045806,33.9909310305029,19.6488728236435,39.5648574702353,7.55728784310583
2016-12-26,-57.9333333333333,-61.4166666666667,0.647427769502004,349.536640421549,11.6706025123596,39.726367998394,-57.9321497523652,-61.4597273759239,1.97944499585862,-1.62254638510539,0.155938110181264,0.0128269524390536,33.9860549008936,15.2879382936578,39.5648574702353,9.75729786889485
2016-12-27,-57.9333333333333,-61.4166666666667,0.632024831573168,349.000009155273,10.8196967283885,39.726367998394,-57.9321497523652,-61.4597273759239,1.86395286931131,-1.61788829600901,0.12674818892396,-0.0313514581412301,33.9841617928412,27.5136996211862,39.5648574702353,28.4859267431279
2016-12-28,-57.9333333333333,-61.4166666666667,0.58826752603054,348.023230997721,9.94013058344523,39.726367998394,-57.9321497523652,-61.4597273759239,1.93375534222538,-1.61956222433793,0.128969385141605,0.0189421275224453,33.9804157027625,23.6925754941496,39.5648574702353,3.25443733259095
2016-12-29,-57.9333333333333,-61.4166666666667,0.552854805191358,347.438012695313,8.46524833043416,39.726367998394,-57.9321497523652,-61.4597273759239,1.93085861295686,-1.61496265579883,0.133923479979088,0.00357043615689403,33.9743177370918,26.544794251148,39.5648574702353,8.63557856130825
2016-12-30,-57.9333333333333,-61.4166666666667,0.529149734973907,346.954069010417,9.41986943880717,39.726367998394,-57.9321497523652,-61.4597273759239,1.92695958497829,-1.61354686801595,0.112411372769708,0.0284900611364528,33.9701356816113,27.8320789480568,39.5648574702353,1.97848299167483
2016-12-31,-57.9333333333333,-61.4166666666667,0.514452471335729,347.249576822917,10.6146798610687,39.726367998394,-57.9321497523652,-61.4597273759239,2.20427783897945,-1.60679149358792,0.154701307079846,0.0514225412048119,33.9686900404163,19.5519250102509,39.5648574702353,4.75657805356591
