date,Site,BW29,BW37,BW58,Gm,Pm,Oo,Bp,Bm,Mn,temperature_0,salinity_0,EKE_0,chla_0,productivity_0,o2_0,EKE_mad_0,SSH,mixed_layer,ice_conc,ice_thickness,FSLE
3/5/2014,EI,0,0,0,0,0,0,13.6100078,30,0,1.015615035,33.96500838,57.61385169,0.942713092,10.26473709,342.1904246,1.10246931,-1.643886054,29.1211991,0,0,-0.03621579
3/6/2014,EI,0,0,0,0,0,0,12.12624229,480,0,1.051578041,33.94026631,33.77996952,0.963058318,10.16714946,342.3924357,2.214834214,-1.648814793,26.24482946,0,0,-0.036185282
3/7/2014,EI,0,0,0,0,0,0,12.11445609,920,0,1.041820839,33.91857668,27.95963212,1.022791609,12.99218575,342.6620229,3.793276315,-1.664326911,27.31733697,0,0,-0.036637028
3/8/2014,EI,0,10,0,0,0,0,13.8530135,825,0,1.04004728,33.90096302,14.97808948,1.031175807,9.056641797,342.6073685,1.54536821,-1.669338494,26.82795102,0,0,-0.03598469
3/9/2014,EI,15,25,0,0,0,0,14.24288678,1335,5,1.025450711,33.903012,47.03176752,0.968968143,9.609051426,342.269043,9.863289124,-1.667317728,27.67156991,0,0,-0.035516366
3/10/2014,EI,0,5,0,0,0,0,18.49284752,285,10,1.037860407,33.90121359,14.87580998,0.929270734,8.630536636,342.166865,16.77730864,-1.674855795,24.97613143,0,0,-0.034734585
3/11/2014,EI,0,0,0,0,0,0,14.77127421,395,0,1.056919654,33.90690305,75.99262163,0.860153926,5.182767431,341.7507604,2.635304275,-1.661220562,24.11071363,0,0,-0.03505672
3/12/2014,EI,0,5,0,0,0,0,14.10750961,870,0,1.02628779,33.90689226,7.958020257,0.838737736,8.426150779,341.5009104,10.64613383,-1.658842301,23.68454438,0,0,-0.036154069
3/13/2014,EI,0,0,0,0,0,0,13.30409759,540,0,0.903702784,33.90316473,18.10378647,0.85749167,9.052095791,341.4771525,11.83614555,-1.669028945,27.21488215,0,0,-0.03774784
3/14/2014,EI,10,0,0,0,0,0,12.81839669,590,0,0.799282398,33.8944016,1.402432666,0.865762961,10.96935177,341.7984467,23.06931228,-1.675474886,26.8584696,0,0,-0.03816788
3/15/2014,EI,15,0,0,0,0,0,12.63169581,675,0,0.745353575,33.90016738,18.08313235,0.865767395,10.35659325,342.4767151,67.48079201,-1.666171099,27.26937938,0,0,-0.038492291
3/16/2014,EI,0,0,0,0,0,0,14.78811984,750,35,0.706052713,33.89946973,50.46324259,0.866781461,9.062618454,343.0778885,5.343310347,-1.650815932,25.66715758,0,0,-0.041694417
3/17/2014,EI,0,5,0,0,0,0,14.37751789,1095,0,0.692732691,33.88059183,110.1811604,0.851091611,6.953859488,343.374972,0.950933477,-1.648917244,21.62454489,0,0,-0.041014812
3/18/2014,EI,0,0,0,0,0,0,18.71441657,1135,250,0.716045343,33.86371961,65.20176138,0.838615904,7.995040794,343.6903203,10.24571218,-1.645592919,15.62765752,0,0,-0.040374642
3/19/2014,EI,0,30,20,0,0,0,19.6050616,1255,5,0.694307446,33.8572125,72.17559956,0.801748514,4.743511359,343.6384608,5.226955204,-1.636234629,17.5710327,0,0,-0.039282389
3/20/2014,EI,0,0,0,0,0,0,13.7848269,470,0,0.710871145,33.83622006,56.8554759,0.732504154,5.526515504,343.0384013,2.759375144,-1.642344868,17.39446137,0,0,-0.039491794
3/21/2014,EI,0,10,0,0,0,0,13.84724799,430,140,0.674128606,33.84441654,16.48425355,0.721132055,6.187728465,342.8847478,1.218056996,-1.673303718,20.37001607,0,0,-0.04219157
3/22/2014,EI,0,10,0,0,0,0,15.28173907,505,0,0.618269268,33.85486922,21.50740985,0.713842094,4.895533085,342.7301636,7.115035967,-1.6842119,24.62189862,0,0,-0.043310737
3/23/2014,EI,0,0,0,0,0,0,17.65492576,130,0,0.580637332,33.86253147,114.1536938,0.691856963,6.957389613,342.4315745,2.41519277,-1.693724956,27.76966493,0,0,-0.043674003
3/24/2014,EI,0,0,0,0,0,55,18.17134759,205,65,0.522863179,33.85848792,81.18925177,0.689080705,5.310801049,342.5284119,7.837980244,-1.706392319,27.53750636,0,0,-0.042178666
3/25/2014,EI,20,0,0,0,0,0,17.40407637,90,0,0.498232125,33.85369219,49.447223,0.695044344,7.003397644,342.864446,11.96644027,-1.722094094,27.84814122,0,0,-0.042436961
3/26/2014,EI,0,0,0,0,0,0,13.84365435,175,0,0.51020759,33.86379591,7.317794593,0.706154292,7.993428091,343.1497269,7.936338555,-1.712877511,29.50377048,0,0,-0.041162712
3/27/2014,EI,5,0,0,0,0,0,4.165467731,185,0,0.509663487,33.87119658,18.03946692,0.718568961,8.488185545,343.6450526,10.16746084,-1.696105402,32.70167435,0,0,-0.039315937
3/28/2014,EI,0,0,0,0,0,0,15.33112442,370,0,0.521377363,33.85884745,81.99980713,0.721162568,7.50952069,344.2325134,16.49130119,-1.68591222,30.42041552,0,0,-0.036550646
3/29/2014,EI,25,10,0,0,0,0,21.3848591,45,0,0.521706964,33.85317977,120.8263239,0.723036098,6.835912784,344.7425868,1.118893051,-1.677430251,28.32226814,0,0,-0.034517776
3/30/2014,EI,10,0,0,0,0,0,16.83268512,5,0,0.534341627,33.8460622,38.32154296,0.719203832,6.261188865,345.1300964,13.38599965,-1.682073421,22.48560289,0,0,-0.033311025
3/31/2014,EI,0,0,0,0,0,0,14.34429426,560,0,0.468154826,33.85412772,11.98881449,0.729789294,7.018781006,345.6514308,3.7753739,-1.681626546,28.0476015,0,0,-0.031668752
4/1/2014,EI,0,0,0,0,0,0,15.13941954,95,0,0.39069885,33.88159433,61.02703049,0.777399647,7.670786579,346.2065023,5.926916708,-1.700783448,34.6374199,0,0,-0.030981521
4/2/2014,EI,0,0,0,0,0,0,19.87348574,135,0,0.36290259,33.90254312,52.75763047,0.845108432,7.247050941,346.7747192,17.11285258,-1.716594218,38.46967304,0,0,-0.030706986
4/3/2014,EI,5,0,0,0,0,0,16.14718778,705,0,0.340908336,33.91327921,57.05440757,0.881782822,5.642889738,347.1742503,21.01679471,-1.725852229,40.17870957,0,0,-0.029736079
4/4/2014,EI,0,0,0,0,0,15,18.2236687,1120,0,0.290945177,33.92119214,62.72392225,0.894293653,6.685764492,347.587499,5.969507277,-1.739714172,40.83594772,0,0,-0.029701868
4/5/2014,EI,0,0,0,0,0,0,19.97325201,795,30,0.237989461,33.91446738,41.73847854,0.886731026,4.081667205,347.9166514,1.885034342,-1.740004092,37.28054102,0,0,-0.029498334
4/6/2014,EI,0,0,0,0,0,0,14.9886291,730,0,0.231826465,33.90987884,89.29191925,0.897207032,4.737244964,348.2725932,2.091800689,-1.72928338,37.39062562,0,0,-0.030904831
4/7/2014,EI,0,0,0,0,0,0,22.27836178,1075,0,0.232014808,33.89508811,50.594124,0.934832846,5.409478267,348.85009,2.092422449,-1.706664807,35.25541977,0,0,-0.033279406
4/8/2014,EI,10,0,0,0,0,0,19.72164819,720,0,0.246705546,33.88934402,33.49118031,0.966281633,5.714498599,349.3815536,10.67409802,-1.698852066,35.60529263,0,0,-0.034024047
4/9/2014,EI,0,0,0,0,0,0,22.86399914,985,0,0.247275807,33.88036297,39.8517468,0.949149415,3.389288922,349.5043793,13.41039261,-1.694174017,31.236786,0,0,-0.034390991
4/10/2014,EI,25,0,0,0,0,0,21.10486248,740,0,0.265942672,33.87869527,58.705643,0.881545469,2.295258224,349.366183,19.09946134,-1.697184447,25.85026864,0,0,-0.037276169
4/11/2014,EI,0,0,0,0,0,0,17.73891884,100,0,0.258524057,33.85684166,33.56663729,0.813585271,2.659043521,349.3201675,11.75256069,-1.697249839,17.51326548,0,0,-0.04049711
4/12/2014,EI,0,0,0,0,0,0,17.68941972,805,0,0.2358863,33.87409548,8.508209992,0.807834802,5.369350612,349.5476913,24.7364097,-1.71313473,29.81549518,0,0,-0.040473566
4/13/2014,EI,0,0,0,0,5,0,16.99943778,765,0,0.221928004,33.89251562,11.36239495,0.830059464,5.397303104,349.6359838,16.44398216,-1.723613481,37.5617472,0,0,-0.044926909
4/14/2014,EI,0,0,0,0,0,0,19.25713058,870,0,0.212013849,33.90828716,11.91990955,0.866786311,7.19994537,349.9705098,27.522036,-1.741072245,41.43650808,0,0,-0.045094364
4/15/2014,EI,0,0,0,10,0,0,13.92324375,725,0,0.193383607,33.91064151,4.009608432,0.911148757,7.325750073,350.5621363,6.023153265,-1.736420354,42.37168276,0,0,-0.044981619
4/16/2014,EI,0,0,0,0,0,0,12.27137472,595,45,0.154490818,33.89381262,57.10675886,0.882370919,3.729872068,350.5047277,0.220400863,-1.712273677,38.55250889,0,0,-0.044247416
4/17/2014,EI,0,0,0,10,0,0,12.44578444,400,0,0.109136825,33.87506569,14.45860617,0.83746404,4.765661776,350.3661118,13.92406084,-1.7104709,28.3833051,0,0,-0.044162056
4/18/2014,EI,0,0,0,0,0,0,15.27278289,385,0,0.053580931,33.86740319,28.51369644,0.80641329,4.249702752,350.1810404,12.31275444,-1.719746345,30.33103994,0,0,-0.040613159
4/19/2014,EI,70,10,0,0,0,0,17.44437317,480,0,0.022938604,33.85724498,33.8676086,0.750288206,3.31994758,349.7598801,14.83140109,-1.710536293,30.1326698,0,0,-0.040024042
4/20/2014,EI,65,0,0,5,0,0,20.21231866,0,0,-0.00259231,33.85421486,19.24139927,0.718301053,5.320033312,349.6310603,15.28954169,-1.70458955,33.70769535,0,0,-0.034613155
4/21/2014,EI,45,0,0,0,0,0,20.6351935,455,0,-0.058001715,33.85196969,0.252132248,0.711585412,5.11443005,349.8017171,2.943304809,-1.700210137,34.14585383,0,0,-0.030544066
4/22/2014,EI,120,0,0,0,0,0,17.11005759,145,100,-0.124476261,33.84732652,0.394730077,0.701988712,4.045146922,350.0590159,3.670259057,-1.695205109,34.63088038,0,0,-0.026621192
4/23/2014,EI,155,0,0,0,125,0,18.2995213,220,0,-0.157472873,33.8447979,3.257548771,0.668409621,3.48644047,350.1504211,6.081517676,-1.690845316,35.11917661,0,0,-0.025852168
4/24/2014,EI,80,10,0,0,80,0,13.19480928,220,0,-0.157697838,33.84650917,3.342406933,0.643176012,3.744220585,350.3479691,7.019641789,-1.693175625,35.21509181,0,0,-0.024373644
4/25/2014,EI,0,0,0,0,235,0,14.67339762,595,0,-0.147333752,33.84852573,7.259014919,0.636380479,3.128540834,350.536878,1.527473531,-1.698753969,34.77257351,0,0,-0.023808702
4/26/2014,EI,0,0,0,0,220,0,14.36661222,335,40,-0.16130251,33.84418776,0.926876563,0.608482306,1.38099359,350.2978083,10.67112505,-1.713520572,33.61940963,0,0,-0.022783777
4/27/2014,EI,0,0,0,0,145,0,17.11136725,460,20,-0.166304057,33.83935928,5.950884271,0.584448973,2.22518002,349.9968135,2.63639617,-1.707876824,31.51908208,0,0,-0.022779111
4/28/2014,EI,5,0,0,0,1020,0,17.17752169,905,0,-0.153883897,33.84104873,7.168879875,0.600310624,3.200683862,350.19148,0.224169217,-1.69959323,32.32455268,0,0,-0.023743742
4/29/2014,EI,5,0,0,0,270,0,18.3762413,320,0,-0.187539709,33.84087424,2.197332889,0.601538017,2.748028795,350.3264643,7.16859134,-1.694263389,33.58235141,0,0,-0.024821797
4/30/2014,EI,0,0,0,0,225,0,19.41949706,980,0,-0.213279892,33.83941375,5.617162517,0.588098789,2.7395974,350.4323629,12.96997403,-1.699854811,32.94146265,0,0,-0.025551079
5/1/2014,EI,35,0,0,0,290,0,15.82940419,1005,0,-0.228080497,33.83326642,29.65190971,0.545828099,1.6661657,350.0011393,26.56652242,-1.698688569,33.95620309,0,0,-0.024110591
5/2/2014,EI,0,0,0,0,885,0,18.07459461,875,0,-0.209131118,33.83806226,28.38995733,0.529137048,2.859437605,350.0435791,3.728295007,-1.692829019,34.52188567,0,0,-0.024046125
5/3/2014,EI,15,0,0,0,920,0,14.28065405,1075,0,-0.178781769,33.8401113,11.36447562,0.533767583,2.757756124,350.3114548,11.01685124,-1.682313214,34.06192792,0,0,-0.02235681
5/4/2014,EI,0,0,0,0,870,0,16.04789632,480,0,-0.121311056,33.84101598,32.56863135,0.503003945,1.439881335,350.165362,3.134210608,-1.675647104,35.10500727,0,0,-0.023720467
5/5/2014,EI,0,0,0,10,1000,0,16.70304692,530,0,-0.090250188,33.8385964,1.16103106,0.488107063,2.199784865,350.4351959,1.584555542,-1.687728067,33.50387532,0,0,-0.024153925
5/6/2014,EI,0,0,0,0,325,0,21.46952037,1380,0,-0.083218724,33.83322315,0.412434151,0.49861003,1.913501243,350.8824488,5.359982506,-1.696676532,30.26455349,0,0,-0.024617133
5/7/2014,EI,0,0,0,0,555,0,21.65480854,1200,0,-0.086383929,33.83446576,28.99981465,0.50539846,2.125050654,351.2812347,13.83944545,-1.708515533,30.75502941,0,0,-0.024910175
5/8/2014,EI,0,10,0,15,25,0,21.17122704,1075,0,-0.116152556,33.83763749,5.708885019,0.507068093,2.4086155,351.3328247,10.02136714,-1.708709546,34.14694377,0,0,-0.025481879
5/9/2014,EI,0,40,0,0,75,0,21.54973359,1045,0,-0.11862717,33.83199155,10.38312255,0.481214737,1.120928422,350.7857615,4.429582437,-1.702930648,32.57415053,0,0,-0.025849833
5/10/2014,EI,0,0,0,0,650,0,15.34328123,1130,205,-0.112830399,33.82597487,12.00430076,0.467849173,1.907476425,350.7340037,1.186589116,-1.710736842,29.92013008,0,0,-0.026101265
5/11/2014,EI,0,30,0,0,400,0,14.07341565,1165,0,-0.10230936,33.82558226,7.262780656,0.47449404,1.698817641,351.0305354,1.00146362,-1.722599826,28.98386579,0,0,-0.025278328
5/12/2014,EI,0,15,0,5,400,0,14.99331687,675,0,-0.093985654,33.82209415,15.6214162,0.449010772,0.764103507,350.9661026,2.728811451,-1.722469029,29.68906146,0,0,-0.02371327
5/13/2014,EI,0,35,0,0,245,0,12.01502294,490,0,-0.122336477,33.81282948,0.427489805,0.431580397,1.6623362,351.1501083,7.361936679,-1.725967763,29.14299807,0,0,-0.025308048
5/14/2014,EI,0,10,0,0,700,0,17.2237697,960,0,-0.170897529,33.81207725,16.13609715,0.438122161,1.494942615,351.5639826,3.069272298,-1.714828502,29.05144251,0.000671407,0.001559835,-0.025630305
5/15/2014,EI,0,15,0,0,320,0,13.62356894,760,310,-0.25391485,33.82357627,25.99259067,0.443015337,1.612323165,351.9517136,1.502816525,-1.7047247,32.64281733,0.003623788,0.01356821,-0.02645528
5/16/2014,EI,0,10,0,0,200,35,12.83708208,670,55,-0.343299207,33.83438871,10.4370995,0.449113304,1.706289291,352.3050105,1.381011946,-1.708221252,35.00473206,0.004790316,0.024878035,-0.026696144
5/17/2014,EI,10,0,0,0,280,0,15.35678,710,75,-0.379173277,33.84062326,6.992807281,0.444403805,0.964907805,352.4917704,4.932513825,-1.713099853,34.21888033,9.53703420236707e-05,0,-0.027025807
5/18/2014,EI,0,0,0,0,10,0,19.94416972,70,0,-0.362133486,33.84878695,11.64354994,0.434396811,0.97977971,352.7371902,0.099505345,-1.716823111,32.92947339,0,0,-0.025528254
5/19/2014,EI,30,10,0,20,160,0,17.99856468,145,0,-0.350027229,33.85799705,6.468210992,0.4277634,0.928988864,353.0245082,3.067201399,-1.719449884,33.99544127,0,0,-0.024836494
5/20/2014,EI,0,0,0,25,180,0,10.10430713,20,0,-0.352020524,33.86136507,0.148896567,0.418316794,0.801046332,353.3963216,5.48603364,-1.723020548,32.69186493,0,0,-0.02308632
5/21/2014,EI,0,0,0,40,180,0,11.77074072,125,30,-0.352433832,33.8685806,2.392818217,0.410991127,0.947354133,353.8440221,8.827697674,-1.733316181,34.61126129,0.000456188,0.001247762,-0.021799751
5/22/2014,EI,5,5,0,45,0,0,12.77137729,155,0,-0.395166721,33.87198121,18.50099789,0.407512896,0.977689023,354.1584727,3.019561323,-1.711953226,39.03753528,0.003742605,0.016937773,-0.021095766
5/23/2014,EI,0,0,0,0,25,0,11.94836431,505,0,-0.501271729,33.8674906,16.38012174,0.4037881,1.262042637,354.3371099,1.848432974,-1.695002373,38.25604323,0.009641124,0.071958286,-0.019691304
5/24/2014,EI,0,0,0,15,65,0,12.11282493,0,0,-0.639405479,33.87372513,9.255911008,0.405165362,1.238445719,354.5539856,2.273309461,-1.687900283,40.81414871,0.015173966,0.152516251,-0.020829395
5/25/2014,EI,5,15,0,10,90,0,15.20185014,0,0,-0.72896771,33.85751754,44.60869933,0.391282802,0.375796638,354.50059,5.31112755,-1.670517809,37.51814935,0.010975247,0.080662425,-0.021696557
5/26/2014,EI,0,0,0,20,20,0,14.79225132,0,25,-0.728742748,33.84225826,27.28311072,0.367299773,0.40328185,354.2987671,4.947835976,-1.664568887,34.18727185,0.00042302,0.001119012,-0.022003649
5/27/2014,EI,0,0,0,0,405,0,19.42329259,0,145,-0.762471802,33.82734773,30.82470409,0.354039706,0.483995199,354.1731288,12.70954062,-1.646589115,29.82203491,0.053303848,0.085233835,-0.022051057
5/28/2014,EI,0,0,0,20,140,0,14.19157403,0,500,-0.853075155,33.81072614,8.959620319,0.342773316,0.460983977,353.8941396,18.92612965,-1.646314452,26.16526329,0.017627756,0.043953289,-0.021716793
5/29/2014,EI,25,0,0,0,170,0,14.08916509,0,275,-0.824483675,33.801974,39.09113771,0.332139296,0.643021961,353.3834305,13.43420439,-1.634383896,27.04703036,0.00451955,0.014777383,-0.023547134
5/30/2014,EI,0,15,0,0,110,0,14.09110292,0,215,-0.868634366,33.80466608,16.54502315,0.328863785,0.67819045,353.3486201,6.319720073,-1.635367026,27.00343251,0.002432954,0.011417513,-0.024221304
5/31/2014,EI,5,10,0,0,190,120,16.85356579,0,535,-0.91654145,33.82400186,7.082785555,0.327423861,0.69510828,353.1921361,5.442852196,-1.631164191,32.85535692,0.016199061,0.214970201,-0.023717214
6/1/2014,EI,0,0,0,0,105,0,17.24769051,0,85,-1.003001259,33.82996398,6.16747114,0.323634245,0.602348131,352.7594757,2.729630258,-1.627613148,32.13054228,0.022475792,0.293380971,-0.024424527
6/2/2014,EI,0,0,0,0,330,0,16.19650903,0,0,-1.027077747,33.83749553,18.83514866,0.313088211,0.414694893,352.214002,3.611956417,-1.631066099,37.31868914,0.024291643,0.247483312,-0.024032076
6/3/2014,EI,25,0,0,0,390,0,17.00083007,0,0,-1.08613368,33.84500512,27.67279941,0.306496051,0.488357852,352.3533452,6.683169503,-1.635264575,41.75913245,0.03362404,0.282356158,-0.022596066
6/4/2014,EI,0,0,0,0,0,0,19.54838493,0,20,-1.14852223,33.8464765,14.20633977,0.308335699,0.730733092,352.6344172,1.355444195,-1.644701331,40.16781028,0.041704088,0.341022543,-0.020627922
6/5/2014,EI,0,0,0,65,610,0,19.8352356,0,145,-1.233302652,33.83932656,26.62340639,0.310097424,0.474434587,352.9768346,1.134216744,-1.648753752,30.1653682,0.030998631,0.257205637,-0.018037527
6/6/2014,EI,10,0,0,0,115,0,19.07084942,400,0,-1.264661725,33.8357951,7.088900327,0.302945644,0.206584456,353.3319626,3.30495699,-1.644753652,27.29444828,0.015026127,0.106820434,-0.018451881
6/7/2014,EI,0,10,0,0,80,0,16.19852218,620,405,-1.27967683,33.83101008,33.314943,0.296337344,0.301867746,353.6605555,15.26576558,-1.644247913,26.11403577,0.037777939,0.097240139,-0.019125997
6/8/2014,EI,0,0,0,0,30,0,14.9716438,865,510,-1.269433076,33.84666168,54.18965956,0.294323956,0.424990254,354.1429342,17.24727643,-1.644141101,33.60851017,0.03521727,0.22644734,-0.02003164
6/9/2014,EI,20,0,0,0,0,0,17.22325236,1070,580,-1.256447885,33.86510356,32.88537881,0.291758249,0.473158722,354.1626511,51.99782291,-1.641603701,40.59724908,0.070833188,0.438954261,-0.021694735
6/10/2014,EI,100,0,0,0,80,0,13.80631067,1250,95,-1.275020583,33.87211192,39.29408324,0.288226729,0.349532937,354.1037547,118.5613158,-1.650229532,40.070805,0.091821194,0.425606962,-0.02378813
6/11/2014,EI,85,0,0,15,50,0,9.886764861,395,0,-1.310324387,33.86224788,5.82181192,0.277346669,0.118940013,354.0325139,90.82577978,-1.659875573,35.35678503,0.085083969,0.363295603,-0.024483984
6/12/2014,EI,0,0,0,0,5,0,12.92095866,0,0,-1.41879938,33.83472677,35.58428624,0.268610625,0.240038997,354.9199371,23.14887618,-1.674164775,23.35756028,0.075677568,0.342108645,-0.024400186
6/13/2014,EI,0,0,0,0,0,0,11.89876947,0,0,-1.353805423,33.85169724,48.8088977,0.265711183,0.307495116,355.1796112,12.52299847,-1.676244393,32.56543125,0.061054731,0.34500085,-0.025009232
6/14/2014,EI,0,0,0,0,0,0,9.408489537,0,55,-1.346501902,33.87176296,52.44234195,0.26076822,0.336361293,354.8607051,21.63907273,-1.681240706,39.79177849,0.078338289,0.45642611,-0.025360812
6/15/2014,EI,0,0,0,0,0,0,8.312376759,0,165,-1.348688775,33.88666248,19.44824773,0.255327286,0.36289575,354.4001007,3.482630515,-1.676830779,43.309037,0.116171159,0.476737266,-0.025967266
6/16/2014,EI,0,0,0,0,5,0,9.894381343,0,0,-1.378065021,33.85863983,3.218832325,0.244941449,0.131175512,354.0081355,14.83787026,-1.668839293,36.36716552,0.095165977,0.369323012,-0.027239077
6/17/2014,EI,0,0,0,60,0,0,9.904288519,0,0,-1.424496753,33.82971281,35.74157565,0.238313908,0.287499183,354.5860392,5.884515366,-1.663821174,28.80293461,0.043610385,0.193052179,-0.027795919
6/18/2014,EI,0,0,0,45,10,0,11.10132012,0,0,-1.436854136,33.8487869,60.38509562,0.238540815,0.272779249,355.5174332,6.750807224,-1.660376942,37.31214952,0.030196617,0.136759678,-0.027479773
6/19/2014,EI,60,0,0,45,5,0,12.09358935,0,10,-1.451283282,33.848122,10.38194795,0.235890795,0.19762468,356.1972427,12.38207772,-1.654039993,37.40479492,0.028527731,0.100747999,-0.026741821
6/20/2014,EI,90,0,0,100,0,0,9.255354306,0,0,-1.426296471,33.83296076,39.90730364,0.227937804,0.090260698,356.6183701,22.12808121,-1.640997693,33.99435133,0.007929872,0.014534714,-0.02701283
6/21/2014,EI,145,0,0,85,5,0,6.697950486,0,0,-1.387257195,33.86011154,134.5414447,0.219539788,0.210123641,356.5037511,15.37679733,-1.644825585,46.81212585,0.015813765,0.153235615,-0.027527318
6/22/2014,EI,60,0,0,45,0,0,7.242819051,0,0,-1.388533738,33.89129494,150.0605213,0.215060223,0.122923763,356.973114,9.386139512,-1.66304296,55.73879024,0.031882033,0.268535635,-0.027826209
6/23/2014,EI,115,0,0,60,0,0,7.117249977,0,0,-1.404820159,33.88596532,90.54053077,0.211669757,0.11221623,358.3424174,20.69617208,-1.661331739,46.39794605,0.013498152,0.055033927,-0.026729417
6/24/2014,EI,160,0,0,110,0,30,3.585750833,0,95,-1.428567049,33.87595972,30.40026322,0.210734424,0.258911852,359.5197856,14.71982186,-1.653989854,41.23813774,0.005346763,0.011584987,-0.029007583
6/25/2014,EI,130,0,0,5,0,0,7.52921375,580,0,-1.479006294,33.87008476,4.236498119,0.210440171,0.245998102,359.9630483,18.93155386,-1.645743322,37.84949314,0.009506222,0.088480202,-0.028877052
6/26/2014,EI,135,0,0,30,0,0,10.76359625,845,65,-1.488235096,33.85921781,7.071337417,0.208140045,0.213196711,360.4940008,20.8327805,-1.648498705,35.59112338,0.007768576,0.064851832,-0.029294726
6/27/2014,EI,90,0,0,85,65,0,10.52703431,1245,70,-1.493372663,33.8656923,11.52086706,0.207514301,0.356963699,360.8341039,8.556942525,-1.657268422,45.27530094,0.026915963,0.319065566,-0.028049885
6/28/2014,EI,45,0,0,10,85,0,9.032267014,755,35,-1.504626148,33.85489082,1.584322243,0.205700414,0.299343194,360.8185374,10.84405917,-1.658081521,43.17061349,0.034480193,0.306035253,-0.02740165
6/29/2014,EI,185,0,0,75,0,0,8.595686782,405,105,-1.525982126,33.84719593,11.77089397,0.203795628,0.225764085,360.9769313,1.533259963,-1.671810486,41.12042349,0.023197882,0.192604493,-0.02902501
6/30/2014,EI,155,0,0,60,5,0,8.631384745,1265,0,-1.539527116,33.84563743,9.076207032,0.201201686,0.168125617,360.959549,5.84654288,-1.662739952,45.55214733,0.033291879,0.30960483,-0.030881831
7/1/2014,EI,310,0,0,15,10,0,11.94796907,1315,0,-1.531543469,33.82473218,20.24587528,0.192713942,0.111123754,360.4571635,3.913710039,-1.652522788,40.64738672,0.010055849,0.083569851,-0.032105165
7/2/2014,EI,75,0,0,85,140,0,8.890567338,1250,0,-1.54104956,33.8178,5.513284916,0.18815462,0.29375879,360.4714254,4.346554863,-1.66005432,38.02061479,0.003504393,0.010157876,-0.035884454
7/3/2014,EI,175,0,0,85,10,0,8.578182384,595,0,-1.552015288,33.81175068,17.90350531,0.185245239,0.195482463,360.3607788,4.000962342,-1.664479505,39.70894259,0,0,-0.04046807
7/4/2014,EI,195,0,0,45,20,0,8.911605625,1330,0,-1.56440406,33.80356522,12.57648571,0.182121151,0.239199642,360.362793,3.520959255,-1.676425326,40.05990539,0.005827945,0.03030597,-0.041734953
7/5/2014,EI,20,0,0,55,20,0,11.81235866,1320,0,-1.582202453,33.80924383,3.232323606,0.178318559,0.097891234,360.3206558,1.573886366,-1.676719603,43.572804,0.011693221,0.130690067,-0.042347444
7/6/2014,EI,115,0,0,65,10,0,11.86495299,1410,0,-1.573230015,33.80493859,8.056703705,0.174245077,0.244693639,359.9614283,3.651122017,-1.677292923,42.22998956,0.00524797,0.024900329,-0.040716777
7/7/2014,EI,60,10,0,5,0,0,7.879908958,1125,0,-1.581349687,33.81351634,1.772323441,0.174886407,0.314241937,359.6405334,2.95421563,-1.674940815,46.11347011,0.025540995,0.267690927,-0.038679095
7/8/2014,EI,0,0,0,165,0,0,3.712034398,990,0,-1.583892307,33.84007827,29.88061545,0.176374211,0.249285987,359.5993373,13.7500574,-1.682662001,54.31313979,0.087446974,0.435351987,-0.040590015
7/9/2014,EI,0,0,0,140,75,0,4.351918009,520,0,-1.593288521,33.86145227,12.49969304,0.175978084,0.140041833,359.8334045,31.1811012,-1.685622288,58.08544603,0.149789477,0.463379967,-0.039595659
7/10/2014,EI,10,0,0,140,0,0,8.333145208,645,0,-1.611029371,33.87090217,51.09229185,0.175230696,0.266558507,359.8552297,5.665141646,-1.693373988,58.92579476,0.152470473,0.454169916,-0.039688881
7/11/2014,EI,115,0,0,95,0,0,9.323725926,1050,0,-1.608497211,33.89204731,5.289340477,0.177526735,0.362119968,359.9378382,12.8912662,-1.692929292,61.30078895,0.186078709,0.46352711,-0.039461234
7/12/2014,EI,100,0,0,35,5,0,6.276206343,1265,0,-1.631663368,33.88029761,29.84750622,0.175914165,0.153185315,359.6987025,13.64044174,-1.684316536,47.64048567,0.170522444,0.430087543,-0.041229527
7/13/2014,EI,25,0,0,50,5,0,7.571470023,720,0,-1.651120231,33.85941399,49.11089292,0.171654883,0.173141133,359.6533076,9.532115854,-1.677103271,37.79063608,0.105438387,0.288032356,-0.04062041
7/14/2014,EI,30,10,0,55,0,0,4.087290833,1195,0,-1.650837712,33.85178441,39.16451183,0.171311814,0.275180696,360.1571859,8.917616017,-1.671784329,40.00213805,0.032135173,0.100471293,-0.041974473
7/15/2014,EI,40,0,0,30,35,0,6.674864329,1435,0,-1.649498382,33.85803005,22.81406866,0.175387776,0.415491293,360.8753738,3.372230293,-1.656801919,46.41756502,0.021606287,0.246927439,-0.041909542
7/16/2014,EI,0,0,0,270,0,0,0.36494881,1335,0,-1.634446658,33.88180169,13.60577931,0.179901021,0.368640192,361.3810476,10.13579569,-1.651075341,57.11866308,0.061001051,0.458355313,-0.041253097
7/17/2014,EI,30,10,0,35,0,0,3.989207176,615,0,-1.646071598,33.89227622,23.51106041,0.181081979,0.35469174,361.2857132,11.03440827,-1.648152103,58.35466257,0.081626931,0.468546315,-0.039750254
2/10/2015,KGI,0,0,0,0,0,0,3.977239583,400,0,2.144276266,33.63017874,19.911281,1.349870932,16.57237281,343.5442115,23.74856003,-1.625205999,24.61508646,0,0,-0.033824882
2/11/2015,KGI,0,0,0,0,0,0,1.676967593,675,0,2.186000162,33.62175449,8.146368348,1.279689608,16.65616441,343.3495076,12.21175167,-1.622393633,22.06445945,0,0,-0.036285419
2/12/2015,KGI,0,15,0,10,0,0,0.855140818,810,0,2.266630062,33.61538585,2.096190916,1.230377747,21.07997537,343.6568315,2.919820942,-1.621783262,16.2405104,0,0,-0.037872295
2/13/2015,KGI,0,0,0,0,0,0,0.872590664,685,115,2.247678063,33.61131655,11.02591062,1.200936192,19.80744457,343.7551541,3.531479009,-1.624275611,20.4601184,0,0,-0.039762662
2/14/2015,KGI,0,0,0,0,0,0,0.415945216,585,0,2.245592631,33.60411077,5.79779049,1.18360456,15.42023076,343.5746646,2.097175666,-1.613873882,20.77907915,0,0,-0.039958813
2/15/2015,KGI,0,10,0,0,0,0,0.445011574,350,0,2.253237519,33.60124969,39.58721693,1.159743556,13.74301391,343.0942688,0.356225293,-1.609438101,21.4456119,0,0,-0.040243902
2/16/2015,KGI,0,0,0,0,0,0,0.544612269,520,0,2.289630839,33.59433002,16.06503356,1.160949772,17.63576751,342.7825436,0.302556182,-1.614532995,20.1814251,0,0,-0.040794099
2/17/2015,KGI,0,0,0,0,0,0,1.140515046,500,0,2.323369061,33.57892235,6.080498184,1.146667191,17.77678988,342.8643409,0.658424286,-1.614812744,19.41316395,0,0,-0.039764042
2/18/2015,KGI,0,0,0,0,0,0,1.570441744,240,0,2.454746154,33.55879929,0.041683086,1.118554205,17.98300899,343.2540622,0.218734123,-1.613647113,14.45178655,0,0,-0.040319572
2/19/2015,KGI,0,0,0,0,0,0,2.361001157,475,0,2.423673227,33.55120134,3.330704017,1.086553446,18.83116341,343.7072296,1.902582567,-1.608331804,12.63339186,0,0,-0.037440917
2/20/2015,KGI,5,0,0,0,0,0,4.454857253,880,0,2.383053096,33.54821308,5.350649637,1.051500137,12.38839414,343.6436242,1.720676513,-1.599706092,14.65418358,0,0,-0.041445099
2/21/2015,KGI,15,0,0,0,0,0,2.738950617,1000,0,2.268232281,33.54931511,19.73166789,1.017367183,10.35543018,342.7261437,1.28544229,-1.600104527,20.48978911,0,0,-0.043809321
2/22/2015,KGI,5,0,0,0,0,0,7.453478009,830,0,2.149316912,33.55248359,56.94135363,1.046880828,14.08553749,341.8251088,1.064601973,-1.60518035,25.08875914,0,0,-0.045720912
2/23/2015,KGI,0,0,0,0,0,0,4.586579861,810,0,2.079231152,33.5507248,0.737681359,1.094975952,15.42189558,341.886183,2.404257338,-1.602382817,25.57620758,0,0,-0.044635699
2/24/2015,KGI,0,0,0,0,0,0,2.222345679,825,0,1.980895429,33.54662387,30.65570426,1.12497029,16.02364659,342.0275438,8.610955595,-1.60218572,26.9898082,0,0,-0.042891515
2/25/2015,KGI,20,0,0,0,0,0,3.958125,770,0,1.828618243,33.54328574,15.0721114,1.160862737,10.88079886,341.5932515,5.992803222,-1.606805883,29.87529091,0,0,-0.041453001
2/26/2015,KGI,0,5,0,0,0,0,4.015516975,835,0,1.757576235,33.54719578,4.010021883,1.189694213,14.58829753,341.5024974,0.320426925,-1.611031845,29.04027053,0,0,-0.040185042
2/27/2015,KGI,10,0,0,0,0,0,2.246896219,705,0,1.701315367,33.56065377,14.23404026,1.219473531,16.24989197,342.0759345,0.231377028,-1.603033455,29.12186501,0,0,-0.036865957
2/28/2015,KGI,10,0,0,0,0,0,2.686512346,740,0,1.63958151,33.59475419,45.93269608,1.179610842,9.609690891,342.0453118,0.338124252,-1.589236543,32.4333352,0,0,-0.037383953
3/1/2015,KGI,0,10,0,0,0,0,2.992004244,585,0,1.626611138,33.62089639,3.02560748,1.148166355,13.83256019,342.1182387,0.91246888,-1.593430724,31.89714199,0,0,-0.033877113
3/2/2015,KGI,0,0,0,0,0,0,4.696057099,720,0,1.632857262,33.6380523,23.19964979,1.133355412,11.85534399,342.3260701,1.734983788,-1.591557223,26.49494201,0,0,-0.028646766
3/3/2015,KGI,0,0,0,0,0,0,4.810540123,960,0,1.632368966,33.64976152,8.511677849,1.104538302,11.23353626,342.3213721,0.61127825,-1.594846442,24.67336825,0,0,-0.031268467
3/4/2015,KGI,10,0,0,0,0,0,4.591149691,1180,0,1.609276632,33.65891687,9.609945802,1.096045963,12.71492375,342.5963525,0.376445552,-1.602060673,26.02762729,0,0,-0.027955057
3/5/2015,KGI,0,0,0,0,0,0,3.794814815,1185,0,1.605360086,33.66491442,1.883028954,1.080503455,13.93054056,342.9661085,1.350424866,-1.602463351,24.36924291,0,0,-0.027707944
3/6/2015,KGI,0,0,0,0,0,0,6.279814815,635,0,1.580538366,33.69311261,10.30041077,1.021038199,12.91754378,342.8157925,2.662130651,-1.603012259,29.88058922,0,0,-0.026383223
3/7/2015,KGI,15,0,0,0,0,0,12.84424576,620,0,1.57891071,33.71005707,6.624549793,0.97664937,10.1373553,342.6540883,3.374536265,-1.600257119,30.70077419,0,0,-0.025118094
3/8/2015,KGI,0,0,0,0,0,0,9.430380015,1100,0,1.585451845,33.7272346,16.21030053,0.902929448,6.725118677,342.0613522,5.91792888,-1.596609736,31.10027007,0,0,-0.023233374
3/9/2015,KGI,0,0,0,0,0,0,10.7408642,1090,0,1.629896965,33.71897965,0.173056704,0.841667872,9.446873334,341.5773926,19.73447131,-1.596917034,12.59842265,0,0,-0.02253143
3/10/2015,KGI,0,15,0,0,0,0,9.729288194,725,0,1.612018209,33.73189706,12.91693013,0.783446415,5.480326851,341.0400713,25.07287813,-1.595427143,21.3205708,0,0,-0.021620667
3/11/2015,KGI,0,0,0,0,0,0,10.21909529,825,0,1.583829281,33.75728655,3.722608693,0.738158868,8.588687976,340.6036462,28.68514141,-1.599220756,34.61307791,0,0,-0.021932786
3/12/2015,KGI,0,0,0,0,0,0,9.893248457,855,0,1.58185066,33.76642089,54.09937889,0.724108262,5.751892938,340.260771,15.62606459,-1.589306482,38.22019653,0,0,-0.024471512
3/13/2015,KGI,0,0,0,0,0,0,9.09974537,550,0,1.591296136,33.75796453,46.36103839,0.690069147,3.246454504,339.5909085,9.341666804,-1.594221235,29.62202974,0,0,-0.023912596
3/14/2015,KGI,0,0,0,0,0,0,8.362145062,645,0,1.531215366,33.74596916,27.948188,0.696996952,7.260060112,339.56368,14.77448373,-1.604565741,33.75474473,0,0,-0.023316048
3/15/2015,KGI,0,0,0,0,0,0,6.440584491,520,0,1.473682896,33.73238468,1.455169667,0.734114778,8.359178821,340.0902134,31.75410745,-1.606271809,35.40783103,0,0,-0.02416775
3/16/2015,KGI,0,0,0,5,0,0,4.840896991,380,0,1.437599841,33.71353263,29.55771685,0.723723632,4.947862095,339.9781443,29.05459094,-1.60174489,27.62878948,0,0,-0.023537252
3/17/2015,KGI,0,0,0,0,0,0,2.970260417,275,0,1.414390513,33.70492842,19.70744878,0.723183549,8.211065014,340.0109016,24.02506834,-1.597092942,30.70925162,0,0,-0.023115275
3/18/2015,KGI,0,0,0,0,0,0,3.845127315,500,0,1.364843713,33.69781812,18.11402095,0.763139382,8.95013494,340.5447659,15.9884155,-1.59005249,35.62400352,0,0,-0.022354247
3/19/2015,KGI,0,0,0,0,0,0,9.061051312,585,0,1.278008377,33.69875047,52.99635639,0.803045606,9.510506047,340.886417,2.391246173,-1.588195948,37.38729521,0,0,-0.023869689
3/20/2015,KGI,10,0,0,0,0,0,13.01397569,595,0,1.122572528,33.69286892,18.22480052,0.860263651,10.07033332,341.5197059,3.42054124,-1.60092683,38.98527838,0,0,-0.024675169
3/21/2015,KGI,0,0,0,0,0,0,13.12459684,475,0,1.02408421,33.69061195,0.869807186,0.915620367,10.80208321,342.3868883,4.948520907,-1.613291066,37.54412634,0,0,-0.024723063
3/22/2015,KGI,0,0,0,0,0,0,14.48848187,945,0,0.99309775,33.69847467,9.015797867,0.960861767,9.305567397,343.1445245,12.59983852,-1.61221868,36.83308754,0,0,-0.024873928
3/23/2015,KGI,5,0,0,0,0,0,7.64511767,925,0,0.964593462,33.70523559,5.956303064,1.002875631,10.56343357,343.8018799,15.27049078,-1.602808802,35.28172982,0,0,-0.027372929
3/24/2015,KGI,0,0,0,0,0,0,7.224974923,380,0,0.962055342,33.71599113,53.23415159,1.030980885,9.740625872,344.1108365,15.78025351,-1.599975247,36.29689424,0,0,-0.028636767
3/25/2015,KGI,0,0,0,0,0,0,8.221277006,690,0,0.875174227,33.72631203,64.83319345,1.034390632,9.842227896,343.653634,27.81961762,-1.618898837,41.05587448,0,0,-0.028196835
3/26/2015,KGI,0,0,0,0,0,0,8.386473765,45,0,0.806187136,33.7326169,33.93767708,1.08171334,8.367238747,343.8312717,49.4910655,-1.621908305,41.98944438,0,0,-0.029220827
3/27/2015,KGI,0,0,0,0,0,0,6.049741512,210,0,0.79471218,33.74220702,16.69990048,1.107727908,7.150559783,344.232861,42.37919814,-1.607878264,40.66061743,0,0,-0.027328574
3/28/2015,KGI,0,0,0,0,0,0,10.25458719,830,0,0.785515937,33.74982619,2.71818998,1.141951995,10.69189641,344.8337131,31.79055345,-1.602921127,38.72248007,0,0,-0.026859618
3/29/2015,KGI,0,0,0,0,0,0,9.423919753,800,0,0.76683861,33.76239422,7.66617207,1.160113646,7.636764977,345.3575643,19.26500104,-1.60155627,37.92348839,0,0,-0.025008408
3/30/2015,KGI,0,5,0,0,0,0,11.28269097,640,0,0.790353118,33.77695407,16.33056203,1.141522694,7.687484953,345.5781708,14.54886492,-1.606345981,35.45339661,0,0,-0.023276036
3/31/2015,KGI,5,0,0,0,0,0,11.33199653,315,0,0.788399934,33.7830046,12.91843029,1.128237479,9.119824198,345.7811211,23.78278525,-1.60877051,35.76917847,0,0,-0.021388067
4/1/2015,KGI,0,0,0,0,0,0,13.84358989,455,0,0.801009163,33.78691467,11.49122894,1.095216698,7.276503166,345.7565986,24.76881644,-1.613570817,33.25987858,0,0,-0.020092596
4/2/2015,KGI,0,0,0,0,0,0,13.00687886,60,0,0.768969813,33.7933574,15.51323882,1.037970102,7.227766607,345.4428965,19.36126888,-1.62378392,35.13125663,0,0,-0.019604491
4/3/2015,KGI,0,0,0,0,0,0,15.23583526,0,0,0.706096602,33.79946139,12.89185833,0.996951752,6.555596987,345.232115,24.02506839,-1.621122028,36.52260404,0,0,-0.018930143
4/4/2015,KGI,0,0,0,0,0,0,12.96624614,60,0,0.63806067,33.80769478,9.95833527,0.984008061,8.17136787,345.3129578,11.76147519,-1.615215427,37.99766554,0,0,-0.017947786
4/5/2015,KGI,0,0,0,0,0,0,11.64453704,960,0,0.597679594,33.81231475,9.911159048,0.967887041,5.037680348,345.3913015,2.633040108,-1.608980325,38.4628609,0,0,-0.018095385
4/6/2015,KGI,0,0,0,0,0,0,11.9286767,155,0,0.564663653,33.81321563,7.891748323,0.974235985,8.163851248,345.6812252,1.30888796,-1.613121509,37.72638987,0,0,-0.01885383
4/7/2015,KGI,30,0,0,0,0,0,15.14400656,745,75,0.556133731,33.81691387,1.225908011,1.012161508,9.401500993,346.3573829,0.668924772,-1.610514728,37.56214108,0,0,-0.020765129
4/8/2015,KGI,5,10,0,0,0,0,10.21168403,1090,50,0.557008594,33.81954188,2.88179654,1.044188253,7.677080552,347.0188599,1.656310335,-1.6040465,37.813283,0,0,-0.021839155
4/9/2015,KGI,5,0,0,5,0,0,12.61572338,275,0,0.575121329,33.82390764,10.43993151,1.046045154,5.392771522,347.4287516,4.785148636,-1.602317115,37.56108124,0,0,-0.024293265
4/10/2015,KGI,0,0,0,0,0,0,7.78199267,450,125,0.606341766,33.82843237,12.11808279,1.021274641,5.148539338,347.5974053,3.591555314,-1.603576005,35.55512483,0,0,-0.026938502
4/11/2015,KGI,0,0,0,5,0,0,5.41820409,880,0,0.62073633,33.83473743,45.1037553,0.941928312,3.9370145,346.9750366,3.007381257,-1.610006086,39.11985654,0,0,-0.028642076
4/12/2015,KGI,0,15,0,0,0,0,10.77475309,1195,0,0.56265452,33.83516137,14.64484076,0.919218567,6.975444833,346.772878,12.45854826,-1.623853857,45.28501949,0,0,-0.030110795
4/13/2015,KGI,10,0,0,0,0,0,12.13676505,685,0,0.501266538,33.83344467,3.299655278,0.953509389,6.202672773,347.2686886,13.80732904,-1.627666553,45.29985498,0,0,-0.0308541
4/14/2015,KGI,0,0,0,10,0,0,15.66348765,1295,85,0.443118604,33.82538056,12.40396511,0.973692944,4.917057965,347.7028266,18.22120684,-1.636391885,44.76895977,0,0,-0.03226444
4/15/2015,KGI,5,0,0,0,0,0,17.40350309,1020,0,0.387890275,33.81770847,3.82209407,0.95804912,2.560167915,348.0284797,13.57730638,-1.647480267,44.20627483,0,0,-0.032468529
4/16/2015,KGI,0,0,0,0,0,0,15.36950231,1440,0,0.394762026,33.8100152,31.67353348,0.909902889,2.335105419,348.2237905,7.583434531,-1.645547431,45.39734456,0,0,-0.03301455
4/17/2015,KGI,0,0,0,0,0,0,17.20804784,1285,0,0.376674724,33.79868741,11.18956711,0.872968975,1.845772035,348.6324768,13.41190578,-1.652189445,47.08645931,0,0,-0.032866683
4/18/2015,KGI,10,5,0,0,0,0,7.892426698,310,0,0.374996205,33.79187393,1.059115333,0.854422844,2.89181608,349.0104726,12.89657118,-1.664159483,44.67676851,0,0,-0.032224416
4/19/2015,KGI,0,0,0,0,0,0,6.118140432,65,0,0.418251105,33.79666371,31.57778387,0.840350214,3.130644533,349.2007718,6.689856507,-1.662360158,45.05825003,0,0,-0.033444419
4/20/2015,KGI,10,0,0,0,0,0,7.63570216,245,0,0.429029227,33.79702399,2.998250096,0.849373124,6.01191224,349.5433146,13.01094179,-1.659225663,45.67709756,0,0,-0.033077113
4/21/2015,KGI,0,0,0,0,0,0,8.588649691,940,0,0.433342508,33.79709808,13.70957447,0.860519992,4.141530421,349.8172438,28.609052,-1.644886191,46.34045123,0,0,-0.032136005
4/22/2015,KGI,0,0,0,0,0,0,5.648470293,1100,0,0.423281574,33.79231895,0.029798824,0.856543508,4.927322533,349.9638401,28.53779617,-1.647264096,43.68173797,0,0,-0.030516076
4/23/2015,KGI,0,0,0,0,0,0,11.21469136,55,0,0.369411317,33.78222039,1.922168689,0.861056252,5.086699181,350.190623,36.37320872,-1.636338898,40.66485607,0,0,-0.027640658
4/24/2015,KGI,0,0,0,0,0,0,11.55849344,260,0,0.297036671,33.77103024,4.48240645,0.862645639,4.436675694,350.5290222,42.08582361,-1.627452499,39.80758259,0,0,-0.025896115
4/25/2015,KGI,0,0,0,0,0,0,9.531207562,450,0,0.272331939,33.76315697,5.857590208,0.87039163,4.186812321,351.0789931,34.11613202,-1.620804126,39.49921858,0,0,-0.025671787
4/26/2015,KGI,30,0,0,0,0,0,9.52394483,625,0,0.256355499,33.75757257,4.350168429,0.872725763,3.531215601,351.5840793,39.73923032,-1.613998917,36.59784063,0,0,-0.025269648
4/27/2015,KGI,0,0,0,0,0,0,17.5293885,630,0,0.225496199,33.75382121,11.92353078,0.860732166,4.127738012,351.9074131,33.89458231,-1.613437296,38.92381756,0,0,-0.024389434
4/28/2015,KGI,5,0,0,0,0,0,16.65292052,375,0,0.215669239,33.75895007,33.2698922,0.83880252,3.45639509,352.0923462,23.59902667,-1.603130943,38.55823116,0,0,-0.023126025
4/29/2015,KGI,0,0,0,0,0,0,16.08081983,1185,0,0.243100293,33.77348863,40.34464218,0.78912185,3.178915752,351.7828115,10.8175356,-1.604057093,38.5232621,0,0,-0.022716499
4/30/2015,KGI,0,5,0,0,0,0,17.20029128,630,0,0.278038901,33.77271512,12.28324797,0.767470328,2.868327565,351.9677514,10.90685468,-1.608448368,34.45200786,0,0,-0.021886803
5/1/2015,KGI,0,0,0,0,0,0,13.27289352,885,0,0.318389456,33.7397063,14.8696353,0.74434923,1.807351516,352.0342797,11.56501707,-1.603908745,18.54635335,0,0,-0.022315703
5/2/2015,KGI,0,0,0,0,0,0,8.057175926,1230,0,0.300058004,33.71380811,0.428402485,0.736997975,3.288696084,352.4944848,6.335983723,-1.60699874,11.67756904,0,0,-0.022355539
5/3/2015,KGI,0,0,0,0,0,0,6.804820602,995,15,0.271421469,33.71290726,20.02335633,0.721855263,2.714498076,352.7160255,1.631292006,-1.606477382,17.45701214,0,0,-0.022532848
5/4/2015,KGI,0,0,0,0,0,0,5.556201775,1115,0,0.229895952,33.71794062,32.37682068,0.690975691,3.299548878,352.714152,0.494676357,-1.610076021,25.95874874,0.000495926,0.001112115,-0.022863316
5/5/2015,KGI,0,0,0,15,0,0,8.515875772,1060,10,0.170644265,33.71875657,2.389385324,0.689114655,2.645564205,352.9924723,0.11945974,-1.603381026,30.93814064,0.000358293,0.000613362,-0.023015976
5/6/2015,KGI,0,0,0,0,0,0,8.574701003,885,0,0.148248765,33.70757715,3.565667752,0.690887852,2.388013727,353.3548567,1.711344723,-1.598909217,31.19775981,0,0,-0.024978303
5/7/2015,KGI,0,0,0,15,0,0,8.549876543,1050,0,0.120985564,33.69567686,2.488908737,0.693518654,2.527362532,353.8268551,5.13471117,-1.593642654,30.90846984,0,0,-0.026624
5/8/2015,KGI,0,0,0,0,0,0,8.016427469,685,0,0.084302315,33.68772941,5.516537357,0.68883319,2.446901467,353.9559326,10.41918008,-1.591321976,29.58600091,0,0,-0.02899587
5/9/2015,KGI,0,5,0,50,0,0,8.702692901,210,0,0.046566178,33.67826671,4.121231858,0.676326058,2.08190161,353.9989777,14.88900821,-1.597694836,29.26703997,0,0,-0.029700818
5/10/2015,KGI,0,5,0,0,0,0,10.95472415,900,0,0.028672159,33.66722502,6.604270954,0.661200926,1.636855427,354.1794417,17.82098384,-1.599464485,28.97563076,0,0,-0.028557004
5/11/2015,KGI,5,25,0,20,0,0,9.908921682,695,0,0.047435956,33.66173593,19.03862887,0.626051913,0.60799859,354.1938595,23.32318997,-1.604538182,28.97033228,0,0,-0.028680576
5/12/2015,KGI,0,5,0,0,0,0,15.67243056,1045,0,0.053534572,33.65752912,7.681144683,0.588318326,0.874774901,354.1597833,32.30582748,-1.622537748,28.24233872,0,0,-0.030150712
5/13/2015,KGI,0,0,0,0,0,0,16.59568673,1265,0,0.078203699,33.65685105,41.03682552,0.555458822,0.747521669,353.9459025,47.82430602,-1.622046059,25.47130015,0,0,-0.027953084
5/14/2015,KGI,0,0,0,10,0,0,11.63126543,1300,0,0.104719198,33.66522238,8.514856537,0.527536733,0.77973031,353.860104,40.38159959,-1.619691476,29.43552759,0,0,-0.025898588
5/15/2015,KGI,0,0,0,15,0,0,10.28692708,1315,0,0.080350168,33.66139698,16.97132072,0.517451185,1.173371557,353.9810181,35.11094277,-1.614558437,28.41294541,0,0,-0.023615698
5/16/2015,KGI,0,0,0,0,0,0,5.637162423,1090,0,0.067720592,33.66206458,48.22132548,0.496230283,0.517776817,353.903812,35.07100141,-1.604457657,28.68316136,0,0,-0.020817086
5/17/2015,KGI,20,0,0,45,0,0,6.086772762,445,0,0.057471459,33.67392238,64.43153283,0.467567999,0.82786876,353.7272186,32.85738673,-1.600034581,32.10907635,0,0,-0.017037181
5/18/2015,KGI,0,0,0,35,0,0,6.112280093,690,0,0.019806532,33.67825633,0.040194048,0.459965373,1.112996168,354.1867845,29.61129724,-1.593916048,33.69858223,0,0,-0.01654686
5/19/2015,KGI,0,0,0,0,0,0,6.967179784,745,0,-0.067145787,33.67237499,11.80654824,0.46797652,1.401521146,355.0064901,30.63248111,-1.610192588,34.60883921,0.00041963,0.000554882,-0.015780452
5/20/2015,KGI,0,10,0,0,0,0,5.305939429,380,0,-0.142104335,33.6748227,52.37987514,0.45659732,0.399981908,355.2036201,35.437386,-1.614058264,35.47353011,0.000171667,0,-0.016989456
5/21/2015,KGI,5,5,0,25,0,0,6.23275463,60,0,-0.128767744,33.67803393,39.0637062,0.423871547,0.241982521,355.087733,30.37318797,-1.616366232,27.51328545,0,0,-0.016603732
5/22/2015,KGI,0,0,0,0,0,0,6.705715664,640,0,-0.172546546,33.67883889,0.246179608,0.411837061,0.758621656,355.5332726,20.31807245,-1.617146143,32.44923055,0,0,-0.016798055
5/23/2015,KGI,0,0,0,0,0,0,7.45183642,820,205,-0.259341188,33.67036144,9.183844874,0.418229949,1.175666677,356.2424079,22.69062495,-1.618146477,35.55088614,0.002400377,0.006431453,-0.017266159
5/24/2015,KGI,0,0,0,15,0,0,7.123173225,950,0,-0.368053205,33.67285151,122.5087434,0.416242957,1.062300444,356.2337765,33.48412837,-1.616052567,38.32510356,0.008458025,0.039531007,-0.01781618
5/25/2015,KGI,0,0,0,0,0,0,13.73888117,585,0,-0.482868924,33.67494965,126.1907626,0.407156853,0.678910355,356.3160587,38.11605415,-1.60668508,41.7234669,0.00950286,0.039112437,-0.018022057
5/26/2015,KGI,0,0,0,0,0,30,14.611875,890,0,-0.555187617,33.67973924,70.08797966,0.406029509,0.939868215,356.8068882,39.47581001,-1.599625554,44.52311634,0.00805641,0.068629558,-0.016838335
5/27/2015,KGI,0,0,0,0,0,0,15.81133488,1185,0,-0.61714019,33.6814665,18.52258949,0.411102366,0.98116724,357.2553931,41.85741849,-1.599829014,44.62378483,0.00746479,0.092921326,-0.016837477
5/28/2015,KGI,0,0,0,0,0,0,15.40609568,1060,190,-0.650049319,33.68261102,18.77127963,0.414354285,0.687859476,357.7173513,40.01540963,-1.601463025,44.53689184,0.002194598,0.005743814,-0.016018645
5/29/2015,KGI,0,0,0,0,0,0,11.18089892,845,335,-0.663253661,33.68425367,4.377241512,0.410293116,0.596659331,358.1588796,32.56506043,-1.616296291,46.32879481,0.00228412,0.009627106,-0.014802456
5/30/2015,KGI,0,0,0,0,0,0,5.3975,1365,0,-0.727622283,33.6893399,25.26415598,0.404528012,0.748839945,358.5662486,46.39573708,-1.618790747,49.58834165,0.023297915,0.203737542,-0.012897311
5/31/2015,KGI,0,0,0,0,0,0,7.564936343,890,0,-0.805393618,33.68225076,9.83026669,0.396233009,0.581608281,358.9585656,46.05599051,-1.620763861,53.50594374,0.016152292,0.112616479,-0.012853498
6/1/2015,KGI,0,0,0,15,0,0,7.266880787,1075,0,-0.867163077,33.67555361,7.830999988,0.392212813,0.564114317,359.9325629,36.64879241,-1.620999109,56.33950273,0.015501389,0.139627479,-0.014313041
6/2/2015,KGI,0,5,0,0,0,0,6.780187114,1255,0,-0.93657743,33.68159363,1.121447494,0.390906124,0.566633066,360.8605245,32.17305148,-1.608732358,56.6001812,0.030294389,0.232963254,-0.01313435
6/3/2015,KGI,0,0,0,30,0,0,5.368609182,705,0,-0.990127241,33.68654222,4.627557846,0.388617135,0.505553058,361.6067657,29.48902258,-1.594111031,56.30135389,0.034712155,0.24024319,-0.012870738
6/4/2015,KGI,0,0,0,0,0,0,2.379577546,910,235,-1.011302001,33.69867529,12.2129895,0.383961134,0.493665796,361.7178073,28.10152614,-1.58366268,57.34936817,0.044458237,0.280343255,-0.015142249
6/5/2015,KGI,0,0,0,0,0,0,4.16382716,1190,135,-1.026535822,33.70956874,8.333944516,0.374420169,0.268182357,361.5812497,18.8410073,-1.584120453,56.77502677,0.047706697,0.268682778,-0.01780403
6/6/2015,KGI,0,0,0,35,0,0,1.932966821,870,330,-1.012085312,33.72725495,8.744212208,0.359236333,0.165345337,361.4530724,11.95899265,-1.585729039,60.24226875,0.061070133,0.299733091,-0.020692355
6/7/2015,KGI,0,0,0,0,0,0,2.059045139,605,0,-1.021118783,33.73216134,2.436735997,0.34455276,0.205754819,361.422287,5.892176311,-1.602957157,60.77422318,0.040248139,0.19576882,-0.023127086
6/8/2015,KGI,5,0,0,0,0,0,6.276616512,605,0,-1.03260901,33.74036317,11.34636587,0.331223441,0.156597643,361.3659871,1.874977545,-1.616802814,62.61063197,0.032007346,0.169669137,-0.026335284
6/9/2015,KGI,0,0,0,5,0,0,3.585962577,1005,0,-1.041286431,33.74217516,19.5307369,0.320796702,0.314739421,361.2622206,0.467552271,-1.624638009,63.47320402,0.011775058,0.08238408,-0.026407372
6/10/2015,KGI,0,10,0,10,0,0,7.766786265,1080,0,-1.034974192,33.75368322,46.84801058,0.3062255,0.140666826,360.9020064,0.064564611,-1.623442709,65.84686617,0.00429281,0.02128666,-0.0280172
6/11/2015,KGI,0,0,0,10,0,0,6.558570602,985,0,-1.05254268,33.77009755,8.077580588,0.292824333,0.261478434,360.6703542,0.002649734,-1.629245459,67.01780233,0.017086127,0.200929416,-0.029105234
6/12/2015,KGI,5,0,0,15,0,0,6.10933642,525,0,-1.087003162,33.79209651,21.82179951,0.28452959,0.217340905,360.1749352,0.459282358,-1.621230113,68.43246256,0.044234884,0.392470151,-0.030503817
6/13/2015,KGI,5,0,0,40,0,0,3.133981481,745,0,-1.132892829,33.80620088,15.45204825,0.275368091,0.117571034,359.5916324,1.518309638,-1.60731452,66.65857402,0.056209425,0.393164236,-0.031249836
6/14/2015,KGI,0,0,0,20,0,0,3.02427662,610,0,-1.173162003,33.81749678,72.06497414,0.265073128,0.107334571,359.159317,0.55992293,-1.596524964,64.04648622,0.059582886,0.326860655,-0.030818131
6/15/2015,KGI,0,0,0,45,0,0,2.28345679,870,0,-1.204377352,33.83434569,70.29453596,0.254632956,0.124322508,358.611518,1.049312454,-1.583293914,65.07860523,0.086957353,0.382848343,-0.032841173
6/16/2015,KGI,0,0,0,0,0,0,2.420833333,280,0,-1.233649688,33.85298575,53.20311313,0.24710454,0.121991893,358.3440637,0.846575106,-1.572707801,67.99905708,0.149234451,0.456468949,-0.033492912
6/17/2015,KGI,0,0,0,0,0,0,3.034519676,285,175,-1.25302894,33.87098906,10.60015382,0.2405795,0.085164154,358.2906613,1.075383272,-1.572542499,72.17097984,0.206040471,0.460522187,-0.035086477
6/18/2015,KGI,0,0,0,0,0,0,2.966251929,585,10,-1.263934222,33.88531552,13.84877933,0.235709609,0.129892979,358.2494456,1.535000244,-1.581106751,74.12925061,0.20784668,0.456977591,-0.035394095
6/19/2015,KGI,0,0,0,25,0,0,5.454212963,1060,20,-1.283359258,33.89298757,51.70314351,0.22919909,0.043476242,357.9982486,2.839328836,-1.583512204,74.35390091,0.199304941,0.42919833,-0.038445473
6/20/2015,KGI,0,0,0,0,0,0,4.449733796,1050,5,-1.349569155,33.87665812,10.02631687,0.222269985,0.088951956,358.0429467,2.800420374,-1.580869378,38.77016524,0.116198675,0.269441113,-0.037549906
6/21/2015,KGI,0,0,0,25,0,0,5.073946759,960,0,-1.339594693,33.89490536,46.13585034,0.217969808,0.095222114,358.3071679,1.504788726,-1.581871832,60.17021126,0.091620963,0.274089064,-0.03962437
6/22/2015,KGI,0,0,0,0,0,0,6.35160108,1060,0,-1.301955196,33.91929939,7.010882107,0.213795011,0.109392977,358.5048489,0.367965152,-1.59906605,78.2715034,0.117622892,0.382085379,-0.03958556
6/23/2015,KGI,5,0,0,0,0,0,7.568715278,1265,0,-1.345159233,33.91375674,32.42980035,0.20863892,0.060936698,358.8002591,0.534268126,-1.615264171,52.64337145,0.061110931,0.205003849,-0.039327728
6/24/2015,KGI,0,0,0,0,0,0,10.01672068,1280,0,-1.354523331,33.92350594,30.88365949,0.205820923,0.168320676,359.5222507,1.530304082,-1.625284419,67.0008475,0.005652282,0.021362957,-0.037798416
6/25/2015,KGI,0,10,0,0,0,0,13.18120177,1370,0,-1.358836613,33.93665693,11.87160785,0.203720195,0.068220292,360.302887,4.904641124,-1.617470408,75.68060944,0.000787487,0.001271605,-0.033671173
6/26/2015,KGI,0,0,0,0,0,0,8.12898341,1390,70,-1.366654438,33.9476881,28.95229286,0.200177968,0.082932324,360.9904666,4.906668717,-1.611154771,73.46271939,0,0,-0.033192736
6/27/2015,KGI,0,0,0,15,0,0,4.957415123,1415,0,-1.37145093,33.96210999,41.6742815,0.196760786,0.080264407,361.5960185,5.585492453,-1.623023078,73.1861452,0,0,-0.028537552
6/28/2015,KGI,0,0,0,15,0,0,2.893628472,1075,0,-1.395402877,33.97392535,14.48581338,0.194556987,0.140200845,362.0421719,16.78766971,-1.645288875,71.16959148,0.007110124,0.036442067,-0.023030498
6/29/2015,KGI,0,0,0,5,0,0,1.675102238,1185,0,-1.396659219,33.99526702,13.79056254,0.192568669,0.118625417,362.0392999,5.781970489,-1.651131899,76.32594826,0.042710813,0.365342587,-0.020182704
6/30/2015,KGI,0,0,0,0,0,0,2.84710841,685,0,-1.396338776,34.01973473,11.24745299,0.18882214,0.095047806,361.6413235,0.779987252,-1.649745855,81.60098775,0.100325626,0.447832633,-0.018785884
7/1/2015,KGI,0,0,0,0,0,0,2.28605517,230,0,-1.402946033,34.04156391,15.63228969,0.18449098,0.111259761,361.1030138,7.377381327,-1.638314122,86.3546692,0.149259619,0.452458095,-0.01721424
7/2/2015,KGI,0,0,0,0,0,10,2.285993441,305,0,-1.433627303,34.04782666,9.448197096,0.18039288,0.089774355,360.754264,29.15190383,-1.634011857,85.97318824,0.103068583,0.403156927,-0.016286078
7/3/2015,KGI,0,0,0,0,0,0,3.052498071,350,0,-1.414441335,34.0723264,42.31654729,0.175452643,0.083844892,359.9186367,22.17157526,-1.641808912,92.68302223,0.150512414,0.452325637,-0.015373909
7/4/2015,KGI,0,0,0,0,0,0,1.197253086,195,0,-1.39109468,34.09489756,47.62843879,0.171712078,0.104660255,359.2169495,20.64172234,-1.635633157,100.1568785,0.238684149,0.457994874,-0.01499919
7/5/2015,KGI,0,0,0,0,0,0,3.235445602,205,0,-1.380723469,34.10863074,30.47431703,0.169415281,0.127263814,358.5939501,48.5989873,-1.628830075,103.4312607,0.295683293,0.447445856,-0.015750814
7/6/2015,KGI,0,0,0,0,0,0,4.289193673,275,30,-1.380413199,34.11636623,5.997180862,0.167356691,0.111902754,357.9052616,32.62385954,-1.61780103,104.7028655,0.303841962,0.44277271,-0.017996838
7/7/2015,KGI,0,0,0,0,0,0,8.709957562,930,0,-1.387279862,34.12299967,3.627396975,0.164911277,0.118388804,357.3096313,49.56908529,-1.618998445,104.6043164,0.262234,0.452002438,-0.019149723
7/8/2015,KGI,0,0,0,0,0,0,8.114510031,1055,0,-1.400443516,34.13040672,8.219206812,0.162048715,0.123532228,356.5811225,29.03012027,-1.635319494,104.9932155,0.196574169,0.459287672,-0.019692535
7/9/2015,KGI,0,0,0,0,0,0,8.173371914,1365,0,-1.429273338,34.13425329,8.470385185,0.160785565,0.178592056,356.3152313,17.00409764,-1.641045952,103.8922173,0.163087789,0.451244775,-0.021264224
7/10/2015,KGI,0,0,0,0,0,0,2.969720293,1385,0,-1.49293495,34.12454671,28.09284915,0.160115691,0.162499831,356.4836087,8.728530536,-1.649866656,81.46958896,0.152669903,0.406929353,-0.021581578
7/11/2015,KGI,0,0,0,0,0,0,2.339774306,820,0,-1.554694237,34.11070736,18.32411356,0.15851453,0.173752709,356.8061354,1.989528319,-1.66339864,65.96025139,0.149720575,0.352822581,-0.022932346
7/12/2015,KGI,0,0,0,0,0,0,2.317679398,975,0,-1.566901632,34.11716077,11.7044712,0.155715523,0.113315014,356.8677775,2.070124392,-1.675124954,78.51840636,0.202398383,0.354427981,-0.024012692
7/13/2015,KGI,0,0,0,0,0,0,3.159947917,695,0,-1.640181669,34.09806564,5.815675935,0.151820319,0.075356245,356.6144375,3.500170551,-1.678382386,41.32715023,0.237783959,0.374641196,-0.024097621
7/14/2015,KGI,0,0,0,0,0,0,3.642368827,725,70,-1.576764201,34.12290404,9.831279549,0.148947424,0.171522758,355.7524651,0.597213231,-1.669597715,89.00490615,0.249066537,0.422347559,-0.024620604
7/15/2015,KGI,0,0,0,0,0,0,3.521219136,880,35,-1.601748692,34.11617517,15.58683151,0.146617343,0.127458088,355.1118317,1.306735686,-1.658602574,77.11646238,0.291907688,0.426448484,-0.024241404
7/16/2015,KGI,0,0,0,0,0,0,3.776657022,765,0,-1.623569422,34.11611168,10.48370866,0.14403005,0.136995873,354.8394301,0.083719118,-1.660153929,79.89491864,0.335445043,0.39465837,-0.023810768
7/17/2015,KGI,0,0,0,0,0,0,1.84168017,650,0,-1.645990357,34.10585403,39.94470038,0.140089708,0.066315034,354.8377262,0.248160061,-1.654332101,64.6536772,0.361019663,0.359683947,-0.023912576
7/18/2015,KGI,0,0,0,0,0,0,1.536257716,560,235,-1.656086894,34.11154469,0.158076453,0.136938692,0.121322453,355.0073547,0.157004536,-1.643845602,73.6576977,0.373257266,0.367944077,-0.024167905
7/19/2015,KGI,0,0,0,0,0,0,2.172696759,470,0,-1.653447044,34.12208827,11.67848292,0.134366112,0.120727666,354.3155043,4.313409893,-1.64109258,83.5444235,0.420723877,0.380146183,-0.024987975
7/20/2015,KGI,0,0,0,0,0,0,4.862318673,620,0,-1.621504339,34.14309083,20.05409241,0.131065219,0.129159138,353.0943247,10.11444044,-1.64789778,98.36497566,0.441531834,0.431752135,-0.0246306
7/21/2015,KGI,0,0,0,0,0,0,5.712880015,600,0,-1.62240972,34.14987273,12.14513856,0.128673376,0.131073399,352.1570672,22.23441555,-1.649635641,100.5881645,0.458731347,0.427857846,-0.023545575
7/22/2015,KGI,0,0,0,0,0,0,5.381784336,620,0,-1.608951059,34.16116858,8.041283561,0.126956839,0.127886333,351.484709,15.38388485,-1.660543886,105.3821142,0.501794766,0.426734595,-0.023533228
7/23/2015,KGI,0,0,0,0,0,0,6.649976852,890,0,-1.583223953,34.17751945,21.21318648,0.12413713,0.097898378,350.1097836,16.94600957,-1.668139608,112.5582025,0.550456421,0.441903777,-0.022445619
7/24/2015,KGI,0,0,0,0,0,0,6.645916281,540,0,-1.556321888,34.19578862,22.53610869,0.121425806,0.096888857,348.9347704,27.33343084,-1.681054876,121.1553095,0.575656444,0.475733757,-0.021061013
7/25/2015,KGI,0,0,0,0,0,0,5.10068287,40,0,-1.561754189,34.20338668,3.731030106,0.120346552,0.121735394,348.3821394,43.79274573,-1.678562523,122.3781697,0.578959702,0.48440186,-0.018335442
7/26/2015,KGI,0,0,0,0,0,0,3.646936728,325,0,-1.569750029,34.20450989,35.04081661,0.120010222,0.109013223,347.9771695,56.64021791,-1.681870821,117.6287262,0.541928193,0.48324682,-0.017356865
7/27/2015,KGI,0,0,0,0,0,0,4.283740355,405,0,-1.611682463,34.1944112,70.50293587,0.118972811,0.062674661,347.6589864,53.86582321,-1.674885467,89.50083211,0.467283416,0.473964109,-0.018337647
7/28/2015,KGI,0,0,0,0,0,0,3.448400849,245,0,-1.675852713,34.18032816,8.564040505,0.118042415,0.124373131,347.3573354,55.38258254,-1.666925227,53.95206482,0.397651408,0.467855107,-0.019522532
7/29/2015,KGI,0,0,0,0,0,0,2.717141204,445,0,-1.637099293,34.19497273,6.36265534,0.118190308,0.167345992,347.2796292,36.50870608,-1.654660598,97.88600479,0.411832449,0.467680262,-0.019512572
7/30/2015,KGI,0,0,0,0,0,0,2.531535494,270,0,-1.640044328,34.19316067,10.09405016,0.11793959,0.09629775,347.2153948,30.06519878,-1.65406718,98.23569555,0.47432943,0.473582628,-0.018713803
7/31/2015,KGI,0,0,0,0,0,0,2.100769676,145,0,-1.682465057,34.17691594,4.749848172,0.118447115,0.192182295,347.0421193,39.98914212,-1.65267266,67.03475706,0.534673424,0.482075886,-0.01744855
8/1/2015,KGI,0,0,0,0,0,0,4.624809028,0,0,-1.692927825,34.17172342,0.581885217,0.120525486,0.212603646,347.0701345,39.09928861,-1.66410014,68.83301808,0.595039669,0.492238123,-0.018479119
8/2/2015,KGI,0,0,0,0,0,0,5.748661265,325,0,-1.689601307,34.16999608,2.326679022,0.122997648,0.263787829,347.196267,25.84331859,-1.671530549,75.59583494,0.618835897,0.498744503,-0.015787494
8/3/2015,KGI,0,0,0,0,0,0,5.580596065,410,0,-1.698472022,34.16652041,9.10388066,0.126414705,0.373908496,347.2910733,8.729860693,-1.687078042,73.24654566,0.683312078,0.510114767,-0.013804779
8/4/2015,KGI,0,0,0,0,0,0,2.196811343,430,0,-1.706142334,34.16393476,15.61950415,0.131259206,0.40659863,347.7908207,1.023727196,-1.687785896,71.1409803,0.747440152,0.521977775,-0.012418221
8/5/2015,KGI,0,0,0,0,0,0,1.682390046,520,0,-1.726167569,34.15478985,41.15058715,0.135873834,0.404603171,348.357076,1.322212316,-1.672592348,58.56692992,0.812674793,0.532701643,-0.010721301
8/6/2015,KGI,0,0,0,0,0,0,2.035324074,595,0,-1.736671022,34.13800478,50.363762,0.13322196,0.302823588,347.4793345,0.934839391,-1.656553166,50.89279609,0.816251712,0.51448591,-0.01298497
8/7/2015,KGI,0,0,0,0,0,0,2.702833719,910,0,-1.763435749,34.13337408,10.08273443,0.13509507,0.441490242,347.788893,2.397501429,-1.658481772,46.29912433,0.820693848,0.528049688,-0.014216309
8/8/2015,KGI,0,0,0,0,0,0,1.657650463,695,0,-1.78177229,34.13100044,3.749227443,0.140625434,0.494755454,348.5379706,1.432660725,-1.663659314,46.81730301,0.807633676,0.536251537,-0.014231797
8/9/2015,KGI,0,0,0,0,0,0,1.421728395,535,0,-1.770658466,34.13301367,33.32462486,0.141959202,0.43245908,348.1200155,2.660442821,-1.671772151,58.41963559,0.813991698,0.524314349,-0.014177894
8/10/2015,KGI,0,0,0,0,0,0,1.58808642,185,0,-1.770251557,34.13097914,11.10745532,0.144466135,0.384137175,348.3167521,4.538596658,-1.681300719,62.30756672,0.818941683,0.527588732,-0.012339037
8/11/2015,KGI,0,0,0,0,0,0,0.98503858,160,0,-1.780826217,34.12089115,41.81537618,0.146779085,0.342678581,348.3842773,8.961884258,-1.67270678,59.87350353,0.759545565,0.534132198,-0.014054037
8/12/2015,KGI,0,0,0,0,0,0,0.876412037,150,0,-1.765556792,34.12794866,28.77116184,0.144984946,0.32504577,347.1794213,9.300010484,-1.672742812,65.65930475,0.764454488,0.526640328,-0.016052274
8/13/2015,KGI,0,0,0,0,0,0,0.632829861,430,0,-1.751574228,34.13265377,52.54522152,0.140144798,0.109027266,346.272644,4.856697631,-1.673541809,68.97607409,0.725927518,0.527747683,-0.018494907
8/14/2015,KGI,0,0,0,0,0,0,0.810447531,595,0,-1.737673041,34.13691359,39.36036547,0.136842926,0.201145977,346.1801436,2.442033107,-1.680463573,71.1611143,0.626019139,0.509251134,-0.021910327
8/15/2015,KGI,0,0,0,0,0,0,0.651006944,815,0,-1.733425889,34.13942493,53.73861213,0.137890072,0.233384015,346.3431142,2.79636005,-1.675894271,72.07560998,0.546938846,0.495777425,-0.024191459
8/16/2015,KGI,0,0,0,0,0,0,0.779500386,525,0,-1.692119083,34.16089376,2.905914626,0.136657706,0.201269266,344.7781338,7.073611524,-1.682712193,79.50919792,0.53999933,0.529888217,-0.025943358
8/17/2015,KGI,0,0,0,0,0,0,1.97179784,340,0,-1.693375431,34.16250451,25.01360214,0.137930363,0.296838596,344.0386369,2.995084079,-1.699118015,79.21778912,0.547972022,0.556369384,-0.026855668
8/18/2015,KGI,0,0,0,0,0,0,1.862434414,970,0,-1.689026538,34.17514624,14.59713112,0.140569595,0.304670398,343.626692,3.688299111,-1.6992261,81.39965065,0.586789872,0.582903529,-0.02750996
8/19/2015,KGI,0,0,0,0,0,0,1.799554398,710,0,-1.689769161,34.18757595,1.628159647,0.142381476,0.282255215,343.353302,18.18774227,-1.686635091,83.51263359,0.552289915,0.589203269,-0.027321193
8/20/2015,KGI,0,0,0,0,0,0,2.362347726,465,0,-1.673390889,34.19943354,12.3705117,0.144330648,0.392071856,342.9994982,23.14815641,-1.677040843,87.00318808,0.605388943,0.607323636,-0.026891193
8/21/2015,KGI,0,0,0,0,0,0,4.378009259,340,0,-1.662302496,34.21200101,18.87149085,0.14704345,0.423665151,342.0424211,11.0112147,-1.671784871,89.91410303,0.64261649,0.605622866,-0.028668074
8/22/2015,KGI,0,0,0,0,0,0,3.867339892,1335,0,-1.662022745,34.22364672,5.373939061,0.146848277,0.37802467,339.8417884,10.01399708,-1.672174835,92.57387601,0.67687749,0.611122555,-0.029262672
8/23/2015,KGI,0,0,0,0,0,0,4.059448302,1200,0,-1.660334058,34.23235737,5.005064677,0.146142369,0.391904193,337.594674,5.087854036,-1.677233696,93.71514116,0.709010675,0.607885264,-0.030288906
8/24/2015,KGI,0,0,0,0,0,0,4.787606096,1135,0,-1.664403191,34.23770891,4.538578298,0.150958395,0.599632603,336.7746548,1.195501299,-1.684967183,91.90946274,0.707183538,0.585224209,-0.030008327
8/25/2015,KGI,0,0,0,0,0,0,4.636298225,850,0,-1.681534246,34.23948926,2.037375377,0.162378714,0.84122975,337.0924733,0.362228215,-1.689470768,87.60084241,0.706993325,0.566558112,-0.028495554
8/26/2015,KGI,0,0,0,0,0,0,4.452235725,1145,0,-1.714824854,34.23369286,4.476871922,0.177985105,1.005620774,338.006524,0.575051427,-1.686103144,66.80692816,0.725182835,0.566473337,-0.028203365
8/27/2015,KGI,0,0,0,0,0,0,2.021097608,970,0,-1.741833736,34.22070082,23.03226723,0.192009309,0.751218773,340.102829,6.857154198,-1.681586827,33.72295454,0.744395189,0.574865932,-0.02688789
8/28/2015,KGI,0,0,0,0,0,0,3.57054784,820,0,-1.781965575,34.19538546,3.041042069,0.20130218,0.691027232,341.8722755,4.908921573,-1.68266345,23.1082349,0.746557976,0.570224571,-0.025525505
8/29/2015,KGI,0,0,0,0,0,0,1.961305941,780,0,-1.79158399,34.18545654,67.14960882,0.20952359,0.787639565,343.1422187,3.000370618,-1.674241188,20.79921296,0.689965746,0.56715153,-0.02533087
8/30/2015,KGI,0,0,0,0,0,0,2.042507716,440,0,-1.797519843,34.18018972,23.30191393,0.218579329,1.018437273,344.4163462,5.2216651,-1.67457393,28.66514728,0.641233357,0.566902508,-0.023956149
8/31/2015,KGI,0,0,0,0,0,0,1.870667438,640,0,-1.801655096,34.18828577,5.694816582,0.230211564,1.836358945,344.4242961,15.95722627,-1.679709088,38.66631745,0.608865194,0.580105998,-0.023601004
9/1/2015,KGI,0,0,0,0,0,0,1.376184414,220,0,-1.773873085,34.19509951,27.48296937,0.216207075,0.548624537,341.624098,31.40114962,-1.697286902,61.06563298,0.606248866,0.575973287,-0.02310196
9/2/2015,KGI,0,0,0,0,0,0,2.41773534,440,0,-1.685796666,34.21183154,30.51660491,0.177758807,0.502523174,335.0661791,52.40695578,-1.723613356,82.81748981,0.589538392,0.572990312,-0.022913504
9/3/2015,KGI,0,0,0,0,0,0,2.00964892,315,0,-1.700582885,34.21318793,18.18614363,0.177353006,0.698847342,333.9709998,43.50887872,-1.709254824,73.75624715,0.573759636,0.575999776,-0.022650283
9/4/2015,KGI,0,0,0,0,0,0,1.481647377,350,0,-1.705450583,34.2106554,8.53680659,0.187362645,0.542202029,335.2938453,5.386707239,-1.691473551,73.34933399,0.593958807,0.580249058,-0.022185807
9/5/2015,KGI,0,0,0,0,0,0,2.246741898,45,0,-1.709092461,34.21031623,12.87281474,0.200148548,0.917889567,336.9029609,5.686175757,-1.689595821,79.96061805,0.628308821,0.585663969,-0.021859982
9/6/2015,KGI,0,0,0,0,0,0,4.316807485,150,0,-1.70775473,34.21231908,15.77238151,0.207297136,0.885999189,336.7899933,7.794610312,-1.684892995,83.05061714,0.64112527,0.592154456,-0.021620723
9/7/2015,KGI,0,0,0,0,0,0,2.52080054,360,65,-1.729244847,34.20219927,19.15123425,0.216939597,1.012555563,337.8075172,7.624580759,-1.681260444,64.97687674,0.673883921,0.593208827,-0.021991044
9/8/2015,KGI,0,0,0,0,0,0,2.588526235,370,0,-1.755821383,34.1902567,2.09744917,0.239088768,1.558479925,340.2584415,4.322141433,-1.692249229,52.24069696,0.769985969,0.599052908,-0.021757531
9/9/2015,KGI,0,0,0,0,0,0,2.068562886,240,180,-1.765348247,34.18860385,50.2684064,0.259723759,1.676733163,341.2483944,8.901174731,-1.702472932,60.67143553,0.78945794,0.607127598,-0.022691028
9/10/2015,KGI,0,0,0,0,0,0,3.838250386,155,230,-1.775861871,34.19275761,8.27146129,0.263116239,1.1170257,340.3437703,6.961600445,-1.702532272,65.85534385,0.743133124,0.601855737,-0.022244572
9/11/2015,KGI,0,0,0,0,0,0,4.537158565,155,170,-1.781350117,34.19302249,12.84014032,0.269739587,1.30986623,340.202179,11.37077088,-1.713425685,69.82380939,0.725764592,0.613204806,-0.020790795
9/12/2015,KGI,0,0,0,0,0,0,2.184126157,465,310,-1.787621669,34.19364781,8.749793427,0.281397122,1.349142911,340.0933448,5.328830352,-1.732491271,70.18939596,0.668661602,0.611466949,-0.019055219
9/13/2015,KGI,0,0,0,0,0,0,3.637434414,285,265,-1.789127247,34.19501466,24.54293939,0.287914974,1.098460121,339.7598131,1.946293681,-1.74716347,70.83579535,0.634785791,0.614243285,-0.017149817
9/14/2015,KGI,0,0,0,0,0,0,3.72447338,245,495,-1.77486493,34.20491208,76.66882594,0.275609119,1.149343704,337.9704709,0.366173376,-1.74042185,76.30051563,0.584254079,0.592822045,-0.016323545
9/15/2015,KGI,0,0,0,0,0,0,2.248738426,365,45,-1.748262969,34.21895297,5.514535006,0.26505456,0.716844523,336.707133,2.368574141,-1.740445164,84.91033875,0.567278956,0.558022468,-0.01717508
9/16/2015,KGI,0,0,0,0,0,0,2.432139275,120,260,-1.723069934,34.22731397,137.2341746,0.257888979,0.745471734,336.1924201,3.292100626,-1.735763536,89.54321851,0.541306431,0.548241712,-0.015847077
9/17/2015,KGI,0,0,0,0,0,0,2.32788966,170,40,-1.705603179,34.23528261,94.22979315,0.25764322,1.090657573,335.9708184,1.283395392,-1.722083194,93.77978102,0.56198696,0.549968972,-0.01490665
9/18/2015,KGI,0,0,0,0,0,0,3.519527392,250,1285,-1.705659134,34.23742313,68.34194825,0.26789848,1.40497836,335.9610002,1.935965041,-1.721258772,95.11602582,0.612746498,0.541528696,-0.013388014
9/19/2015,KGI,0,0,0,0,0,0,2.402939815,190,1005,-1.707047719,34.23934113,53.91797195,0.281730947,1.375748737,335.8690067,2.64993016,-1.72688774,96.69811394,0.692050118,0.530222013,-0.0125226
9/20/2015,KGI,0,0,0,0,0,0,3.071882716,355,1080,-1.702332608,34.24215974,6.193058175,0.287414567,1.064090012,335.4110735,5.598040621,-1.724957022,95.99661231,0.711947553,0.529702775,-0.013038736
9/21/2015,KGI,0,0,0,0,0,0,4.263148148,165,1205,-1.70351266,34.24072915,31.36621532,0.299996355,1.577913086,336.5734507,6.698822966,-1.734218538,89.47328051,0.64483703,0.519620012,-0.016373869
9/22/2015,KGI,0,0,0,0,0,0,3.020237269,100,1045,-1.731655808,34.2307788,3.619240737,0.325829433,2.013678961,338.6142561,9.794384268,-1.735430798,70.31973566,0.599278087,0.501563225,-0.018756082
9/23/2015,KGI,0,0,0,0,0,0,1.424189815,235,480,-1.731818578,34.22815079,9.173374938,0.334325599,2.053367502,337.9238519,10.12739402,-1.736032695,72.90003355,0.596101725,0.49132151,-0.019575922
9/24/2015,KGI,0,0,0,0,0,0,1.257868441,340,75,-1.691523973,34.23829166,14.17889137,0.304566736,0.982252886,333.6129591,4.795558174,-1.738183828,87.143065,0.671430257,0.527525151,-0.019521625
9/25/2015,KGI,0,0,0,0,0,0,2.195416667,20,0,-1.686050983,34.23289802,13.23852895,0.30013004,1.358226809,333.0767059,7.466837281,-1.736259459,83.99902225,0.676782124,0.563442683,-0.018921626
9/26/2015,KGI,0,0,0,0,0,0,3.034772377,260,0,-1.685099829,34.23481602,29.06472416,0.315284616,0.90918688,334.3419376,2.271173902,-1.739432121,84.49176908,0.632551476,0.574616909,-0.018716608
9/27/2015,KGI,0,0,0,0,0,0,2.704949846,680,710,-1.718309046,34.22503543,28.32619602,0.327670994,1.658975638,336.153951,1.441925234,-1.745071683,64.6992432,0.622699719,0.602205427,-0.021560932
9/28/2015,KGI,0,0,0,0,0,0,2.006275077,635,740,-1.786385675,34.20210467,76.44370574,0.351084197,3.370348652,338.3885617,1.356379107,-1.752485135,42.49808615,0.577850756,0.581213355,-0.02263508
9/29/2015,KGI,0,0,0,0,0,0,1.580003858,625,690,-1.764666667,34.21862454,15.00558889,0.388197303,4.001841519,340.0718502,2.851613639,-1.754593886,38.49041222,0.552643844,0.575671278,-0.0259932
9/30/2015,KGI,0,0,0,0,0,0,0.966896219,215,840,-1.743435955,34.22210018,22.06601862,0.444026417,3.578061104,341.114268,9.957114227,-1.747472898,48.58059514,0.580561925,0.652995431,-0.028255238
10/1/2015,KGI,0,0,0,0,0,0,1.06710841,390,725,-1.749198868,34.21601775,9.249873073,0.497172177,5.18443301,343.8440382,5.853139438,-1.747729335,50.9214069,0.626507644,0.715775612,-0.027193484
10/2/2015,KGI,0,0,0,0,0,0,0.792345679,160,565,-1.754743069,34.20781618,12.07267262,0.551251312,4.842979113,346.4533352,4.138292493,-1.744878825,49.95816665,0.624699845,0.712299892,-0.026312333
10/3/2015,KGI,0,0,0,0,0,0,0.992119985,50,990,-1.757708453,34.19808854,2.245873804,0.57016355,2.348747929,347.7841695,5.677213221,-1.752502094,50.55052233,0.672303161,0.786127131,-0.02672505
10/4/2015,KGI,0,0,0,0,0,0,1.165873843,195,545,-1.802097614,34.16200582,75.24552301,0.584462848,4.456697371,348.9047139,2.56067026,-1.753233262,30.88727621,0.691665458,0.810626715,-0.02617234
10/5/2015,KGI,0,0,0,0,0,30,0.983510803,180,950,-1.786355155,34.16680604,81.05412076,0.621526581,4.400913199,350.2122854,10.5144338,-1.747655157,27.2388308,0.69623449,0.821949291,-0.02372807
10/6/2015,KGI,0,0,0,0,0,0,1.033003472,495,865,-1.794900335,34.15495899,25.48704979,0.679728634,7.850957208,352.7589993,19.49979796,-1.747489854,29.23313067,0.75204495,0.819406085,-0.025269532
10/7/2015,KGI,0,0,0,0,0,0,1.653389275,315,975,-1.79042429,34.15349664,24.83163509,0.743249406,6.757948942,354.6054484,4.575564067,-1.745194606,39.27668769,0.765276792,0.804952179,-0.021056451
10/8/2015,KGI,0,0,0,0,0,0,0.886398534,630,945,-1.786848536,34.15025391,28.96075553,0.779112779,6.810019082,355.4968211,2.546825871,-1.742348326,43.47404289,0.772279625,0.805307169,-0.020731847
10/9/2015,KGI,0,0,0,0,0,0,0.693059414,625,210,-1.774168094,34.15063537,33.12735345,0.784676505,4.727880418,355.7343394,0.794029239,-1.750075445,48.82537892,0.709452821,0.774582024,-0.017815056
10/10/2015,KGI,0,0,0,0,0,0,0.579131944,120,275,-1.759976987,34.14916272,12.21522299,0.761259553,3.854730209,355.2183872,1.508767498,-1.755950266,52.00650978,0.691493962,0.79300507,-0.017870482
10/11/2015,KGI,0,0,0,0,0,0,0.653447145,10,495,-1.754224251,34.14409743,15.07857957,0.743836158,4.243933943,354.777381,1.929533524,-1.762944087,53.57694132,0.734620003,0.847080714,-0.015815859
10/12/2015,KGI,0,0,0,0,0,0,1.063674769,0,420,-1.772586217,34.13016306,76.06646316,0.792456677,9.632300006,355.5625899,6.619014198,-1.754606596,44.67252996,0.696228664,0.84706878,-0.015639182
10/13/2015,KGI,0,0,0,0,0,0,1.216141975,565,835,-1.784076439,34.12098651,181.667966,0.911332094,10.0132242,357.672148,20.33037212,-1.734417751,41.37695468,0.610325419,0.790900948,-0.013500537
10/14/2015,KGI,0,0,0,0,0,0,1.296101466,880,1055,-1.840133854,34.09374264,140.3773253,1.043318944,12.00373321,358.9029287,22.0837621,-1.72346288,31.97131915,0.477256239,0.703827826,-0.012741612
10/15/2015,KGI,0,0,0,0,0,0,0.36502314809999997,1010,1230,-1.787575891,34.12204599,34.33192979,1.147406148,8.8394693,359.9205594,22.43669021,-1.720542431,44.59623365,0.438203145,0.704511312,-0.011490187
10/16/2015,KGI,0,0,0,0,0,0,0.936840278,170,990,-1.777469177,34.11813574,11.58496299,1.18545415,7.118894974,360.3125831,14.40233275,-1.726866547,47.19772498,0.48883473,0.737244532,-0.010598046
10/17/2015,KGI,0,0,0,0,0,0,0.787006173,40,620,-1.811680431,34.09487621,57.85661064,1.280795415,11.55323119,361.3560469,11.98326173,-1.733116484,34.90554681,0.488671008,0.733127717,-0.010410486
10/18/2015,KGI,0,0,0,0,0,0,0.682077546,0,1080,-1.790251348,34.10939346,196.1291459,1.338255922,8.138730076,361.2464566,10.73084253,-1.731832165,48.20335225,0.458190385,0.77259514,-0.010124713
10/19/2015,KGI,0,0,0,0,0,0,0.753908179,0,240,-1.807824925,34.10250547,86.31614797,1.436836653,13.36617735,362.255344,14.87792491,-1.735814399,42.8774482,0.466501645,0.806642354,-0.009122194
10/20/2015,KGI,0,0,0,0,0,0,0.812727624,605,250,-1.814661065,34.10464607,39.63290974,1.55968029,14.52345588,363.0972104,9.694611735,-1.732414981,47.92889742,0.417763953,0.719304314,-0.009077719
10/21/2015,KGI,0,0,0,0,0,0,0.802139275,875,1115,-1.809691642,34.10955246,10.5040904,1.68212335,14.88933113,363.8352322,1.400551418,-1.72315558,55.52249673,0.418218819,0.678612967,-0.008252345
10/22/2015,KGI,0,0,0,0,0,0,0.550246914,955,715,-1.810296923,34.10677592,4.538574759,1.824087156,10.15009403,365.1619161,1.437044023,-1.721761053,53.18592318,0.334542469,0.592271016,-0.009240396
10/23/2015,KGI,0,0,0,0,0,0,0.78556713,1040,550,-1.801934852,34.10530302,3.85330933,1.918650395,8.975189315,366.1481425,3.833376625,-1.724942179,57.25717719,0.301938795,0.579014539,-0.010515348
10/24/2015,KGI,0,0,0,0,0,0,0.587434414,890,140,-1.795581915,34.10126583,2.651728284,2.033204152,12.23187441,367.2417399,15.10976582,-1.725830191,56.98378212,0.271667982,0.572688308,-0.012076944
10/25/2015,KGI,0,0,0,0,0,0,0.787721836,1165,260,-1.788282904,34.09197275,4.919364821,2.158379727,13.56122663,368.1265683,22.07473553,-1.719917229,51.12380413,0.262228173,0.587195197,-0.013684799
10/26/2015,KGI,0,0,0,0,0,0,0.550655864,1170,675,-1.826364923,34.04027102,8.081896516,2.301516718,17.82546801,369.0114831,12.85259812,-1.731293848,30.21226618,0.233754616,0.637695156,-0.015721494
10/27/2015,KGI,0,0,0,0,0,0,0.41662037,940,1440,-1.820022154,34.00907421,13.15345118,2.445020113,15.57944796,369.9465196,10.11878891,-1.732459481,12.64928673,0.176276563,0.609567372,-0.017536314
10/28/2015,KGI,0,0,0,0,0,0,0.5021875,915,1045,-1.795124138,34.01670411,3.022231694,2.546682821,19.17788013,370.4981333,2.485950603,-1.731429487,18.61523205,0.128160399,0.504231668,-0.020002448
10/29/2015,KGI,0,0,0,0,0,0,0.617303241,45,1165,-1.767469283,34.03922213,9.789513411,2.680611041,21.90296793,371.389896,0.89318778,-1.722284529,27.05126907,0.096301262,0.440399044,-0.023144043
10/30/2015,KGI,0,0,0,0,0,0,1.029089506,0,455,-1.751508101,34.04516694,9.533616865,2.744863497,13.2715346,371.7901272,1.140433169,-1.711147391,33.43366451,0.075447826,0.337346478,-0.027605232
10/31/2015,KGI,0,0,0,0,0,0,1.010736883,0,0,-1.7555162,34.03052192,11.51279522,2.85182733,23.60462136,372.7800496,1.009303636,-1.713703324,33.63394224,0.059684349,0.329462144,-0.029970301
11/1/2015,KGI,0,0,0,0,0,0,1.070841049,0,0,-1.749351463,34.02023257,13.84727273,3.069617775,26.79586018,374.9824948,1.758707927,-1.715046977,25.17247311,0.055914307,0.353045111,-0.030850819
11/2/2015,KGI,0,0,0,0,0,0,0.796599151,0,0,-1.730419813,34.02285004,0.000520718,3.191952904,25.62968503,376.0860392,2.079745981,-1.721604216,32.84448766,0.048866174,0.298842966,-0.031549416
11/3/2015,KGI,0,0,0,0,0,0,0.584274691,0,0,-1.709601106,34.03516354,20.8963826,3.287024564,31.65880118,377.0376197,16.94519888,-1.716486013,34.18603048,0.049387267,0.346432766,-0.03180187
11/4/2015,KGI,0,0,0,0,0,0,0.514313272,80,0,-1.7047334,34.02768196,28.31384521,3.397218784,32.98972956,379.0646837,6.684077094,-1.689884046,29.88164898,0.040582465,0.305386432,-0.032735657
11/5/2015,KGI,0,25,0,0,0,0,0.44589892,205,0,-1.677526152,34.02875217,3.242877003,3.481770131,27.68237013,381.1316359,2.786436835,-1.681737302,29.88376837,0.038164032,0.279996727,-0.033638733
11/6/2015,KGI,0,5,0,0,0,0,0.804500386,320,0,-1.635685273,34.03263089,14.38165629,3.457737512,29.78538291,381.020635,1.080761529,-1.682695235,33.8691892,0.044418265,0.302678216,-0.028271168
11/7/2015,KGI,0,0,0,0,0,0,0.536647377,20,75,-1.604993828,34.0330654,3.919537867,3.465902501,28.8447379,380.7028012,5.325304254,-1.680495368,37.50385886,0.030086694,0.193522318,-0.029173181
11/8/2015,KGI,0,0,0,0,0,0,0.627447917,0,20,-1.572176255,34.0175519,1.497130086,3.508101642,38.23284086,381.1594238,12.79351381,-1.684308061,34.32590714,0.036497941,0.221264974,-0.030386657
11/9/2015,KGI,0,10,0,0,0,0,0.419940201,65,55,-1.528392365,34.02382514,20.76168925,3.431239035,37.03884368,380.4569058,2.603720509,-1.680478411,30.76965302,0.034080425,0.191460962,-0.02972616
11/10/2015,KGI,0,0,0,0,0,0,0.281996528,0,255,-1.476795736,34.03260994,15.01564033,3.275126855,28.69632202,378.2988213,1.070859898,-1.681461784,36.66459997,0.030505396,0.158326689,-0.029153508
11/11/2015,KGI,0,0,0,0,0,0,0.603865741,25,10,-1.422279509,34.03272658,39.60441575,3.167870409,20.57148441,376.1362016,4.547656325,-1.672007408,35.35696657,0.005843143,0.04196295,-0.029888005
11/12/2015,KGI,0,0,0,0,0,0,0.604945988,0,0,-1.380306385,34.06464378,33.40267179,2.915897787,18.57457648,372.3438941,3.599456809,-1.676775922,50.69463754,0.001732629,0.004675176,-0.027756494
11/13/2015,KGI,0,5,0,0,0,0,0.876147762,0,150,-1.300795496,34.05728955,22.35589292,2.854039543,27.47961595,370.5586243,34.99173763,-1.672914482,46.4570151,0.029681975,0.2109592,-0.029525324
11/14/2015,KGI,0,0,0,0,0,0,1.233493441,0,0,-1.249315854,34.03473976,6.327772819,2.963833418,31.63475778,371.8641527,54.11044188,-1.672111251,31.76998179,0.016654387,0.15404581,-0.028068316
11/15/2015,KGI,0,10,0,0,0,0,1.23013696,10,0,-1.262276048,34.03285358,3.659118284,3.016132587,29.7059456,373.0728878,44.44637392,-1.669057281,26.64965379,0.001981942,0.005634186,-0.028181474
11/16/2015,KGI,0,10,0,0,0,0,0.813626543,70,290,-1.201793452,34.03470808,3.217415658,3.033784429,45.54427094,375.0893673,27.52861348,-1.669057281,26.05941739,0.000670527,0.001203134,-0.029222016
11/17/2015,KGI,0,5,0,0,0,0,0.53324267,0,70,-1.142592629,34.03410411,7.647391532,2.874172303,32.34113884,374.7906867,6.871024387,-1.659912325,24.81218521,0,0,-0.026282375
11/18/2015,KGI,0,10,0,0,0,0,1.508366127,0,0,-1.194296069,34.04205142,80.94958702,2.230014334,19.09219472,366.9140032,1.465566538,-1.667728452,45.62941257,0,0,-0.024646943
11/19/2015,KGI,0,5,0,0,0,0,1.157224151,360,25,-1.048585443,34.04932062,16.70356134,2.148899963,25.90671338,366.0957336,5.412919429,-1.660573561,40.66273665,0.000566881,0.001953185,-0.026612673
11/20/2015,KGI,0,20,0,0,0,0,0.740773534,305,160,-1.083396889,34.05061343,4.137558052,2.17019204,21.50456097,367.0847677,2.282333927,-1.666484404,49.30329014,0,0,-0.023680323
11/21/2015,KGI,0,40,0,0,0,0,0.911060957,135,125,-1.039821548,34.05204402,15.55071982,2.170111444,19.62335414,367.9904344,2.088131636,-1.681410919,47.12142871,0,0,-0.024569653
11/22/2015,KGI,0,20,0,0,0,0,0.718728781,475,110,-0.969339049,34.05013691,10.04792837,2.209104084,19.26902416,369.3615095,5.847008018,-1.685126122,46.17726236,0,0,-0.021734704
11/23/2015,KGI,0,0,0,0,0,0,0.859834105,20,410,-0.952564041,34.04560179,10.59789338,2.181040449,11.6340341,370.080073,16.46920701,-1.683097916,46.41144939,0,0,-0.020564389
11/24/2015,KGI,0,10,0,0,0,0,1.148063272,0,0,-0.935443158,34.03892589,19.20805103,2.1195424,17.99160131,369.891688,13.75674926,-1.686156125,45.20978306,0,0,-0.017243098
11/25/2015,KGI,0,10,0,0,0,0,1.507746914,0,0,-0.899889097,34.03127488,43.48119603,2.098944177,18.98960967,369.4565294,10.40600934,-1.677744456,46.16878482,0,0,-0.01639989
11/26/2015,KGI,0,10,0,0,0,0,1.531097608,0,0,-0.885753942,34.02864679,38.55873764,2.080591796,11.85455371,368.8529714,11.23715447,-1.675873082,52.68151964,0,0,-0.013851911
11/27/2015,KGI,0,25,0,0,0,0,1.45804591,20,285,-0.83166497,34.02230994,30.80447818,2.121279899,18.03950543,369.3531765,13.76537523,-1.669320078,52.09870119,0,0,-0.012738012
11/28/2015,KGI,0,20,0,5,0,0,1.288342978,65,330,-0.764976939,34.01089719,16.52125871,2.148610796,14.6360626,370.3442112,14.10746994,-1.660959281,47.17123316,0,0,-0.011255842
11/29/2015,KGI,0,20,0,0,0,0,0.939645062,0,0,-0.727256061,33.99898622,39.87227701,2.129401795,16.14446669,370.7671509,12.90501412,-1.657135986,44.4171496,0,0,-0.011172828
11/30/2015,KGI,0,5,0,0,0,0,1.173522377,20,0,-0.676279977,33.99074215,36.6652314,2.150976459,19.65464184,371.3576847,11.59180364,-1.662061339,45.23839413,0,0,-0.014741268
12/1/2015,KGI,0,10,0,0,0,0,1.536358025,70,140,-0.623752535,33.9822966,40.66705174,2.177310535,20.47800753,372.2765808,10.31384559,-1.661728601,44.55596621,0,0,-0.01893735
12/2/2015,KGI,0,5,0,0,0,0,0.577596451,25,595,-0.585909584,33.97033305,30.44727301,2.12950736,13.2309975,372.4064501,9.319474408,-1.660543891,40.508025,0,0,-0.020596424
12/3/2015,KGI,0,0,0,0,0,0,0.988784722,0,830,-0.57016712,33.96488635,98.70890862,2.096204097,18.25866111,371.6341417,8.169962475,-1.660514219,40.51332324,0,0,-0.023134725
12/4/2015,KGI,0,0,0,0,0,0,1.170285494,0,85,-0.589831214,33.97408417,91.78057799,2.105167525,15.74462461,370.0093197,6.654698768,-1.663563949,50.02810465,0,0,-0.024238535
12/5/2015,KGI,0,0,0,0,0,0,0.857581019,0,635,-0.559653492,33.97353318,34.82081828,2.110058847,13.58881172,369.1073625,15.89585978,-1.66102922,48.66112969,0,0,-0.02629054
12/6/2015,KGI,0,0,0,0,0,0,0.851915509,5,1160,-0.504053854,33.96397487,22.72981187,2.025620686,12.01969588,368.3057319,18.80580829,-1.65332965,40.04494907,0,0,-0.026256313
12/7/2015,KGI,0,0,0,0,0,0,0.666506559,20,1440,-0.443703503,33.95683273,52.24872256,1.978131034,19.01790149,367.8607229,13.08805563,-1.646524452,36.8097748,0,0,-0.030106746
12/8/2015,KGI,0,0,15,0,0,0,1.084143519,0,1440,-0.341105361,33.94987082,26.2475572,1.957180404,19.71391616,367.9583689,5.188957336,-1.642321793,34.11821184,0,0,-0.028013576
12/9/2015,KGI,0,5,0,0,0,0,0.919764661,0,1315,-0.266116297,33.94071547,29.84663924,1.915284105,21.43055716,368.1510095,3.726628416,-1.638280217,32.22246122,0,0,-0.029679764
12/10/2015,KGI,0,5,5,0,0,0,1.299662423,0,1415,-0.243054476,33.9359893,42.75327701,1.877307138,21.89487924,368.3036584,5.122068236,-1.640350805,36.50776871,0,0,-0.028293238
12/11/2015,KGI,0,0,0,0,0,0,1.612989969,0,1440,-0.232347567,33.92455567,25.70178754,1.822073064,15.38934811,367.8863983,2.357803183,-1.638612949,35.07827322,0,0,-0.033142578
12/12/2015,KGI,0,20,0,0,0,0,1.961383102,0,1440,-0.248583412,33.92298741,52.91561897,1.718337774,15.59682373,366.4264984,3.832091494,-1.634982518,39.23959932,0,0,-0.034907113
12/13/2015,KGI,0,15,0,0,0,0,2.373088349,0,1440,-0.209214536,33.91888648,20.65503097,1.652687417,18.98518912,365.5389099,5.009477918,-1.626269911,39.93686256,0,0,-0.038426822
12/14/2015,KGI,0,5,0,0,0,0,1.986927083,0,1370,-0.091921731,33.91368347,8.403112421,1.572366161,20.62576879,365.6246406,7.380077047,-1.622033343,36.0065444,0,0,-0.03885434
12/15/2015,KGI,0,5,0,0,0,0,2.246950231,10,1440,0.111865616,33.90798253,2.48624907,1.490108692,23.96925018,366.5925479,6.053071912,-1.621607357,24.03014839,0,0,-0.041852123
12/16/2015,KGI,0,0,0,0,0,0,1.910501543,0,1440,0.259666757,33.9036696,10.91804532,1.410839905,24.5776594,367.781016,5.609109306,-1.621452644,16.53933748,0,0,-0.039090931
12/17/2015,KGI,0,0,0,0,0,0,0.727434414,0,1440,0.241345478,33.90079782,37.22261257,1.471014657,25.04797345,368.216312,2.493295812,-1.622580135,24.7433066,0,0,-0.038690995
12/18/2015,KGI,0,10,0,0,0,0,0.72425733,0,1405,0.231269285,33.89872079,39.31898445,1.568614955,23.12567968,367.8033803,1.675255328,-1.623665233,31.15749221,0,0,-0.041943327
12/19/2015,KGI,0,0,0,0,0,0,0.649591049,0,1310,0.248359649,33.89040237,58.57696252,1.626803673,17.48994626,366.4907074,1.30164641,-1.62999359,30.41678252,0,0,-0.039075435
12/20/2015,KGI,0,0,0,0,0,0,0.773724923,30,715,0.278130455,33.88596238,49.15327955,1.673776137,20.71451404,365.5715179,1.811508092,-1.631286387,31.38214241,0,0,-0.04363402
12/21/2015,KGI,0,0,0,0,0,0,0.513638117,40,380,0.373882279,33.88139515,21.99797552,1.683359936,21.82077275,365.5757158,1.997767022,-1.626632317,28.4394374,0,0,-0.039362962
12/22/2015,KGI,0,0,0,0,0,0,1.32288966,155,1440,0.47919657,33.87459201,17.34853856,1.643448061,20.83923109,365.5691867,2.797645067,-1.622069375,22.4099121,0,0,-0.039646059
12/23/2015,KGI,0,0,0,0,0,0,1.469018133,0,1440,0.55860573,33.85950239,2.72447498,1.564191504,18.6915817,364.6597036,4.658036956,-1.614670754,13.00109761,0,0,-0.037760161
12/24/2015,KGI,0,0,0,0,0,0,1.132235725,80,1440,0.571921972,33.8579341,6.894285152,1.491977054,19.39843088,363.5289171,7.66080618,-1.612612874,19.59754655,0,0,-0.039035493
12/25/2015,KGI,0,5,0,0,0,0,0.962465278,0,1440,0.584800786,33.85422526,5.773716465,1.418844538,17.68511438,362.2533569,6.34331434,-1.61443339,22.64303958,0,0,-0.038554915
12/26/2015,KGI,0,15,0,0,0,0,1.187359182,45,1440,0.651865206,33.85135365,10.14429781,1.371971824,22.05985133,361.8376516,5.050203927,-1.625049168,20.96981984,0,0,-0.038498259
12/27/2015,KGI,0,0,0,0,0,0,1.176745756,0,1440,0.694469049,33.84921304,26.28717684,1.411044616,21.67363752,362.3415341,5.42852232,-1.638971115,22.73735023,0,0,-0.044699768
12/28/2015,KGI,0,0,0,0,0,0,0.811533565,0,1440,0.670023724,33.84806856,40.27100564,1.4957864,24.26348384,362.6268243,8.148219764,-1.642978787,25.74999363,0,0,-0.045134227
12/29/2015,KGI,0,0,0,0,0,0,0.479548611,45,1440,0.775536382,33.84208136,7.323564215,1.520737396,23.2210145,363.1388329,6.969474559,-1.639202122,20.71761831,0,0,-0.044990346
12/30/2015,KGI,0,0,0,0,0,0,0.564450232,0,1440,0.852972012,33.8365815,9.186289064,1.481852439,24.95561348,363.7937927,5.404590563,-1.643765068,19.70563298,0,0,-0.046809567
12/31/2015,KGI,0,0,0,0,0,0,0.434249614,165,1440,0.995111973,33.82770138,14.11282842,1.442505944,24.73019523,364.2074398,5.358985788,-1.644042702,12.17349498,0,0,-0.046626984
1/1/2016,KGI,0,0,0,0,0,0,0.428522377,265,1440,1.053580349,33.81937218,18.62617226,1.432392753,24.53355951,363.7641093,3.844654292,-1.640687784,15.96181704,0,0,-0.046409297
1/2/2016,KGI,0,0,0,0,0,0,0.555725309,180,1440,1.096830161,33.81076741,27.02494579,1.412785143,19.0059136,361.5292867,3.362550868,-1.637934763,18.60039681,0,0,-0.047801948
1/3/2016,KGI,0,0,0,0,0,0,0.350877701,420,1440,1.094983794,33.8034345,51.78632735,1.379447296,19.37789096,358.73359,3.819057042,-1.640242724,21.42971681,0,0,-0.044834041
1/4/2016,KGI,0,0,0,0,0,0,0.249666281,5,890,1.020310086,33.80451536,36.98537688,1.406040498,19.97134622,357.4598185,1.984949752,-1.643739632,26.11240086,0,0,-0.043218708
1/5/2016,KGI,0,0,0,0,0,0,0.740256559,215,1195,1.098539198,33.80022385,13.09204668,1.462012316,20.35617648,357.6623874,0.424051408,-1.646327345,23.77158888,0,0,-0.041378231
1/6/2016,KGI,0,0,0,0,0,0,1.001168981,140,245,1.135364861,33.79513754,15.16016003,1.501765132,25.02157211,358.04668,0.880662857,-1.656960083,25.60163958,0,0,-0.039451293
1/7/2016,KGI,0,0,0,0,0,0,0.941060957,0,160,1.188461992,33.79219172,7.301815876,1.524888948,25.80729291,358.1209615,0.557122386,-1.664890659,25.10147528,0,0,-0.035415073
1/8/2016,KGI,0,0,0,0,0,0,1.070599923,0,0,1.264351346,33.78924587,3.56912202,1.510738234,27.32973978,358.0834232,0.333045639,-1.65694948,22.29970639,0,0,-0.03147299
1/9/2016,KGI,0,0,0,0,0,0,1.260939429,30,0,1.348760456,33.78301504,0.094418532,1.477460191,23.55435949,357.9745263,1.440907615,-1.643957929,20.10724801,0,0,-0.027253948
1/10/2016,KGI,0,0,0,0,0,0,1.058053627,130,0,1.260897673,33.77154962,20.12312055,1.398283602,15.55802776,356.4632636,1.412163833,-1.634927416,22.46607473,0,0,-0.024797079
1/11/2016,KGI,0,0,0,0,0,0,0.93293017,0,0,1.208278673,33.76103769,15.25100027,1.317094124,18.98069355,354.6599138,1.178174542,-1.634359431,23.9729261,0,0,-0.023031731
1/12/2016,KGI,0,0,0,30,0,0,1.02779321,0,0,1.155217164,33.76389874,38.59554275,1.236639678,19.7818057,353.495285,1.211093737,-1.627882723,30.73256442,0,0,-0.020350481
1/13/2016,KGI,0,0,0,0,0,0,1.058875386,100,0,1.158731872,33.76180066,9.808989934,1.194974956,19.61328165,352.7073517,4.100180814,-1.624777893,33.13165814,0,0,-0.019468363
1/14/2016,KGI,0,0,0,0,0,0,1.323458719,85,0,1.189743761,33.75791168,5.466378357,1.199852688,19.29377,353.0347833,8.700575166,-1.621668819,33.3764421,0,0,-0.016614599
1/15/2016,KGI,0,5,0,0,0,0,0.93234375,0,0,1.23880227,33.75429818,2.411190723,1.228431129,17.30265636,353.5923733,8.715995266,-1.622018514,32.32524908,0,0,-0.014701862
1/16/2016,KGI,0,0,0,0,0,0,0.841300154,0,0,1.26813564,33.75149012,5.300724755,1.279278217,19.55988007,354.1238098,2.371881643,-1.623224413,30.96675132,0,0,-0.01507468
1/17/2016,KGI,0,0,0,0,0,0,0.801375386,10,0,1.321232766,33.74965694,3.442457111,1.33152839,24.91918924,354.9472114,0.865913121,-1.616516701,28.20630978,0,0,-0.016572394
1/18/2016,KGI,0,0,0,0,0,0,0.739542824,85,0,1.45060581,33.74862909,0.806741483,1.337186714,26.87089856,356.1214735,0.221846044,-1.612954083,21.93200068,0,0,-0.019162097
1/19/2016,KGI,0,0,0,0,0,0,1.393865741,0,0,1.525574533,33.74774962,3.304363024,1.314002143,26.12320603,357.1501007,1.091958079,-1.605894558,18.42449137,0,0,-0.020826502
1/20/2016,KGI,0,0,0,0,0,0,0.691807485,0,0,1.527466674,33.74597981,1.345781954,1.298812437,20.53973299,357.5690511,2.987380542,-1.599294941,20.22593117,0,0,-0.024904313
1/21/2016,KGI,0,0,0,0,0,0,1.194986497,0,0,1.474562841,33.74614935,23.25092932,1.335084385,21.81403814,356.2134366,5.593424259,-1.607632424,24.89272016,0,0,-0.030195478
1/22/2016,KGI,0,0,0,0,0,0,0.949915124,0,0,1.420570511,33.74851245,42.48507454,1.363115859,20.37186127,354.2189619,7.236523576,-1.615618104,31.17974524,0,0,-0.03558688
1/23/2016,KGI,0,0,0,0,0,0,1.053483796,0,0,1.421821771,33.74922241,25.93877131,1.40694595,22.83158938,353.5020921,8.006353703,-1.615777051,31.49764642,0,0,-0.038348534
1/24/2016,KGI,0,0,0,0,0,0,1.155025077,0,0,1.393348,33.74978405,29.74685202,1.342698225,13.07083854,351.9268918,8.982369699,-1.608300016,30.75587698,0,0,-0.039502132
1/25/2016,KGI,0,0,0,0,0,0,1.092943673,65,0,1.277794754,33.76112252,62.27186325,1.164227964,12.94094915,349.1237301,25.18750088,-1.609722092,36.87441443,0,0,-0.037113649
1/26/2016,KGI,0,0,0,0,0,0,0.687145062,155,0,1.398612446,33.76476781,17.2872638,1.100985352,17.83298527,348.4100257,22.84673365,-1.608482282,27.02371751,0,0,-0.03870198
1/27/2016,KGI,0,0,0,0,0,0,0.507465278,200,0,1.359925142,33.76417441,1.453270276,1.09059179,16.91333286,348.9660017,7.507427443,-1.606371418,31.99251278,0,0,-0.039797533
1/28/2016,KGI,0,0,0,0,0,0,8.987122332,195,0,1.482538343,33.75698996,10.24755575,1.092315152,15.97798806,349.3227624,4.194134707,-1.604620844,21.91504596,0,0,-0.041215263
1/29/2016,KGI,0,0,0,0,0,0,0.817238137,0,0,1.488179183,33.73985481,5.745345637,1.082971608,11.13242265,348.7986247,0.279170006,-1.606165837,16.77670366,0,0,-0.038942598
2/4/2016,CI,0,0,0,0,5,0,1.072996238,35,0,1.511756373,34.03964447,2.612564459,1.349472172,23.57980569,348.4035611,0.731598242,-1.725268208,17.6846241,0,0,-0.018614483
2/5/2016,CI,0,0,0,0,5,0,1.192918113,100,0,1.372478236,34.05306505,31.48448354,1.308420738,21.9184449,347.1424764,1.660827081,-1.725709874,31.51462749,0,0,-0.018501328
2/6/2016,CI,0,0,0,0,10,0,0.55661169,30,0,1.260773668,34.08311915,17.81412321,1.250438435,19.86226808,345.2775133,0.261226403,-1.715094735,47.15204704,0,0,-0.018350719
2/7/2016,CI,0,0,0,0,110,0,0.528862847,75,170,1.250751466,34.08321395,4.764896018,1.240181155,12.91040301,344.7935503,0.42050815,-1.69905262,47.37193172,0,0,-0.017626973
2/8/2016,CI,0,0,0,0,0,0,0.347251157,0,0,1.250237386,34.06501652,16.40792678,1.22192498,8.940399885,344.3866136,0.772733183,-1.7003814,40.58867166,0,0,-0.017140728
2/9/2016,CI,0,0,0,0,5,0,0.529781539,190,175,1.261460617,34.04831665,12.32810141,1.231056988,13.08057141,344.1140696,1.004742944,-1.7050805,35.4839295,0,0,-0.017533996
2/10/2016,CI,0,0,0,0,5,0,0.597873264,10,60,1.274344359,34.04026993,1.120472415,1.269099212,17.20388609,344.3935903,0.248213344,-1.708479229,31.15352339,0,0,-0.016585099
2/11/2016,CI,0,0,0,0,0,0,0.766594329,800,285,1.263462332,34.05347253,2.935002882,1.269101007,17.53495751,344.7198792,0.255713236,-1.705713618,35.12566873,0,0,-0.016593405
2/12/2016,CI,0,0,0,0,0,0,1.120131655,1265,0,1.223755661,34.0521362,2.968809204,1.265307893,21.55219279,345.1178301,0.868609778,-1.70212153,39.44564914,0,0,-0.016642047
2/13/2016,CI,0,0,0,0,5,0,0.361385995,1315,200,1.307227013,34.05492276,4.966884752,1.264594661,21.39422634,345.8490295,0.601451478,-1.698400546,30.99713975,0,0,-0.017141237
2/14/2016,CI,0,0,0,0,5,0,2.244061053,1335,150,1.192683651,34.05213615,19.16992106,1.249346114,18.99871535,346.0771467,0.617599894,-1.707872657,44.06228466,0,0,-0.016476339
2/15/2016,CI,20,0,0,0,5,40,0.871072049,1290,960,1.195449655,34.05168107,7.651049163,1.242307487,16.06730938,346.3128611,2.265359842,-1.711214525,37.41550482,0,0,-0.018001229
2/16/2016,CI,15,0,0,0,10,0,1.86796875,1280,165,1.116009028,34.02888719,28.82221498,1.205092,10.65048806,345.5391032,5.15978963,-1.717538113,38.30262683,0,0,-0.017698901
2/17/2016,CI,0,0,0,0,75,0,3.462485532,1395,260,1.086702161,34.02092572,0.509507682,1.204489668,16.62700129,344.8512336,4.407450474,-1.724892885,34.25276348,0,0,-0.016645091
2/18/2016,CI,0,0,0,0,15,0,2.041782407,860,655,1.087803096,34.01231031,5.439946364,1.232904424,17.2574625,345.3099348,5.95946856,-1.723518603,30.22185575,0,0,-0.016493748
2/19/2016,CI,0,0,0,0,0,0,1.95219184,480,760,1.084595812,34.00120248,19.74639258,1.227323979,12.80490904,345.102122,5.605407525,-1.719321834,30.86065945,0,0,-0.015944478
2/20/2016,CI,0,0,0,0,5,0,2.385568576,310,420,1.095723505,33.97865478,45.13579822,1.243210915,13.40927405,344.5182224,5.102238154,-1.711559521,30.94406401,0,0,-0.015139308
2/21/2016,CI,0,0,0,5,0,0,2.969118924,625,205,1.122560078,33.9408667,44.35444848,1.266302831,11.09468704,343.8610704,10.66401036,-1.709627942,27.46571203,0,0,-0.01472862
2/22/2016,CI,0,0,0,0,0,0,1.753667535,765,185,1.138814881,33.90336303,17.39982809,1.300993502,13.73195108,343.3966268,6.795079338,-1.714114739,12.96847144,0,0,-0.013436299
2/23/2016,CI,0,0,0,0,5,0,2.521643519,50,0,1.097302122,33.90927726,11.27972703,1.321949197,14.52356678,343.4170719,6.402921603,-1.706852846,17.68462413,0,0,-0.011716904
2/24/2016,CI,0,0,0,0,0,0,3.281785301,390,5,1.003703944,33.94432618,9.299553924,1.294828014,10.55101413,343.1489207,7.138791044,-1.710977581,24.51622124,0,0,-0.012688091
2/25/2016,CI,0,0,0,0,10,0,2.977828414,395,0,0.902649385,33.98889997,20.23063648,1.265082399,13.923801,342.8410255,5.783861432,-1.708615713,30.25787143,0,0,-0.01338722
2/26/2016,CI,35,0,0,0,0,0,2.443113426,850,455,0.858748226,34.01865077,11.19102189,1.275282873,16.69523668,343.1793501,8.29455708,-1.719346481,32.08992977,0,0,-0.014117991
2/27/2016,CI,0,0,0,0,0,0,4.013621238,635,170,0.855572781,34.01947524,2.005934456,1.302403433,16.78555669,343.9988929,7.567335237,-1.7181428,25.11711362,0,0,-0.015358091
2/28/2016,CI,0,0,0,0,60,0,4.569524016,1025,170,0.843999253,34.01251841,13.61692826,1.318227798,13.80339474,344.4787886,5.34335585,-1.713995314,22.93721995,0,0,-0.015988635
2/29/2016,CI,0,0,0,0,10,0,5.310865162,1200,45,0.839004075,34.01571231,0.271060726,1.344363848,18.29487297,344.9448836,7.831549581,-1.709872468,21.81789191,0,0,-0.015547305
3/1/2016,CI,35,0,0,0,20,0,5.588447627,1440,55,0.853079741,34.02684864,4.914885067,1.373629643,16.97099103,345.4568007,6.843293608,-1.709394792,20.89759763,0,0,-0.015162456
3/2/2016,CI,0,0,0,0,5,0,5.093366609,1340,160,0.894042028,34.03069668,0.334481115,1.395215263,18.04967822,345.9592641,6.492312202,-1.724193427,18.43905677,0,0,-0.014055008
3/3/2016,CI,55,25,0,0,15,0,5.010033275,1315,265,0.901448357,34.03711324,6.666797797,1.408075356,19.50582488,346.5307465,4.949266959,-1.732243867,17.09036603,0,0,-0.014012286
3/4/2016,CI,60,0,0,0,70,0,7.447649016,590,190,0.83733902,34.05150085,29.16186617,1.34779089,12.84777183,345.5944604,5.648513912,-1.731707424,22.40646334,0,0,-0.014446821
3/5/2016,CI,20,0,0,5,155,0,6.54567419,1140,0,0.762620608,34.0668548,4.243174521,1.298297962,9.264687803,344.5546451,5.799091104,-1.731409823,23.37793757,0,0,-0.013102327
3/6/2016,CI,20,0,0,0,0,0,7.015798611,520,0,0.739050461,34.07431405,5.29292365,1.271956437,10.83152678,344.1183116,5.0540222,-1.732247657,22.00365683,0,0,-0.013011525
3/7/2016,CI,0,0,0,0,0,0,5.319603588,540,0,0.652408225,34.10439654,0.781179114,1.229847686,8.127070162,343.6931101,5.402611751,-1.72593165,25.98054106,0,0,-0.012589783
3/8/2016,CI,0,0,0,0,0,0,2.958369502,505,0,0.635038832,34.1151727,1.699411217,1.206597371,11.61430947,343.6045108,3.833985798,-1.723518609,23.49830553,0,0,-0.011316159
3/9/2016,CI,0,0,0,0,10,0,5.250028935,355,0,0.556990302,34.14511312,3.962387389,1.203185611,11.53655985,343.7313249,3.047280962,-1.720557741,27.87894414,0,0,-0.010714571
3/10/2016,CI,0,0,0,0,0,0,3.988765914,370,20,0.491457015,34.15894123,12.57913216,1.177857137,7.649860594,343.5997518,4.644567317,-1.714071135,24.85078745,0,0,-0.010619304
3/11/2016,CI,0,0,0,0,5,0,4.319118924,265,0,0.451322712,34.17863597,26.99913969,1.130814397,9.844391902,342.8433533,4.642636258,-1.724100539,28.54902438,0,0,-0.010612359
3/12/2016,CI,0,10,0,0,5,0,3.609129051,260,0,0.358329591,34.21093639,7.228144469,1.120317111,11.2612328,342.3145667,1.871730402,-1.734344145,37.33304803,0,0,-0.010331074
3/13/2016,CI,5,0,0,0,0,0,2.865509259,1260,0,0.263726003,34.22510574,16.21100007,1.114827265,7.543045123,342.2729068,1.633004126,-1.74007632,35.33038919,0,0,-0.010161872
3/14/2016,CI,0,0,0,0,5,0,3.010105613,1215,40,0.217832231,34.23291535,2.739300119,1.128415528,9.860915899,342.5482076,1.622652924,-1.742587937,31.32791486,0,0,-0.011054687
3/15/2016,CI,0,0,0,0,5,0,3.136060475,450,0,0.173012104,34.23878228,13.67875187,1.136978438,6.465413517,342.8518304,1.310454737,-1.726454827,25.88955417,0,0,-0.010987732
3/16/2016,CI,10,0,0,0,0,0,6.76547309,1285,0,0.156056701,34.24924566,28.3177443,1.091590444,5.622947084,342.6015455,0.540262728,-1.718163649,30.19626585,0,0,-0.011509843
3/17/2016,CI,0,0,0,0,10,0,7.637926794,1230,195,0.163372046,34.24912243,14.21601013,1.082085878,8.298269749,342.4817674,0.312807252,-1.722745214,29.43993754,0,0,-0.01190805
3/18/2016,CI,0,0,0,0,35,0,4.840096933,425,0,0.125071127,34.24941626,0.206608847,1.111083097,11.72510714,342.8777313,0.217389465,-1.732858031,27.01646443,0,0,-0.012308168
3/19/2016,CI,0,0,0,0,345,0,4.252264178,275,0,0.053268846,34.26752827,1.976216162,1.126257131,12.48316116,343.3574117,0.102647879,-1.736446322,38.26092445,0,0,-0.011848089
3/20/2016,CI,20,0,0,0,20,0,6.821296296,250,0,0.004536282,34.27401098,20.30100396,1.147986972,9.436705245,343.7350277,0.038419228,-1.730664864,39.97640587,0,0,-0.012590143
3/21/2016,CI,5,0,0,0,0,0,6.01974103,705,115,0.005132247,34.28598136,4.795522605,1.164845834,12.3333266,343.9720832,0.073337489,-1.732477019,45.69815296,0,0,-0.012649045
3/22/2016,CI,0,0,0,0,5,0,8.705721933,1105,0,0.042932738,34.28647414,12.08894902,1.206007593,11.63936912,344.5881229,0.1373771,-1.728153247,34.71338446,0,0,-0.013434069
3/23/2016,CI,55,0,0,0,10,0,7.699811921,805,0,-0.005226607,34.28259782,37.31795492,1.250711256,10.15103176,345.1800317,0.1373771,-1.729878209,37.55482849,0,0,-0.013807073
3/24/2016,CI,10,0,0,0,10,0,5.734787326,1130,0,0.012706903,34.26930986,21.65775689,1.288245545,9.321841531,345.6079356,0.076188797,-1.739968273,28.91202403,0,0,-0.014597524
3/25/2016,CI,10,0,0,0,0,0,6.377510127,1235,0,-0.010108051,34.26599273,30.18263262,1.270766778,6.377692302,345.4145186,0.028621726,-1.75154256,32.66333668,0,0,-0.01469798
3/26/2016,CI,0,0,0,0,5,0,11.82539786,1185,0,-0.008520332,34.27457961,23.90557617,1.2416136,8.171826469,344.8426242,0.172849414,-1.756580953,40.91565568,0,0,-0.015817388
3/27/2016,CI,0,0,0,0,25,0,9.684375,1045,0,0.013157288,34.26824856,25.92791939,1.25532196,11.26451739,344.6874322,0.172849708,-1.753803963,38.77367317,0,0,-0.017343314
3/28/2016,CI,0,0,0,0,25,0,7.669864005,1060,0,0.03267397,34.25575676,23.68323638,1.300729192,13.26039229,345.119851,0.047392016,-1.746739212,34.55700094,0,0,-0.017775474
3/29/2016,CI,0,0,0,0,15,0,11.59591291,1375,0,0.017224401,34.25323565,8.926767343,1.334415608,12.01453087,345.5413208,0.359766576,-1.746102302,39.7318787,0,0,-0.018500113
3/30/2016,CI,65,0,0,0,25,0,14.61494502,1390,0,0.025299485,34.23422324,38.40080423,1.351833814,7.0438678,345.8284946,0.003824983,-1.7337641,30.26734923,0,0,-0.019554279
3/31/2016,CI,0,0,0,0,10,0,14.50533131,980,105,0.019994951,34.22322898,16.3339337,1.348366929,8.336570607,345.9717831,0.308482743,-1.718374052,32.47378074,0,0,-0.020946212
4/1/2016,CI,0,0,0,0,45,0,11.27596933,1040,0,-0.009471144,34.21595951,2.55475241,1.376146422,10.4994594,346.3829261,0.532533555,-1.715318418,34.01487074,0,0,-0.021323037
4/2/2016,CI,45,0,0,0,25,0,11.13893953,1060,0,-0.06738883,34.20945771,7.240349271,1.399212874,9.700983286,346.898724,0.150633673,-1.719808992,34.88019386,0,0,-0.021233417
4/3/2016,CI,0,0,0,0,15,0,7.697193287,1425,0,-0.147693833,34.20834884,14.76188938,1.387746049,10.37348726,347.188246,1.054013292,-1.723213416,39.54706167,0.001748891,0.004658338,-0.021871146
4/4/2016,CI,0,0,0,0,140,0,13.84374277,1440,110,-0.239586013,34.20507907,5.888445416,1.384439392,7.684580723,347.57547,2.003579837,-1.714768706,42.28993673,0.00221895,0.007054641,-0.023120023
4/5/2016,CI,0,0,0,0,295,0,6.027712674,1435,190,-0.256550513,34.18518509,28.47894398,1.333302279,3.676240577,347.608017,2.347615402,-1.719810887,34.60344213,0,0,-0.023892854
4/6/2016,CI,0,0,0,0,35,0,8.440465856,1200,0,-0.210533908,34.17174549,50.91239191,1.240766793,4.6987821,347.0703362,2.913769376,-1.733093071,36.12178542,0,0,-0.023370443
4/7/2016,CI,0,0,0,0,5,0,9.848987269,1410,0,-0.192245549,34.15877028,29.71661995,1.235508647,8.162497414,347.1153107,3.807487575,-1.749717128,35.72466563,0,0,-0.022588199
4/8/2016,CI,0,10,0,0,15,0,12.93355035,1440,0,-0.176468428,34.14763381,7.799138036,1.276531921,9.070002662,347.624644,4.04814486,-1.765800959,34.16935892,0,0,-0.023718
4/9/2016,CI,0,0,0,0,25,0,12.39958767,1375,0,-0.198933084,34.1417387,0.689179574,1.318387893,8.879045433,348.2364858,4.1134277,-1.759996753,34.40346056,0,0,-0.023173029
4/10/2016,CI,0,0,0,0,155,0,11.65934606,1150,0,-0.197154291,34.1374453,17.29854635,1.309016009,5.190895292,348.4125807,4.266628186,-1.755737434,35.59861087,0,0,-0.022725526
4/11/2016,CI,0,0,0,0,85,0,8.862094907,1270,0,-0.215624624,34.13676308,16.13391202,1.274847385,7.169039832,348.1779141,2.575626384,-1.751953895,41.53645149,0.000101728,0,-0.021823162
4/12/2016,CI,35,10,0,0,40,0,10.83670428,1410,0,-0.254921849,34.12669771,10.71608155,1.253553304,3.949313958,348.2886013,1.154078621,-1.735272971,42.20558416,0,0,-0.021822558
4/13/2016,CI,0,25,0,0,65,0,8.631004051,1225,0,-0.308099119,34.10680382,0.842127918,1.222424189,5.357415729,348.4261102,3.366195266,-1.72868211,38.4542715,0.001284321,0.003009464,-0.021539143
4/14/2016,CI,0,10,0,0,35,0,15.89365596,1255,0,-0.332156044,34.09346857,0.210142238,1.22624993,6.50971969,348.7246128,1.8613792,-1.722193606,37.9187759,0,0,-0.019611965
4/15/2016,CI,10,0,0,0,15,0,12.98466435,1400,0,-0.367904781,34.08752586,23.46191213,1.215462158,4.131657256,349.0423465,1.437385334,-1.710503691,37.80314675,0,0,-0.019477444
4/16/2016,CI,0,0,0,0,10,0,8.552322049,1315,0,-0.408093677,34.08025642,10.74003274,1.172758261,3.827022182,349.0607537,3.061727358,-1.720089538,37.18993312,0.000312428,0.001410032,-0.017803154
4/17/2016,CI,0,0,0,0,20,0,10.30447049,1020,0,-0.481961359,34.08826501,95.59577393,1.050666097,2.91657375,347.5587735,9.223099157,-1.724386772,46.92363214,0.021151602,0.07717297,-0.018768394
4/18/2016,CI,0,0,0,0,40,0,8.955931713,1195,240,-0.599657414,34.09643484,72.41745084,0.961592274,4.14285885,346.5904219,6.702378089,-1.716243446,54.04240675,0.080244724,0.13300194,-0.020230465
4/19/2016,CI,0,0,0,0,10,0,9.317983218,1415,1325,-0.75451705,34.07337523,2.532199069,0.948999316,3.128573603,347.3028446,5.833684936,-1.702096886,47.2999009,0.126900369,0.141555651,-0.020891861
4/20/2016,CI,0,0,0,0,10,0,11.02119502,1385,500,-0.857227568,34.05590775,20.1035008,0.945696652,3.074883395,348.1745097,6.923251912,-1.702883544,43.87272918,0.150582306,0.150133059,-0.022060434
4/21/2016,CI,0,0,0,0,5,0,9.093250868,1440,640,-0.916728426,34.0628265,22.77760447,0.947079731,3.457204779,348.8317244,6.688160719,-1.701861835,46.48860163,0.213107813,0.217894575,-0.02313201
4/22/2016,CI,0,0,0,0,15,0,4.899898727,1440,305,-0.999699343,34.05680821,29.63209149,0.941652748,3.591527436,349.5398051,7.748739968,-1.699490489,47.1776374,0.287512794,0.265122443,-0.02455068
4/23/2016,CI,0,0,0,0,30,0,4.444212963,1440,20,-1.105480671,34.03733136,26.09210838,0.929224739,3.264301631,350.1809082,7.748738608,-1.702375529,43.38936134,0.379478235,0.297086316,-0.025616446
4/24/2016,CI,0,0,0,0,10,0,3.953262442,1440,630,-1.223558867,34.02389202,13.5733934,0.928563691,3.343345006,350.7186873,7.987925695,-1.693530853,32.94293183,0.428465183,0.326391667,-0.026215282
4/25/2016,CI,0,0,0,0,25,0,5.055750868,1440,310,-1.25227432,34.0267448,15.88468473,0.939683414,3.74023909,351.3995582,7.987926905,-1.690744379,37.30556242,0.464202166,0.351218759,-0.026360332
4/26/2016,CI,0,0,0,0,10,0,4.729759838,1440,375,-1.355580799,33.99965739,7.679270126,0.942112651,2.515569455,352.1713325,5.799092501,-1.696698334,19.59440046,0.414523342,0.345224052,-0.028347739
4/27/2016,CI,0,0,0,0,40,0,5.256018519,1380,190,-1.388568088,33.96026753,32.26959079,0.918572618,2.415546921,352.6142442,6.779946954,-1.710907441,22.71354391,0.262681837,0.296229009,-0.02733027
4/28/2016,CI,0,0,0,0,25,0,5.234997106,1370,0,-1.449238126,33.93167304,15.88994413,0.891806973,1.593242672,353.3946177,3.85809332,-1.715454894,26.92168639,0.203641863,0.284713051,-0.027578198
4/29/2016,CI,0,0,0,0,25,0,2.539518229,1005,420,-1.497370172,33.9042537,18.74143554,0.857945462,1.524952471,354.0490807,2.871675395,-1.715786618,26.45916983,0.212637962,0.291907561,-0.028830201
4/30/2016,CI,0,0,0,0,35,0,3.622569444,920,0,-1.513297426,33.88279594,29.05199253,0.819173896,1.866769963,354.146464,1.975796002,-1.72665386,30.96396739,0.197663979,0.280329569,-0.02974213
5/1/2016,CI,0,0,0,0,10,0,3.484903067,1190,30,-1.548418358,33.88129833,14.66602967,0.799261534,2.097829282,354.6455638,0.54458755,-1.715830212,33.09647207,0.234483092,0.411507033,-0.030462579
5/2/2016,CI,0,0,0,0,265,0,4.194299769,500,35,-1.554218768,33.91084088,37.26858849,0.787793212,2.70734232,354.8370412,0.953907157,-1.714912766,38.00028489,0.399628271,0.49919088,-0.032020649
5/3/2016,CI,0,0,0,0,0,0,5.217390046,1385,25,-1.596463968,33.91145682,3.270862332,0.779213465,1.618759659,355.6222331,1.098457804,-1.707527664,32.48515407,0.417246076,0.514592303,-0.032726392
5/4/2016,CI,0,0,0,0,35,30,6.432501447,1410,0,-1.594157445,33.92816622,19.96836472,0.768824634,2.509360068,356.1129642,1.406331729,-1.71006013,38.5300939,0.459948769,0.545755301,-0.03216247
5/5/2016,CI,0,0,0,0,25,0,6.25099103,1015,60,-1.608669851,33.94550124,4.855376354,0.77101118,2.52578036,356.5634121,2.238860225,-1.715416982,40.57824612,0.534073679,0.600058345,-0.03309534
5/6/2016,CI,0,0,0,0,10,100,3.799291088,0,0,-1.631598541,33.95081841,3.596071747,0.771615326,2.132820215,356.8380805,1.975796462,-1.71682159,39.18027102,0.556289636,0.647177215,-0.033018796
5/7/2016,CI,0,0,0,0,10,120,4.754434317,0,125,-1.65758439,33.94575733,5.506454987,0.760048035,1.271871802,357.2908342,2.175415192,-1.727082261,35.17874445,0.550054192,0.694779453,-0.033410709
5/8/2016,CI,0,0,0,0,30,0,2.056394676,0,145,-1.679575911,33.94157775,5.421852588,0.753498462,2.191588938,357.9415487,1.198659055,-1.736628295,32.26906037,0.568375487,0.771530667,-0.033527743
5/9/2016,CI,0,0,0,0,10,0,0.631828704,0,100,-1.697532168,33.93872473,0.645493096,0.756688363,1.888179468,358.7282647,0.916960424,-1.738971209,29.39728736,0.541907315,0.783249964,-0.032754785
5/10/2016,CI,0,0,0,0,25,0,0.52947772,0,0,-1.721220596,33.92120973,7.510288472,0.755578256,2.195206662,359.8011932,0.522317343,-1.734099624,23.6016136,0.535295603,0.830520482,-0.033368691
5/11/2016,CI,0,0,0,0,5,0,0.672309028,0,0,-1.73524167,33.90478478,11.65840752,0.753318773,2.172974077,361.0584819,0.256307816,-1.731944368,22.60075812,0.542605354,0.895486044,-0.03260886
5/12/2016,CI,0,0,0,0,5,0,3.325499132,0,0,-1.740241401,33.89046367,7.878571489,0.747438229,1.980237246,362.1582082,0.201052435,-1.732086533,23.48977564,0.530798763,0.952415614,-0.032790186
5/13/2016,CI,0,0,0,0,0,0,5.1869864,0,0,-1.749012533,33.87760224,3.913494036,0.740040468,1.671932538,362.9943899,0.397171614,-1.738582619,22.63772149,0.504141746,1.025947073,-0.032052675
5/14/2016,CI,0,0,0,0,0,0,3.925788484,0,65,-1.757879203,33.8784455,5.575150111,0.73486343,2.144607378,363.4695502,0.514344613,-1.733377411,23.60066582,0.501458441,1.194302056,-0.030518428
5/15/2016,CI,0,0,0,0,225,0,3.179434317,355,0,-1.769780287,33.88232197,0.500902464,0.734735684,2.201980015,363.8514133,0.192538464,-1.730482891,23.79590854,0.468058211,1.25881269,-0.031024338
5/16/2016,CI,0,0,0,0,135,0,2.263556134,340,0,-1.778424039,33.87942178,10.07205984,0.718264792,1.170887457,364.0546672,0.288969842,-1.734001055,23.48598456,0.401467675,1.229199311,-0.029910294
5/17/2016,CI,0,0,0,0,5,0,2.378862847,20,0,-1.774902854,33.87445549,12.37172805,0.684515076,1.063545095,364.1150903,0.351995176,-1.726871849,25.00811906,0.338315922,1.157433429,-0.030381578
5/18/2016,CI,0,0,0,0,125,0,3.349341725,0,0,-1.773729116,33.87085364,4.191777274,0.661256356,0.851793292,364.3929206,0.353279377,-1.717098345,25.11616581,0.325804045,1.189060837,-0.0322936
5/19/2016,CI,0,0,0,0,30,0,4.72193287,835,0,-1.774334177,33.87467326,7.315480232,0.639724072,0.490454891,364.8295831,0.732503617,-1.712638095,24.80245068,0.323641922,1.265333412,-0.032331552
5/20/2016,CI,0,0,0,0,10,0,2.990342882,930,0,-1.766845959,33.89762869,8.605409053,0.621770074,0.892933226,364.7465803,1.072025728,-1.721363349,27.04679341,0.349546639,1.273541193,-0.03218451
5/21/2016,CI,0,0,0,0,175,0,1.583166956,0,0,-1.752588318,33.91203493,5.39544229,0.598944358,0.694051839,364.4186944,0.581559856,-1.729664004,28.09977682,0.263098696,1.043036401,-0.032150389
5/22/2016,CI,0,0,0,0,130,15,1.583456308,270,0,-1.739113164,33.9401746,7.228599116,0.572923457,0.905677421,363.850335,0.941324921,-1.734780127,32.26716474,0.367759412,1.171702256,-0.031907936
5/23/2016,CI,0,0,0,0,10,0,0.885416667,530,20,-1.737798407,33.95725366,5.888483593,0.55196274,0.369589811,363.6064148,0.4211838,-1.744921369,33.55330185,0.394868283,1.159708097,-0.032242954
5/24/2016,CI,0,0,0,0,475,0,1.142476852,225,15,-1.730100918,33.95864683,7.325695731,0.52425318,0.58494516,363.0519545,0.551425158,-1.749442277,34.12291764,0.349924802,1.071048037,-0.032081972
5/25/2016,CI,0,0,0,0,50,185,1.279788773,745,0,-1.720538194,33.97225696,2.535934785,0.508431753,0.70357959,362.8425293,0.637869852,-1.735062569,35.18348315,0.409953855,1.202704128,-0.030995714
5/26/2016,CI,0,0,0,0,80,0,0.758658854,135,0,-1.724077588,33.96866499,15.31024529,0.498627072,0.853255764,362.7985992,0.454629601,-1.746119362,33.61395985,0.420181824,1.235824291,-0.031403907
5/27/2016,CI,0,0,0,0,0,0,0.944842303,705,0,-1.716580269,33.95935762,34.62219822,0.484025147,0.831226284,362.4698995,0.244199637,-1.737824398,35.47255614,0.425518774,1.18230317,-0.032024037
5/28/2016,CI,0,0,0,0,0,0,1.569408275,820,15,-1.716489283,33.94697014,20.40086679,0.473439998,0.590574217,362.9224447,0.359765531,-1.734493895,34.93232167,0.394522109,0.999642307,-0.032281707
5/29/2016,CI,0,0,0,0,0,0,1.86463397,1030,0,-1.720342581,33.93377695,15.89689286,0.466427197,0.608733204,363.5364583,0.427210741,-1.74352624,30.13845117,0.349092143,0.869699764,-0.031616557
5/30/2016,CI,0,0,0,0,0,0,0.609121817,1070,0,-1.721766517,33.92531339,16.66747607,0.458339686,0.383090569,364.0425381,0.16332267,-1.741333077,29.08357231,0.270477919,0.684855699,-0.032604999
5/31/2016,CI,0,0,0,0,45,0,0.479564526,1050,0,-1.722139567,33.91794899,24.21624561,0.445412132,0.344012967,364.4582791,0.256254095,-1.731100841,29.90245402,0.164804814,0.416521325,-0.032499349
6/1/2016,CI,0,0,0,0,10,0,0.932465278,570,0,-1.717171679,33.91195937,22.92721224,0.429425072,0.235001066,364.7735714,0.175606122,-1.733856985,31.84255938,0.08826673,0.169302506,-0.031989572
6/2/2016,CI,0,0,0,0,10,0,2.198813657,455,0,-1.710666121,33.91687822,26.11889471,0.417736896,0.609126541,364.6876373,0.256253416,-1.738901072,35.48582512,0.024255107,0.153170693,-0.032630619
6/3/2016,CI,0,0,0,0,0,0,0.715979456,895,0,-1.710274877,33.92818508,0.531460245,0.414569972,0.51856013,364.8118422,0.429832324,-1.745721291,37.27239,0.020612789,0.426173925,-0.033238206
6/4/2016,CI,0,0,0,0,0,0,1.69979022,1245,0,-1.706344247,33.95349078,2.418572965,0.411834785,0.447080642,364.7596266,0.732503617,-1.741943439,38.41541273,0.065660526,0.494684186,-0.032008103
6/5/2016,CI,0,0,0,0,0,0,1.185170718,900,330,-1.700102548,33.99022675,6.31959761,0.410607465,0.613590658,364.4345686,1.267320198,-1.739678254,40.69387531,0.135512134,0.504109857,-0.031361609
6/6/2016,CI,0,0,0,0,0,0,0.596252894,920,360,-1.701107954,34.01541886,5.373645069,0.408483023,0.44929618,363.9942746,0.392751426,-1.740415623,41.79709087,0.148116183,0.498276273,-0.029282838
6/7/2016,CI,0,0,0,0,0,0,0.123965567,755,185,-1.705484418,34.02940809,8.60599046,0.404198931,0.411823246,363.7486793,0.198700535,-1.738366525,42.32405663,0.145279241,0.493058744,-0.028484696
6/8/2016,CI,0,0,0,0,10,0,0.491507523,645,75,-1.707463382,34.04062991,3.63714323,0.399142351,0.366810833,363.6227536,0.353279377,-1.738468884,43.23582091,0.144409416,0.490305444,-0.027875739
6/9/2016,CI,0,0,0,0,5,0,0.380056424,545,700,-1.70681738,34.05048693,1.956714713,0.39273867,0.308207577,363.5103895,0.206200766,-1.735072041,42.99603258,0.152517673,0.49251851,-0.025505236
6/10/2016,CI,0,0,0,0,10,0,0.547381366,690,210,-1.72697552,34.04629751,1.601374389,0.385975205,0.198265969,363.7067125,0.60760002,-1.740282935,31.57244216,0.134613876,0.476301998,-0.024223121
6/11/2016,CI,0,0,0,0,0,0,0.248726852,725,185,-1.724896469,34.04904587,11.12598524,0.379188567,0.226173436,364.18288,0.459966819,-1.751567204,30.7383959,0.107624898,0.439736655,-0.023451067
6/12/2016,CI,0,0,0,0,15,0,0.395081019,670,0,-1.707245017,34.05957598,27.32121593,0.369038658,0.181080937,364.2620019,0.172849708,-1.767607425,39.28073545,0.079813011,0.388608672,-0.02421057
6/13/2016,CI,0,0,0,0,5,0,0.304253472,885,0,-1.686618293,34.06690226,12.36149959,0.356542612,0.155482449,364.1102464,0.59003306,-1.767055816,42.44158149,0.06787217,0.390381021,-0.026518794
6/14/2016,CI,0,0,0,0,0,0,1.924971065,610,0,-1.679917113,34.08431303,15.30164393,0.34420774,0.285279964,363.1308492,0.798678391,-1.780336111,46.43931677,0.089964443,0.442840631,-0.027519229
6/15/2016,CI,0,0,0,0,5,0,3.972620081,1180,455,-1.679857971,34.09694691,18.10775958,0.336543045,0.113899845,363.1379242,0.780043483,-1.769199701,45.31619776,0.122556221,0.447754871,-0.030108577
6/16/2016,CI,0,0,0,0,0,0,4.705664063,1370,35,-1.689966612,34.10181849,25.04481193,0.33085056,0.215573313,363.5733354,0.395751346,-1.763990698,44.13242079,0.1030012,0.360177479,-0.029731819
6/17/2016,CI,0,0,0,0,0,0,6.372620081,1315,595,-1.697482124,34.10089905,8.260282304,0.327357569,0.167064474,364.0761888,0.317266394,-1.752107432,38.74713548,0.09132162,0.332144785,-0.0309635
6/18/2016,CI,0,0,0,0,0,0,3.401808449,1380,235,-1.697645904,34.10679413,14.62908805,0.322498333,0.145743263,364.6076236,0.498899141,-1.753199278,37.60506094,0.074086905,0.272743059,-0.030271458
6/19/2016,CI,0,0,0,0,0,0,1.423423032,1400,315,-1.692145744,34.11678364,26.52164602,0.314748795,0.081751662,364.8226573,0.2609564,-1.756209424,41.55919837,0.042986722,0.162059513,-0.030662919
6/20/2016,CI,0,0,0,0,0,0,0.452625868,890,30,-1.681195476,34.13168271,28.75393587,0.304338717,0.089038322,364.9126112,0.15063403,-1.764881611,46.22132727,0.015667511,0.085503955,-0.029370257
6/21/2016,CI,0,0,0,0,5,0,0.298111979,30,145,-1.682619425,34.13935971,10.61277,0.294832144,0.097853044,364.8684404,0.752029922,-1.754590622,48.47988676,0.024328086,0.238319231,-0.028507533
6/22/2016,CI,0,0,0,0,5,0,1.193655961,580,290,-1.687946702,34.14468637,0.218170222,0.291950913,0.315932252,364.8684709,1.205375937,-1.742532963,47.27525848,0.03275219,0.307971566,-0.028539657
6/23/2016,CI,0,0,0,0,0,0,1.650940394,570,325,-1.689138633,34.15942466,4.093656337,0.294289104,0.331579318,364.8468797,0.100256022,-1.730922663,48.10646151,0.079471573,0.4303252,-0.026071592
6/24/2016,CI,0,0,0,0,0,0,3.561422164,485,0,-1.697109075,34.17505345,36.45968142,0.291795914,0.170080109,364.6006249,0.172578561,-1.745853985,49.51770582,0.059168234,0.312198665,-0.024973537
6/25/2016,CI,0,0,0,0,0,0,1.90630787,255,0,-1.700088902,34.18813274,34.92611458,0.284661909,0.13937938,364.3501231,0.312807252,-1.757907848,52.01226223,0.027460977,0.144475923,-0.022622111
6/26/2016,CI,0,0,0,115,0,0,1.134063947,825,0,-1.684088865,34.20410294,49.87185334,0.274351043,0.150554129,363.326121,0.971202888,-1.764851278,57.10183976,0.002872891,0.011887633,-0.021300485
6/27/2016,CI,0,0,0,0,5,0,0.591941551,770,0,-1.670822978,34.21207385,8.012546745,0.268064457,0.137008677,363.2775557,2.527639185,-1.760942642,57.85532488,0.009251165,0.053334958,-0.020307387
6/28/2016,CI,0,0,0,20,0,0,1.297497106,665,0,-1.674899189,34.21525841,3.553388224,0.267840661,0.327491581,363.5082669,2.637731077,-1.762923495,56.77580382,0.016621925,0.181040158,-0.017707315
6/29/2016,CI,0,0,0,140,5,0,4.798415799,1365,145,-1.682332814,34.21902103,7.532302932,0.268347418,0.169344809,363.8632914,0.442129458,-1.75415464,55.39204509,0.013508232,0.147521924,-0.016828206
6/30/2016,CI,0,0,0,0,0,0,3.349052373,1420,695,-1.682351011,34.22203514,5.793549078,0.266683226,0.222045202,364.261005,1.841635182,-1.747277549,54.33242739,0.010436003,0.125064282,-0.01552249
7/1/2016,CI,0,0,0,0,0,0,2.433195891,1255,240,-1.681586722,34.23101048,11.44518499,0.266734332,0.341369185,364.1114332,3.643230333,-1.759187353,56.90944075,0.046669388,0.427652461,-0.014007241
7/2/2016,CI,0,0,0,0,5,0,0.842556424,1415,460,-1.685007826,34.24206152,7.036290011,0.266039007,0.225580069,363.854699,3.070740082,-1.775513808,58.76424593,0.083918082,0.468662893,-0.013194508
7/3/2016,CI,0,0,0,0,10,0,1.608289931,345,515,-1.68561744,34.2481557,29.03018846,0.260134201,0.237475575,362.8363834,0.410845667,-1.776184831,60.35177705,0.058766849,0.355351081,-0.012392627
7/4/2016,CI,0,0,0,0,10,0,0.94411169,500,0,-1.67737403,34.26454267,20.16696551,0.253313144,0.232101671,361.58766,1.212455292,-1.788341053,65.58731276,0.083925901,0.421022741,-0.012122463
7/5/2016,CI,0,0,0,0,0,0,0.610185185,475,0,-1.665577586,34.28593376,26.71070648,0.24762944,0.232011681,360.3535207,4.236844822,-1.783005054,71.29389503,0.206057043,0.479699789,-0.011427797
7/6/2016,CI,0,0,0,40,0,0,0.57974537,590,0,-1.660309446,34.3057332,41.18996599,0.239591544,0.134985814,358.7362349,3.181237117,-1.774294958,75.59965889,0.334594939,0.4926512,-0.01337957
7/7/2016,CI,0,0,0,0,0,0,0.250137442,425,0,-1.656920184,34.31647143,53.61373445,0.231332907,0.138418352,357.4217851,2.255683237,-1.768524876,76.68391897,0.381464544,0.500593595,-0.01545042
7/8/2016,CI,0,0,0,0,15,0,2.323430266,335,0,-1.657843697,34.32411042,18.95374076,0.229346503,0.187319618,357.3447028,1.776394895,-1.755398125,76.82513857,0.39613973,0.50572582,-0.016552631
7/9/2016,CI,0,0,0,0,10,0,3.104361979,1155,0,-1.65498216,34.33075439,2.16211472,0.230260621,0.197512664,357.5696089,2.549666533,-1.751445882,76.59388021,0.37168796,0.507123797,-0.017928718
7/10/2016,CI,0,0,0,0,10,0,3.59437934,850,125,-1.641575252,34.34014705,2.195922622,0.232388385,0.232942314,357.7695465,1.776393935,-1.752973705,78.75576576,0.363294184,0.510829614,-0.01943504
7/11/2016,CI,0,0,0,0,0,0,4.867947049,1130,140,-1.62711744,34.34971974,6.947840025,0.234203382,0.174604259,357.8691983,0.976716316,-1.754488256,80.43333653,0.369534367,0.517966396,-0.020805499
7/12/2016,CI,0,0,0,0,10,0,1.855266204,675,0,-1.61952458,34.3577855,9.197520492,0.232627335,0.075119222,357.8338776,0.265915781,-1.777841557,79.70354571,0.323847827,0.514829245,-0.020875067
7/13/2016,CI,0,0,0,0,25,0,4.619762731,845,0,-1.63097983,34.35959585,2.052440385,0.230956511,0.19164212,357.808331,0.431224209,-1.798971354,72.94777099,0.228864179,0.496579746,-0.021221294
7/14/2016,CI,0,0,0,0,10,0,3.818315972,1300,100,-1.61884673,34.36830601,1.176001682,0.2321384,0.266783353,357.7309909,1.225792984,-1.801378715,77.49616647,0.265545389,0.509370036,-0.023226072
7/15/2016,CI,0,0,0,0,10,0,2.315574363,1165,90,-1.629069106,34.37120613,1.648122449,0.232533904,0.239263104,357.5778436,1.946296885,-1.788198888,73.90123765,0.303363699,0.519994649,-0.023432806
7/16/2016,CI,0,0,0,0,10,0,1.845876736,1255,95,-1.641852763,34.37074159,3.021877126,0.232026138,0.240641505,357.5404917,0.8078674,-1.774660801,67.02509513,0.313855385,0.515464259,-0.024154587
7/17/2016,CI,0,0,0,0,445,35,1.786762153,105,0,-1.654572728,34.36670384,9.822615286,0.231691298,0.260553314,357.6318512,0.752936365,-1.762009839,58.1273376,0.227411231,0.414677356,-0.024841817
7/18/2016,CI,0,0,0,200,10,0,2.000665509,5,0,-1.645546827,34.36531031,25.5023742,0.230053196,0.167644605,357.900528,0.910689583,-1.769664105,56.71419804,0.08447118,0.198074664,-0.025424918
7/19/2016,CI,0,0,0,0,0,0,2.475585938,40,0,-1.618387249,34.3641161,20.10147933,0.229745732,0.327698213,358.4353146,0.385400394,-1.791463042,56.30949595,0.024107615,0.0759081,-0.026930529
7/20/2016,CI,0,0,0,0,5,0,1.003146701,90,0,-1.589935654,34.36526281,16.17771367,0.230214182,0.176594972,359.1529388,0.172579055,-1.792067725,56.09150682,0.001859722,0.01106296,-0.028827995
7/21/2016,CI,0,0,0,75,10,0,0.30870209,700,0,-1.558222185,34.36762273,24.55030603,0.226791667,0.168878362,359.8057709,0.255713236,-1.789027247,55.9493396,0,0,-0.029111611
7/22/2016,CI,0,0,0,10,15,0,0.531061921,1020,0,-1.566729461,34.37487319,14.70504473,0.228035589,0.478203252,360.1618788,0.471115923,-1.795953625,58.15577117,0.010530307,0.178585408,-0.029798381
7/23/2016,CI,0,0,0,0,5,0,1.675282118,280,165,-1.588552651,34.39103317,5.123847711,0.233657643,0.467228123,360.3815545,0.603384294,-1.786272998,64.21966666,0.041090045,0.434334309,-0.030137678
7/24/2016,CI,0,0,0,0,5,0,1.117122396,510,0,-1.592078396,34.41075705,7.716162335,0.238290211,0.449677765,360.1716529,0.115620665,-1.777847238,71.67300742,0.104114795,0.484523986,-0.030691247
7/25/2016,CI,0,0,0,0,0,0,1.027394387,415,0,-1.592819941,34.42510671,6.039074389,0.237092721,0.339437329,359.0401187,0.426670222,-1.780550306,77.09809954,0.151999237,0.484675631,-0.031163847
7/26/2016,CI,0,0,0,0,5,0,1.424348958,750,0,-1.582515678,34.44000564,8.06022809,0.235425635,0.396093234,357.9965803,0.215727062,-1.783895969,82.24738734,0.219751987,0.48661858,-0.032162339
7/27/2016,CI,0,0,0,0,5,0,0.63323206,635,0,-1.597460274,34.44397681,8.747420666,0.236240624,0.343977943,357.5743018,0.831110317,-1.805787791,79.56611804,0.235314058,0.471890082,-0.032711788
7/28/2016,CI,0,0,0,0,0,0,3.704007523,1405,0,-1.6336048,34.43393041,14.32447274,0.238395218,0.341637715,357.7516886,0.456196972,-1.811518065,61.14127768,0.191251064,0.41500434,-0.031506894
7/29/2016,CI,0,0,0,0,0,0,3.369364873,1320,0,-1.656642675,34.42847125,5.454042189,0.242293059,0.332278575,358.296697,0.206430155,-1.804265657,55.33233529,0.133770115,0.333035602,-0.031350865
7/30/2016,CI,0,0,0,0,0,0,2.317303241,1220,0,-1.662019994,34.42970337,4.947290402,0.249014414,0.45143811,358.7669203,0.178417052,-1.801975811,56.74642237,0.103276485,0.324183341,-0.029811791
7/31/2016,CI,0,0,0,0,0,0,1.07316985,1235,0,-1.650446475,34.4396454,3.253806742,0.25746117,0.546785851,358.9728394,0.317401528,-1.786356401,66.47538272,0.150649599,0.428567069,-0.028319471
8/1/2016,CI,0,0,0,0,0,0,0.314822049,260,0,-1.620748357,34.44365439,36.83171984,0.24952955,0.399103034,356.9300808,0.217389117,-1.796594321,74.13060066,0.129865499,0.314795581,-0.02679408
8/2/2016,CI,0,0,0,0,5,0,0.068713831,0,0,-1.605135015,34.44538868,25.9189614,0.242172823,0.389655368,355.2325728,0.248213704,-1.801956863,79.97461115,0.168067422,0.338774411,-0.026210028
8/3/2016,CI,0,0,0,0,15,0,0.028168403,80,0,-1.617568368,34.44933139,2.549167683,0.242459438,0.171311597,355.2515123,0.107242149,-1.796270182,81.13374587,0.234026026,0.38043881,-0.025661185
8/4/2016,CI,0,0,0,0,0,0,0.495768229,85,0,-1.629883434,34.44495266,4.99784251,0.243389205,0.208048306,355.8352237,0.288969842,-1.786820818,78.5690536,0.147175986,0.236532665,-0.02627963
8/5/2016,CI,0,0,0,0,0,0,4.421325231,845,70,-1.63117545,34.45038337,17.39994054,0.24722642,0.22633644,356.4991692,0.293564026,-1.767124056,80.48641229,0.200402114,0.395712282,-0.025610205
8/6/2016,CI,0,0,0,25,10,0,0.818663194,1410,415,-1.643449579,34.44655443,5.144869671,0.256107243,0.587151282,357.2461616,0.163552396,-1.766212298,66.75592548,0.151815518,0.304727317,-0.026316882
8/7/2016,CI,0,0,0,0,5,0,0.259360532,1410,0,-1.619360809,34.44528445,16.86655575,0.265524941,0.515950306,358.0014275,0.339063367,-1.771881909,69.54713729,0.066857335,0.168498504,-0.026848963
8/8/2016,CI,10,0,0,5,5,0,1.653595197,1035,0,-1.596245598,34.44626063,13.90935322,0.271396057,0.852717991,358.2107239,0.32015819,-1.780984388,71.66542563,0.006812065,0.034614665,-0.025934468
8/9/2016,CI,0,0,0,0,0,0,0.997844329,670,0,-1.595604141,34.43942713,3.307604697,0.280400851,0.677115699,358.8446689,1.320941066,-1.782491362,65.22526107,0.006299181,0.054544727,-0.025986008
8/10/2016,CI,0,0,0,0,0,0,0.358123553,395,0,-1.602851238,34.44994738,27.7966795,0.284572609,0.844866923,358.5827332,0.616032483,-1.792825947,72.05685839,0.053906635,0.408403054,-0.026399284
8/11/2016,CI,0,0,0,20,5,0,0.620435475,335,0,-1.58681026,34.46983155,21.5038625,0.281197242,0.740662012,356.7942403,0.035567626,-1.790048954,84.8897974,0.13272803,0.456142721,-0.026603178
8/12/2016,CI,0,0,0,0,5,0,1.27437066,1030,0,-1.584421851,34.48093009,33.7009821,0.286937012,0.604471586,356.2161628,0.030459717,-1.778338187,90.22390231,0.193645867,0.482993324,-0.027689247
8/13/2016,CI,0,0,0,0,0,0,0.624479167,605,0,-1.562448528,34.49688121,53.28250291,0.289192879,0.35800305,355.3707699,0.584289562,-1.765740296,101.4787881,0.349220603,0.507351262,-0.028084714
8/14/2016,CI,0,0,0,0,0,0,0.348791956,170,0,-1.553581859,34.50547769,55.34893168,0.283572437,0.214158059,354.16067,1.606775344,-1.760427048,108.6876015,0.536583401,0.532112012,-0.028287154
8/15/2016,CI,0,0,0,0,10,0,0.942664931,70,100,-1.582684005,34.50316497,43.39537532,0.280493969,0.304902376,353.5646345,0.705977212,-1.764570737,104.4150098,0.686149686,0.581192789,-0.029263058
8/16/2016,CI,0,0,0,0,10,0,0.897786458,430,0,-1.613396616,34.50005639,56.41789575,0.282972602,0.342795335,353.490409,0.601450931,-1.770314284,96.43944232,0.773193071,0.720279476,-0.027766086
8/17/2016,CI,0,0,0,0,5,0,0.059280961,960,0,-1.641179462,34.49730791,23.57634317,0.286052361,0.439525059,353.1643694,0.264362155,-1.770452661,87.69712135,0.793264204,0.866123828,-0.026957442
8/18/2016,CI,0,0,0,0,15,10,0.355765336,0,445,-1.657557094,34.49566828,14.80785303,0.289595386,0.455891361,352.5849711,0.157714646,-1.773314954,82.6909482,0.787479905,0.929667723,-0.0265061
8/19/2016,CI,0,0,0,0,5,20,1.212333623,75,1185,-1.660009188,34.49616111,17.77166489,0.292342278,0.445334276,351.9695265,0.152836337,-1.777680426,81.59626261,0.780933825,0.970744498,-0.02692277
8/20/2016,CI,0,0,0,0,10,30,0.890147569,390,510,-1.656692714,34.49943088,31.57975264,0.290021684,0.401613974,350.8340827,0.129512351,-1.778931493,84.17706687,0.799804834,1.022483801,-0.02720889
8/21/2016,CI,0,0,0,0,10,0,0.700405093,595,250,-1.655305163,34.50214151,21.88868708,0.282741288,0.384522775,349.0111491,0.494196257,-1.768795943,85.42813625,0.822400376,1.04753836,-0.026648129
8/22/2016,CI,0,0,0,0,5,0,0.437550637,345,210,-1.672237821,34.50051138,9.208152536,0.278108545,0.383331374,347.6044176,0.354752329,-1.759409126,78.7282805,0.821612774,1.040733297,-0.028785397
8/23/2016,CI,0,0,0,0,215,0,0.345500579,0,0,-1.677496863,34.49797132,32.82885736,0.277819521,0.410182474,346.9548187,0.339063367,-1.763691197,74.00833702,0.835406525,1.030122902,-0.028897208
8/24/2016,CI,0,0,0,0,0,0,0.326157407,175,165,-1.679302947,34.49415183,27.09350217,0.278952622,0.479995193,346.541726,0.204727475,-1.758252841,69.93003997,0.840185226,1.035146136,-0.027844894
8/25/2016,CI,0,0,0,0,0,0,1.638671875,1220,185,-1.689811933,34.4932894,5.447671416,0.279741307,0.510927242,346.0246701,0.680747609,-1.765241767,65.81098921,0.838344402,1.030549405,-0.027349705
8/26/2016,CI,0,0,0,0,5,25,1.109006076,580,120,-1.706212313,34.49099587,4.880711624,0.280678516,0.643288645,345.6914181,1.224996486,-1.77524274,61.10715782,0.842901566,1.025554607,-0.02768314
8/27/2016,CI,0,0,0,0,0,0,1.778913484,725,835,-1.715743188,34.48907191,12.88530229,0.284068088,0.818831057,345.4553036,2.148334472,-1.782425013,58.2761393,0.848227374,0.995040833,-0.028080101
8/28/2016,CI,0,0,0,0,5,0,2.098640046,1170,590,-1.729618686,34.4845795,8.89902382,0.290012543,0.843260644,345.568044,1.994120487,-1.791046023,52.94961657,0.858461975,0.974587747,-0.027531122
8/29/2016,CI,0,0,0,0,10,0,2.358564815,430,0,-1.732148114,34.47647618,23.7096694,0.29331523,0.523050668,345.7415975,2.345695627,-1.800756968,44.52385367,0.821026568,0.910873254,-0.027538822
8/30/2016,CI,0,0,0,0,95,0,0.921129919,0,0,-1.745336666,34.46268605,20.31962457,0.299480572,1.058991296,347.0979886,1.478992809,-1.797119392,39.78874588,0.716324861,0.731321108,-0.028187509
8/31/2016,CI,0,0,0,0,75,0,0.859230324,0,0,-1.764098154,34.45871491,17.31834547,0.319961258,1.853515373,348.7704213,1.587842585,-1.799676502,40.44745273,0.721014477,0.66860178,-0.028037258
9/1/2016,CI,0,0,0,0,5,15,0.290704572,0,70,-1.767956002,34.46432592,25.90731114,0.343187425,2.130172753,349.1512705,3.431342927,-1.79870787,45.01196058,0.845736611,0.762398808,-0.026541065
9/2/2016,CI,0,0,0,0,5,20,0.524406829,95,815,-1.778815281,34.46361513,8.940890847,0.364369909,2.116141184,349.2801378,3.76198679,-1.803327351,46.11801949,0.880847587,0.789140412,-0.02624363
9/3/2016,CI,0,0,0,0,15,0,1.62301794,300,0,-1.788810186,34.45959665,9.984611489,0.384939084,1.84401984,349.4902191,5.35001672,-1.806292004,45.33799668,0.90959114,0.790983844,-0.025847247
9/4/2016,CI,0,0,0,0,10,0,1.711270255,0,0,-1.785270795,34.4512844,15.22017764,0.385314561,1.018660446,349.5150028,5.226953526,-1.812319887,46.49428779,0.900210729,0.712033788,-0.025937168
9/5/2016,CI,0,0,0,0,75,0,1.617621528,40,0,-1.769248013,34.4371527,23.33478684,0.367285826,1.519664907,348.7712538,3.934415888,-1.825380291,51.31090509,0.804977341,0.539604211,-0.026629662
9/6/2016,CI,0,0,0,0,300,0,1.998560475,0,0,-1.77783717,34.4256085,7.215839017,0.383626506,1.491748773,349.845737,4.018469566,-1.814327281,51.81701956,0.712851249,0.439570791,-0.026110679
9/7/2016,CI,0,0,0,10,410,0,0.925817419,0,0,-1.790980224,34.41126822,14.30662496,0.419221151,2.18234894,351.5700565,4.902796056,-1.790731355,47.82970985,0.594223577,0.362587377,-0.027207815
9/8/2016,CI,0,0,0,0,10,0,1.325875289,0,0,-1.801712124,34.39861499,3.442747524,0.465968364,2.787491878,353.0027584,5.395056197,-1.801863975,45.73606399,0.439694241,0.32543915,-0.027391399
9/9/2016,CI,0,0,0,0,100,0,0.946223958,110,0,-1.806452535,34.40229255,4.824501561,0.514169176,3.252274791,354.0212928,5.124358963,-1.816865436,52.16011583,0.327846747,0.351721081,-0.027130286
9/10/2016,CI,0,0,0,5,25,0,0.990219907,105,0,-1.795174721,34.40777105,14.27990458,0.544181615,3.043330484,354.2945658,3.622541923,-1.82595275,57.79656257,0.283323369,0.396532111,-0.027342933
9/11/2016,CI,0,0,0,0,0,0,0.904940683,0,0,-1.787873024,34.41020714,8.965900385,0.580474557,2.85675482,355.0834825,4.174520371,-1.833904624,59.57459745,0.336264452,0.439930948,-0.027590731
9/12/2016,CI,0,0,0,0,0,0,1.238585069,0,0,-1.798968869,34.39791432,14.28597572,0.625599043,2.796012547,356.2280206,5.124357824,-1.83376056,56.27063713,0.287910623,0.405772964,-0.027910661
9/13/2016,CI,0,0,0,0,0,0,1.116073495,50,0,-1.814127283,34.37976375,1.48477567,0.686634266,3.792343669,357.5766415,4.668946637,-1.820296403,40.25979209,0.253008869,0.376496046,-0.027762421
9/14/2016,CI,0,0,0,0,0,0,1.626453993,60,405,-1.815246419,34.37052306,21.01286893,0.746044974,2.454503463,358.8040348,3.936349131,-1.805567899,40.84552006,0.156430345,0.313696157,-0.028680345
9/15/2016,CI,0,0,0,0,5,0,1.028559028,10,965,-1.81554667,34.36225856,8.98907556,0.787276003,2.958817032,359.9450836,4.076022786,-1.80440024,42.59227832,0.122771841,0.266165001,-0.028292169
9/16/2016,CI,0,0,0,0,0,0,0.595261863,15,930,-1.812257499,34.35965219,4.484893297,0.829932004,3.140955249,360.7453206,4.519151508,-1.789882145,49.29971618,0.097415414,0.266634151,-0.027819592
9/17/2016,CI,0,0,0,0,5,0,0.738563368,5,140,-1.808472448,34.35176674,1.134365013,0.879280534,3.795946373,361.4496765,3.725135973,-1.780296298,44.80439645,0.047030255,0.14952648,-0.027313491
9/18/2016,CI,0,0,0,0,15,0,0.839279514,260,595,-1.784424621,34.34918888,20.68593208,0.89693237,2.898141185,361.5669674,3.197723535,-1.79043375,50.17925598,0.020910392,0.070031449,-0.027622338
9/19/2016,CI,0,0,0,0,0,0,0.895341435,480,505,-1.757542546,34.3469048,1.677171173,0.938629938,4.83971715,362.2021061,1.704881431,-1.779771228,52.28427496,0.013346398,0.061482476,-0.026497734
9/20/2016,CI,0,0,0,10,0,0,0.654441551,505,820,-1.739549903,34.34125602,10.39578863,0.985243969,2.106116176,362.8949398,1.830109348,-1.780766406,50.71190823,0.002120657,0.007027787,-0.027292774
9/21/2016,CI,0,0,0,0,5,0,1.115502025,1005,990,-1.720529099,34.33745556,0.167635759,1.027307587,4.646989822,363.4778781,2.508004941,-1.782212716,50.07594803,0.005869891,0.017646589,-0.028479562
9/22/2016,CI,0,0,0,0,0,0,0.895515046,1010,310,-1.696626851,34.336669,11.46961602,1.100123578,5.117604733,364.1635573,2.265738178,-1.771510383,51.32606952,0.0018676,0.005000723,-0.026836557
9/23/2016,CI,0,0,0,0,5,0,0.801229745,960,150,-1.686618296,34.33810975,5.031389952,1.138619403,4.463261644,364.4754859,1.478992809,-1.753477921,55.76641801,0.007985756,0.095697326,-0.027121287
9/24/2016,CI,0,0,0,0,5,0,1.679506655,585,385,-1.646902529,34.33873543,21.74950371,1.181636999,6.833939075,364.4524095,1.624924735,-1.757212176,58.19178661,0,0,-0.02699368
9/25/2016,CI,0,0,0,0,0,0,2.407978877,1075,710,-1.588056778,34.33927579,13.25349772,1.251512137,5.58473142,364.775689,2.317033731,-1.763531969,59.72434652,0,0,-0.026075064
9/26/2016,CI,0,0,0,0,0,0,1.972019676,850,195,-1.559859951,34.33558899,11.29151384,1.299928864,3.315703511,365.1374291,3.349452222,-1.758482202,56.97957621,0,0,-0.025759125
9/27/2016,CI,0,0,0,0,10,0,1.057877604,340,1055,-1.53764096,34.33186423,2.281354066,1.356175072,5.449968497,365.5347256,2.569193247,-1.768727699,53.72963912,0,0,-0.025776523
9/28/2016,CI,0,0,0,0,0,0,1.345232928,935,685,-1.51114104,34.33139033,1.58669365,1.469017473,7.914538754,366.1827257,2.123902394,-1.774003043,53.61685329,0.000173401,0,-0.025092463
9/29/2016,CI,0,0,0,0,0,0,0.705852141,505,505,-1.486005913,34.33170314,4.644440229,1.585207264,7.441779031,366.8655056,2.156888402,-1.77270079,54.34569595,0,0,-0.025357386
9/30/2016,CI,10,0,0,0,0,0,0.444292535,330,940,-1.458122993,34.33186426,5.246772797,1.65833954,6.872504791,367.2587789,2.542923355,-1.769878307,55.79390352,0,0,-0.02565061
10/1/2016,CI,65,0,0,0,10,0,0.570753762,130,5,-1.426518705,34.33405363,15.7383051,1.695396635,8.061668634,367.2046814,2.887783967,-1.767349632,59.23244881,0,0,-0.026097472
10/2/2016,CI,40,0,0,0,0,0,0.511689815,250,0,-1.389282333,34.33519098,2.574871918,1.798412104,8.709464974,367.6521725,2.056227697,-1.766236938,60.05701733,0,0,-0.025339233
10/3/2016,CI,105,0,0,0,10,0,1.060315394,450,0,-1.351609223,34.334954,0.826880405,1.919181996,7.705696901,368.1839939,2.661894606,-1.763535768,58.50550159,0,0,-0.024996346
10/4/2016,CI,95,0,0,0,5,0,1.482204861,150,0,-1.329877012,34.33281194,6.661208534,2.000176138,5.99841698,368.4824965,1.439750136,-1.76437549,56.33034684,0,0,-0.025068437
10/5/2016,CI,35,0,0,0,5,0,0.985951968,475,0,-1.31132024,34.33305835,7.167555228,2.105950124,11.99046209,368.9336463,1.583748051,-1.779566508,57.55582621,0,0,-0.025264551
10/6/2016,CI,0,0,0,0,0,0,1.981271701,565,0,-1.27866506,34.33320042,3.547410238,2.271224658,13.01539776,369.7740072,1.320778884,-1.789838549,58.42778378,0,0,-0.025530727
10/7/2016,CI,55,0,0,0,0,0,2.438107639,990,0,-1.25863885,34.33245167,2.105892572,2.427854339,11.33953889,370.5538364,1.439750136,-1.78037023,57.18050546,0,0,-0.024537258
10/8/2016,CI,125,0,0,0,5,0,2.776989294,905,70,-1.227016363,34.33180713,2.083340852,2.603767554,14.5664542,371.4749519,0.732503617,-1.768511609,55.7768435,0,0,-0.024578176
10/9/2016,CI,105,0,0,0,0,0,4.768836806,520,0,-1.222153116,34.3296841,20.03720747,2.763346314,11.8364173,372.3898197,0.265915781,-1.765823704,54.44047402,0,0,-0.024450343
10/10/2016,CI,150,0,0,0,0,0,6.578125,180,165,-1.168411727,34.32544753,6.49446911,2.915302555,16.98840221,373.3593767,0.66266679,-1.773023041,48.27421826,0,0,-0.023871813
10/11/2016,CI,40,0,0,0,0,0,3.431886574,345,0,-1.12653958,34.31853791,10.9260065,3.149391121,25.4559056,374.9596914,0.732503617,-1.778141048,39.26936219,0,0,-0.025000077
10/12/2016,CI,175,0,0,0,0,0,3.053233507,385,15,-1.113223652,34.3155523,7.147994042,3.317321022,27.66978296,376.2398817,0.689166407,-1.785414318,40.88153571,0,0,-0.025603661
10/13/2016,CI,75,0,0,0,0,0,2.708506944,395,0,-1.112491208,34.31060488,21.25861484,3.36102883,18.21108156,376.4889645,0.209051737,-1.780027132,41.97622136,0,0,-0.025955673
10/14/2016,CI,0,0,0,0,0,0,0.837102141,395,0,-1.090595214,34.30232108,9.429422815,3.493577003,30.33528095,377.5018921,0.719530831,-1.775242737,35.88199695,0,0,-0.025074491
10/15/2016,CI,0,0,0,0,10,0,2.388122106,600,40,-1.08918037,34.30334473,6.207714778,3.680023379,32.37596607,379.2479435,0.835096725,-1.779045231,38.18794542,0,0,-0.025976576
10/16/2016,CI,0,0,0,0,0,0,2.221498843,75,60,-1.126707901,34.30506018,9.262043725,3.726559016,28.91132927,379.8563639,0.515128386,-1.776859654,42.26055536,0.000576991,0.001366975,-0.025471378
10/17/2016,CI,0,0,0,0,0,0,3.038064236,195,0,-1.176700628,34.30913582,23.05543046,3.613621804,28.05212021,379.3036126,0.348955118,-1.76749369,47.26767622,0.002826753,0.031025572,-0.024389489
10/18/2016,CI,0,0,0,0,0,0,0.773314526,75,0,-1.189834588,34.31066181,0.043866766,3.616005924,15.81815725,379.3545464,0.403102981,-1.765501464,49.75559817,0.003467689,0.021116534,-0.025432613
10/19/2016,CI,0,0,0,0,0,0,0.700954861,295,0,-1.178911607,34.31024464,3.391200355,3.388074968,7.09156492,377.8337945,0.584411166,-1.769131461,51.21897029,0,0,-0.02578526
10/20/2016,CI,0,0,0,0,10,0,0.122670718,700,70,-1.15497752,34.31238672,13.47211412,3.181490872,14.04692252,375.8537292,0.905163868,-1.782030739,54.46985524,0,0,-0.02633204
10/21/2016,CI,0,0,0,0,20,0,0.066652199,610,160,-1.128732362,34.31615882,8.455805866,3.2105164,19.5277621,375.2023265,0.730571714,-1.796385814,57.43545802,0,0,-0.026719414
10/22/2016,CI,0,0,0,0,25,0,0.471028646,225,0,-1.124938208,34.31934338,24.3169084,3.296018932,19.49976672,375.3411475,0.983419492,-1.799577934,58.93674147,0.000671943,0.002061338,-0.028034503
10/23/2016,CI,0,0,0,0,5,0,0.060257523,205,0,-1.112227344,34.32078396,5.387987127,3.347322053,18.04678313,375.9210765,1.587842585,-1.789472704,58.86755356,0.000254899,3.46801243722439e-05,-0.027568522
10/24/2016,CI,0,0,0,0,5,0,0.569929109,200,0,-1.074749859,34.32269849,3.917904928,3.293355412,12.62967454,375.906389,1.83443361,-1.78277948,58.41546262,0,0,-0.027585464
10/25/2016,CI,0,0,0,0,5,0,1.090943287,205,0,-1.039933734,34.3285558,7.435947868,3.17626014,16.01160765,374.8147515,1.852514616,-1.788752395,61.58483832,0,0,-0.029064889
10/26/2016,CI,0,0,0,0,0,0,0.525390625,240,0,-1.016954999,34.33319985,18.82383351,3.138244867,18.06682152,374.4486321,1.279374077,-1.786830298,62.79610081,0,0,-0.02850424
10/27/2016,CI,0,0,0,0,0,0,0.17515191,60,0,-0.99047783,34.33450775,5.058417147,3.088508712,15.12225702,374.7720422,1.320778884,-1.77431392,61.35168457,0,0,-0.028847594
10/28/2016,CI,0,0,0,0,0,0,1.459910301,200,145,-0.922829095,34.33456464,20.77480161,3.044867635,22.56150119,375.5356021,1.587842585,-1.769194006,58.00412626,0,0,-0.028401429
10/29/2016,CI,0,0,0,0,0,0,2.751685475,300,0,-0.720510713,34.33054615,16.92488937,3.021055063,28.29954433,376.9300622,1.719097441,-1.771328415,32.64532897,0,0,-0.028257082
10/30/2016,CI,0,0,0,0,5,0,3.407711227,410,0,-0.777582219,34.33162661,9.683577195,2.961051027,22.85123528,377.484197,2.143915616,-1.781558745,37.11884975,0,0,-0.027578382
10/31/2016,CI,0,0,0,0,5,0,0.950752315,255,0,-0.79496981,34.33282077,24.34579812,2.887599879,26.58865484,377.3164775,1.616274605,-1.791445985,48.55570894,0,0,-0.027051007
11/1/2016,CI,0,0,0,0,0,0,1.245095486,80,0,-0.770339667,34.3332947,14.74091707,2.787482619,17.9114142,376.5081007,1.309968229,-1.808073835,50.5763756,0,0,-0.02771477
11/2/2016,CI,0,0,0,0,0,0,2.249189815,400,205,-0.77328764,34.33597683,9.051492545,2.678528415,12.38010232,375.2283393,1.490357962,-1.809893569,56.15405979,0,0,-0.027585297
11/3/2016,CI,0,0,0,0,0,0,3.459823495,560,105,-0.756063826,34.33363586,20.00223605,2.558342616,9.51814376,374.0867971,1.099768569,-1.805057995,54.78925714,0,0,-0.026813805
11/4/2016,CI,0,0,0,0,0,0,3.122815394,880,0,-0.724978165,34.33392019,1.876698257,2.56342062,20.00720204,374.0734456,1.587842585,-1.802980461,53.5988456,0,0,-0.026786226
11/5/2016,CI,0,0,0,0,0,0,2.056503183,425,0,-0.666437218,34.33208155,7.961405064,2.571861512,19.04512299,374.5862851,1.478992809,-1.807226514,50.50813536,0,0,-0.027481867
11/6/2016,CI,0,0,0,0,0,0,1.021448206,305,200,-0.649290746,34.33383491,2.755226392,2.514374355,19.84172773,374.8434804,1.824082408,-1.804396448,54.1542442,0,0,-0.026395581
11/7/2016,CI,0,0,0,0,0,0,2.552596933,455,0,-0.629619388,34.33331368,1.554858929,2.467355602,19.49280665,375.0437893,1.949310325,-1.80188104,55.96071271,0,0,-0.02730144
11/8/2016,CI,0,0,0,0,20,0,1.026801215,325,0,-0.605958256,34.33204362,4.953593062,2.410169469,20.21068901,375.3882429,2.210117361,-1.791343622,56.77675101,0,0,-0.027594612
11/9/2016,CI,0,0,0,0,5,0,0.791160301,655,0,-0.531298987,34.32881176,37.63221831,2.340014325,24.34384431,376.2230462,2.468073086,-1.784381232,52.18191469,0,0,-0.026866724
11/10/2016,CI,0,0,0,0,0,0,0.509375,345,115,-0.497570158,34.32562727,71.21553996,2.253996743,22.95898618,377.0119595,2.104443215,-1.780664043,51.13272239,0,0,-0.028419653
11/11/2016,CI,0,0,0,0,5,0,3.687282986,205,0,-0.450070468,34.32361802,51.20071967,2.17885032,22.06354062,377.4169006,3.090807315,-1.776196207,48.60973257,0,0,-0.027490551
11/12/2016,CI,45,0,0,0,5,0,2.703472222,785,0,-0.432864852,34.32128641,45.33123598,2.109667116,19.55533351,377.4661916,2.224333371,-1.765791478,48.87416315,0,0,-0.028650108
11/13/2016,CI,85,10,0,0,0,0,2.264916088,370,0,-0.452013036,34.32012072,35.04676305,2.03931829,19.27138789,376.6135474,3.126739228,-1.755932672,53.41213261,0,0,-0.028193763
11/14/2016,CI,15,10,0,0,0,0,1.916876447,1210,0,-0.431049663,34.31834838,51.78016022,2.000951681,17.38368818,376.3563487,3.245940205,-1.744733703,54.28598552,0,0,-0.028414268
11/15/2016,CI,0,15,0,0,0,0,1.942809606,950,0,-0.4204042,34.31709726,39.9872834,1.947438339,16.28420136,376.3560401,2.872648311,-1.747324943,55.1873242,0,0,-0.028342531
11/16/2016,CI,30,5,0,0,0,0,0.76655816,895,0,-0.398535509,34.31699291,18.04558156,1.897738463,17.09630436,376.2805515,2.301899816,-1.751737803,55.77210442,0,0,-0.028054768
11/17/2016,CI,35,0,0,0,0,0,0.087876157,370,30,-0.354097527,34.31799755,13.28520364,1.851233714,17.94396898,376.4902903,1.655057828,-1.75159753,55.73798439,0,0,-0.027663227
11/18/2016,CI,60,0,0,0,0,0,0.060300926,110,90,-0.266181471,34.31865147,20.80302519,1.799951143,20.74860186,377.2130449,1.400831779,-1.757107919,49.63996904,0,0,-0.028298229
11/19/2016,CI,0,0,0,0,0,0,0.02124566,405,415,-0.169808189,34.31831031,32.52742337,1.733655148,25.23488045,378.2742276,2.280278508,-1.76041757,39.91669578,0,0,-0.026927842
11/20/2016,CI,55,0,0,0,0,0,0.114185475,415,375,-0.090117348,34.31856622,11.76526535,1.688738876,25.01305464,379.1234758,2.69828597,-1.759318139,32.42923513,0,0,-0.026930102
11/21/2016,CI,40,0,0,0,0,0,0.80062934,310,240,-0.115125086,34.31432016,9.430153812,1.7014535,14.48010349,378.4490119,1.994120487,-1.762214556,30.1119133,0,0,-0.026050853
11/22/2016,CI,15,0,0,0,0,0,1.425998264,430,310,-0.131288902,34.31653803,37.18002044,1.706133637,19.57029412,377.3518728,2.938850055,-1.769620508,42.27192878,0,0,-0.023851962
11/23/2016,CI,20,0,0,0,0,0,1.013237847,355,1035,-0.119037522,34.31441493,22.9917445,1.684076571,9.946429332,376.1416406,3.105023326,-1.764868339,43.13251292,0,0,-0.023876677
11/24/2016,CI,0,0,0,0,0,0,1.536443866,775,880,-0.126139046,34.31478465,5.826385212,1.648953196,10.91588537,374.620636,2.224334123,-1.781941646,48.33961548,0,0,-0.023109777
11/25/2016,CI,50,0,0,0,0,25,1.412782118,875,1360,-0.10644039,34.31552413,1.184376199,1.694569237,16.62349065,373.5853729,2.935998745,-1.784722432,51.25688156,0,0,-0.023286476
11/26/2016,CI,60,0,0,0,0,0,4.067845775,1110,1340,-0.058144565,34.31490812,6.755261537,1.706916915,17.12537638,373.1507382,2.872648311,-1.778470878,50.48823224,0,0,-0.022461107
11/27/2016,CI,50,0,0,0,0,0,3.577126736,1335,1440,-0.019088455,34.30833056,6.692931504,1.670820309,12.55923955,372.7516547,4.003564374,-1.761592813,40.32992787,0,0,-0.022365289
11/28/2016,CI,120,5,0,0,0,0,3.11036603,1420,1185,0.110995459,34.30125991,7.43169073,1.6537282,19.65357171,372.5991618,4.370829328,-1.75191409,22.5922281,0,0,-0.021829637
11/29/2016,CI,485,0,0,0,0,0,3.075976563,1405,435,0.278170168,34.29655878,28.44502713,1.631777114,23.67802482,373.0907966,4.210682998,-1.750357837,14.90762922,0,0,-0.022899676
11/30/2016,CI,370,0,0,0,0,0,2.945095486,1420,0,0.18619155,34.29590462,25.27590379,1.642089066,15.84412596,372.2906901,4.003564374,-1.749749356,21.86622878,0,0,-0.023325577
12/1/2016,CI,85,0,0,0,0,0,1.990767045,1050,605,0.215179964,34.29410361,3.384027834,1.637624198,19.70595577,371.3370497,3.613894338,-1.758442397,24.87922086,0,0,-0.024908874
12/2/2016,CI,5,0,0,0,0,0,,220,290,0.416966074,34.28691904,10.67375695,1.609864526,25.14396837,371.8116438,3.94237607,-1.75647291,15.59192627,0,0,-0.025368783
